label,x0,y0,z0,x1,y1,z1,x2,y2,z2,x3,y3,z3,x4,y4,z4,x5,y5,z5,x6,y6,z6,x7,y7,z7,x8,y8,z8,x9,y9,z9,x10,y10,z10,x11,y11,z11,x12,y12,z12,x13,y13,z13,x14,y14,z14,x15,y15,z15,x16,y16,z16,x17,y17,z17,x18,y18,z18,x19,y19,z19,x20,y20,z20
A,0.0,0.0,0.0,-0.06841593980789185,-0.02935248613357544,-0.047996447949003596,-0.13034021854400635,-0.11453491449356079,-0.06585029658515396,-0.16033989191055298,-0.21343272924423218,-0.08081922826011123,-0.17917388677597046,-0.28962910175323486,-0.08456598368127288,-0.11199173331260681,-0.22974437475204468,-0.005387874381881375,-0.11480218172073364,-0.30714738368988037,-0.05071341392238082,-0.09436014294624329,-0.22657683491706848,-0.0661650538130516,-0.0871424674987793,-0.19065767526626587,-0.06802991178471984,-0.06149405241012573,-0.23550578951835632,0.0017566575517093952,-0.05543053150177002,-0.3087264895439148,-0.04548919719297828,-0.047673970460891724,-0.20199525356292725,-0.04839626473028602,-0.05939403176307678,-0.19642788171768188,-0.03658859577615203,-0.014245003461837769,-0.23213624954223633,-0.0029498423135692065,-0.002609461545944214,-0.28872600197792053,-0.0523197553737873,-0.005415558815002441,-0.19660300016403198,-0.03814207163293304,-0.019634276628494263,-0.19270652532577515,-0.014837932369005102,0.03272980451583862,-0.22254300117492676,-0.012232757700871844,0.04420876502990723,-0.2666891813278198,-0.03894825798113288,0.037532925605773926,-0.2054622769355774,-0.027879746226858515,0.024999558925628662,-0.19048327207565308,-0.011448386652659792
A,0.0,0.0,0.0,-0.06633955240249634,-0.03295475244522095,-0.04847337390469875,-0.12792560458183289,-0.11656993627548218,-0.06778615052985515,-0.15871784090995789,-0.2137797474861145,-0.08434622074651088,-0.1777992844581604,-0.29114288091659546,-0.0897749000339445,-0.10995203256607056,-0.2345122992992401,-0.005620978224897044,-0.11148172616958618,-0.308529794216156,-0.051710494711869615,-0.09205302596092224,-0.22982800006866455,-0.06791662509726848,-0.08468717336654663,-0.1933600902557373,-0.07011415149258937,-0.05920526385307312,-0.23981109261512756,0.0015458942746136017,-0.053830355405807495,-0.31233125925064087,-0.04636522839950885,-0.0467032790184021,-0.20551174879074097,-0.0495016359834608,-0.05744004249572754,-0.20012086629867554,-0.03764813105749454,-0.011644482612609863,-0.2351265549659729,-0.003178098389753359,1.3679265975952148e-05,-0.29217517375946045,-0.05342108468698825,-0.0041491687297821045,-0.20012664794921875,-0.03896401534962024,-0.01827874779701233,-0.19443845748901367,-0.015045594341927426,0.03475913405418396,-0.22357362508773804,-0.012452526867264169,0.04581710696220398,-0.26879143714904785,-0.03973571668552722,0.038060277700424194,-0.20813673734664917,-0.028409182011955636,0.025227725505828857,-0.1926015019416809,-0.011479926213496583
A,0.0,0.0,0.0,-0.06806060671806335,-0.03341728448867798,-0.04669302834287237,-0.12989002466201782,-0.11979442834854126,-0.0626671960772569,-0.16154202818870544,-0.2174159288406372,-0.07565568892374586,-0.18060731887817383,-0.2927273213863373,-0.07702798156157087,-0.11115255951881409,-0.23426827788352966,-0.0025865886555607176,-0.1145358681678772,-0.30986446142196655,-0.04517380280509542,-0.09470230340957642,-0.22540196776390076,-0.05924072994008611,-0.08854344487190247,-0.1957911252975464,-0.061155216229110465,-0.06021496653556824,-0.2398984432220459,0.004758769719899192,-0.056268006563186646,-0.3121066689491272,-0.04082622883930753,-0.049284428358078,-0.20327532291412354,-0.04324844984427045,-0.058923423290252686,-0.20156073570251465,-0.0314857525946195,-0.012458890676498413,-0.23626768589019775,0.0005479442342561924,-0.0021810829639434814,-0.2937520742416382,-0.04735034091487478,-0.005834430456161499,-0.20087522268295288,-0.03250949589624952,-0.01732271909713745,-0.19923871755599976,-0.008929141257851825,0.03417617082595825,-0.22705984115600586,-0.008117663134783015,0.04419827461242676,-0.2705739736557007,-0.033412170988469825,0.036778151988983154,-0.2104230523109436,-0.02183628773406099,0.02658367156982422,-0.19765067100524902,-0.005196880475580201
A,0.0,0.0,0.0,-0.06743243336677551,-0.03462296724319458,-0.04991083215861636,-0.12948429584503174,-0.12140542268753052,-0.06744093071608859,-0.16190367937088013,-0.2201715111732483,-0.08123053234010058,-0.18193674087524414,-0.29673492908477783,-0.08303567390828448,-0.11333471536636353,-0.23527106642723083,-0.005930310077360446,-0.11440661549568176,-0.309392511844635,-0.04943014677553492,-0.09265884757041931,-0.22592270374298096,-0.06303219120889025,-0.08692744374275208,-0.1991458535194397,-0.06455953787951785,-0.061879873275756836,-0.2408071756362915,0.002901337845855778,-0.057059913873672485,-0.31236034631729126,-0.043980937413266474,-0.04831850528717041,-0.20339083671569824,-0.04590791460066157,-0.05949541926383972,-0.2050004005432129,-0.033606409988692576,-0.013948678970336914,-0.23798993229866028,-0.00011352422586696775,-0.0027037858963012695,-0.29339560866355896,-0.0494255981960805,-0.005571275949478149,-0.20079809427261353,-0.0344281531491788,-0.01884421706199646,-0.20219475030899048,-0.010610805786541277,0.032302796840667725,-0.2301940619945526,-0.007797754331818396,0.043469011783599854,-0.27149999141693115,-0.034046716950228983,0.03681522607803345,-0.21095305681228638,-0.022858433387568766,0.025539278984069824,-0.199163019657135,-0.006446898877015883
A,0.0,0.0,0.0,-0.06540617346763611,-0.03359067440032959,-0.0533531229460209,-0.1275213658809662,-0.11685901880264282,-0.07483491631984407,-0.1604679822921753,-0.2150270938873291,-0.09222855004310304,-0.17908325791358948,-0.2947390377521515,-0.09786285790443117,-0.1141352653503418,-0.23489034175872803,-0.010313795458671393,-0.11285334825515747,-0.3071083128452301,-0.05721566411494905,-0.09189608693122864,-0.22649550437927246,-0.07285148980855638,-0.0869038999080658,-0.1951754093170166,-0.07485129269599611,-0.06181269884109497,-0.23965349793434143,-0.0006409239006757161,-0.054822832345962524,-0.3115844130516052,-0.050414565529820266,-0.045479267835617065,-0.20281296968460083,-0.053407392975088896,-0.05794334411621094,-0.20138335227966309,-0.041029784407612624,-0.012945502996444702,-0.23679119348526,-0.0031022436899661443,9.679794311523438e-05,-0.2906610369682312,-0.055433667775389495,-0.0025015175342559814,-0.19771355390548706,-0.04068887564181978,-0.018105387687683105,-0.19672608375549316,-0.016124875795242133,0.033631831407547,-0.2283593714237213,-0.010364322502312007,0.04544082283973694,-0.2701181471347809,-0.03867456647395784,0.039529889822006226,-0.20829403400421143,-0.027273863133189025,0.026814371347427368,-0.19498616456985474,-0.010120984677371325
A,0.0,0.0,0.0,-0.06597316265106201,-0.03061574697494507,-0.05286918991134826,-0.12831857800483704,-0.11412006616592407,-0.07305529379175368,-0.16077032685279846,-0.21247369050979614,-0.08887892627046767,-0.17885378003120422,-0.2918406128883362,-0.09295608513878051,-0.11425018310546875,-0.2332260012626648,-0.008823817045254145,-0.11150974035263062,-0.3051089942455292,-0.05404018648789588,-0.09245285391807556,-0.22117125988006592,-0.06904305183218185,-0.08842748403549194,-0.19323492050170898,-0.07129411809967223,-0.061654746532440186,-0.23818448185920715,0.0009713323355526882,-0.054887861013412476,-0.3090647757053375,-0.0475672636263198,-0.04781460762023926,-0.19969934225082397,-0.05064050146268073,-0.059586137533187866,-0.20091301202774048,-0.03872849830315772,-0.01302802562713623,-0.2353585660457611,-0.0012894987909248812,-0.0006314218044281006,-0.2883632183074951,-0.05213913732097808,-0.005095720291137695,-0.1948685646057129,-0.037836816542608176,-0.01971164345741272,-0.19704562425613403,-0.014135667503637706,0.03360596299171448,-0.2282542586326599,-0.00832047351525489,0.043859511613845825,-0.26707836985588074,-0.035355039321643744,0.03703621029853821,-0.2044064998626709,-0.02414282076881591,0.02557101845741272,-0.1931666135787964,-0.007539711342019473
A,0.0,0.0,0.0,-0.06577542424201965,-0.032559096813201904,-0.05252976778751872,-0.12733489274978638,-0.11662882566452026,-0.07184179562932513,-0.15972059965133667,-0.21655786037445068,-0.08682974118596576,-0.1773337721824646,-0.2959156036376953,-0.08985554862624667,-0.11354875564575195,-0.23472163081169128,-0.006257657593550903,-0.11033749580383301,-0.30700770020484924,-0.05117883968955539,-0.09072348475456238,-0.2236926555633545,-0.06613773543244861,-0.08842939138412476,-0.1956108808517456,-0.06827605951434634,-0.06137073040008545,-0.23916995525360107,0.004086376467284936,-0.053874969482421875,-0.3103961944580078,-0.044148322826686126,-0.045870810747146606,-0.2012854814529419,-0.04733324114090465,-0.060271650552749634,-0.20264309644699097,-0.0356327785909798,-0.013415426015853882,-0.235992431640625,0.0022429493922118127,-3.3229589462280273e-05,-0.2907329499721527,-0.04885756660110019,-0.0036072731018066406,-0.1970745325088501,-0.03467406023150943,-0.020005375146865845,-0.1983981728553772,-0.010994692964914066,0.032985687255859375,-0.22875577211380005,-0.004331782160761577,0.04483664035797119,-0.2686370611190796,-0.03176908258205913,0.038640737533569336,-0.20515280961990356,-0.02084259379512332,0.025668084621429443,-0.19334113597869873,-0.0044256478347506345
A,0.0,0.0,0.0,-0.06620270013809204,-0.035086870193481445,-0.04953481713215524,-0.125518798828125,-0.1171044111251831,-0.068659999313752,-0.15565669536590576,-0.2131519913673401,-0.0844388016490143,-0.17238640785217285,-0.2913736402988434,-0.08913373285810167,-0.10895201563835144,-0.2322702705860138,-0.0049100405527156,-0.10640275478363037,-0.3033013343811035,-0.0499202617434662,-0.08914569020271301,-0.2243034839630127,-0.06635983372012788,-0.08562865853309631,-0.19236159324645996,-0.06929516130963975,-0.05692046880722046,-0.2362077832221985,0.003649437195633709,-0.050616174936294556,-0.3056660592556,-0.04385653594414407,-0.0448363721370697,-0.20035219192504883,-0.0484215141264599,-0.05716240406036377,-0.19684505462646484,-0.037930929007927716,-0.008709698915481567,-0.23208579421043396,0.0004192155387841012,0.002901732921600342,-0.2855784296989441,-0.04964437046925241,-0.00211489200592041,-0.1938452124595642,-0.036534023377100766,-0.017009645700454712,-0.19049543142318726,-0.013666592444280923,0.03787416219711304,-0.222648024559021,-0.007285528256545604,0.048260509967803955,-0.26425883173942566,-0.033913464191357434,0.03986155986785889,-0.20310789346694946,-0.023024831804434598,0.026615619659423828,-0.18875759840011597,-0.006659419647405684
A,0.0,0.0,0.0,-0.06531268358230591,-0.029271423816680908,-0.049246889733240096,-0.1283245086669922,-0.11431342363357544,-0.06791475900308797,-0.15857654809951782,-0.21471387147903442,-0.08304358758823582,-0.1741706132888794,-0.29233771562576294,-0.0865415383209438,-0.10981154441833496,-0.23029473423957825,-0.008255616024598567,-0.10851308703422546,-0.3053937554359436,-0.05196073763863751,-0.09087952971458435,-0.22213417291641235,-0.0651252243746967,-0.08763501048088074,-0.19252681732177734,-0.06634703763620564,-0.05893373489379883,-0.2342526614665985,-0.00025770413549253135,-0.05254742503166199,-0.307603657245636,-0.04677794241206357,-0.04728308320045471,-0.1992219090461731,-0.047822420679494826,-0.0594104528427124,-0.19900161027908325,-0.0350508738388271,-0.011491268873214722,-0.23010697960853577,-0.003931022443339316,0.0008962154388427734,-0.28777652978897095,-0.05284613110916325,-0.004133164882659912,-0.19465965032577515,-0.03695243337051579,-0.017758995294570923,-0.19407707452774048,-0.0127381693650932,0.035180747509002686,-0.22137898206710815,-0.012272196084722964,0.04613560438156128,-0.26470914483070374,-0.03867720925109097,0.038793861865997314,-0.20408856868743896,-0.02736119479732224,0.02768033742904663,-0.1921404004096985,-0.01101553645776221
A,0.0,0.0,0.0,-0.06315702199935913,-0.031105101108551025,-0.050162691882803756,-0.12459796667098999,-0.11645776033401489,-0.0695153365647343,-0.15757161378860474,-0.21469151973724365,-0.085367273799136,-0.17432481050491333,-0.29338812828063965,-0.08983188521023067,-0.11033076047897339,-0.2325865924358368,-0.007590342572882491,-0.10996997356414795,-0.30619171261787415,-0.05209422882552417,-0.09013861417770386,-0.22438138723373413,-0.06620072971935542,-0.08498185873031616,-0.19357842206954956,-0.06762443136329921,-0.05880311131477356,-0.23756396770477295,0.0010599411055522978,-0.05278664827346802,-0.30758917331695557,-0.04567811664099963,-0.04581594467163086,-0.1987096071243286,-0.04742584030981334,-0.057477325201034546,-0.19799047708511353,-0.034867353997185546,-0.010580897331237793,-0.23338928818702698,-0.0021099611455497325,0.0007924437522888184,-0.286988228559494,-0.05171915914769443,-0.0039317309856414795,-0.19268041849136353,-0.03669406499619754,-0.017961829900741577,-0.19151395559310913,-0.012625792323603946,0.03641152381896973,-0.22370195388793945,-0.00982453420664342,0.04506629705429077,-0.2646878659725189,-0.036360103896811324,0.03764915466308594,-0.2023930549621582,-0.024786291903808433,0.026542961597442627,-0.18935734033584595,-0.007926767020478565
A,0.0,0.0,0.0,-0.06538441777229309,-0.030907630920410156,-0.050834304982231515,-0.12621420621871948,-0.114601731300354,-0.07093237652759399,-0.15765860676765442,-0.21311408281326294,-0.08724359735231246,-0.1745782196521759,-0.29102441668510437,-0.09193469896297302,-0.11007535457611084,-0.23187562823295593,-0.009431780645059007,-0.10807839035987854,-0.30471551418304443,-0.05351725160460319,-0.0897916853427887,-0.22203415632247925,-0.06691193147878494,-0.08664596080780029,-0.19360607862472534,-0.06817227169256057,-0.05842626094818115,-0.2357698380947113,-0.00042003504665899527,-0.051898688077926636,-0.30519214272499084,-0.047245848321722406,-0.045540452003479004,-0.1967102289199829,-0.0484113500950798,-0.057904213666915894,-0.19901221990585327,-0.035689379417704004,-0.010460376739501953,-0.2325361669063568,-0.0031458580432399685,0.0010496079921722412,-0.28565680980682373,-0.05203891857843246,-0.0033512115478515625,-0.19362616539001465,-0.0360086032686695,-0.01726594567298889,-0.19546687602996826,-0.011824028895603078,0.035802096128463745,-0.2247331738471985,-0.010619001792179006,0.045468658208847046,-0.2641832232475281,-0.03643001928310241,0.038405150175094604,-0.20249992609024048,-0.024401796379493135,0.027366191148757935,-0.19074136018753052,-0.0075535870654448445
A,0.0,0.0,0.0,-0.065299391746521,-0.03380894660949707,-0.048633915742527734,-0.12541741132736206,-0.1177968978881836,-0.06694766264189411,-0.15575632452964783,-0.2144336700439453,-0.08200378101099659,-0.1723848581314087,-0.29240337014198303,-0.08568582068909336,-0.10884648561477661,-0.2330281138420105,-0.003981627894233952,-0.10810321569442749,-0.3053557276725769,-0.04930668826926876,-0.08834469318389893,-0.22601288557052612,-0.06536095719565083,-0.0825064480304718,-0.19331175088882446,-0.06762533020008732,-0.05761224031448364,-0.2364371120929718,0.004169097731221427,-0.0514889657497406,-0.30668509006500244,-0.04277201127041508,-0.043906062841415405,-0.2008051872253418,-0.04616417865980793,-0.05523735284805298,-0.1986902356147766,-0.03461242224801708,-0.00982743501663208,-0.23265334963798523,0.0003557314419708746,0.0016885995864868164,-0.2863650918006897,-0.04914352055419613,-0.0019586384296417236,-0.19535404443740845,-0.03505291919935871,-0.015463441610336304,-0.19447600841522217,-0.011485259418975602,0.03676122426986694,-0.22413653135299683,-0.00794523805160452,0.046078622341156006,-0.26595258712768555,-0.033818741699349175,0.039350152015686035,-0.20420873165130615,-0.021951479276310693,0.028447747230529785,-0.19080042839050293,-0.004843579044234048
A,0.0,0.0,0.0,-0.06671720743179321,-0.032531678676605225,-0.046702528930495646,-0.12616610527038574,-0.11493837833404541,-0.06476708371121731,-0.15592682361602783,-0.2142365574836731,-0.0802346901961073,-0.17252066731452942,-0.29247087240219116,-0.08454608041722622,-0.10851326584815979,-0.2281000018119812,-0.0021008554373338484,-0.10814693570137024,-0.30625081062316895,-0.04779923204262104,-0.08920356631278992,-0.22932767868041992,-0.06444360930402127,-0.08412230014801025,-0.1929813027381897,-0.06671871859509793,-0.057956576347351074,-0.23261365294456482,0.005521777924855087,-0.05101504921913147,-0.30669647455215454,-0.04120785985071507,-0.04373195767402649,-0.20249366760253906,-0.044940142519067194,-0.05606761574745178,-0.19727271795272827,-0.03370125088770237,-0.010888636112213135,-0.2295733094215393,0.0013599025791108943,0.0010504424571990967,-0.2870102524757385,-0.04740037266094532,-0.0024409592151641846,-0.19693148136138916,-0.03304410967905369,-0.016732096672058105,-0.19199997186660767,-0.009397505409310725,0.03507658839225769,-0.22107601165771484,-0.007206332496593859,0.04517510533332825,-0.2648599445819855,-0.03233886752207127,0.03802993893623352,-0.2041822075843811,-0.020145305059145358,0.025965601205825806,-0.18893980979919434,-0.0028802238863363527
A,0.0,0.0,0.0,-0.06596246361732483,-0.03403794765472412,-0.048170459664845566,-0.1241251528263092,-0.11509299278259277,-0.06760252008535872,-0.15391001105308533,-0.2113053798675537,-0.08395848164656172,-0.17000827193260193,-0.2890956997871399,-0.0891886625657321,-0.1066724956035614,-0.22570782899856567,-0.006722024384373526,-0.10663878917694092,-0.30187660455703735,-0.05207265282371054,-0.08746770024299622,-0.2237476110458374,-0.06783587226965437,-0.08229348063468933,-0.19067144393920898,-0.07001857200958739,-0.05598512291908264,-0.23021236062049866,0.0013538898448928194,-0.05088421702384949,-0.3034101128578186,-0.046171901024365525,-0.04305151104927063,-0.20054411888122559,-0.049722545988345246,-0.05392816662788391,-0.1965920329093933,-0.03856979051926146,-0.008664816617965698,-0.22734522819519043,-0.0020920389550269647,0.001967102289199829,-0.2841956615447998,-0.05112714806892882,-0.0008607804775238037,-0.1954701542854309,-0.036593356377863984,-0.013865292072296143,-0.19215357303619385,-0.013046589888119797,0.036744385957717896,-0.2192932367324829,-0.010009387716138463,0.04654708504676819,-0.26269590854644775,-0.035299168176436524,0.03933212161064148,-0.20352321863174438,-0.023470550052309136,0.02781817317008972,-0.18870210647583008,-0.00672602953710566
A,0.0,0.0,0.0,-0.06584429740905762,-0.03244513273239136,-0.04847618816296517,-0.1254519522190094,-0.1140243411064148,-0.06750375283758103,-0.1550811529159546,-0.21095037460327148,-0.0834441955188936,-0.1716563105583191,-0.2883104383945465,-0.08823320520917832,-0.10553070902824402,-0.2267133593559265,-0.0056230744334584415,-0.1059422492980957,-0.3007511794567108,-0.04988628132144868,-0.0881757140159607,-0.2214984893798828,-0.06442318362991273,-0.08337995409965515,-0.1909010410308838,-0.0660128171543306,-0.055422425270080566,-0.2307996153831482,0.002485027584555155,-0.05049976706504822,-0.3038601577281952,-0.04461126653353631,-0.04434448480606079,-0.19853520393371582,-0.04709587124983727,-0.05473679304122925,-0.19702231884002686,-0.034824213663739556,-0.008771300315856934,-0.22743523120880127,-0.0010878070710873544,0.0018269717693328857,-0.28384700417518616,-0.05043731881181657,-0.002355635166168213,-0.19338339567184448,-0.03556626168887078,-0.014438718557357788,-0.19157135486602783,-0.011377309168381089,0.03632473945617676,-0.2193068265914917,-0.009163936319453114,0.04580199718475342,-0.26163190603256226,-0.03495927778880059,0.03799694776535034,-0.2019633650779724,-0.023301773423952454,0.027387797832489014,-0.18868345022201538,-0.006417624371749753
A,0.0,0.0,0.0,-0.06657528877258301,-0.030754566192626953,-0.04939300143081482,-0.12702754139900208,-0.11485296487808228,-0.06785052590925034,-0.15692445635795593,-0.21314257383346558,-0.0827654706772023,-0.17488804459571838,-0.29061904549598694,-0.08644885145980652,-0.11075189709663391,-0.2283117175102234,-0.00557860634211238,-0.10925766825675964,-0.30201455950737,-0.04976027780134018,-0.09024035930633545,-0.22516798973083496,-0.06459223800260361,-0.0859687328338623,-0.1912361979484558,-0.06618222915489014,-0.059628307819366455,-0.2322733998298645,0.002911882522369069,-0.05261826515197754,-0.3034477233886719,-0.04315496184784706,-0.044980764389038086,-0.19892650842666626,-0.04592779599983032,-0.057748645544052124,-0.1955510973930359,-0.034121944987361985,-0.012226670980453491,-0.22906553745269775,-0.00038076952836263445,6.601214408874512e-05,-0.28257402777671814,-0.04962011002857025,-0.0028219223022460938,-0.19184255599975586,-0.03521307506520088,-0.017782986164093018,-0.18933600187301636,-0.011624162503665048,0.03403225541114807,-0.22079569101333618,-0.008209260598903256,0.04446461796760559,-0.26124754548072815,-0.03480231338102158,0.03867331147193909,-0.1996862292289734,-0.023201344021742898,0.026677101850509644,-0.18619924783706665,-0.00632262877110179
A,0.0,0.0,0.0,-0.06383892893791199,-0.032524704933166504,-0.048461589138582895,-0.12416976690292358,-0.11595100164413452,-0.06739151022918577,-0.15495818853378296,-0.21262013912200928,-0.08302581600435133,-0.1727239489555359,-0.2903004288673401,-0.08782088301666136,-0.110179603099823,-0.22983509302139282,-0.005910219732299993,-0.1067672073841095,-0.3018908202648163,-0.05010899446494932,-0.08799433708190918,-0.2255915403366089,-0.06528626672513838,-0.08350595831871033,-0.19199395179748535,-0.06721012584455366,-0.05900543928146362,-0.23399034142494202,0.0015151691710570958,-0.05066898465156555,-0.3046436905860901,-0.04495123691447134,-0.043576061725616455,-0.20137059688568115,-0.04835665888674612,-0.056288838386535645,-0.1956755518913269,-0.03688802115209455,-0.011655151844024658,-0.22976922988891602,-0.002668746621907303,0.0019554197788238525,-0.28186163306236267,-0.05189702950008268,-0.0015989243984222412,-0.19269418716430664,-0.038762639384344766,-0.017794132232666016,-0.18934917449951172,-0.016038061227277467,0.034673333168029785,-0.219914972782135,-0.011211119699851224,0.04556351900100708,-0.26052340865135193,-0.03778488106615896,0.039280056953430176,-0.20027095079421997,-0.026848307918385217,0.025714397430419922,-0.186207115650177,-0.010486419420317361
A,0.0,0.0,0.0,-0.06646320223808289,-0.0292322039604187,-0.04964350809171947,-0.12755456566810608,-0.11471647024154663,-0.06799825926140102,-0.15868717432022095,-0.21359169483184814,-0.08265177060678752,-0.17766624689102173,-0.2908252477645874,-0.08610657502725871,-0.11330199241638184,-0.22784194350242615,-0.007368356853874047,-0.10818609595298767,-0.3023669123649597,-0.051401908442528566,-0.09027063846588135,-0.22148120403289795,-0.06550908733919414,-0.08906364440917969,-0.19114190340042114,-0.06706329335287364,-0.06087231636047363,-0.23096758127212524,0.0011180807574078244,-0.05174347758293152,-0.3029960095882416,-0.0458078970463589,-0.04542449116706848,-0.1959444284439087,-0.048201269403250535,-0.059981971979141235,-0.19462698698043823,-0.03613381360486301,-0.012733161449432373,-0.22722750902175903,-0.002026680557207783,0.0007609724998474121,-0.28202882409095764,-0.051773230478318055,-0.003359496593475342,-0.18971318006515503,-0.036960503950865586,-0.02002042531967163,-0.18850773572921753,-0.013239065118284543,0.03364449739456177,-0.21962374448776245,-0.009691628560574372,0.04477041959762573,-0.2597200870513916,-0.03658319537356647,0.03871631622314453,-0.19752895832061768,-0.0249754161836222,0.025981247425079346,-0.18484759330749512,-0.008209769547136148
A,0.0,0.0,0.0,-0.06483924388885498,-0.032738447189331055,-0.048868199201024254,-0.12526562809944153,-0.11576557159423828,-0.06794262802759476,-0.1564386785030365,-0.2123292088508606,-0.08385846144119569,-0.17519593238830566,-0.2897929549217224,-0.08881841725269624,-0.10874837636947632,-0.22774776816368103,-0.00573524585524865,-0.10639187693595886,-0.2986696660518646,-0.0498516758398182,-0.08765760064125061,-0.22014003992080688,-0.06450300043979951,-0.08344635367393494,-0.1931648850440979,-0.06651196009079285,-0.056725114583969116,-0.23017120361328125,0.0017629512858547969,-0.05045115947723389,-0.29992029070854187,-0.04452858990589448,-0.043910712003707886,-0.19564861059188843,-0.04655357575575181,-0.05553928017616272,-0.19754213094711304,-0.03448953977385827,-0.009084045886993408,-0.22583389282226562,-0.0026088891045219498,0.0028900504112243652,-0.27882200479507446,-0.051660021157658775,-0.0014857649803161621,-0.1894736886024475,-0.0367218492046959,-0.016128122806549072,-0.19109779596328735,-0.013138437034285744,0.03657931089401245,-0.21746012568473816,-0.011566525647140224,0.04759949445724487,-0.25840580463409424,-0.037619584561980446,0.0409998893737793,-0.1986059546470642,-0.025800920413530548,0.02967280149459839,-0.18657612800598145,-0.009093907983697136
A,0.0,0.0,0.0,-0.06329211592674255,-0.029989242553710938,-0.050876108357385874,-0.1259607970714569,-0.11426723003387451,-0.07104639465518403,-0.15986031293869019,-0.21312612295150757,-0.08782641346164155,-0.17604580521583557,-0.29377493262290955,-0.09320484603352952,-0.11173859238624573,-0.23144268989562988,-0.004641706483141661,-0.11113959550857544,-0.3041393756866455,-0.049681389132217646,-0.0921354591846466,-0.2258417308330536,-0.06502964104123521,-0.08697864413261414,-0.19292432069778442,-0.06687687838979173,-0.05991002917289734,-0.23612219095230103,0.004083889177366018,-0.054652124643325806,-0.3051697015762329,-0.041882408210710764,-0.04685434699058533,-0.19940602779388428,-0.04367726797767091,-0.058065176010131836,-0.19833225011825562,-0.030873920196370364,-0.011017560958862305,-0.23171985149383545,0.00047469912266251413,-0.00030922889709472656,-0.28439927101135254,-0.048719504275993586,-0.003542304039001465,-0.19305187463760376,-0.033572518625931025,-0.017255842685699463,-0.19180160760879517,-0.009216396497265578,0.03699606657028198,-0.2222456932067871,-0.007854747013823271,0.04500889778137207,-0.2631717920303345,-0.03433897475309777,0.03886067867279053,-0.20295429229736328,-0.022663469785527468,0.028410375118255615,-0.19115430116653442,-0.005527853859291554
A,0.0,0.0,0.0,-0.06993934512138367,-0.03031742572784424,-0.046183563065028466,-0.13291770219802856,-0.11315178871154785,-0.06418971646974114,-0.16440889239311218,-0.2113794982433319,-0.07965145934770135,-0.1791832447052002,-0.29220259189605713,-0.08439407427260903,-0.11764010787010193,-0.2291162610054016,-0.0018236385604950556,-0.11472505331039429,-0.3046867549419403,-0.049050714116788185,-0.09474912285804749,-0.2304493486881256,-0.06766342301318673,-0.09097647666931152,-0.19460082054138184,-0.07109726895043877,-0.06403115391731262,-0.23351335525512695,0.004287244524562084,-0.0591411292552948,-0.3065516948699951,-0.04274390194962052,-0.049025535583496094,-0.2045610547065735,-0.04682207037160424,-0.060387372970581055,-0.19696003198623657,-0.03570170257637528,-0.014222443103790283,-0.22974717617034912,-0.001488352538331128,-0.0050299763679504395,-0.28674277663230896,-0.05147907812545327,-0.005686938762664795,-0.195237398147583,-0.03596488688538102,-0.018926143646240234,-0.1876954436302185,-0.011128504988050736,0.03499245643615723,-0.22051796317100525,-0.01157418288687495,0.041896045207977295,-0.26710057258605957,-0.037627841573453225,0.037145018577575684,-0.20391470193862915,-0.023651727702713288,0.026740610599517822,-0.18693548440933228,-0.004799972981459177
A,0.0,0.0,0.0,-0.06940367817878723,-0.024986624717712402,-0.051542994320641355,-0.13438698649406433,-0.11153531074523926,-0.07121358135367473,-0.1673789918422699,-0.2140146791934967,-0.08731076934958537,-0.18696343898773193,-0.29558590054512024,-0.09198630669737895,-0.1214754581451416,-0.23306113481521606,-0.006523686681191521,-0.120597243309021,-0.3112589716911316,-0.05485333570862849,-0.10115081071853638,-0.23221322894096375,-0.07133343139315684,-0.09649887681007385,-0.19354385137557983,-0.07245403596783717,-0.06777969002723694,-0.23760515451431274,0.001676327910956843,-0.061809659004211426,-0.31530725955963135,-0.04607389190817912,-0.05265727639198303,-0.20704209804534912,-0.04709327289486964,-0.0654657781124115,-0.19984006881713867,-0.03271506795312007,-0.01776021718978882,-0.2347736656665802,-0.0028947305272026824,-0.007256150245666504,-0.2924082279205322,-0.053788431674490766,-0.008968651294708252,-0.19808512926101685,-0.03775422716165622,-0.02446460723876953,-0.19298970699310303,-0.012066073470066385,0.03207284212112427,-0.2263781726360321,-0.012294413276265459,0.03999274969100952,-0.27181971073150635,-0.03909895637656291,0.035817086696624756,-0.20840898156166077,-0.025888264864931898,0.025123119354248047,-0.1928454041481018,-0.007280445877711372
A,0.0,0.0,0.0,-0.06938710808753967,-0.027045011520385742,-0.04910217651166704,-0.13472294807434082,-0.11861783266067505,-0.06714045309462335,-0.16846010088920593,-0.22413092851638794,-0.08222198539414194,-0.1884806752204895,-0.30463242530822754,-0.08583869838156488,-0.11893019080162048,-0.2368963360786438,-0.004031517608098056,-0.11709511280059814,-0.3194664716720581,-0.052214667731902864,-0.09753912687301636,-0.23950564861297607,-0.068398833805702,-0.09276336431503296,-0.1996878981590271,-0.06939341180958536,-0.06506964564323425,-0.24343305826187134,0.003003191603340838,-0.05834135413169861,-0.3223952054977417,-0.04528638401069429,-0.04933437705039978,-0.2145496904850006,-0.04648848676123407,-0.06258136034011841,-0.20681282877922058,-0.03217981808819559,-0.014796733856201172,-0.24099087715148926,-0.002597903897992637,-0.003657817840576172,-0.29785579442977905,-0.05279855483212259,-0.005418956279754639,-0.2059270739555359,-0.03636483901181009,-0.02104794979095459,-0.20194965600967407,-0.010676174024126794,0.035062313079833984,-0.23304638266563416,-0.012993304589770105,0.04316210746765137,-0.2765929102897644,-0.038612884068868425,0.03923302888870239,-0.2148303985595703,-0.02522105590441015,0.028835654258728027,-0.20179051160812378,-0.006789555838338401
A,0.0,0.0,0.0,-0.07215017080307007,-0.02979099750518799,-0.04609151367287723,-0.13698697090148926,-0.12175256013870239,-0.06379014436345187,-0.17016452550888062,-0.22651466727256775,-0.07958275262456027,-0.18967711925506592,-0.30877071619033813,-0.08437186662297336,-0.11850693821907043,-0.2395809292793274,-0.0017815397233107433,-0.12033259868621826,-0.32552459836006165,-0.05200419012646762,-0.09970393776893616,-0.24776190519332886,-0.07071473632197467,-0.09375405311584473,-0.20532619953155518,-0.07278470132689563,-0.06379854679107666,-0.24476945400238037,0.0036211023460737124,-0.059032320976257324,-0.3259250223636627,-0.04589512381892291,-0.048974841833114624,-0.2197732925415039,-0.04930709485154239,-0.06131279468536377,-0.208175927400589,-0.036391722003031646,-0.012496113777160645,-0.24250873923301697,-0.003328702144358431,-0.004195868968963623,-0.3021579086780548,-0.05527434308271495,-0.004120349884033203,-0.20716974139213562,-0.039087491074610625,-0.01736605167388916,-0.19826751947402954,-0.012835442984510337,0.03877145051956177,-0.23481443524360657,-0.014640913309563075,0.04430806636810303,-0.28254443407058716,-0.040797999093342696,0.041137516498565674,-0.2183016836643219,-0.025993205571580802,0.03277897834777832,-0.2019352912902832,-0.006116036290336524
A,0.0,0.0,0.0,-0.0724981427192688,-0.03136378526687622,-0.04963325036936794,-0.140212744474411,-0.12342357635498047,-0.0690432533460239,-0.17569977045059204,-0.23178449273109436,-0.08599979130798374,-0.1942957043647766,-0.31814461946487427,-0.09150948075824772,-0.12258031964302063,-0.24574488401412964,-0.0014432976326475,-0.1230153739452362,-0.33043333888053894,-0.05329757256680523,-0.10270234942436218,-0.2506924271583557,-0.07270913271480595,-0.09758415818214417,-0.21001160144805908,-0.07506929783397709,-0.06725406646728516,-0.2499031126499176,0.0051430638109764,-0.06415620446205139,-0.3335201144218445,-0.04563516823822056,-0.05369311571121216,-0.2234390676021576,-0.049113840593633995,-0.06606662273406982,-0.2140827476978302,-0.03560905603939091,-0.01523447036743164,-0.2483709752559662,-0.0013519369835535144,-0.008401751518249512,-0.31073564291000366,-0.05502854360514675,-0.008105158805847168,-0.2123081088066101,-0.038562268747625694,-0.0214652419090271,-0.20507967472076416,-0.011445465295253143,0.037554025650024414,-0.2420412302017212,-0.012540487370131359,0.040659546852111816,-0.2911514639854431,-0.03974311871701275,0.03779244422912598,-0.22376614809036255,-0.024767345546422348,0.02956908941268921,-0.20617640018463135,-0.004358212261138306
A,0.0,0.0,0.0,-0.07469072937965393,-0.03021824359893799,-0.049867706342297424,-0.14304393529891968,-0.12026053667068481,-0.07140379209693037,-0.17907899618148804,-0.2294377088546753,-0.09081863422568404,-0.19777125120162964,-0.3182525336742401,-0.09909876246626936,-0.12849757075309753,-0.2444433867931366,-0.004314676827448238,-0.1279151737689972,-0.33081620931625366,-0.056897984786587585,-0.10608941316604614,-0.2514130771160126,-0.07633445967610442,-0.10089290142059326,-0.20989513397216797,-0.07893370647605025,-0.07113516330718994,-0.24929764866828918,0.0016046444962967144,-0.067484050989151,-0.33271628618240356,-0.04990235526736342,-0.05525088310241699,-0.22132599353790283,-0.053101165189104904,-0.06799674034118652,-0.2125851809978485,-0.03989181105669104,-0.01716667413711548,-0.24722737073898315,-0.00534619108464085,-0.009660303592681885,-0.31247302889823914,-0.05970221941049658,-0.008846461772918701,-0.2123596966266632,-0.04168767665203177,-0.02277398109436035,-0.20307955145835876,-0.01396388184900843,0.036158204078674316,-0.23960119485855103,-0.016995960815506805,0.03979349136352539,-0.2888772487640381,-0.04491524954016768,0.03695869445800781,-0.21990430355072021,-0.029027683629351486,0.028030455112457275,-0.20092126727104187,-0.008179911381262173
A,0.0,0.0,0.0,-0.0757686197757721,-0.033075034618377686,-0.04806750703414764,-0.14249110221862793,-0.1259792447090149,-0.06803619924744453,-0.17681339383125305,-0.23410195112228394,-0.08654920819958534,-0.19567036628723145,-0.32114267349243164,-0.09382303122242774,-0.12589645385742188,-0.24819377064704895,0.000517122805604231,-0.12574046850204468,-0.33469101786613464,-0.054277185982073206,-0.10504388809204102,-0.25220927596092224,-0.07648004654606666,-0.09953641891479492,-0.20837941765785217,-0.08031770650109138,-0.06822019815444946,-0.25225263833999634,0.005641402510946136,-0.06539911031723022,-0.33833935856819153,-0.04758794668873634,-0.054049015045166016,-0.2245178520679474,-0.05214191291292991,-0.0663101077079773,-0.21386632323265076,-0.03894960198363151,-0.014134526252746582,-0.24869197607040405,-0.002431637540439624,-0.00787585973739624,-0.31304502487182617,-0.058011715000475306,-0.00797194242477417,-0.2126564383506775,-0.04055327985247459,-0.02150595188140869,-0.20360314846038818,-0.012315161226297278,0.040025413036346436,-0.2400439977645874,-0.015072663946057219,0.04287254810333252,-0.2913658022880554,-0.04255249041875686,0.03834724426269531,-0.2225223183631897,-0.02576230343242969,0.029103457927703857,-0.20282211899757385,-0.0038660489283302013
A,0.0,0.0,0.0,-0.07408618927001953,-0.038604021072387695,-0.04829891065685388,-0.1404302418231964,-0.13243788480758667,-0.06743973905770417,-0.1760389804840088,-0.24036407470703125,-0.08461252267090913,-0.19685450196266174,-0.326076865196228,-0.09008378202645417,-0.12265148758888245,-0.2552551329135895,0.0007444956098652256,-0.12366670370101929,-0.34117209911346436,-0.05145398939578172,-0.10249817371368408,-0.25818589329719543,-0.07188560480801698,-0.09565147757530212,-0.2142183780670166,-0.07491822952954408,-0.06536000967025757,-0.2585888206958771,0.006825465312317647,-0.062247276306152344,-0.3444022238254547,-0.045191791305228435,-0.05250108242034912,-0.23115941882133484,-0.049899612018748485,-0.06385189294815063,-0.22073480486869812,-0.03709758857814904,-0.011354446411132812,-0.2542697787284851,-3.4448574410816946e-05,-0.0033010244369506836,-0.3191181421279907,-0.054033410200759135,-0.005294203758239746,-0.2202008068561554,-0.03784992585508462,-0.018186450004577637,-0.21178650856018066,-0.010784326517864429,0.042883336544036865,-0.2444455325603485,-0.011461013393386565,0.04698115587234497,-0.296989381313324,-0.03825888822404977,0.04038125276565552,-0.22864550352096558,-0.022824196541591846,0.03074324131011963,-0.20934763550758362,-0.002073552856131755
A,0.0,0.0,0.0,-0.07685774564743042,-0.03064906597137451,-0.04864174029927426,-0.14601439237594604,-0.12804913520812988,-0.0682940026293295,-0.18179529905319214,-0.2404671311378479,-0.08560995659928494,-0.20112532377243042,-0.3299415707588196,-0.09125230363707715,-0.12927263975143433,-0.25481724739074707,-0.004609810608883436,-0.12688034772872925,-0.3467143177986145,-0.05735066807966405,-0.10577043890953064,-0.2635505199432373,-0.07724831900696927,-0.1026085615158081,-0.2188018560409546,-0.08004460386138135,-0.07111543416976929,-0.2580553889274597,0.0011334214811427046,-0.06529146432876587,-0.3427883982658386,-0.050756356633712585,-0.05418366193771362,-0.22970563173294067,-0.055111384905387695,-0.06823182106018066,-0.21924641728401184,-0.04269160605173283,-0.016352295875549316,-0.2537912130355835,-0.0056646111900704454,-0.007300853729248047,-0.3192753493785858,-0.060209008819867904,-0.007244408130645752,-0.21826541423797607,-0.04331059283714467,-0.022488176822662354,-0.2094496190547943,-0.016356925434877212,0.037487149238586426,-0.24479204416275024,-0.01688645682435208,0.04260510206222534,-0.294220507144928,-0.04461992061834508,0.03847414255142212,-0.2249220609664917,-0.029056803278137977,0.02769988775253296,-0.20726054906845093,-0.008404909587909515
A,0.0,0.0,0.0,-0.07716411352157593,-0.03318917751312256,-0.052108073348392736,-0.14697927236557007,-0.13083899021148682,-0.07302356671749521,-0.18101388216018677,-0.24458688497543335,-0.0914080308025973,-0.20185738801956177,-0.3356151580810547,-0.09756542157589365,-0.1337435245513916,-0.2602332532405853,-0.0014272697476940266,-0.12815484404563904,-0.3487207889556885,-0.05631197404323984,-0.10615584254264832,-0.26744112372398376,-0.07706962686239649,-0.10147795081138611,-0.2209538221359253,-0.07935609083830286,-0.07409143447875977,-0.2645796537399292,0.005357394719283093,-0.06516587734222412,-0.35206514596939087,-0.047735510135282766,-0.053065598011016846,-0.23553785681724548,-0.050799598658670675,-0.06800365447998047,-0.224662184715271,-0.03612487178503443,-0.01835000514984131,-0.2612752318382263,-0.0016023040257664434,-0.006047964096069336,-0.3254636824131012,-0.05695928793608118,-0.006185710430145264,-0.22422516345977783,-0.03886990409552027,-0.023762047290802002,-0.21573233604431152,-0.010330559427131902,0.035655200481414795,-0.25168392062187195,-0.013604114504744302,0.04437291622161865,-0.29956716299057007,-0.041285866612781774,0.03941160440444946,-0.22949862480163574,-0.02476198945402075,0.02617788314819336,-0.21034592390060425,-0.002904815107797276
A,0.0,0.0,0.0,-0.07432901859283447,-0.02699100971221924,-0.05584390639216963,-0.14631178975105286,-0.12792617082595825,-0.07949497728498045,-0.18167924880981445,-0.24663060903549194,-0.10012953906209532,-0.20441162586212158,-0.34007614850997925,-0.10821110187919203,-0.13282179832458496,-0.26382213830947876,-0.009791343387973939,-0.12858596444129944,-0.3570772409439087,-0.06611812292487684,-0.10822346806526184,-0.2719336152076721,-0.08478421895654265,-0.10263323783874512,-0.22258400917053223,-0.08504608451278273,-0.07321596145629883,-0.26682451367378235,-0.0017731018912172658,-0.06294316053390503,-0.3551371693611145,-0.05586932777316633,-0.0540844202041626,-0.23354899883270264,-0.055180450816465054,-0.06871944665908813,-0.2255922257900238,-0.037326766093087826,-0.01741117238998413,-0.2627941071987152,-0.007883955639613305,-0.0041790008544921875,-0.328744500875473,-0.06462865500600401,-0.006945371627807617,-0.22354286909103394,-0.04444756909163061,-0.02381312847137451,-0.2162495255470276,-0.014182737943542634,0.03717392683029175,-0.2533445954322815,-0.019369104792190228,0.04586136341094971,-0.30342280864715576,-0.049157565374684964,0.039537250995635986,-0.23193782567977905,-0.03310549436957899,0.02690070867538452,-0.2132316529750824,-0.011094815012825165
A,0.0,0.0,0.0,-0.07819157838821411,-0.03577399253845215,-0.05131867458413808,-0.14929917454719543,-0.137750506401062,-0.07222966407726972,-0.18449273705482483,-0.256282240152359,-0.09128653561066358,-0.20781725645065308,-0.348619669675827,-0.09807807510088651,-0.13432088494300842,-0.27005326747894287,-0.0015676963406008326,-0.13058239221572876,-0.3639850616455078,-0.05619274755309789,-0.10832181572914124,-0.2787238359451294,-0.07584914123009412,-0.10352760553359985,-0.23104581236839294,-0.07745944266508786,-0.0751338005065918,-0.2730841338634491,0.004576459291172341,-0.06502878665924072,-0.3635278642177582,-0.04820902948569028,-0.05520617961883545,-0.24375838041305542,-0.04999058251570432,-0.07143557071685791,-0.2333258092403412,-0.03476843913387029,-0.01939493417739868,-0.26847875118255615,-0.0030370731868174516,-0.005583763122558594,-0.3397688567638397,-0.057819294979083224,-0.007571041584014893,-0.2356511354446411,-0.03873266210149495,-0.025641143321990967,-0.22405007481575012,-0.009906304304706737,0.035205721855163574,-0.25724050402641296,-0.015828020175206348,0.046104371547698975,-0.311992883682251,-0.044073137690531894,0.03969013690948486,-0.24154847860336304,-0.0281324137498018,0.02517181634902954,-0.22073549032211304,-0.006738350496846124
A,0.0,0.0,0.0,-0.07850503921508789,-0.032340288162231445,-0.05614998848295727,-0.1523887813091278,-0.13902461528778076,-0.07780162529206791,-0.18784373998641968,-0.2614520788192749,-0.09662042097306767,-0.21109265089035034,-0.35614722967147827,-0.10220103250003376,-0.13847112655639648,-0.27745676040649414,-0.003200149444182898,-0.1328754425048828,-0.372675359249115,-0.06052673519707241,-0.10860943794250488,-0.28431427478790283,-0.08086110935664692,-0.10381215810775757,-0.23709774017333984,-0.08252005563235798,-0.07821154594421387,-0.2813411056995392,0.004475167439068173,-0.06594514846801758,-0.3734738826751709,-0.05182072804427662,-0.05378633737564087,-0.24962082505226135,-0.05396367148614445,-0.07172483205795288,-0.24051105976104736,-0.037741816650395776,-0.021749138832092285,-0.2770194113254547,-0.002555253264745261,-0.005693018436431885,-0.34745439887046814,-0.061027775566344644,-0.005537688732147217,-0.239424467086792,-0.04163884655690708,-0.025626659393310547,-0.2311437427997589,-0.011464386294846918,0.03412485122680664,-0.2670985758304596,-0.01524843932247677,0.046985089778900146,-0.3211163878440857,-0.04612976596808949,0.04281800985336304,-0.24814718961715698,-0.030505455146794702,0.027807891368865967,-0.22944986820220947,-0.008583303588693525
A,0.0,0.0,0.0,-0.07928311824798584,-0.03839963674545288,-0.054652816362136036,-0.15337800979614258,-0.14566177129745483,-0.07725104571079555,-0.18971553444862366,-0.2695346176624298,-0.09790559739565197,-0.21480047702789307,-0.3652590811252594,-0.10543119788860622,-0.13778617978096008,-0.28439074754714966,-0.001864128375814289,-0.13337427377700806,-0.3816574811935425,-0.06007231653427425,-0.10960233211517334,-0.29471927881240845,-0.08057486147379223,-0.10542768239974976,-0.24353626370429993,-0.08176392943357769,-0.07732445001602173,-0.2870432734489441,0.00451852499747929,-0.06747722625732422,-0.3825579881668091,-0.05244567871784511,-0.05476194620132446,-0.2564404010772705,-0.054303223944657475,-0.07342100143432617,-0.24601560831069946,-0.03742334128116909,-0.019998788833618164,-0.2821376919746399,-0.0037195575213218035,-0.005958735942840576,-0.3570481538772583,-0.06240618855451885,-0.004889249801635742,-0.24855810403823853,-0.041594250805133015,-0.024954140186309814,-0.23768287897109985,-0.010233145884626538,0.035938143730163574,-0.2703576982021332,-0.017581832341306836,0.0483165979385376,-0.3276705741882324,-0.0483977633783752,0.044172704219818115,-0.25446557998657227,-0.03149815902804676,0.0287092924118042,-0.23380053043365479,-0.008466011590712696
A,0.0,0.0,0.0,-0.08145695924758911,-0.040812909603118896,-0.053782837052096966,-0.15479442477226257,-0.15014076232910156,-0.07491384219025576,-0.1912652850151062,-0.27514418959617615,-0.09402757655476535,-0.21512627601623535,-0.3724222779273987,-0.09993230323885882,-0.1383202075958252,-0.2877195477485657,0.00013985562549123642,-0.13366222381591797,-0.38825303316116333,-0.05841059382652247,-0.11036121845245361,-0.2960679233074188,-0.08123297016715014,-0.10606104135513306,-0.24615278840065002,-0.08488143752907717,-0.07603228092193604,-0.291061669588089,0.006231783836881277,-0.06557756662368774,-0.38959982991218567,-0.05283619980906451,-0.05483478307723999,-0.26245641708374023,-0.05868400033210719,-0.07221853733062744,-0.2498948574066162,-0.04483204479907954,-0.01754516363143921,-0.2848210632801056,-0.001978787180235031,-0.002809762954711914,-0.36185792088508606,-0.06223399337028468,-0.004374265670776367,-0.25155964493751526,-0.04435653384422267,-0.02468287944793701,-0.24006998538970947,-0.014871417131473663,0.03897339105606079,-0.2717512249946594,-0.015501554642071369,0.05166739225387573,-0.328736811876297,-0.04719165484999621,0.044728636741638184,-0.2546880543231964,-0.031705936003675106,0.027967989444732666,-0.23453578352928162,-0.009821864363004806
A,0.0,0.0,0.0,-0.08265513181686401,-0.04402196407318115,-0.05723453422581315,-0.15728378295898438,-0.15087544918060303,-0.08135942851697564,-0.19430071115493774,-0.2781710624694824,-0.10337490325366616,-0.21813535690307617,-0.37802332639694214,-0.11180332785045266,-0.14137610793113708,-0.29372355341911316,0.0002027978156320387,-0.13231387734413147,-0.39149487018585205,-0.06029711773192048,-0.110068678855896,-0.3005492091178894,-0.08334667717610955,-0.10797244310379028,-0.2508074641227722,-0.08640309905206323,-0.07830923795700073,-0.29400956630706787,0.007375801750072242,-0.06453543901443481,-0.39061540365219116,-0.05265296732579827,-0.054923295974731445,-0.26182499527931213,-0.057174501172653436,-0.07580578327178955,-0.2523534893989563,-0.04182993357574105,-0.01989501714706421,-0.2875237464904785,-0.0006748986667162171,-0.0027539730072021484,-0.36316558718681335,-0.06224290018474221,-0.00545048713684082,-0.25298723578453064,-0.04347420593296647,-0.028640806674957275,-0.24237000942230225,-0.012882131315222978,0.03658550977706909,-0.2746877670288086,-0.014488541684499978,0.05142652988433838,-0.3319183588027954,-0.046944988123527764,0.044634103775024414,-0.2582044005393982,-0.03128887449895501,0.025931596755981445,-0.23704302310943604,-0.008795503690294026
A,0.0,0.0,0.0,-0.08201628923416138,-0.04047638177871704,-0.05765655320374208,-0.15712028741836548,-0.150823712348938,-0.08073560949651437,-0.19389474391937256,-0.27835163474082947,-0.10097043272344308,-0.21718156337738037,-0.3778125047683716,-0.10737331267682748,-0.14044785499572754,-0.2944972813129425,-0.003676044850180915,-0.1322602927684784,-0.39251649379730225,-0.06276705917207437,-0.10925328731536865,-0.2982519268989563,-0.08360943254319864,-0.10692852735519409,-0.2524583637714386,-0.08584947940198617,-0.07652407884597778,-0.2954360246658325,0.0037134652002350776,-0.06318223476409912,-0.3914317488670349,-0.05676208492604928,-0.05263441801071167,-0.26018083095550537,-0.060562633539120725,-0.07256913185119629,-0.2523942291736603,-0.044849783743302396,-0.01720404624938965,-0.2887575328350067,-0.0037476337538464577,-0.0010079145431518555,-0.3626733124256134,-0.06622520145265298,-0.0031607747077941895,-0.25031954050064087,-0.047555242294947675,-0.02639138698577881,-0.24345368146896362,-0.017146219129244855,0.04030221700668335,-0.27697286009788513,-0.016744452158491185,0.0541149377822876,-0.3340529799461365,-0.04989787247268396,0.04783505201339722,-0.25858810544013977,-0.03439174276081758,0.02950233221054077,-0.23929381370544434,-0.012223222854117921
A,0.0,0.0,0.0,-0.08071565628051758,-0.04423648118972778,-0.059611818310202125,-0.15415853261947632,-0.15396803617477417,-0.08445540678161478,-0.19159656763076782,-0.2816438674926758,-0.1060625375475297,-0.2145826816558838,-0.38295668363571167,-0.11379795384067393,-0.13743293285369873,-0.29997801780700684,-0.005423468560309175,-0.1300739049911499,-0.3990327715873718,-0.0645227865542779,-0.10691642761230469,-0.30410829186439514,-0.08583202820676661,-0.10349202156066895,-0.2541375160217285,-0.08809546988862849,-0.07362669706344604,-0.3011823296546936,0.003458087775527474,-0.060227811336517334,-0.39969736337661743,-0.05671380322831965,-0.05045896768569946,-0.26788848638534546,-0.061401023086489204,-0.07018923759460449,-0.2563971281051636,-0.04625714432853556,-0.014263629913330078,-0.294590026140213,-0.0023810852080146105,0.0028148293495178223,-0.37100890278816223,-0.063817738112391,-0.0008949637413024902,-0.2588556706905365,-0.045624109473408225,-0.02401280403137207,-0.248609721660614,-0.015621851686717037,0.043354570865631104,-0.2825902998447418,-0.013854323443354133,0.05601811408996582,-0.3421994745731354,-0.04556637864965296,0.04895132780075073,-0.26703447103500366,-0.029649487253607276,0.030981481075286865,-0.24556386470794678,-0.0072722942795167
A,0.0,0.0,0.0,-0.08129686117172241,-0.042989492416381836,-0.05978376116684103,-0.15444150567054749,-0.15764743089675903,-0.08405802097252035,-0.19088584184646606,-0.28657639026641846,-0.10478633340528631,-0.21307414770126343,-0.3882235884666443,-0.11156581040552283,-0.13668131828308105,-0.3028503954410553,-0.008156304956287386,-0.13001304864883423,-0.4058144688606262,-0.06847773935726309,-0.10419732332229614,-0.3080318570137024,-0.09110902693203116,-0.09821033477783203,-0.2557084262371063,-0.09433392133644247,-0.07284271717071533,-0.3053709864616394,0.0004749892294739766,-0.05700576305389404,-0.40691453218460083,-0.06285733427932882,-0.04640388488769531,-0.2739591598510742,-0.07011000510385657,-0.06533515453338623,-0.2573946416378021,-0.05628107186487341,-0.013487040996551514,-0.29870492219924927,-0.00521469606167102,0.006743788719177246,-0.3749345541000366,-0.06870235201051855,0.002411484718322754,-0.2622382938861847,-0.051982347630769254,-0.021648645401000977,-0.2507856786251068,-0.022607869245916845,0.04387146234512329,-0.28647974133491516,-0.01636538725426817,0.058922529220581055,-0.34511101245880127,-0.04921182688406134,0.051191091537475586,-0.26883983612060547,-0.03375585448077345,0.031936824321746826,-0.24723517894744873,-0.011567466669589521
A,0.0,0.0,0.0,-0.08282262086868286,-0.051006853580474854,-0.0617861901911283,-0.15380585193634033,-0.16145175695419312,-0.08681986905060057,-0.18986934423446655,-0.29024815559387207,-0.10806799359045272,-0.21125516295433044,-0.39232733845710754,-0.11499634809217696,-0.13468950986862183,-0.3064647614955902,-0.0068682120682979075,-0.1270849108695984,-0.4083070755004883,-0.06686100787840132,-0.10232710838317871,-0.31042277812957764,-0.08952994323692565,-0.0991014838218689,-0.2573566734790802,-0.09276693738422637,-0.07064175605773926,-0.30892086029052734,0.003658502312532619,-0.05546760559082031,-0.40648847818374634,-0.058755152443268344,-0.045381009578704834,-0.2740435004234314,-0.0663483110757852,-0.06678736209869385,-0.25967592000961304,-0.053428791979172274,-0.01091015338897705,-0.30215921998023987,-0.00044051274664980156,0.008465886116027832,-0.3779706358909607,-0.06380476481638198,0.00429379940032959,-0.26558443903923035,-0.04715121216497664,-0.020307302474975586,-0.25377458333969116,-0.017968314284303233,0.04680478572845459,-0.28888991475105286,-0.010174042129733607,0.06109428405761719,-0.34950315952301025,-0.042648722002127215,0.052611708641052246,-0.27374863624572754,-0.027028389790871188,0.032961130142211914,-0.2511938810348511,-0.004816906111159369
A,0.0,0.0,0.0,-0.08170688152313232,-0.05267035961151123,-0.061221708156438126,-0.1524648368358612,-0.1643025279045105,-0.0865981137233689,-0.1887994408607483,-0.2928304672241211,-0.10839870626506354,-0.20906952023506165,-0.3955128788948059,-0.11590329612073447,-0.13299891352653503,-0.31020882725715637,-0.006430897474558606,-0.12624388933181763,-0.4111880660057068,-0.06693500334796454,-0.10171693563461304,-0.3126598596572876,-0.09064303392943884,-0.09815359115600586,-0.25981321930885315,-0.09470140988406683,-0.0688658356666565,-0.3129965364933014,0.0037124363386169534,-0.054819583892822266,-0.4103347659111023,-0.058917854525418534,-0.04508388042449951,-0.27830541133880615,-0.06712524647292639,-0.06529891490936279,-0.26401636004447937,-0.054588668592543854,-0.008564114570617676,-0.30576369166374207,-0.0006734425172112424,0.009382545948028564,-0.38215938210487366,-0.0635330980497315,0.0051686763763427734,-0.27080634236335754,-0.04668297673043753,-0.01759868860244751,-0.2591584324836731,-0.017395666413278832,0.04909795522689819,-0.29171937704086304,-0.010716453738780274,0.06187671422958374,-0.35079482197761536,-0.042649970002742066,0.05262035131454468,-0.27640199661254883,-0.026881712101669564,0.03427410125732422,-0.2554927468299866,-0.00455454651665832
A,0.0,0.0,0.0,-0.08197587728500366,-0.05247229337692261,-0.0583724246116617,-0.1522410809993744,-0.1625710129737854,-0.08343348435482767,-0.18850946426391602,-0.2900944948196411,-0.10600466809592035,-0.2081623077392578,-0.391989141702652,-0.11466317407212046,-0.13158273696899414,-0.30878040194511414,-0.0034398482403048547,-0.12744629383087158,-0.41004741191864014,-0.06481616727432993,-0.10328024625778198,-0.3123529553413391,-0.08987241766772058,-0.09641498327255249,-0.2587178945541382,-0.09473260275444773,-0.06857806444168091,-0.31156784296035767,0.004704394215877983,-0.05591988563537598,-0.41138383746147156,-0.0581496038230398,-0.04667288064956665,-0.27805283665657043,-0.06621711484513071,-0.06342518329620361,-0.26197877526283264,-0.05338218591532495,-0.008586406707763672,-0.3049577474594116,-0.001715315667752293,0.008704185485839844,-0.382582426071167,-0.06433019570431497,0.0036957263946533203,-0.2691403329372406,-0.04646777890047815,-0.01680159568786621,-0.2541954815387726,-0.016293057868097094,0.04925650358200073,-0.2912343740463257,-0.013792060011837748,0.06053668260574341,-0.3518086075782776,-0.04502951137146738,0.05066812038421631,-0.2766236364841461,-0.028312593394730357,0.03420138359069824,-0.25412100553512573,-0.005289928218189743
A,0.0,0.0,0.0,-0.08280360698699951,-0.05161130428314209,-0.05777732704893879,-0.15455245971679688,-0.159471333026886,-0.0831298795820885,-0.19094589352607727,-0.2867083251476288,-0.10591990177647403,-0.2101011872291565,-0.3891001045703888,-0.11519154583231739,-0.13358139991760254,-0.3046262264251709,-0.004660673934381521,-0.12986111640930176,-0.4063958525657654,-0.06332621400372318,-0.10529673099517822,-0.31157058477401733,-0.08681076442019275,-0.09839582443237305,-0.25774601101875305,-0.0912819546939545,-0.07050168514251709,-0.3085736036300659,0.003237728698763931,-0.05763667821884155,-0.40713512897491455,-0.056378346431415594,-0.0484505295753479,-0.2765159606933594,-0.06366397862450413,-0.06532323360443115,-0.2591392397880554,-0.0514490162314587,-0.010378777980804443,-0.30155694484710693,-0.0029202148144804596,0.007447302341461182,-0.37983253598213196,-0.06318016772286228,0.0025426149368286133,-0.26781830191612244,-0.04538757403508953,-0.018063902854919434,-0.2509462833404541,-0.01618798685387901,0.04737168550491333,-0.2861012816429138,-0.014602668146949327,0.05964130163192749,-0.34648874402046204,-0.045319375145595586,0.04964417219161987,-0.2724231481552124,-0.02882650171534351,0.03255337476730347,-0.24915608763694763,-0.006411917536865985
A,0.0,0.0,0.0,-0.0828549861907959,-0.054755568504333496,-0.056744013847094266,-0.15370142459869385,-0.16204488277435303,-0.08085247960804054,-0.19030702114105225,-0.2857106924057007,-0.10270836290834495,-0.2109469473361969,-0.3867088258266449,-0.11143212106941291,-0.13336890935897827,-0.30642324686050415,1.581814689188832e-05,-0.12948933243751526,-0.4052446186542511,-0.05984116804717132,-0.10540825128555298,-0.3148687481880188,-0.08636382308719703,-0.09790897369384766,-0.2597626745700836,-0.09252153423545906,-0.06942421197891235,-0.30987000465393066,0.007315066708940776,-0.057291388511657715,-0.4092760682106018,-0.05502637934802124,-0.04805630445480347,-0.2819180488586426,-0.06612215277669975,-0.06455981731414795,-0.25929006934165955,-0.0555193470132167,-0.009780824184417725,-0.3001306653022766,0.00045643898960179285,0.007786929607391357,-0.378872275352478,-0.06176874500630447,0.0034354329109191895,-0.270309716463089,-0.04629991290090629,-0.017030656337738037,-0.25029265880584717,-0.01756679353235313,0.04746854305267334,-0.28127437829971313,-0.011785601199846951,0.06018722057342529,-0.34487637877464294,-0.04316092741606781,0.05110621452331543,-0.2733234763145447,-0.0270020057719762,0.034326016902923584,-0.24923816323280334,-0.004319472172539918
A,0.0,0.0,0.0,-0.08254384994506836,-0.050818443298339844,-0.054632163551616486,-0.1543111801147461,-0.16154468059539795,-0.0768886608453272,-0.19119131565093994,-0.2872990071773529,-0.09715865081267339,-0.2126157283782959,-0.3869117498397827,-0.10397667711691838,-0.13261908292770386,-0.30186712741851807,0.0005554476487645843,-0.1285322904586792,-0.4038231372833252,-0.058187412974405106,-0.10500305891036987,-0.30600130558013916,-0.08295348560528737,-0.09989362955093384,-0.25313228368759155,-0.08841029828505498,-0.07002425193786621,-0.30572447180747986,0.0072771115778209605,-0.05726170539855957,-0.402200847864151,-0.052356499192285355,-0.048139989376068115,-0.2721443176269531,-0.061460304019021805,-0.06611382961273193,-0.2570011019706726,-0.050764041897821244,-0.011167049407958984,-0.2991912364959717,-8.004282022966436e-05,0.006255030632019043,-0.3761516213417053,-0.0599630241663931,0.0019629597663879395,-0.26564085483551025,-0.043399396297502335,-0.01918923854827881,-0.25217461585998535,-0.015313201528954323,0.04570657014846802,-0.28550779819488525,-0.012735531610417183,0.057885825634002686,-0.34668248891830444,-0.042636918780374344,0.04956609010696411,-0.27206215262413025,-0.02601870609538537,0.03305017948150635,-0.24971243739128113,-0.0038016356443790755
A,0.0,0.0,0.0,-0.0796094536781311,-0.05224299430847168,-0.056378190829093455,-0.1500551402568817,-0.159379243850708,-0.08031948791318655,-0.18734389543533325,-0.28262272477149963,-0.10175122456126928,-0.20825862884521484,-0.3819763660430908,-0.10980275408797979,-0.12781527638435364,-0.3009566366672516,-0.004056591498340367,-0.12544196844100952,-0.4016883373260498,-0.06234981255107641,-0.10082352161407471,-0.303941011428833,-0.08648158000283956,-0.09485101699829102,-0.25301042199134827,-0.0919913663106513,-0.06614941358566284,-0.3065173625946045,0.003473238130425216,-0.056542813777923584,-0.40305036306381226,-0.057629676027829646,-0.04571133852005005,-0.27263349294662476,-0.06695792959504843,-0.061813294887542725,-0.25626352429389954,-0.05631593750291586,-0.0076493024826049805,-0.3000403046607971,-0.002704392145062684,0.008523106575012207,-0.3791629672050476,-0.06330816583209753,0.0053452253341674805,-0.2688492238521576,-0.046583501114184855,-0.014977037906646729,-0.2538933753967285,-0.018348881466920375,0.04832911491394043,-0.28507083654403687,-0.014238482764596938,0.0608980655670166,-0.3466320037841797,-0.04488499225550413,0.052236199378967285,-0.2729775309562683,-0.029023041440780162,0.034622371196746826,-0.250405490398407,-0.007407178128744363
A,0.0,0.0,0.0,-0.07996922731399536,-0.0510786771774292,-0.056803552830785975,-0.1514817178249359,-0.15732848644256592,-0.08116438465771125,-0.1889057159423828,-0.2812623679637909,-0.1031727589910929,-0.20887744426727295,-0.3799077272415161,-0.11136745142397331,-0.1283530592918396,-0.298458069562912,-0.0033171525469128937,-0.12618935108184814,-0.39787912368774414,-0.0616778232401316,-0.10339540243148804,-0.2988103926181793,-0.08463579642233299,-0.0980987548828125,-0.25137290358543396,-0.0893904589360659,-0.06767278909683228,-0.30339205265045166,0.00435884443464829,-0.057501256465911865,-0.3971891403198242,-0.05542160051521705,-0.049215853214263916,-0.266208291053772,-0.06170962976869987,-0.0648648738861084,-0.2568235993385315,-0.049115183228821024,-0.009663224220275879,-0.29799360036849976,-0.002259279765382871,0.005950927734375,-0.3738940358161926,-0.061804125482410655,0.0009470582008361816,-0.2638213634490967,-0.04331522288379119,-0.017914533615112305,-0.2539270520210266,-0.014227675670952067,0.04625499248504639,-0.28475886583328247,-0.01459194200691627,0.058592379093170166,-0.3404487371444702,-0.04488526138123916,0.04788517951965332,-0.2674708664417267,-0.02931061613020347,0.030656278133392334,-0.24810460209846497,-0.008011415066391692
A,0.0,0.0,0.0,-0.07942348718643188,-0.047313809394836426,-0.0570966426113273,-0.15039438009262085,-0.15018385648727417,-0.08207402115851892,-0.18738633394241333,-0.2724419832229614,-0.10432415938169015,-0.20694971084594727,-0.37084928154945374,-0.1127900156953956,-0.1296907663345337,-0.2927745580673218,-0.005999616050871737,-0.12900948524475098,-0.3902561068534851,-0.06535076087504876,-0.10518425703048706,-0.2907048165798187,-0.08856497442513955,-0.09958386421203613,-0.24423739314079285,-0.09329393988639367,-0.0687362551689148,-0.2978690266609192,0.0022342932114725045,-0.05986982583999634,-0.38797104358673096,-0.058300660161080486,-0.04986757040023804,-0.25757941603660583,-0.06487091368228448,-0.06582844257354736,-0.251045823097229,-0.05249788722187532,-0.010376453399658203,-0.2935940623283386,-0.003622894577461011,0.0035275816917419434,-0.3655734658241272,-0.06382858490735543,0.00017344951629638672,-0.25502118468284607,-0.04523925593287004,-0.018252789974212646,-0.24893417954444885,-0.016129565594496853,0.04568988084793091,-0.28224074840545654,-0.01505504938006652,0.056650757789611816,-0.33447495102882385,-0.04543543344527734,0.04766124486923218,-0.25913846492767334,-0.029467295093240864,0.03223550319671631,-0.2414284646511078,-0.00787225382566703
A,0.0,0.0,0.0,-0.07911187410354614,-0.04510229825973511,-0.056914212125661834,-0.14998340606689453,-0.14605599641799927,-0.08086761267793463,-0.18709057569503784,-0.2655632793903351,-0.1018441710056095,-0.20720499753952026,-0.36131057143211365,-0.10959824355256842,-0.12848857045173645,-0.28550904989242554,-0.006758244186016782,-0.12927985191345215,-0.38131189346313477,-0.06307337613714026,-0.1063966453075409,-0.28100448846817017,-0.08480353088987158,-0.10105505585670471,-0.23650717735290527,-0.0893004778207569,-0.0679519772529602,-0.29158085584640503,0.0017268851498783988,-0.06102031469345093,-0.3796164393424988,-0.05735357658875273,-0.05203193426132202,-0.25095218420028687,-0.06428995164048956,-0.06631547212600708,-0.24248537421226501,-0.052590040433528884,-0.010769307613372803,-0.286785364151001,-0.0033850694907187062,0.0008720159530639648,-0.3565877676010132,-0.062433311659219726,-0.002507925033569336,-0.24694788455963135,-0.04458112077725218,-0.018587470054626465,-0.2402767837047577,-0.01625880407107161,0.04420071840286255,-0.27524590492248535,-0.013881049993756278,0.05145031213760376,-0.32586514949798584,-0.04308078991186903,0.0431177020072937,-0.25087451934814453,-0.02683919290018366,0.030397474765777588,-0.23340433835983276,-0.005499220396700366
A,0.0,0.0,0.0,-0.07813423871994019,-0.04254567623138428,-0.058849117522015604,-0.14801815152168274,-0.14318782091140747,-0.08363648391224388,-0.18373095989227295,-0.2624167501926422,-0.1047826994106913,-0.2035309076309204,-0.35725128650665283,-0.11243825293041709,-0.1262332797050476,-0.2829703092575073,-0.010596410174741777,-0.12710139155387878,-0.3746336102485657,-0.06708048171259406,-0.10401201248168945,-0.2754116654396057,-0.0868446592137957,-0.098263680934906,-0.2348247766494751,-0.08965731299377921,-0.06601941585540771,-0.2861805260181427,-0.0012013509766006791,-0.059383511543273926,-0.374620258808136,-0.05962452179647926,-0.050345778465270996,-0.24345749616622925,-0.06337790078379157,-0.06481057405471802,-0.24109262228012085,-0.048976874713673624,-0.009031832218170166,-0.2813171148300171,-0.005649690319671663,0.0025625228881835938,-0.3489300310611725,-0.06538852936483863,-0.0013692975044250488,-0.23656129837036133,-0.04588389656402114,-0.017362236976623535,-0.2348514199256897,-0.015997257818355592,0.04602992534637451,-0.2707659900188446,-0.015610837180986437,0.05400484800338745,-0.32084041833877563,-0.04573008305288795,0.045857906341552734,-0.24425140023231506,-0.02906471936859134,0.03398340940475464,-0.22825920581817627,-0.007025795326455864
A,0.0,0.0,0.0,-0.07549303770065308,-0.04606175422668457,-0.05347528559656212,-0.14426922798156738,-0.14412379264831543,-0.07662062225432464,-0.18135124444961548,-0.2583281099796295,-0.09774048504920074,-0.20106855034828186,-0.35191935300827026,-0.10622139153571197,-0.12190508842468262,-0.2777676582336426,-0.004428862310362547,-0.12524518370628357,-0.372538685798645,-0.061234819419098585,-0.10258299112319946,-0.28040289878845215,-0.08350928751320907,-0.09471124410629272,-0.2334522008895874,-0.08743446943850586,-0.06395161151885986,-0.2817215621471405,0.002642323779525668,-0.05807816982269287,-0.3722255825996399,-0.05489881960244247,-0.049208223819732666,-0.24731072783470154,-0.06082429615349838,-0.06228959560394287,-0.2383718192577362,-0.0480349610516555,-0.00839775800704956,-0.276639461517334,-0.0037930607286966733,0.003079056739807129,-0.3471771776676178,-0.06217365962953636,-0.0012342333793640137,-0.23884952068328857,-0.04426567507476875,-0.016917824745178223,-0.2306721806526184,-0.01531015121878454,0.045294880867004395,-0.264550119638443,-0.015321780643773764,0.05318939685821533,-0.3190111815929413,-0.044354750491095274,0.04378706216812134,-0.24582654237747192,-0.02774949064047405,0.031247317790985107,-0.2264813482761383,-0.0056745882102973155
A,0.0,0.0,0.0,-0.07387953996658325,-0.04682046175003052,-0.04927365150490459,-0.14239534735679626,-0.1466394066810608,-0.07034422870913204,-0.17896592617034912,-0.25919395685195923,-0.08997543569842037,-0.19713729619979858,-0.3514402210712433,-0.09741760458985027,-0.11851933598518372,-0.2761084735393524,-0.003244234893486464,-0.12333029508590698,-0.37189963459968567,-0.05778164830246624,-0.101544588804245,-0.2797640562057495,-0.07945433672705349,-0.09346544742584229,-0.23354122042655945,-0.08379908319750484,-0.06057882308959961,-0.2813916802406311,0.0022800027467155815,-0.05795407295227051,-0.370635986328125,-0.052849550211817586,-0.04898214340209961,-0.24867236614227295,-0.058706604355961645,-0.058968186378479004,-0.23849353194236755,-0.04707163986006435,-0.004814445972442627,-0.27519160509109497,-0.004924704732388818,0.002211630344390869,-0.3482104539871216,-0.060487132931143606,-0.0015743374824523926,-0.24232661724090576,-0.041817978436142766,-0.013688266277313232,-0.232343852519989,-0.013432816082627141,0.04966610670089722,-0.2620146572589874,-0.01690336916783508,0.05245774984359741,-0.31910043954849243,-0.04411655333080944,0.04278433322906494,-0.2481558918952942,-0.026748815963060224,0.03284633159637451,-0.22872862219810486,-0.004797693287969196
A,0.0,0.0,0.0,-0.07356464862823486,-0.048146724700927734,-0.05228906660562416,-0.14089930057525635,-0.14476770162582397,-0.07532195165043731,-0.17760545015335083,-0.2566695511341095,-0.09618570818787475,-0.19451987743377686,-0.3481839597225189,-0.10421576514130493,-0.11837965250015259,-0.27566078305244446,-0.00710094231402536,-0.1227826476097107,-0.3668125867843628,-0.06194663210993667,-0.10052236914634705,-0.2698279619216919,-0.08263831003790756,-0.09291061758995056,-0.2333499789237976,-0.08706848486548324,-0.06010699272155762,-0.27922025322914124,-0.0002045526511551543,-0.05780249834060669,-0.3665468692779541,-0.057146401845272976,-0.04922330379486084,-0.24273008108139038,-0.06219739257579704,-0.05869615077972412,-0.2413335144519806,-0.049917610131558376,-0.004369199275970459,-0.2736225128173828,-0.0061874853003587305,0.0030417442321777344,-0.3430441915988922,-0.06325443997269531,-0.0017257332801818848,-0.23644492030143738,-0.04383609979635139,-0.012771129608154297,-0.23333141207695007,-0.01475269231235643,0.04948049783706665,-0.262165904045105,-0.01721244654839893,0.05275094509124756,-0.3150859475135803,-0.04473407729750534,0.042968690395355225,-0.24502268433570862,-0.02764180093294044,0.034869372844696045,-0.22914859652519226,-0.005887116540577608
A,0.0,0.0,0.0,-0.07352536916732788,-0.04744821786880493,-0.05398188058029518,-0.14031746983528137,-0.1413014531135559,-0.07785938951860771,-0.17608079314231873,-0.2518765330314636,-0.09894532982002602,-0.19102707505226135,-0.3436968922615051,-0.10732555661093102,-0.11857205629348755,-0.27488332986831665,-0.008671015423942663,-0.12249469757080078,-0.3622807264328003,-0.06456334415565834,-0.10047677159309387,-0.26882532238960266,-0.08585345271717415,-0.09305265545845032,-0.23090660572052002,-0.08992541108023033,-0.060322582721710205,-0.27787289023399353,-0.0006211290412920789,-0.05907702445983887,-0.3631022572517395,-0.05849735710512505,-0.04974442720413208,-0.24033412337303162,-0.0643190470684658,-0.05964729189872742,-0.23672786355018616,-0.051650184129584886,-0.004642605781555176,-0.27268823981285095,-0.00551101790483699,0.001953423023223877,-0.33922284841537476,-0.06412514570843086,-0.0012157559394836426,-0.23297029733657837,-0.04593766379844055,-0.012049615383148193,-0.22955843806266785,-0.01657234962772236,0.048996925354003906,-0.2614653706550598,-0.015301694085110285,0.04969477653503418,-0.312290221452713,-0.043249062185395815,0.042346417903900146,-0.24220627546310425,-0.02628088827918873,0.036392033100128174,-0.22738173604011536,-0.004002803393859722
A,0.0,0.0,0.0,-0.07409027218818665,-0.046378254890441895,-0.050520309548403475,-0.1382679045200348,-0.13908344507217407,-0.07289186243298218,-0.17365741729736328,-0.24732407927513123,-0.09359764431002304,-0.19323110580444336,-0.3349642753601074,-0.10225676868441269,-0.11585649847984314,-0.26526904106140137,-0.004837149589832279,-0.11953118443489075,-0.3562431335449219,-0.05952950317742989,-0.09955847263336182,-0.26448124647140503,-0.08123702679159805,-0.09316816926002502,-0.2224564552307129,-0.08562664065840409,-0.059239745140075684,-0.2689628005027771,0.0017618969329191714,-0.056150853633880615,-0.3551507592201233,-0.05390377465965912,-0.04911869764328003,-0.2356376051902771,-0.06012103457334206,-0.05921122431755066,-0.2296973168849945,-0.04861573625686333,-0.005176544189453125,-0.2645212411880493,-0.004315676934595558,0.002750873565673828,-0.3334423899650574,-0.0605086994576709,-0.0022362470626831055,-0.22928795218467712,-0.0426895779776828,-0.013462662696838379,-0.22116845846176147,-0.01448373433532879,0.0466727614402771,-0.25339701771736145,-0.015214640948499891,0.05061072111129761,-0.3057803213596344,-0.042432931553150866,0.040995121002197266,-0.23718279600143433,-0.025851664434696886,0.032651305198669434,-0.21844545006752014,-0.004250427078034136
A,0.0,0.0,0.0,-0.07412239909172058,-0.04210257530212402,-0.04913437042972646,-0.1394229531288147,-0.13702046871185303,-0.06896181081077657,-0.17394715547561646,-0.24508073925971985,-0.08685771797439656,-0.19343838095664978,-0.33189260959625244,-0.09300277803680501,-0.11729657649993896,-0.2621074914932251,-0.002572156280564286,-0.11980611085891724,-0.35177093744277954,-0.0559796621336659,-0.0986989438533783,-0.2608855962753296,-0.0783284572198113,-0.09183001518249512,-0.21850144863128662,-0.08357854609033666,-0.061446577310562134,-0.2663302421569824,0.003405696920765422,-0.056271642446517944,-0.351487398147583,-0.05185218204400144,-0.048797667026519775,-0.2342512607574463,-0.05983806450507245,-0.060243189334869385,-0.22395038604736328,-0.04975041051051221,-0.008692264556884766,-0.2618769407272339,-0.0031403939019014615,0.0013616085052490234,-0.32870495319366455,-0.05938824687740407,-0.0028687715530395508,-0.22517621517181396,-0.04418546010396085,-0.01628565788269043,-0.21513861417770386,-0.01778192122122846,0.04233938455581665,-0.25072401762008667,-0.014253469674201824,0.04869210720062256,-0.30173492431640625,-0.042599116010876514,0.0401233434677124,-0.23277777433395386,-0.027841533093067028,0.02932947874069214,-0.21377095580101013,-0.007501232927950241
A,0.0,0.0,0.0,-0.07435646653175354,-0.03976154327392578,-0.049730744264309124,-0.13809669017791748,-0.13404566049575806,-0.0691792257644579,-0.16944244503974915,-0.24226629734039307,-0.08651197334307881,-0.19097471237182617,-0.3270403742790222,-0.09219967206496449,-0.1187129020690918,-0.2577066421508789,-0.0023984199438586984,-0.12027150392532349,-0.3435114920139313,-0.054207280329649166,-0.09903353452682495,-0.2550986707210541,-0.07504910608309956,-0.09352061152458191,-0.2161329686641693,-0.07953574886101933,-0.06381088495254517,-0.2620075047016144,0.004222208582575604,-0.057037174701690674,-0.3420318365097046,-0.04918666561621876,-0.04903563857078552,-0.22636711597442627,-0.05592059721726628,-0.06277129054069519,-0.22191554307937622,-0.045599654368345455,-0.01221400499343872,-0.25758495926856995,-0.001741283275407568,-0.00011408329010009766,-0.32098162174224854,-0.05633777757662983,-0.004739940166473389,-0.22041979432106018,-0.04109119629043789,-0.02071511745452881,-0.21581485867500305,-0.015564099005644039,0.03750026226043701,-0.2471114695072174,-0.012461565486376003,0.04686164855957031,-0.2957802414894104,-0.04033397515792103,0.039324164390563965,-0.22843250632286072,-0.026119723967497066,0.027856171131134033,-0.21299099922180176,-0.006625157832388595
A,0.0,0.0,0.0,-0.07122564315795898,-0.04131174087524414,-0.05021268403550039,-0.13472723960876465,-0.1302635669708252,-0.07096328488012205,-0.16806825995445251,-0.23497945070266724,-0.08934216848035703,-0.18732881546020508,-0.31917572021484375,-0.09600102803130994,-0.11609181761741638,-0.2534758150577545,-0.004392367735704283,-0.11770579218864441,-0.3375297784805298,-0.05480521073957334,-0.09724506735801697,-0.2508082687854767,-0.07389505854268918,-0.09126242995262146,-0.21166306734085083,-0.07734578749557386,-0.0619279146194458,-0.25873297452926636,0.002799561299184461,-0.05612987279891968,-0.3366430401802063,-0.04901580786724935,-0.04890847206115723,-0.22364744544029236,-0.054177409917315345,-0.06148788332939148,-0.21844011545181274,-0.043148382514914374,-0.010665714740753174,-0.25516796112060547,-0.0025180563742424056,0.000287473201751709,-0.31744951009750366,-0.055286961555680136,-0.004353940486907959,-0.22037696838378906,-0.04008849239369283,-0.01953667402267456,-0.21488219499588013,-0.015254702367087702,0.03922551870346069,-0.24464693665504456,-0.01265065087397943,0.0487704873085022,-0.2932068109512329,-0.039875904977520804,0.040454983711242676,-0.22823181748390198,-0.026695962012013297,0.02746105194091797,-0.21104490756988525,-0.008271970734199385
A,0.0,0.0,0.0,-0.07096052169799805,-0.03637862205505371,-0.05005999993380783,-0.13522768020629883,-0.1272915005683899,-0.06967272948321579,-0.16797778010368347,-0.2336762249469757,-0.08649218421277283,-0.18524020910263062,-0.31652718782424927,-0.09130659293231247,-0.11468595266342163,-0.24905076622962952,-0.006444639655171613,-0.11740487813949585,-0.3332468271255493,-0.05454288761910675,-0.09666389226913452,-0.24517792463302612,-0.07065100561675308,-0.09033048152923584,-0.20830470323562622,-0.0726532671957898,-0.06151074171066284,-0.25526347756385803,0.0008324896792260006,-0.0571894645690918,-0.33500248193740845,-0.04868166487511871,-0.04968076944351196,-0.22025996446609497,-0.05089775439199684,-0.06104952096939087,-0.21662068367004395,-0.03819733451899765,-0.010930657386779785,-0.25167813897132874,-0.004173505714504699,-0.0005184412002563477,-0.3161841332912445,-0.055262919178574066,-0.0044792890548706055,-0.21733510494232178,-0.03799388151463745,-0.017857074737548828,-0.21343713998794556,-0.01221698209491251,0.03855931758880615,-0.24069848656654358,-0.014055824501781444,0.047481000423431396,-0.2889189124107361,-0.040581278166143875,0.039640605449676514,-0.22427210211753845,-0.026974675840108375,0.028421223163604736,-0.2089143991470337,-0.008552839642732124
A,0.0,0.0,0.0,-0.07216048240661621,-0.038735270500183105,-0.04860050112370118,-0.13580918312072754,-0.1273949146270752,-0.06654161468509301,-0.1688985824584961,-0.23110029101371765,-0.08188393220666512,-0.187313973903656,-0.3126141130924225,-0.0851801137662278,-0.11748659610748291,-0.24625098705291748,-0.0021441727633373375,-0.1192396879196167,-0.33030441403388977,-0.05107565105322465,-0.09755602478981018,-0.24400529265403748,-0.0698729033804284,-0.09232649207115173,-0.20772141218185425,-0.07363983497384652,-0.06399133801460266,-0.2522679269313812,0.005198871042694009,-0.05929163098335266,-0.33117005228996277,-0.045543833378587806,-0.05058729648590088,-0.22007274627685547,-0.05117913589242562,-0.0633358359336853,-0.2157624363899231,-0.04089275628689393,-0.013567030429840088,-0.24963891506195068,0.00027351296262168034,-0.0032156705856323242,-0.3123912811279297,-0.05140862867597207,-0.0059359073638916016,-0.21608370542526245,-0.03636324286821946,-0.020279377698898315,-0.2117140293121338,-0.011894453991089904,0.03535228967666626,-0.240127831697464,-0.009388636540506923,0.04511070251464844,-0.2868060767650604,-0.03572704151633843,0.03748971223831177,-0.22304707765579224,-0.022847090590630614,0.02518826723098755,-0.20770269632339478,-0.004922664001469457
A,0.0,0.0,0.0,-0.07060962915420532,-0.0375630259513855,-0.05018650391190249,-0.13476699590682983,-0.1254996657371521,-0.06937636830895144,-0.16861462593078613,-0.22819003462791443,-0.08545330562679965,-0.1860727071762085,-0.3099044859409332,-0.08950422355025012,-0.11595875024795532,-0.24830463528633118,-0.004903679946949069,-0.11841386556625366,-0.3283976912498474,-0.05175019823997218,-0.09700769186019897,-0.24168580770492554,-0.06867269077389437,-0.09162485599517822,-0.20909249782562256,-0.07197706052153308,-0.0630263090133667,-0.2548659145832062,0.003017918206239756,-0.05923038721084595,-0.33061525225639343,-0.046470232541253154,-0.0504227876663208,-0.2190735936164856,-0.050823316211392466,-0.06207337975502014,-0.21683067083358765,-0.04001286276667315,-0.012866497039794922,-0.2506824731826782,-0.0011502420534839075,-0.003201723098754883,-0.31158387660980225,-0.051982142264535014,-0.005677342414855957,-0.21611082553863525,-0.03675873228399951,-0.019156277179718018,-0.21376150846481323,-0.012601514580239837,0.03611147403717041,-0.23975783586502075,-0.010114921490242068,0.04497194290161133,-0.2852754294872284,-0.036579337204386775,0.03736746311187744,-0.22256052494049072,-0.024297822500159327,0.02552938461303711,-0.20896005630493164,-0.00701301801069576
A,0.0,0.0,0.0,-0.07063129544258118,-0.04170060157775879,-0.04577280215761448,-0.1321553885936737,-0.12482762336730957,-0.06342815615079189,-0.16580772399902344,-0.22334563732147217,-0.07939048863789822,-0.18362194299697876,-0.30520451068878174,-0.08417737491271282,-0.11387035250663757,-0.24302980303764343,0.004252252096023312,-0.11720120906829834,-0.32525166869163513,-0.04604200281045223,-0.09755301475524902,-0.2465856671333313,-0.06930474944255138,-0.09025406837463379,-0.20533549785614014,-0.07550972707412029,-0.06169646978378296,-0.2485840916633606,0.010493288675036183,-0.057031095027923584,-0.32829031348228455,-0.04060621566912914,-0.049406498670578,-0.22256946563720703,-0.050255820228073844,-0.060990720987319946,-0.21056073904037476,-0.04260151468059803,-0.012592554092407227,-0.2438700795173645,0.004559959212031117,-0.0025274157524108887,-0.30888229608535767,-0.04734886444947506,-0.005959868431091309,-0.21545308828353882,-0.03526322923443104,-0.020333290100097656,-0.20400428771972656,-0.012141658997450122,0.03465676307678223,-0.23175948858261108,-0.005752842946264991,0.04334992170333862,-0.2810385227203369,-0.031862001939032325,0.03473508358001709,-0.21878385543823242,-0.019343722684595832,0.022216200828552246,-0.20068281888961792,-0.0013469372208305685
A,0.0,0.0,0.0,-0.06914415955543518,-0.03745007514953613,-0.04781796417677242,-0.13281169533729553,-0.12404626607894897,-0.06557267538750011,-0.1667208969593048,-0.22505778074264526,-0.08085318289244015,-0.18334704637527466,-0.3061743974685669,-0.08419631056034405,-0.11558863520622253,-0.2438633143901825,0.0004978913230502258,-0.117281973361969,-0.32401043176651,-0.04771577946388561,-0.0965304970741272,-0.24077051877975464,-0.06632519892895061,-0.09014597535133362,-0.2041640281677246,-0.0698413067265733,-0.06373783946037292,-0.2504362165927887,0.007368097011806185,-0.05801340937614441,-0.32867932319641113,-0.04262956238829929,-0.04949992895126343,-0.21805381774902344,-0.04781561724388439,-0.061958491802215576,-0.21154385805130005,-0.03675572581136066,-0.01476261019706726,-0.2466636598110199,0.0018546875099332283,-0.0035596489906311035,-0.30809324979782104,-0.04995967827284176,-0.006122171878814697,-0.2123900055885315,-0.035958021949170416,-0.02155172824859619,-0.20676326751708984,-0.011590493912933653,0.0325351357460022,-0.2356158196926117,-0.008206866751550024,0.042589783668518066,-0.281322717666626,-0.03489505506598789,0.035103797912597656,-0.2181265950202942,-0.02273748076999027,0.02171403169631958,-0.20274567604064941,-0.004971689148931091
A,0.0,0.0,0.0,-0.06867581605911255,-0.04157721996307373,-0.04715438670615413,-0.12963590025901794,-0.12413758039474487,-0.0661998327742026,-0.16361480951309204,-0.2227289080619812,-0.08331602922777392,-0.18291163444519043,-0.3041266202926636,-0.08910124114851214,-0.11276668310165405,-0.24055781960487366,0.0017235822123780054,-0.11524271965026855,-0.3221147060394287,-0.047627051539222975,-0.09533542394638062,-0.24352702498435974,-0.06892133615116336,-0.08847779035568237,-0.20261186361312866,-0.07372547797064044,-0.061176836490631104,-0.24692434072494507,0.008598983109493474,-0.057065367698669434,-0.327182412147522,-0.04180479533175685,-0.04854121804237366,-0.2213694453239441,-0.049642034984628935,-0.05985262989997864,-0.20927292108535767,-0.04050656146506526,-0.012708932161331177,-0.24304938316345215,0.003302363267664532,-0.0028641223907470703,-0.3074933886528015,-0.047853996224205275,-0.005531191825866699,-0.21574550867080688,-0.03499554208616473,-0.019904613494873047,-0.20382696390151978,-0.011364096022646208,0.03407639265060425,-0.2318764328956604,-0.006484827670703908,0.04237782955169678,-0.28225624561309814,-0.031934016562502165,0.034361422061920166,-0.22189772129058838,-0.019323204822342177,0.0215376615524292,-0.20265638828277588,-0.0013169419872269827
A,0.0,0.0,0.0,-0.06805551052093506,-0.03813457489013672,-0.04937372109429816,-0.13024544715881348,-0.12187135219573975,-0.06918718046085814,-0.16377675533294678,-0.2220243215560913,-0.08641860014336089,-0.18207406997680664,-0.30348098278045654,-0.09172123795883635,-0.11534041166305542,-0.2419421672821045,-0.0011541803557975072,-0.11639714241027832,-0.31870368123054504,-0.050165665657686986,-0.09582164883613586,-0.23545852303504944,-0.0689356414093254,-0.08912867307662964,-0.20272278785705566,-0.0725563255562065,-0.06372717022895813,-0.24704226851463318,0.006393690271806918,-0.05885300040245056,-0.32331612706184387,-0.043374588103461065,-0.05039432644844055,-0.2123149037361145,-0.04768363511698226,-0.06119716167449951,-0.2114119529724121,-0.03623364991085509,-0.014866560697555542,-0.24390897154808044,0.0013862970793070417,-0.0035625100135803223,-0.30513131618499756,-0.05046421787278632,-0.00714680552482605,-0.2084934115409851,-0.03521473458545188,-0.02105852961540222,-0.20524102449417114,-0.01011156695471982,0.03205972909927368,-0.2342584729194641,-0.008377586813139715,0.04150670766830444,-0.27976733446121216,-0.03501426553862075,0.033307790756225586,-0.21614712476730347,-0.022190881283449926,0.021484553813934326,-0.20104074478149414,-0.003935904098170795
A,0.0,0.0,0.0,-0.06763508915901184,-0.040154874324798584,-0.047336233452199394,-0.12909287214279175,-0.12341880798339844,-0.06621393342339843,-0.1641654670238495,-0.22144636511802673,-0.0833471917065367,-0.18341845273971558,-0.30138468742370605,-0.08878331412398666,-0.11273634433746338,-0.23710831999778748,0.0021021390350028923,-0.11578953266143799,-0.3181494474411011,-0.047495675876973564,-0.09579294919967651,-0.23818576335906982,-0.06694676508033126,-0.08932000398635864,-0.20096373558044434,-0.07030837763869613,-0.06203541159629822,-0.24322766065597534,0.009110949329794948,-0.05798003077507019,-0.3219502866268158,-0.040229415193437035,-0.04908660054206848,-0.21279889345169067,-0.04438616488897651,-0.0605047345161438,-0.20895516872406006,-0.032675103888152535,-0.013720989227294922,-0.2407636046409607,0.003433410871537035,-0.003227055072784424,-0.30426615476608276,-0.047487949624894554,-0.006053507328033447,-0.20959824323654175,-0.03217030842625945,-0.02039480209350586,-0.20319771766662598,-0.006980455618588621,0.03270578384399414,-0.23145979642868042,-0.006967275541512663,0.042878031730651855,-0.27963805198669434,-0.03252368201339095,0.03436845541000366,-0.21766799688339233,-0.019576323822377617,0.021789610385894775,-0.20065516233444214,-0.0013339045906946012
A,0.0,0.0,0.0,-0.06848174333572388,-0.038882672786712646,-0.04760128257925089,-0.13028064370155334,-0.1241106390953064,-0.0658120103007036,-0.164507657289505,-0.223189115524292,-0.0819035060530382,-0.1841428577899933,-0.30234116315841675,-0.08621744437272127,-0.1137000322341919,-0.23844850063323975,0.0012862468311709563,-0.11667212843894958,-0.31869691610336304,-0.04681993646676119,-0.09563648700714111,-0.2371283769607544,-0.06515892965848025,-0.08858785033226013,-0.2010747194290161,-0.06833298130089815,-0.06279972195625305,-0.24485346674919128,0.008438833075217644,-0.0590745210647583,-0.3230242431163788,-0.040394525957651695,-0.049733370542526245,-0.2127608060836792,-0.044445272517748435,-0.060838401317596436,-0.2087971568107605,-0.03288953749591883,-0.014506667852401733,-0.24239546060562134,0.0031240624549013774,-0.004031240940093994,-0.3059711754322052,-0.04747028647119578,-0.006668061017990112,-0.21047931909561157,-0.03188811985904749,-0.020655900239944458,-0.20411163568496704,-0.006813947559692224,0.032173752784729004,-0.23288005590438843,-0.006907961313970645,0.042364537715911865,-0.280172735452652,-0.03279861061031397,0.03447622060775757,-0.2173759937286377,-0.019925586861916145,0.022137999534606934,-0.20076864957809448,-0.001845877018183728
A,0.0,0.0,0.0,-0.06848442554473877,-0.0374140739440918,-0.04822315270763511,-0.13056612014770508,-0.12024420499801636,-0.06749910483819122,-0.16457319259643555,-0.21793293952941895,-0.08462424943905944,-0.18373310565948486,-0.29864829778671265,-0.09049024055462951,-0.11415725946426392,-0.23704704642295837,-0.0010383739809753934,-0.11828076839447021,-0.31634771823883057,-0.05009264494043464,-0.09763330221176147,-0.23971694707870483,-0.06938585261565322,-0.08965447545051575,-0.2011861801147461,-0.07277088979941482,-0.06329900026321411,-0.24349862337112427,0.006269477822513636,-0.058510035276412964,-0.32135504484176636,-0.04336275900465125,-0.049960166215896606,-0.21413516998291016,-0.048312876324473564,-0.06136879324913025,-0.20591211318969727,-0.03719428176742667,-0.015082895755767822,-0.24064478278160095,0.0012093576860365829,-0.0042234063148498535,-0.30213508009910583,-0.050828516434251014,-0.007558703422546387,-0.20725315809249878,-0.036676812867938224,-0.022303849458694458,-0.19760507345199585,-0.012017631854234878,0.03179413080215454,-0.23066455125808716,-0.008380526627718154,0.040870726108551025,-0.27868786454200745,-0.035692207466183845,0.032598137855529785,-0.2161252498626709,-0.023397009770690147,0.019400417804718018,-0.1976156234741211,-0.005286694920926038
A,0.0,0.0,0.0,-0.06797546148300171,-0.03600311279296875,-0.0438446481427377,-0.13021856546401978,-0.11880916357040405,-0.06243584721295292,-0.16454869508743286,-0.21446794271469116,-0.07951451881734783,-0.18457937240600586,-0.29426634311676025,-0.08603257729618008,-0.11337119340896606,-0.2352965772151947,-0.0017415835470160346,-0.11825916171073914,-0.3174656629562378,-0.04826857938377316,-0.09858036041259766,-0.23898786306381226,-0.06770461096374447,-0.09065386652946472,-0.19718915224075317,-0.07212930961458142,-0.06257578730583191,-0.24331650137901306,0.003296481706740906,-0.06104600429534912,-0.3202323317527771,-0.044816252281350444,-0.05185183882713318,-0.21526730060577393,-0.051265702088755916,-0.05925080180168152,-0.20139551162719727,-0.04188201620189602,-0.013891637325286865,-0.23924273252487183,-0.002841950132904003,-0.006275802850723267,-0.3028983175754547,-0.05113872184364254,-0.00790494680404663,-0.2121880054473877,-0.03715702190010006,-0.018116623163223267,-0.1995641589164734,-0.0138243031403249,0.03374826908111572,-0.2275080382823944,-0.013183836331052134,0.040688514709472656,-0.2783331871032715,-0.03797034590451176,0.032589733600616455,-0.2191086709499359,-0.025183374499363254,0.021723508834838867,-0.2004237174987793,-0.007517429505867312
A,0.0,0.0,0.0,-0.07049936056137085,-0.0337221622467041,-0.04670013545757001,-0.13388678431510925,-0.11438208818435669,-0.06636773480778402,-0.16795557737350464,-0.21056902408599854,-0.08400593383913701,-0.188690185546875,-0.29044198989868164,-0.09090082778340047,-0.11623015999794006,-0.23409846425056458,-0.0033789594911581844,-0.12239107489585876,-0.31546148657798767,-0.05211008398538297,-0.10137778520584106,-0.2372623085975647,-0.07278176828032201,-0.09303438663482666,-0.19599896669387817,-0.07761047466402715,-0.06454935669898987,-0.2426827847957611,0.0026556946083360344,-0.06306827068328857,-0.3192887008190155,-0.04730055912142461,-0.05290740728378296,-0.2130521535873413,-0.054273505348021445,-0.061388999223709106,-0.20049047470092773,-0.044738870698267874,-0.01538461446762085,-0.24014565348625183,-0.002981111991459784,-0.007920175790786743,-0.3012359142303467,-0.05369639082556432,-0.008899480104446411,-0.20780253410339355,-0.039507747280651984,-0.019822686910629272,-0.19629418849945068,-0.015329883086735663,0.03257334232330322,-0.2295650839805603,-0.013041283588165697,0.03875786066055298,-0.2769659757614136,-0.03934067918663686,0.03190129995346069,-0.21523231267929077,-0.026144890698844847,0.021830618381500244,-0.1972792148590088,-0.007668785869384465
A,0.0,0.0,0.0,-0.06973487138748169,-0.030559957027435303,-0.047641935865556206,-0.13552555441856384,-0.11078518629074097,-0.0679477817520251,-0.17172592878341675,-0.2073376178741455,-0.0857843077882876,-0.19216382503509521,-0.28761592507362366,-0.09248202956763407,-0.12076082825660706,-0.23230469226837158,-0.007957537765776124,-0.12699860334396362,-0.3136104643344879,-0.055269005815659966,-0.10672631859779358,-0.23088166117668152,-0.07290558434573313,-0.10022550821304321,-0.191444993019104,-0.07621877558079859,-0.067719966173172,-0.2426232397556305,-0.0016671793909495136,-0.0674268901348114,-0.3161522150039673,-0.050183422039424386,-0.058055728673934937,-0.2077246904373169,-0.054248436461364236,-0.0662054717540741,-0.19850635528564453,-0.04337078250495097,-0.016985654830932617,-0.24045920372009277,-0.00682922509980699,-0.01085779070854187,-0.29977256059646606,-0.055879212091838326,-0.012319087982177734,-0.20522576570510864,-0.039414714197789635,-0.022188007831573486,-0.1959354281425476,-0.014580898094152417,0.03220647573471069,-0.22947484254837036,-0.016580789457236733,0.03669333457946777,-0.2753095328807831,-0.04202751732913157,0.02994018793106079,-0.2136521339416504,-0.02832769520131251,0.021312236785888672,-0.1971597671508789,-0.00997099291083714
A,0.0,0.0,0.0,-0.07363036274909973,-0.03002035617828369,-0.043804280834763176,-0.13854774832725525,-0.11256128549575806,-0.06109553240474952,-0.1716950237751007,-0.20910722017288208,-0.07677132673796905,-0.1938096582889557,-0.2862129211425781,-0.08209900595483077,-0.11926782131195068,-0.231844961643219,-0.0035607629944820474,-0.12722274661064148,-0.3113937973976135,-0.05037790201839698,-0.10610872507095337,-0.2300238311290741,-0.06911435760792983,-0.09622329473495483,-0.18863075971603394,-0.07309903986987365,-0.06660717725753784,-0.24182194471359253,0.0009089468256320288,-0.06795507669448853,-0.31589436531066895,-0.04771785848078025,-0.05811569094657898,-0.20726323127746582,-0.053285900878279335,-0.0641959011554718,-0.19473940134048462,-0.043242812531559593,-0.016572564840316772,-0.23956570029258728,-0.005821520371853239,-0.01073300838470459,-0.3006790280342102,-0.05526616834339393,-0.012450218200683594,-0.20535361766815186,-0.04012493826684249,-0.021506935358047485,-0.1938301920890808,-0.01586092673477424,0.03247609734535217,-0.22835731506347656,-0.016785417126982338,0.03837195038795471,-0.2769927382469177,-0.04263119064506782,0.031176060438156128,-0.21453356742858887,-0.029152304308979637,0.022408515214920044,-0.19689488410949707,-0.010789144227771885
A,0.0,0.0,0.0,-0.07427516579627991,-0.028083086013793945,-0.04152925060492407,-0.14053040742874146,-0.11233830451965332,-0.05833079041343581,-0.1742182970046997,-0.20811694860458374,-0.07403560103279005,-0.19829726219177246,-0.28483471274375916,-0.07981370509963881,-0.12296921014785767,-0.22977957129478455,-0.0036233708205486437,-0.1295945644378662,-0.3098982870578766,-0.05091348410945784,-0.10773786902427673,-0.23199313879013062,-0.07073803366523634,-0.09772321581840515,-0.18738895654678345,-0.07528602452379118,-0.07030025124549866,-0.24052032828330994,-0.0007613670722435018,-0.07041841745376587,-0.3158787488937378,-0.04897715271812331,-0.05935600399971008,-0.20961123704910278,-0.05531614766817938,-0.0655585527420044,-0.1928471326828003,-0.04611350716453444,-0.01905253529548645,-0.23883265256881714,-0.008688708109673371,-0.012861967086791992,-0.3004494905471802,-0.057346240891035904,-0.013318777084350586,-0.206662118434906,-0.042180479777869095,-0.022704243659973145,-0.19126546382904053,-0.01825074040692698,0.031065165996551514,-0.2275840938091278,-0.02065179244976889,0.03618669509887695,-0.2782669961452484,-0.04622266562085997,0.029632925987243652,-0.21583211421966553,-0.03182659791212927,0.020437926054000854,-0.1949639916419983,-0.012939906021472325
A,0.0,0.0,0.0,-0.07163345813751221,-0.027154624462127686,-0.04277244021676552,-0.13903817534446716,-0.11125898361206055,-0.06075282578848373,-0.1756836175918579,-0.20788604021072388,-0.07701010440968048,-0.19976937770843506,-0.28598830103874207,-0.08315769021891128,-0.12463116645812988,-0.23050221800804138,-0.008600855223164672,-0.13080453872680664,-0.3128613829612732,-0.05525491943143379,-0.10779416561126709,-0.23133504390716553,-0.07343159799955856,-0.09884139895439148,-0.186384379863739,-0.07710101639412414,-0.07090681791305542,-0.2418813407421112,-0.004732031352148169,-0.07150626182556152,-0.31477779150009155,-0.05167510916970741,-0.05895739793777466,-0.20846331119537354,-0.05646673028849136,-0.0658315122127533,-0.19441324472427368,-0.047206552676186675,-0.018693745136260986,-0.24012291431427002,-0.011330309300944919,-0.012722551822662354,-0.30179646611213684,-0.058995587728247756,-0.011794090270996094,-0.20835059881210327,-0.04244074409388077,-0.021250993013381958,-0.19455939531326294,-0.018567569530830497,0.03182542324066162,-0.22881841659545898,-0.021977746836171264,0.037350356578826904,-0.28003203868865967,-0.04758125727556717,0.031813740730285645,-0.21652841567993164,-0.03294068013809692,0.022196173667907715,-0.19554150104522705,-0.01434386612407934
A,0.0,0.0,0.0,-0.07572546601295471,-0.02936100959777832,-0.037588074302561836,-0.1425911784172058,-0.11551779508590698,-0.05282822946298893,-0.17835110425949097,-0.21225082874298096,-0.0675605418740588,-0.2042563408613205,-0.2892741560935974,-0.07307225788224514,-0.12538576126098633,-0.22898414731025696,-0.003947845625020818,-0.13349178433418274,-0.3147648870944977,-0.04905208522666271,-0.11149224638938904,-0.23432913422584534,-0.06808519685853298,-0.10192987322807312,-0.18936306238174438,-0.07268526727546032,-0.07117468118667603,-0.24116727709770203,-0.002371243166066961,-0.07357215881347656,-0.31689226627349854,-0.04636102119673069,-0.06212088465690613,-0.2143319845199585,-0.05152757043231304,-0.0668153464794159,-0.19652187824249268,-0.043605148291476326,-0.018312960863113403,-0.2392621636390686,-0.010760516358800487,-0.014729112386703491,-0.3037644922733307,-0.05478125015486057,-0.013928055763244629,-0.21256381273269653,-0.03785138899672802,-0.020849645137786865,-0.1945069432258606,-0.014753483666368084,0.03274506330490112,-0.22750642895698547,-0.022959287708886222,0.036062657833099365,-0.28199729323387146,-0.045121389871724205,0.030167490243911743,-0.22058725357055664,-0.02906351300168808,0.02249404788017273,-0.19751983880996704,-0.01032921714920576
A,0.0,0.0,0.0,-0.07968851923942566,-0.024052202701568604,-0.03572456007691471,-0.15050095319747925,-0.10962921380996704,-0.04918536012860386,-0.18676194548606873,-0.2075250744819641,-0.06226323759051411,-0.21240751445293427,-0.2847026288509369,-0.06631000554057209,-0.1338343620300293,-0.2267288863658905,-0.0011376811178251955,-0.1425267457962036,-0.3118152618408203,-0.045509191508017466,-0.12005841732025146,-0.23295629024505615,-0.06529232328625767,-0.11017394065856934,-0.18734228610992432,-0.0705705679008588,-0.07926085591316223,-0.24040138721466064,-0.000880678113162503,-0.0843067467212677,-0.31596171855926514,-0.04280140092464535,-0.07144775986671448,-0.21814051270484924,-0.048533896262370035,-0.07489198446273804,-0.19851082563400269,-0.04165231278034298,-0.025717556476593018,-0.23954960703849792,-0.01055747112127392,-0.024326860904693604,-0.30473482608795166,-0.05289457579942791,-0.0211217999458313,-0.21610718965530396,-0.03658570190759747,-0.02697417140007019,-0.1969873309135437,-0.01440420122685282,0.02697053551673889,-0.22870910167694092,-0.023977443853937075,0.026477843523025513,-0.2843508720397949,-0.044972108955107615,0.023481428623199463,-0.22375157475471497,-0.028538823405824587,0.018143385648727417,-0.19998925924301147,-0.009823175425253794
A,0.0,0.0,0.0,-0.08142751455307007,-0.03184211254119873,-0.03567533560959646,-0.15149438381195068,-0.1156274676322937,-0.049404475772064416,-0.19020941853523254,-0.20973947644233704,-0.06357757740585157,-0.21772485971450806,-0.2855638861656189,-0.06905677908031294,-0.1319352388381958,-0.2304489016532898,0.002959293379205974,-0.1453734040260315,-0.31161001324653625,-0.04180690267054388,-0.12272244691848755,-0.2359243929386139,-0.06346398585407087,-0.10916879773139954,-0.19338566064834595,-0.07023216777412244,-0.0767832100391388,-0.24371066689491272,0.0035972635454868396,-0.0838228166103363,-0.32000547647476196,-0.03989654027787992,-0.07259070873260498,-0.21921736001968384,-0.04679419838754484,-0.07375755906105042,-0.19875258207321167,-0.04017569118110487,-0.02331620454788208,-0.24005693197250366,-0.005978317865412919,-0.022694438695907593,-0.30621156096458435,-0.049582593077104775,-0.022957950830459595,-0.2169438600540161,-0.033883143150490014,-0.026101887226104736,-0.1964084506034851,-0.011229388349931924,0.028918206691741943,-0.22613400220870972,-0.019348254361432282,0.02976199984550476,-0.285560667514801,-0.04031647735206434,0.022015810012817383,-0.22794672846794128,-0.024252662369292466,0.016659200191497803,-0.2038370668888092,-0.005488896210920302
A,0.0,0.0,0.0,-0.08214142918586731,-0.025794804096221924,-0.03966783887477732,-0.15669071674346924,-0.11107361316680908,-0.05346051013799524,-0.19872528314590454,-0.20919835567474365,-0.06740880912872171,-0.2287144809961319,-0.2841571271419525,-0.07195827520223474,-0.1417241096496582,-0.22740626335144043,0.008371695254425049,-0.15469685196876526,-0.30961132049560547,-0.03769958919616556,-0.12850278615951538,-0.2328619658946991,-0.05822690731616831,-0.11732736229896545,-0.19328227639198303,-0.06326774663062906,-0.08589980006217957,-0.24353158473968506,0.010783368099907875,-0.0940399169921875,-0.3176685571670532,-0.035611306938847065,-0.07887002825737,-0.2145882546901703,-0.04243448904486513,-0.08274084329605103,-0.20099329948425293,-0.03356692350240564,-0.031249046325683594,-0.24483701586723328,0.001561297529804051,-0.03254455327987671,-0.30489856004714966,-0.04599950617881632,-0.028856933116912842,-0.2131698727607727,-0.03079327351184702,-0.03322592377662659,-0.20134130120277405,-0.00646116413878417,0.02317720651626587,-0.23707348108291626,-0.011749403241594791,0.019897758960723877,-0.2863827347755432,-0.03450631878109789,0.016344398260116577,-0.22481712698936462,-0.018781777161677837,0.013158977031707764,-0.2063159942626953,0.0007944285939061047
A,0.0,0.0,0.0,-0.08159363269805908,-0.025015056133270264,-0.03983131034914322,-0.15486828982830048,-0.10763329267501831,-0.05390039815250702,-0.19868026673793793,-0.2014082968235016,-0.06786643325034447,-0.2280510812997818,-0.27773669362068176,-0.07277478634063073,-0.13944828510284424,-0.22366774082183838,0.006737722245418354,-0.15616075694561005,-0.30438268184661865,-0.03982734291497536,-0.13141250610351562,-0.22882205247879028,-0.062264729129708485,-0.11821243166923523,-0.18747800588607788,-0.06885750948134728,-0.08383047580718994,-0.24032741785049438,0.009166372170113846,-0.09383198618888855,-0.313001811504364,-0.03723768128696747,-0.0809195339679718,-0.21160081028938293,-0.04553420825544663,-0.08306899666786194,-0.19423609972000122,-0.038407124417460636,-0.029217571020126343,-0.24063515663146973,0.00010746614276513355,-0.032250553369522095,-0.30220407247543335,-0.047294284986890034,-0.029904216527938843,-0.21113556623458862,-0.03368747218195267,-0.0332319438457489,-0.19757992029190063,-0.011146352464891152,0.02511739730834961,-0.2314494550228119,-0.012917968283034043,0.02194535732269287,-0.28077882528305054,-0.036280441867745594,0.01726973056793213,-0.21789586544036865,-0.02176611854378052,0.014186978340148926,-0.1979026198387146,-0.0034032020034260313
A,0.0,0.0,0.0,-0.08242526650428772,-0.027142703533172607,-0.040754146560800564,-0.1549992710351944,-0.10781282186508179,-0.05549700526870538,-0.19851747155189514,-0.2017776072025299,-0.06972934274352838,-0.2255418300628662,-0.2796066701412201,-0.07421845166362573,-0.1385025680065155,-0.22570937871932983,0.005855585761594284,-0.1567515730857849,-0.30332428216934204,-0.040279525950325024,-0.13129210472106934,-0.22654953598976135,-0.0606994700280552,-0.11505022644996643,-0.18625491857528687,-0.06606187640107919,-0.08423241972923279,-0.24106097221374512,0.008599884189891327,-0.09491133689880371,-0.3170165419578552,-0.037998530700576794,-0.07862609624862671,-0.21347099542617798,-0.04452954201377679,-0.0771254301071167,-0.19780918955802917,-0.03578915788210679,-0.030513912439346313,-0.24294158816337585,-0.0002243632549721042,-0.03272885084152222,-0.30526188015937805,-0.04916967420257379,-0.02906385064125061,-0.21041882038116455,-0.034389536514652264,-0.03157755732536316,-0.1956075131893158,-0.010426796659601223,0.023880988359451294,-0.23610597848892212,-0.013042177691829693,0.02097800374031067,-0.2862062454223633,-0.03799204869545747,0.01749393343925476,-0.22145432233810425,-0.02329783669091512,0.01545870304107666,-0.2014690339565277,-0.004289924319607508
A,0.0,0.0,0.0,-0.08086547255516052,-0.021753907203674316,-0.036476635103383614,-0.15587562322616577,-0.09832566976547241,-0.04870551890627439,-0.20449137687683105,-0.1891290545463562,-0.06147984108821447,-0.2316465824842453,-0.26335519552230835,-0.06466323203341062,-0.14642152190208435,-0.22088474035263062,0.01446084798379843,-0.16371843218803406,-0.29974931478500366,-0.0318169339646488,-0.13864357769489288,-0.22550803422927856,-0.052784164165416314,-0.12388703227043152,-0.18584996461868286,-0.057488740151086404,-0.09258982539176941,-0.23683759570121765,0.016063473458132194,-0.10149931907653809,-0.3133001923561096,-0.030789737318912103,-0.085206538438797,-0.20998769998550415,-0.03749176553384359,-0.08481699228286743,-0.19303041696548462,-0.027543917958894326,-0.03734833002090454,-0.2387867569923401,0.005732484898260282,-0.03822445869445801,-0.29919856786727905,-0.043091972087779595,-0.03336319327354431,-0.20427969098091125,-0.02940623528257902,-0.03642672300338745,-0.19062727689743042,-0.00501812734574969,0.01776134967803955,-0.23210793733596802,-0.008162614618697717,0.014775574207305908,-0.2809591591358185,-0.03103482975558336,0.01278349757194519,-0.21662771701812744,-0.016384393637338235,0.011937588453292847,-0.19829979538917542,0.0029113490979284506
A,0.0,0.0,0.0,-0.08405351638793945,-0.019897043704986572,-0.04025056256170956,-0.1568404883146286,-0.09436547756195068,-0.055938106460530435,-0.2019403874874115,-0.1845618486404419,-0.07183841658945767,-0.22877934575080872,-0.26216602325439453,-0.07853318048830715,-0.15058597922325134,-0.22549855709075928,0.011014115566354121,-0.16747906804084778,-0.292574405670166,-0.04278528360839573,-0.14069923758506775,-0.2212519645690918,-0.06988704247589794,-0.12286365032196045,-0.177763432264328,-0.07698262525912014,-0.09385880827903748,-0.23775529861450195,0.012555122876506175,-0.10705134272575378,-0.3075498640537262,-0.0401872512530872,-0.08756139874458313,-0.2015412449836731,-0.04942363543625561,-0.08337172865867615,-0.18067553639411926,-0.0393596407603809,-0.038017988204956055,-0.23735162615776062,0.001412986813079442,-0.04292970895767212,-0.2942677140235901,-0.0533831831645557,-0.03554177284240723,-0.1966153085231781,-0.039059754891354714,-0.03473120927810669,-0.17822429537773132,-0.012056147178668652,0.018662720918655396,-0.22785085439682007,-0.013643512001294766,0.010908663272857666,-0.2761380672454834,-0.039919887168366586,0.009843617677688599,-0.20762783288955688,-0.023112858144600068,0.010683894157409668,-0.18456697463989258,-0.0006608494087458894
A,0.0,0.0,0.0,-0.08062905073165894,-0.014930248260498047,-0.04264537438791649,-0.15610899031162262,-0.09245407581329346,-0.06042809605639832,-0.20250771939754486,-0.18540120124816895,-0.0777689051632251,-0.22904206812381744,-0.26421019434928894,-0.08568353027146713,-0.14848113059997559,-0.22327399253845215,0.0004738338008110077,-0.1634218841791153,-0.2999382019042969,-0.05616761937778847,-0.13688647747039795,-0.22473472356796265,-0.08267044097226517,-0.12029999494552612,-0.1771303117275238,-0.08914765536826508,-0.09332442283630371,-0.23495453596115112,0.0021216586879972965,-0.10242301225662231,-0.30556607246398926,-0.05213585317176239,-0.08329582214355469,-0.19713890552520752,-0.0597356837992038,-0.08212333917617798,-0.17827171087265015,-0.04922264635604279,-0.03820201754570007,-0.235491544008255,-0.008818727992888853,-0.04109707474708557,-0.29528796672821045,-0.0649246257547702,-0.03229135274887085,-0.19496113061904907,-0.04880067154806511,-0.03364941477775574,-0.1781630516052246,-0.02132637992542641,0.017422795295715332,-0.22705328464508057,-0.023891218081530496,0.012808501720428467,-0.2750190496444702,-0.052889918983396456,0.014239281415939331,-0.2056427299976349,-0.03650015041273491,0.014578163623809814,-0.18342477083206177,-0.014423461705860063
A,0.0,0.0,0.0,-0.07923409342765808,-0.011143028736114502,-0.04591265843396286,-0.1554669290781021,-0.08973777294158936,-0.06582836584334473,-0.20411141216754913,-0.18582668900489807,-0.08448457495455841,-0.23393824696540833,-0.26529461145401,-0.09394646213536362,-0.15121087431907654,-0.22211843729019165,-0.006125982023377219,-0.1714048534631729,-0.30204102396965027,-0.06289084778313736,-0.1620979607105255,-0.23191747069358826,-0.08779756502394775,-0.1626153588294983,-0.18816876411437988,-0.09359649346356491,-0.09379610419273376,-0.23557496070861816,-0.0029278552267442137,-0.10678458213806152,-0.30846941471099854,-0.056343553226042786,-0.08980667591094971,-0.19403797388076782,-0.0585572511065493,-0.08967524766921997,-0.1810825765132904,-0.04387086779956917,-0.036231398582458496,-0.23692548274993896,-0.012505242239285508,-0.04345422983169556,-0.29401519894599915,-0.06889106855874161,-0.036419183015823364,-0.189833402633667,-0.048407485346842805,-0.03819316625595093,-0.17687132954597473,-0.017576202388454476,0.020786762237548828,-0.22900930047035217,-0.026571910466600457,0.012098699808120728,-0.27681854367256165,-0.055293680738259354,0.011767417192459106,-0.20486465096473694,-0.036244121949721375,0.013135433197021484,-0.1838315725326538,-0.012079141672302285
A,0.0,0.0,0.0,-0.07758688926696777,-0.016515254974365234,-0.04168300994842866,-0.1534162014722824,-0.09634914994239807,-0.05928954773753503,-0.20193791389465332,-0.18837928771972656,-0.07595224597662309,-0.22840234637260437,-0.26155993342399597,-0.08267733373850206,-0.14642557501792908,-0.21804344654083252,-0.0038467991462312057,-0.16372165083885193,-0.3022882342338562,-0.058405595954354794,-0.13951359689235687,-0.22633355855941772,-0.08348779299467424,-0.12705889344215393,-0.17018279433250427,-0.08938717761247972,-0.08948606252670288,-0.23289039731025696,-0.0019009872403330519,-0.09902620315551758,-0.3139592856168747,-0.05562759109943727,-0.08013540506362915,-0.20712128281593323,-0.06298064359634736,-0.08054101467132568,-0.1797180473804474,-0.05244678923099855,-0.03325209021568298,-0.23389768600463867,-0.011435796629484685,-0.03721529245376587,-0.2980363368988037,-0.06502614834516862,-0.029561281204223633,-0.19978827238082886,-0.04859016009777406,-0.033772677183151245,-0.1789143979549408,-0.02143462666481355,0.023129284381866455,-0.22554025053977966,-0.024900364812310727,0.018178164958953857,-0.2777838706970215,-0.0514039836189113,0.01836255192756653,-0.21218881011009216,-0.03414129012435296,0.01614275574684143,-0.190651535987854,-0.012055371079441102
A,0.0,0.0,0.0,-0.07834872603416443,-0.016384661197662354,-0.03955858925752409,-0.15316185355186462,-0.10188007354736328,-0.055929951168820935,-0.2005167156457901,-0.19495323300361633,-0.07168454656772383,-0.22798366844654083,-0.26824916899204254,-0.07752915451698073,-0.1495738923549652,-0.2185133397579193,-0.002074992083237248,-0.16694802045822144,-0.306298166513443,-0.056411694534347134,-0.1410236358642578,-0.23041555285453796,-0.08179420212678679,-0.1285366714000702,-0.17249876260757446,-0.08761899898223646,-0.09280142188072205,-0.23385462164878845,-0.0007730246607593472,-0.10135975480079651,-0.3194754272699356,-0.052940025724694806,-0.0816912055015564,-0.21494007110595703,-0.06048582474164732,-0.08295989036560059,-0.18483808636665344,-0.05026549080781706,-0.03680509328842163,-0.23556286096572876,-0.010713188708052712,-0.040348321199417114,-0.3003465235233307,-0.061926241763160306,-0.032102614641189575,-0.20447862148284912,-0.04528735185436972,-0.03623110055923462,-0.18204620480537415,-0.018611704729721623,0.019167184829711914,-0.22789716720581055,-0.024510474674627858,0.013442069292068481,-0.280039519071579,-0.048821270264909344,0.014096200466156006,-0.21494123339653015,-0.03070721010141142,0.012256383895874023,-0.1922411322593689,-0.008477133497819977
A,0.0,0.0,0.0,-0.07993444800376892,-0.024615764617919922,-0.03940521647831474,-0.15336135029792786,-0.10908752679824829,-0.05521092286011253,-0.19989731907844543,-0.20208582282066345,-0.07075164934298073,-0.2258223593235016,-0.2767646312713623,-0.0762659507026342,-0.1488245129585266,-0.22055315971374512,0.001244297235700742,-0.1647685170173645,-0.31201624870300293,-0.053952430390324935,-0.1348985731601715,-0.2409573793411255,-0.0810690941443113,-0.11834481358528137,-0.1832142174243927,-0.0878439666857389,-0.09140828251838684,-0.2359546422958374,0.0026658866400453007,-0.09799540042877197,-0.3242674767971039,-0.0517160194148687,-0.07688292860984802,-0.22171005606651306,-0.06189417561193977,-0.07832637429237366,-0.18862542510032654,-0.052860458396878585,-0.03465771675109863,-0.2372426688671112,-0.00724103163605605,-0.03589165210723877,-0.30412183701992035,-0.0595294805397657,-0.028037220239639282,-0.2106359302997589,-0.0444617914189962,-0.033861756324768066,-0.1868148148059845,-0.01827596222659622,0.021038532257080078,-0.2290745973587036,-0.021059441395607337,0.01911112666130066,-0.28297296166419983,-0.045815550737586364,0.01860174536705017,-0.22113600373268127,-0.028490277953949317,0.014552593231201172,-0.19842031598091125,-0.006450646572318419
A,0.0,0.0,0.0,-0.08046481013298035,-0.0245816707611084,-0.038499921521690794,-0.15356451272964478,-0.11010921001434326,-0.053456027022150465,-0.19889923930168152,-0.20643547177314758,-0.06829819451883168,-0.2279926836490631,-0.2794046700000763,-0.07346974681928486,-0.14936602115631104,-0.2234419882297516,0.0031529728243526733,-0.16362112760543823,-0.3179403245449066,-0.051808051726368376,-0.1318577229976654,-0.2469026744365692,-0.07986618947103352,-0.1159716546535492,-0.19461500644683838,-0.08766864608838887,-0.092336505651474,-0.23728030920028687,0.003930947781952909,-0.0973505973815918,-0.3281264007091522,-0.05101952325418324,-0.07606282830238342,-0.22605669498443604,-0.06322820853307576,-0.08092382550239563,-0.19393959641456604,-0.055832672825602,-0.03747761249542236,-0.23893192410469055,-0.00642499975725741,-0.03781026601791382,-0.30663058161735535,-0.05926750223949284,-0.02864152193069458,-0.21319249272346497,-0.04538830365851254,-0.03619629144668579,-0.1895468831062317,-0.020216865426448294,0.017088085412979126,-0.23251762986183167,-0.020569676494744726,0.015281379222869873,-0.2856307476758957,-0.04550655554845662,0.01761305332183838,-0.22160696983337402,-0.02818748537316651,0.01316070556640625,-0.19790363311767578,-0.006361232566234776
A,0.0,0.0,0.0,-0.079743891954422,-0.02642253041267395,-0.03629844740163435,-0.15087226033210754,-0.11259379982948303,-0.052097288073412074,-0.19418475031852722,-0.20834392309188843,-0.06819643184672941,-0.22184738516807556,-0.2798473685979843,-0.07472781941424955,-0.1468130648136139,-0.22169917821884155,-0.0016718835070719251,-0.1612904667854309,-0.321720689535141,-0.05648966983090986,-0.1273612082004547,-0.24982397258281708,-0.08409800484906782,-0.11102280020713806,-0.19435575604438782,-0.09185906604062666,-0.08998405933380127,-0.23570209741592407,-0.001965641389972461,-0.09393221139907837,-0.3271528482437134,-0.05666779458653082,-0.07121488451957703,-0.2261577844619751,-0.06882193789016355,-0.07814452052116394,-0.19161677360534668,-0.06250970170032133,-0.034482210874557495,-0.23704248666763306,-0.012418187336436404,-0.035528749227523804,-0.3084018975496292,-0.06372976407539,-0.024837195873260498,-0.2157013714313507,-0.048803103269449366,-0.034344643354415894,-0.1875312626361847,-0.02412198029588808,0.019516795873641968,-0.2293109893798828,-0.026458642558566225,0.01896718144416809,-0.28310374915599823,-0.050690994711033,0.02110081911087036,-0.22156637907028198,-0.033103485704771174,0.014477133750915527,-0.1969527006149292,-0.011722037681749953
A,0.0,0.0,0.0,-0.08118829131126404,-0.026666253805160522,-0.033576065185684456,-0.15224722027778625,-0.11332499980926514,-0.04739394921364237,-0.19521531462669373,-0.21115249395370483,-0.062232365342993035,-0.2236863076686859,-0.28503812849521637,-0.06798190388383318,-0.14689704775810242,-0.22226235270500183,0.004394173645209776,-0.16046607494354248,-0.3208836615085602,-0.04794579509200503,-0.12858495116233826,-0.2500222325325012,-0.07441533866824557,-0.11332207918167114,-0.196949303150177,-0.0818790024846976,-0.09182360768318176,-0.23418548703193665,0.0026865543562735184,-0.09427011013031006,-0.3241342753171921,-0.0486664226979201,-0.07347208261489868,-0.2251836359500885,-0.06013097006382395,-0.08121359348297119,-0.19239524006843567,-0.054026765260118736,-0.03774374723434448,-0.2343030869960785,-0.009313909779507412,-0.03625628352165222,-0.3027448207139969,-0.05888503554763247,-0.026736140251159668,-0.21194416284561157,-0.04528533059658457,-0.03764623403549194,-0.18576371669769287,-0.022046451899427666,0.015718519687652588,-0.2258756458759308,-0.02469737965168406,0.01612052321434021,-0.27874964475631714,-0.04812383789123942,0.01869937777519226,-0.2174493372440338,-0.03113063189687182,0.011720120906829834,-0.19224315881729126,-0.010536972875911488
A,0.0,0.0,0.0,-0.08013206720352173,-0.026363641023635864,-0.03549857363964293,-0.1528998613357544,-0.11656904220581055,-0.04827417732144568,-0.1974186897277832,-0.21620750427246094,-0.06193843782807562,-0.2250409573316574,-0.2925616204738617,-0.06557051391268942,-0.14708444476127625,-0.22476723790168762,0.007162566101897028,-0.15961113572120667,-0.3254680931568146,-0.04506137520934317,-0.12654238939285278,-0.2485777586698532,-0.0695611044850466,-0.11410900950431824,-0.19682753086090088,-0.0754783779468653,-0.09290042519569397,-0.23639601469039917,0.0063842556353392865,-0.0960681140422821,-0.32864823937416077,-0.04549881742264006,-0.0730782151222229,-0.22557389736175537,-0.05532532484198782,-0.08248800039291382,-0.19659295678138733,-0.04728485197688315,-0.03960588574409485,-0.23661017417907715,-0.005466505148660872,-0.03874582052230835,-0.3064954876899719,-0.055641449251425,-0.026919037103652954,-0.21323701739311218,-0.04092264846826765,-0.03884470462799072,-0.19032636284828186,-0.016457644486081335,0.013335257768630981,-0.22969651222229004,-0.02105992586280081,0.014486253261566162,-0.2819245755672455,-0.0445422522809622,0.017704099416732788,-0.21965059638023376,-0.027754738190424177,0.0101642906665802,-0.19576767086982727,-0.007144761000972721
A,0.0,0.0,0.0,-0.08069142699241638,-0.027716726064682007,-0.03626294259146334,-0.14902159571647644,-0.11745798587799072,-0.04896288935259463,-0.19114086031913757,-0.2169162929058075,-0.06224620167330386,-0.21858826279640198,-0.2924267500638962,-0.06595159892157199,-0.1424899697303772,-0.2215329110622406,0.00755587814211367,-0.1530924141407013,-0.32308150827884674,-0.04398900840595843,-0.12311911582946777,-0.2444818913936615,-0.06975032214239718,-0.11395248770713806,-0.1941116750240326,-0.0773820934088576,-0.08935624361038208,-0.2326580286026001,0.007260556685025676,-0.09131559729576111,-0.32704703509807587,-0.045056818166528956,-0.0718601644039154,-0.22419393062591553,-0.05734127585009219,-0.08217912912368774,-0.19412603974342346,-0.051717644670759455,-0.037788838148117065,-0.23187574744224548,-0.003942016159896866,-0.03445902466773987,-0.3035869300365448,-0.05459571082309367,-0.025918930768966675,-0.20876100659370422,-0.04191371623591067,-0.03980851173400879,-0.18463674187660217,-0.019262977057849184,0.01396721601486206,-0.22405758500099182,-0.018836062514935747,0.01698198914527893,-0.27780967950820923,-0.04265618521884562,0.019131481647491455,-0.21370252966880798,-0.026751650610719935,0.01025572419166565,-0.1882101595401764,-0.007304542345707432
A,0.0,0.0,0.0,-0.08049184083938599,-0.02622276544570923,-0.033542625484642485,-0.14980155229568481,-0.11932024359703064,-0.04367263230460594,-0.18900251388549805,-0.22056713700294495,-0.05473763111012886,-0.2153220921754837,-0.2955205738544464,-0.056382804987606505,-0.13981309533119202,-0.22736987471580505,0.011271458240571519,-0.1475827693939209,-0.3247729241847992,-0.03871388721245239,-0.11968636512756348,-0.24630340933799744,-0.06369015934842537,-0.11037707328796387,-0.19795557856559753,-0.07082739087718437,-0.08776533603668213,-0.23743507266044617,0.009821405755701562,-0.08705282211303711,-0.33005329966545105,-0.04131204995292137,-0.07062360644340515,-0.22729775309562683,-0.053033381579098204,-0.07986178994178772,-0.19736573100090027,-0.04673581930774162,-0.0375208854675293,-0.23579704761505127,-0.0024980242546916998,-0.03265833854675293,-0.3069935441017151,-0.051945160952982405,-0.025614798069000244,-0.21229273080825806,-0.03966299432295273,-0.03781330585479736,-0.1881556510925293,-0.017155535397705535,0.013322561979293823,-0.22782549262046814,-0.01842793437617729,0.018256783485412598,-0.2815418243408203,-0.04184561955707977,0.019279450178146362,-0.21734264492988586,-0.02655227283912609,0.010262280702590942,-0.19210970401763916,-0.0073110422767967975
A,0.0,0.0,0.0,-0.08096081018447876,-0.030820399522781372,-0.03116410211373477,-0.14547982811927795,-0.12274625897407532,-0.04127440028537421,-0.18188944458961487,-0.22279086709022522,-0.05286864363301902,-0.20789065957069397,-0.29475919902324677,-0.05560507424820571,-0.1322302222251892,-0.2267983853816986,0.012313197509456586,-0.13824999332427979,-0.32262083888053894,-0.03753138133038192,-0.1129961907863617,-0.2433638572692871,-0.0635871569131723,-0.10432639718055725,-0.19422560930252075,-0.07174395569313674,-0.07979807257652283,-0.23583398759365082,0.01014085873316617,-0.07885625958442688,-0.32557883858680725,-0.040330165854584266,-0.06403934955596924,-0.22217947244644165,-0.052719576141726066,-0.07193195819854736,-0.19139856100082397,-0.04765810989488273,-0.029782921075820923,-0.2339208573102951,-0.002457294237729002,-0.02606809139251709,-0.3046456426382065,-0.05084227197517066,-0.020515412092208862,-0.20989346504211426,-0.03801977806438117,-0.031158238649368286,-0.18307280540466309,-0.015696281424652625,0.01954522728919983,-0.22508570551872253,-0.018504863462339927,0.02394905686378479,-0.2775743007659912,-0.04083641045440345,0.023165851831436157,-0.21376857161521912,-0.02482129432905822,0.014638543128967285,-0.1876499354839325,-0.005433841465901423
A,0.0,0.0,0.0,-0.07974377274513245,-0.024725914001464844,-0.03498533251081426,-0.14536166191101074,-0.11905291676521301,-0.045775658212050985,-0.18028661608695984,-0.22357285022735596,-0.056993650964841436,-0.2041189968585968,-0.29920634627342224,-0.058483517489776204,-0.1340188980102539,-0.22760695219039917,0.010096552089407851,-0.13798236846923828,-0.3221806734800339,-0.040369323215827535,-0.11050602793693542,-0.24559035897254944,-0.06478053959403951,-0.10046350955963135,-0.19773131608963013,-0.07117581250463445,-0.08108821511268616,-0.2360614836215973,0.009723596513822486,-0.0764317512512207,-0.3264315724372864,-0.03995998459254224,-0.05982878804206848,-0.221675306558609,-0.04957992093954999,-0.0695192813873291,-0.19540739059448242,-0.04177622007523496,-0.030609220266342163,-0.23399734497070312,-0.0018335848519654974,-0.02361878752708435,-0.30125802755355835,-0.05047593521271665,-0.01796141266822815,-0.2082320749759674,-0.03679218398724515,-0.030726701021194458,-0.18821090459823608,-0.013458712718829702,0.018610119819641113,-0.22488349676132202,-0.017175457201346944,0.025068342685699463,-0.27342408895492554,-0.03997670369540174,0.02503836154937744,-0.21169131994247437,-0.024233872763261388,0.015707433223724365,-0.19024670124053955,-0.004602825961455892
A,0.0,0.0,0.0,-0.07974159717559814,-0.028888821601867676,-0.03607655216700323,-0.14325621724128723,-0.12006747722625732,-0.047301600619618966,-0.1776251196861267,-0.22327154874801636,-0.05885511164314039,-0.20026716589927673,-0.2996430993080139,-0.0605827150190521,-0.13336539268493652,-0.2289539873600006,0.013284159891838954,-0.1339358687400818,-0.3193051815032959,-0.0381288145924259,-0.10955891013145447,-0.24101155996322632,-0.06310439754969366,-0.10278213024139404,-0.19779163599014282,-0.06988095392233618,-0.08071598410606384,-0.2352268099784851,0.01320428966783993,-0.07689046859741211,-0.3247552514076233,-0.0387854193592716,-0.06183949112892151,-0.21929731965065002,-0.049272215857570245,-0.07141607999801636,-0.1980406641960144,-0.041485170766179635,-0.0309465229511261,-0.23249921202659607,0.0013257474150236703,-0.023975610733032227,-0.30115148425102234,-0.04984674130326994,-0.019477903842926025,-0.20763954520225525,-0.03673054178005941,-0.03261059522628784,-0.1918310523033142,-0.013063373907868936,0.01751980185508728,-0.2239404320716858,-0.014448302730386331,0.024165183305740356,-0.27375225722789764,-0.03839148481137045,0.02394774556159973,-0.2096373438835144,-0.022902027636234834,0.014608055353164673,-0.1885353922843933,-0.003212782253910973
A,0.0,0.0,0.0,-0.07813021540641785,-0.02608436346054077,-0.03430251790717875,-0.1428864300251007,-0.12067145109176636,-0.044843066619193905,-0.17605528235435486,-0.2246410846710205,-0.05580917759374415,-0.19918492436408997,-0.299411803483963,-0.057354353503740185,-0.13079681992530823,-0.22582483291625977,0.009409654750072605,-0.1328098475933075,-0.3198912739753723,-0.040826663510358685,-0.10648024082183838,-0.24610096216201782,-0.06528821601108348,-0.09746131300926208,-0.19779905676841736,-0.07140756411985194,-0.07901328802108765,-0.23263874650001526,0.009266771240675098,-0.07329213619232178,-0.3206951320171356,-0.04025240628556048,-0.056311070919036865,-0.22059503197669983,-0.05023696287111079,-0.06541931629180908,-0.19556525349617004,-0.04273634417489802,-0.029705911874771118,-0.23107442259788513,-0.001866068593642467,-0.02179121971130371,-0.29807931184768677,-0.04989283917979037,-0.0155811607837677,-0.20869210362434387,-0.036559336022889966,-0.027891993522644043,-0.18919572234153748,-0.013648008131838196,0.018322110176086426,-0.22394275665283203,-0.01677889390424525,0.025162458419799805,-0.27429839968681335,-0.03925298540428912,0.026127934455871582,-0.21302607655525208,-0.02345892986789977,0.017507493495941162,-0.1902877390384674,-0.003806410958475226
A,0.0,0.0,0.0,-0.07769778370857239,-0.03374168276786804,-0.03080647085170085,-0.1385078728199005,-0.12458878755569458,-0.039495252262156555,-0.16805773973464966,-0.22303804755210876,-0.049327049593728134,-0.18924346566200256,-0.2935226261615753,-0.050289437364142486,-0.12509271502494812,-0.229429692029953,0.014816884693402699,-0.12555748224258423,-0.31633633375167847,-0.03464439530233676,-0.10263535380363464,-0.24496573209762573,-0.06063479204038913,-0.09294843673706055,-0.19971433281898499,-0.06832211483578021,-0.07316792011260986,-0.23548707365989685,0.012881639224190167,-0.06672284007072449,-0.32214562594890594,-0.038006600181859085,-0.054256975650787354,-0.22214046120643616,-0.05007013697485263,-0.06082195043563843,-0.19574233889579773,-0.043519649843972275,-0.024819105863571167,-0.23235705494880676,0.00015606028301817787,-0.016595959663391113,-0.29911622405052185,-0.04841592181782062,-0.014635860919952393,-0.20945262908935547,-0.03621995840529735,-0.02430763840675354,-0.18934184312820435,-0.013499562817912647,0.022705435752868652,-0.22258946299552917,-0.01613311115960414,0.028818368911743164,-0.2732821851968765,-0.03870599363307292,0.025969386100769043,-0.21154212951660156,-0.023297025080125877,0.018045127391815186,-0.18900179862976074,-0.0037415527769439905
A,0.0,0.0,0.0,-0.07439535856246948,-0.03026232123374939,-0.03536139195830401,-0.13477599620819092,-0.1177968978881836,-0.047065240797110164,-0.1642938256263733,-0.21546494960784912,-0.05864798044831332,-0.1824396550655365,-0.28821051120758057,-0.06082233181268748,-0.12063673138618469,-0.23029708862304688,0.009462949353746808,-0.12008705735206604,-0.31277863681316376,-0.039268163498945796,-0.09705942869186401,-0.237938791513443,-0.06345981499225672,-0.08893093466758728,-0.19680365920066833,-0.07035058131486949,-0.06931719183921814,-0.23595550656318665,0.009737726766161359,-0.0612141489982605,-0.3179554045200348,-0.040545353200741374,-0.049283504486083984,-0.21810278296470642,-0.051045266446180904,-0.05776575207710266,-0.19473892450332642,-0.04353608330757197,-0.021856635808944702,-0.23247918486595154,-0.0010076778712573287,-0.011350274085998535,-0.2915472686290741,-0.04952996363908824,-0.00964212417602539,-0.2036827802658081,-0.03768504178196963,-0.021390199661254883,-0.1882426142692566,-0.01534409215719279,0.024901270866394043,-0.22219815850257874,-0.015509605873830878,0.031726300716400146,-0.2665592432022095,-0.03777985787064608,0.029820263385772705,-0.20593711733818054,-0.02308727568060931,0.021371424198150635,-0.18740355968475342,-0.004226884339459502
A,0.0,0.0,0.0,-0.07523691654205322,-0.02922987937927246,-0.038251968816211956,-0.13507243990898132,-0.11873289942741394,-0.05058887858717753,-0.16352161765098572,-0.22164034843444824,-0.0622616883072169,-0.18165534734725952,-0.29684673249721527,-0.06389715035288646,-0.12012645602226257,-0.229081392288208,0.009925639472612602,-0.1170589029788971,-0.31540343165397644,-0.03983603675692393,-0.09528592228889465,-0.24052652716636658,-0.06342526783078029,-0.0892162024974823,-0.19799235463142395,-0.06901321817963435,-0.06872743368148804,-0.2319839894771576,0.011950914963790638,-0.05873525142669678,-0.31732386350631714,-0.0380881342741759,-0.0474361777305603,-0.2170015573501587,-0.047343618020704525,-0.0586983859539032,-0.19720813632011414,-0.03853385408251597,-0.02198106050491333,-0.22807860374450684,0.0022609229029058042,-0.009931206703186035,-0.2908532917499542,-0.04682968069641902,-0.008627116680145264,-0.2026718258857727,-0.03411389772622897,-0.022180378437042236,-0.1892021894454956,-0.010871552646449345,0.02392786741256714,-0.21810054779052734,-0.011494670778802174,0.03317534923553467,-0.2646084129810333,-0.0348971102091582,0.031388938426971436,-0.20351138710975647,-0.020317663222840565,0.0215185284614563,-0.18456944823265076,-0.0010934287154213962
A,0.0,0.0,0.0,-0.07385849952697754,-0.02829456329345703,-0.036825435768435,-0.13296282291412354,-0.11929535865783691,-0.04897837952859163,-0.16220033168792725,-0.22044607996940613,-0.060724946271250246,-0.18163272738456726,-0.2957678735256195,-0.06312963233477831,-0.1176704466342926,-0.22734564542770386,0.009162589375307562,-0.11278772354125977,-0.3133190870285034,-0.03918810428268671,-0.09335365891456604,-0.23840555548667908,-0.062126139711210726,-0.08786264061927795,-0.1953485608100891,-0.06778547779805422,-0.06683313846588135,-0.2297164797782898,0.010405729923775198,-0.05548867583274841,-0.3154572546482086,-0.03917007760293245,-0.0474112331867218,-0.21484798192977905,-0.04907124356515169,-0.058137208223342896,-0.1932637095451355,-0.040976832221815584,-0.020466089248657227,-0.2252066433429718,0.0005184008538776652,-0.008142232894897461,-0.2867381274700165,-0.04812069476730585,-0.008807480335235596,-0.1970026195049286,-0.036037805091211794,-0.021593987941741943,-0.1822337508201599,-0.013423397738108633,0.025295615196228027,-0.21550253033638,-0.013178397502372263,0.033854544162750244,-0.25920766592025757,-0.03613372759110689,0.030827820301055908,-0.19690752029418945,-0.021658435996243952,0.021526455879211426,-0.17785346508026123,-0.0027951121531373246
A,0.0,0.0,0.0,-0.07235962152481079,-0.024019598960876465,-0.036327554140086704,-0.13147592544555664,-0.11850234866142273,-0.047572797391410404,-0.15761089324951172,-0.22091954946517944,-0.05799957946300083,-0.1754646897315979,-0.29489678144454956,-0.05868224263548427,-0.11580842733383179,-0.23017969727516174,0.005729977280054754,-0.11076784133911133,-0.31441694498062134,-0.04384014591931873,-0.09179472923278809,-0.23571684956550598,-0.06570496246575885,-0.08736956119537354,-0.19450512528419495,-0.07021803245305591,-0.06586161255836487,-0.23159611225128174,0.006789275217954582,-0.0539325475692749,-0.3129653334617615,-0.043134158704276615,-0.04542511701583862,-0.21070313453674316,-0.050955163542028004,-0.05629032850265503,-0.1929984986782074,-0.04119192645310932,-0.019647061824798584,-0.22762790322303772,-0.003298176679606968,-0.0074364542961120605,-0.2869127094745636,-0.05247697443127208,-0.007119953632354736,-0.19573557376861572,-0.03927457541584545,-0.019914686679840088,-0.1851641833782196,-0.01580712966978126,0.026291310787200928,-0.2195192575454712,-0.017118284705873066,0.03456401824951172,-0.2621670663356781,-0.04080863505959087,0.03251844644546509,-0.1974564492702484,-0.02636677235722118,0.023638606071472168,-0.18006712198257446,-0.007241405308093363
A,0.0,0.0,0.0,-0.07225692272186279,-0.0269852876663208,-0.03272672608011362,-0.12826305627822876,-0.12246742844581604,-0.04206876694672701,-0.1525861620903015,-0.2248014509677887,-0.05154204979055521,-0.16913729906082153,-0.2973165512084961,-0.05180432885401842,-0.10930275917053223,-0.23117056488990784,0.010744585138922957,-0.10516870021820068,-0.31574738025665283,-0.036952602262431355,-0.0878383219242096,-0.23655518889427185,-0.058698120112353536,-0.08392810821533203,-0.19458481669425964,-0.06348295747750399,-0.060293048620224,-0.23288887739181519,0.010285541829830436,-0.05089849233627319,-0.3150784373283386,-0.03778523817175028,-0.04378768801689148,-0.2137804925441742,-0.04634788125270006,-0.05343985557556152,-0.19426986575126648,-0.037398329521352025,-0.014476358890533447,-0.2284448742866516,-0.000978613672600659,-0.004115700721740723,-0.2877207398414612,-0.048113732184106084,-0.004771411418914795,-0.19713738560676575,-0.03544355049245951,-0.0161779522895813,-0.18524587154388428,-0.012701649735504361,0.03135186433792114,-0.21920013427734375,-0.01578244991117117,0.038942933082580566,-0.2626030147075653,-0.037654916341239186,0.035066843032836914,-0.19785338640213013,-0.022891389722758504,0.026431262493133545,-0.1795634925365448,-0.003974548592054816
A,0.0,0.0,0.0,-0.06999748945236206,-0.030196666717529297,-0.03896124810114543,-0.1263904571533203,-0.12367942929267883,-0.051590883733183546,-0.15325289964675903,-0.2251099944114685,-0.06311582550540606,-0.16809555888175964,-0.3021520972251892,-0.06477343067660968,-0.1078009307384491,-0.23539432883262634,0.007352708278745013,-0.10318511724472046,-0.31671449542045593,-0.04039840176835696,-0.08640924096107483,-0.23867592215538025,-0.061906089635044736,-0.08264359831809998,-0.19920533895492554,-0.06679273918405215,-0.05848255753517151,-0.23683962225914001,0.009840388222187357,-0.048095524311065674,-0.31694069504737854,-0.039076039196402235,-0.0420801043510437,-0.2156144678592682,-0.04785293489828746,-0.05177631974220276,-0.19880831241607666,-0.03858578726783435,-0.012720167636871338,-0.23163294792175293,0.0009745054049972168,-0.002028822898864746,-0.2873803973197937,-0.04697522670164744,-0.004165828227996826,-0.19902858138084412,-0.03509384170308749,-0.015663623809814453,-0.19158142805099487,-0.01248637735977809,0.03284722566604614,-0.22127404808998108,-0.011849800684899492,0.03910207748413086,-0.2625735104084015,-0.034197879583985014,0.03462117910385132,-0.2006588876247406,-0.020189003647715253,0.026864290237426758,-0.1857738196849823,-0.0015007889377329775
A,0.0,0.0,0.0,-0.06886076927185059,-0.03290247917175293,-0.03904463008939274,-0.12466493248939514,-0.12592101097106934,-0.051439863005271036,-0.15157997608184814,-0.22674354910850525,-0.06260248304306515,-0.16560781002044678,-0.30396419763565063,-0.06374681771694668,-0.105836421251297,-0.23304879665374756,0.0076751589499508555,-0.09952616691589355,-0.3185809254646301,-0.03995184631048687,-0.08246111869812012,-0.24123996496200562,-0.06174329698978909,-0.07984036207199097,-0.19950273633003235,-0.0666495788186694,-0.05687224864959717,-0.23432055115699768,0.010972539587328356,-0.0446469783782959,-0.3190605640411377,-0.0381265360206271,-0.03807330131530762,-0.21906939148902893,-0.04777237058578976,-0.050238192081451416,-0.19963255524635315,-0.03915646330415257,-0.011681973934173584,-0.22907835245132446,0.0030565216861759836,0.0008951425552368164,-0.28841185569763184,-0.04533396319448002,-0.0012734532356262207,-0.2005038857460022,-0.03446004197894581,-0.015555858612060547,-0.190018892288208,-0.012355236643543321,0.03289353847503662,-0.21878677606582642,-0.008650546269109327,0.04133272171020508,-0.2620820999145508,-0.031736336955418665,0.03644394874572754,-0.2008339762687683,-0.018556004697074968,0.025297462940216064,-0.18371161818504333,-0.0003745177104974573
A,0.0,0.0,0.0,-0.06824320554733276,-0.03096216917037964,-0.04471770181106649,-0.12411579489707947,-0.12125954031944275,-0.06148869051384054,-0.14883089065551758,-0.22390130162239075,-0.07618966578291975,-0.1645374298095703,-0.30290043354034424,-0.08064006893681608,-0.10861212015151978,-0.23723521828651428,0.001035061937102455,-0.10267913341522217,-0.31741881370544434,-0.04845691351937376,-0.08532458543777466,-0.2405998706817627,-0.06924684225367628,-0.08113348484039307,-0.19790875911712646,-0.07260326920794569,-0.058646202087402344,-0.23637092113494873,0.006585840408035892,-0.046676576137542725,-0.31634533405303955,-0.04317597551988683,-0.03975820541381836,-0.21406668424606323,-0.05055819331454359,-0.051327407360076904,-0.19917866587638855,-0.039761344629994255,-0.012230515480041504,-0.23128372430801392,0.000301277566279623,0.0005397796630859375,-0.28775495290756226,-0.04976988090919576,-0.0027417540550231934,-0.19954052567481995,-0.037665898639431816,-0.01686018705368042,-0.19192466139793396,-0.014159748058489185,0.03379702568054199,-0.2219221293926239,-0.010179049063196999,0.04078954458236694,-0.2659444808959961,-0.03458889825986944,0.03568500280380249,-0.20365703105926514,-0.020901645261517388,0.02531731128692627,-0.18603059649467468,-0.0017306814740436494
A,0.0,0.0,0.0,-0.06567910313606262,-0.033227741718292236,-0.04442216128569498,-0.12214714288711548,-0.1261996030807495,-0.06073704407077685,-0.14965838193893433,-0.22854888439178467,-0.07509340391021624,-0.16418620944023132,-0.30770793557167053,-0.07872204527717486,-0.1077660322189331,-0.24292033910751343,0.00370297698776767,-0.10041418671607971,-0.322588711977005,-0.04480168268543139,-0.08353260159492493,-0.2462768256664276,-0.06443576559883013,-0.08212757110595703,-0.20368686318397522,-0.06702149704557314,-0.058585166931152344,-0.24152424931526184,0.009441914516571615,-0.04636794328689575,-0.32217252254486084,-0.03923328266006365,-0.038622140884399414,-0.21901655197143555,-0.04500706166487589,-0.05318170785903931,-0.20628663897514343,-0.032992091481503394,-0.01234138011932373,-0.2355218529701233,0.0030964929750894044,0.0021457672119140625,-0.29251760244369507,-0.04673548087936297,-0.00021129846572875977,-0.204001784324646,-0.03416162029367342,-0.017218708992004395,-0.1976832151412964,-0.01023035821032181,0.03438687324523926,-0.22547698020935059,-0.007452143807824996,0.04326885938644409,-0.2722006142139435,-0.03208540797692194,0.038437604904174805,-0.20975840091705322,-0.01865603447419062,0.025777757167816162,-0.19230923056602478,0.0003701777163200859
A,0.0,0.0,0.0,-0.06298747658729553,-0.035396575927734375,-0.047697371126673715,-0.11777758598327637,-0.13007259368896484,-0.06536796900775244,-0.14388301968574524,-0.23180001974105835,-0.08009716335084249,-0.1583196222782135,-0.3108236491680145,-0.08394190880801489,-0.10186845064163208,-0.24414896965026855,-0.003579418196864026,-0.09446942806243896,-0.324293315410614,-0.0525012633517008,-0.07841801643371582,-0.24484777450561523,-0.07146511438634207,-0.07804012298583984,-0.20504647493362427,-0.07418354067351629,-0.05286610126495361,-0.24207517504692078,0.0032189455595244,-0.0402987003326416,-0.3247990310192108,-0.04720492127682974,-0.03485232591629028,-0.2185618281364441,-0.05267446327354719,-0.049652040004730225,-0.2070147693157196,-0.04058988976623823,-0.007029294967651367,-0.23507001996040344,-0.001914744403734403,0.0075383782386779785,-0.294213205575943,-0.052637608976624506,0.003487110137939453,-0.20401835441589355,-0.0391331149950247,-0.013319075107574463,-0.2001485526561737,-0.014997693964801329,0.03839987516403198,-0.2238839864730835,-0.011540041559896963,0.04881787300109863,-0.26989269256591797,-0.03691486853506376,0.04269808530807495,-0.2062840461730957,-0.023550292731783884,0.02940845489501953,-0.18975156545639038,-0.004970556845478313
A,0.0,0.0,0.0,-0.06327801942825317,-0.03528624773025513,-0.048570166168303786,-0.11787331104278564,-0.1264438033103943,-0.06766340026030093,-0.1445961594581604,-0.2296229898929596,-0.08405984082588702,-0.15831512212753296,-0.31174150109291077,-0.08950962760815173,-0.10163724422454834,-0.2410610318183899,-0.003323032579885421,-0.09797617793083191,-0.3217964768409729,-0.053043684748502073,-0.0810357928276062,-0.24359485507011414,-0.07235220709213763,-0.077667236328125,-0.20342382788658142,-0.07509497442612201,-0.05156886577606201,-0.23858126997947693,0.003943850459961595,-0.041806161403656006,-0.32035312056541443,-0.04676750936874896,-0.03708773851394653,-0.2144145369529724,-0.05228036159047633,-0.05019122362136841,-0.20413023233413696,-0.040358445433469115,-0.004755079746246338,-0.2323211133480072,-0.0010128715667292454,0.007255375385284424,-0.29228800535202026,-0.052602386859746275,0.0019171833992004395,-0.20097318291664124,-0.03871300333508998,-0.013242781162261963,-0.19627457857131958,-0.014008643863292036,0.04218024015426636,-0.22196996212005615,-0.010492762377054987,0.048687756061553955,-0.26854634284973145,-0.03613391035565883,0.0412524938583374,-0.20461580157279968,-0.022424836469383536,0.029463112354278564,-0.187620609998703,-0.003468303069041667
A,0.0,0.0,0.0,-0.0644218921661377,-0.03429359197616577,-0.05142441237546791,-0.11823338270187378,-0.12804895639419556,-0.0704039580581366,-0.1451306939125061,-0.23258736729621887,-0.08546928534485687,-0.159920334815979,-0.31355908513069153,-0.08896459857203354,-0.10327833890914917,-0.24296200275421143,-0.006839139240014447,-0.09715712070465088,-0.32256099581718445,-0.05492698246814598,-0.07991081476211548,-0.24175164103507996,-0.07171055147625793,-0.0794665515422821,-0.20725277066230774,-0.07339859226919998,-0.0529366135597229,-0.24095481634140015,0.002259088594314562,-0.04090607166290283,-0.32219862937927246,-0.04744774693824638,-0.035886168479919434,-0.2148074209690094,-0.05114583516694893,-0.051889777183532715,-0.21094182133674622,-0.03823204184152473,-0.0062400102615356445,-0.23523345589637756,-0.0008625613685353528,0.007992327213287354,-0.29122063517570496,-0.05252959052302231,0.0029734373092651367,-0.19997745752334595,-0.03850645790078033,-0.014358222484588623,-0.20139268040657043,-0.013962546682137145,0.039824604988098145,-0.22596299648284912,-0.008621115556138648,0.04938560724258423,-0.2692469656467438,-0.03501121172882904,0.04341459274291992,-0.2050788700580597,-0.02184389377214302,0.030999839305877686,-0.19082990288734436,-0.003293476618978275
A,0.0,0.0,0.0,-0.06687971949577332,-0.03717619180679321,-0.045791349612784416,-0.11928507685661316,-0.13134968280792236,-0.06188217481286529,-0.14349710941314697,-0.23501473665237427,-0.07530870219380859,-0.15919876098632812,-0.3141384720802307,-0.0778069936266661,-0.10025420784950256,-0.24234047532081604,-0.0010130892104029954,-0.0952187180519104,-0.32310670614242554,-0.0483727932503939,-0.0787774920463562,-0.24269792437553406,-0.066811702453208,-0.07756754755973816,-0.20335739850997925,-0.0695342936149359,-0.050443053245544434,-0.24009302258491516,0.0059837417149424255,-0.038424789905548096,-0.31875357031822205,-0.04226953094513419,-0.03468972444534302,-0.21486476063728333,-0.04815976997525695,-0.05064666271209717,-0.20594710111618042,-0.03778810729892257,-0.004068315029144287,-0.23298782110214233,0.0012686058118447363,0.009261667728424072,-0.291165292263031,-0.0483158670893431,0.0035074353218078613,-0.20251920819282532,-0.035863573901963264,-0.013434290885925293,-0.19890335202217102,-0.013184685499084026,0.04247921705245972,-0.22241568565368652,-0.007649946265530616,0.05160278081893921,-0.26953715085983276,-0.032408717327427894,0.04408252239227295,-0.20725330710411072,-0.01961273258240226,0.03091961145401001,-0.19073614478111267,-0.0018432084532946647
A,0.0,0.0,0.0,-0.0654984712600708,-0.033113300800323486,-0.04961176060294292,-0.12133380770683289,-0.12710916996002197,-0.06764910213803432,-0.1473754346370697,-0.23169752955436707,-0.08196221880768917,-0.1622043251991272,-0.3114265501499176,-0.08494396351431988,-0.10283070802688599,-0.2421901524066925,-0.007453922481886366,-0.09721854329109192,-0.3243609070777893,-0.054182222412578085,-0.08154153823852539,-0.2402380108833313,-0.07070535265063427,-0.08214092254638672,-0.20125743746757507,-0.07264390431498668,-0.05325746536254883,-0.24135205149650574,0.0007530401259145947,-0.04065436124801636,-0.32034116983413696,-0.04777420155858181,-0.03723257780075073,-0.21347695589065552,-0.052355578468791464,-0.053446173667907715,-0.20475110411643982,-0.0411608650550761,-0.00701063871383667,-0.23541846871376038,-0.0027468989804901867,0.007771730422973633,-0.2942535877227783,-0.05235513143395565,0.002356290817260742,-0.20376497507095337,-0.038777532355538824,-0.014952540397644043,-0.20062503218650818,-0.015764560850016096,0.03941988945007324,-0.2250136137008667,-0.01078583795731447,0.04977428913116455,-0.27075669169425964,-0.0364940970406451,0.04261237382888794,-0.2064732015132904,-0.024017067925683477,0.028329968452453613,-0.18964773416519165,-0.006625407674960115
A,0.0,0.0,0.0,-0.06399145722389221,-0.03611868619918823,-0.04708837062958082,-0.11703348159790039,-0.13104456663131714,-0.06464142442587217,-0.14238297939300537,-0.23422354459762573,-0.07918863833788237,-0.15678462386131287,-0.3128340244293213,-0.08246885330322584,-0.0986255407333374,-0.24334383010864258,-0.006546456337900963,-0.09371250867843628,-0.3255212903022766,-0.05480770856979689,-0.07652515172958374,-0.2444855272769928,-0.07205013275984129,-0.07543140649795532,-0.2048836648464203,-0.07398528695944151,-0.04845750331878662,-0.24297982454299927,0.00038295570971058623,-0.035864293575286865,-0.321593701839447,-0.049133480497630444,-0.031067967414855957,-0.21568730473518372,-0.05352025196793875,-0.04727858304977417,-0.2079007625579834,-0.04192786008957228,-0.0016459822654724121,-0.23720738291740417,-0.004283564136358109,0.012459516525268555,-0.2948600649833679,-0.054264307924540844,0.007544040679931641,-0.20583277940750122,-0.03995450303796133,-0.009798705577850342,-0.20349419116973877,-0.016309062921436634,0.04459112882614136,-0.22649207711219788,-0.013366119907232132,0.0548022985458374,-0.2722240090370178,-0.038929925271304455,0.04768282175064087,-0.20893442630767822,-0.02578657396975359,0.03389132022857666,-0.19253966212272644,-0.00777646896335682
A,0.0,0.0,0.0,-0.06405100226402283,-0.03839606046676636,-0.0492570408798656,-0.11752748489379883,-0.12936848402023315,-0.06877186234964938,-0.1422848105430603,-0.2327442169189453,-0.08502415653242679,-0.15763521194458008,-0.313749760389328,-0.09003621425404162,-0.09852886199951172,-0.24374717473983765,-0.007751139271249485,-0.09295150637626648,-0.32433128356933594,-0.05527107875718684,-0.07594189047813416,-0.24485895037651062,-0.07234185274614902,-0.07406595349311829,-0.20544615387916565,-0.07428477790131183,-0.049236834049224854,-0.24294734001159668,0.0003120470671547082,-0.03586548566818237,-0.3201967477798462,-0.04891515236272426,-0.03114306926727295,-0.2161330282688141,-0.05387274261488528,-0.04602658748626709,-0.20754948258399963,-0.04265926491393657,-0.00289994478225708,-0.23700109124183655,-0.0033037403311482194,0.012880146503448486,-0.29303547739982605,-0.05308009024633975,0.007895469665527344,-0.20550969243049622,-0.03985837187542529,-0.0087357759475708,-0.202113538980484,-0.01674303125514598,0.04318737983703613,-0.22606712579727173,-0.011454765609641981,0.05456054210662842,-0.27204814553260803,-0.0367305399097404,0.04696136713027954,-0.21106532216072083,-0.024388247094293547,0.03275609016418457,-0.19430989027023315,-0.006941390614201737
A,0.0,0.0,0.0,-0.06435048580169678,-0.037133753299713135,-0.05059550146421543,-0.1195405125617981,-0.12631911039352417,-0.07178837994894138,-0.14460539817810059,-0.22988900542259216,-0.08957706580719105,-0.1584286093711853,-0.31025514006614685,-0.09590367416700474,-0.0989239513874054,-0.2422463297843933,-0.010790989760664615,-0.09205257892608643,-0.32450398802757263,-0.05946582372149578,-0.07541543245315552,-0.2421906292438507,-0.07655443440040699,-0.07439911365509033,-0.20182698965072632,-0.0785801951106464,-0.049250632524490356,-0.2405315637588501,-0.0027267963424151276,-0.03514665365219116,-0.3189786374568939,-0.053070200633612785,-0.03101515769958496,-0.21129989624023438,-0.05745582843979946,-0.04715162515640259,-0.20396238565444946,-0.04593247364124409,-0.0029903054237365723,-0.2341102659702301,-0.006408089332637701,0.014263629913330078,-0.2928059697151184,-0.05739557559451214,0.008516967296600342,-0.20153671503067017,-0.04295404444297901,-0.009609758853912354,-0.19694119691848755,-0.01906326415797821,0.0424809455871582,-0.22218215465545654,-0.014773419153300438,0.055987417697906494,-0.26757073402404785,-0.041564615469781074,0.04832184314727783,-0.20529556274414062,-0.029349606510606918,0.03288954496383667,-0.18847572803497314,-0.011937007334438476
A,0.0,0.0,0.0,-0.06430673599243164,-0.04013478755950928,-0.0525282167522505,-0.11998474597930908,-0.12923192977905273,-0.07452852210684568,-0.14592909812927246,-0.23313209414482117,-0.09284379264994413,-0.16051769256591797,-0.31420883536338806,-0.09943716159745009,-0.10118091106414795,-0.2452264428138733,-0.010968256059129544,-0.09455803036689758,-0.3257514238357544,-0.05993616885228903,-0.07775858044624329,-0.24447062611579895,-0.07659522375746519,-0.07724416255950928,-0.20557868480682373,-0.07840393415375502,-0.05026882886886597,-0.24617964029312134,-0.0023759883055731734,-0.03540205955505371,-0.32453468441963196,-0.0535122894374922,-0.03127288818359375,-0.21453022956848145,-0.05687015062852652,-0.04861938953399658,-0.20816576480865479,-0.044180001380880185,-0.003076314926147461,-0.23985368013381958,-0.005957714996327468,0.015120744705200195,-0.2967706620693207,-0.05795836380406172,0.008829236030578613,-0.20587140321731567,-0.043085533442933865,-0.010751843452453613,-0.20275843143463135,-0.018559388133724042,0.042684972286224365,-0.22633153200149536,-0.014413838523466893,0.05665946006774902,-0.2694893777370453,-0.0420040108887747,0.04815351963043213,-0.20780789852142334,-0.02993731318696291,0.030967295169830322,-0.19249820709228516,-0.012451822186847039
A,0.0,0.0,0.0,-0.06281620264053345,-0.04202312231063843,-0.05346414640797548,-0.11867952346801758,-0.1293969750404358,-0.0773051065231698,-0.14479315280914307,-0.23313090205192566,-0.09743502557529382,-0.16128069162368774,-0.315829873085022,-0.10585749715818338,-0.10112994909286499,-0.24978798627853394,-0.012539505104257387,-0.09375309944152832,-0.3269060552120209,-0.060768457206620496,-0.07700610160827637,-0.24620398879051208,-0.07660598874343805,-0.07597270607948303,-0.20754486322402954,-0.0779166725303071,-0.04921841621398926,-0.251229465007782,-0.0033117726749765097,-0.03528493642807007,-0.3252873420715332,-0.05302514702333383,-0.030654311180114746,-0.21419984102249146,-0.05511442020787172,-0.04679015278816223,-0.21053820848464966,-0.041787037702931684,-0.0007396936416625977,-0.24542278051376343,-0.006234085264338773,0.0170438289642334,-0.2989230453968048,-0.057209918352498335,0.01076507568359375,-0.20763671398162842,-0.04157388404263429,-0.008107960224151611,-0.20506900548934937,-0.016779257061614317,0.04600977897644043,-0.23253893852233887,-0.014111585992111486,0.05930054187774658,-0.2748272716999054,-0.04103933468712739,0.05008089542388916,-0.21365034580230713,-0.02865417123092584,0.03293734788894653,-0.19817602634429932,-0.010980212206675333
A,0.0,0.0,0.0,-0.06607440114021301,-0.0393071174621582,-0.04838580035345785,-0.12273621559143066,-0.12935173511505127,-0.06834429644720785,-0.14801090955734253,-0.23473751544952393,-0.08587925278322928,-0.16506919264793396,-0.3169887065887451,-0.09201418005602591,-0.10236132144927979,-0.24867305159568787,-0.003767293670421168,-0.09681937098503113,-0.3315296769142151,-0.05276459597723715,-0.0806279182434082,-0.2488260567188263,-0.0714928373016619,-0.07853037118911743,-0.20745086669921875,-0.07452965670006506,-0.05147355794906616,-0.24967655539512634,0.003236762222627476,-0.03861111402511597,-0.3287920355796814,-0.046507996998002454,-0.03425115346908569,-0.21775764226913452,-0.05139969059007399,-0.04933732748031616,-0.21039777994155884,-0.03990012922065489,-0.003941059112548828,-0.24345973134040833,-0.0018570635255628076,0.012616574764251709,-0.3027927279472351,-0.05259381376879446,0.007029175758361816,-0.2093977928161621,-0.03814348348157637,-0.010192930698394775,-0.2037023901939392,-0.013784230246415063,0.04268383979797363,-0.23090380430221558,-0.01156765923576586,0.05573850870132446,-0.2763557434082031,-0.03780752190129988,0.04712456464767456,-0.2142384648323059,-0.025072158805301115,0.03196293115615845,-0.19795775413513184,-0.006953553321977779
A,0.0,0.0,0.0,-0.06565001606941223,-0.040429532527923584,-0.051966970550893166,-0.12234711647033691,-0.12916815280914307,-0.07409126101720176,-0.14665913581848145,-0.23330390453338623,-0.0929566079257711,-0.16322869062423706,-0.31546080112457275,-0.10006683109986625,-0.10190364718437195,-0.25243499875068665,-0.009038370798407414,-0.09482574462890625,-0.32995787262916565,-0.05922191007721267,-0.07870912551879883,-0.24586999416351318,-0.07733753113734565,-0.07593107223510742,-0.20600152015686035,-0.07989765493857703,-0.049398273229599,-0.2523704767227173,-0.000999642998976924,-0.03677475452423096,-0.3287079632282257,-0.05295150889742217,-0.033708930015563965,-0.21488934755325317,-0.05687429173576675,-0.04789188504219055,-0.21008449792861938,-0.044249949741242744,-0.0009056925773620605,-0.24538996815681458,-0.005319018612681248,0.01591271162033081,-0.30182501673698425,-0.05832868977176986,0.00755918025970459,-0.20580637454986572,-0.04273057891714416,-0.00994199514389038,-0.20207369327545166,-0.017218032616256096,0.04621511697769165,-0.23202407360076904,-0.014547548952577927,0.05955904722213745,-0.27565109729766846,-0.042472904312489845,0.04890143871307373,-0.21117794513702393,-0.029504768314836838,0.032723844051361084,-0.19539231061935425,-0.01096015213715873
A,0.0,0.0,0.0,-0.06738799810409546,-0.038706302642822266,-0.048298654288544185,-0.126440167427063,-0.12883412837982178,-0.06782957273770762,-0.1515723466873169,-0.23340439796447754,-0.08461076873589946,-0.16739755868911743,-0.31423136591911316,-0.08980774986792994,-0.10326144099235535,-0.2492309808731079,-0.006005613275362975,-0.09802320599555969,-0.3306404948234558,-0.05393463480521632,-0.08203339576721191,-0.24682354927062988,-0.07118141013432933,-0.07897764444351196,-0.20551007986068726,-0.07362137097169352,-0.05158144235610962,-0.2507687211036682,0.00030797897835554977,-0.038974642753601074,-0.3297194838523865,-0.04895358267475558,-0.036089152097702026,-0.21818965673446655,-0.052782752693190105,-0.05010253190994263,-0.21023321151733398,-0.04081892329503489,-0.0035364627838134766,-0.2441062033176422,-0.005268428616716392,0.01280367374420166,-0.30386781692504883,-0.05602727192689372,0.00555497407913208,-0.20941519737243652,-0.04108060631205035,-0.011288344860076904,-0.20286446809768677,-0.01659669275630904,0.04317176342010498,-0.2296816110610962,-0.01545343189735604,0.05632305145263672,-0.27383798360824585,-0.04278603676010562,0.046851158142089844,-0.21193045377731323,-0.030469647750749118,0.03154873847961426,-0.1964312195777893,-0.012570204355313308
A,0.0,0.0,0.0,-0.06650954484939575,-0.04116356372833252,-0.0523154391778462,-0.12653914093971252,-0.131294846534729,-0.07351170767674375,-0.15429377555847168,-0.23664134740829468,-0.09140087951550413,-0.17050206661224365,-0.3195062577724457,-0.09724503297934461,-0.10550865530967712,-0.25237759947776794,-0.0071099103299729904,-0.09976503252983093,-0.3313289284706116,-0.05665323053131033,-0.08302119374275208,-0.24689429998397827,-0.07408810694346357,-0.0800609290599823,-0.20863962173461914,-0.07637580771574903,-0.05310338735580444,-0.2530558705329895,0.0012338818412445107,-0.04046475887298584,-0.3314010500907898,-0.04962606270441938,-0.03693115711212158,-0.21760815382003784,-0.05270388637313772,-0.05157500505447388,-0.21486234664916992,-0.0397228292060845,-0.004521548748016357,-0.2462904453277588,-0.0030639477411114058,0.011907339096069336,-0.30537259578704834,-0.05554427121410299,0.004628598690032959,-0.20983928442001343,-0.03964914668927122,-0.012571275234222412,-0.20756638050079346,-0.013975920235907324,0.042072951793670654,-0.23283112049102783,-0.01237999562749792,0.05474454164505005,-0.27673280239105225,-0.03993201170692373,0.04552966356277466,-0.21398186683654785,-0.027101305393671282,0.031189560890197754,-0.20019686222076416,-0.00870711736956764
A,0.0,0.0,0.0,-0.06488692760467529,-0.04031229019165039,-0.05573020561683961,-0.12365514039993286,-0.13056540489196777,-0.07826231478799173,-0.15132707357406616,-0.23459583520889282,-0.09686553537000009,-0.16818535327911377,-0.3185409903526306,-0.10367729573596307,-0.10541215538978577,-0.25604531168937683,-0.008217638014741624,-0.09486347436904907,-0.32623836398124695,-0.05759134202349969,-0.0806017816066742,-0.23932677507400513,-0.07562845259059259,-0.08113914728164673,-0.20920449495315552,-0.07923783420670816,-0.051040828227996826,-0.2545640766620636,0.0014767261399697418,-0.037920624017715454,-0.3244054317474365,-0.05002777709711381,-0.03613859415054321,-0.2099248170852661,-0.05453842192042657,-0.051115453243255615,-0.21363139152526855,-0.04297192080963441,-0.0011053085327148438,-0.24669039249420166,-0.0016659854500744586,0.01471632719039917,-0.2998583912849426,-0.05606250896204301,0.006418764591217041,-0.20174098014831543,-0.04098375572908708,-0.010159909725189209,-0.20316201448440552,-0.01571226737547704,0.04601532220840454,-0.23373615741729736,-0.00989899563688823,0.05722761154174805,-0.2735639810562134,-0.03888450249183961,0.047380030155181885,-0.20820868015289307,-0.02623954846609422,0.03407174348831177,-0.19539201259613037,-0.007815370923765386
A,0.0,0.0,0.0,-0.06433373689651489,-0.03701770305633545,-0.05946605720129128,-0.12437885999679565,-0.12831920385360718,-0.08382252298798676,-0.15019318461418152,-0.23320984840393066,-0.10319888286795731,-0.16643211245536804,-0.31757840514183044,-0.1105037524601471,-0.10546651482582092,-0.2575249969959259,-0.014523052354718402,-0.09266850352287292,-0.3220360279083252,-0.06163388930764313,-0.07889637351036072,-0.23613423109054565,-0.07594433866944428,-0.0813702940940857,-0.21231818199157715,-0.07773742519822235,-0.04952317476272583,-0.25413745641708374,-0.0033341331644010097,-0.033888816833496094,-0.3188779950141907,-0.05393546142187233,-0.03341004252433777,-0.2036663293838501,-0.05569836192336197,-0.05013382434844971,-0.21344918012619019,-0.042377506127024844,0.0017081499099731445,-0.2452526092529297,-0.004987928760613158,0.020859837532043457,-0.29312554001808167,-0.059757795860434726,0.010467350482940674,-0.19505053758621216,-0.04397126354780312,-0.008185803890228271,-0.20085090398788452,-0.018510426138902858,0.04998636245727539,-0.23216959834098816,-0.01192299623545523,0.06419163942337036,-0.26934459805488586,-0.04275172271337624,0.05325216054916382,-0.2035852074623108,-0.031054121186400607,0.03811359405517578,-0.19253569841384888,-0.013247600500847057
A,0.0,0.0,0.0,-0.06265068054199219,-0.03760403394699097,-0.058702045839595485,-0.12007981538772583,-0.129408597946167,-0.08218974040107696,-0.14358916878700256,-0.23303309082984924,-0.10049888656692474,-0.15788155794143677,-0.31601959466934204,-0.10703129486398666,-0.09663015604019165,-0.2567325532436371,-0.015549964990782428,-0.08105596899986267,-0.3182883560657501,-0.06169163973288505,-0.07000476121902466,-0.23390215635299683,-0.0761519985015866,-0.07436034083366394,-0.21136552095413208,-0.07865116165237396,-0.04020369052886963,-0.25349855422973633,-0.0043430135327753305,-0.022639602422714233,-0.31184855103492737,-0.05402765960650413,-0.024380892515182495,-0.19986653327941895,-0.056589258622693706,-0.04163369536399841,-0.21109545230865479,-0.044905921232270885,0.01076573133468628,-0.2437973916530609,-0.005624389063882518,0.030695617198944092,-0.2866012156009674,-0.05941728295044868,0.0182875394821167,-0.19227278232574463,-0.044608833056258845,-0.0009673237800598145,-0.19959098100662231,-0.02077461757914989,0.058573901653289795,-0.22945353388786316,-0.0120691496621248,0.07388895750045776,-0.26422634720802307,-0.04274483190135925,0.06148850917816162,-0.20022279024124146,-0.031907273244428325,0.045032501220703125,-0.19020861387252808,-0.01521707677500217
A,0.0,0.0,0.0,-0.06077766418457031,-0.04250603914260864,-0.06131763811373503,-0.11306729912757874,-0.13694357872009277,-0.08613109643721373,-0.13408717513084412,-0.23939651250839233,-0.10516843254828245,-0.1457410454750061,-0.3222748041152954,-0.11266027446055205,-0.08720588684082031,-0.2594064474105835,-0.017550234302518675,-0.06830722093582153,-0.3200693428516388,-0.06263062413000853,-0.0608348548412323,-0.2341919243335724,-0.07729271854424269,-0.06682878732681274,-0.21004199981689453,-0.08031412269139082,-0.030775606632232666,-0.25449609756469727,-0.004850479859499046,-0.010858416557312012,-0.3108174204826355,-0.05336169581079275,-0.01606309413909912,-0.19991421699523926,-0.0567243253734091,-0.032854169607162476,-0.20875591039657593,-0.04604869390988142,0.019843220710754395,-0.24206164479255676,-0.004613497379807541,0.0417749285697937,-0.2822462320327759,-0.05685160736703665,0.026833713054656982,-0.18894648551940918,-0.04255494157933981,0.007881581783294678,-0.1938825249671936,-0.019572960763809988,0.06646925210952759,-0.22415566444396973,-0.00975545178317816,0.08383095264434814,-0.2591215670108795,-0.039196640804050276,0.07063281536102295,-0.19721436500549316,-0.028260225981114218,0.05457925796508789,-0.18621784448623657,-0.011865669481096575
A,0.0,0.0,0.0,-0.059163689613342285,-0.04170864820480347,-0.062882425311102,-0.10772022604942322,-0.13472163677215576,-0.08880729419280442,-0.1241338849067688,-0.23338371515274048,-0.10855453652430924,-0.1331285834312439,-0.314528226852417,-0.11720959288169297,-0.0777057409286499,-0.2586328387260437,-0.02199017447520646,-0.05714872479438782,-0.31096410751342773,-0.06617646110345277,-0.05244746804237366,-0.22617024183273315,-0.07956907344151887,-0.05897754430770874,-0.20752140879631042,-0.08215298694659623,-0.02172750234603882,-0.25028061866760254,-0.008567687171591842,0.00028312206268310547,-0.29978740215301514,-0.05783537221242341,-0.009029090404510498,-0.18908703327178955,-0.06098666978169831,-0.02441638708114624,-0.20148545503616333,-0.05006034118224534,0.028409600257873535,-0.23529833555221558,-0.007280801470471943,0.05202674865722656,-0.2681289315223694,-0.061119506183160865,0.03308260440826416,-0.17624908685684204,-0.04738857415605935,0.014755547046661377,-0.18557268381118774,-0.024518983486188972,0.0733756422996521,-0.21540963649749756,-0.01121675321002158,0.09199583530426025,-0.24519267678260803,-0.04219789621521386,0.075641930103302,-0.18275213241577148,-0.031730229082597816,0.05883556604385376,-0.17428207397460938,-0.015541250865055645
A,0.0,0.0,0.0,-0.05985662341117859,-0.04038548469543457,-0.06529756427730149,-0.10457828640937805,-0.1317969560623169,-0.09234030337060517,-0.11626535654067993,-0.22925439476966858,-0.11185802311624116,-0.12644633650779724,-0.3091426491737366,-0.1200073117109639,-0.07238391041755676,-0.2541765570640564,-0.029383906880269706,-0.048790693283081055,-0.30519697070121765,-0.07280570805991715,-0.04691299796104431,-0.2234494984149933,-0.08454839677537507,-0.05586272478103638,-0.20199105143547058,-0.0860388258191449,-0.016450464725494385,-0.24483245611190796,-0.014212810220072924,0.008355855941772461,-0.29355448484420776,-0.06253123075688904,-0.0030530691146850586,-0.18592506647109985,-0.06468159497703141,-0.019627034664154053,-0.19755887985229492,-0.05366103888476914,0.033312082290649414,-0.22980985045433044,-0.010786750139544665,0.05858039855957031,-0.2609310448169708,-0.0632569918128354,0.03794455528259277,-0.17388427257537842,-0.0497638450654847,0.017123043537139893,-0.18409043550491333,-0.0279856787713868,0.07744640111923218,-0.2100173830986023,-0.012718756468842685,0.09908783435821533,-0.23848193883895874,-0.043976736971984565,0.08165884017944336,-0.17983466386795044,-0.03471047968591279,0.061247944831848145,-0.17308247089385986,-0.019762981468687713
A,0.0,0.0,0.0,-0.05981507897377014,-0.039182841777801514,-0.06907813832324905,-0.10314345359802246,-0.12834763526916504,-0.09937162533563537,-0.11185148358345032,-0.2241448163986206,-0.12133168265384597,-0.12043121457099915,-0.30402177572250366,-0.13172617390912933,-0.06825453042984009,-0.2565007507801056,-0.037673330159606166,-0.04237973690032959,-0.30012136697769165,-0.08213493064207,-0.042029500007629395,-0.218359112739563,-0.09197469636958999,-0.051359623670578,-0.194835364818573,-0.09182031288904113,-0.01247510313987732,-0.2462608814239502,-0.02123083569270534,0.014731526374816895,-0.287644624710083,-0.07217230484050674,-7.730722427368164e-05,-0.17921072244644165,-0.07369204446834487,-0.017106711864471436,-0.19133257865905762,-0.061644984634341426,0.03796231746673584,-0.22930076718330383,-0.016351646037520595,0.06393605470657349,-0.25438839197158813,-0.07106233224433822,0.040269315242767334,-0.16650861501693726,-0.05673722386521263,0.019583284854888916,-0.17563194036483765,-0.03394286915820999,0.0818893313407898,-0.20709922909736633,-0.017045676933349796,0.10422170162200928,-0.23144882917404175,-0.05072990641158981,0.0846937894821167,-0.17239397764205933,-0.04200735151928825,0.06409180164337158,-0.16597384214401245,-0.026870161520065494
A,0.0,0.0,0.0,-0.05863794684410095,-0.038022518157958984,-0.06748105937091964,-0.10124984383583069,-0.12925881147384644,-0.09664233380405562,-0.10968029499053955,-0.22522369027137756,-0.11750471198408263,-0.11802273988723755,-0.30385348200798035,-0.12675537520496505,-0.06714001297950745,-0.2522258162498474,-0.038387059955283576,-0.03968590497970581,-0.2982279658317566,-0.08171867930738586,-0.04005253314971924,-0.21596655249595642,-0.09053704494087356,-0.05050280690193176,-0.1979978084564209,-0.09023988598434585,-0.012007057666778564,-0.24062711000442505,-0.02228246049432414,0.017090559005737305,-0.2845281958580017,-0.07187401854841369,0.0017664432525634766,-0.17670756578445435,-0.07212046885339873,-0.015240222215652466,-0.19259336590766907,-0.059904012618943625,0.037841081619262695,-0.22336816787719727,-0.017423875419780188,0.0659867525100708,-0.25236257910728455,-0.07051821404544967,0.04215902090072632,-0.16513383388519287,-0.05476709434239524,0.02191823720932007,-0.1753617525100708,-0.03179223069398063,0.08142954111099243,-0.20161950588226318,-0.018084727017566138,0.10598182678222656,-0.22749167680740356,-0.05082949602453368,0.08590441942214966,-0.16935133934020996,-0.04173507147876876,0.06521695852279663,-0.16336417198181152,-0.026864081411048346
A,0.0,0.0,0.0,-0.05693697929382324,-0.040766000747680664,-0.07160767434731952,-0.09712716937065125,-0.12596642971038818,-0.10362267016068927,-0.10445868968963623,-0.2179768681526184,-0.12628981737987033,-0.11113956570625305,-0.29527905583381653,-0.1372905102242612,-0.06074222922325134,-0.2506522834300995,-0.04367039619580737,-0.029639214277267456,-0.2881838083267212,-0.08765215693608752,-0.033211857080459595,-0.20961833000183105,-0.09648120670215121,-0.046973854303359985,-0.19803333282470703,-0.09642508147851458,-0.0063156187534332275,-0.23823294043540955,-0.025606079833664808,0.025490403175354004,-0.2743615210056305,-0.0766087126602315,0.007862985134124756,-0.1690380573272705,-0.07699752865926257,-0.010931581258773804,-0.18953382968902588,-0.06487607477799884,0.042857468128204346,-0.2210971713066101,-0.018988496499218854,0.07256031036376953,-0.24372431635856628,-0.07390823482171527,0.047592878341674805,-0.1579117774963379,-0.05930728732244006,0.02641463279724121,-0.17142874002456665,-0.036921202080407056,0.08563542366027832,-0.19955605268478394,-0.018106513531961355,0.11106264591217041,-0.22014924883842468,-0.052729065405287656,0.09020763635635376,-0.16189181804656982,-0.04531509323612681,0.06861233711242676,-0.15783262252807617,-0.03148565335766307
A,0.0,0.0,0.0,-0.057275623083114624,-0.038117170333862305,-0.06781306856640867,-0.09508323669433594,-0.12684917449951172,-0.09696171426543287,-0.10026732087135315,-0.21756449341773987,-0.11701433354386381,-0.10678756237030029,-0.2938358187675476,-0.12587331974276594,-0.05990198254585266,-0.24404305219650269,-0.043998140779820005,-0.030759215354919434,-0.2850806713104248,-0.08868248754509978,-0.031719088554382324,-0.20357614755630493,-0.09918457263478331,-0.04166880249977112,-0.18539276719093323,-0.10032479458817534,-0.004956424236297607,-0.23168393969535828,-0.02786370360621504,0.02534344792366028,-0.2711181640625,-0.08020861440667204,0.009496182203292847,-0.1659179925918579,-0.08293249451884321,-0.0062856972217559814,-0.17673584818840027,-0.0726016088701158,0.04423317313194275,-0.21376577019691467,-0.02241093659171156,0.07292327284812927,-0.23749148845672607,-0.07802782946595244,0.048734039068222046,-0.1514717936515808,-0.06383223080405287,0.0290890634059906,-0.15912723541259766,-0.04159535833963446,0.0864425003528595,-0.19150441884994507,-0.022250847829070608,0.11205896735191345,-0.2131596803665161,-0.05729214095839552,0.09099611639976501,-0.15577936172485352,-0.049252226886835615,0.06867614388465881,-0.15006452798843384,-0.034977700499382536
A,0.0,0.0,0.0,-0.059627026319503784,-0.03566354513168335,-0.06849333935556956,-0.09626621007919312,-0.12343770265579224,-0.0967539652544076,-0.10082122683525085,-0.21424514055252075,-0.11531079107103892,-0.10655400156974792,-0.28818947076797485,-0.12249495380697795,-0.05972403287887573,-0.24377655982971191,-0.04283327155886241,-0.028156012296676636,-0.2814508080482483,-0.08345601999340602,-0.03211298584938049,-0.1995069682598114,-0.09165731364069529,-0.044375985860824585,-0.18761852383613586,-0.09234372072992869,-0.004126489162445068,-0.23192253708839417,-0.02494298399565764,0.027731716632843018,-0.2643750309944153,-0.07322579913912364,0.009239137172698975,-0.16066277027130127,-0.07482624345598765,-0.007648855447769165,-0.1783028542995453,-0.06493617885885783,0.04445737600326538,-0.2140318751335144,-0.017514373298268993,0.07439780235290527,-0.23374730348587036,-0.06931157701788493,0.04883068799972534,-0.14921730756759644,-0.05539032736001559,0.029152095317840576,-0.16141051054000854,-0.03482467600284167,0.08605480194091797,-0.19212520122528076,-0.015501113730948646,0.11287420988082886,-0.20847684144973755,-0.04872984730778285,0.09118777513504028,-0.15068656206130981,-0.04179655679641314,0.06899005174636841,-0.14749902486801147,-0.02909664915082999
A,0.0,0.0,0.0,-0.05790388584136963,-0.03607070446014404,-0.07462808545628263,-0.09577688574790955,-0.12064802646636963,-0.107108079455287,-0.10110747814178467,-0.21039703488349915,-0.12839645203152372,-0.10611876845359802,-0.2864621877670288,-0.1377746021370001,-0.06026318669319153,-0.24397170543670654,-0.051315364054829615,-0.027074724435806274,-0.28119519352912903,-0.09340214040079786,-0.031870037317276,-0.20132121443748474,-0.10142944063940718,-0.047253936529159546,-0.19007742404937744,-0.10185054000416471,-0.005056321620941162,-0.23168540000915527,-0.030564768798143405,0.02832731604576111,-0.2665947675704956,-0.08148054089346601,0.011008113622665405,-0.16195648908615112,-0.08257166352072431,-0.007385313510894775,-0.17943555116653442,-0.07171029653349592,0.04283449053764343,-0.21369090676307678,-0.020497944764287013,0.0733771026134491,-0.2337772250175476,-0.07456969525614454,0.049867063760757446,-0.15029376745224,-0.06008555050888731,0.028928369283676147,-0.16332754492759705,-0.038599100522191065,0.08297184109687805,-0.19230806827545166,-0.016207475773484248,0.11030003428459167,-0.20956912636756897,-0.050635330937296885,0.0907757580280304,-0.1534585952758789,-0.043735188059002894,0.06860974431037903,-0.1515023112297058,-0.030875400267035502
A,0.0,0.0,0.0,-0.056663185358047485,-0.03661888837814331,-0.0708991669761474,-0.09181326627731323,-0.12067127227783203,-0.10219708165996622,-0.09411317110061646,-0.20804089307785034,-0.12330065748565744,-0.09814858436584473,-0.28152984380722046,-0.13276397517793725,-0.056119948625564575,-0.24505615234375,-0.04891256323926996,-0.022493690252304077,-0.2761057913303375,-0.09085938415401529,-0.026959717273712158,-0.19705581665039062,-0.09841215691440652,-0.04140636324882507,-0.1877506673336029,-0.09857977262609552,-0.0006788372993469238,-0.23345178365707397,-0.030849340249829993,0.03392624855041504,-0.26346349716186523,-0.08196497789495538,0.015904784202575684,-0.15756630897521973,-0.08259607187383722,-0.0018484294414520264,-0.175921231508255,-0.07124055257909845,0.04766130447387695,-0.21447783708572388,-0.023155049298935637,0.07994753122329712,-0.22992652654647827,-0.07729692838066171,0.05542159080505371,-0.14611709117889404,-0.06201029277318071,0.034215569496154785,-0.15951859951019287,-0.039904457395010695,0.08757132291793823,-0.1909029185771942,-0.02102184190326284,0.11634021997451782,-0.20553171634674072,-0.05549095279448579,0.09506630897521973,-0.14927804470062256,-0.048020609532528624,0.07155156135559082,-0.14810901880264282,-0.03465951315038751
A,0.0,0.0,0.0,-0.05516171455383301,-0.03857874870300293,-0.07772501105992546,-0.09314173460006714,-0.11887311935424805,-0.11411178405015221,-0.09820815920829773,-0.20604145526885986,-0.1396666198465084,-0.09889128804206848,-0.2812073230743408,-0.15355922574727288,-0.05512961745262146,-0.24848926067352295,-0.051370195249006656,-0.022476762533187866,-0.27643337845802307,-0.09693747306792488,-0.028099536895751953,-0.19655701518058777,-0.10836731190411797,-0.0396733283996582,-0.18520301580429077,-0.11093807513444176,0.0008543431758880615,-0.2368169128894806,-0.030505298772737888,0.03446885943412781,-0.26517876982688904,-0.0854548245164608,0.014401167631149292,-0.15856438875198364,-0.0882510497662281,-0.0011657178401947021,-0.17445707321166992,-0.0775987386199688,0.049991220235824585,-0.21683889627456665,-0.021002832004711536,0.0813923180103302,-0.23117601871490479,-0.07817210550038567,0.05533871054649353,-0.14814609289169312,-0.06328341657845726,0.0358138382434845,-0.15883484482765198,-0.04046104023782959,0.08994826674461365,-0.1925448477268219,-0.017737834850237277,0.1178179681301117,-0.20526859164237976,-0.053781598010942844,0.09525009989738464,-0.1504635214805603,-0.04668944994537583,0.07300689816474915,-0.14855384826660156,-0.033101669648573306
A,0.0,0.0,0.0,-0.055824071168899536,-0.04179060459136963,-0.0733019877683887,-0.09261181950569153,-0.12163937091827393,-0.10709908795473666,-0.09547623991966248,-0.20837357640266418,-0.1308109108817348,-0.09693515300750732,-0.28328925371170044,-0.14335031253216357,-0.05432099103927612,-0.2474154531955719,-0.04805724141118617,-0.023268133401870728,-0.2780053913593292,-0.09128953707335086,-0.02675953507423401,-0.2000391185283661,-0.10174054843304248,-0.038025885820388794,-0.18353420495986938,-0.10353052061913104,0.001324295997619629,-0.23730820417404175,-0.028915539429760884,0.03448238968849182,-0.2671247720718384,-0.08033451628801913,0.016972213983535767,-0.16330814361572266,-0.08304615509626956,0.0005920529365539551,-0.17359742522239685,-0.07286841613171191,0.04990014433860779,-0.21931758522987366,-0.020537901715613316,0.08136704564094543,-0.2326815128326416,-0.07491754931328387,0.056650310754776,-0.1501305103302002,-0.061308542312360714,0.03513869643211365,-0.1574123501777649,-0.03976709586498828,0.08941522240638733,-0.19539514183998108,-0.017940754116750668,0.11675110459327698,-0.2073725163936615,-0.05188172873971553,0.09566304087638855,-0.15267062187194824,-0.044599657924152325,0.07225063443183899,-0.1497117280960083,-0.031133383558369587
A,0.0,0.0,0.0,-0.056002527475357056,-0.038500845432281494,-0.0762621678017581,-0.09318515658378601,-0.11838334798812866,-0.11209941576947813,-0.09649315476417542,-0.20623913407325745,-0.13700024705161695,-0.102606862783432,-0.2822761535644531,-0.15026377063026075,-0.057738274335861206,-0.24649444222450256,-0.05457743551363592,-0.023442238569259644,-0.2797605097293854,-0.09699501018752699,-0.027676373720169067,-0.20229333639144897,-0.10402753870715742,-0.041959166526794434,-0.18737131357192993,-0.10340663712253217,-0.0023685991764068604,-0.23531454801559448,-0.0340403645836318,0.032433658838272095,-0.2654358446598053,-0.08563847016324644,0.01444825530052185,-0.1617146134376526,-0.08618435185184126,-0.004284888505935669,-0.17689582705497742,-0.07448502551545744,0.04660478234291077,-0.21779003739356995,-0.02412151839365606,0.0779062807559967,-0.23249483108520508,-0.07847329895724897,0.053908854722976685,-0.14989668130874634,-0.06340274136294966,0.03150644898414612,-0.1602562963962555,-0.04131833757986669,0.08670219779014587,-0.19522827863693237,-0.020169220080276773,0.11413392424583435,-0.20801493525505066,-0.05507549565066938,0.09422758221626282,-0.15268659591674805,-0.04799763034810667,0.07053276896476746,-0.15041011571884155,-0.03470794405569677
A,0.0,0.0,0.0,-0.05447760224342346,-0.03903228044509888,-0.07873577719607283,-0.09136843681335449,-0.11828958988189697,-0.11594020670332839,-0.09563878178596497,-0.2049480676651001,-0.14167802130856444,-0.10012754797935486,-0.2796758711338043,-0.15534962808766295,-0.055928707122802734,-0.24972522258758545,-0.05527595153131415,-0.021875649690628052,-0.27558547258377075,-0.09814231192746092,-0.025899231433868408,-0.1973743736743927,-0.10590843206324507,-0.040079325437545776,-0.1875297725200653,-0.10637328123726775,-0.0007649660110473633,-0.2397259771823883,-0.033682790604018464,0.03353404998779297,-0.2662648856639862,-0.08638537770190169,0.016320466995239258,-0.1597505807876587,-0.08681123798766066,-0.0009290575981140137,-0.17848199605941772,-0.0750202024547093,0.048053085803985596,-0.2210133969783783,-0.02303786112048556,0.08038783073425293,-0.23378998041152954,-0.07849274670758177,0.056985557079315186,-0.15089553594589233,-0.06248155703821112,0.03538638353347778,-0.1632002592086792,-0.039661523905181184,0.08734345436096191,-0.19725212454795837,-0.018690587040566697,0.11635619401931763,-0.2081458866596222,-0.054504618999146714,0.09545010328292847,-0.1529802680015564,-0.047441226449393525,0.07164508104324341,-0.15212488174438477,-0.03414654454269339
A,0.0,0.0,0.0,-0.05255860090255737,-0.03987020254135132,-0.0713079348738006,-0.08956989645957947,-0.11585479974746704,-0.10589521383593592,-0.09452876448631287,-0.20106664299964905,-0.13081031297991785,-0.09806320071220398,-0.275737464427948,-0.1447140947515777,-0.0555548369884491,-0.24189797043800354,-0.0496625043983272,-0.022154033184051514,-0.2774415612220764,-0.09246377652237925,-0.024139463901519775,-0.20165583491325378,-0.10187093918870005,-0.03594326972961426,-0.17836201190948486,-0.10235248511384043,-0.00022619962692260742,-0.23183393478393555,-0.03160687168787035,0.034232646226882935,-0.26711803674697876,-0.08193280553172144,0.019145339727401733,-0.16416701674461365,-0.08402470504591975,0.0010644197463989258,-0.17023822665214539,-0.07351649557898554,0.0486702024936676,-0.2138596475124359,-0.023770120048027366,0.08062908053398132,-0.23328790068626404,-0.07677722727606806,0.05870357155799866,-0.1516384482383728,-0.06266413634369883,0.03601965308189392,-0.15437430143356323,-0.041128348612289756,0.08811387419700623,-0.18883195519447327,-0.02143294369528803,0.11727079749107361,-0.20819583535194397,-0.05504437168787035,0.09856107831001282,-0.15398377180099487,-0.04721470927546534,0.07451394200325012,-0.14663994312286377,-0.03340010350297007
A,0.0,0.0,0.0,-0.05562135577201843,-0.037803709506988525,-0.0693282445818113,-0.09409275650978088,-0.1171603798866272,-0.10185896213351953,-0.09869980812072754,-0.2039300799369812,-0.12554130311309564,-0.10280635952949524,-0.2784566879272461,-0.13823804612457025,-0.056392788887023926,-0.2370443046092987,-0.04632011036574113,-0.026962876319885254,-0.2773122489452362,-0.08969642575084436,-0.030121177434921265,-0.19837230443954468,-0.09867328758537042,-0.039412349462509155,-0.17563650012016296,-0.09867601449786889,-0.0019764602184295654,-0.22643381357192993,-0.029336999908082362,0.030609995126724243,-0.26532402634620667,-0.0798781474977659,0.012919068336486816,-0.1590787172317505,-0.08040942604839074,-0.0018435120582580566,-0.16674378514289856,-0.0686965769082235,0.04564806818962097,-0.208999365568161,-0.022999658986918803,0.07756903767585754,-0.23101568222045898,-0.0766500567942785,0.05224815011024475,-0.14679205417633057,-0.06095009277760255,0.03181764483451843,-0.1503034234046936,-0.03807551394402253,0.08493104577064514,-0.18519943952560425,-0.02217777240275609,0.11501982808113098,-0.20671525597572327,-0.0556675156503843,0.09447434544563293,-0.15181252360343933,-0.04712247456609475,0.07116249203681946,-0.14392900466918945,-0.03285743276774156
A,0.0,0.0,0.0,-0.055532485246658325,-0.0390315055847168,-0.07673496937351842,-0.09480836987495422,-0.11892807483673096,-0.11243754809694906,-0.09972557425498962,-0.20705470442771912,-0.13698309844332357,-0.10335838794708252,-0.2825522720813751,-0.14959013646441122,-0.062437206506729126,-0.2456052601337433,-0.05488800441818853,-0.028009682893753052,-0.2800716161727905,-0.09895954465466161,-0.028420299291610718,-0.20217272639274597,-0.10697710698443075,-0.041327327489852905,-0.18210160732269287,-0.10653841679888387,-0.006002962589263916,-0.2367573380470276,-0.0341593827863278,0.029446810483932495,-0.2702763080596924,-0.0883091706593575,0.01584973931312561,-0.16353559494018555,-0.09023278390961309,-0.0024908781051635742,-0.17311319708824158,-0.07878036981421133,0.043755918741226196,-0.22001495957374573,-0.024009074996882873,0.07678565382957458,-0.2369319498538971,-0.08097511714296957,0.05547866225242615,-0.1524885892868042,-0.06633158957558294,0.03198328614234924,-0.16005608439445496,-0.04351998677449842,0.08323004841804504,-0.1975952386856079,-0.019713981058174568,0.1132688820362091,-0.21156015992164612,-0.05597549116211553,0.09467121958732605,-0.15567952394485474,-0.04868482237654348,0.06983897089958191,-0.152762770652771,-0.034766780193621116
A,0.0,0.0,0.0,-0.05727261304855347,-0.034832119941711426,-0.07315139240216695,-0.09675246477127075,-0.1171148419380188,-0.10610920703601323,-0.10270529985427856,-0.20686867833137512,-0.1287615275998064,-0.10659527778625488,-0.28209367394447327,-0.13941526180695973,-0.061495035886764526,-0.24088963866233826,-0.049343065829987154,-0.031315237283706665,-0.2788635492324829,-0.09277736163329564,-0.033030420541763306,-0.1981106698513031,-0.10111933714341603,-0.044227778911590576,-0.18421438336372375,-0.10141891753863774,-0.006455779075622559,-0.23216009140014648,-0.030365393968338594,0.02501094341278076,-0.26997292041778564,-0.08239557361793004,0.01057460904121399,-0.16246813535690308,-0.0827744728941866,-0.0051538050174713135,-0.17725658416748047,-0.07090341067504369,0.04223400354385376,-0.21572065353393555,-0.022234824957365618,0.07285511493682861,-0.23782211542129517,-0.07665228611421071,0.051953792572021484,-0.15343302488327026,-0.060049017431254015,0.032422780990600586,-0.1635054349899292,-0.03684320068549596,0.08228862285614014,-0.19406068325042725,-0.0200366354603716,0.11029946804046631,-0.21279120445251465,-0.05414784467410527,0.09172582626342773,-0.15655258297920227,-0.04579989007305585,0.06951290369033813,-0.15242594480514526,-0.03181191674065076
A,0.0,0.0,0.0,-0.059547632932662964,-0.037100911140441895,-0.07001589111257545,-0.09938940405845642,-0.12027370929718018,-0.10064671806264869,-0.10531970858573914,-0.21092918515205383,-0.12194810680318824,-0.10882362723350525,-0.2859076261520386,-0.13156043610740653,-0.06236085295677185,-0.2419334053993225,-0.04272130004335395,-0.03522604703903198,-0.2860875427722931,-0.08666586748529426,-0.03743872046470642,-0.20495614409446716,-0.09700691572595588,-0.04783743619918823,-0.1891407072544098,-0.0982789086477851,-0.007525593042373657,-0.23235541582107544,-0.024918329559454833,0.020281940698623657,-0.27326053380966187,-0.07722263655830375,0.00479772686958313,-0.168218195438385,-0.08025158814359656,-0.01005566120147705,-0.1825036108493805,-0.06997767708469382,0.04138794541358948,-0.2169879674911499,-0.01804456546176425,0.06764736771583557,-0.24277415871620178,-0.07239555440116874,0.04527273774147034,-0.1586826741695404,-0.05793959892559997,0.027216702699661255,-0.16877201199531555,-0.03573214507866851,0.08341655135154724,-0.19733673334121704,-0.016846623860487853,0.10787609219551086,-0.21982255578041077,-0.050016994245538626,0.0879567563533783,-0.16413059830665588,-0.041906780220756445,0.06736764311790466,-0.1597185730934143,-0.02786620951462737
A,0.0,0.0,0.0,-0.05818793177604675,-0.03380024433135986,-0.06596292371432355,-0.10231912136077881,-0.11822694540023804,-0.09487829918543866,-0.11242750287055969,-0.21088436245918274,-0.11548126305024198,-0.11752757430076599,-0.2876269221305847,-0.12482802385966352,-0.07049506902694702,-0.2417978048324585,-0.03844996730367711,-0.04500570893287659,-0.2914767861366272,-0.08190163041035703,-0.04376283288002014,-0.21099522709846497,-0.09180477077643445,-0.051050037145614624,-0.1836404800415039,-0.09163540417830518,-0.015617579221725464,-0.2335038185119629,-0.022889358946486027,0.011634141206741333,-0.27813273668289185,-0.0726139527050691,-0.0014467239379882812,-0.17277252674102783,-0.07450775618235639,-0.016287565231323242,-0.1781410574913025,-0.06297360176722577,0.0336175262928009,-0.21987485885620117,-0.01816169361154607,0.059883445501327515,-0.24821215867996216,-0.07077874059359601,0.039389342069625854,-0.16210082173347473,-0.05595261047164968,0.021331042051315308,-0.1659337282180786,-0.033130580583019764,0.07610228657722473,-0.19980767369270325,-0.01877575183789304,0.09955659508705139,-0.22479665279388428,-0.051191339292927296,0.0824039876461029,-0.1666969656944275,-0.041847730079098255,0.06344416737556458,-0.15788483619689941,-0.02642796190957597
A,0.0,0.0,0.0,-0.06174162030220032,-0.03272247314453125,-0.058926147528467254,-0.10843691229820251,-0.12034034729003906,-0.08284886658984192,-0.12056854367256165,-0.21574842929840088,-0.10038663179474838,-0.12988978624343872,-0.2912867069244385,-0.10677021474438675,-0.07577109336853027,-0.23901408910751343,-0.026959716462073402,-0.05723145604133606,-0.297855406999588,-0.07070059061842926,-0.053272545337677,-0.2152879536151886,-0.08252136886912353,-0.057791322469711304,-0.1892244517803192,-0.08327060670453079,-0.02192521095275879,-0.2321082353591919,-0.014204582319138126,-0.00025075674057006836,-0.2842313349246979,-0.06148981035548218,-0.010858684778213501,-0.1794014573097229,-0.0630679401834584,-0.02368524670600891,-0.18861407041549683,-0.05171432823735245,0.026914238929748535,-0.22089418768882751,-0.012586907603321151,0.049066126346588135,-0.258339524269104,-0.06220866844850548,0.030901610851287842,-0.17237156629562378,-0.04636017710762985,0.016223788261413574,-0.1780170202255249,-0.02328773134249218,0.07043218612670898,-0.2040456235408783,-0.016169221260128097,0.09066116809844971,-0.23484715819358826,-0.04510251537757881,0.07455992698669434,-0.17711740732192993,-0.034396045960960464,0.058962881565093994,-0.1676180064678192,-0.018460079215941505
A,0.0,0.0,0.0,-0.06289270520210266,-0.035271406173706055,-0.06055054180669117,-0.11387524008750916,-0.1231655478477478,-0.08565502353357601,-0.1295316517353058,-0.22161903977394104,-0.10420226045297909,-0.13925370573997498,-0.29922616481781006,-0.11084088422703076,-0.08623263239860535,-0.24692559242248535,-0.026863438266985895,-0.06952446699142456,-0.30862462520599365,-0.07127855457710552,-0.06167086958885193,-0.2231706976890564,-0.08268970735716152,-0.06369414925575256,-0.19647687673568726,-0.08283892013477612,-0.031133204698562622,-0.2412617802619934,-0.013835197504334928,-0.01190096139907837,-0.3002682328224182,-0.06192919351505566,-0.01931622624397278,-0.18976053595542908,-0.06190966926860142,-0.03053891658782959,-0.19690945744514465,-0.04834321625875759,0.01910063624382019,-0.23037457466125488,-0.012245471778982164,0.03952398896217346,-0.2730712890625,-0.06206111349510479,0.023528724908828735,-0.1812838912010193,-0.043532305586808206,0.010875672101974487,-0.18348178267478943,-0.017693680900805475,0.06387779116630554,-0.2126813530921936,-0.01616851538764763,0.08166316151618958,-0.24695801734924316,-0.044001356888287546,0.06735822558403015,-0.18724378943443298,-0.03094445281075764,0.05476805567741394,-0.1755213439464569,-0.012789856832199575
A,0.0,0.0,0.0,-0.06642496585845947,-0.03378868103027344,-0.05382454948312443,-0.12039840221405029,-0.12317037582397461,-0.07491166325098675,-0.13919472694396973,-0.2235376536846161,-0.09121547074801128,-0.15469694137573242,-0.3011676073074341,-0.09623423399216335,-0.0954330563545227,-0.24451422691345215,-0.016419188993040734,-0.0810396671295166,-0.3143177628517151,-0.060393100546662026,-0.06964161992073059,-0.2296639382839203,-0.0733461696077029,-0.07179275155067444,-0.19666209816932678,-0.07402151258474987,-0.042995303869247437,-0.24247106909751892,-0.006314014958206826,-0.024368464946746826,-0.30690762400627136,-0.05281803937441509,-0.027365565299987793,-0.19707724452018738,-0.055180510448280984,-0.0429290235042572,-0.1991332471370697,-0.04356002615577381,0.005292654037475586,-0.2354668378829956,-0.007474903890852147,0.025825679302215576,-0.28463298082351685,-0.056759117113415414,0.014100611209869385,-0.19123196601867676,-0.0413346904683749,-0.002534925937652588,-0.18961608409881592,-0.017703134508792573,0.050459444522857666,-0.22176995873451233,-0.013437653833989316,0.06691962480545044,-0.2591892182826996,-0.04134162695891064,0.05602836608886719,-0.1963571012020111,-0.0293091944772641,0.041515052318573,-0.1821821928024292,-0.01193775137699049
A,0.0,0.0,0.0,-0.06753486394882202,-0.031888484954833984,-0.048201101679751446,-0.12538737058639526,-0.12025594711303711,-0.06717508922929483,-0.14867344498634338,-0.2204883098602295,-0.08315954994077401,-0.16639810800552368,-0.29766035079956055,-0.08846522014255243,-0.10199090838432312,-0.24014025926589966,-0.008651489239582588,-0.09612399339675903,-0.3139689564704895,-0.053276541490504314,-0.0815049409866333,-0.23111841082572937,-0.06865156333560662,-0.07766157388687134,-0.19182497262954712,-0.07046284418220239,-0.05027890205383301,-0.24212929606437683,-0.0015794615833328862,-0.038198500871658325,-0.3103622496128082,-0.04722426350826936,-0.03720739483833313,-0.2020258903503418,-0.050241975892731716,-0.0484483540058136,-0.19762420654296875,-0.03893002386803346,-0.0022040605545043945,-0.23543411493301392,-0.005756493971148302,0.014422178268432617,-0.28880009055137634,-0.053768190402934124,0.005917787551879883,-0.19764351844787598,-0.03841464485640245,-0.007303059101104736,-0.19210520386695862,-0.014640068483004143,0.043610215187072754,-0.2207227647304535,-0.014423185807117989,0.056155264377593994,-0.26365870237350464,-0.040601379085728695,0.046762287616729736,-0.20314741134643555,-0.02754093598241525,0.034909963607788086,-0.18700742721557617,-0.009449108351418545
A,0.0,0.0,0.0,-0.06748154759407043,-0.029298067092895508,-0.04500234055637975,-0.12968266010284424,-0.11544430255889893,-0.06350159946202893,-0.15915927290916443,-0.2162415087223053,-0.07965911480903287,-0.17752709984779358,-0.2938668131828308,-0.08494372967004438,-0.11233770847320557,-0.23395976424217224,-0.008206466430124237,-0.1114465594291687,-0.31542766094207764,-0.053564685614105656,-0.09134072065353394,-0.23417457938194275,-0.06868762824058194,-0.08656156063079834,-0.19281727075576782,-0.06985240730762143,-0.061592310667037964,-0.23786517977714539,-0.0025666407153721593,-0.05316424369812012,-0.31298214197158813,-0.048902283639904454,-0.04543352127075195,-0.2043725848197937,-0.051486007155176594,-0.05886715650558472,-0.19573372602462769,-0.03964013907432218,-0.01314079761505127,-0.23393988609313965,-0.007746231493797495,0.00038808584213256836,-0.29479333758354187,-0.056262030483480885,-0.0014266371726989746,-0.2008131742477417,-0.03969874534129758,-0.01568588614463806,-0.19050467014312744,-0.014831789055165245,0.0337333083152771,-0.22260665893554688,-0.017085288868543103,0.04499614238739014,-0.26952338218688965,-0.04375542628883977,0.03966164588928223,-0.20679062604904175,-0.030041155622598126,0.027467966079711914,-0.18810763955116272,-0.01131297855943103
A,0.0,0.0,0.0,-0.07078629732131958,-0.02473515272140503,-0.0441778532209014,-0.13719391822814941,-0.10631483793258667,-0.06249647652526846,-0.17227458953857422,-0.205763041973114,-0.07897457172890654,-0.1930496096611023,-0.28448471426963806,-0.08463167091628065,-0.12455570697784424,-0.2245369553565979,-0.004436664467505125,-0.12947195768356323,-0.31066223978996277,-0.05162522634287825,-0.1065162718296051,-0.23002305626869202,-0.06981515576859465,-0.10032877326011658,-0.18921315670013428,-0.07306994190236082,-0.07388964295387268,-0.2335726022720337,0.0004374858303322071,-0.07061240077018738,-0.3121644854545593,-0.047214747125110534,-0.05790430307388306,-0.20591726899147034,-0.0522424734177207,-0.07087606191635132,-0.19516980648040771,-0.04203463783284178,-0.025113433599472046,-0.2341943383216858,-0.005838897263458875,-0.01647043228149414,-0.2979850471019745,-0.05373488431592932,-0.013715207576751709,-0.20614510774612427,-0.03845565458556166,-0.02787691354751587,-0.19680127501487732,-0.01486755413731089,0.02268880605697632,-0.22759228944778442,-0.016427724340758232,0.031032681465148926,-0.274945467710495,-0.04164227535744658,0.028480231761932373,-0.21255189180374146,-0.028278178253970054,0.01710730791091919,-0.19437837600708008,-0.010315472910008339
