label,x0,y0,z0,x1,y1,z1,x2,y2,z2,x3,y3,z3,x4,y4,z4,x5,y5,z5,x6,y6,z6,x7,y7,z7,x8,y8,z8,x9,y9,z9,x10,y10,z10,x11,y11,z11,x12,y12,z12,x13,y13,z13,x14,y14,z14,x15,y15,z15,x16,y16,z16,x17,y17,z17,x18,y18,z18,x19,y19,z19,x20,y20,z20
B,0.0,0.0,0.0,-0.06877067685127258,-0.034968554973602295,-0.022920251898767674,-0.11540135741233826,-0.11532026529312134,-0.029863095917107785,-0.10666647553443909,-0.20358288288116455,-0.03688993033051702,-0.0571843683719635,-0.22145330905914307,-0.0425098175930998,-0.10272014141082764,-0.21572643518447876,0.01198299594193486,-0.11660754680633545,-0.30349966883659363,0.003960307612715042,-0.12056875228881836,-0.35732853412628174,-0.009666139334740365,-0.12081995606422424,-0.4053061604499817,-0.021723072119357312,-0.06727465987205505,-0.23482728004455566,0.011106298230288303,-0.08102712035179138,-0.33589211106300354,0.008137255832252777,-0.0889524519443512,-0.4006493091583252,-0.0013048994171640516,-0.09613975882530212,-0.4567512273788452,-0.009470066130461419,-0.03162220120429993,-0.23345190286636353,0.004494607839433229,-0.04474315047264099,-0.3268178105354309,1.6539117950742366e-06,-0.056216537952423096,-0.3826063275337219,-0.006061506532432759,-0.06595003604888916,-0.4255540370941162,-0.011163050383629525,0.009857982397079468,-0.21777719259262085,-0.006241497658493245,-0.0020550191402435303,-0.2873428463935852,-0.008741815649273121,-0.012232184410095215,-0.3281914293766022,-0.008089097291531289,-0.02167150378227234,-0.3591052293777466,-0.008622774929108346
B,0.0,0.0,0.0,-0.06988644599914551,-0.03762352466583252,-0.021022245500091685,-0.11530515551567078,-0.1195058822631836,-0.026415081906918658,-0.10520368814468384,-0.20688903331756592,-0.03241051754713453,-0.056127190589904785,-0.22224104404449463,-0.03709011918664373,-0.10234770178794861,-0.21481478214263916,0.016574678730364667,-0.11611130833625793,-0.30403533577919006,0.009901826989050733,-0.11956319212913513,-0.35818952322006226,-0.0029417976996342077,-0.11927586793899536,-0.4063282608985901,-0.014233218718175067,-0.06625121831893921,-0.23302382230758667,0.015372157815988885,-0.08069929480552673,-0.3362649083137512,0.013956292320187913,-0.08850792050361633,-0.4017290472984314,0.004953632384683715,-0.09494927525520325,-0.4577854871749878,-0.0027461852671990528,-0.029844731092453003,-0.23177677392959595,0.008426170583959447,-0.04332321882247925,-0.3254251778125763,0.005479085046943055,-0.054372429847717285,-0.3814045786857605,-0.00022427418417692024,-0.06303125619888306,-0.4238181412220001,-0.005023929502669944,0.011963903903961182,-0.21689987182617188,-0.0025457478853354587,-0.0007574856281280518,-0.2849302589893341,-0.0033229789490292205,-0.011375069618225098,-0.3253757953643799,-0.001756463877711667,-0.02105182409286499,-0.35594481229782104,-0.001659402719553782
B,0.0,0.0,0.0,-0.06880801916122437,-0.03968459367752075,-0.023341013638855657,-0.11455091834068298,-0.12029272317886353,-0.02769283816087409,-0.10315456986427307,-0.205477774143219,-0.03222050569820567,-0.053405940532684326,-0.2226138710975647,-0.03481656364965602,-0.10129329562187195,-0.21625083684921265,0.020855046288488666,-0.11540305614471436,-0.30540281534194946,0.017159714774606982,-0.1195153295993805,-0.3600762188434601,0.006248683614103356,-0.11956796050071716,-0.40707284212112427,-0.003053313874261221,-0.06699687242507935,-0.23443984985351562,0.022588956580875674,-0.08070263266563416,-0.33633309602737427,0.026162268073676387,-0.08857333660125732,-0.4015630781650543,0.020379574449179927,-0.09435346722602844,-0.4558926224708557,0.015346766860602656,-0.03167775273323059,-0.23366165161132812,0.01793091692161397,-0.04367378354072571,-0.32410818338394165,0.02024441719186143,-0.05503284931182861,-0.37994062900543213,0.017252200694201747,-0.0637328028678894,-0.42118731141090393,0.014410299660085002,0.009508192539215088,-0.21895736455917358,0.008583571241615573,-0.0006451904773712158,-0.28678667545318604,0.012638790944038192,-0.01099047064781189,-0.32721105217933655,0.016764001400588313,-0.02001473307609558,-0.3577456474304199,0.0189542746556981
B,0.0,0.0,0.0,-0.0692005455493927,-0.04043424129486084,-0.0200008577824633,-0.113274484872818,-0.1214037537574768,-0.023545089659194218,-0.1019388735294342,-0.2077733874320984,-0.027908477482299077,-0.05339929461479187,-0.2264459729194641,-0.030804387775162922,-0.09980201721191406,-0.21698683500289917,0.021990744846959842,-0.1125631332397461,-0.3070001006126404,0.017768361124296916,-0.11562362313270569,-0.3618149161338806,0.005861179887403978,-0.11517778038978577,-0.4098723530769348,-0.004898192376742827,-0.0645018219947815,-0.23606741428375244,0.021047665256162418,-0.07770165801048279,-0.3390626311302185,0.022183001491328014,-0.08506086468696594,-0.4045710563659668,0.01348172173192097,-0.09161236882209778,-0.4593221843242645,0.005699106476356519,-0.029661178588867188,-0.23466920852661133,0.014131305257876647,-0.04216805100440979,-0.3280408978462219,0.013364213968714012,-0.053537219762802124,-0.3825961947441101,0.007625444776465429,-0.06277692317962646,-0.4230903089046478,0.0025062872870762476,0.011600881814956665,-0.21955806016921997,0.003136924219404591,0.00017407536506652832,-0.29042884707450867,0.003840259260584844,-0.009771943092346191,-0.3317826986312866,0.005366272742946876,-0.01919001340866089,-0.3632590174674988,0.005267741142858995
B,0.0,0.0,0.0,-0.06894654035568237,-0.04006314277648926,-0.020876006372532174,-0.11381685733795166,-0.12036442756652832,-0.025123804025611207,-0.10374358296394348,-0.2057342529296875,-0.02986775260444574,-0.05630579590797424,-0.22372615337371826,-0.033012217991313264,-0.09990596771240234,-0.21703791618347168,0.01878510866288252,-0.11406514048576355,-0.30773210525512695,0.014268392547705844,-0.11831152439117432,-0.36333566904067993,0.003224374809974506,-0.11906757950782776,-0.41121387481689453,-0.006554585565140769,-0.06544440984725952,-0.23568439483642578,0.01828959289912291,-0.07905310392379761,-0.33964961767196655,0.01959867108587332,-0.08685079216957092,-0.405063271522522,0.012683425880709365,-0.09316226840019226,-0.45882558822631836,0.006668737008908465,-0.030714064836502075,-0.23380106687545776,0.011874925195911601,-0.04436880350112915,-0.32908710837364197,0.011042355410495475,-0.056521713733673096,-0.3863188624382019,0.006341224852690175,-0.06626847386360168,-0.42873531579971313,0.002307949671262577,0.010066419839859009,-0.21759569644927979,0.0013279179946721342,-0.0010837018489837646,-0.28952664136886597,0.0014910724383980778,-0.011586278676986694,-0.33165621757507324,0.003286937102416232,-0.02108660340309143,-0.36293208599090576,0.0038447851219416407
B,0.0,0.0,0.0,-0.0704410970211029,-0.03957259654998779,-0.02015811994374417,-0.11459800601005554,-0.11788028478622437,-0.024429224875575528,-0.10544633865356445,-0.20443296432495117,-0.029241027754551396,-0.05671191215515137,-0.22148925065994263,-0.03216134056151532,-0.10312071442604065,-0.21582138538360596,0.023073682117455974,-0.1170985996723175,-0.3069147765636444,0.01948072903155662,-0.12006127834320068,-0.361378014087677,0.0074765831448075915,-0.12026724219322205,-0.40977734327316284,-0.0034927185408832884,-0.06772229075431824,-0.23347347974777222,0.022566780003899112,-0.0830971896648407,-0.33767566084861755,0.02470133967995025,-0.09043446183204651,-0.40272387862205505,0.01672210872470714,-0.09694740176200867,-0.4573335647583008,0.009487464579933658,-0.03249618411064148,-0.2309054136276245,0.016200562494987025,-0.04692867398262024,-0.32350820302963257,0.01677251003980018,-0.058711111545562744,-0.38056233525276184,0.012881170514219775,-0.06779548525810242,-0.42331090569496155,0.00903515752702333,0.010923624038696289,-0.21420300006866455,0.00561116963922359,-0.0008466541767120361,-0.2841726243495941,0.007824160645895972,-0.01161089539527893,-0.3259260058403015,0.011243680979305282,-0.021736085414886475,-0.35730159282684326,0.01258173447399713
B,0.0,0.0,0.0,-0.0679866373538971,-0.03725939989089966,-0.022760350160126563,-0.11456626653671265,-0.11494934558868408,-0.028068145640020248,-0.10646229982376099,-0.19930815696716309,-0.033185027442698356,-0.060038864612579346,-0.223496675491333,-0.036601301185612556,-0.10237222909927368,-0.21604114770889282,0.01548390845226777,-0.11575394868850708,-0.30837830901145935,0.009986300118441704,-0.11884596943855286,-0.36408838629722595,-0.0021153235769020284,-0.11884209513664246,-0.41278111934661865,-0.012549048192624923,-0.06706178188323975,-0.2318422794342041,0.016060114003892068,-0.08179709315299988,-0.3370164930820465,0.016403837226505402,-0.0897778570652008,-0.4032588303089142,0.00846401797997487,-0.09550979733467102,-0.4571112394332886,0.0015911649485929047,-0.031518399715423584,-0.22941315174102783,0.010841684512968186,-0.04600024223327637,-0.32345250248908997,0.009864515721972111,-0.05845361948013306,-0.3825197219848633,0.004919319044972781,-0.06755572557449341,-0.42702609300613403,0.0005916288743605946,0.010751873254776001,-0.2137521505355835,0.001402377247984532,-0.0011907219886779785,-0.2857612073421478,0.002072662212128762,-0.011338800191879272,-0.32902806997299194,0.00433152364956868,-0.019724488258361816,-0.3624778091907501,0.005030973445798281
B,0.0,0.0,0.0,-0.06450939178466797,-0.03699314594268799,-0.021973210106239094,-0.11083346605300903,-0.12051635980606079,-0.030864766518220677,-0.10010069608688354,-0.20730119943618774,-0.03969993879888989,-0.04928922653198242,-0.2244584560394287,-0.047683228457913174,-0.10048675537109375,-0.22917020320892334,0.0006543220266621574,-0.11633962392807007,-0.32738906145095825,-0.011075147146925701,-0.11969056725502014,-0.3867535889148712,-0.025775690282330288,-0.1178709864616394,-0.43636947870254517,-0.03759361123536564,-0.06409680843353271,-0.24684372544288635,-0.0020211468903426066,-0.08094614744186401,-0.35841506719589233,-0.008416929001555218,-0.08935272693634033,-0.43111133575439453,-0.019642992595777287,-0.094218909740448,-0.4882994592189789,-0.028226203004464878,-0.02560347318649292,-0.24271690845489502,-0.009285696501478924,-0.04031503200531006,-0.3448021411895752,-0.016864276210412754,-0.050277501344680786,-0.4059686064720154,-0.024920283536062016,-0.05625602602958679,-0.4520053267478943,-0.030935085097894444,0.018216222524642944,-0.22209566831588745,-0.020086805055484547,0.005675196647644043,-0.29639244079589844,-0.02613637661431767,-0.0038057267665863037,-0.339966356754303,-0.02661932697390057,-0.011515825986862183,-0.3736683130264282,-0.027167879695639385
B,0.0,0.0,0.0,-0.06817734241485596,-0.03837776184082031,-0.02436806215780507,-0.11773443222045898,-0.12219810485839844,-0.0323502677573515,-0.10763412714004517,-0.21177905797958374,-0.04020813806789647,-0.05781087279319763,-0.23322200775146484,-0.046803220648939714,-0.11040458083152771,-0.22582805156707764,0.00560384894845356,-0.1276308298110962,-0.3248475193977356,-0.005721819129462347,-0.13136523962020874,-0.38748353719711304,-0.02079348406630288,-0.13071125745773315,-0.44138801097869873,-0.03315324290531407,-0.07363757491111755,-0.247573584318161,0.0042238412344204335,-0.09222999215126038,-0.3595736026763916,-0.002067825765038833,-0.1012345552444458,-0.43359577655792236,-0.013882405598337755,-0.10706675052642822,-0.4939860701560974,-0.02293349384206067,-0.03416898846626282,-0.2484925091266632,-0.002652992036814794,-0.0539989173412323,-0.3488302230834961,-0.010243501987929449,-0.06776821613311768,-0.41385531425476074,-0.01994761406319867,-0.07740312814712524,-0.4644619822502136,-0.027085449088986024,0.01063278317451477,-0.23251301050186157,-0.013529434342558488,-0.004113316535949707,-0.30695027112960815,-0.019049450297529802,-0.0152740478515625,-0.3521687984466553,-0.020655344714100465,-0.02321571111679077,-0.3877957761287689,-0.022353017245109186
B,0.0,0.0,0.0,-0.06966245174407959,-0.04630577564239502,-0.021579049718127408,-0.11550435423851013,-0.128883957862854,-0.029187010791645207,-0.10465142130851746,-0.2202346920967102,-0.03734715860758797,-0.05394807457923889,-0.24030175805091858,-0.044214165028677144,-0.10782817006111145,-0.2331939935684204,0.009571926477804027,-0.12647590041160583,-0.3356932997703552,-0.0018747099251754662,-0.13082543015480042,-0.3990662097930908,-0.01810182836328522,-0.1307038962841034,-0.4547342360019684,-0.03134644236837403,-0.06996068358421326,-0.25619280338287354,0.006947749569519601,-0.08898171782493591,-0.3721054792404175,0.0007007099180214027,-0.09759002923965454,-0.44927820563316345,-0.011414408874259152,-0.10444134473800659,-0.5129561722278595,-0.02089021932755486,-0.030443906784057617,-0.2556593716144562,-0.0010530221783824345,-0.04719415307044983,-0.3590618968009949,-0.00886029676024691,-0.0588376522064209,-0.41955357789993286,-0.016178554114446797,-0.06638312339782715,-0.46473416686058044,-0.02133059334431664,0.016494572162628174,-0.2377280592918396,-0.0129878271413304,0.0020900368690490723,-0.3140774965286255,-0.018166203242287793,-0.008894562721252441,-0.3579791188240051,-0.017596828010425725,-0.017784595489501953,-0.39179956912994385,-0.017477220114813008
B,0.0,0.0,0.0,-0.06777262687683105,-0.040924668312072754,-0.02388561108165277,-0.11658293008804321,-0.1268482208251953,-0.03167074509912027,-0.10595926642417908,-0.21888720989227295,-0.040086164707474836,-0.05573496222496033,-0.24365228414535522,-0.04736116492205156,-0.10801592469215393,-0.23849517107009888,0.006944764302886597,-0.12665286660194397,-0.34080952405929565,-0.005405298536800274,-0.1313970386981964,-0.40447092056274414,-0.02102928386085523,-0.13081714510917664,-0.4606108069419861,-0.03353754394703401,-0.06942152976989746,-0.26009678840637207,0.0043449787328313505,-0.08885768055915833,-0.37608593702316284,-0.00297317501173211,-0.09844252467155457,-0.4529193937778473,-0.014965316848986276,-0.1044359803199768,-0.5162745714187622,-0.023957898477249273,-0.028104275465011597,-0.2588682472705841,-0.003912971457623371,-0.043015360832214355,-0.35979163646698,-0.01321785115652574,-0.05251243710517883,-0.4153215289115906,-0.02054269948058618,-0.059157729148864746,-0.45836636424064636,-0.024982748190097936,0.018265753984451294,-0.23996376991271973,-0.01629785039477838,0.002292066812515259,-0.31520339846611023,-0.02261261605673326,-0.010024189949035645,-0.35903555154800415,-0.022292816648416647,-0.019962936639785767,-0.39473122358322144,-0.021964909145765432
B,0.0,0.0,0.0,-0.06907790899276733,-0.040619492530822754,-0.026204255442792146,-0.11990511417388916,-0.13205641508102417,-0.03374987937110063,-0.10778889060020447,-0.22368299961090088,-0.04124241046207544,-0.055135577917099,-0.24264538288116455,-0.047431894611293046,-0.11073717474937439,-0.24542564153671265,0.006720077213174136,-0.12798109650611877,-0.3477068841457367,-0.00428403218808171,-0.1335621178150177,-0.4114925265312195,-0.0200023977418482,-0.13482001423835754,-0.46768486499786377,-0.03320831529396173,-0.07239800691604614,-0.2683635652065277,0.005459533505415948,-0.08957213163375854,-0.38566046953201294,3.4175019607118884e-05,-0.10001248121261597,-0.4622131884098053,-0.01147881246703264,-0.10821065306663513,-0.5246715843677521,-0.02036967038708326,-0.03119117021560669,-0.26699572801589966,-0.0016996423115074322,-0.0492914617061615,-0.3744773268699646,-0.008222399312728612,-0.06383383274078369,-0.43951064348220825,-0.016402400131994455,-0.07568359375,-0.4897680878639221,-0.022593953679972856,0.015416920185089111,-0.24645712971687317,-0.013371046665781705,0.001377880573272705,-0.32465362548828125,-0.01769282206493017,-0.010822176933288574,-0.36978140473365784,-0.01749562009769079,-0.021023184061050415,-0.4044961929321289,-0.017907406236702172
B,0.0,0.0,0.0,-0.07206276059150696,-0.04447615146636963,-0.02488422813547686,-0.12307184934616089,-0.13796871900558472,-0.03187162290049628,-0.11024662852287292,-0.22925323247909546,-0.03883899609280661,-0.060850322246551514,-0.2478885054588318,-0.04470343003703192,-0.11203452944755554,-0.2523379623889923,0.00795869109498426,-0.1291317641735077,-0.35777032375335693,-0.001959995140339288,-0.1351340115070343,-0.42155301570892334,-0.016705696011911186,-0.13735240697860718,-0.47673285007476807,-0.029243965174089226,-0.07264170050621033,-0.2726665735244751,0.006740189616550651,-0.09185105562210083,-0.3907759189605713,0.0022694060979233655,-0.1030890941619873,-0.4655037820339203,-0.008505017037521156,-0.11121436953544617,-0.5250339508056641,-0.01690785634053782,-0.03138136863708496,-0.26930493116378784,-0.00022086426105261125,-0.05228540301322937,-0.37750065326690674,-0.0052860011412008134,-0.06743946671485901,-0.44345808029174805,-0.012439369696210179,-0.07926815748214722,-0.4931006133556366,-0.018053031067381653,0.014915376901626587,-0.24896180629730225,-0.01157238940430716,0.0003514587879180908,-0.32959866523742676,-0.014743499930034432,-0.012495666742324829,-0.37771913409233093,-0.014161446603964123,-0.022865980863571167,-0.41432327032089233,-0.014290084603260311
B,0.0,0.0,0.0,-0.06812390685081482,-0.039980173110961914,-0.030652661663566505,-0.12090906500816345,-0.13276243209838867,-0.040974919539962684,-0.11207559704780579,-0.22901278734207153,-0.04970670942691413,-0.0625612735748291,-0.25516003370285034,-0.05660347346690742,-0.11716800928115845,-0.2519817352294922,0.0017385441157102832,-0.13557079434394836,-0.35878729820251465,-0.009181364295159256,-0.14034876227378845,-0.422971248626709,-0.024878351804886734,-0.14151602983474731,-0.4776935577392578,-0.037986592245374595,-0.0762629508972168,-0.2721453011035919,0.0034917724830165753,-0.09584969282150269,-0.39405789971351624,-0.0013286417537301531,-0.10702231526374817,-0.47069716453552246,-0.012949582976375495,-0.11573797464370728,-0.5319775938987732,-0.022519581806932365,-0.03442877531051636,-0.2698822021484375,-0.0006102547353066257,-0.05535140633583069,-0.3797172009944916,-0.005375274778430139,-0.07049348950386047,-0.44638922810554504,-0.012469119248066818,-0.08202406764030457,-0.49604377150535583,-0.018600766402755653,0.01284298300743103,-0.25152015686035156,-0.00957335982946006,-0.0025339722633361816,-0.33281010389328003,-0.011800825451587116,-0.015886276960372925,-0.38188618421554565,-0.010805683066223537,-0.026457637548446655,-0.4187907576560974,-0.011166576151822483
B,0.0,0.0,0.0,-0.06939536333084106,-0.045951783657073975,-0.02728779484561983,-0.12181925773620605,-0.1376737356185913,-0.03810667862228456,-0.10736367106437683,-0.23297005891799927,-0.04851104562214914,-0.05255699157714844,-0.2567957043647766,-0.057915637838164,-0.11464357376098633,-0.2604684829711914,0.0004992330349296026,-0.1322704553604126,-0.3652894198894501,-0.013198063346067102,-0.13870134949684143,-0.42821982502937317,-0.030767268138447434,-0.14046767354011536,-0.48294275999069214,-0.045482284026661546,-0.07433465123176575,-0.2818162143230438,-0.0013168600718245216,-0.09376174211502075,-0.4021795988082886,-0.009583831401982934,-0.10528817772865295,-0.47903841733932495,-0.023028256940165193,-0.11416131258010864,-0.5409210920333862,-0.03378464524678293,-0.031614989042282104,-0.27845704555511475,-0.008735217722573907,-0.05169039964675903,-0.3880813419818878,-0.017486494603076608,-0.06649845838546753,-0.4520471394062042,-0.026551195057550103,-0.07864224910736084,-0.4994657039642334,-0.033572001951256425,0.015661895275115967,-0.2562788724899292,-0.020584257888117463,0.001447439193725586,-0.3369065821170807,-0.027539603980699212,-0.011806070804595947,-0.38525938987731934,-0.028956166105785996,-0.022694379091262817,-0.42204779386520386,-0.030497167828002603
B,0.0,0.0,0.0,-0.07183277606964111,-0.048917293548583984,-0.029066191618142057,-0.126153826713562,-0.13725006580352783,-0.040216685836014676,-0.11040693521499634,-0.2313077449798584,-0.05068834275454037,-0.05400347709655762,-0.25879454612731934,-0.05966632590144627,-0.11636695265769958,-0.26418644189834595,0.0029589197553718805,-0.1346210241317749,-0.3717053234577179,-0.010115693886575627,-0.14029455184936523,-0.4369707703590393,-0.027703685317931104,-0.14105921983718872,-0.494777113199234,-0.04230107516497128,-0.07577893137931824,-0.2840227782726288,0.00263025997691102,-0.09629350900650024,-0.4037139117717743,-0.003915055286881852,-0.10692495107650757,-0.4799903333187103,-0.01625117250233643,-0.1137872040271759,-0.5419843196868896,-0.02619752996116631,-0.03355759382247925,-0.2799293100833893,-0.00386167932748549,-0.052702486515045166,-0.3874320983886719,-0.010659020957348275,-0.06545284390449524,-0.4541042745113373,-0.017975916717944074,-0.07504129409790039,-0.5047677159309387,-0.023787811030445027,0.014476299285888672,-0.2575775980949402,-0.015221828226742673,0.0007336735725402832,-0.3385332524776459,-0.020087891821560788,-0.011126160621643066,-0.3867037296295166,-0.019591617961225438,-0.02063220739364624,-0.4234510660171509,-0.019598895315823484
B,0.0,0.0,0.0,-0.06934806704521179,-0.04553729295730591,-0.03083162921291205,-0.12467017769813538,-0.12852030992507935,-0.04430731924992415,-0.11144658923149109,-0.22449791431427002,-0.05660693886500212,-0.05544060468673706,-0.260113000869751,-0.06711016389351698,-0.11445322632789612,-0.2626073360443115,-0.0033253385107627764,-0.13215938210487366,-0.3744017481803894,-0.018157876830514397,-0.13653913140296936,-0.44073018431663513,-0.035953452613171066,-0.13632738590240479,-0.4988335371017456,-0.04985596033554884,-0.07342258095741272,-0.28233709931373596,-0.002960319200496997,-0.09232130646705627,-0.4075694978237152,-0.009666997741874184,-0.10243168473243713,-0.48696500062942505,-0.02115202861648413,-0.1090189516544342,-0.5511953830718994,-0.030634533416446175,-0.030609101057052612,-0.2781069576740265,-0.00854818596314999,-0.04525759816169739,-0.38354092836380005,-0.014324967551942791,-0.05344316363334656,-0.44459500908851624,-0.019788142096217598,-0.05933883786201477,-0.48949486017227173,-0.024382224108990158,0.0173109769821167,-0.2551169991493225,-0.01923615279417845,0.00523453950881958,-0.33442991971969604,-0.022223554354127373,-0.005432724952697754,-0.38029441237449646,-0.01982226389270636,-0.014292120933532715,-0.4139179587364197,-0.018590116675909485
B,0.0,0.0,0.0,-0.07192251086235046,-0.045438528060913086,-0.028412074990683323,-0.12741521000862122,-0.13696610927581787,-0.039861197792106395,-0.1121576726436615,-0.23448699712753296,-0.05100409986835075,-0.05580773949623108,-0.26310497522354126,-0.06076771321158958,-0.11423221230506897,-0.26803094148635864,0.000496453920732165,-0.13222521543502808,-0.3781476616859436,-0.014161602802687412,-0.13836586475372314,-0.4450683295726776,-0.03234959321480346,-0.13930949568748474,-0.5044666826725006,-0.04684225770097328,-0.07285046577453613,-0.2904813289642334,-0.0011396992244954163,-0.0919438898563385,-0.41626906394958496,-0.008426932826750999,-0.1029181182384491,-0.49803242087364197,-0.020823066331558948,-0.11017236113548279,-0.5645455718040466,-0.030674652405195957,-0.02930551767349243,-0.2871895432472229,-0.008706704922133213,-0.04450470209121704,-0.39655160903930664,-0.015592490531616932,-0.05370736122131348,-0.459393709897995,-0.021718233101182705,-0.06061410903930664,-0.505636602640152,-0.02639183888595653,0.01842254400253296,-0.2637673020362854,-0.02123778799932552,0.006345987319946289,-0.34645140171051025,-0.025398650415354496,-0.004284560680389404,-0.39399272203445435,-0.023422057949119335,-0.013261616230010986,-0.4290851354598999,-0.022216766350084072
B,0.0,0.0,0.0,-0.07758462429046631,-0.04363816976547241,-0.03469596685221177,-0.1308806836605072,-0.14886099100112915,-0.04875931025793534,-0.11198970675468445,-0.25422006845474243,-0.06101442382981759,-0.05189913511276245,-0.27412956953048706,-0.07179578648259621,-0.1150897741317749,-0.28317996859550476,-0.005106739451491649,-0.13059836626052856,-0.3998222351074219,-0.02172693492224198,-0.13560360670089722,-0.47461843490600586,-0.042007378054165656,-0.1353360414505005,-0.5397234261035919,-0.05906795592358094,-0.0706183910369873,-0.3066406846046448,-0.005080586050951297,-0.08907026052474976,-0.43931448459625244,-0.016288568017387206,-0.09844636917114258,-0.526214063167572,-0.03160904229929429,-0.10617151856422424,-0.5997127592563629,-0.04348798350741845,-0.024010062217712402,-0.30156758427619934,-0.011356270623707587,-0.041765838861465454,-0.425559937953949,-0.023322467443847472,-0.054892539978027344,-0.5061896443367004,-0.03419874863078576,-0.06621098518371582,-0.5703058838844299,-0.04237094776084405,0.02989274263381958,-0.2754518389701843,-0.022693824705982024,0.01792532205581665,-0.3673971891403198,-0.03231271610906106,0.0061179399490356445,-0.42434024810791016,-0.03466858596851807,-0.0060784220695495605,-0.4700392484664917,-0.03680859760692101
B,0.0,0.0,0.0,-0.07533666491508484,-0.04554706811904907,-0.030747291329760174,-0.13123834133148193,-0.14880287647247314,-0.04358611318792782,-0.10882270336151123,-0.25502294301986694,-0.055005010846514324,-0.046799033880233765,-0.27974969148635864,-0.06551218840803585,-0.11908712983131409,-0.2903479039669037,-0.00673592339779816,-0.13533645868301392,-0.4070512652397156,-0.022315079975385288,-0.14009109139442444,-0.4783582091331482,-0.04197698521937809,-0.14026841521263123,-0.5421357154846191,-0.059498549136776546,-0.07284888625144958,-0.3135656714439392,-0.008902476798255066,-0.093351811170578,-0.44564616680145264,-0.018745059776563266,-0.1032574474811554,-0.5292199850082397,-0.03412037033166371,-0.1109393835067749,-0.6000058948993683,-0.047301814589161495,-0.026268601417541504,-0.3068116009235382,-0.016517790663499454,-0.04431241750717163,-0.4276424050331116,-0.026563741895813564,-0.057415157556533813,-0.5017557442188263,-0.03654735970820866,-0.06916970014572144,-0.5613268613815308,-0.045436606440205196,0.026923716068267822,-0.2768694758415222,-0.02890096295203648,0.014283597469329834,-0.3676932752132416,-0.038067099336046795,0.0024300813674926758,-0.42270582914352417,-0.040279068681854824,-0.008257031440734863,-0.46662938594818115,-0.04297712135638676
B,0.0,0.0,0.0,-0.07546558976173401,-0.05121868848800659,-0.03291397551345199,-0.13000106811523438,-0.15458756685256958,-0.04501650864528983,-0.1046169102191925,-0.2597469687461853,-0.055358033723109656,-0.042916834354400635,-0.2821495532989502,-0.06423309827493995,-0.11874380707740784,-0.2995193302631378,0.00013259183344871417,-0.13566526770591736,-0.41762351989746094,-0.012123251429670745,-0.14061030745506287,-0.48889631032943726,-0.030937794691794807,-0.14085084199905396,-0.5527210235595703,-0.04782425994324058,-0.07230684161186218,-0.3187754154205322,0.0007686130326192142,-0.09278696775436401,-0.4508017301559448,-0.0051189308081802665,-0.10256636142730713,-0.5339804887771606,-0.019729610628360206,-0.10963726043701172,-0.60361447930336,-0.03260235497998565,-0.026626944541931152,-0.30995532870292664,-0.004632277510040694,-0.04342931509017944,-0.42813318967819214,-0.01044205772029727,-0.05686157941818237,-0.5025476813316345,-0.019195625654333526,-0.06795644760131836,-0.560847818851471,-0.027461780331009322,0.026378870010375977,-0.2797102928161621,-0.015396669602864677,0.014264464378356934,-0.3695601224899292,-0.01992818536507457,0.0020589828491210938,-0.4243406057357788,-0.02009069742905467,-0.008411884307861328,-0.46785783767700195,-0.021556111148470336
B,0.0,0.0,0.0,-0.07620120048522949,-0.05639803409576416,-0.029566434534274322,-0.12973874807357788,-0.1558382511138916,-0.04156251749583362,-0.10499840974807739,-0.26083487272262573,-0.0525757720191109,-0.043569862842559814,-0.2840479016304016,-0.062357344986878616,-0.11945414543151855,-0.29767465591430664,0.0017678874116313636,-0.13559865951538086,-0.41607171297073364,-0.011374701136730891,-0.13982164859771729,-0.48631995916366577,-0.030740890042864066,-0.13990575075149536,-0.5492955148220062,-0.048144270988188964,-0.07257956266403198,-0.3175976872444153,0.00016625552751747819,-0.09241434931755066,-0.44979536533355713,-0.007205726901077014,-0.10182338953018188,-0.5320201218128204,-0.022646517815076095,-0.10904210805892944,-0.6008726358413696,-0.036223472418271285,-0.02633911371231079,-0.3098408281803131,-0.007279222222052795,-0.04376751184463501,-0.4291325807571411,-0.014680489288650733,-0.05620703101158142,-0.5035989284515381,-0.02401526583918212,-0.06664633750915527,-0.5619300603866577,-0.03264602026530383,0.026507973670959473,-0.28005385398864746,-0.019687746973716003,0.014271855354309082,-0.3701002597808838,-0.025716747479521018,0.0019579529762268066,-0.42532798647880554,-0.02656823149510501,-0.008682489395141602,-0.4687672257423401,-0.028484599055730087
B,0.0,0.0,0.0,-0.07604622840881348,-0.053207337856292725,-0.03147449686400705,-0.13163477182388306,-0.1551259160041809,-0.04432802616827303,-0.10744154453277588,-0.2601925730705261,-0.05583596199028307,-0.0434759259223938,-0.2810342311859131,-0.0662007217036944,-0.11917591094970703,-0.2978447377681732,-0.002372568866462643,-0.1343623697757721,-0.41677671670913696,-0.016359058834837015,-0.13855087757110596,-0.4889131486415863,-0.03547978743188196,-0.13887634873390198,-0.5533983111381531,-0.05225280269257837,-0.07193973660469055,-0.31785207986831665,-0.003266488129497702,-0.08981844782829285,-0.451360285282135,-0.010305139862225587,-0.09931126236915588,-0.5362803936004639,-0.024664733253644044,-0.10672211647033691,-0.6072479486465454,-0.03721202879421526,-0.02511996030807495,-0.3099764585494995,-0.010030523568616445,-0.04119974374771118,-0.4298373758792877,-0.01681475124530607,-0.053196102380752563,-0.5055285096168518,-0.025590507008359964,-0.06375795602798462,-0.5646758377552032,-0.03350955962412172,0.027393698692321777,-0.28041940927505493,-0.021978936784194048,0.014656245708465576,-0.3719545006752014,-0.02743220485024267,0.0018284916877746582,-0.4273691773414612,-0.027874668754861887,-0.009367704391479492,-0.4697220027446747,-0.029205934770629938
B,0.0,0.0,0.0,-0.07777717709541321,-0.051936984062194824,-0.03506397478741974,-0.13242077827453613,-0.1587010622024536,-0.0478211345569548,-0.10847422480583191,-0.2626122832298279,-0.058919891943162384,-0.04781985282897949,-0.2846711277961731,-0.0686295295552668,-0.1203247606754303,-0.3014899790287018,-0.0011975277400892992,-0.13687250018119812,-0.419415682554245,-0.015305097442990245,-0.14162766933441162,-0.49127617478370667,-0.03507849596900314,-0.14164596796035767,-0.5565167963504791,-0.05252104647917122,-0.07317116856575012,-0.3222365081310272,-0.0007765463622604329,-0.09386897087097168,-0.4543243646621704,-0.008914499771719875,-0.10433056950569153,-0.5388788282871246,-0.024943402265137138,-0.11195927858352661,-0.6109172701835632,-0.03850856073660225,-0.026283323764801025,-0.3134569227695465,-0.006885396079098882,-0.04417014122009277,-0.43493175506591797,-0.015102515225237312,-0.0573846697807312,-0.5092664361000061,-0.025338512142127456,-0.0690198540687561,-0.5686634182929993,-0.03420576848549217,0.026241838932037354,-0.2834349274635315,-0.018502647285288276,0.013399004936218262,-0.3745325803756714,-0.024819936831420364,0.001303553581237793,-0.42896217107772827,-0.025913167972987594,-0.00877988338470459,-0.4734795093536377,-0.02780216955108017
B,0.0,0.0,0.0,-0.07743695378303528,-0.054370224475860596,-0.03733512571960773,-0.13224053382873535,-0.1635218858718872,-0.05102965420991268,-0.10838687419891357,-0.26964008808135986,-0.06251428461581554,-0.04570746421813965,-0.28694868087768555,-0.072298662727178,-0.11943352222442627,-0.3100082576274872,-0.0006503671658606436,-0.1335652768611908,-0.4288543164730072,-0.013261272562147042,-0.13739722967147827,-0.500331699848175,-0.032543206577599904,-0.13734397292137146,-0.5649876296520233,-0.04984709433227863,-0.07111886143684387,-0.3287191092967987,0.0014567540591201578,-0.08920255303382874,-0.4602465033531189,-0.004726483011097571,-0.09868994355201721,-0.5440770983695984,-0.020014774044454953,-0.10619664192199707,-0.6149825155735016,-0.03329728729039516,-0.023780763149261475,-0.31850284337997437,-0.0031843036314853634,-0.03904759883880615,-0.437408983707428,-0.009234008369446656,-0.05140143632888794,-0.5119611620903015,-0.018687078719437977,-0.06250622868537903,-0.5705990195274353,-0.02722717075556602,0.029306888580322266,-0.2878277897834778,-0.013696967614293953,0.01724255084991455,-0.3783670663833618,-0.01778082362324085,0.005301415920257568,-0.43243053555488586,-0.018074618642629048,-0.0046097636222839355,-0.47584426403045654,-0.019573917602599522
B,0.0,0.0,0.0,-0.0782390832901001,-0.05504089593887329,-0.03594046622231417,-0.13419073820114136,-0.15790200233459473,-0.05098999827816897,-0.11077845096588135,-0.2601048946380615,-0.0640841478081029,-0.04931831359863281,-0.2833738923072815,-0.07567003160431796,-0.12023460865020752,-0.30605751276016235,-0.0044963860483449025,-0.13685950636863708,-0.4271807372570038,-0.01919162064507418,-0.14165762066841125,-0.49907007813453674,-0.039139790234116845,-0.1422918736934662,-0.5642794072628021,-0.056508263346700005,-0.07172095775604248,-0.32333439588546753,-0.003811341949699454,-0.09194362163543701,-0.4582383632659912,-0.01123569138064795,-0.1021755039691925,-0.5428370237350464,-0.02648195601716452,-0.10939237475395203,-0.6135946810245514,-0.039859203395394616,-0.024238228797912598,-0.31280380487442017,-0.009582593810705475,-0.041718125343322754,-0.43331652879714966,-0.015933550667909913,-0.05328074097633362,-0.5073667168617249,-0.024935407337693505,-0.06342777609825134,-0.564810186624527,-0.03342686757162028,0.02760416269302368,-0.28203076124191284,-0.02108034841432982,0.014793872833251953,-0.37164780497550964,-0.025437956449536614,0.002413451671600342,-0.42561161518096924,-0.02546061552777701,-0.007811486721038818,-0.468274861574173,-0.026894854155329995
B,0.0,0.0,0.0,-0.07581332325935364,-0.05123871564865112,-0.03265582400763378,-0.1308388113975525,-0.15480202436447144,-0.046480108084324456,-0.10812258720397949,-0.2609284520149231,-0.05862733724916325,-0.045337677001953125,-0.2842830419540405,-0.06958873200619564,-0.11868041753768921,-0.30186834931373596,-0.005609061600807763,-0.13340124487876892,-0.42545831203460693,-0.019784830542448617,-0.13749825954437256,-0.4984094500541687,-0.03884864229166851,-0.13833969831466675,-0.5636323094367981,-0.05605958777869091,-0.07080873847007751,-0.32192662358283997,-0.006675596846434928,-0.08960139751434326,-0.4603208303451538,-0.014595690215173818,-0.09875738620758057,-0.5455394685268402,-0.0299892481734787,-0.10668867826461792,-0.6167638301849365,-0.04379780221188412,-0.02374058961868286,-0.31340649724006653,-0.013487049410287,-0.040207505226135254,-0.4371211528778076,-0.021215463088992692,-0.05201268196105957,-0.5136622786521912,-0.031653363289478875,-0.06343477964401245,-0.5737842917442322,-0.04154225069487438,0.029264211654663086,-0.2836253046989441,-0.025414722072127915,0.017308592796325684,-0.3749914765357971,-0.032037325235251046,0.005350589752197266,-0.4314960241317749,-0.03394292670691357,-0.005849957466125488,-0.47611939907073975,-0.03701982277834759
B,0.0,0.0,0.0,-0.07482579350471497,-0.05074805021286011,-0.03287483421507886,-0.13102397322654724,-0.1512538194656372,-0.04702385184708646,-0.10896891355514526,-0.25584954023361206,-0.059510089879665884,-0.047028154134750366,-0.2811967432498932,-0.07062041801754049,-0.1223604679107666,-0.3006804883480072,-0.005499760577265533,-0.13648924231529236,-0.4242759346961975,-0.02013774630967191,-0.1389896273612976,-0.49814605712890625,-0.039453983729515585,-0.1381201148033142,-0.5634099245071411,-0.05665159267726949,-0.07448047399520874,-0.31988969445228577,-0.006199384530816587,-0.092853844165802,-0.45566052198410034,-0.014177422461841616,-0.10061201453208923,-0.5400769114494324,-0.028788727199469122,-0.10678455233573914,-0.6101072728633881,-0.04187520635667852,-0.026996314525604248,-0.31150874495506287,-0.01280191676113418,-0.043442487716674805,-0.430966317653656,-0.020182660272155317,-0.054641276597976685,-0.5068992674350739,-0.029360505243573698,-0.06506133079528809,-0.5676837861537933,-0.038296759551201376,0.026829183101654053,-0.28187209367752075,-0.024648692881498846,0.014284074306488037,-0.37085139751434326,-0.031008854931030783,0.002362072467803955,-0.4265190362930298,-0.03234849167409948,-0.00892186164855957,-0.47181767225265503,-0.03486260814014486
B,0.0,0.0,0.0,-0.07140457630157471,-0.055133700370788574,-0.03242747141717928,-0.12501642107963562,-0.155894935131073,-0.047370843875398805,-0.10881876945495605,-0.25959354639053345,-0.061089270102968385,-0.05183601379394531,-0.28081750869750977,-0.07371808617114084,-0.11405566334724426,-0.30638378858566284,-0.005337883073082139,-0.12785020470619202,-0.42734241485595703,-0.02043676963745611,-0.13248518109321594,-0.49861469864845276,-0.039852932381620576,-0.13315093517303467,-0.5615377724170685,-0.056644335675230195,-0.0682239830493927,-0.3227502107620239,-0.006562442804863622,-0.08657914400100708,-0.4554581642150879,-0.015512657637884786,-0.0966070294380188,-0.5390887558460236,-0.030467305618515184,-0.10345897078514099,-0.6063269972801208,-0.04303234844206827,-0.021268904209136963,-0.3126108646392822,-0.013668230089535882,-0.03948569297790527,-0.43165627121925354,-0.02219979121088045,-0.05168795585632324,-0.5066914558410645,-0.031600591081371476,-0.062475353479385376,-0.5650545358657837,-0.03969047992228525,0.030008435249328613,-0.28206172585487366,-0.02585274195968168,0.01690763235092163,-0.3726682960987091,-0.03288544370531099,0.00467371940612793,-0.4281195402145386,-0.03422245039342897,-0.005586206912994385,-0.4710026681423187,-0.03591677947639482
B,0.0,0.0,0.0,-0.07549291849136353,-0.06218290328979492,-0.03216677570310367,-0.12447309494018555,-0.15685033798217773,-0.04691169449654353,-0.1050344705581665,-0.26331472396850586,-0.06041286551919711,-0.04440221190452576,-0.2884402573108673,-0.07189128959146274,-0.11808541417121887,-0.3022550344467163,0.004958892319677943,-0.13422995805740356,-0.42171409726142883,-0.007161558527172929,-0.13701286911964417,-0.49081534147262573,-0.027153224140079146,-0.13632673025131226,-0.5527405738830566,-0.04491800108519328,-0.07152459025382996,-0.3207298517227173,0.004689382933406705,-0.09019145369529724,-0.45261913537979126,-0.0009824763197912034,-0.09729337692260742,-0.5346179306507111,-0.016742173969419127,-0.1035132110118866,-0.6028229594230652,-0.031135477512748366,-0.025380969047546387,-0.3124268054962158,-0.0020496010926081,-0.041207075119018555,-0.4293718934059143,-0.007619103338242894,-0.050303876399993896,-0.5028729438781738,-0.01686409154501689,-0.05813246965408325,-0.559547483921051,-0.025888765617878562,0.02685600519180298,-0.28342097997665405,-0.014152378230960494,0.014256894588470459,-0.3725995421409607,-0.018296029805810576,0.001313626766204834,-0.42819327116012573,-0.018635899215610152,-0.010423362255096436,-0.4712314009666443,-0.020512244119913703
B,0.0,0.0,0.0,-0.07477691769599915,-0.054735422134399414,-0.03127279237804714,-0.12718576192855835,-0.14634448289871216,-0.046526827970126305,-0.10943025350570679,-0.2492513656616211,-0.06069205806551281,-0.05105769634246826,-0.2802139222621918,-0.07337476790843311,-0.11849001049995422,-0.2914982736110687,-0.0025499587688386782,-0.13564333319664001,-0.41130194067955017,-0.017754898527243768,-0.13832110166549683,-0.48223763704299927,-0.03776015446482006,-0.1364920437335968,-0.5447162091732025,-0.054763739117959176,-0.07342633605003357,-0.30911579728126526,-0.0038081958234101876,-0.09359773993492126,-0.44228821992874146,-0.012364911967495118,-0.10130584239959717,-0.5230220854282379,-0.027429538899639283,-0.10623788833618164,-0.5893431305885315,-0.04058741138277355,-0.02834370732307434,-0.302365779876709,-0.011009083250144158,-0.046858906745910645,-0.4226124882698059,-0.01910437934992615,-0.05663618445396423,-0.4967062175273895,-0.027509830081442033,-0.06367498636245728,-0.5554291009902954,-0.0354913409143478,0.022709667682647705,-0.27568376064300537,-0.023259963029602204,0.007752358913421631,-0.36515623331069946,-0.02921852760908905,-0.004278004169464111,-0.41972869634628296,-0.02932039939759079,-0.014064371585845947,-0.4632875919342041,-0.03073876270053688
B,0.0,0.0,0.0,-0.0721251368522644,-0.05086779594421387,-0.030546918806351187,-0.12614059448242188,-0.14254748821258545,-0.04433979496053553,-0.11250448226928711,-0.24449020624160767,-0.05676392867854929,-0.05474331974983215,-0.2737504243850708,-0.06752465694836474,-0.1204301118850708,-0.28505823016166687,-0.0031028183332750814,-0.13717082142829895,-0.400668203830719,-0.017376432490266325,-0.14015382528305054,-0.4696689248085022,-0.03617629065803385,-0.13940712809562683,-0.5299793481826782,-0.052142780569113256,-0.07581403851509094,-0.30517101287841797,-0.0035124438039133565,-0.09545838832855225,-0.4348791837692261,-0.011058707085169317,-0.10411548614501953,-0.5136351585388184,-0.024431618225492002,-0.11101320385932922,-0.5784755945205688,-0.036083486226118566,-0.030331820249557495,-0.3002946674823761,-0.00958653103253937,-0.048740386962890625,-0.4155486226081848,-0.01631295710495806,-0.06104618310928345,-0.48678189516067505,-0.023542816114343168,-0.07137081027030945,-0.5429845452308655,-0.030545780730165006,0.021422624588012695,-0.27533257007598877,-0.020636247765935423,0.008321106433868408,-0.36252400279045105,-0.025141284164703848,-0.0038200020790100098,-0.4169137179851532,-0.02459971636227465,-0.014331579208374023,-0.4599313735961914,-0.025400908958829405
B,0.0,0.0,0.0,-0.07518276572227478,-0.05729496479034424,-0.032685782610371916,-0.12410232424736023,-0.14853638410568237,-0.04656049966712317,-0.11476847529411316,-0.24331706762313843,-0.05948251470823607,-0.060814231634140015,-0.2599828839302063,-0.0710415689637216,-0.11761745810508728,-0.2858017683029175,0.004266407956436069,-0.13571321964263916,-0.3942272663116455,-0.008295701666668265,-0.14087742567062378,-0.4586332440376282,-0.02721307784219107,-0.14142894744873047,-0.517126739025116,-0.04384164497156462,-0.07638710737228394,-0.30342239141464233,0.004069692605241926,-0.09831765294075012,-0.42311209440231323,-0.003395838280141561,-0.1091451644897461,-0.5007645487785339,-0.01882626660068354,-0.11510992050170898,-0.5655702948570251,-0.031958497910693495,-0.032737940549850464,-0.2963908612728119,-0.0029087814864965367,-0.054126739501953125,-0.40843042731285095,-0.010835190153613894,-0.06490501761436462,-0.47961753606796265,-0.021752472816899626,-0.07221370935440063,-0.5364352166652679,-0.03092568352718672,0.015208423137664795,-0.2697579264640808,-0.015040057561293452,-0.0006836056709289551,-0.35326704382896423,-0.01996636003156027,-0.012290775775909424,-0.40322795510292053,-0.021327925695970862,-0.0201261043548584,-0.4440762996673584,-0.023572122528150885
B,0.0,0.0,0.0,-0.0719340443611145,-0.052905917167663574,-0.03122818141736161,-0.12275958061218262,-0.15068942308425903,-0.04502077817477357,-0.10878217220306396,-0.2474711537361145,-0.05779356181182038,-0.05445340275764465,-0.26918238401412964,-0.06898467286981713,-0.11801165342330933,-0.27910315990448,-0.0017324000133953632,-0.13427796959877014,-0.39222002029418945,-0.015835341508761758,-0.13729935884475708,-0.45931100845336914,-0.03451885699786317,-0.1368025541305542,-0.5189366042613983,-0.050528672035113686,-0.07628756761550903,-0.2962380349636078,-0.002236429113224858,-0.0969032347202301,-0.41966718435287476,-0.010324011999443883,-0.105735182762146,-0.49733245372772217,-0.024574378947988862,-0.1118425726890564,-0.5612121224403381,-0.03668300851740014,-0.03231927752494812,-0.2899371087551117,-0.008767285826877469,-0.05230271816253662,-0.40169697999954224,-0.01631572514332902,-0.06383875012397766,-0.472354531288147,-0.025861438806430215,-0.07307738065719604,-0.527903139591217,-0.03425417512215745,0.017278552055358887,-0.26637279987335205,-0.020254591922537202,0.002534538507461548,-0.3506532907485962,-0.025496338005439156,-0.009507834911346436,-0.40229567885398865,-0.026740350271836633,-0.019079506397247314,-0.44318652153015137,-0.028937170724645966
B,0.0,0.0,0.0,-0.07029396295547485,-0.051544189453125,-0.029976039317489267,-0.11941558122634888,-0.1405298113822937,-0.043908893254638315,-0.10726222395896912,-0.2344072461128235,-0.05687229254567683,-0.05363735556602478,-0.25717347860336304,-0.06849431165778697,-0.11561545729637146,-0.27056074142456055,-0.0035246437257683283,-0.1307830810546875,-0.38178643584251404,-0.01773463481390536,-0.13350790739059448,-0.44736605882644653,-0.0357307001324898,-0.13255125284194946,-0.5047653019428253,-0.05083014362776339,-0.07452905178070068,-0.2871149182319641,-0.004318110303074718,-0.09483411908149719,-0.41054248809814453,-0.012463996310771108,-0.1036899983882904,-0.48678070306777954,-0.025817907539249063,-0.10913854837417603,-0.5479829609394073,-0.03705817380273402,-0.03107580542564392,-0.28151601552963257,-0.010808720377326608,-0.050945818424224854,-0.3930703401565552,-0.018697696861863733,-0.0628724992275238,-0.4611671268939972,-0.027944632929802538,-0.0721006691455841,-0.5144144296646118,-0.03585754254186213,0.017211318016052246,-0.2586723566055298,-0.021993122187495828,0.0031775832176208496,-0.34153443574905396,-0.027616911691666246,-0.00853055715560913,-0.39148712158203125,-0.02889643715047896,-0.01759481430053711,-0.4308398962020874,-0.03087273718142569
B,0.0,0.0,0.0,-0.07123178243637085,-0.04818928241729736,-0.030677968052316373,-0.12194362282752991,-0.13366764783859253,-0.04490197950332231,-0.11097672581672668,-0.23073863983154297,-0.05766850465266771,-0.05487343668937683,-0.25503087043762207,-0.06874840461938447,-0.1143699586391449,-0.26457059383392334,-0.0027510960335916934,-0.13098803162574768,-0.37477701902389526,-0.015896986586142248,-0.13378861546516418,-0.4400344491004944,-0.03377831482617921,-0.1333913505077362,-0.4979538321495056,-0.049111669299293226,-0.07355663180351257,-0.282173216342926,-0.0026278659916556535,-0.09298384189605713,-0.4037458300590515,-0.00908860505847997,-0.10097095370292664,-0.4790940284729004,-0.021852021453071302,-0.10726940631866455,-0.541199266910553,-0.03321468957989282,-0.030852794647216797,-0.27749261260032654,-0.008229724479008382,-0.04898786544799805,-0.3836687207221985,-0.014247139331985181,-0.06023687124252319,-0.45192158222198486,-0.022578834903526968,-0.06983494758605957,-0.5053294599056244,-0.030300532815147108,0.01801583170890808,-0.2551252841949463,-0.018744738188672727,0.004894286394119263,-0.3362905979156494,-0.02294203394382066,-0.006524831056594849,-0.38600394129753113,-0.023487856027770704,-0.016443341970443726,-0.4236253499984741,-0.02520670869677133
B,0.0,0.0,0.0,-0.07060909271240234,-0.04606503248214722,-0.02879484519894504,-0.11886966228485107,-0.13013356924057007,-0.04177930914397621,-0.10596391558647156,-0.223657488822937,-0.05379069932337188,-0.053791344165802,-0.25073903799057007,-0.06456328891749763,-0.11214146018028259,-0.25662267208099365,-0.002583368314162726,-0.12874791026115417,-0.3646543622016907,-0.016867190232233042,-0.13190707564353943,-0.42947083711624146,-0.03497296162481689,-0.13128823041915894,-0.48685649037361145,-0.05003949218030357,-0.07232969999313354,-0.27454233169555664,-0.003355527395115132,-0.09159815311431885,-0.3951748013496399,-0.011437032004550929,-0.10053923726081848,-0.46998074650764465,-0.02489871867533111,-0.10655325651168823,-0.5315090417861938,-0.036397195985273356,-0.03173857927322388,-0.2703329920768738,-0.00969924741025352,-0.04987722635269165,-0.3770606517791748,-0.017065113043145175,-0.06150743365287781,-0.4426162838935852,-0.02563332357044601,-0.07034337520599365,-0.4935249984264374,-0.033215742191032405,0.014320671558380127,-0.2487139105796814,-0.020690749963478083,0.0015392303466796875,-0.32983508706092834,-0.025501483684138293,-0.009239822626113892,-0.3787720799446106,-0.026171102752641673,-0.01783892512321472,-0.4168856143951416,-0.027876067539409632
B,0.0,0.0,0.0,-0.06897923350334167,-0.046384215354919434,-0.027793296862284933,-0.11771881580352783,-0.1307949423789978,-0.040067509997527395,-0.1087445318698883,-0.22367370128631592,-0.05147814496223191,-0.056946516036987305,-0.2475152611732483,-0.06150946884218911,-0.11344730854034424,-0.25633150339126587,0.000397334091474022,-0.13000085949897766,-0.36114928126335144,-0.012498548503856455,-0.1335373818874359,-0.42499756813049316,-0.03016619129840592,-0.13342013955116272,-0.48165106773376465,-0.045255889434258734,-0.07397034764289856,-0.2740389108657837,-0.0006889641684324488,-0.09394848346710205,-0.39071643352508545,-0.007713674351464306,-0.10265743732452393,-0.46516677737236023,-0.021188195112983976,-0.10861819982528687,-0.5272551476955414,-0.03276633961860398,-0.03255501389503479,-0.2698858380317688,-0.007286675523857866,-0.0520397424697876,-0.3738338351249695,-0.014305039558450972,-0.0640929639339447,-0.4400379955768585,-0.023410440672080313,-0.07392117381095886,-0.49244460463523865,-0.0313414086288617,0.014557451009750366,-0.2485896348953247,-0.018353400070111547,0.00030049681663513184,-0.32764092087745667,-0.023551767010133062,-0.011397480964660645,-0.3763549327850342,-0.024746253404657637,-0.021055936813354492,-0.4151967167854309,-0.026747261423508917
B,0.0,0.0,0.0,-0.06845849752426147,-0.043298423290252686,-0.026252424977371902,-0.1184755265712738,-0.12921243906021118,-0.038356850556681366,-0.10473942756652832,-0.2206951379776001,-0.0498621414225795,-0.05132651329040527,-0.24205046892166138,-0.0604684489589431,-0.11327648162841797,-0.2526237964630127,-0.001605116463849754,-0.1277785301208496,-0.35528022050857544,-0.014411516189227314,-0.13106808066368103,-0.41740328073501587,-0.03148275863344452,-0.13075461983680725,-0.47338008880615234,-0.04630941402132294,-0.07415807247161865,-0.26891905069351196,-0.0035832581851877876,-0.09365501999855042,-0.3840234875679016,-0.010462525002310485,-0.10270571708679199,-0.45634400844573975,-0.02291799772496006,-0.10848397016525269,-0.5169127881526947,-0.033832355104038925,-0.0331440269947052,-0.2634996175765991,-0.010726872533211917,-0.051966339349746704,-0.3677142262458801,-0.01742314051801941,-0.06495976448059082,-0.4333282709121704,-0.02577969681436798,-0.07542070746421814,-0.4858952462673187,-0.033343082926819534,0.013192206621170044,-0.24151897430419922,-0.02218812208587906,-0.0014102160930633545,-0.3200778365135193,-0.027465534098098487,-0.013838231563568115,-0.3690444827079773,-0.028517619408319206,-0.02404385805130005,-0.4085296392440796,-0.030481035522768707
B,0.0,0.0,0.0,-0.0699596107006073,-0.04166090488433838,-0.02554046527365017,-0.1197880208492279,-0.12244635820388794,-0.03797821865299511,-0.10768678784370422,-0.20865559577941895,-0.04985774845698643,-0.05946934223175049,-0.2318112850189209,-0.06124219835618305,-0.11185425519943237,-0.24622029066085815,-0.005330861330719472,-0.1280527114868164,-0.3465036451816559,-0.020230635785253526,-0.13311952352523804,-0.4068782329559326,-0.03817500711301136,-0.13425198197364807,-0.46109724044799805,-0.05342364475944805,-0.07282012701034546,-0.263690710067749,-0.008279355958791257,-0.0930357277393341,-0.3776613473892212,-0.018308568530471803,-0.10401445627212524,-0.44924110174179077,-0.03239089042762089,-0.11138513684272766,-0.5089263916015625,-0.044069466897042275,-0.03290936350822449,-0.2580694556236267,-0.01608301677623558,-0.053065747022628784,-0.3637485206127167,-0.02597289138356018,-0.06722712516784668,-0.42919737100601196,-0.035896016069443704,-0.07841446995735168,-0.48137104511260986,-0.04410346389630604,0.012488603591918945,-0.23401939868927002,-0.027773247816355706,-0.0017680823802947998,-0.31198620796203613,-0.03603933171251583,-0.01481318473815918,-0.3604417145252228,-0.038520769932063104,-0.02582821249961853,-0.398947149515152,-0.0410866753838377
B,0.0,0.0,0.0,-0.06535568833351135,-0.04045093059539795,-0.026222312023037375,-0.11535075306892395,-0.12283122539520264,-0.03796644987642139,-0.10245433449745178,-0.2108646035194397,-0.04884331779658169,-0.05049356818199158,-0.23244249820709229,-0.05896085979520649,-0.10756084322929382,-0.24397337436676025,-0.0046370575587388885,-0.12327134609222412,-0.3451043963432312,-0.01860150056063503,-0.12695154547691345,-0.4069487452507019,-0.03602924304186672,-0.12733212113380432,-0.46163395047187805,-0.05088196428596348,-0.06858175992965698,-0.2609589099884033,-0.0064838809344109904,-0.08714932203292847,-0.3759496212005615,-0.01526108862935871,-0.09614941477775574,-0.4483391046524048,-0.028318501209014357,-0.10368067026138306,-0.510095864534378,-0.03930760653793186,-0.02876967191696167,-0.25583118200302124,-0.013247191106074752,-0.04777735471725464,-0.35960960388183594,-0.021956746597879828,-0.06205210089683533,-0.4245643615722656,-0.030492161532038153,-0.07389003038406372,-0.4767186939716339,-0.037721169312590064,0.01786932349205017,-0.23349028825759888,-0.024130937774771155,0.0027785897254943848,-0.31163138151168823,-0.03084912629901737,-0.010053366422653198,-0.3595263361930847,-0.032162123491161765,-0.02150025963783264,-0.3978719115257263,-0.03412652121960491
B,0.0,0.0,0.0,-0.06602731347084045,-0.038215041160583496,-0.02509124479070124,-0.11550992727279663,-0.11877858638763428,-0.03499981104209837,-0.10317543148994446,-0.20571660995483398,-0.044610855121163695,-0.05535373091697693,-0.2328832745552063,-0.05335427536442694,-0.10547968745231628,-0.24387627840042114,0.000570850437043191,-0.12221375107765198,-0.3423697054386139,-0.012245784465221732,-0.1276869773864746,-0.4029579162597656,-0.028529600191859572,-0.1283576488494873,-0.4569683074951172,-0.04222386418655333,-0.06817120313644409,-0.26206615567207336,-0.0016160294860583235,-0.08689701557159424,-0.37404876947402954,-0.009003451045600741,-0.09669926762580872,-0.44544947147369385,-0.02078511654212889,-0.10258880257606506,-0.5051460266113281,-0.030406153712419837,-0.029494285583496094,-0.2573903799057007,-0.009147404644636481,-0.048547714948654175,-0.35926443338394165,-0.01691330871358332,-0.06054764986038208,-0.42150160670280457,-0.024477171663193076,-0.06940576434135437,-0.4712148606777191,-0.030756405506281226,0.014535635709762573,-0.23405051231384277,-0.020867652211336463,0.0006926357746124268,-0.3094446659088135,-0.026952146504072516,-0.01023787260055542,-0.3543234169483185,-0.02743361233547148,-0.018606603145599365,-0.3902027904987335,-0.02844872972741541
B,0.0,0.0,0.0,-0.06424012780189514,-0.03712618350982666,-0.02707118749253823,-0.11416056752204895,-0.11560320854187012,-0.03914660237364842,-0.10264700651168823,-0.20275425910949707,-0.05022169671588017,-0.05280256271362305,-0.22876566648483276,-0.06023449100189282,-0.10548087954521179,-0.24405568838119507,-0.004920703113157288,-0.12169784307479858,-0.3451747000217438,-0.018545404296446577,-0.12567636370658875,-0.4052751660346985,-0.03507015131049229,-0.12508678436279297,-0.4578106999397278,-0.048938565176058546,-0.0676780641078949,-0.26155880093574524,-0.006025735974390045,-0.08724954724311829,-0.3754894733428955,-0.014507583562362925,-0.09688353538513184,-0.44672468304634094,-0.026812261190343634,-0.10275343060493469,-0.5047265887260437,-0.03678091637425496,-0.028672516345977783,-0.25623512268066406,-0.012167995084155336,-0.048799753189086914,-0.3595157265663147,-0.02054117828242852,-0.06259411573410034,-0.4232698380947113,-0.029006112586785093,-0.07278543710708618,-0.47296470403671265,-0.03599941007428242,0.016283541917800903,-0.23220103979110718,-0.022474426996041075,0.0024657249450683594,-0.30829817056655884,-0.0293564444743879,-0.00983130931854248,-0.3548363447189331,-0.031043371405530706,-0.019774675369262695,-0.3917779326438904,-0.032891988974142805
B,0.0,0.0,0.0,-0.06634634733200073,-0.040437936782836914,-0.02994711665775185,-0.11391368508338928,-0.1202051043510437,-0.042665036081928065,-0.10146594047546387,-0.2048332691192627,-0.053849341034549525,-0.05380329489707947,-0.229755699634552,-0.06372363275255566,-0.10499083995819092,-0.24772566556930542,-0.002676225885409167,-0.11964699625968933,-0.34651535749435425,-0.014534862398761561,-0.12406352162361145,-0.4048861563205719,-0.03087278610433941,-0.12502482533454895,-0.4573974013328552,-0.04486928662623768,-0.06564342975616455,-0.26310962438583374,-0.002128724161195805,-0.08323007822036743,-0.3743542432785034,-0.00840523993934994,-0.09331214427947998,-0.44451406598091125,-0.02080923287536507,-0.10003739595413208,-0.5020679235458374,-0.03132384052838688,-0.026097863912582397,-0.25643640756607056,-0.007063949167388728,-0.044668227434158325,-0.3570050597190857,-0.013297551929611018,-0.057640135288238525,-0.4189581274986267,-0.021252279787915995,-0.06761759519577026,-0.46712926030158997,-0.028108885198491862,0.01777571439743042,-0.23244357109069824,-0.016594454332846453,0.004591763019561768,-0.30760008096694946,-0.02149102991785412,-0.007176250219345093,-0.3535563349723816,-0.022133532598274996,-0.01618972420692444,-0.3902403712272644,-0.023348129972475817
B,0.0,0.0,0.0,-0.06379511952400208,-0.038735151290893555,-0.02515134110586814,-0.11117562651634216,-0.11668777465820312,-0.03657333075540237,-0.09872132539749146,-0.20355135202407837,-0.047035175259281914,-0.05078977346420288,-0.22730594873428345,-0.05669009580748252,-0.10453388094902039,-0.2417365312576294,-0.004973514820505898,-0.11980876326560974,-0.3438202142715454,-0.018301122705508988,-0.12329903244972229,-0.40568530559539795,-0.03514364256994895,-0.12350380420684814,-0.46006977558135986,-0.049482441390921394,-0.06601041555404663,-0.25916731357574463,-0.006765433470775406,-0.08424896001815796,-0.37475913763046265,-0.014662278699745457,-0.09272721409797668,-0.44590842723846436,-0.027454516734053414,-0.09899815917015076,-0.5049741566181183,-0.038407026673723976,-0.026951491832733154,-0.25487852096557617,-0.013107045437266152,-0.044019848108291626,-0.35751497745513916,-0.020197017933298866,-0.056249529123306274,-0.42096176743507385,-0.028318448807169716,-0.0662890076637268,-0.47105109691619873,-0.03574452071921996,0.01828998327255249,-0.2325977087020874,-0.023492864216734688,0.0053555965423583984,-0.30953264236450195,-0.029092411394287865,-0.006177634000778198,-0.35648053884506226,-0.030170158366729538,-0.016622275114059448,-0.3937874734401703,-0.032073034788538735
B,0.0,0.0,0.0,-0.06312844157218933,-0.03999495506286621,-0.02472998136329352,-0.11088231205940247,-0.11870849132537842,-0.03627816335904299,-0.10196775197982788,-0.20522284507751465,-0.04710555569874941,-0.056318968534469604,-0.22812718152999878,-0.057203092888471474,-0.10409790277481079,-0.24385756254196167,-0.0046093736742705005,-0.12094148993492126,-0.3453560173511505,-0.018106007293340554,-0.1255263090133667,-0.40627968311309814,-0.035007973477718224,-0.12620744109153748,-0.4600220322608948,-0.049421423390981545,-0.06652382016181946,-0.2621539831161499,-0.007192909528043856,-0.08639591932296753,-0.3762343227863312,-0.015442638002809872,-0.09569194912910461,-0.44795358180999756,-0.02875030534016787,-0.10170462727546692,-0.5072050392627716,-0.03982850284921824,-0.027082204818725586,-0.25816071033477783,-0.014294322856244435,-0.04700067639350891,-0.3611530065536499,-0.021927842215177407,-0.059869617223739624,-0.42585641145706177,-0.030769589633223404,-0.07012912631034851,-0.47714635729789734,-0.038508140758153786,0.017858684062957764,-0.23558777570724487,-0.0253128905748099,0.0037730038166046143,-0.31193241477012634,-0.03152236835705935,-0.008146017789840698,-0.3588135242462158,-0.03288111956464945,-0.017953306436538696,-0.39585843682289124,-0.03477554889070689
B,0.0,0.0,0.0,-0.06537371873855591,-0.03856617212295532,-0.029980346761760757,-0.11329758167266846,-0.117545485496521,-0.043610323421773955,-0.10060501098632812,-0.205732524394989,-0.055562511287746474,-0.04959386587142944,-0.22488081455230713,-0.06644120087486272,-0.10500931739807129,-0.2479669451713562,-0.005409272123245046,-0.12046834826469421,-0.34672844409942627,-0.01851497983199124,-0.12435749173164368,-0.4070228934288025,-0.0361559281275845,-0.12468931078910828,-0.4622454047203064,-0.0516501406357861,-0.06724706292152405,-0.2641983926296234,-0.005356722712633655,-0.08599892258644104,-0.3753909468650818,-0.013190429858980224,-0.0947912335395813,-0.44590872526168823,-0.026758061923203513,-0.10058543086051941,-0.5067972540855408,-0.03852094357472424,-0.02845919132232666,-0.2577996253967285,-0.010507019437966392,-0.045360445976257324,-0.35835912823677063,-0.01813326609891419,-0.057915955781936646,-0.42199838161468506,-0.02738678102952008,-0.06802508234977722,-0.473977267742157,-0.03552860414248471,0.017224878072738647,-0.2334611415863037,-0.02016985436540608,0.00430983304977417,-0.3098156154155731,-0.02625070346158509,-0.007282257080078125,-0.3569331765174866,-0.028219361059484527,-0.01752731204032898,-0.3954060971736908,-0.03080840242665772
B,0.0,0.0,0.0,-0.06565433740615845,-0.03897655010223389,-0.02919656169154905,-0.11530506610870361,-0.11900031566619873,-0.040957323652889954,-0.10098138451576233,-0.20919102430343628,-0.05127685089149736,-0.04850876331329346,-0.23185402154922485,-0.060249465895083176,-0.10622662305831909,-0.24553650617599487,-0.0008886612185392551,-0.12193745374679565,-0.3447760045528412,-0.01268953029551767,-0.12563744187355042,-0.40561991930007935,-0.029747079503920304,-0.12592226266860962,-0.46030092239379883,-0.04472481776514314,-0.06784942746162415,-0.26342305541038513,-0.0003727010907255135,-0.08727535605430603,-0.37485483288764954,-0.006791563616332041,-0.09626957774162292,-0.44594812393188477,-0.01943682637551092,-0.10294413566589355,-0.5062859952449799,-0.03034155387916826,-0.028759658336639404,-0.2587622404098511,-0.00531138517447971,-0.04702097177505493,-0.35953307151794434,-0.012040373315301167,-0.06111738085746765,-0.4238223731517792,-0.02014844250419401,-0.07275906205177307,-0.4752355217933655,-0.02723236885407232,0.01831793785095215,-0.23571759462356567,-0.014836916146066415,0.004487723112106323,-0.3127199709415436,-0.02011702526846193,-0.008070766925811768,-0.35928240418434143,-0.021078589749720322,-0.019774168729782104,-0.3963157534599304,-0.022747076493885743
B,0.0,0.0,0.0,-0.06326621770858765,-0.03903931379318237,-0.027320022289643475,-0.11169523000717163,-0.1193990707397461,-0.038997816448102185,-0.09758105874061584,-0.20833998918533325,-0.04943704471457977,-0.04575413465499878,-0.22921329736709595,-0.05879910901654739,-0.10585865378379822,-0.24471408128738403,-0.003820398882965037,-0.12059304118156433,-0.34380313754081726,-0.01691640221048374,-0.124391108751297,-0.40452706813812256,-0.03399339929688949,-0.12451183795928955,-0.45810794830322266,-0.0485991971241333,-0.06754893064498901,-0.26372209191322327,-0.004434537668714711,-0.08514314889907837,-0.3770797848701477,-0.012072095242331216,-0.09420943260192871,-0.44859254360198975,-0.024279309962878415,-0.10121956467628479,-0.5087545216083527,-0.034563439493069836,-0.028232932090759277,-0.25945180654525757,-0.010075810891578385,-0.044830262660980225,-0.36124736070632935,-0.017362187211404034,-0.0583268404006958,-0.42487257719039917,-0.025089305420408436,-0.0693192183971405,-0.4750928580760956,-0.031836623852143475,0.018559694290161133,-0.2362033724784851,-0.020061361198315808,0.006171137094497681,-0.3127051889896393,-0.02550172113348026,-0.006172895431518555,-0.35935527086257935,-0.02627778478432674,-0.017646193504333496,-0.39626049995422363,-0.02777889237273712
B,0.0,0.0,0.0,-0.06273314356803894,-0.03566634654998779,-0.02976431502952437,-0.11056694388389587,-0.11375188827514648,-0.04453004701986174,-0.09737446904182434,-0.19940251111984253,-0.0572339351381288,-0.04812702536582947,-0.22242188453674316,-0.06907082154407362,-0.10334867238998413,-0.24481254816055298,-0.013609542427502674,-0.11671474575996399,-0.3445529043674469,-0.028993241405032677,-0.12049081921577454,-0.40545952320098877,-0.04657593919887404,-0.121156245470047,-0.4595645070075989,-0.06147371410384039,-0.06426683068275452,-0.26204848289489746,-0.013994808224879307,-0.08073315024375916,-0.3751690089702606,-0.023778006350539727,-0.08964172005653381,-0.4461340308189392,-0.03649932696475844,-0.09665164351463318,-0.5062062740325928,-0.04735875680103163,-0.024929970502853394,-0.2560487389564514,-0.019041340714238686,-0.04181259870529175,-0.3573758900165558,-0.02793935864224295,-0.05470848083496094,-0.420515775680542,-0.03608516409053664,-0.0656231939792633,-0.47103896737098694,-0.04334332599296431,0.01968058943748474,-0.23168247938156128,-0.02840029998674254,0.007350713014602661,-0.30799639225006104,-0.03560462399377684,-0.004130303859710693,-0.35495805740356445,-0.03722828059449057,-0.014217615127563477,-0.3920225501060486,-0.03933410896911482
B,0.0,0.0,0.0,-0.06345036625862122,-0.036074697971343994,-0.027029912607588358,-0.10991925001144409,-0.11276978254318237,-0.04098290173880059,-0.09652715921401978,-0.1959913969039917,-0.05365361987225015,-0.050115376710891724,-0.2182660698890686,-0.06584121255747277,-0.1019931435585022,-0.24263477325439453,-0.012333083586611338,-0.1158817708492279,-0.3418191373348236,-0.02796505360475976,-0.11984404921531677,-0.4018470346927643,-0.04558309881559808,-0.1205911934375763,-0.4563792943954468,-0.0604552735256334,-0.0646885335445404,-0.2596270442008972,-0.014701892310597486,-0.08192649483680725,-0.3730216920375824,-0.02490876956454713,-0.09088176488876343,-0.44481146335601807,-0.03832375227085549,-0.0967806875705719,-0.5055706202983856,-0.0496295352148195,-0.02602526545524597,-0.25349128246307373,-0.021529705883779116,-0.04353109002113342,-0.35570329427719116,-0.0310598273443361,-0.05565905570983887,-0.4183701276779175,-0.040709376023926325,-0.06610265374183655,-0.4692694842815399,-0.04896125166288812,0.017798423767089844,-0.22839099168777466,-0.03234372256866891,0.006264865398406982,-0.3046105206012726,-0.040640320317663736,-0.004817306995391846,-0.350982666015625,-0.043552763448872156,-0.01483193039894104,-0.38785284757614136,-0.046496160017170496
B,0.0,0.0,0.0,-0.06181228160858154,-0.03757745027542114,-0.030528500774323675,-0.10643261671066284,-0.11216133832931519,-0.04775955537837717,-0.09308290481567383,-0.19287019968032837,-0.06290580342096064,-0.047174811363220215,-0.21613812446594238,-0.07722596833986017,-0.09995618462562561,-0.24600562453269958,-0.018113294714510175,-0.11266431212425232,-0.3446749448776245,-0.0357730985669491,-0.11551794409751892,-0.4048946797847748,-0.054764080890834066,-0.1150464117527008,-0.4607304334640503,-0.07044185707849238,-0.06241041421890259,-0.26210835576057434,-0.019481735402166578,-0.0784330666065216,-0.37478822469711304,-0.03129265467208597,-0.08640116453170776,-0.44792988896369934,-0.045312743732154104,-0.09206244349479675,-0.5123037993907928,-0.05695914859455797,-0.023442953824996948,-0.2547578513622284,-0.025365654477297994,-0.03920847177505493,-0.35559454560279846,-0.035991389402568075,-0.05021503567695618,-0.4176533818244934,-0.04498390863221857,-0.059876203536987305,-0.4701009690761566,-0.05257349098604891,0.020551979541778564,-0.22825878858566284,-0.03551552081984255,0.008270859718322754,-0.30417272448539734,-0.04423553878945086,-0.0016824305057525635,-0.34967952966690063,-0.04628326381129,-0.01023891568183899,-0.3873763084411621,-0.048385810205161306
B,0.0,0.0,0.0,-0.0569116473197937,-0.03810173273086548,-0.02901524901119501,-0.10044777393341064,-0.11020779609680176,-0.047266925123608416,-0.08549568057060242,-0.1873432993888855,-0.06348054334250719,-0.039089590311050415,-0.21359896659851074,-0.07914126142588884,-0.09689274430274963,-0.25123131275177,-0.023106482249772853,-0.10596773028373718,-0.35149145126342773,-0.042778371271765536,-0.10646286606788635,-0.4132254421710968,-0.06305552497235567,-0.10422387719154358,-0.4699271619319916,-0.07971501573649675,-0.058386147022247314,-0.2653968632221222,-0.026016639915383166,-0.07167398929595947,-0.37941309809684753,-0.039385060218251056,-0.07691609859466553,-0.4525705575942993,-0.0547667875858906,-0.08143022656440735,-0.5182485580444336,-0.06789875998822481,-0.01898050308227539,-0.25597620010375977,-0.03290536477891237,-0.031050413846969604,-0.3567444980144501,-0.04494523107734949,-0.03940579295158386,-0.4185444116592407,-0.05527803897587091,-0.047714829444885254,-0.4717920422554016,-0.0642110131653908,0.025423288345336914,-0.22788280248641968,-0.043719282743609256,0.014899879693984985,-0.30564045906066895,-0.054368777570402926,0.0060350894927978516,-0.35214167833328247,-0.05794380455938608,-0.002781689167022705,-0.39158275723457336,-0.06132896095243723
B,0.0,0.0,0.0,-0.056080162525177,-0.036401331424713135,-0.029181957086279908,-0.09895271062850952,-0.1075587272644043,-0.04815315811868004,-0.08505523204803467,-0.18444544076919556,-0.06529587863917641,-0.03922805190086365,-0.2127070426940918,-0.08170798777575783,-0.09454494714736938,-0.24861806631088257,-0.024586677392676393,-0.10607099533081055,-0.3510173559188843,-0.04604061304564766,-0.10623884201049805,-0.41310548782348633,-0.06714182703728966,-0.10320326685905457,-0.4701671898365021,-0.08408006637330345,-0.05626547336578369,-0.26390179991722107,-0.027768678804591218,-0.0710214376449585,-0.3801819682121277,-0.042677253326132814,-0.07625916600227356,-0.45428577065467834,-0.058438461115315476,-0.08039715886116028,-0.5212629437446594,-0.07164725272889427,-0.016644537448883057,-0.2556963264942169,-0.03495867161984734,-0.030047565698623657,-0.35838988423347473,-0.04768590240712456,-0.038670122623443604,-0.4211881160736084,-0.0579818597340136,-0.046689510345458984,-0.47473281621932983,-0.06691684185500435,0.027972310781478882,-0.2284964919090271,-0.046197600504115144,0.01827278733253479,-0.3060312271118164,-0.05724928139682106,0.008765548467636108,-0.3534362316131592,-0.06118890254731468,-0.0011271238327026367,-0.39323216676712036,-0.06484817325110726
B,0.0,0.0,0.0,-0.05681750178337097,-0.03853970766067505,-0.0277609009722255,-0.09824389219284058,-0.10820621252059937,-0.04750377912614567,-0.08293130993843079,-0.18151026964187622,-0.06582461525295003,-0.03768813610076904,-0.2069370150566101,-0.08400862146709187,-0.09403827786445618,-0.24869900941848755,-0.02850632597301228,-0.10463577508926392,-0.3537597358226776,-0.05186671246383412,-0.10364595055580139,-0.4176032543182373,-0.07405115891788228,-0.09956324100494385,-0.4762449562549591,-0.09185188491437657,-0.0546644926071167,-0.2630346715450287,-0.033634381783940626,-0.06828084588050842,-0.3817496597766876,-0.05071467016432507,-0.07177013158798218,-0.4572872519493103,-0.06788321812246068,-0.07488220930099487,-0.52730593085289,-0.08223279048297627,-0.014003336429595947,-0.2537650167942047,-0.04237888981197102,-0.026984453201293945,-0.3586594760417938,-0.05692337308619244,-0.034783631563186646,-0.4213959574699402,-0.06824992824886067,-0.042119741439819336,-0.47596028447151184,-0.07807125378940327,0.03217914700508118,-0.22508853673934937,-0.054920806033351255,0.02224665880203247,-0.30394840240478516,-0.06770721305701954,0.012739896774291992,-0.3519344925880432,-0.07258244831655247,0.002145051956176758,-0.39332517981529236,-0.07705427934024556
B,0.0,0.0,0.0,-0.05525249242782593,-0.03908705711364746,-0.02996073595369353,-0.0969303548336029,-0.10749030113220215,-0.05127900770986571,-0.0799410343170166,-0.17534124851226807,-0.07067242569411292,-0.03588935732841492,-0.20356231927871704,-0.0900596187182714,-0.0897945761680603,-0.2478998601436615,-0.03433859652960791,-0.09937867522239685,-0.35417085886001587,-0.06020874462211623,-0.0971863865852356,-0.41933321952819824,-0.08378375626290335,-0.0919853150844574,-0.4784344732761383,-0.10200183398211493,-0.05013030767440796,-0.2603844702243805,-0.03882831267202391,-0.0619334876537323,-0.3810309171676636,-0.05744249305809035,-0.06447455286979675,-0.4582287073135376,-0.07526833868706717,-0.06667768955230713,-0.5303469300270081,-0.08991684324229254,-0.010157972574234009,-0.24972742795944214,-0.04692031747782721,-0.02028992772102356,-0.35640236735343933,-0.06231547824228301,-0.027335286140441895,-0.4213438034057617,-0.07353907383168234,-0.034062743186950684,-0.47776034474372864,-0.08327467299187674,0.03456351161003113,-0.21979612112045288,-0.05896072021806731,0.027138352394104004,-0.2988324761390686,-0.07217666811430945,0.018910586833953857,-0.34688127040863037,-0.07641281492198004,0.009546399116516113,-0.38838475942611694,-0.08036237514698996
B,0.0,0.0,0.0,-0.055862486362457275,-0.03882259130477905,-0.030426974140198126,-0.09654173254966736,-0.10828739404678345,-0.05200925908246745,-0.07638043165206909,-0.17641806602478027,-0.07151262900987376,-0.0304144024848938,-0.2001214623451233,-0.0911772593037199,-0.08931359648704529,-0.2476501762866974,-0.036707964457662,-0.0960487425327301,-0.35525983572006226,-0.06266121260085811,-0.09349089860916138,-0.42159783840179443,-0.08593380890050639,-0.08882814645767212,-0.4814337491989136,-0.10406440190234889,-0.04901862144470215,-0.26004061102867126,-0.041275010176093474,-0.05811533331871033,-0.38231709599494934,-0.06056672400990237,-0.059612661600112915,-0.461436927318573,-0.07849907568851222,-0.06106206774711609,-0.5340838432312012,-0.09308425775924434,-0.008251696825027466,-0.24874424934387207,-0.049297255195767775,-0.017076462507247925,-0.3563118875026703,-0.06527740202108134,-0.02326330542564392,-0.4222354292869568,-0.07751522652068843,-0.02963167428970337,-0.47939014434814453,-0.08782038531461467,0.0362984836101532,-0.2175748348236084,-0.06117640502014865,0.030162274837493896,-0.29713189601898193,-0.07525157622256984,0.02210327982902527,-0.3460349142551422,-0.08062311700740565,0.012726068496704102,-0.38823795318603516,-0.08530764720597972
B,0.0,0.0,0.0,-0.056343525648117065,-0.04068470001220703,-0.02945506901284034,-0.09583920240402222,-0.11175090074539185,-0.050348581306536744,-0.07234805822372437,-0.1793205738067627,-0.06945028670867259,-0.024673432111740112,-0.19678211212158203,-0.08892905481894786,-0.08685219287872314,-0.2507764995098114,-0.03478917621811206,-0.09312579035758972,-0.35706597566604614,-0.05980215363939578,-0.0903024673461914,-0.4225696921348572,-0.0826924792750674,-0.08512303233146667,-0.4822434186935425,-0.10076612748940761,-0.04606175422668457,-0.2622412145137787,-0.039807518504460404,-0.05459025502204895,-0.3827958106994629,-0.05846214436729724,-0.05584946274757385,-0.46194887161254883,-0.07654502757628734,-0.05685371160507202,-0.5347078740596771,-0.09137774028619106,-0.0051572322845458984,-0.2500315010547638,-0.048240324042637894,-0.01264449954032898,-0.3560876250267029,-0.06396845497926051,-0.017854392528533936,-0.4222884774208069,-0.0770287937744456,-0.023690611124038696,-0.48010462522506714,-0.08789186694463069,0.03918841481208801,-0.2180633544921875,-0.06046267368634517,0.03387492895126343,-0.2971069812774658,-0.074396049164136,0.02609381079673767,-0.3456716239452362,-0.08017237254222209,0.016775697469711304,-0.3875212073326111,-0.08521850176890666
B,0.0,0.0,0.0,-0.05609944462776184,-0.04215574264526367,-0.03151468408634628,-0.09408801794052124,-0.1133418083190918,-0.053985895936989436,-0.06882420182228088,-0.17966800928115845,-0.07429468107750381,-0.02145180106163025,-0.19603627920150757,-0.09497377497484649,-0.08347532153129578,-0.25088006258010864,-0.03857341629793609,-0.0880458652973175,-0.35886991024017334,-0.06482303363611663,-0.08460646867752075,-0.4253009259700775,-0.0886590279393431,-0.0795564353466034,-0.48622646927833557,-0.10753059608271087,-0.0424826443195343,-0.2618836462497711,-0.0430139511578318,-0.050455451011657715,-0.38362473249435425,-0.06292095256378616,-0.05120047926902771,-0.46262413263320923,-0.08180242997934783,-0.05239418148994446,-0.535933256149292,-0.09727411938240493,-0.002166271209716797,-0.2491438388824463,-0.05087120679547752,-0.008834123611450195,-0.3569238781929016,-0.06783335131933654,-0.013346165418624878,-0.4238658547401428,-0.08151698333551849,-0.019178003072738647,-0.4820598363876343,-0.09275718999435867,0.04142880439758301,-0.21686768531799316,-0.06264084053566421,0.038172900676727295,-0.29737770557403564,-0.07800295424988235,0.030999422073364258,-0.34618496894836426,-0.0846728630118605,0.021343767642974854,-0.38750308752059937,-0.09023697150280441
B,0.0,0.0,0.0,-0.05513358116149902,-0.04005837440490723,-0.030119852594964414,-0.09612700343132019,-0.11126196384429932,-0.0513257211669611,-0.07598978281021118,-0.18270188570022583,-0.07064404847466221,-0.026829034090042114,-0.2024710774421692,-0.08992349120222798,-0.08682689070701599,-0.25255316495895386,-0.03602245213829747,-0.09523949027061462,-0.36046814918518066,-0.06053872170292607,-0.09381312131881714,-0.42450758814811707,-0.08253396811329594,-0.09012666344642639,-0.4829180836677551,-0.10015276583277455,-0.04670783877372742,-0.2657994031906128,-0.0404367572292017,-0.057099759578704834,-0.3862338662147522,-0.058913522832028775,-0.05967789888381958,-0.4636114835739136,-0.07641707869612446,-0.06182757019996643,-0.5338529646396637,-0.09095351161801091,-0.005940288305282593,-0.25373536348342896,-0.04822366075956097,-0.014724135398864746,-0.3597193956375122,-0.06386255236708394,-0.019941896200180054,-0.4251058101654053,-0.0771285942419695,-0.02609655261039734,-0.480988085269928,-0.08821915598952046,0.03779101371765137,-0.22167521715164185,-0.05980467187606564,0.03270784020423889,-0.3019501864910126,-0.07427375527464619,0.02403441071510315,-0.3514013886451721,-0.08126520129286519,0.013507992029190063,-0.39264777302742004,-0.0870996093972849
B,0.0,0.0,0.0,-0.05655413866043091,-0.04287374019622803,-0.02715238199215264,-0.09694069623947144,-0.11414486169815063,-0.04638321154396863,-0.07673424482345581,-0.18474823236465454,-0.06436021082680554,-0.028544604778289795,-0.2051442265510559,-0.0822595825104031,-0.09060737490653992,-0.25183814764022827,-0.028930086797288368,-0.09925282001495361,-0.3577245771884918,-0.05173171885888905,-0.09778916835784912,-0.4217466711997986,-0.07325443827193112,-0.09371820092201233,-0.47977328300476074,-0.09055725686829419,-0.05066031217575073,-0.2644578814506531,-0.03420211203973622,-0.062134116888046265,-0.3838686943054199,-0.05102754586022229,-0.06523621082305908,-0.4602261185646057,-0.06814194672386975,-0.06770947575569153,-0.5296358168125153,-0.08245342426579327,-0.01005128026008606,-0.25358229875564575,-0.042910678466967056,-0.019325584173202515,-0.3599724769592285,-0.057215964576414535,-0.025152146816253662,-0.425658643245697,-0.06952095978539319,-0.03131979703903198,-0.48152244091033936,-0.0800153558759007,0.03444570302963257,-0.22309058904647827,-0.0552944039611134,0.028399139642715454,-0.30299821496009827,-0.06803845070879788,0.019619494676589966,-0.35221564769744873,-0.07346601240914197,0.008987009525299072,-0.39317524433135986,-0.07830745183508725
B,0.0,0.0,0.0,-0.05665460228919983,-0.04085582494735718,-0.027611189967046812,-0.09856250882148743,-0.10875523090362549,-0.04725065965021713,-0.08217006921768188,-0.17871356010437012,-0.06556154552663429,-0.03681841492652893,-0.20665627717971802,-0.08353714410031898,-0.09484058618545532,-0.24659115076065063,-0.029401741435776785,-0.10529908537864685,-0.3532307744026184,-0.05294592071140869,-0.10430517792701721,-0.4176040291786194,-0.07425698403085335,-0.10021933913230896,-0.4759180545806885,-0.09079654279912575,-0.05564767122268677,-0.26048511266708374,-0.03424460951055153,-0.06903120875358582,-0.37948065996170044,-0.05156042937005623,-0.07289239764213562,-0.4558367133140564,-0.06830825421775444,-0.0752716064453125,-0.5244253873825073,-0.0818559652921067,-0.014814525842666626,-0.2514362335205078,-0.042663080131660536,-0.02655544877052307,-0.3563000559806824,-0.05735147509540184,-0.03303226828575134,-0.4210703372955322,-0.06927596542800529,-0.03948616981506348,-0.4763668179512024,-0.0790817788597451,0.02979758381843567,-0.22329097986221313,-0.0547503097709523,0.021515965461730957,-0.3019043803215027,-0.06758701566423042,0.011762052774429321,-0.34997108578681946,-0.0726772150751458,0.000994175672531128,-0.3905697166919708,-0.07688349995578392
B,0.0,0.0,0.0,-0.05932757258415222,-0.03879392147064209,-0.028130719074340504,-0.10191178321838379,-0.10918676853179932,-0.04653189294907634,-0.08503961563110352,-0.18433904647827148,-0.06340283119055812,-0.03766852617263794,-0.21137923002243042,-0.07976573669287745,-0.0986407995223999,-0.24603483080863953,-0.025203652316065472,-0.11123436689376831,-0.35048630833625793,-0.047237000995608014,-0.11142104864120483,-0.41464701294898987,-0.06835644655797068,-0.10852313041687012,-0.4726285934448242,-0.08510819786164348,-0.060003191232681274,-0.2604164481163025,-0.029075376325579327,-0.07636943459510803,-0.3773268461227417,-0.044786870115729016,-0.08155503869056702,-0.4519067704677582,-0.060979041838379544,-0.0851123034954071,-0.51918163895607,-0.07429503613087718,-0.01988878846168518,-0.25185978412628174,-0.036812580758066815,-0.03431558609008789,-0.35386598110198975,-0.050227746003599805,-0.04265075922012329,-0.41729503870010376,-0.06137327813479487,-0.04977458715438843,-0.4712828993797302,-0.0707285326060969,0.02528965473175049,-0.22417950630187988,-0.04844628238055293,0.014428853988647461,-0.30113252997398376,-0.06005502828332965,0.004173487424850464,-0.34796375036239624,-0.06447561048838679,-0.00624239444732666,-0.3875473737716675,-0.06834819876524989
B,0.0,0.0,0.0,-0.061554282903671265,-0.0386660099029541,-0.02810701381912395,-0.10768890380859375,-0.10915249586105347,-0.04523537334551975,-0.09507018327713013,-0.189683735370636,-0.06088477772226497,-0.04801645874977112,-0.21801942586898804,-0.0757273885284917,-0.10429069399833679,-0.24260732531547546,-0.017960917470361437,-0.11840629577636719,-0.3453880250453949,-0.03736669969310924,-0.11973997950553894,-0.40898025035858154,-0.05761516120782062,-0.1179746687412262,-0.46701520681381226,-0.0739089178716199,-0.06578901410102844,-0.2584894597530365,-0.0204842763816373,-0.08341899514198303,-0.3736567199230194,-0.0336746538852708,-0.09044292569160461,-0.44777703285217285,-0.049198597935344424,-0.09557226300239563,-0.5144326388835907,-0.06207802545776531,-0.025756537914276123,-0.25270652770996094,-0.027192585436011996,-0.040908634662628174,-0.354115754365921,-0.03817096006622478,-0.051591724157333374,-0.41815388202667236,-0.048143800613786425,-0.06073319911956787,-0.47125136852264404,-0.05668190520754024,0.020490795373916626,-0.2287503480911255,-0.03799040269603893,0.00876915454864502,-0.30549490451812744,-0.046593215582277026,-0.0023208558559417725,-0.352469801902771,-0.04934826892366573,-0.013277947902679443,-0.3903791308403015,-0.052166138110067095
B,0.0,0.0,0.0,-0.06441736221313477,-0.04041355848312378,-0.028477967755350164,-0.1103600263595581,-0.11713111400604248,-0.04310623653367429,-0.09279975295066833,-0.20206081867218018,-0.05607339464262395,-0.04123109579086304,-0.223180890083313,-0.06806503333285718,-0.10553500056266785,-0.2436845898628235,-0.010951099024566702,-0.12112811207771301,-0.3440549969673157,-0.02647139601543813,-0.1239536702632904,-0.4056236147880554,-0.04474233932927518,-0.12292975187301636,-0.46058595180511475,-0.059954349921497396,-0.06721216440200806,-0.2609969675540924,-0.011613475197407297,-0.08632981777191162,-0.37375444173812866,-0.021230788008722357,-0.09466308355331421,-0.44554266333580017,-0.03470724545553594,-0.10044321417808533,-0.5066272616386414,-0.04596344106033712,-0.02801334857940674,-0.2561820149421692,-0.016839555503281645,-0.04525575041770935,-0.3567647933959961,-0.0250444086654511,-0.05831170082092285,-0.4202646017074585,-0.033363298551591924,-0.06842094659805298,-0.4705338478088379,-0.040605460332187704,0.017898470163345337,-0.23267430067062378,-0.0263580000413981,0.005467116832733154,-0.30810773372650146,-0.032351438926014,-0.0062736570835113525,-0.3547823429107666,-0.03336200960114866,-0.01662483811378479,-0.39145052433013916,-0.03492472045257955
B,0.0,0.0,0.0,-0.06479281187057495,-0.03755611181259155,-0.0278825076583189,-0.11435645818710327,-0.1148688793182373,-0.04054943158359947,-0.10040348768234253,-0.20255279541015625,-0.0515451362642807,-0.050274938344955444,-0.22644448280334473,-0.06142098515363159,-0.10957613587379456,-0.23895883560180664,-0.007374426937417411,-0.1256304383277893,-0.3386692702770233,-0.020398576399998092,-0.12914341688156128,-0.3988651931285858,-0.036903665057138824,-0.12936881184577942,-0.4519469141960144,-0.05085370003314438,-0.07118013501167297,-0.2567031979560852,-0.007370665325538539,-0.09039703011512756,-0.3695405125617981,-0.014697380951361083,-0.09949594736099243,-0.44050633907318115,-0.02666088252397003,-0.10572221875190735,-0.498722642660141,-0.03677331714959564,-0.03167527914047241,-0.2529136538505554,-0.012046514666394614,-0.05031046271324158,-0.35330456495285034,-0.01864977984757843,-0.06345868110656738,-0.41819989681243896,-0.026433857745246314,-0.07363879680633545,-0.46849361062049866,-0.03330505325527611,0.014452815055847168,-0.231514573097229,-0.02095339506001892,0.00048154592514038086,-0.3074365258216858,-0.0258464297565979,-0.011760234832763672,-0.3544471263885498,-0.02636323927970352,-0.021827220916748047,-0.3902420401573181,-0.027582776388840102
B,0.0,0.0,0.0,-0.06280234456062317,-0.041963040828704834,-0.028840103951779383,-0.11059999465942383,-0.12023425102233887,-0.04219729995497801,-0.09528148174285889,-0.2079746127128601,-0.053671935407010096,-0.04311591386795044,-0.23687046766281128,-0.06378661638268568,-0.1074850857257843,-0.2428686022758484,-0.00766862632849552,-0.12262526154518127,-0.34560760855674744,-0.020878020507780093,-0.1256696879863739,-0.40777093172073364,-0.037380928007451075,-0.12571129202842712,-0.4620164632797241,-0.05106277560958006,-0.06826984882354736,-0.25859078764915466,-0.006629711782125014,-0.08623650670051575,-0.37282413244247437,-0.013605107387093085,-0.09548598527908325,-0.4448131024837494,-0.025088041854587573,-0.10257822275161743,-0.5044858455657959,-0.03470135649808981,-0.028255969285964966,-0.2538241744041443,-0.010367442687538642,-0.046341508626937866,-0.3525049686431885,-0.016134081242171305,-0.06083539128303528,-0.41665926575660706,-0.02249594574936964,-0.07174065709114075,-0.46622997522354126,-0.028309985829082507,0.018432259559631348,-0.23292428255081177,-0.01858462749191858,0.005864858627319336,-0.3070662021636963,-0.022472262216297167,-0.006385147571563721,-0.35350269079208374,-0.022036852148858088,-0.016998767852783203,-0.38938823342323303,-0.022475635466662425
B,0.0,0.0,0.0,-0.06633549928665161,-0.04208934307098389,-0.028235624855255992,-0.11276036500930786,-0.12163496017456055,-0.041023089861369044,-0.09551987051963806,-0.2104712724685669,-0.0525418886298894,-0.046088188886642456,-0.23900026082992554,-0.06312679809877864,-0.10653221607208252,-0.2364693284034729,-0.005339052373415143,-0.12304264307022095,-0.33525511622428894,-0.01992891108045569,-0.12727639079093933,-0.39608585834503174,-0.037457979595160396,-0.1273273527622223,-0.4500661790370941,-0.052024404829239757,-0.0684976577758789,-0.255471408367157,-0.005678372768556983,-0.087735116481781,-0.36742982268333435,-0.014643289459741027,-0.0974283516407013,-0.43829530477523804,-0.027603351821994693,-0.10347491502761841,-0.4964680075645447,-0.03836416763613215,-0.029431283473968506,-0.25220245122909546,-0.01119315934727183,-0.04816344380378723,-0.35329604148864746,-0.019690529754257113,-0.06190007925033569,-0.4169119596481323,-0.028105940049385936,-0.07216760516166687,-0.4658079743385315,-0.03521478114078036,0.015761226415634155,-0.23105978965759277,-0.02104418476471892,0.0033513009548187256,-0.3068096935749054,-0.027527197575068385,-0.00879436731338501,-0.35339319705963135,-0.028982402136421115,-0.019219547510147095,-0.388317346572876,-0.030860950549936206
B,0.0,0.0,0.0,-0.0629872977733612,-0.04439049959182739,-0.026891727180156977,-0.10903021693229675,-0.1273428201675415,-0.038591394380603106,-0.09067091345787048,-0.21529722213745117,-0.04919248278525856,-0.03794753551483154,-0.23994958400726318,-0.05898662488249329,-0.10241374373435974,-0.24255192279815674,-0.004237623133633406,-0.11733430624008179,-0.3440821170806885,-0.01722287963417557,-0.12130740284919739,-0.40532785654067993,-0.03397426213410881,-0.12182426452636719,-0.4594910740852356,-0.04809794034150627,-0.06401655077934265,-0.258975625038147,-0.004902756021294863,-0.08266764879226685,-0.3730606436729431,-0.012109491222474844,-0.09244546294212341,-0.44539767503738403,-0.02474894951370743,-0.0991315245628357,-0.5049062371253967,-0.03527682851341751,-0.024568915367126465,-0.25364983081817627,-0.010429334075126917,-0.04289597272872925,-0.3553725779056549,-0.017059838578973086,-0.057022035121917725,-0.4202033281326294,-0.025633126676950724,-0.06858327984809875,-0.470190167427063,-0.03295663575914887,0.020485728979110718,-0.23143744468688965,-0.02020103129831341,0.00788259506225586,-0.30738624930381775,-0.02517060208407429,-0.004606962203979492,-0.3540591597557068,-0.02617319877532509,-0.01569610834121704,-0.38944488763809204,-0.027816856459651262
B,0.0,0.0,0.0,-0.06607970595359802,-0.04299044609069824,-0.028636485284380342,-0.11336091160774231,-0.12553083896636963,-0.039625808542780305,-0.09642040729522705,-0.21303337812423706,-0.049393467551283265,-0.04751268029212952,-0.23943394422531128,-0.05789502704720917,-0.1061505377292633,-0.23941272497177124,-0.0014769766174254073,-0.12246856093406677,-0.33942174911499023,-0.01443013264071169,-0.12646767497062683,-0.40127211809158325,-0.0311473812369627,-0.1266745626926422,-0.45553433895111084,-0.04509885976295891,-0.06767687201499939,-0.2568867802619934,-0.0010855720072981967,-0.08784306049346924,-0.3686847388744354,-0.00848120445590439,-0.09807327389717102,-0.4402661919593811,-0.021212875789217378,-0.10463777184486389,-0.4987970292568207,-0.0317849777100605,-0.02893391251564026,-0.25261783599853516,-0.006220698768458988,-0.048240214586257935,-0.35460159182548523,-0.013787816224805738,-0.061168819665908813,-0.41750383377075195,-0.022400518825463678,-0.07117179036140442,-0.46568113565444946,-0.029470186626724626,0.014813154935836792,-0.23172378540039062,-0.01582508715074482,0.001494675874710083,-0.30882728099823,-0.02171103092115345,-0.01085713505744934,-0.35506224632263184,-0.023191844990662958,-0.02107098698616028,-0.3906799852848053,-0.025023778846673395
B,0.0,0.0,0.0,-0.06755441427230835,-0.045407116413116455,-0.02684898587756379,-0.113045334815979,-0.12821680307388306,-0.03700947861068471,-0.09365585446357727,-0.2136080265045166,-0.04645731399648412,-0.045058488845825195,-0.2374146580696106,-0.05497192690961583,-0.10479229688644409,-0.24073809385299683,0.0016343193652801347,-0.12026628851890564,-0.33797571063041687,-0.010266101051797705,-0.1254844069480896,-0.3971567749977112,-0.026829994347622232,-0.12701180577278137,-0.45045775175094604,-0.04090804706208928,-0.06695842742919922,-0.2583761215209961,0.0006533450738288593,-0.0861770510673523,-0.36933302879333496,-0.005887803685595827,-0.09737357497215271,-0.4415654242038727,-0.0189272342889808,-0.10479527711868286,-0.5006071627140045,-0.029783333715727167,-0.0284404456615448,-0.2530193328857422,-0.005830392305483656,-0.047774553298950195,-0.3563194274902344,-0.013264053565194445,-0.062381595373153687,-0.42047303915023804,-0.022896950197150545,-0.07462054491043091,-0.469689279794693,-0.030577638250520067,0.014905154705047607,-0.22995728254318237,-0.0165246958553098,0.0026257336139678955,-0.30747270584106445,-0.022590749961068468,-0.009776175022125244,-0.35441720485687256,-0.024129805219104128,-0.02026095986366272,-0.3907631039619446,-0.025934242707421618
B,0.0,0.0,0.0,-0.06764093041419983,-0.044719159603118896,-0.030656694833112397,-0.11264878511428833,-0.12787991762161255,-0.04326246066756312,-0.09269911050796509,-0.21299558877944946,-0.05437640978760783,-0.04435974359512329,-0.23563432693481445,-0.06459862126774851,-0.1048450767993927,-0.24443113803863525,-0.0037273524123406787,-0.12010103464126587,-0.3424496054649353,-0.017506850350571312,-0.1240517795085907,-0.40352314710617065,-0.03544864191479746,-0.12413156032562256,-0.4589095115661621,-0.050486610669565835,-0.0660143792629242,-0.26028555631637573,-0.0031087076551443715,-0.08496794104576111,-0.3706844449043274,-0.011518605451954045,-0.09480896592140198,-0.44314706325531006,-0.025851675707770028,-0.10107454657554626,-0.503566175699234,-0.03765548153586451,-0.027182698249816895,-0.25371313095092773,-0.008081180442047753,-0.04530227184295654,-0.3544381856918335,-0.01671277119584147,-0.05845361948013306,-0.41802841424942017,-0.02692690624661509,-0.0691005289554596,-0.46734869480133057,-0.034984403688383736,0.016548722982406616,-0.23067504167556763,-0.017587067026568093,0.003826916217803955,-0.30686748027801514,-0.024396987099123635,-0.008308321237564087,-0.3528682589530945,-0.02664783916242186,-0.018536537885665894,-0.38878196477890015,-0.0289190052337176
B,0.0,0.0,0.0,-0.06559035181999207,-0.045869410037994385,-0.02880087362774475,-0.11150434613227844,-0.1254267692565918,-0.041101312806688384,-0.09255146980285645,-0.2095772624015808,-0.052172968705974654,-0.04140552878379822,-0.23529750108718872,-0.06213623898275955,-0.10243299603462219,-0.24533212184906006,-0.0020003303250746285,-0.11707764863967896,-0.344213604927063,-0.01488138137557371,-0.12130782008171082,-0.40497106313705444,-0.032140186598383025,-0.12228137254714966,-0.4592653512954712,-0.04659781100400551,-0.06436306238174438,-0.26057958602905273,-0.0017620113974885498,-0.08280816674232483,-0.372294545173645,-0.009065513109646872,-0.0929555892944336,-0.444428026676178,-0.02247264476665123,-0.09967425465583801,-0.5039942562580109,-0.0336237387562619,-0.02601829171180725,-0.2541276812553406,-0.006908270140968398,-0.04369428753852844,-0.3552851378917694,-0.01410274541177614,-0.05691945552825928,-0.41849851608276367,-0.023125827854357794,-0.0672902762889862,-0.4672695994377136,-0.03048997612842186,0.017926901578903198,-0.23077887296676636,-0.016489180346809462,0.005714535713195801,-0.3069781959056854,-0.022022221779309348,-0.006767451763153076,-0.35320043563842773,-0.023351679166637496,-0.017409682273864746,-0.3893975615501404,-0.02497277835556133
B,0.0,0.0,0.0,-0.0647270679473877,-0.044674694538116455,-0.025704956834829318,-0.11066019535064697,-0.12329727411270142,-0.037447399681127536,-0.09393179416656494,-0.20906972885131836,-0.048475458508050906,-0.04313236474990845,-0.23558104038238525,-0.05887877497605132,-0.10206705331802368,-0.24014818668365479,-0.0027748979513262384,-0.11686381697654724,-0.33835920691490173,-0.016527046670830714,-0.12167057394981384,-0.398703396320343,-0.03407977822951125,-0.12276038527488708,-0.452772855758667,-0.048972754960573184,-0.06419870257377625,-0.25716811418533325,-0.004913476982778775,-0.08307471871376038,-0.3694477677345276,-0.013459319470143782,-0.09307423233985901,-0.4417097568511963,-0.02757783535651015,-0.0997435450553894,-0.5014778673648834,-0.039439688658035266,-0.02578824758529663,-0.25197434425354004,-0.011932533455706107,-0.04327651858329773,-0.3541116714477539,-0.020803260838306414,-0.055894702672958374,-0.41853177547454834,-0.030812145432150828,-0.06679913401603699,-0.4683157801628113,-0.03898981515101241,0.0180988609790802,-0.2282845377922058,-0.02289059873453425,0.006227016448974609,-0.30596452951431274,-0.03039661351374434,-0.005024462938308716,-0.35317015647888184,-0.03255650702647017,-0.015349030494689941,-0.3894439935684204,-0.034899424051559436
B,0.0,0.0,0.0,-0.061007916927337646,-0.04403531551361084,-0.025967945724403307,-0.10669806599617004,-0.12142741680145264,-0.03934091088143532,-0.09292331337928772,-0.20785415172576904,-0.05145125967231934,-0.04407012462615967,-0.23243409395217896,-0.06262182202902977,-0.10355213284492493,-0.2427271008491516,-0.008596611588870928,-0.11707493662834167,-0.34342673420906067,-0.023557278707301066,-0.11923453211784363,-0.4057666063308716,-0.04163409528104012,-0.11873146891593933,-0.4615474045276642,-0.05680025872555916,-0.06465879082679749,-0.25951945781707764,-0.010324580974554465,-0.08255511522293091,-0.3727037310600281,-0.019514696120893404,-0.09049400687217712,-0.44582825899124146,-0.03290124741164391,-0.09681954979896545,-0.508392870426178,-0.0443606091734523,-0.024535924196243286,-0.2540481686592102,-0.016432418867623255,-0.04180586338043213,-0.3529706597328186,-0.02497144174543564,-0.05428317189216614,-0.41723284125328064,-0.033610956191694186,-0.06478652358055115,-0.4679186940193176,-0.04121355843511765,0.02225211262702942,-0.23129868507385254,-0.0265394406464452,0.009869933128356934,-0.3063942790031433,-0.03365107384291832,-0.0023908913135528564,-0.35297876596450806,-0.03539957237211411,-0.014358758926391602,-0.3893180787563324,-0.03755192589727585
B,0.0,0.0,0.0,-0.06131497025489807,-0.044183433055877686,-0.027360468624976875,-0.1076202392578125,-0.12412458658218384,-0.04056299616291881,-0.09227874875068665,-0.21018654108047485,-0.052296941622046234,-0.042550474405288696,-0.23343151807785034,-0.0631070113618648,-0.1030617356300354,-0.24471217393875122,-0.008351922488657237,-0.11685383319854736,-0.34448158740997314,-0.023054094507244827,-0.11953017115592957,-0.40651315450668335,-0.04103194315626979,-0.1193312406539917,-0.46227821707725525,-0.05621509764984012,-0.06376755237579346,-0.26105594635009766,-0.009323287277368308,-0.0818738043308258,-0.3738235831260681,-0.018140058486608268,-0.09043833613395691,-0.44682884216308594,-0.031543263687638046,-0.09684500098228455,-0.5091365873813629,-0.04304626722529292,-0.023520827293395996,-0.2550608515739441,-0.014922854944018127,-0.04122346639633179,-0.3542846441268921,-0.023169001086500884,-0.05411049723625183,-0.41918450593948364,-0.032189631356743575,-0.0647064745426178,-0.4703196883201599,-0.04005034033849597,0.022861361503601074,-0.23195672035217285,-0.024687591462281944,0.010180234909057617,-0.30713048577308655,-0.031536021723297836,-0.0022335946559906006,-0.3542269468307495,-0.03354627032473445,-0.013769149780273438,-0.39103442430496216,-0.035959185554531814
B,0.0,0.0,0.0,-0.06375116109848022,-0.04182851314544678,-0.029499270897076713,-0.10903060436248779,-0.12019842863082886,-0.043644812833235846,-0.09249019622802734,-0.20666706562042236,-0.056159858535693274,-0.04100111126899719,-0.2300075888633728,-0.06780449761049567,-0.10291340947151184,-0.2394973635673523,-0.009498281348214732,-0.11614596843719482,-0.3392799198627472,-0.02474342374102889,-0.11837416887283325,-0.4010997712612152,-0.04263755766646682,-0.11716020107269287,-0.45681577920913696,-0.057499145101473914,-0.06337180733680725,-0.256568968296051,-0.009583027045891868,-0.07990682125091553,-0.3696739673614502,-0.018700473885701285,-0.08843576908111572,-0.4425220191478729,-0.031902064513133155,-0.09434545040130615,-0.5046476125717163,-0.04322375817196189,-0.023355305194854736,-0.25173258781433105,-0.014688824247286902,-0.03876331448554993,-0.35138267278671265,-0.02309010265366851,-0.05058065056800842,-0.4144028425216675,-0.03207685140864669,-0.060273587703704834,-0.4647442102432251,-0.03982864780323325,0.02162143588066101,-0.22982805967330933,-0.02421000314848243,0.009786784648895264,-0.30465584993362427,-0.03084495564894496,-0.0016894638538360596,-0.3499845862388611,-0.03286178125040351,-0.011942148208618164,-0.38540345430374146,-0.03530088527099906
B,0.0,0.0,0.0,-0.06610241532325745,-0.04458576440811157,-0.028925698858301985,-0.11192679405212402,-0.1254214644432068,-0.04210680597702776,-0.09528005123138428,-0.21238046884536743,-0.053857470539014685,-0.04233551025390625,-0.23185473680496216,-0.06447751694599901,-0.10477384924888611,-0.24253535270690918,-0.004321268436115133,-0.11824291944503784,-0.34165656566619873,-0.017364310708444464,-0.12159499526023865,-0.40245184302330017,-0.034734575685661184,-0.12154439091682434,-0.4571388065814972,-0.049652925368945944,-0.06548494100570679,-0.2590681314468384,-0.004249523070257055,-0.08343836665153503,-0.3707367181777954,-0.011869067002635347,-0.09227311611175537,-0.44293731451034546,-0.025373347711365568,-0.09861394762992859,-0.5040014982223511,-0.03688856833855425,-0.025479912757873535,-0.25393879413604736,-0.009269944999914514,-0.04224282503128052,-0.354037344455719,-0.016655237090390074,-0.05544218420982361,-0.41843050718307495,-0.026188821208279478,-0.06649079918861389,-0.46888452768325806,-0.0341689872113875,0.020688176155090332,-0.23142939805984497,-0.018626843255560743,0.007914841175079346,-0.30724620819091797,-0.02452516989092146,-0.004847198724746704,-0.35425132513046265,-0.026407516237895834,-0.016662299633026123,-0.3906075656414032,-0.0286175800977162
B,0.0,0.0,0.0,-0.06649094820022583,-0.044676125049591064,-0.0271201555966627,-0.11225172877311707,-0.12798315286636353,-0.03898320099108332,-0.09798568487167358,-0.2185518741607666,-0.04972231885187739,-0.046437472105026245,-0.2371804118156433,-0.05925791835181826,-0.10608029365539551,-0.24365603923797607,-0.0007255153847154361,-0.11929434537887573,-0.34196552634239197,-0.01318859712921494,-0.12211844325065613,-0.4016459286212921,-0.03078625848286265,-0.12206435203552246,-0.4560675024986267,-0.04609876995675677,-0.0675305426120758,-0.2632809281349182,-0.0016975571285229307,-0.08442088961601257,-0.37659990787506104,-0.008758615085412202,-0.09266594052314758,-0.4488491415977478,-0.022140947484899698,-0.09956702589988708,-0.5112561583518982,-0.033654560649324594,-0.027866244316101074,-0.2589743733406067,-0.007800379151035486,-0.04361337423324585,-0.3600924015045166,-0.014892004744638143,-0.056061118841171265,-0.4238571524620056,-0.023605286458064256,-0.06666061282157898,-0.47445255517959595,-0.031198942416835962,0.019094496965408325,-0.2362937331199646,-0.018201229476858316,0.006842195987701416,-0.3131224811077118,-0.023399894440103708,-0.00477263331413269,-0.3601607084274292,-0.02428489861779326,-0.016043543815612793,-0.39691290259361267,-0.026040465885330377
B,0.0,0.0,0.0,-0.06904372572898865,-0.05416131019592285,-0.024946157412387038,-0.11128383874893188,-0.14210116863250732,-0.032425225304223204,-0.0942857563495636,-0.22731232643127441,-0.03962890856132617,-0.04457274079322815,-0.24112093448638916,-0.04553404130206218,-0.10209894180297852,-0.2503241300582886,0.011738117261074876,-0.11649119853973389,-0.35240745544433594,0.0038754408603836055,-0.11964389681816101,-0.41415947675704956,-0.01151535246685853,-0.12000212073326111,-0.46942412853240967,-0.024798108787990714,-0.06436613202095032,-0.2668776512145996,0.011603416351817941,-0.0811178982257843,-0.38168594241142273,0.009619255958341455,-0.08998265862464905,-0.45605170726776123,-0.0029858940390568023,-0.09651511907577515,-0.5180567502975464,-0.013637587019957209,-0.02535340189933777,-0.2617405652999878,0.005852867791645622,-0.040828973054885864,-0.36332768201828003,0.0038881301304627414,-0.05373269319534302,-0.42855626344680786,-0.0047174105995964055,-0.06405434012413025,-0.47810930013656616,-0.012132798844731951,0.02015221118927002,-0.24085962772369385,-0.00437958032057395,0.009601503610610962,-0.3179350793361664,-0.004051939641840363,-0.0012975633144378662,-0.36464035511016846,-0.0029738685691427236,-0.01074954867362976,-0.40035033226013184,-0.0034105927327345853
B,0.0,0.0,0.0,-0.06730425357818604,-0.04935997724533081,-0.022879442676980943,-0.11068525910377502,-0.12749135494232178,-0.033346869528372736,-0.10020539164543152,-0.21170097589492798,-0.04374653893717095,-0.0542445182800293,-0.2366148829460144,-0.05321661803134248,-0.10341843962669373,-0.24551481008529663,0.002151142096067815,-0.11793005466461182,-0.3478391170501709,-0.010664965502996893,-0.12231019139289856,-0.4112115502357483,-0.0276663308144407,-0.12342280149459839,-0.46643540263175964,-0.04158968898661897,-0.06677526235580444,-0.2613477110862732,-0.0012669706596852848,-0.0830269455909729,-0.37773406505584717,-0.008202382840295286,-0.09203583002090454,-0.45250213146209717,-0.02160306695111558,-0.09865531325340271,-0.5143603086471558,-0.03280775669225022,-0.027515769004821777,-0.25705307722091675,-0.00964053581662938,-0.043781161308288574,-0.36117011308670044,-0.016318526595910043,-0.054948657751083374,-0.42830950021743774,-0.025718687579114885,-0.0648457407951355,-0.4812571704387665,-0.03357407125838563,0.016702353954315186,-0.23581957817077637,-0.021901879936535806,0.003533005714416504,-0.3160543143749237,-0.026848998397667856,-0.007532596588134766,-0.3652743101119995,-0.02782375599451825,-0.017766863107681274,-0.4026787281036377,-0.029388018429358453
B,0.0,0.0,0.0,-0.06949281692504883,-0.0506550669670105,-0.02376631149968489,-0.11135303974151611,-0.12465518712997437,-0.03596086675247534,-0.10285142064094543,-0.21428966522216797,-0.04742305228432997,-0.053294628858566284,-0.24090510606765747,-0.0574412147136627,-0.10424572229385376,-0.2453984022140503,0.0011670979117752722,-0.1200660765171051,-0.3515665531158447,-0.012256972174554903,-0.12249672412872314,-0.4161626994609833,-0.030380208659380514,-0.12193894386291504,-0.47265559434890747,-0.04521826902350767,-0.0657835602760315,-0.2637290358543396,-0.0015724891884474346,-0.08379024267196655,-0.38284534215927124,-0.008935544322639544,-0.09121093153953552,-0.4576467275619507,-0.022857694569438536,-0.09837368130683899,-0.5216339230537415,-0.03465708220323904,-0.02631455659866333,-0.2598575949668884,-0.009149561318963606,-0.04368448257446289,-0.3625745177268982,-0.01633961560150965,-0.05566945672035217,-0.4299659729003906,-0.02474810244461878,-0.06494095921516418,-0.4830936789512634,-0.03207180524191244,0.021399497985839844,-0.23827272653579712,-0.020649923625796873,0.00755426287651062,-0.3185371160507202,-0.025213754418700773,-0.0031730234622955322,-0.36753037571907043,-0.024815200510829527,-0.013408124446868896,-0.40531182289123535,-0.025501143801420767
B,0.0,0.0,0.0,-0.07247057557106018,-0.0558437705039978,-0.024780471913004476,-0.11795401573181152,-0.1391475796699524,-0.03654145552911814,-0.10347771644592285,-0.23187154531478882,-0.04774665563502367,-0.04385516047477722,-0.24697768688201904,-0.05750807105698641,-0.11099013686180115,-0.2495359182357788,0.0038894793377721726,-0.1270182728767395,-0.3546631336212158,-0.008439538172865468,-0.12904465198516846,-0.4191220700740814,-0.026206835276866514,-0.1272691786289215,-0.475262850522995,-0.041038015029812414,-0.07012471556663513,-0.269562304019928,0.001997560158883971,-0.08743345737457275,-0.38782286643981934,-0.0038458549989854873,-0.09483268857002258,-0.46281760931015015,-0.0169263734588867,-0.10178110003471375,-0.528014063835144,-0.02808885938623007,-0.027701348066329956,-0.26676446199417114,-0.005121822107071239,-0.04430225491523743,-0.37140554189682007,-0.010689994424069482,-0.05659547448158264,-0.4405408799648285,-0.01948907329835947,-0.06571424007415771,-0.49365025758743286,-0.027034142158413488,0.022038906812667847,-0.24603259563446045,-0.016504540211940366,0.00932958722114563,-0.32605165243148804,-0.019193305737758237,-0.002656102180480957,-0.3768046498298645,-0.018892415902996618,-0.013583838939666748,-0.4141572117805481,-0.019903767026448804
B,0.0,0.0,0.0,-0.07088199257850647,-0.052336275577545166,-0.027926531508171593,-0.11548987030982971,-0.13840031623840332,-0.040156856998407875,-0.10205855965614319,-0.2296794056892395,-0.051206813081705604,-0.043416738510131836,-0.24413150548934937,-0.060868141129219566,-0.1047360897064209,-0.2553642988204956,0.0004465671038929031,-0.11782312393188477,-0.3614955544471741,-0.011506837680542503,-0.11932554841041565,-0.4262031614780426,-0.028449733629429375,-0.11763495206832886,-0.48331061005592346,-0.04250791750808958,-0.06602457165718079,-0.27125275135040283,0.0006345518007151441,-0.08068028092384338,-0.38802066445350647,-0.004975578169876371,-0.08710801601409912,-0.4630833864212036,-0.01673174358865026,-0.0926782488822937,-0.5265752673149109,-0.02680515952368978,-0.025447815656661987,-0.26519614458084106,-0.0047052874039650305,-0.03987041115760803,-0.3696131408214569,-0.010487724914753471,-0.05109789967536926,-0.43656814098358154,-0.01868922717829946,-0.059425145387649536,-0.4873169958591461,-0.02539348311682943,0.02103722095489502,-0.24340373277664185,-0.01458135981073383,0.010539501905441284,-0.32341626286506653,-0.017579804062449966,0.00014415383338928223,-0.3732566833496094,-0.01771562442144159,-0.008963286876678467,-0.40956997871398926,-0.018796899243795906
B,0.0,0.0,0.0,-0.06955116987228394,-0.03969341516494751,-0.02455793424201147,-0.12028846144676208,-0.12207871675491333,-0.036094459804417056,-0.11787009239196777,-0.21562933921813965,-0.0473921551431431,-0.06296688318252563,-0.24668502807617188,-0.057364489051224155,-0.10897919535636902,-0.24068504571914673,-0.0014502333772270504,-0.12848150730133057,-0.3424129784107208,-0.01806468992185728,-0.1280117630958557,-0.4059763252735138,-0.03599114260327951,-0.12069553136825562,-0.45983561873435974,-0.04928530669462816,-0.06951910257339478,-0.26162219047546387,-0.004483705485881728,-0.08801543712615967,-0.3819164037704468,-0.014873140590907497,-0.09628608822822571,-0.4603680670261383,-0.028370945813776416,-0.10102993249893188,-0.5271046161651611,-0.038563846709848804,-0.02709329128265381,-0.26143622398376465,-0.012867011229218406,-0.04617375135421753,-0.37034720182418823,-0.023032334732533855,-0.05930823087692261,-0.4400849938392639,-0.033185075136543674,-0.06895864009857178,-0.4959520995616913,-0.04062058693421022,0.021515846252441406,-0.24349099397659302,-0.025124191405893725,0.009260952472686768,-0.326484352350235,-0.031138726609469813,-0.0019611120223999023,-0.3779236078262329,-0.03305656379711763,-0.012125909328460693,-0.4174412786960602,-0.03527359208715097
B,0.0,0.0,0.0,-0.0724097490310669,-0.04401916265487671,-0.022453402600831396,-0.12198758125305176,-0.13100898265838623,-0.03370389292354048,-0.11435359716415405,-0.22657382488250732,-0.04484311813826025,-0.06097617745399475,-0.25069719552993774,-0.05600889349693716,-0.10271909832954407,-0.2561081647872925,-0.0075131849978333776,-0.1202675998210907,-0.36361944675445557,-0.023425928748793012,-0.12413010001182556,-0.43059396743774414,-0.041030372924751646,-0.12306389212608337,-0.4887436032295227,-0.055273193366474516,-0.06439328193664551,-0.2752825617790222,-0.012749256066626913,-0.08177101612091064,-0.39662086963653564,-0.023939709610885984,-0.09095880389213562,-0.4764971137046814,-0.0378171722065872,-0.09776079654693604,-0.5437245666980743,-0.04849088887090147,-0.023847341537475586,-0.2713261842727661,-0.02228237638587416,-0.04368820786476135,-0.38288772106170654,-0.033937099821514494,-0.058216482400894165,-0.4551527798175812,-0.045120048768467313,-0.06949940323829651,-0.5120196640491486,-0.05346297422761381,0.02177998423576355,-0.24799340963363647,-0.035295444972462064,0.007686108350753784,-0.3341754674911499,-0.044667124248690016,-0.0028699934482574463,-0.3865255117416382,-0.04780226523394049,-0.011797428131103516,-0.4253491759300232,-0.050530351198858625
B,0.0,0.0,0.0,-0.06914916634559631,-0.04019331932067871,-0.02096043446783824,-0.12136209011077881,-0.12644559144973755,-0.031636080832527114,-0.11496575176715851,-0.21722650527954102,-0.042858823330448104,-0.06512492895126343,-0.23927056789398193,-0.05436407321815295,-0.10276243090629578,-0.26722925901412964,-0.006234628741935921,-0.11709821224212646,-0.3729546070098877,-0.021517076657460166,-0.1219850480556488,-0.4386945962905884,-0.038399211258933974,-0.12220916152000427,-0.495849072933197,-0.0528065926743011,-0.06370031833648682,-0.2818028926849365,-0.014054082461939288,-0.08104228973388672,-0.4008414149284363,-0.025270021648452712,-0.09057128429412842,-0.48006361722946167,-0.03944107437257571,-0.0967269241809845,-0.546734094619751,-0.050761426926897,-0.021973609924316406,-0.2730691432952881,-0.02631344007079406,-0.04194954037666321,-0.3813624978065491,-0.03916494467978282,-0.054376810789108276,-0.4527294635772705,-0.05162215525035663,-0.06415560841560364,-0.5127609670162201,-0.0613355256033401,0.02344188094139099,-0.24491971731185913,-0.041889014781759215,0.009092748165130615,-0.3275078535079956,-0.0541292718959312,0.00016614794731140137,-0.3769736886024475,-0.059112596453474,-0.006347537040710449,-0.4162156581878662,-0.06316185289745135
B,0.0,0.0,0.0,-0.07118606567382812,-0.03557240962982178,-0.023707585210729576,-0.1260746717453003,-0.12479478120803833,-0.034283820341158844,-0.12104389071464539,-0.219488263130188,-0.044690627406168915,-0.06995564699172974,-0.24737763404846191,-0.054591446916390396,-0.10967735946178436,-0.26522982120513916,-0.006763201474029756,-0.12620240449905396,-0.37250855565071106,-0.021223144407201744,-0.13180997967720032,-0.4376509189605713,-0.03720326701812837,-0.1337163895368576,-0.4942525029182434,-0.05066413785033319,-0.07091808319091797,-0.2823309302330017,-0.011207966866720653,-0.08906856179237366,-0.40314027667045593,-0.021383043180037475,-0.09930026531219482,-0.4780133366584778,-0.033963065395880676,-0.10610523819923401,-0.5407538712024689,-0.04368271286301706,-0.028834164142608643,-0.27717477083206177,-0.02012933957092855,-0.04953575134277344,-0.38813793659210205,-0.03035098480694387,-0.06311294436454773,-0.45939943194389343,-0.040941130171347595,-0.073942631483078,-0.5181750059127808,-0.049434996942807174,0.01756906509399414,-0.2526981830596924,-0.032755855272341705,0.0053834617137908936,-0.33616411685943604,-0.041466083179045654,-0.004941105842590332,-0.3890579342842102,-0.04513384381942842,-0.013510972261428833,-0.43180781602859497,-0.0484913175802717
B,0.0,0.0,0.0,-0.07287174463272095,-0.0371975302696228,-0.02365552808043958,-0.12858815491199493,-0.1300923228263855,-0.03427648718354703,-0.12236124277114868,-0.22468429803848267,-0.04491874749658109,-0.06796473264694214,-0.24484169483184814,-0.05533091152904035,-0.11186477541923523,-0.2684926986694336,-0.004025451716756834,-0.1283118724822998,-0.3723260164260864,-0.01837303104696275,-0.1358458399772644,-0.43627285957336426,-0.0352986658632517,-0.13914254307746887,-0.49265193939208984,-0.05003385419843198,-0.07369551062583923,-0.2876778841018677,-0.009387014311528219,-0.09142804145812988,-0.40736842155456543,-0.0195985789119959,-0.10172832012176514,-0.4837071895599365,-0.03309329028127195,-0.10868245363235474,-0.5483522713184357,-0.043842220556712164,-0.032465994358062744,-0.2832220196723938,-0.019473010551905645,-0.051119446754455566,-0.3951317071914673,-0.029772797477221502,-0.06334179639816284,-0.4638991951942444,-0.040639666718220724,-0.07407951354980469,-0.5211584568023682,-0.04942546213862897,0.013146400451660156,-0.2575286030769348,-0.03341491321918966,0.0002943277359008789,-0.3416364789009094,-0.04189346904752256,-0.010066092014312744,-0.3947688937187195,-0.045293694239830984,-0.01855027675628662,-0.43795767426490784,-0.04875575180051328
B,0.0,0.0,0.0,-0.0750102698802948,-0.03160637617111206,-0.026215799085207436,-0.1326735019683838,-0.12363165616989136,-0.03751201175839469,-0.1276794672012329,-0.22086453437805176,-0.047941218993969414,-0.07218486070632935,-0.23947358131408691,-0.057651769302196954,-0.1153220683336258,-0.2714293599128723,-0.00724386556760237,-0.12979884445667267,-0.38147953152656555,-0.019906656748958085,-0.13549628853797913,-0.4485878050327301,-0.03529869758278892,-0.13739901781082153,-0.5068636834621429,-0.04867985837847755,-0.07649371027946472,-0.2864203453063965,-0.01002011068851516,-0.09556110203266144,-0.4089854955673218,-0.017847912318416093,-0.10622453689575195,-0.485978901386261,-0.029075074873276208,-0.11293971538543701,-0.5500637292861938,-0.03816588588745162,-0.034393101930618286,-0.27913326025009155,-0.01740444817335174,-0.053206294775009155,-0.3881497383117676,-0.024762311882682297,-0.06606844067573547,-0.45907995104789734,-0.03416346751839683,-0.07598280906677246,-0.5167041718959808,-0.04207236313015983,0.01261332631111145,-0.25359922647476196,-0.029040034792728875,0.00010973215103149414,-0.3371916115283966,-0.03537856408149764,-0.011058568954467773,-0.39095544815063477,-0.03826504193932578,-0.019991010427474976,-0.43412455916404724,-0.04122953482658431
B,0.0,0.0,0.0,-0.07576245069503784,-0.03696703910827637,-0.02316759705450977,-0.13293951749801636,-0.12549179792404175,-0.03346837676969017,-0.1285177320241928,-0.2197520136833191,-0.04349604986515487,-0.07240593433380127,-0.2382609248161316,-0.052778065129189144,-0.1183260828256607,-0.2673661708831787,-0.0023113746838703264,-0.1351146697998047,-0.37585943937301636,-0.013470897375611912,-0.14399540424346924,-0.4415820240974426,-0.028169298469094883,-0.14919133484363556,-0.4986036717891693,-0.041471954359678875,-0.07981204986572266,-0.2827805280685425,-0.006390508188871991,-0.10053423047065735,-0.4027906656265259,-0.013311526662675988,-0.11241093277931213,-0.47711098194122314,-0.024669913499621998,-0.12074737250804901,-0.5398045182228088,-0.03413766987529243,-0.036965757608413696,-0.27693629264831543,-0.014891696087090622,-0.056629449129104614,-0.3841601610183716,-0.021538766025571476,-0.06959006190299988,-0.4532760977745056,-0.03075019821432079,-0.08050331473350525,-0.5098381042480469,-0.03874682254996742,0.011952966451644897,-0.2532762289047241,-0.02735785759892906,-0.0007257759571075439,-0.33411672711372375,-0.032660752459435116,-0.012813746929168701,-0.38608992099761963,-0.034806914552120816,-0.023529499769210815,-0.4281483292579651,-0.03749557576981033
B,0.0,0.0,0.0,-0.07272076606750488,-0.0344352126121521,-0.024716461845741833,-0.13038679957389832,-0.12547224760055542,-0.034617910930023754,-0.12733782827854156,-0.22390800714492798,-0.04396335298667964,-0.07093492150306702,-0.2378225326538086,-0.05211456383119639,-0.11781762540340424,-0.26914525032043457,0.0003412501129105294,-0.13551780581474304,-0.37678465247154236,-0.008595397532985771,-0.14375068247318268,-0.4409233331680298,-0.021803122782216633,-0.1469062864780426,-0.4967477321624756,-0.03375664616476115,-0.07994404435157776,-0.28547292947769165,-0.0022230258445006257,-0.10034182667732239,-0.40639328956604004,-0.005586295691387022,-0.112021803855896,-0.48182666301727295,-0.014652538881705368,-0.11859038472175598,-0.5443090498447418,-0.022398336627588833,-0.03721269965171814,-0.27960872650146484,-0.009577897214398945,-0.05605730414390564,-0.3867192268371582,-0.01247240493546542,-0.07022920250892639,-0.45469844341278076,-0.019909144216285313,-0.08060458302497864,-0.5097043514251709,-0.0268782031024557,0.01014360785484314,-0.25524193048477173,-0.021359310322509373,-0.00330314040184021,-0.3354569971561432,-0.022991194226847256,-0.01517343521118164,-0.38678503036499023,-0.0231212720508438,-0.023694902658462524,-0.42811721563339233,-0.024507823237286175
B,0.0,0.0,0.0,-0.07824358344078064,-0.03696751594543457,-0.02332176050799717,-0.13567191362380981,-0.12399804592132568,-0.03185212767380108,-0.13276228308677673,-0.21744710206985474,-0.04044080680864681,-0.08011943101882935,-0.2354150414466858,-0.0477553621556126,-0.12206830084323883,-0.2621367275714874,0.00569318685052167,-0.14043614268302917,-0.36663156747817993,-0.003643475628223314,-0.1494017243385315,-0.42946138978004456,-0.016808012190040245,-0.15332819521427155,-0.48328715562820435,-0.028048090326365127,-0.08394458889961243,-0.2779253125190735,0.0028296300054080348,-0.1059630811214447,-0.39305567741394043,-0.000609905323244675,-0.11876370012760162,-0.4655151963233948,-0.008840908917363777,-0.12561525404453278,-0.5241658985614777,-0.015077360595341815,-0.041528135538101196,-0.2730846703052521,-0.005307024034436836,-0.06327837705612183,-0.3782680928707123,-0.009014785910721912,-0.07632777094841003,-0.4461367726325989,-0.014019108067031993,-0.08360683917999268,-0.5001080930233002,-0.018060007753547325,0.005762219429016113,-0.24980801343917847,-0.017876032429512634,-0.008985430002212524,-0.32726722955703735,-0.020192635866578712,-0.02152073383331299,-0.3775317668914795,-0.018668563726123466,-0.028821557760238647,-0.4179975390434265,-0.017647456067379608
B,0.0,0.0,0.0,-0.07547140121459961,-0.030791521072387695,-0.024641288275290663,-0.13508237898349762,-0.11726033687591553,-0.0340758448638212,-0.132253959774971,-0.2153427004814148,-0.04298304376976603,-0.07682445645332336,-0.24060869216918945,-0.05054544268028849,-0.12504366040229797,-0.25598791241645813,0.0011275206288132722,-0.14325469732284546,-0.36139506101608276,-0.009458686987329656,-0.1507474035024643,-0.42581143975257874,-0.02330854518191927,-0.15247687697410583,-0.4801907539367676,-0.0350182613529455,-0.0863889753818512,-0.27274754643440247,-0.0013319710906785076,-0.10756680369377136,-0.3899805545806885,-0.0066384727306854074,-0.1192736029624939,-0.4668753743171692,-0.016435608098674948,-0.12461069226264954,-0.5297141671180725,-0.023882342333365614,-0.04301568865776062,-0.2684633731842041,-0.008892783726025755,-0.06448835134506226,-0.37485796213150024,-0.015032497065533335,-0.07762348651885986,-0.4463205933570862,-0.02353423071878069,-0.08443260192871094,-0.5038916766643524,-0.03022334894018286,0.005712419748306274,-0.24600395560264587,-0.02063409594671839,-0.007832586765289307,-0.32244232296943665,-0.02592453529911154,-0.020105719566345215,-0.3732699155807495,-0.027418389747310812,-0.027879178524017334,-0.4151265323162079,-0.02887386625485533
B,0.0,0.0,0.0,-0.0763796865940094,-0.03810989856719971,-0.02483973037976739,-0.13227280974388123,-0.12308990955352783,-0.035326815588064164,-0.13173852860927582,-0.22078803181648254,-0.045618943316526384,-0.07869777083396912,-0.24083247780799866,-0.05486587752182004,-0.12362973392009735,-0.2541157007217407,0.0031450063403326567,-0.14420104026794434,-0.3573569059371948,-0.008820206304676503,-0.15256431698799133,-0.4214412271976471,-0.024770274204797715,-0.1547415554523468,-0.47718608379364014,-0.03810763676244733,-0.08578664064407349,-0.27266624569892883,0.00030421430767546553,-0.1086449921131134,-0.3872968852519989,-0.006661406630314559,-0.12171252071857452,-0.4627024233341217,-0.018497529817409486,-0.1285550594329834,-0.5259900093078613,-0.02754830327410218,-0.04260694980621338,-0.27087512612342834,-0.00781921335089919,-0.06405875086784363,-0.37811222672462463,-0.015183531125671834,-0.07660302519798279,-0.4509868919849396,-0.024404063267297715,-0.08319687843322754,-0.5095909535884857,-0.03144487683255193,0.006099581718444824,-0.25012317299842834,-0.0201734205760431,-0.008059322834014893,-0.32858172059059143,-0.025266797659583062,-0.0198785662651062,-0.38050615787506104,-0.026190256146378488,-0.02777343988418579,-0.4215967059135437,-0.027390041766352624
B,0.0,0.0,0.0,-0.07557147741317749,-0.03603839874267578,-0.022766747728610426,-0.13195833563804626,-0.12208390235900879,-0.03256089355113545,-0.13006769120693207,-0.21709436178207397,-0.04256463538172284,-0.07795917987823486,-0.24426841735839844,-0.05196959267618695,-0.12214015424251556,-0.2522791624069214,-0.0017848738773409423,-0.14385610818862915,-0.3587658405303955,-0.01587218719782868,-0.15339303016662598,-0.4264432191848755,-0.03209215144875088,-0.15776029229164124,-0.4845912456512451,-0.04516261930825749,-0.08458110690116882,-0.2714441120624542,-0.005989338488006979,-0.10705141723155975,-0.3905317783355713,-0.015112602368617445,-0.12177661061286926,-0.4686805307865143,-0.027150017426038175,-0.1314156949520111,-0.5335262715816498,-0.03585232909085789,-0.041867345571517944,-0.27106142044067383,-0.014827988327169805,-0.0668555498123169,-0.38035884499549866,-0.02313280220391789,-0.08298105001449585,-0.45293258130550385,-0.032053151384616285,-0.09343141317367554,-0.5115810930728912,-0.038837959275269895,0.0066238343715667725,-0.25242042541503906,-0.02759544107379952,-0.010320305824279785,-0.3317260146141052,-0.03323737274172345,-0.023600131273269653,-0.383175253868103,-0.03397776301267186,-0.03304901719093323,-0.4240823984146118,-0.03490544970395604
B,0.0,0.0,0.0,-0.07837361097335815,-0.03520292043685913,-0.023605193645039435,-0.13615331053733826,-0.11888688802719116,-0.03308333799270713,-0.1355600506067276,-0.21425390243530273,-0.04278603911427581,-0.08205592632293701,-0.23882415890693665,-0.05143862187890136,-0.12573055922985077,-0.2488093376159668,0.003103657224869494,-0.14850182831287384,-0.3547086715698242,-0.009602612518051501,-0.15955449640750885,-0.41998594999313354,-0.025671081319728728,-0.16472876071929932,-0.47754594683647156,-0.0387364287677201,-0.08988174796104431,-0.26650434732437134,0.00014215440694442805,-0.11382567882537842,-0.3863745927810669,-0.006836669687459107,-0.12856683135032654,-0.4655025005340576,-0.017755288332978125,-0.13766176998615265,-0.5308555364608765,-0.025842351541200514,-0.048699378967285156,-0.2652372419834137,-0.008112139702120658,-0.07348507642745972,-0.3737521767616272,-0.014231345318535205,-0.08785399794578552,-0.44319020211696625,-0.022072069049158927,-0.09632870554924011,-0.4971492886543274,-0.028143061027208205,-0.001031041145324707,-0.24669435620307922,-0.020722031295576926,-0.018612593412399292,-0.32337266206741333,-0.023948445618430014,-0.031943172216415405,-0.3710702955722809,-0.023629652038493987,-0.041092127561569214,-0.40731081366539,-0.024023672268072005
B,0.0,0.0,0.0,-0.08369830250740051,-0.045415520668029785,-0.02677115619280812,-0.13466626405715942,-0.12323027849197388,-0.03978406459191319,-0.12687066197395325,-0.21348875761032104,-0.05298015669086453,-0.0763440728187561,-0.24960830807685852,-0.06494913444021222,-0.12669745087623596,-0.24726051092147827,0.0028360105761748855,-0.14461511373519897,-0.34961551427841187,-0.012653817498176068,-0.15435054898262024,-0.41525331139564514,-0.03151780933239934,-0.16009676456451416,-0.4737452268600464,-0.04686675787070271,-0.08795946836471558,-0.2596941292285919,0.0006947245974515681,-0.10759958624839783,-0.37549056112766266,-0.010704140254347294,-0.12269821763038635,-0.44857364892959595,-0.026086634100465744,-0.136510968208313,-0.5126689374446869,-0.03780944094160077,-0.046404242515563965,-0.25696423649787903,-0.007100611069290608,-0.06585454940795898,-0.3640860915184021,-0.018034888506917923,-0.0822165310382843,-0.42843353748321533,-0.02702668503025052,-0.09576630592346191,-0.4784061908721924,-0.03366593465307233,0.002631574869155884,-0.2406051754951477,-0.019311314524202317,-0.011350899934768677,-0.31746190786361694,-0.02546895675459382,-0.024435698986053467,-0.3627946376800537,-0.024977251962809532,-0.037146538496017456,-0.39548376202583313,-0.025145499111204117
B,0.0,0.0,0.0,-0.07805982232093811,-0.04678630828857422,-0.023987828516226273,-0.12905138731002808,-0.12263071537017822,-0.03744739363418148,-0.1242150366306305,-0.20930448174476624,-0.051305101015429955,-0.07552450895309448,-0.24823811650276184,-0.06511261010990665,-0.117714524269104,-0.2448434829711914,-0.0030366233501695206,-0.13515901565551758,-0.3443412780761719,-0.021010326915245514,-0.14780902862548828,-0.4073789417743683,-0.04159429366217182,-0.15651047229766846,-0.46338969469070435,-0.058479417809110146,-0.08066350221633911,-0.2574482560157776,-0.008375822328787308,-0.10120666027069092,-0.3685501515865326,-0.023186719738703232,-0.11831903457641602,-0.44003725051879883,-0.041019660183053475,-0.13442710041999817,-0.5030501782894135,-0.054885172047477226,-0.04109823703765869,-0.2532413601875305,-0.01863299379573391,-0.06219777464866638,-0.35665053129196167,-0.033632156201463204,-0.07910892367362976,-0.4220869839191437,-0.0454194515429549,-0.09452375769615173,-0.4730902910232544,-0.05395682597981022,0.005234271287918091,-0.23379361629486084,-0.03252985397801922,-0.012899011373519897,-0.31190839409828186,-0.04426721925364063,-0.028365880250930786,-0.3583669364452362,-0.04741068626270817,-0.044070422649383545,-0.39221175014972687,-0.05000349576101826
B,0.0,0.0,0.0,-0.07989618182182312,-0.04705017805099487,-0.021199393815294343,-0.1271704137325287,-0.11911141872406006,-0.033630339226618844,-0.1169920563697815,-0.2010696530342102,-0.047026416084662515,-0.07580885291099548,-0.24801942706108093,-0.06046317683805569,-0.10996696352958679,-0.23807105422019958,-0.0028021415070895728,-0.12960761785507202,-0.3381718844175339,-0.021227584949627953,-0.14457204937934875,-0.401032492518425,-0.041452793202296334,-0.15600627660751343,-0.4553352892398834,-0.05764141472329243,-0.07415539026260376,-0.25284838676452637,-0.009304683453336793,-0.09586310386657715,-0.36489784717559814,-0.025331280923381883,-0.11299565434455872,-0.4384560137987137,-0.043582943997279244,-0.12908092141151428,-0.5009178221225739,-0.05727544592966183,-0.03607293963432312,-0.2513922452926636,-0.020468877426282006,-0.05922093987464905,-0.35698913037776947,-0.036698663405076104,-0.07706645131111145,-0.42497827112674713,-0.04925177039851292,-0.0939774215221405,-0.4771966338157654,-0.05805126743663891,0.010379254817962646,-0.235375314950943,-0.03476099835981472,-0.008416414260864258,-0.3155011534690857,-0.047816818377867776,-0.02607804536819458,-0.3623272180557251,-0.05118813531746014,-0.04563590884208679,-0.39499548077583313,-0.05353998931397541
B,0.0,0.0,0.0,-0.07403832674026489,-0.04584801197052002,-0.023439547608376188,-0.12180134654045105,-0.11775088310241699,-0.03524660188961093,-0.11096775531768799,-0.20244351029396057,-0.047376553158045454,-0.0652000904083252,-0.24454712867736816,-0.0591618033151633,-0.11168938875198364,-0.2382432520389557,-0.0003357620236954517,-0.13044756650924683,-0.33324161171913147,-0.016787974725247068,-0.14461633563041687,-0.3934626579284668,-0.03669095654296939,-0.15590590238571167,-0.4463023543357849,-0.053161157856465024,-0.07405740022659302,-0.2561926245689392,-0.0054097581680423446,-0.0941292941570282,-0.3660098910331726,-0.019342031891227407,-0.10966333746910095,-0.4377308487892151,-0.03738302979874675,-0.1259002685546875,-0.5016101002693176,-0.05151925850915973,-0.03498023748397827,-0.2560189366340637,-0.01550734658050601,-0.054428666830062866,-0.35750044882297516,-0.029917656074047727,-0.07040178775787354,-0.4225170463323593,-0.04289914537477557,-0.08752477169036865,-0.4741797149181366,-0.0525142872731692,0.01180487871170044,-0.24059265851974487,-0.029140266219854993,-0.004995971918106079,-0.320198655128479,-0.04017204661178653,-0.02024388313293457,-0.36632776260375977,-0.043541821281195325,-0.03803965449333191,-0.4007047563791275,-0.046605883727551145
B,0.0,0.0,0.0,-0.07230225205421448,-0.047043561935424805,-0.022643581618268627,-0.12147393822669983,-0.11735150218009949,-0.03537824808498158,-0.11233428120613098,-0.20040211081504822,-0.04835582210560574,-0.06583654880523682,-0.24005848169326782,-0.0610027952386929,-0.10859164595603943,-0.23971855640411377,-0.004794262469459909,-0.1255606710910797,-0.3364623188972473,-0.022263251830537456,-0.13835549354553223,-0.395571231842041,-0.04163131548901333,-0.14828738570213318,-0.4462195932865143,-0.05736640899320378,-0.07105189561843872,-0.25670453906059265,-0.010198645879228252,-0.08892986178398132,-0.3676128536462784,-0.025050677944619792,-0.10513463616371155,-0.4380839020013809,-0.0415313622250153,-0.12169048190116882,-0.49724021553993225,-0.053908430625398296,-0.03175961971282959,-0.2547476291656494,-0.02024237125058903,-0.05181533098220825,-0.35750986635684967,-0.03493564634462132,-0.07036292552947998,-0.42196981608867645,-0.04617592750926747,-0.08869403600692749,-0.4714162349700928,-0.054128062565524715,0.015197843313217163,-0.2353249490261078,-0.03363033442636265,-0.0007629990577697754,-0.3152877390384674,-0.045082267959315914,-0.017007291316986084,-0.3624500632286072,-0.04773367627402081,-0.03495204448699951,-0.39654354751110077,-0.0496926313533379
B,0.0,0.0,0.0,-0.0729115903377533,-0.043789565563201904,-0.025846949937232466,-0.12396994233131409,-0.11385160684585571,-0.04001939591992709,-0.111919105052948,-0.19725045561790466,-0.05335526836145732,-0.06450065970420837,-0.23599934577941895,-0.0660140469395003,-0.11823928356170654,-0.24144309759140015,-0.00809941922355506,-0.13579151034355164,-0.342169389128685,-0.0255731746279082,-0.14484021067619324,-0.40443021059036255,-0.0455852031432471,-0.15159228444099426,-0.4588746726512909,-0.062144848676808806,-0.07754212617874146,-0.25893768668174744,-0.012010653661974402,-0.09737852215766907,-0.3707957863807678,-0.025578157203682395,-0.1089279055595398,-0.44463111460208893,-0.043124142261632414,-0.12128451466560364,-0.5117378830909729,-0.05724373382557246,-0.036815792322158813,-0.2559352517127991,-0.020621814923771353,-0.05631387233734131,-0.3580114096403122,-0.034449375393279524,-0.07087793946266174,-0.42182062566280365,-0.04664570760954234,-0.08600261807441711,-0.4734971225261688,-0.05587146353948924,0.01116374135017395,-0.2355918288230896,-0.03279550296295497,-0.005392998456954956,-0.31547996401786804,-0.04466812235344264,-0.020149797201156616,-0.36255548894405365,-0.04821014327038142,-0.03653249144554138,-0.39892642199993134,-0.05098610666621539
B,0.0,0.0,0.0,-0.07005953788757324,-0.045991718769073486,-0.026084136663030222,-0.11872467398643494,-0.11847364902496338,-0.041375229580353334,-0.10390585660934448,-0.20181679725646973,-0.055999296231220796,-0.053098976612091064,-0.23508718609809875,-0.07037634260768755,-0.11724281311035156,-0.24246269464492798,-0.010432186981688574,-0.13356012105941772,-0.3407737910747528,-0.029472871197413042,-0.13953596353530884,-0.40331441164016724,-0.04974770776743753,-0.142113596200943,-0.4598359167575836,-0.06625742323512895,-0.07597571611404419,-0.2606703042984009,-0.015032131670068338,-0.09425482153892517,-0.37252986431121826,-0.029457264093707636,-0.10572412610054016,-0.44673411548137665,-0.04617403305883272,-0.11793050169944763,-0.5139027535915375,-0.05965713642353876,-0.03392717242240906,-0.25723251700401306,-0.024447078330467775,-0.053510189056396484,-0.3594861775636673,-0.039072534514616564,-0.06819295883178711,-0.4196896553039551,-0.050275972558210924,-0.0824148952960968,-0.46804171800613403,-0.058331130517672136,0.013100206851959229,-0.23702716827392578,-0.03763954199666841,-0.003171473741531372,-0.31614989042282104,-0.05018213622088297,-0.018198460340499878,-0.3627183735370636,-0.05388036973590715,-0.0332207977771759,-0.3973698914051056,-0.0565328546595083
B,0.0,0.0,0.0,-0.07017731666564941,-0.040773987770080566,-0.025559592349736704,-0.11897125840187073,-0.1106317937374115,-0.03996488760253669,-0.10441622138023376,-0.19228464365005493,-0.05351893539568664,-0.05843070149421692,-0.22990232706069946,-0.06647927249809982,-0.11721020936965942,-0.23773661255836487,-0.008700591801016344,-0.13262531161308289,-0.33772605657577515,-0.025680377437083735,-0.13708949089050293,-0.4000340700149536,-0.04434024478337051,-0.13859310746192932,-0.45536451041698456,-0.05933974619051696,-0.07632693648338318,-0.25590792298316956,-0.012263584239690317,-0.09351575374603271,-0.3703065663576126,-0.023736859960763468,-0.10350874066352844,-0.44426870346069336,-0.038333568079679026,-0.1127564013004303,-0.508558452129364,-0.050298734857051386,-0.03477907180786133,-0.25290989875793457,-0.02054932090481998,-0.053697437047958374,-0.35521411895751953,-0.03151443163892509,-0.06746375560760498,-0.4150746762752533,-0.03988087485572578,-0.07913678884506226,-0.46182090044021606,-0.04648726741811515,0.011327505111694336,-0.23230203986167908,-0.032703607632129206,-0.004220128059387207,-0.31078121066093445,-0.04152323241373779,-0.01734068989753723,-0.3566897511482239,-0.04240782867213966,-0.02913343906402588,-0.39093631505966187,-0.0433249541654277
B,0.0,0.0,0.0,-0.07114395499229431,-0.043311357498168945,-0.02648127458763838,-0.11841359734535217,-0.11779618263244629,-0.040789943260676864,-0.10251036286354065,-0.20115548372268677,-0.05378847203922987,-0.05718711018562317,-0.23419448733329773,-0.06611500687671423,-0.11990192532539368,-0.23970577120780945,-0.008870163073368076,-0.13431605696678162,-0.33853262662887573,-0.025330970136053566,-0.13727572560310364,-0.4017923027276993,-0.04438385747147322,-0.13800761103630066,-0.45869165658950806,-0.05996133021784544,-0.07840725779533386,-0.2566359043121338,-0.011705510390527252,-0.09524360299110413,-0.36805853247642517,-0.022044425902493003,-0.10355022549629211,-0.4411945194005966,-0.03645823158097983,-0.11139407753944397,-0.5073834657669067,-0.0486987494654727,-0.03652319312095642,-0.2526473104953766,-0.01920438378823519,-0.05388009548187256,-0.35110265016555786,-0.02890209860873938,-0.06641432642936707,-0.4129212349653244,-0.03655068211031676,-0.07643666863441467,-0.4632933884859085,-0.043056644571549896,0.01074916124343872,-0.2318248450756073,-0.030750839111931327,-0.004707992076873779,-0.30804571509361267,-0.03800641007495642,-0.01739102602005005,-0.3544773459434509,-0.037744890970714096,-0.028415650129318237,-0.3901873528957367,-0.03815772019100905
B,0.0,0.0,0.0,-0.0676114559173584,-0.04847198724746704,-0.025929199179870466,-0.11045172810554504,-0.12286126613616943,-0.04170748183713613,-0.08829677104949951,-0.20149901509284973,-0.05638881365047155,-0.04273355007171631,-0.23487040400505066,-0.07095568964467702,-0.11160561442375183,-0.24711954593658447,-0.012527882701022008,-0.12520235776901245,-0.34659817814826965,-0.031563520079714635,-0.12858039140701294,-0.409787192940712,-0.0525369305370873,-0.1293354034423828,-0.46651193499565125,-0.06924562493549047,-0.071372389793396,-0.2623555660247803,-0.016563642418248037,-0.08788269758224487,-0.3739856779575348,-0.028842588534814695,-0.09619691967964172,-0.4459139257669449,-0.04502651432738958,-0.10334122180938721,-0.5098389685153961,-0.0583587657867497,-0.029981285333633423,-0.2559829354286194,-0.024995065873724798,-0.04709494113922119,-0.35795530676841736,-0.036062005555493215,-0.0581643283367157,-0.4243401139974594,-0.04527648130641637,-0.06735455989837646,-0.47869282960891724,-0.05299118871079145,0.016695499420166016,-0.23191478848457336,-0.03727235237346349,0.003604710102081299,-0.3099839985370636,-0.0464995425401753,-0.0073356032371521,-0.3582943081855774,-0.04735359141812978,-0.017528772354125977,-0.3954455107450485,-0.04832851479039846
B,0.0,0.0,0.0,-0.06243687868118286,-0.048241496086120605,-0.028404193847563874,-0.10171341896057129,-0.12266981601715088,-0.04551438699581922,-0.07911339402198792,-0.1970495879650116,-0.06106431867101492,-0.03530079126358032,-0.23530173301696777,-0.0757638895056516,-0.09898823499679565,-0.2547961175441742,-0.01694425094046892,-0.10892075300216675,-0.35672664642333984,-0.03735548715212644,-0.11008879542350769,-0.42073726654052734,-0.058537562294986856,-0.10891065001487732,-0.47687774896621704,-0.07506425018527807,-0.05753394961357117,-0.27010488510131836,-0.019917135044124734,-0.07126238942146301,-0.38616424798965454,-0.03309231336334051,-0.07830256223678589,-0.45909184217453003,-0.04941550727107824,-0.0855320394039154,-0.5239741504192352,-0.06290527518012823,-0.0164717435836792,-0.2627023756504059,-0.027298384263303888,-0.02838265895843506,-0.3657968044281006,-0.03832152943232359,-0.03904619812965393,-0.42885643243789673,-0.04686062495329679,-0.04828718304634094,-0.4797242134809494,-0.0544343003175527,0.030492722988128662,-0.2372533082962036,-0.03887570734241308,0.02187246084213257,-0.3134042024612427,-0.047436700119760644,0.010959625244140625,-0.36221763491630554,-0.04843318174698652,-0.0008098483085632324,-0.4021557569503784,-0.049754288896110666
B,0.0,0.0,0.0,-0.06248411536216736,-0.047226548194885254,-0.029491763764667667,-0.10219711065292358,-0.12349164485931396,-0.0473125020206453,-0.07853072881698608,-0.20325344800949097,-0.0634083228350164,-0.030306458473205566,-0.23678544163703918,-0.07859478911166207,-0.0964692234992981,-0.25487372279167175,-0.020577313581156886,-0.10681045055389404,-0.3592541813850403,-0.04170158898239151,-0.10713458061218262,-0.4241136312484741,-0.06327402611975685,-0.10563528537750244,-0.48277413845062256,-0.08049771955018059,-0.056400030851364136,-0.2709745764732361,-0.02332512123291508,-0.07130652666091919,-0.38780155777931213,-0.03798202072982804,-0.07803952693939209,-0.46227987110614777,-0.05450898429160134,-0.08471110463142395,-0.529895007610321,-0.0680818857789518,-0.016292989253997803,-0.26336780190467834,-0.030300805547881282,-0.02952486276626587,-0.36727777123451233,-0.04262841140632645,-0.04020074009895325,-0.4315207302570343,-0.052022315764475024,-0.05009761452674866,-0.48406870663166046,-0.060070164704370654,0.030624330043792725,-0.2370947301387787,-0.041530445420789874,0.022752344608306885,-0.3167151212692261,-0.05102575218086258,0.01277625560760498,-0.3652161955833435,-0.053021524304199374,0.0013461112976074219,-0.40355005860328674,-0.05509298315053002
B,0.0,0.0,0.0,-0.0628514289855957,-0.052092790603637695,-0.028544884558698413,-0.10018989443778992,-0.12903642654418945,-0.04687799365439105,-0.07731130719184875,-0.20859110355377197,-0.06365636588253665,-0.03054565191268921,-0.2407468855381012,-0.07959315032877612,-0.09531345963478088,-0.2602270841598511,-0.02091435753919768,-0.10532167553901672,-0.3678634464740753,-0.043304583441397426,-0.10436153411865234,-0.43444105982780457,-0.06586673707880664,-0.1010231077671051,-0.49383673071861267,-0.08337589950480151,-0.054928362369537354,-0.27524426579475403,-0.024198692675611255,-0.06822198629379272,-0.396317720413208,-0.03977277354516673,-0.07363519072532654,-0.4727925509214401,-0.05745006949820208,-0.07961517572402954,-0.5414231419563293,-0.07177650035538363,-0.014765620231628418,-0.2667466700077057,-0.03148530275740313,-0.026036441326141357,-0.37196558713912964,-0.044194875668665645,-0.035890042781829834,-0.437301367521286,-0.05397628472366023,-0.04464954137802124,-0.4891207367181778,-0.0622463695816009,0.03315085172653198,-0.23931095004081726,-0.04291164727129626,0.027269721031188965,-0.31970733404159546,-0.052082097541472194,0.018159806728363037,-0.3693036437034607,-0.05382987336435008,0.007108867168426514,-0.40804314613342285,-0.055704629432341335
B,0.0,0.0,0.0,-0.06128808856010437,-0.04771369695663452,-0.03210203015390789,-0.10184404253959656,-0.12472105026245117,-0.05177071356359875,-0.0802614688873291,-0.2073163390159607,-0.06907194891158497,-0.03195852041244507,-0.24199503660202026,-0.08498527893010532,-0.09402060508728027,-0.264556348323822,-0.02363117077533161,-0.10461294651031494,-0.37434929609298706,-0.045408532406725044,-0.10421967506408691,-0.44039231538772583,-0.06716494300547993,-0.10152706503868103,-0.49945463240146637,-0.08412651755992329,-0.05378928780555725,-0.28017520904541016,-0.024859985719956512,-0.06741899251937866,-0.4022297263145447,-0.03952184730354702,-0.0725821852684021,-0.4781402349472046,-0.05549430512968456,-0.07749399542808533,-0.5454709529876709,-0.06846083738986408,-0.013940632343292236,-0.2713177502155304,-0.030460367362536545,-0.02575618028640747,-0.37822771072387695,-0.04247044810239231,-0.03396952152252197,-0.44358718395233154,-0.05104032569710171,-0.04108226299285889,-0.4958772361278534,-0.0584573265272752,0.0333828330039978,-0.2431873083114624,-0.04053481334034359,0.02744758129119873,-0.32331085205078125,-0.04913534634891903,0.01950395107269287,-0.37136662006378174,-0.05006561839167034,0.009877681732177734,-0.4086724519729614,-0.051228404428400154
B,0.0,0.0,0.0,-0.05955696105957031,-0.04767775535583496,-0.03239367762347456,-0.10124415159225464,-0.12505567073822021,-0.05243789264699217,-0.08216014504432678,-0.20501792430877686,-0.06995865935226675,-0.034118831157684326,-0.24231725931167603,-0.08614687854191061,-0.09584757685661316,-0.2652623653411865,-0.02551317261298891,-0.10508665442466736,-0.37454065680503845,-0.047711408229076824,-0.10453817248344421,-0.4405687153339386,-0.06910301977535482,-0.10128000378608704,-0.5000487267971039,-0.08564729476114508,-0.0556255578994751,-0.28004997968673706,-0.026850682215297184,-0.06826004385948181,-0.4026818871498108,-0.041553734333717784,-0.0733359158039093,-0.48053663969039917,-0.057223761917555294,-0.07753974199295044,-0.5476664304733276,-0.07017538184067007,-0.015028774738311768,-0.27015289664268494,-0.03264820063253637,-0.02620089054107666,-0.37803149223327637,-0.04522793227573629,-0.034004926681518555,-0.4435815215110779,-0.05520506063243147,-0.042091816663742065,-0.4958292543888092,-0.06376044684787985,0.03039705753326416,-0.24079206585884094,-0.042742101938927135,0.024781107902526855,-0.319833368062973,-0.053050892890894374,0.016751110553741455,-0.36699652671813965,-0.055771871001923046,0.0076100826263427734,-0.4031766653060913,-0.05823621013900038
B,0.0,0.0,0.0,-0.05944967269897461,-0.05139362812042236,-0.026577901047801333,-0.09853580594062805,-0.12624192237854004,-0.04454609560701783,-0.08027929067611694,-0.20592141151428223,-0.06145381363961633,-0.03460231423377991,-0.24105918407440186,-0.07726727607581552,-0.09184563159942627,-0.26935261487960815,-0.01848300169143613,-0.0995762050151825,-0.37687546014785767,-0.039907755282854396,-0.0981038510799408,-0.44044071435928345,-0.06171760889623101,-0.09553450345993042,-0.49885594844818115,-0.07886830898854669,-0.05212050676345825,-0.28337424993515015,-0.022956648794149714,-0.06342828273773193,-0.40431827306747437,-0.037638826248382884,-0.06729474663734436,-0.4790496230125427,-0.05344773637983735,-0.07164067029953003,-0.5464885830879211,-0.0664006489786857,-0.011873185634613037,-0.27323251962661743,-0.03154377820823129,-0.02292466163635254,-0.37920239567756653,-0.043826164630388575,-0.03088793158531189,-0.44255155324935913,-0.0514797139439338,-0.03831791877746582,-0.4945859909057617,-0.058256549713348704,0.035812199115753174,-0.243788480758667,-0.04420016514990266,0.02994096279144287,-0.32484176754951477,-0.05297951954338487,0.02187114953994751,-0.3739003837108612,-0.05332154589626725,0.01202613115310669,-0.4139344096183777,-0.054096469608282405
B,0.0,0.0,0.0,-0.059040606021881104,-0.049432218074798584,-0.02604568228031212,-0.09853404760360718,-0.12747812271118164,-0.04268442317749077,-0.07769966125488281,-0.20942682027816772,-0.058420753478060305,-0.030499130487442017,-0.24098670482635498,-0.07328635677600914,-0.08947458863258362,-0.26917195320129395,-0.01748896427358204,-0.09940880537033081,-0.3813713490962982,-0.037525488435278476,-0.09793511033058167,-0.44742101430892944,-0.057950346170912326,-0.09345072507858276,-0.5060454607009888,-0.07400340065265709,-0.04925644397735596,-0.2830854654312134,-0.021708570792327464,-0.06242835521697998,-0.40703248977661133,-0.03525056540871674,-0.06599077582359314,-0.483617901802063,-0.05078646019006783,-0.06806471943855286,-0.5505742132663727,-0.06344052627588326,-0.008204340934753418,-0.2738158106803894,-0.029935663937578738,-0.020297110080718994,-0.38036996126174927,-0.0408944770684343,-0.027513176202774048,-0.44701865315437317,-0.04961971789504105,-0.033650100231170654,-0.5019971132278442,-0.05741787552739197,0.03971987962722778,-0.24530160427093506,-0.04219797849560791,0.032672226428985596,-0.32665637135505676,-0.05032532513047272,0.02422630786895752,-0.37664467096328735,-0.05148501917625481,0.014725923538208008,-0.4179583489894867,-0.05307433232570702
B,0.0,0.0,0.0,-0.05922931432723999,-0.04635143280029297,-0.027756615177111144,-0.10167369246482849,-0.12323462963104248,-0.045829797730164046,-0.0829121470451355,-0.2051786184310913,-0.06258852277727556,-0.03363984823226929,-0.24022603034973145,-0.07845093552799653,-0.08845946192741394,-0.26801377534866333,-0.022544423684792037,-0.09931755065917969,-0.3818201422691345,-0.04420300816030931,-0.09871602058410645,-0.44892948865890503,-0.06520223860474061,-0.09515640139579773,-0.5086625218391418,-0.0817125314924283,-0.048074036836624146,-0.28187060356140137,-0.026457477927522177,-0.06170162558555603,-0.4088810682296753,-0.041296775088028426,-0.06589341163635254,-0.4856048822402954,-0.05679285769195985,-0.0685749351978302,-0.5525692999362946,-0.06940822546215486,-0.007171511650085449,-0.2716272473335266,-0.0343431854698224,-0.01980644464492798,-0.3846092224121094,-0.04658698906035852,-0.02727752923965454,-0.45368558168411255,-0.05560248215527963,-0.03339371085166931,-0.5101606547832489,-0.06366236750812959,0.040624022483825684,-0.2409822940826416,-0.046260027781443114,0.03384882211685181,-0.32586804032325745,-0.056103254303650374,0.02474069595336914,-0.37782880663871765,-0.05828306694360208,0.014210164546966553,-0.4209628105163574,-0.06054391209812593
B,0.0,0.0,0.0,-0.060521095991134644,-0.04809391498565674,-0.02682593655367782,-0.10320854187011719,-0.13119924068450928,-0.04359737415393283,-0.08762267231941223,-0.21752673387527466,-0.059479445261558794,-0.03726270794868469,-0.23749041557312012,-0.07509419698794773,-0.08971002697944641,-0.27587997913360596,-0.019450837788781428,-0.10266506671905518,-0.38652732968330383,-0.040130306077799105,-0.1046634316444397,-0.4524562954902649,-0.06128018353660991,-0.10344129800796509,-0.5120889544487,-0.07829992849906375,-0.04999363422393799,-0.2894287705421448,-0.024406466675600313,-0.06490054726600647,-0.41394102573394775,-0.03886373345335414,-0.07174858450889587,-0.49254900217056274,-0.0542369448073714,-0.07732659578323364,-0.5626669526100159,-0.06675373394568851,-0.008294224739074707,-0.2787320613861084,-0.033401906532844805,-0.022858142852783203,-0.39239126443862915,-0.046321816784939074,-0.03130581974983215,-0.4603350758552551,-0.0558684207924216,-0.039528101682662964,-0.5168334245681763,-0.06372025240739276,0.03991419076919556,-0.24768918752670288,-0.046418670607408785,0.03059464693069458,-0.33570146560668945,-0.056999694598516726,0.02089172601699829,-0.3893328011035919,-0.05961344395359447,0.0105133056640625,-0.4341317415237427,-0.06196283180793216
B,0.0,0.0,0.0,-0.06490346789360046,-0.048771023750305176,-0.0273461726081905,-0.10962480306625366,-0.13148599863052368,-0.043588194302969896,-0.09766602516174316,-0.21930021047592163,-0.05871737679069611,-0.04839983582496643,-0.243694007396698,-0.07290882920449349,-0.09851238131523132,-0.26927077770233154,-0.01564198104267689,-0.11003509163856506,-0.37965506315231323,-0.034323907695466005,-0.11114150285720825,-0.44520002603530884,-0.05394974281614395,-0.10911098122596741,-0.5033450126647949,-0.06998630916302773,-0.057749927043914795,-0.28559547662734985,-0.019586169399076425,-0.07161739468574524,-0.41085731983184814,-0.032060130737477266,-0.07719016075134277,-0.48830777406692505,-0.04645604198401543,-0.08137482404708862,-0.5554735064506531,-0.05859965389197441,-0.01581612229347229,-0.27694785594940186,-0.027978261239582025,-0.028125524520874023,-0.3943249583244324,-0.039849094353371584,-0.034617066383361816,-0.46383532881736755,-0.049701209418230974,-0.041313886642456055,-0.5214038193225861,-0.05815909361069771,0.03028815984725952,-0.2471311092376709,-0.040286264620476686,0.021526634693145752,-0.3328821063041687,-0.05067104031866165,0.013030588626861572,-0.38593727350234985,-0.053794726036244356,0.004272818565368652,-0.42974159121513367,-0.05671694805448624
B,0.0,0.0,0.0,-0.06708264350891113,-0.05341595411300659,-0.02532576295891431,-0.11129853129386902,-0.13930773735046387,-0.039683303715378315,-0.09750804305076599,-0.22358274459838867,-0.05389004099527028,-0.05199429392814636,-0.24274617433547974,-0.06795073199430135,-0.09651702642440796,-0.27365028858184814,-0.008712953807503254,-0.10758832097053528,-0.38211745023727417,-0.026392408566266568,-0.10898485779762268,-0.44807684421539307,-0.0465795797423425,-0.10665208101272583,-0.507593035697937,-0.06359350580135015,-0.056412070989608765,-0.2864585518836975,-0.014312015765995056,-0.07035890221595764,-0.40858685970306396,-0.027202560485989125,-0.07596057653427124,-0.4874015152454376,-0.044589652599484,-0.0791420042514801,-0.555645078420639,-0.059035810561567814,-0.015040814876556396,-0.27612435817718506,-0.024608270184785397,-0.028185278177261353,-0.3890734314918518,-0.037601324649244816,-0.036333173513412476,-0.4589838981628418,-0.05075027319946912,-0.04422035813331604,-0.5173902213573456,-0.061224254699141056,0.030178427696228027,-0.24539798498153687,-0.03863622892060903,0.020907819271087646,-0.3308517038822174,-0.05046416345396665,0.012097001075744629,-0.3844778537750244,-0.055576763035446675,0.0038094818592071533,-0.42983072996139526,-0.059942806990534336
B,0.0,0.0,0.0,-0.06830704212188721,-0.05591094493865967,-0.026053837266829305,-0.11259475350379944,-0.14892464876174927,-0.038582124513652616,-0.09851491451263428,-0.24069923162460327,-0.05049452255394726,-0.04701262712478638,-0.2548186779022217,-0.061690863919523053,-0.09316298365592957,-0.28008878231048584,-0.0036849735761848024,-0.1005847156047821,-0.3865630030632019,-0.017922182333734327,-0.09990137815475464,-0.45174890756607056,-0.03658508206632405,-0.09630322456359863,-0.5113225877285004,-0.053204332244661146,-0.053173601627349854,-0.291631281375885,-0.0077678679945734075,-0.06429889798164368,-0.41169536113739014,-0.017534947720434957,-0.06772607564926147,-0.4901342988014221,-0.03341612662103444,-0.07044172286987305,-0.5597924590110779,-0.04713977198031216,-0.013089478015899658,-0.27855348587036133,-0.016808875602748685,-0.02272164821624756,-0.38970261812210083,-0.02794830943372517,-0.029922068119049072,-0.4602057635784149,-0.04042926872995167,-0.03719988465309143,-0.5196305811405182,-0.050583381903436475,0.03215593099594116,-0.24525713920593262,-0.02977449889209538,0.024749696254730225,-0.330461323261261,-0.040204156887796216,0.01738584041595459,-0.385187029838562,-0.04503643955018788,0.009909868240356445,-0.43196481466293335,-0.04948645527389317
B,0.0,0.0,0.0,-0.06629043817520142,-0.05262964963912964,-0.023904183324759742,-0.11075440049171448,-0.14629054069519043,-0.03549342733282401,-0.09517472982406616,-0.23697924613952637,-0.04703723770040824,-0.039669930934906006,-0.2558826208114624,-0.058084902730172416,-0.08877727389335632,-0.2744656205177307,-0.004363995887672445,-0.09538102149963379,-0.3797949552536011,-0.019327463027423164,-0.09459978342056274,-0.4439452290534973,-0.03739652540940597,-0.0903918445110321,-0.5017288029193878,-0.05343501400608375,-0.049826741218566895,-0.285871297121048,-0.009818284217601558,-0.05960649251937866,-0.40707463026046753,-0.02056348640877559,-0.06295949220657349,-0.4855647385120392,-0.03613347690958335,-0.06518417596817017,-0.554906964302063,-0.04954446982998206,-0.010792464017868042,-0.2733927369117737,-0.02003831174630477,-0.019967198371887207,-0.38529306650161743,-0.03210913893241241,-0.026964783668518066,-0.45638126134872437,-0.044879802879279396,-0.03405067324638367,-0.5165704190731049,-0.05534885209459617,0.033277541399002075,-0.2411186695098877,-0.033937850412314674,0.026859015226364136,-0.3260360360145569,-0.0453484518494065,0.01963779330253601,-0.381428062915802,-0.051018321331923744,0.012087017297744751,-0.42912358045578003,-0.05629344042796447
B,0.0,0.0,0.0,-0.06653890013694763,-0.050740838050842285,-0.025368052415046805,-0.11073645949363708,-0.14371651411056519,-0.03607542148927223,-0.09771126508712769,-0.23585057258605957,-0.046527870811019056,-0.04534265398979187,-0.25689178705215454,-0.055819240278992766,-0.08713814616203308,-0.2756688594818115,0.003345306151118166,-0.09334462881088257,-0.3795539438724518,-0.008529421753678434,-0.09249448776245117,-0.4423474073410034,-0.02619237906435501,-0.0886518657207489,-0.4990619719028473,-0.04216238937476646,-0.0494610071182251,-0.2865687608718872,-0.00030912705949504016,-0.05852407217025757,-0.40627944469451904,-0.007460534452889078,-0.060648560523986816,-0.4830489158630371,-0.022879238120708578,-0.061780452728271484,-0.5506111085414886,-0.03661223954657089,-0.012353867292404175,-0.27408021688461304,-0.009301097012553328,-0.018890827894210815,-0.3829492926597595,-0.017506933651361578,-0.023492783308029175,-0.45298829674720764,-0.02960821136036884,-0.028004348278045654,-0.511153519153595,-0.04039968258837234,0.03043466806411743,-0.24173188209533691,-0.02242244302431118,0.025681495666503906,-0.3230433762073517,-0.02977741404572498,0.02003142237663269,-0.3750125467777252,-0.03369364968637001,0.013975679874420166,-0.4198760688304901,-0.03834545320967209
B,0.0,0.0,0.0,-0.06607228517532349,-0.050780534744262695,-0.024070444209428388,-0.11051434278488159,-0.14259564876556396,-0.03375541481182154,-0.09803888201713562,-0.23334306478500366,-0.04362692373797472,-0.04612252116203308,-0.257118284702301,-0.05260891157195147,-0.0864141583442688,-0.2705041766166687,0.0050542446133476915,-0.09276509284973145,-0.37670189142227173,-0.006946278894247371,-0.0929519534111023,-0.440479576587677,-0.02421580503687437,-0.0897502601146698,-0.4974684715270996,-0.039832149324865895,-0.04811781644821167,-0.28297317028045654,0.0003779128182941349,-0.056878864765167236,-0.4061814248561859,-0.007311172475965577,-0.06008803844451904,-0.4836019277572632,-0.022787579027863103,-0.0618462860584259,-0.5493104159832001,-0.03619469019577082,-0.011370271444320679,-0.2705511450767517,-0.009701979039164144,-0.01981547474861145,-0.3848254680633545,-0.019199239713998395,-0.02515500783920288,-0.4565400779247284,-0.031769887236805516,-0.029847025871276855,-0.5154713988304138,-0.042624969659300405,0.030302762985229492,-0.23706942796707153,-0.023649991182537633,0.024983227252960205,-0.3208625316619873,-0.0327406718115526,0.01988774538040161,-0.3735012412071228,-0.03722100022241648,0.014897525310516357,-0.4184473156929016,-0.04205820771858271
B,0.0,0.0,0.0,-0.06495967507362366,-0.055507779121398926,-0.022294994654203037,-0.10604691505432129,-0.14303821325302124,-0.031698726328158955,-0.0973024070262909,-0.23010408878326416,-0.04193089550926743,-0.0481589138507843,-0.2565220594406128,-0.051012404473567585,-0.07987424731254578,-0.26971787214279175,0.011138161433791538,-0.08462777733802795,-0.37552520632743835,-0.0004106095361748885,-0.08336439728736877,-0.43867385387420654,-0.018301831768894772,-0.07866296172142029,-0.49503546953201294,-0.03391167915060578,-0.04334735870361328,-0.2806510329246521,0.006147214932298084,-0.04951539635658264,-0.4049902558326721,0.0003480882955955167,-0.05054277181625366,-0.48311007022857666,-0.014467962296748738,-0.051015496253967285,-0.5501576960086823,-0.02780518329336701,-0.008932709693908691,-0.2684999108314514,-0.004610101437265257,-0.01283368468284607,-0.381014883518219,-0.010578857945347409,-0.015169680118560791,-0.45223522186279297,-0.021056914912605862,-0.017035186290740967,-0.5097542703151703,-0.031237717928433995,0.031463295221328735,-0.2366538643836975,-0.01958061962022839,0.02828127145767212,-0.31877920031547546,-0.024044582830811123,0.02466443181037903,-0.37160640954971313,-0.026155140461469273,0.020264029502868652,-0.41712498664855957,-0.03016246690049229
B,0.0,0.0,0.0,-0.06750708818435669,-0.05849575996398926,-0.027305933360707968,-0.10531175136566162,-0.14596670866012573,-0.03832929645921013,-0.09936875104904175,-0.23636555671691895,-0.050291523982537,-0.050690263509750366,-0.2688940167427063,-0.06045858253980896,-0.07565894722938538,-0.26862794160842896,0.023074626277434618,-0.0805254578590393,-0.3729763627052307,0.01565417582844475,-0.07994386553764343,-0.43583500385284424,-0.001578277738531142,-0.07522857189178467,-0.4909469485282898,-0.016903520275604933,-0.04066711664199829,-0.277942419052124,0.0217387949184058,-0.045964181423187256,-0.40129223465919495,0.02177575724874714,-0.04596981406211853,-0.4776650071144104,0.00765737686981538,-0.0451241135597229,-0.5459977984428406,-0.005717723344218939,-0.008336424827575684,-0.2662479877471924,0.013203644479858667,-0.010690420866012573,-0.37697601318359375,0.01358279241924265,-0.012137383222579956,-0.44936656951904297,0.004431828211295397,-0.01236000657081604,-0.506494790315628,-0.005844232805770844,0.03188169002532959,-0.23538053035736084,-0.0006141066600093836,0.02961796522140503,-0.31638389825820923,0.0014295079114390319,0.026264876127243042,-0.3701038062572479,0.001290577167878837,0.022482633590698242,-0.41551920771598816,-0.0022301561597259933
B,0.0,0.0,0.0,-0.0671704113483429,-0.05524188280105591,-0.02875601198007871,-0.10357499122619629,-0.14670425653457642,-0.04154741275539209,-0.10095036029815674,-0.23736965656280518,-0.05490515265097429,-0.05220940709114075,-0.27185043692588806,-0.06646919879545976,-0.07359769940376282,-0.26729804277420044,0.014854068165220724,-0.0767914354801178,-0.37267178297042847,0.0018572518560517892,-0.0754905641078949,-0.4366729259490967,-0.018346774163148893,-0.0700109601020813,-0.4930903911590576,-0.034762008818290724,-0.03949210047721863,-0.2774049639701843,0.013904163842596517,-0.04228442907333374,-0.4020358920097351,0.010104691838421331,-0.042202264070510864,-0.48045459389686584,-0.004224770008079304,-0.042097240686416626,-0.5494347512722015,-0.017213751333258642,-0.008012741804122925,-0.26649510860443115,0.005897122663952814,-0.007996678352355957,-0.3778917193412781,0.0046483676373441085,-0.007868826389312744,-0.4507480263710022,-0.00335878855963756,-0.007354825735092163,-0.5071848034858704,-0.012457676934502615,0.02960813045501709,-0.2363337278366089,-0.007537639936856522,0.029739797115325928,-0.3168177604675293,-0.005661250794730677,0.027193814516067505,-0.371128648519516,-0.005168332489631666,0.02346023917198181,-0.41546207666397095,-0.007964341672561659
B,0.0,0.0,0.0,-0.06799769401550293,-0.055191993713378906,-0.030117942845720336,-0.10604330897331238,-0.1468014121055603,-0.04318391986777215,-0.10138225555419922,-0.23637551069259644,-0.056779553076523825,-0.05036783218383789,-0.2652897834777832,-0.06861627184440522,-0.0732673704624176,-0.2670575976371765,0.016132290580969766,-0.07533293962478638,-0.3691455125808716,0.005164592167091087,-0.07434400916099548,-0.4310891032218933,-0.01339870587577252,-0.06912270188331604,-0.48554012179374695,-0.029018699085611388,-0.03831532597541809,-0.27686405181884766,0.015287757957082704,-0.04044002294540405,-0.40040042996406555,0.012186802098256067,-0.04062718152999878,-0.47843092679977417,-0.0019521346653732508,-0.03970333933830261,-0.5476032197475433,-0.014810721284050032,-0.006265580654144287,-0.26558202505111694,0.007092416392367795,-0.005658090114593506,-0.37775474786758423,0.005389966642212585,-0.006017059087753296,-0.4509199261665344,-0.004085340431231543,-0.005645751953125,-0.5078302919864655,-0.014068466505307242,0.030704408884048462,-0.2356051206588745,-0.0065499105363073795,0.029912471771240234,-0.3160760998725891,-0.005387614375251815,0.02671867609024048,-0.3714196979999542,-0.0059331901243808716,0.02310478687286377,-0.4174066483974457,-0.00955321629186301
B,0.0,0.0,0.0,-0.0637863278388977,-0.05050116777420044,-0.03252725870544282,-0.10300099849700928,-0.1402072310447693,-0.04811955438191262,-0.10123547911643982,-0.23142439126968384,-0.0635290500634369,-0.05081832408905029,-0.2641974091529846,-0.07700743348533479,-0.07342574000358582,-0.2640981674194336,0.008281929332667914,-0.07529705762863159,-0.3663102090358734,-0.004509469580000314,-0.07525831460952759,-0.4287662208080292,-0.02317087919647065,-0.07078975439071655,-0.4828539490699768,-0.03884666235381928,-0.03901126980781555,-0.27498191595077515,0.007618138946497766,-0.041910380125045776,-0.39856356382369995,0.0027576993758771096,-0.04222288727760315,-0.4758111238479614,-0.010965933177715215,-0.04155629873275757,-0.5438816547393799,-0.02346477293605176,-0.0065583884716033936,-0.2638576626777649,-0.0002042269173330169,-0.00665709376335144,-0.3767731487751007,-0.004287290472632321,-0.0057479143142700195,-0.4501168727874756,-0.014081859115606221,-0.004684358835220337,-0.5078327059745789,-0.024201374586766633,0.030849307775497437,-0.2339702844619751,-0.013406002979820641,0.02941197156906128,-0.31559842824935913,-0.015493113633340272,0.02667069435119629,-0.37023234367370605,-0.017371459018534097,0.023124128580093384,-0.41507163643836975,-0.02171156191462842
B,0.0,0.0,0.0,-0.06421637535095215,-0.053320467472076416,-0.035914641875706366,-0.10333168506622314,-0.14312046766281128,-0.052068763483248404,-0.1023220419883728,-0.2351943850517273,-0.06750066306062763,-0.05171111226081848,-0.27096736431121826,-0.08080873366066044,-0.0740346610546112,-0.26602762937545776,0.009157402370192358,-0.07674422860145569,-0.37051719427108765,-0.0048884452096444875,-0.07553386688232422,-0.4347572922706604,-0.0253283465988261,-0.07008743286132812,-0.4911908209323883,-0.042205673713169745,-0.03924939036369324,-0.27617719769477844,0.010726489987291643,-0.0426957905292511,-0.400074303150177,0.00441371223337228,-0.04251033067703247,-0.47863417863845825,-0.011607579026303938,-0.0412939190864563,-0.5491747856140137,-0.025671874243698767,-0.006688147783279419,-0.26504480838775635,0.004662087116457769,-0.006921261548995972,-0.37702229619026184,-0.0006237158211206406,-0.006174862384796143,-0.4502987265586853,-0.011524573039196184,-0.004694610834121704,-0.5080297291278839,-0.021955230344019583,0.03160125017166138,-0.2351427674293518,-0.0071059191375297814,0.03004896640777588,-0.3169620931148529,-0.0091947839371187,0.027169138193130493,-0.3721882700920105,-0.011415197584710768,0.023272424936294556,-0.4181559085845947,-0.01587206597992008
B,0.0,0.0,0.0,-0.06346559524536133,-0.05333054065704346,-0.029193396455013954,-0.10408350825309753,-0.1455073356628418,-0.04150638054903766,-0.09827592968940735,-0.2370736002922058,-0.05399794947203418,-0.04594075679779053,-0.26633167266845703,-0.06467077951725742,-0.0693364143371582,-0.27148768305778503,0.011421286726033486,-0.07120218873023987,-0.3757263422012329,-0.00011867326298897751,-0.0704464316368103,-0.43881136178970337,-0.01833447325822135,-0.06600192189216614,-0.4943114221096039,-0.03404102917608043,-0.03452238440513611,-0.2807750403881073,0.009746111223137177,-0.037216395139694214,-0.40374237298965454,0.004993798436260022,-0.037294745445251465,-0.4812812805175781,-0.009219665786588394,-0.0363444983959198,-0.5479917824268341,-0.022083204945886337,-0.0020239949226379395,-0.2676585912704468,0.0012585335566086542,-0.0013945400714874268,-0.378736674785614,-0.0024120726234855283,-0.0006260275840759277,-0.4500740170478821,-0.011864984182977878,0.0006168484687805176,-0.5062149465084076,-0.02169319871660491,0.03595742583274841,-0.23577702045440674,-0.012432191295886241,0.034467220306396484,-0.31719154119491577,-0.014031684732401573,0.031666725873947144,-0.37088343501091003,-0.015561350396239959,0.028505444526672363,-0.4162728786468506,-0.019605249872768127
B,0.0,0.0,0.0,-0.06670409440994263,-0.051819443702697754,-0.03416527627337018,-0.10634645819664001,-0.14136230945587158,-0.048478404118895924,-0.10434973239898682,-0.234460711479187,-0.06199084414470235,-0.05492091178894043,-0.2667199969291687,-0.07333181990611592,-0.0750199556350708,-0.26572757959365845,0.01109907025170287,-0.07855132222175598,-0.37187498807907104,-0.0009037890711169894,-0.07708877325057983,-0.436554491519928,-0.020481286629319584,-0.07128003239631653,-0.4932756721973419,-0.037033652945638096,-0.03905951976776123,-0.27634501457214355,0.012895406164943779,-0.04265791177749634,-0.4003540873527527,0.009068522543429935,-0.04172065854072571,-0.47766339778900146,-0.006008078403056061,-0.04036268591880798,-0.5472473502159119,-0.01979479385840932,-0.0064698755741119385,-0.2658531665802002,0.007332082313268984,-0.007567763328552246,-0.37635505199432373,0.004690841247111166,-0.007694989442825317,-0.44889646768569946,-0.005514600373089706,-0.007092088460922241,-0.5060092210769653,-0.016095178260684406,0.03244578838348389,-0.23628491163253784,-0.003902194614738619,0.03100031614303589,-0.3164997398853302,-0.0037693495985422487,0.02791622281074524,-0.3698306083679199,-0.005199555366516506,0.024050205945968628,-0.4138453006744385,-0.009443697578490173
B,0.0,0.0,0.0,-0.0654880702495575,-0.05289274454116821,-0.034384102273577355,-0.10530862212181091,-0.14173823595046997,-0.048851155388945244,-0.09948533773422241,-0.23297667503356934,-0.06257293810307374,-0.04649576544761658,-0.26629751920700073,-0.07414188672959199,-0.07265976071357727,-0.2652042508125305,0.01078540301710973,-0.07658067345619202,-0.3721533417701721,-0.0008501004235199616,-0.07569581270217896,-0.43808117508888245,-0.019583151388758324,-0.07041528820991516,-0.49493682384490967,-0.035209190744751595,-0.037065863609313965,-0.2747745215892792,0.012688154641693927,-0.041031211614608765,-0.3997136354446411,0.009573974933630325,-0.04104623198509216,-0.477948397397995,-0.004587961539471053,-0.039680272340774536,-0.5466988682746887,-0.017445121604794167,-0.004382312297821045,-0.26347315311431885,0.007235768538123466,-0.004611968994140625,-0.37462109327316284,0.00558208842591057,-0.0040045976638793945,-0.4477689266204834,-0.0035586312337159143,-0.002151578664779663,-0.5046443939208984,-0.013218925047510766,0.03409677743911743,-0.23322880268096924,-0.004018669195318125,0.03268331289291382,-0.31374335289001465,-0.0031864998786090837,0.029727041721343994,-0.36694908142089844,-0.0037555437924652324,0.02636668086051941,-0.41052156686782837,-0.007129946436577939
B,0.0,0.0,0.0,-0.06675755977630615,-0.05391824245452881,-0.023866434913600187,-0.1117728054523468,-0.14276450872421265,-0.033462013449991446,-0.09645906090736389,-0.23321270942687988,-0.04320493280562232,-0.04563838243484497,-0.25053757429122925,-0.05173131018551658,-0.08112877607345581,-0.2677932381629944,0.006353380757843752,-0.08654379844665527,-0.37352240085601807,-0.006367571052635412,-0.08539703488349915,-0.436188280582428,-0.023534666147554617,-0.08034703135490417,-0.4912058115005493,-0.03817097037705253,-0.04376813769340515,-0.27810928225517273,0.0022650383352242898,-0.050290048122406006,-0.39997509121894836,-0.005705072410876255,-0.050512850284576416,-0.47750043869018555,-0.01928268499347041,-0.04780718684196472,-0.5418483912944794,-0.030330482271040182,-0.008385241031646729,-0.26489973068237305,-0.007519218471372824,-0.012905627489089966,-0.3769366145133972,-0.016354442906106215,-0.014355123043060303,-0.4463181495666504,-0.02607955537411044,-0.013946354389190674,-0.5021479427814484,-0.0340375931528456,0.03210461139678955,-0.23128455877304077,-0.02144916668208907,0.02833116054534912,-0.3141593635082245,-0.028444513079250555,0.0249326229095459,-0.3644685447216034,-0.030211027112329703,0.02242720127105713,-0.4058617055416107,-0.03250820874842475
B,0.0,0.0,0.0,-0.06613010168075562,-0.053675293922424316,-0.02203612952155254,-0.10822558403015137,-0.1443871259689331,-0.03002444459718845,-0.09147980809211731,-0.22773486375808716,-0.03852537265640876,-0.045044660568237305,-0.24372762441635132,-0.04635855919343612,-0.0824739933013916,-0.2643130421638489,0.004795599350359225,-0.0879034698009491,-0.36927539110183716,-0.007457823405388808,-0.08697175979614258,-0.43054312467575073,-0.023053277196709132,-0.08204537630081177,-0.4836444556713104,-0.0363260804734864,-0.043902695178985596,-0.2749987244606018,-6.72424722552023e-05,-0.050325214862823486,-0.3962627053260803,-0.007767404342416739,-0.051156044006347656,-0.4729839563369751,-0.021002810361210322,-0.0487249493598938,-0.5353372395038605,-0.031762864353481746,-0.006416201591491699,-0.26219993829727173,-0.010320427740339255,-0.013067394495010376,-0.37188833951950073,-0.01928763269108913,-0.014616012573242188,-0.4400876760482788,-0.03027442275208614,-0.015086352825164795,-0.49509820342063904,-0.03895192584616325,0.0336529016494751,-0.23030614852905273,-0.024371651845399356,0.028924286365509033,-0.3125743865966797,-0.03217428541404388,0.024498164653778076,-0.3635624945163727,-0.03505615881306312,0.021101057529449463,-0.4053446054458618,-0.03805344170552871
B,0.0,0.0,0.0,-0.061974406242370605,-0.054081737995147705,-0.022036576379775852,-0.10351413488388062,-0.1385796070098877,-0.0313876734271048,-0.08847591280937195,-0.21964573860168457,-0.04079999189519867,-0.04514595866203308,-0.24222594499588013,-0.049551123489379734,-0.08402818441390991,-0.26222145557403564,0.0008846222499983014,-0.08993098139762878,-0.3680737614631653,-0.012511951585054248,-0.08905678987503052,-0.4305163621902466,-0.028879744668245166,-0.08473902940750122,-0.48315370082855225,-0.04202802266621575,-0.044050753116607666,-0.272576242685318,-0.0033771609577684103,-0.05096566677093506,-0.39359283447265625,-0.011195789758801311,-0.05325588583946228,-0.46958887577056885,-0.024085944254636615,-0.05209401249885559,-0.5303345620632172,-0.03438560824537262,-0.005458235740661621,-0.2603048086166382,-0.012524625022649616,-0.014110177755355835,-0.3702183663845062,-0.0203966234966515,-0.017924249172210693,-0.4385923147201538,-0.02902115482532963,-0.01934841275215149,-0.49208346009254456,-0.03599200185084328,0.03524881601333618,-0.2284928560256958,-0.025430116538643688,0.029270291328430176,-0.3117530345916748,-0.031666440625429004,0.0231168270111084,-0.3617827892303467,-0.03187848042392716,0.018342316150665283,-0.4006917476654053,-0.03247836764597878
B,0.0,0.0,0.0,-0.064206063747406,-0.058130860328674316,-0.02322110603387273,-0.10741430521011353,-0.1453147530555725,-0.03409086423749841,-0.08738383650779724,-0.2291819453239441,-0.04483350994820512,-0.03686967492103577,-0.24793338775634766,-0.055002051171015864,-0.08828321099281311,-0.26589250564575195,-0.0018739488423875628,-0.0943080484867096,-0.3733132481575012,-0.016364539738844996,-0.094309002161026,-0.4366056025028229,-0.03399441274638093,-0.09134021401405334,-0.49110788106918335,-0.04874169337387002,-0.04671823978424072,-0.27724239230155945,-0.006544311761956578,-0.05456337332725525,-0.3985898196697235,-0.01613753917450822,-0.05763942003250122,-0.47709155082702637,-0.030855822142314082,-0.05887573957443237,-0.5414128601551056,-0.042748997684668666,-0.006177246570587158,-0.26486533880233765,-0.016025095012139445,-0.015838414430618286,-0.37761127948760986,-0.026025918077777987,-0.022079139947891235,-0.4479824900627136,-0.03703949111337579,-0.027693867683410645,-0.502934604883194,-0.04562417673702157,0.03725177049636841,-0.23211288452148438,-0.029142393495988017,0.030023515224456787,-0.3156683146953583,-0.03819738211865342,0.022112548351287842,-0.3676173686981201,-0.040889217283677226,0.014572441577911377,-0.40804946422576904,-0.043221196856450206
B,0.0,0.0,0.0,-0.06292724609375,-0.05648714303970337,-0.023106490868656238,-0.10472884774208069,-0.1411101222038269,-0.03400744465324124,-0.08254760503768921,-0.2234731912612915,-0.04459001836511334,-0.032212913036346436,-0.24897658824920654,-0.054705150100915034,-0.08651858568191528,-0.2661738991737366,-0.002839846211998065,-0.0931006371974945,-0.36942046880722046,-0.017472002330748637,-0.09308916330337524,-0.4312560558319092,-0.035492784950463374,-0.09058508276939392,-0.48591673374176025,-0.05078188297483166,-0.04484108090400696,-0.27867284417152405,-0.007246808290062745,-0.05275607109069824,-0.39878249168395996,-0.016369886371819575,-0.056860923767089844,-0.4748333990573883,-0.030984228152362903,-0.06042373180389404,-0.5392361879348755,-0.04356643897625645,-0.0045285820960998535,-0.2673986554145813,-0.01637246799799641,-0.013523370027542114,-0.37761008739471436,-0.02576674488517483,-0.02147585153579712,-0.4454578757286072,-0.035774342391221126,-0.029183804988861084,-0.4988926649093628,-0.044428448799578746,0.04024428129196167,-0.23621362447738647,-0.029196092534391482,0.034109413623809814,-0.31815415620803833,-0.03765724566909512,0.026044845581054688,-0.370707631111145,-0.040136277351109584,0.01733309030532837,-0.41328322887420654,-0.042925294164149363
B,0.0,0.0,0.0,-0.06251192092895508,-0.05801886320114136,-0.027300849370362812,-0.10273629426956177,-0.1417272686958313,-0.04123960416734462,-0.07779890298843384,-0.2236834168434143,-0.05424255114019161,-0.026343554258346558,-0.2476077675819397,-0.0667431576174522,-0.0915471613407135,-0.2630469799041748,-0.008173920027616077,-0.09802484512329102,-0.3662679195404053,-0.026048756949307972,-0.09688204526901245,-0.43065834045410156,-0.046508315764071995,-0.09320381283760071,-0.488935649394989,-0.0634491888803268,-0.04931294918060303,-0.27593183517456055,-0.011188839375677162,-0.05982288718223572,-0.39347678422927856,-0.023747557587626034,-0.06375756859779358,-0.4690016508102417,-0.04094129037082439,-0.0673045814037323,-0.5350759029388428,-0.055293381027581745,-0.007967591285705566,-0.2662860155105591,-0.019070712662937694,-0.018625855445861816,-0.37148356437683105,-0.03131093066156154,-0.02713775634765625,-0.43877965211868286,-0.04303855057776218,-0.0352989137172699,-0.49336758255958557,-0.05242732521116977,0.037714481353759766,-0.23729223012924194,-0.030984489060642773,0.030165791511535645,-0.319333553314209,-0.041264526359441334,0.021750807762145996,-0.3722308874130249,-0.04492614027083164,0.013037025928497314,-0.4146382510662079,-0.0483124664050365
B,0.0,0.0,0.0,-0.05979812145233154,-0.06264495849609375,-0.03284512704595954,-0.09292244911193848,-0.13671958446502686,-0.050857710301727366,-0.062094151973724365,-0.20636451244354248,-0.06704725196942718,-0.013061583042144775,-0.23818552494049072,-0.08184029033765228,-0.09082439541816711,-0.27243772149086,-0.008193947955817293,-0.09675651788711548,-0.36730366945266724,-0.02690687647447021,-0.09604811668395996,-0.42621955275535583,-0.04959749674782188,-0.09262880682945251,-0.4821360111236572,-0.0679053129850331,-0.05211254954338074,-0.284516304731369,-0.008642649859041285,-0.06267473101615906,-0.39270108938217163,-0.020643393158763956,-0.06807467341423035,-0.4653893709182739,-0.038600376456827235,-0.07253387570381165,-0.5322877168655396,-0.05357717221960456,-0.013644576072692871,-0.2727966904640198,-0.01501899456962974,-0.023513734340667725,-0.37431222200393677,-0.027097523793429446,-0.03224712610244751,-0.4351387023925781,-0.038930258363336634,-0.04106190800666809,-0.48666611313819885,-0.04822715243682296,0.029016077518463135,-0.2422897219657898,-0.02603949850782783,0.021546125411987305,-0.31777215003967285,-0.03596211841687591,0.012835681438446045,-0.3612026870250702,-0.03873662894949348,0.004724860191345215,-0.39765509963035583,-0.041083416551202845
B,0.0,0.0,0.0,-0.05770257115364075,-0.06014418601989746,-0.03640042279454292,-0.08691859245300293,-0.13981449604034424,-0.05382614616843284,-0.05058014392852783,-0.2124665379524231,-0.06858386878462852,0.0037695765495300293,-0.24196362495422363,-0.08137796108218254,-0.08976706862449646,-0.2716582417488098,-0.008236421612821232,-0.09723147749900818,-0.36797159910202026,-0.024872906846724163,-0.0981205403804779,-0.4272915720939636,-0.046531055463276516,-0.09679049253463745,-0.482827752828598,-0.06488118354769767,-0.051479458808898926,-0.28682926297187805,-0.005938989916614901,-0.06402882933616638,-0.3946422338485718,-0.016411127863250385,-0.07018625736236572,-0.4657004177570343,-0.034294937146626125,-0.07693600654602051,-0.5312311947345734,-0.049790382725916515,-0.012863337993621826,-0.2771097421646118,-0.009753584271095406,-0.023753821849822998,-0.37906986474990845,-0.021141842348299633,-0.03258484601974487,-0.43895572423934937,-0.03402814303132118,-0.04238566756248474,-0.48881399631500244,-0.04449378360601486,0.03158295154571533,-0.24819672107696533,-0.018519791183791767,0.025284528732299805,-0.323432981967926,-0.02870570343526424,0.015779078006744385,-0.36657029390335083,-0.03324362297149719,0.005147159099578857,-0.40178143978118896,-0.03724195469709457
B,0.0,0.0,0.0,-0.053743600845336914,-0.05937612056732178,-0.03251549278058974,-0.07645252346992493,-0.14341259002685547,-0.04625646446504561,-0.03082066774368286,-0.2135014533996582,-0.05779646386065451,0.023849189281463623,-0.235612690448761,-0.06815829177060095,-0.08649608492851257,-0.2657766342163086,-0.005302863220208565,-0.09428483247756958,-0.36324530839920044,-0.018814564241552034,-0.09598100185394287,-0.42243438959121704,-0.0379259106949803,-0.0963202714920044,-0.4769793152809143,-0.05480536495008437,-0.048497557640075684,-0.28063511848449707,-0.003918886209362427,-0.0614490807056427,-0.3891722559928894,-0.011827315694176832,-0.06836932897567749,-0.45942315459251404,-0.02865673464395968,-0.07632863521575928,-0.5230218470096588,-0.0437932801679608,-0.010619878768920898,-0.27043384313583374,-0.008088211087965647,-0.022356867790222168,-0.36858251690864563,-0.017178355275177637,-0.03182196617126465,-0.42755186557769775,-0.030424152059936205,-0.043037623167037964,-0.4766555428504944,-0.041670486821317354,0.032883644104003906,-0.24228954315185547,-0.01684086632587878,0.02733933925628662,-0.31859874725341797,-0.025625583274745622,0.018718302249908447,-0.35999029874801636,-0.03013107788422076,0.00862729549407959,-0.39338767528533936,-0.034540802730703035
B,0.0,0.0,0.0,-0.05387169122695923,-0.06039482355117798,-0.04319908292831087,-0.07127583026885986,-0.13913637399673462,-0.05734459878743792,-0.022648870944976807,-0.20700883865356445,-0.06663056658447886,0.02865767478942871,-0.23257172107696533,-0.07369899200142527,-0.08932051062583923,-0.2628689706325531,-0.0045198445195069326,-0.09705594182014465,-0.3600209653377533,-0.014445763173114301,-0.09816640615463257,-0.4177398085594177,-0.03247783528507853,-0.09860634803771973,-0.47064071893692017,-0.04895293163002634,-0.05107146501541138,-0.276830792427063,0.004036578723628281,-0.06524798274040222,-0.3836209177970886,-0.00043138658378438777,-0.07282811403274536,-0.4531559944152832,-0.01684248456598425,-0.08079984784126282,-0.5176929831504822,-0.03209733040870333,-0.012977421283721924,-0.2656089663505554,0.005524181669045447,-0.02622401714324951,-0.3622032701969147,-0.0025451738374044908,-0.037460267543792725,-0.4168860912322998,-0.01814827332140112,-0.0491144061088562,-0.46503746509552,-0.031073225753914357,0.03264617919921875,-0.2381548285484314,0.0015739167820925104,0.026810169219970703,-0.3157699704170227,-0.007632798607062341,0.01664942502975464,-0.351998895406723,-0.014333399104486944,0.004914581775665283,-0.3833925724029541,-0.020474720838080884
B,0.0,0.0,0.0,-0.047048211097717285,-0.053555071353912354,-0.05191107903004877,-0.06462627649307251,-0.13661986589431763,-0.06531326163889162,-0.02118438482284546,-0.20748335123062134,-0.07127237756134264,0.02441304922103882,-0.23066270351409912,-0.07431097764850847,-0.09233254194259644,-0.2554791271686554,-0.013103337663721959,-0.10398918390274048,-0.35161447525024414,-0.022195473949921052,-0.10879439115524292,-0.4094772934913635,-0.03775699127794496,-0.11351066827774048,-0.4616323411464691,-0.05157809023143045,-0.058253705501556396,-0.2717396914958954,0.0015930508416772682,-0.07453817129135132,-0.37553077936172485,-0.0007047902290082675,-0.08563590049743652,-0.4431333839893341,-0.013218109201204697,-0.09715881943702698,-0.5039187073707581,-0.024845384697925965,-0.02284073829650879,-0.2629866302013397,0.00866473309366711,-0.03764069080352783,-0.357970654964447,0.0018032424305260975,-0.04823923110961914,-0.404410183429718,-0.012697831432831208,-0.06120544672012329,-0.4467623829841614,-0.0240761848944544,0.016063213348388672,-0.2392616868019104,0.009573467370557864,0.00804227590560913,-0.3136652708053589,0.0007118266112797755,0.0010129213333129883,-0.33690962195396423,-0.005270220510226409,-0.006399571895599365,-0.3538241386413574,-0.00999040965319864
B,0.0,0.0,0.0,-0.044780731201171875,-0.0485309362411499,-0.04688833330988018,-0.058436036109924316,-0.12405896186828613,-0.06278983180641262,-0.016171634197235107,-0.19098323583602905,-0.07287800734161465,0.024766743183135986,-0.21351701021194458,-0.08070968513607113,-0.09044289588928223,-0.2483547031879425,-0.013387515705517217,-0.10058587789535522,-0.33949047327041626,-0.02504777585386364,-0.1059940755367279,-0.39316582679748535,-0.04252247934459774,-0.11142948269844055,-0.4426145553588867,-0.058038697142592355,-0.05944180488586426,-0.26655566692352295,-0.0033082026359352312,-0.07534012198448181,-0.36703574657440186,-0.011202318158439084,-0.08632931113243103,-0.4308069348335266,-0.02751282093345253,-0.09929543733596802,-0.49166062474250793,-0.041763164598933145,-0.025578796863555908,-0.26062437891960144,2.1675511334251496e-05,-0.040654778480529785,-0.3527498245239258,-0.010999600898912831,-0.05275958776473999,-0.400878369808197,-0.026040623460403367,-0.06654632091522217,-0.445196270942688,-0.03775320996760456,0.014292538166046143,-0.23821744322776794,-0.002153053677147909,0.0056615471839904785,-0.31144946813583374,-0.012068380166283532,-0.0006111860275268555,-0.33615562319755554,-0.017200459290734216,-0.006253838539123535,-0.35472753643989563,-0.02178544600724308
B,0.0,0.0,0.0,-0.04362374544143677,-0.0443272590637207,-0.050721579530147665,-0.059398114681243896,-0.12225764989852905,-0.06479479495516216,-0.019460856914520264,-0.1926182508468628,-0.07119632635345852,0.021403789520263672,-0.21681451797485352,-0.07462212566366588,-0.09337183833122253,-0.24279770255088806,-0.0179664430402795,-0.1059577465057373,-0.3390007019042969,-0.02895868320098316,-0.11180153489112854,-0.39570656418800354,-0.04432484630575573,-0.116527259349823,-0.44513005018234253,-0.05741470057597553,-0.06409633159637451,-0.2597326636314392,-0.0042218662061372925,-0.08167129755020142,-0.36260250210762024,-0.010948852003423326,-0.09390857815742493,-0.4283638596534729,-0.02436082001855766,-0.10567697882652283,-0.48752978444099426,-0.035487761088518255,-0.031927645206451416,-0.25517699122428894,0.0024145142446627688,-0.04915982484817505,-0.3490937352180481,-0.007335671056864612,-0.06137758493423462,-0.3999718427658081,-0.021642974876669996,-0.07425636053085327,-0.4483928680419922,-0.032287360467819326,0.005217432975769043,-0.23570245504379272,0.003269380358176477,-0.00641477108001709,-0.310213565826416,-0.006252862811891191,-0.01351863145828247,-0.338911771774292,-0.011961119548288934,-0.019066333770751953,-0.36213624477386475,-0.01647358138194477
B,0.0,0.0,0.0,-0.04151409864425659,-0.04807853698730469,-0.05148952554520747,-0.05731368064880371,-0.12978684902191162,-0.06562448393162867,-0.019469618797302246,-0.1989160180091858,-0.07222743432578227,0.02015209197998047,-0.2166258692741394,-0.07600411872920176,-0.0944029688835144,-0.24234044551849365,-0.016683322448102444,-0.10783994197845459,-0.3389267027378082,-0.026445140201417416,-0.11367005109786987,-0.3970014452934265,-0.041295775282947034,-0.11839774250984192,-0.44738703966140747,-0.05403643946704051,-0.06436407566070557,-0.2585732042789459,-0.0021503046860971153,-0.08391422033309937,-0.36248812079429626,-0.0074302196277358235,-0.09741580486297607,-0.4299013912677765,-0.021244027722445935,-0.11105597019195557,-0.49110275506973267,-0.03280947830137393,-0.031028032302856445,-0.2529516816139221,0.0052851195672474205,-0.049311280250549316,-0.34752339124679565,-0.002712105471459836,-0.062388837337493896,-0.4010274410247803,-0.01754090290125987,-0.07605737447738647,-0.44969433546066284,-0.028674493614403218,0.00671309232711792,-0.23386257886886597,0.00681856919470647,-0.005615890026092529,-0.30791687965393066,-0.00023186890541637695,-0.0143510103225708,-0.34178999066352844,-0.005839752103952378,-0.021352708339691162,-0.36902645230293274,-0.010688923369912118
B,0.0,0.0,0.0,-0.041596412658691406,-0.043411076068878174,-0.05126395584710508,-0.05817610025405884,-0.11856287717819214,-0.06614774228700071,-0.02442687749862671,-0.18750756978988647,-0.07315944643386274,0.007950425148010254,-0.21615231037139893,-0.07690398158200651,-0.099606454372406,-0.23407700657844543,-0.019163567066868836,-0.1145172119140625,-0.3273407816886902,-0.029954194516619737,-0.12122353911399841,-0.38366806507110596,-0.04536009343036085,-0.1266861855983734,-0.4320344924926758,-0.058468052611431176,-0.06989014148712158,-0.2542230188846588,-0.004420982633462245,-0.09119462966918945,-0.35552361607551575,-0.010408762336453492,-0.10410833358764648,-0.4204397201538086,-0.023930968210777337,-0.11714115738868713,-0.47877204418182373,-0.03543659062751203,-0.03683286905288696,-0.25226399302482605,0.0033643502213749343,-0.05723237991333008,-0.34260135889053345,-0.004561433062633569,-0.07064956426620483,-0.3934284746646881,-0.01802295209535032,-0.08467251062393188,-0.4408518075942993,-0.028647638351401383,0.002406179904937744,-0.23534181714057922,0.005343206732788985,-0.011685967445373535,-0.3062257766723633,-0.001510185614904458,-0.02255624532699585,-0.34011298418045044,-0.006885848899116809,-0.03206944465637207,-0.3692375421524048,-0.011818838731130654
B,0.0,0.0,0.0,-0.03424501419067383,-0.04187822341918945,-0.06071109740440761,-0.04906672239303589,-0.11989802122116089,-0.07766320972149288,-0.018733859062194824,-0.18900567293167114,-0.08411410121624385,0.01499718427658081,-0.22043567895889282,-0.0865827616900674,-0.09539812803268433,-0.2310628592967987,-0.027824040934490313,-0.1139909029006958,-0.32503652572631836,-0.038171023562597384,-0.12290042638778687,-0.38099926710128784,-0.05301304577295696,-0.13043347001075745,-0.4285815358161926,-0.06548787324135219,-0.06727129220962524,-0.2506888806819916,-0.006745832473086466,-0.0915536880493164,-0.3523990511894226,-0.011963174179243197,-0.1058967113494873,-0.41875332593917847,-0.025749283343600382,-0.12032812833786011,-0.476107120513916,-0.03770246399943744,-0.036189258098602295,-0.24958327412605286,0.006895190603984247,-0.05896216630935669,-0.33986902236938477,-0.00010075476455995158,-0.0738721489906311,-0.3941229581832886,-0.015871445149230112,-0.08957421779632568,-0.44255876541137695,-0.02832753999535953,0.0003063678741455078,-0.23544973134994507,0.014114280730439077,-0.014112114906311035,-0.30590975284576416,0.009020993985188852,-0.02582240104675293,-0.3431047201156616,0.0018191683673762782,-0.03695023059844971,-0.37341463565826416,-0.005045119639532913
B,0.0,0.0,0.0,-0.04088205099105835,-0.040363430976867676,-0.05642838403832684,-0.059294283390045166,-0.11921721696853638,-0.07009982317936192,-0.02309417724609375,-0.1890881061553955,-0.07448299974453221,0.015445828437805176,-0.21177536249160767,-0.07519181072962056,-0.09851530194282532,-0.2318023145198822,-0.019420655446765522,-0.11559277772903442,-0.32507482171058655,-0.02620377391826878,-0.12406772375106812,-0.3793290853500366,-0.0385696403707243,-0.1317235231399536,-0.42608940601348877,-0.04948800802480946,-0.07072317600250244,-0.2500375211238861,-0.0010446673284150165,-0.09289753437042236,-0.35161641240119934,-0.0012094813889689249,-0.10696196556091309,-0.416922926902771,-0.010502596388278107,-0.12063205242156982,-0.4750714600086212,-0.019364185633776287,-0.03856050968170166,-0.24615010619163513,0.009537730363490482,-0.05964392423629761,-0.33723360300064087,0.005251671650739809,-0.0734173059463501,-0.3851751983165741,-0.007894020530102352,-0.0878944993019104,-0.43066734075546265,-0.018497446554420094,-0.0003733038902282715,-0.22992733120918274,0.013693098907651802,-0.013045728206634521,-0.3018041253089905,0.009159548205616375,-0.020162642002105713,-0.3276572823524475,0.0048636314434133965,-0.024802088737487793,-0.34644705057144165,0.0005649430652283627
B,0.0,0.0,0.0,-0.04161489009857178,-0.04255270957946777,-0.05267236458706748,-0.059390366077423096,-0.1186361312866211,-0.06648891123580825,-0.026489675045013428,-0.18609201908111572,-0.07184790524291884,0.010740280151367188,-0.21741801500320435,-0.07382087113904845,-0.10069835186004639,-0.2270938754081726,-0.01979746746468436,-0.11815020442008972,-0.3233431577682495,-0.028884687299012057,-0.12599509954452515,-0.37892764806747437,-0.04257359060096633,-0.13359886407852173,-0.4273483157157898,-0.054389444017886035,-0.07367813587188721,-0.245793879032135,-0.0034367372990686818,-0.09548094868659973,-0.34927141666412354,-0.0074692404140819235,-0.10940861701965332,-0.41344153881073,-0.020160146826981418,-0.12415170669555664,-0.47156432271003723,-0.031157622883199565,-0.04159122705459595,-0.24338433146476746,0.00601796496090401,-0.06337577104568481,-0.3347505033016205,-0.00043929247289042905,-0.07910925149917603,-0.38552844524383545,-0.014931196184932105,-0.09575039148330688,-0.4325885772705078,-0.026465478191255443,-0.0026726722717285156,-0.22744303941726685,0.009670280082048066,-0.015058279037475586,-0.2976439297199249,0.003680872427196391,-0.024099230766296387,-0.3280653953552246,-0.001807594393483214,-0.03218191862106323,-0.3523957133293152,-0.006904552994399182
B,0.0,0.0,0.0,-0.03826940059661865,-0.03779721260070801,-0.058951699806243596,-0.05820930004119873,-0.10664558410644531,-0.07988909788230103,-0.03100907802581787,-0.17429310083389282,-0.09200065739253205,0.004394650459289551,-0.20963335037231445,-0.10077959455350083,-0.10130348801612854,-0.22795909643173218,-0.027821937275916753,-0.11809748411178589,-0.31594735383987427,-0.04080327383974236,-0.12644466757774353,-0.3675023317337036,-0.05782019503214997,-0.13374462723731995,-0.413943350315094,-0.0722646281848256,-0.07495450973510742,-0.24781018495559692,-0.010678643992036996,-0.09674787521362305,-0.346907377243042,-0.017959231210738835,-0.11120280623435974,-0.4115411043167114,-0.032312640620261845,-0.12607219815254211,-0.47099173069000244,-0.04484418935874146,-0.042027413845062256,-0.2454303503036499,-0.0009764392071929251,-0.0628201961517334,-0.3376929759979248,-0.011987665368110356,-0.07700526714324951,-0.3844587802886963,-0.027404229787975964,-0.09305423498153687,-0.42688438296318054,-0.03918633021214646,-0.0027736425399780273,-0.22910669445991516,0.0025082657319899226,-0.01390165090560913,-0.29789674282073975,-0.00872458766946238,-0.020776212215423584,-0.3232959508895874,-0.016129852903873143,-0.027048885822296143,-0.3431180715560913,-0.021939057556778607
