label,x0,y0,z0,x1,y1,z1,x2,y2,z2,x3,y3,z3,x4,y4,z4,x5,y5,z5,x6,y6,z6,x7,y7,z7,x8,y8,z8,x9,y9,z9,x10,y10,z10,x11,y11,z11,x12,y12,z12,x13,y13,z13,x14,y14,z14,x15,y15,z15,x16,y16,z16,x17,y17,z17,x18,y18,z18,x19,y19,z19,x20,y20,z20
E,0.0,0.0,0.0,-0.06110689043998718,-0.038654863834381104,-0.01959279036633177,-0.0890812873840332,-0.1223176121711731,-0.02397741606942816,-0.05360594391822815,-0.19563958048820496,-0.031129029081384374,-0.007238030433654785,-0.21169576048851013,-0.03626430264226599,-0.09156864881515503,-0.1936635971069336,0.01480633349605398,-0.10398328304290771,-0.28427594900131226,-0.007551542916516496,-0.10275474190711975,-0.28687936067581177,-0.028106475682179166,-0.09357410669326782,-0.2538736164569855,-0.038166406066338254,-0.05269128084182739,-0.21067389845848083,0.01354351410158472,-0.062047749757766724,-0.31306329369544983,-0.0079329427938859,-0.06279334425926208,-0.29612669348716736,-0.025580741898338033,-0.05789664387702942,-0.25092875957489014,-0.03187439447752638,-0.01643875241279602,-0.21379822492599487,0.0062668831411798465,-0.024158507585525513,-0.3020479381084442,-0.013667852119723989,-0.030291050672531128,-0.27553790807724,-0.023993045524875356,-0.0239047110080719,-0.2254488468170166,-0.02502767785004778,0.02318844199180603,-0.2078249454498291,-0.00407828759885831,0.012022912502288818,-0.27520328760147095,-0.017335320324818326,0.004340916872024536,-0.25920623540878296,-0.021070482642571164,0.007579624652862549,-0.21821850538253784,-0.020467076883832647
E,0.0,0.0,0.0,-0.05925095081329346,-0.035598933696746826,-0.01953553908435879,-0.09052702784538269,-0.12167608737945557,-0.023556000896974183,-0.05769580602645874,-0.1958373486995697,-0.030132026755495644,-0.009798526763916016,-0.20563697814941406,-0.0346483768609005,-0.0944778323173523,-0.1926167607307434,0.012839821754710101,-0.1057060956954956,-0.2840341031551361,-0.009273643017991162,-0.10544109344482422,-0.28687921166419983,-0.028483099648042298,-0.09731554985046387,-0.2557280361652374,-0.03773995057611046,-0.05584299564361572,-0.2099480926990509,0.011549133463518046,-0.06411892175674438,-0.31305330991744995,-0.01022645120440302,-0.06493210792541504,-0.29637956619262695,-0.02583537750808773,-0.06028515100479126,-0.25306373834609985,-0.030344167136831857,-0.01894041895866394,-0.21425455808639526,0.004270013077871226,-0.027253955602645874,-0.29979822039604187,-0.015914340847416497,-0.03188261389732361,-0.2719252109527588,-0.024527670228167153,-0.02583134174346924,-0.22535741329193115,-0.024163640448136903,0.020452499389648438,-0.20941132307052612,-0.006094143604173041,0.009886085987091064,-0.2743957042694092,-0.01949455530314026,0.0030202865600585938,-0.256286084651947,-0.022552210250182725,0.006247133016586304,-0.21693801879882812,-0.021431370982213593
E,0.0,0.0,0.0,-0.06140759587287903,-0.036083757877349854,-0.02228732592857341,-0.09099730849266052,-0.1218143105506897,-0.027210820461277763,-0.056111305952072144,-0.19762033224105835,-0.03447138703859309,-0.008589416742324829,-0.21302387118339539,-0.03928138501441936,-0.09650513529777527,-0.19561883807182312,0.014316964899535378,-0.10752367973327637,-0.28565508127212524,-0.009245174931947986,-0.1074666976928711,-0.28415244817733765,-0.029106056312684814,-0.09892913699150085,-0.2505090832710266,-0.03813721052802066,-0.056817710399627686,-0.21377721428871155,0.014094081712300977,-0.06536075472831726,-0.3181820511817932,-0.009852269659404556,-0.06727930903434753,-0.2965662479400635,-0.025658559049134055,-0.06264591217041016,-0.2506559193134308,-0.02872859313583831,-0.019205987453460693,-0.2179219126701355,0.0072260801730408275,-0.026859313249588013,-0.3001836836338043,-0.015196303831999103,-0.03083518147468567,-0.2645367980003357,-0.022765403608445922,-0.02354714274406433,-0.21623578667640686,-0.01996801420546035,0.021128207445144653,-0.21320408582687378,-0.002985469759096304,0.009847581386566162,-0.2756139039993286,-0.01668770983314971,0.004074782133102417,-0.25207364559173584,-0.018213307479982177,0.008946716785430908,-0.21261495351791382,-0.015046884300772945
E,0.0,0.0,0.0,-0.06263908743858337,-0.038479506969451904,-0.020499864650872723,-0.0910908579826355,-0.12093901634216309,-0.024559745622781293,-0.05685493350028992,-0.19519713521003723,-0.031195981485751645,-0.012115538120269775,-0.21556609869003296,-0.035603227151540295,-0.09528738260269165,-0.19473567605018616,0.015867890732380374,-0.1074029803276062,-0.28485336899757385,-0.006936746707168595,-0.10834035277366638,-0.2860155701637268,-0.026847196800616757,-0.10050472617149353,-0.2535146176815033,-0.03611366642823555,-0.056333452463150024,-0.21191978454589844,0.014930331090482696,-0.06606617569923401,-0.31530866026878357,-0.007394975109008328,-0.06767043471336365,-0.2983304560184479,-0.02434392651727535,-0.06269040703773499,-0.25556501746177673,-0.029570223821309582,-0.018864214420318604,-0.21581289172172546,0.007635749353113397,-0.028652489185333252,-0.30199700593948364,-0.014265678880718724,-0.0325416624546051,-0.27031469345092773,-0.023393960727361218,-0.024509131908416748,-0.2218453586101532,-0.022716626582649724,0.022403180599212646,-0.2104000449180603,-0.0027322860546235006,0.009883403778076172,-0.2767776846885681,-0.017854163480905072,0.00367891788482666,-0.25622615218162537,-0.020936448184755818,0.008381664752960205,-0.215727299451828,-0.01922019204309322
E,0.0,0.0,0.0,-0.05847620964050293,-0.03688317537307739,-0.018730674714348083,-0.08853447437286377,-0.11694478988647461,-0.024466165185472732,-0.056943267583847046,-0.18831589818000793,-0.03307236622323728,-0.012522399425506592,-0.20672211050987244,-0.03896684835900999,-0.09388205409049988,-0.19547078013420105,0.010092142194011444,-0.1035061776638031,-0.2903955280780792,-0.015995031998059517,-0.10189118981361389,-0.27662643790245056,-0.036361961469552284,-0.09407740831375122,-0.2373914122581482,-0.045603460476300484,-0.054208964109420776,-0.21225357055664062,0.007186234153309101,-0.06267127394676208,-0.31945154070854187,-0.016906105757257706,-0.06304734945297241,-0.2891790568828583,-0.030296488509080177,-0.059210896492004395,-0.24393612146377563,-0.03267090286364294,-0.01741170883178711,-0.21570518612861633,-0.0018590073637057003,-0.025649726390838623,-0.3020932376384735,-0.022874618724486595,-0.02961978316307068,-0.26371341943740845,-0.025445193827650314,-0.024339735507965088,-0.21844562888145447,-0.020714162692925697,0.02261689305305481,-0.20911329984664917,-0.014093542315563923,0.011404603719711304,-0.27602869272232056,-0.02528178769399858,0.005146712064743042,-0.2508227825164795,-0.022631688818833595,0.007656574249267578,-0.21297094225883484,-0.01760693344523645
E,0.0,0.0,0.0,-0.060917437076568604,-0.036366164684295654,-0.017584632885018436,-0.0918022096157074,-0.1148906946182251,-0.022977605264941303,-0.060679495334625244,-0.18697845935821533,-0.03146031292931184,-0.014773249626159668,-0.20400002598762512,-0.0377676168347989,-0.09430855512619019,-0.19644880294799805,0.010632056008716972,-0.10537159442901611,-0.2895185053348541,-0.014049175929585545,-0.10596981644630432,-0.2851901650428772,-0.03438762741939172,-0.09824079275131226,-0.24805912375450134,-0.043933464017072765,-0.054806917905807495,-0.21336454153060913,0.007309904519161137,-0.0646008551120758,-0.3187238276004791,-0.016328574892440884,-0.06630203127861023,-0.29631152749061584,-0.031557494577327816,-0.06152662634849548,-0.2491765022277832,-0.03555138948217973,-0.017471760511398315,-0.21661964058876038,-0.0017186823890824598,-0.02668476104736328,-0.3049646317958832,-0.022870883148470966,-0.03152427077293396,-0.272146075963974,-0.02855211290375337,-0.024519234895706177,-0.22317317128181458,-0.026048999082604496,0.02376645803451538,-0.20949003100395203,-0.013727181393960564,0.012162357568740845,-0.2758226990699768,-0.026780931081930248,0.004817873239517212,-0.25523841381073,-0.02710284272984609,0.008088260889053345,-0.21547603607177734,-0.023914607044616787
E,0.0,0.0,0.0,-0.062383830547332764,-0.03963106870651245,-0.019290084676846675,-0.09300607442855835,-0.12136924266815186,-0.02255462920854967,-0.060613393783569336,-0.19508910179138184,-0.028206309961184672,-0.015543431043624878,-0.2109784185886383,-0.03175119376371782,-0.09587633609771729,-0.19727995991706848,0.016076038865342923,-0.10796794295310974,-0.2858632206916809,-0.0056899559740273276,-0.10911858081817627,-0.29650676250457764,-0.026357023702964,-0.10088768601417542,-0.26843443512916565,-0.036698010476335696,-0.05604049563407898,-0.21648958325386047,0.01477677309323866,-0.06624290347099304,-0.32034021615982056,-0.0066790429000107565,-0.0680137574672699,-0.3125566244125366,-0.02539991094361227,-0.0629739761352539,-0.2714669704437256,-0.03259283369968813,-0.018670976161956787,-0.22046899795532227,0.007558646419987269,-0.026210397481918335,-0.30833274126052856,-0.012890509055957011,-0.03240445256233215,-0.2862622141838074,-0.024292808683618716,-0.02540898323059082,-0.23807993531227112,-0.026080808328494243,0.022608131170272827,-0.21423789858818054,-0.002660941990122012,0.012912064790725708,-0.27897995710372925,-0.017119697021350078,0.004612386226654053,-0.2640892565250397,-0.021831561537489108,0.007310628890991211,-0.22398105263710022,-0.021729147719248942
E,0.0,0.0,0.0,-0.06210005283355713,-0.03386044502258301,-0.019610460728515022,-0.09253114461898804,-0.11850613355636597,-0.02379139873396241,-0.05945923924446106,-0.1927587389945984,-0.030263999357927673,-0.013736158609390259,-0.21027874946594238,-0.03452315169583642,-0.0968976616859436,-0.198900043964386,0.011328649826239712,-0.10787218809127808,-0.2923519015312195,-0.011811825327683323,-0.10801249742507935,-0.29229485988616943,-0.030730254829038017,-0.09839320182800293,-0.25800085067749023,-0.03931022050987565,-0.057124704122543335,-0.21649721264839172,0.009546590156745083,-0.06604370474815369,-0.32491981983184814,-0.012778145142007702,-0.0689316987991333,-0.30500563979148865,-0.027010042101252907,-0.0640496015548706,-0.25904151797294617,-0.030056865766752594,-0.01978546380996704,-0.21892127394676208,0.0017246244269273348,-0.029127776622772217,-0.3069436848163605,-0.01970126840483033,-0.03419715166091919,-0.2743625044822693,-0.02636921207617604,-0.025890260934829712,-0.2270406186580658,-0.02435457135747754,0.020986318588256836,-0.21138152480125427,-0.009076416373360985,0.00786474347114563,-0.27794158458709717,-0.02426373946677529,0.0017859339714050293,-0.25424838066101074,-0.02605689677606904,0.007367849349975586,-0.21290463209152222,-0.023529389754045837
E,0.0,0.0,0.0,-0.06107521057128906,-0.03930842876434326,-0.015121953280925027,-0.09131547808647156,-0.1205098032951355,-0.018675951006173364,-0.060680091381073,-0.19089865684509277,-0.025467326583623162,-0.014342069625854492,-0.20659571886062622,-0.030455946641325227,-0.09079253673553467,-0.20356464385986328,0.009616823216617831,-0.10170117020606995,-0.29804614186286926,-0.01470097312545704,-0.10286083817481995,-0.29673805832862854,-0.03516763234352993,-0.09522229433059692,-0.25885823369026184,-0.04502048129057812,-0.05104991793632507,-0.21960291266441345,0.005104412605703601,-0.05923435091972351,-0.3301839828491211,-0.018907559754609338,-0.06160324811935425,-0.31044939160346985,-0.03570284852600025,-0.057380110025405884,-0.2602352499961853,-0.04092165613388943,-0.013955116271972656,-0.22055548429489136,-0.004496244898348323,-0.020488828420639038,-0.3137481212615967,-0.025022059398054353,-0.026631265878677368,-0.2860448658466339,-0.03325170809245037,-0.01987135410308838,-0.23469269275665283,-0.032966242822169534,0.026696205139160156,-0.21089032292366028,-0.016786684932469598,0.017570525407791138,-0.28036266565322876,-0.03040161141967701,0.009615600109100342,-0.2667563557624817,-0.033414920511006585,0.012555718421936035,-0.22721603512763977,-0.03237738245940136
E,0.0,0.0,0.0,-0.06270918250083923,-0.03429746627807617,-0.019382103099701453,-0.09644189476966858,-0.11386775970458984,-0.026199216707823325,-0.06546741724014282,-0.18887031078338623,-0.03612487272846465,-0.016325026750564575,-0.20702049136161804,-0.04368423180210357,-0.09608176350593567,-0.20333948731422424,0.00883978071135516,-0.10674220323562622,-0.29905611276626587,-0.016757133170244742,-0.10873168706893921,-0.2940346300601959,-0.038484937264797736,-0.10145732760429382,-0.2553115785121918,-0.04943586395609145,-0.056258589029312134,-0.2210249900817871,0.005656515960367869,-0.0659140944480896,-0.3279355764389038,-0.018669978468892623,-0.06944915652275085,-0.30498749017715454,-0.03530065970051055,-0.06490930914878845,-0.2561493515968323,-0.04095411182868247,-0.0195733904838562,-0.2238580584526062,-0.0034396913696355114,-0.028466850519180298,-0.3177943229675293,-0.02520616979825263,-0.03576326370239258,-0.28796300292015076,-0.03286817179548507,-0.028566837310791016,-0.23591631650924683,-0.03225542487132316,0.021435320377349854,-0.21549153327941895,-0.015711582019207526,0.010013163089752197,-0.2859179377555847,-0.02990609662163024,0.0004546046257019043,-0.26943448185920715,-0.032243779613850165,0.002921879291534424,-0.22777512669563293,-0.030786548494575072
E,0.0,0.0,0.0,-0.06052738428115845,-0.03641355037689209,-0.015228200912758894,-0.09457981586456299,-0.1136358380317688,-0.02221607996551711,-0.0668523907661438,-0.18730777502059937,-0.03295073679117877,-0.020399391651153564,-0.20953086018562317,-0.04156224077968318,-0.09360703825950623,-0.20626991987228394,0.006569123618021422,-0.10653740167617798,-0.30445247888565063,-0.01950490681855399,-0.1069650948047638,-0.29602503776550293,-0.040689785242363996,-0.09773817658424377,-0.25568443536758423,-0.05111138543514926,-0.05379307270050049,-0.22367748618125916,0.0005200216785965495,-0.061897456645965576,-0.33499452471733093,-0.0240616893622132,-0.06511834263801575,-0.3084906041622162,-0.039072673976704664,-0.06088435649871826,-0.25843000411987305,-0.04320955297379214,-0.016644328832626343,-0.22599521279335022,-0.010664938226625509,-0.023508697748184204,-0.3212471306324005,-0.03093037775187213,-0.030479103326797485,-0.28825509548187256,-0.03506744301347453,-0.023379892110824585,-0.2373201549053192,-0.032202460080668516,0.025147676467895508,-0.21635589003562927,-0.024762591555997915,0.014051318168640137,-0.285950630903244,-0.03560561335115153,0.005123168230056763,-0.26858827471733093,-0.03415750733046252,0.008759140968322754,-0.22992628812789917,-0.030282611236259527
E,0.0,0.0,0.0,-0.06878945231437683,-0.04786628484725952,-0.016687517860379128,-0.10016265511512756,-0.13203084468841553,-0.02340857113286486,-0.06484749913215637,-0.20435768365859985,-0.03411860006436339,-0.014803469181060791,-0.21147942543029785,-0.04363194095477095,-0.09839171171188354,-0.21027475595474243,0.01486269769683847,-0.10962456464767456,-0.2991255819797516,-0.009759496772136597,-0.11134412884712219,-0.31371307373046875,-0.034312371039237885,-0.10185953974723816,-0.28889650106430054,-0.04788919153198233,-0.05784851312637329,-0.2283008098602295,0.009111563800428005,-0.06565684080123901,-0.3303244113922119,-0.013682226525094418,-0.06956198811531067,-0.3300650417804718,-0.034464646005477814,-0.06376811861991882,-0.29286298155784607,-0.04419911640271178,-0.018532484769821167,-0.22985273599624634,-0.0025259713786058707,-0.02256309986114502,-0.3242037892341614,-0.021887944885935692,-0.03182297945022583,-0.3163377046585083,-0.03474546583875647,-0.026402592658996582,-0.2717440724372864,-0.03856679784640303,0.024015069007873535,-0.21975260972976685,-0.01743108021601668,0.017297476530075073,-0.2923829257488251,-0.029823968061652092,0.00561368465423584,-0.2923502027988434,-0.03459569054230681,0.006041675806045532,-0.25825613737106323,-0.035239402079429535
E,0.0,0.0,0.0,-0.06587275862693787,-0.042839884757995605,-0.017284598726735823,-0.09538242220878601,-0.1241578459739685,-0.02275139145921301,-0.06127887964248657,-0.18974655866622925,-0.03057847783337664,-0.010029822587966919,-0.18614590167999268,-0.036162255857096426,-0.09743544459342957,-0.20644617080688477,0.01216062105823923,-0.10951921343803406,-0.29395419359207153,-0.010803023878441564,-0.10915017127990723,-0.3050808012485504,-0.033225646767721884,-0.09835195541381836,-0.2761174440383911,-0.04493323579798769,-0.056591302156448364,-0.22278130054473877,0.009420801360203512,-0.06496474146842957,-0.323250949382782,-0.008811269480691664,-0.06700333952903748,-0.32544684410095215,-0.02628111519287657,-0.059394001960754395,-0.28994521498680115,-0.034380103055344335,-0.017921268939971924,-0.22162318229675293,0.0010637676446201283,-0.021805286407470703,-0.3138110935688019,-0.014325188998089544,-0.029369354248046875,-0.31687960028648376,-0.02570627309750151,-0.02142566442489624,-0.27956029772758484,-0.029497053999410383,0.024805188179016113,-0.20809578895568848,-0.01047916017840933,0.02150556445121765,-0.27491137385368347,-0.020765463415489904,0.012200713157653809,-0.2846100330352783,-0.025876746106849424,0.013290494680404663,-0.25878143310546875,-0.02713326044748854
E,0.0,0.0,0.0,-0.06640392541885376,-0.03953874111175537,-0.01888757449080103,-0.0998603105545044,-0.12237071990966797,-0.024749601897493534,-0.06560370326042175,-0.18853425979614258,-0.03271884162415617,-0.011262089014053345,-0.18563413619995117,-0.03863658447255247,-0.1020418107509613,-0.20102471113204956,0.008790897499128647,-0.11635613441467285,-0.28742045164108276,-0.01597277697612398,-0.11380478739738464,-0.29253527522087097,-0.038632140201226406,-0.0999113917350769,-0.2600078880786896,-0.05009082396020048,-0.06186261773109436,-0.21953493356704712,0.006080933208867378,-0.0721365213394165,-0.319079726934433,-0.012618134435907535,-0.07399407029151917,-0.3230190873146057,-0.028666547205940418,-0.06465065479278564,-0.29112809896469116,-0.03579215396632307,-0.02161252498626709,-0.2190449833869934,-0.0026286886396711395,-0.026685625314712524,-0.31260156631469727,-0.020564361181751423,-0.03269755840301514,-0.3109598159790039,-0.03144401003111952,-0.025000333786010742,-0.2749718427658081,-0.03469258238066786,0.02207183837890625,-0.20465528964996338,-0.014477629852191143,0.016683191061019897,-0.2713186740875244,-0.02943781454552763,0.009056508541107178,-0.26914510130882263,-0.034849685323134594,0.011175751686096191,-0.2364162802696228,-0.035748519641057186
E,0.0,0.0,0.0,-0.06587138772010803,-0.03420835733413696,-0.015362549464787989,-0.10330745577812195,-0.11350727081298828,-0.021560619476820975,-0.07420188188552856,-0.18363052606582642,-0.03132965498008922,-0.02445998787879944,-0.19260889291763306,-0.03944368370213702,-0.10031196475028992,-0.20380789041519165,0.008037894141290636,-0.11505126953125,-0.29281365871429443,-0.01785603620448306,-0.11885687708854675,-0.2955673336982727,-0.04064185999670222,-0.1082177460193634,-0.26008033752441406,-0.05194761686363414,-0.05960991978645325,-0.22434911131858826,0.0024199933897595116,-0.06935596466064453,-0.32752877473831177,-0.019973126131679564,-0.07886397838592529,-0.317200243473053,-0.036252048689510374,-0.07268750667572021,-0.2714509963989258,-0.04186515964904025,-0.019403398036956787,-0.22680413722991943,-0.008519665229703932,-0.026514887809753418,-0.32259008288383484,-0.025848611149575262,-0.03895580768585205,-0.30453962087631226,-0.033006501275684386,-0.03246259689331055,-0.2567076086997986,-0.03315827705302432,0.02400532364845276,-0.21516788005828857,-0.022600461620475798,0.01500752568244934,-0.2854640483856201,-0.032743033844615965,7.164478302001953e-05,-0.27788016200065613,-0.03375240870156482,-0.0005148351192474365,-0.24050909280776978,-0.03166740469970897
E,0.0,0.0,0.0,-0.06524404883384705,-0.03743541240692139,-0.015409865884295826,-0.09947764873504639,-0.12437450885772705,-0.02059934800695551,-0.06893819570541382,-0.19463911652565002,-0.029391861988417034,-0.01965576410293579,-0.19849085807800293,-0.03645681916009558,-0.09572646021842957,-0.21025046706199646,0.007203802464344378,-0.10979250073432922,-0.3042867183685303,-0.019015401138178234,-0.11672511696815491,-0.31023409962654114,-0.04116873024236334,-0.10761216282844543,-0.27479028701782227,-0.051657024307361965,-0.05456113815307617,-0.22870302200317383,0.0016215429620825006,-0.06297725439071655,-0.339225172996521,-0.02251298865508211,-0.07679158449172974,-0.33195334672927856,-0.03923849715124739,-0.07201787829399109,-0.28240224719047546,-0.04385175509583128,-0.014449208974838257,-0.22840616106987,-0.009059736041537647,-0.020335763692855835,-0.3302599787712097,-0.027049205733648662,-0.037258148193359375,-0.3169419467449188,-0.03440346894990576,-0.03150489926338196,-0.26801320910453796,-0.03366469545494688,0.0281965434551239,-0.21530365943908691,-0.022898863537422542,0.01898375153541565,-0.2858891189098358,-0.034067779315821056,0.003394395112991333,-0.283252090215683,-0.03607475338708532,0.0045087337493896484,-0.24769896268844604,-0.03369906125795019
E,0.0,0.0,0.0,-0.06565570831298828,-0.03270071744918823,-0.016461098670760066,-0.10543447732925415,-0.12126290798187256,-0.022655157476464183,-0.0749858021736145,-0.19424542784690857,-0.03272814686576453,-0.024419397115707397,-0.19946587085723877,-0.04092906053344336,-0.10309469699859619,-0.20427504181861877,0.005951793760260671,-0.12032005190849304,-0.30392125248908997,-0.020331887632409007,-0.12484094500541687,-0.30468350648880005,-0.040851306274333865,-0.11402437090873718,-0.267921507358551,-0.050303153797784717,-0.06425613164901733,-0.22261673212051392,0.0007242359111216956,-0.07480502128601074,-0.3370223045349121,-0.0248395410476121,-0.08417457342147827,-0.3174057602882385,-0.03862039010206786,-0.07710206508636475,-0.26407474279403687,-0.04049484814683524,-0.02480664849281311,-0.2263258993625641,-0.009888239308992297,-0.0324629545211792,-0.33123815059661865,-0.029920930146971614,-0.043363600969314575,-0.2991318106651306,-0.03401680301109877,-0.03508254885673523,-0.24485570192337036,-0.030365897446671397,0.016917377710342407,-0.21850576996803284,-0.02380620884875384,0.00680425763130188,-0.2904595136642456,-0.03566039736548987,-0.006381034851074219,-0.26932746171951294,-0.03557974855581847,-0.002959221601486206,-0.22341680526733398,-0.031921163305440814
E,0.0,0.0,0.0,-0.06435433030128479,-0.029753506183624268,-0.017047253254204975,-0.10021689534187317,-0.11411714553833008,-0.02561214827314018,-0.070746511220932,-0.18981003761291504,-0.03800303936317562,-0.02052372694015503,-0.19721192121505737,-0.04865567833498119,-0.09571361541748047,-0.20241528749465942,0.0013618504830077427,-0.11400693655014038,-0.3007487654685974,-0.02579171285346149,-0.12286967039108276,-0.2915711998939514,-0.04617438540175556,-0.11168280243873596,-0.2525428533554077,-0.05543091595485805,-0.05793145298957825,-0.22069406509399414,-0.00441728700265287,-0.06820255517959595,-0.3393743932247162,-0.03213100955203174,-0.08387267589569092,-0.3127896785736084,-0.04551773965671657,-0.07746532559394836,-0.25573602318763733,-0.04600737318709491,-0.01864248514175415,-0.2239077091217041,-0.015360057170838104,-0.023556500673294067,-0.3297376036643982,-0.036050912740975605,-0.043176233768463135,-0.3000667095184326,-0.0421244062514603,-0.038688063621520996,-0.24708592891693115,-0.03919063210800289,0.022539079189300537,-0.21576139330863953,-0.029476993534117923,0.014808356761932373,-0.2883877754211426,-0.03941521868422626,-0.003853529691696167,-0.2710326910018921,-0.03986008167579769,-0.004083961248397827,-0.22666269540786743,-0.03670673892214893
E,0.0,0.0,0.0,-0.0658927857875824,-0.02914339303970337,-0.01552589365731194,-0.10514551401138306,-0.10421347618103027,-0.022881656302914166,-0.08012384176254272,-0.17678788304328918,-0.03337289148460343,-0.03237888216972351,-0.19263064861297607,-0.04173401871214821,-0.1024116575717926,-0.19639307260513306,0.00034758937560752656,-0.11901667714118958,-0.297119677066803,-0.0264172510940881,-0.12383469939231873,-0.29230809211730957,-0.04682920628677323,-0.11170628666877747,-0.25351881980895996,-0.05660487839470818,-0.06308799982070923,-0.21215888857841492,-0.005161564680591368,-0.07000946998596191,-0.32828354835510254,-0.031675518839463734,-0.0801554024219513,-0.3084099590778351,-0.045996015309199834,-0.07485264539718628,-0.25770801305770874,-0.0494009902466388,-0.024120092391967773,-0.2145518660545349,-0.015484555973515057,-0.02649661898612976,-0.31365424394607544,-0.03577168413887932,-0.040365010499954224,-0.2916818857192993,-0.042787743150100255,-0.0359785258769989,-0.24415630102157593,-0.04260091984163239,0.017829060554504395,-0.20465487241744995,-0.0287208476800771,0.013690650463104248,-0.2716045379638672,-0.04105890670309975,-0.0024662017822265625,-0.26087966561317444,-0.04405379050861313,-0.005221128463745117,-0.22311818599700928,-0.04377845802794411
E,0.0,0.0,0.0,-0.06498080492019653,-0.03115522861480713,-0.014934459070389039,-0.10415077209472656,-0.10932683944702148,-0.023727338130299813,-0.07783615589141846,-0.18132027983665466,-0.03623234231275774,-0.02841624617576599,-0.1915002465248108,-0.046762869993870027,-0.10433048009872437,-0.19667476415634155,0.00040790891722508604,-0.1186102032661438,-0.29375141859054565,-0.027505851651255853,-0.1244668960571289,-0.28387749195098877,-0.04893564556044794,-0.11160674691200256,-0.24455249309539795,-0.059587084988777406,-0.06544533371925354,-0.21297651529312134,-0.006786099935595757,-0.07033568620681763,-0.32605570554733276,-0.03336054209870554,-0.08203589916229248,-0.3030301034450531,-0.04690503452223993,-0.07537829875946045,-0.2538827359676361,-0.04991871614259935,-0.025298118591308594,-0.21549642086029053,-0.018913933376495606,-0.026209354400634766,-0.3134419322013855,-0.03892625991505838,-0.04129689931869507,-0.28447866439819336,-0.04322162766260362,-0.035863906145095825,-0.23728397488594055,-0.041287728885833985,0.01762986183166504,-0.2053179144859314,-0.03412443522614694,0.011947453022003174,-0.27064406871795654,-0.0441812885205195,-0.005964010953903198,-0.2505488991737366,-0.043598343918745286,-0.0074394941329956055,-0.2099086344242096,-0.04115183774632669
E,0.0,0.0,0.0,-0.06525954604148865,-0.026711106300354004,-0.012639596370604522,-0.10483506321907043,-0.10169366002082825,-0.019974703212824352,-0.07984545826911926,-0.17326748371124268,-0.03149140464290667,-0.033186763525009155,-0.18839123845100403,-0.04138538824543048,-0.1051681637763977,-0.1916743516921997,0.002271839872378223,-0.12162226438522339,-0.28654003143310547,-0.024648878967013843,-0.12502428889274597,-0.2772286832332611,-0.04470680492147494,-0.1098487377166748,-0.24007487297058105,-0.05445730151757289,-0.06704533100128174,-0.2091923952102661,-0.00576191978677798,-0.0758332908153534,-0.31649547815322876,-0.03178932728394557,-0.08371159434318542,-0.28825104236602783,-0.04379215302094508,-0.0738692581653595,-0.23956456780433655,-0.04554231675490428,-0.02749425172805786,-0.21371549367904663,-0.01850015135630656,-0.031492263078689575,-0.3072458505630493,-0.039067337533083446,-0.042587220668792725,-0.2694098949432373,-0.039548473676290996,-0.033560991287231445,-0.22238972783088684,-0.03464751901253749,0.0161246657371521,-0.20550373196601868,-0.034042066206779964,0.009084045886993408,-0.2700115442276001,-0.04451758997663546,-0.005880117416381836,-0.24243664741516113,-0.04085291387661982,-0.0037761926651000977,-0.20086339116096497,-0.03576619016155291
E,0.0,0.0,0.0,-0.06610262393951416,-0.02873098850250244,-0.013046093911256662,-0.10426795482635498,-0.11077284812927246,-0.01787691905381905,-0.07791024446487427,-0.18390566110610962,-0.02665988139095532,-0.027918487787246704,-0.19515591859817505,-0.03367279998245465,-0.10553896427154541,-0.19239097833633423,0.007709454118881354,-0.12276273965835571,-0.2857571244239807,-0.016351934217240682,-0.13119399547576904,-0.28218936920166016,-0.03553468517246472,-0.11940166354179382,-0.24578267335891724,-0.044733447648908964,-0.06950929760932922,-0.21050167083740234,0.0015227093386016577,-0.08191099762916565,-0.3182128667831421,-0.020205063440229765,-0.09415730834007263,-0.30427712202072144,-0.0328421682793163,-0.08541944622993469,-0.25853922963142395,-0.03598097495022046,-0.03045046329498291,-0.21585121750831604,-0.00971461895140635,-0.0381278395652771,-0.3137468695640564,-0.02786474085631596,-0.05359870195388794,-0.2909717261791229,-0.033664209463026395,-0.045731812715530396,-0.24412155151367188,-0.03289723179521786,0.012505412101745605,-0.21039041876792908,-0.023788043924000135,0.0032461583614349365,-0.28145653009414673,-0.03607577241244542,-0.014690250158309937,-0.2651001214981079,-0.03813238597693669,-0.014906227588653564,-0.22184839844703674,-0.03691417507114636
E,0.0,0.0,0.0,-0.06537574529647827,-0.03034597635269165,-0.009958242391405747,-0.10564956068992615,-0.10484659671783447,-0.015569863234816239,-0.0835387110710144,-0.17618361115455627,-0.025704126198945687,-0.03675985336303711,-0.19741159677505493,-0.03328437483793323,-0.10790461301803589,-0.1963489055633545,0.004660868692042186,-0.12027916312217712,-0.2936919033527374,-0.0244186048853976,-0.12497955560684204,-0.26633238792419434,-0.044360542063770936,-0.11189621686935425,-0.22032108902931213,-0.05349015570169513,-0.06914430856704712,-0.21441495418548584,-0.004521555592475579,-0.07863980531692505,-0.3226579278707504,-0.030777844925580666,-0.08656632900238037,-0.28426530957221985,-0.04008698216563289,-0.07659441232681274,-0.23674073815345764,-0.03982499367481296,-0.02897825837135315,-0.22026851773262024,-0.01876338138168876,-0.03634181618690491,-0.31231001019477844,-0.03955692178493564,-0.04581087827682495,-0.26699748635292053,-0.03548043346887653,-0.03548789024353027,-0.2213716208934784,-0.027223443006334946,0.01585426926612854,-0.21376848220825195,-0.035696455602703736,0.005352437496185303,-0.2813524305820465,-0.04613759494310443,-0.008469432592391968,-0.2521616816520691,-0.04007626823073451,-0.005477309226989746,-0.21410086750984192,-0.033070274953900025
E,0.0,0.0,0.0,-0.06981205940246582,-0.03334158658981323,-0.01252004377170124,-0.10686513781547546,-0.11451199650764465,-0.015972094271319293,-0.0800449550151825,-0.18887457251548767,-0.023629620332258128,-0.029851078987121582,-0.19926875829696655,-0.029366299170987986,-0.10863146185874939,-0.19477617740631104,0.015131539072854139,-0.12298250198364258,-0.29006531834602356,-0.007364007771002434,-0.12957826256752014,-0.2927064001560211,-0.027092624116676234,-0.12069475650787354,-0.2599600851535797,-0.03703857738150873,-0.07152503728866577,-0.21044203639030457,0.009073510173720933,-0.08320921659469604,-0.316142737865448,-0.01012192818893709,-0.09316903352737427,-0.3116057217121124,-0.023688316006200694,-0.08768025040626526,-0.2737039029598236,-0.028751058164971255,-0.03318414092063904,-0.21392247080802917,-0.002626902783276819,-0.04288002848625183,-0.30777502059936523,-0.019757933575647257,-0.05504879355430603,-0.2926191985607147,-0.026800350878374957,-0.04896226525306702,-0.251025527715683,-0.027385588396327876,0.00906294584274292,-0.20788410305976868,-0.017231324348585986,-0.0014706850051879883,-0.27940237522125244,-0.028734247792499445,-0.01787927746772766,-0.26825159788131714,-0.030949297953384303,-0.020737677812576294,-0.22942820191383362,-0.030348635870950602
E,0.0,0.0,0.0,-0.06712678074836731,-0.025431513786315918,-0.013659288263426106,-0.1062542200088501,-0.10518169403076172,-0.016910825012729447,-0.07718205451965332,-0.17763462662696838,-0.02418385641138343,-0.025085508823394775,-0.18388840556144714,-0.02935133138160495,-0.11302858591079712,-0.18170985579490662,0.011522798710956295,-0.12950634956359863,-0.2765599191188812,-0.013459626673267167,-0.12957850098609924,-0.26481783390045166,-0.032584173692868035,-0.1177876889705658,-0.22579500079154968,-0.04194344402711181,-0.07496771216392517,-0.1976650357246399,0.005416133818670232,-0.08765119314193726,-0.3010713458061218,-0.018744278787181656,-0.0883428156375885,-0.2760465741157532,-0.03126410589973716,-0.08074381947517395,-0.2315421998500824,-0.033936342312500756,-0.03588184714317322,-0.20385515689849854,-0.006457228301570694,-0.04518243670463562,-0.2891530394554138,-0.026695439680025856,-0.049464911222457886,-0.2536103427410126,-0.028920857323811333,-0.04438105225563049,-0.21073949337005615,-0.025361072360084336,0.0064535439014434814,-0.20046132802963257,-0.021419558762119095,-0.001494079828262329,-0.26122796535491943,-0.033527603460953515,-0.010084450244903564,-0.2349889874458313,-0.03274251715700416,-0.00979885458946228,-0.19720956683158875,-0.03006822624664096
E,0.0,0.0,0.0,-0.0674586296081543,-0.03307771682739258,-0.014102494715842795,-0.09968167543411255,-0.11096209287643433,-0.01627250891098697,-0.0692451000213623,-0.18054550886154175,-0.021399555168244433,-0.02025735378265381,-0.19060105085372925,-0.02478589992890079,-0.10417014360427856,-0.19016575813293457,0.011709920690265108,-0.12041619420051575,-0.2811926305294037,-0.010097773186060977,-0.12036097049713135,-0.2829289734363556,-0.028881417027804446,-0.10862934589385986,-0.2501281797885895,-0.03823838885793407,-0.06596332788467407,-0.20290642976760864,0.007833064162042547,-0.08019289374351501,-0.3023964464664459,-0.011152344196233344,-0.0810655951499939,-0.296490341424942,-0.025272061488720965,-0.0725199282169342,-0.2622736096382141,-0.03129720818171222,-0.02735435962677002,-0.20605018734931946,-0.0016100054133119102,-0.03786894679069519,-0.29667985439300537,-0.018989988974425387,-0.04368776082992554,-0.2840167284011841,-0.027768281660172534,-0.03841578960418701,-0.2471846640110016,-0.030310389957520556,0.014400660991668701,-0.20072448253631592,-0.01379472520122249,0.005698710680007935,-0.27241426706314087,-0.028126017562243533,-0.004923701286315918,-0.26282113790512085,-0.03332471232781131,-0.007441878318786621,-0.22622495889663696,-0.03517963495025356
E,0.0,0.0,0.0,-0.06381911039352417,-0.032267987728118896,-0.014589791170614319,-0.09697481989860535,-0.11085739731788635,-0.018735051139550762,-0.06527060270309448,-0.1794430911540985,-0.026222391038494663,-0.01486232876777649,-0.18544518947601318,-0.03184726832743223,-0.10456818342208862,-0.1897852122783661,0.011990989573938293,-0.11952260136604309,-0.27953559160232544,-0.008901295236604767,-0.11849826574325562,-0.2782132625579834,-0.02804071454639967,-0.10652050375938416,-0.24545985460281372,-0.03834858535166319,-0.06682106852531433,-0.20530682802200317,0.007640148994219942,-0.08130058646202087,-0.30359947681427,-0.010604498892384129,-0.08252432942390442,-0.2950354963541031,-0.025313200413542347,-0.07412555813789368,-0.25848108530044556,-0.031975869073825436,-0.028958022594451904,-0.20852816104888916,-0.0021055366222881844,-0.039682358503341675,-0.2958737015724182,-0.01751403881545599,-0.045790672302246094,-0.28031063079833984,-0.02576606346602972,-0.03982648253440857,-0.2412806749343872,-0.02845471350784834,0.01215943694114685,-0.20206129550933838,-0.014821534960823612,0.002750605344772339,-0.26897168159484863,-0.025734053909140187,-0.00807809829711914,-0.25717782974243164,-0.02911704404588278,-0.009714782238006592,-0.2207757532596588,-0.030256066455798702
E,0.0,0.0,0.0,-0.06851828098297119,-0.03905457258224487,-0.01381346889640156,-0.10208839178085327,-0.11174929141998291,-0.01601276480461422,-0.07467994093894958,-0.1804700493812561,-0.021344437532675897,-0.030574500560760498,-0.20030435919761658,-0.025164083846462404,-0.10648360848426819,-0.19030728936195374,0.02052151850556072,-0.12179931998252869,-0.27160701155662537,0.0035815061641955026,-0.12096995115280151,-0.2922419011592865,-0.015270153329325353,-0.11066338419914246,-0.2797220051288605,-0.02623240210915867,-0.06908881664276123,-0.20463621616363525,0.016994419238912428,-0.08334696292877197,-0.29315847158432007,0.002373061572583879,-0.08269023895263672,-0.3038784861564636,-0.015200603090775644,-0.07541626691818237,-0.28240805864334106,-0.02518557690883938,-0.0326974093914032,-0.20805400609970093,0.0080266182417148,-0.04187995195388794,-0.2922864854335785,-0.007375032444102203,-0.04553666710853577,-0.2942304015159607,-0.01983727262224022,-0.03928905725479126,-0.2635576128959656,-0.025493338041556513,0.008371233940124512,-0.2028256058692932,-0.003530626919669544,-9.658932685852051e-05,-0.2692890763282776,-0.016384364374530946,-0.007931113243103027,-0.2681457996368408,-0.021970342182171976,-0.008929401636123657,-0.23800161480903625,-0.024081160583151018
E,0.0,0.0,0.0,-0.06654727458953857,-0.05356588959693909,-0.013817837347794182,-0.09345507621765137,-0.12899845838546753,-0.01151893369625867,-0.060465991497039795,-0.19425299763679504,-0.012024023456085331,-0.01663145422935486,-0.2006501853466034,-0.01082661177735389,-0.10528385639190674,-0.1848115622997284,0.037158384101878994,-0.1209566593170166,-0.25748738646507263,0.02803499728668868,-0.11850699782371521,-0.28046005964279175,0.011513190458011024,-0.10909360647201538,-0.2780480682849884,0.0007232562615016036,-0.06749045848846436,-0.19946017861366272,0.036516740100871914,-0.082491934299469,-0.2826443016529083,0.028193351926695698,-0.07846522331237793,-0.2968396693468094,0.007843287775706642,-0.07000121474266052,-0.28698188066482544,-0.005244300586689121,-0.029624521732330322,-0.2037639319896698,0.029849565701972836,-0.039782196283340454,-0.28223034739494324,0.01882527128089606,-0.04192662239074707,-0.28791847825050354,-0.0006252146582639284,-0.034690260887145996,-0.26317286491394043,-0.011719173637736446,0.012180924415588379,-0.20107650756835938,0.020700828286301487,0.004596412181854248,-0.2637442648410797,0.01096502144117295,-0.0033593177795410156,-0.2660680413246155,0.0008677297713646226,-0.004612326622009277,-0.24096715450286865,-0.0053976349323576756
E,0.0,0.0,0.0,-0.06496444344520569,-0.04681253433227539,-0.015318092036551434,-0.09359890222549438,-0.12378394603729248,-0.015116307962244946,-0.060816407203674316,-0.19376549124717712,-0.017097610126739937,-0.015792816877365112,-0.20423388481140137,-0.01766581561744829,-0.0994119942188263,-0.18247443437576294,0.027305724952810806,-0.11357870697975159,-0.24769854545593262,0.016293940056556266,-0.11035704612731934,-0.27167102694511414,-0.00038880641434957397,-0.10163339972496033,-0.2743742763996124,-0.011835069473391968,-0.06165960431098938,-0.19953712821006775,0.026254589591616195,-0.07489264011383057,-0.27747243642807007,0.01615171219825129,-0.07135328650474548,-0.2995556890964508,-0.0025756420414211334,-0.06408312916755676,-0.297693133354187,-0.014970278445190388,-0.025108277797698975,-0.20268678665161133,0.019482183192366165,-0.03464555740356445,-0.28014159202575684,0.004701437816464704,-0.035138994455337524,-0.29097840189933777,-0.013510365116900402,-0.02753293514251709,-0.26826798915863037,-0.02311811510801931,0.014634490013122559,-0.19848334789276123,0.010337108668380779,0.006473898887634277,-0.2601379454135895,-0.0044396688076915325,-0.0008099675178527832,-0.271407812833786,-0.015933512787825066,-0.0020138025283813477,-0.25482556223869324,-0.022394088174706894
E,0.0,0.0,0.0,-0.06203910708427429,-0.04651123285293579,-0.01518304751215993,-0.08703547716140747,-0.11418747901916504,-0.01636451587973653,-0.05831807851791382,-0.17845547199249268,-0.01912541047631322,-0.021513283252716064,-0.2026052474975586,-0.02007523284255086,-0.09652191400527954,-0.18537425994873047,0.024343159860386265,-0.1096123456954956,-0.2531096935272217,0.012489688462032689,-0.11071300506591797,-0.2810932397842407,-0.003960056816772806,-0.10543736815452576,-0.2862575352191925,-0.014836706341789352,-0.059265345335006714,-0.19961249828338623,0.023301300472034825,-0.07089146971702576,-0.27525821328163147,0.012832140429331673,-0.07027781009674072,-0.29407668113708496,-0.004627822087691413,-0.06576114892959595,-0.2926969528198242,-0.015653920480595218,-0.023106932640075684,-0.2016254961490631,0.016910633882893933,-0.03082624077796936,-0.27593111991882324,0.0028430233899641166,-0.03251686692237854,-0.2853775918483734,-0.010806944341943847,-0.027407974004745483,-0.2685908377170563,-0.01741000556348382,0.01811140775680542,-0.1934502124786377,0.008205797402574433,0.012819349765777588,-0.2574003040790558,-0.0052943850211661925,0.0052863359451293945,-0.2645606994628906,-0.012493651480959045,5.990266799926758e-05,-0.24854815006256104,-0.015509822526560413
E,0.0,0.0,0.0,-0.06227836012840271,-0.04562753438949585,-0.015208931314951712,-0.08826747536659241,-0.11335918307304382,-0.015471203859156901,-0.05902716517448425,-0.17970740795135498,-0.017067051167792613,-0.02280271053314209,-0.2038271725177765,-0.017080976302928264,-0.09776777029037476,-0.18044167757034302,0.02657833075969762,-0.1104607880115509,-0.24819287657737732,0.01578184342830724,-0.10919427871704102,-0.27731671929359436,-0.0013845064921369499,-0.10262918472290039,-0.28404879570007324,-0.013545579883462722,-0.059672772884368896,-0.19572290778160095,0.02594930804222173,-0.07211542129516602,-0.27230018377304077,0.015839615230255788,-0.06941741704940796,-0.2934916615486145,-0.004299539747840697,-0.06408685445785522,-0.29503917694091797,-0.018047487969703013,-0.024238765239715576,-0.19839268922805786,0.0200338115438754,-0.0327739417552948,-0.2738872766494751,0.005658614774041837,-0.033140718936920166,-0.28923171758651733,-0.011914682249731356,-0.026724189519882202,-0.27577725052833557,-0.021905143420404727,0.016924798488616943,-0.19057166576385498,0.012024655331664746,0.010692179203033447,-0.2533171772956848,-0.0028063227899437493,0.0048569440841674805,-0.26820695400238037,-0.01321721882671767,0.0015048980712890625,-0.25985419750213623,-0.01916642920226508
E,0.0,0.0,0.0,-0.05772837996482849,-0.043978095054626465,-0.014771999000450009,-0.08029228448867798,-0.11603838205337524,-0.013504648721655244,-0.047364503145217896,-0.17859771847724915,-0.013779464318295354,-0.009864568710327148,-0.19691208004951477,-0.012144738017459744,-0.09308817982673645,-0.1826574206352234,0.028603344083885318,-0.10635805130004883,-0.25592321157455444,0.017370915831188327,-0.10060536861419678,-0.27228879928588867,0.0004063475694326968,-0.08979848027229309,-0.263251930475235,-0.010767349182506436,-0.05625918507575989,-0.1973169445991516,0.028389078424433833,-0.06870919466018677,-0.27818116545677185,0.018987753288010722,-0.059357404708862305,-0.2821376323699951,-0.00013086899206449232,-0.05033966898918152,-0.2717990279197693,-0.012338955095847481,-0.021192193031311035,-0.19997119903564453,0.022795147122005588,-0.0296364426612854,-0.274930477142334,0.012307851434806949,-0.02377551794052124,-0.27115774154663086,-0.0007374039509979724,-0.015255331993103027,-0.25237634778022766,-0.008491702518304223,0.01936805248260498,-0.1916775107383728,0.014731553242663509,0.01301032304763794,-0.25400352478027344,0.0056220422025123895,0.011942148208618164,-0.24606648087501526,0.0006395872092159749,0.010760009288787842,-0.22448372840881348,-0.0023706121378292977
E,0.0,0.0,0.0,-0.058114975690841675,-0.042423367500305176,-0.01825300323943324,-0.08086878061294556,-0.11582431197166443,-0.018433849319617224,-0.047056883573532104,-0.18125393986701965,-0.01911677139977641,-0.006370484828948975,-0.20295646786689758,-0.017957654773990583,-0.0940336287021637,-0.18546608090400696,0.023132626906235743,-0.104816734790802,-0.25983089208602905,0.012385002345045137,-0.100974440574646,-0.28069043159484863,-0.003389160839642358,-0.09242680668830872,-0.27663689851760864,-0.014035290099482012,-0.05625489354133606,-0.19903606176376343,0.024558619603713083,-0.06777480244636536,-0.2826769948005676,0.014632404789526987,-0.06023535132408142,-0.2883305251598358,-0.0023856065159542084,-0.05243891477584839,-0.2758021354675293,-0.012815780930022669,-0.02111274003982544,-0.19923171401023865,0.020554658964474726,-0.03026103973388672,-0.2786945104598999,0.008272154264350462,-0.025755643844604492,-0.27541181445121765,-0.003281089935253334,-0.017724156379699707,-0.254910945892334,-0.009461062021355104,0.019017457962036133,-0.18885236978530884,0.01394842752089076,0.010454893112182617,-0.25327643752098083,0.002003953334142494,0.009776890277862549,-0.24616479873657227,-0.003010462961892557,0.010063409805297852,-0.22327101230621338,-0.005346121724496555
E,0.0,0.0,0.0,-0.055256009101867676,-0.03937298059463501,-0.01974827944253832,-0.07665783166885376,-0.10767239332199097,-0.022478319322218,-0.04716753959655762,-0.17156395316123962,-0.025338075672735272,-0.011952996253967285,-0.2050068974494934,-0.026113263880361615,-0.09238997101783752,-0.19042834639549255,0.018452963242779674,-0.10140183568000793,-0.2647393047809601,0.005465900442104044,-0.09699389338493347,-0.27929598093032837,-0.012375961606849728,-0.08693671226501465,-0.2701902985572815,-0.0246488205990687,-0.054141730070114136,-0.20312026143074036,0.019269725690136852,-0.0625811517238617,-0.2865007519721985,0.008740685331176223,-0.05617454648017883,-0.28817710280418396,-0.01014940774952322,-0.04976165294647217,-0.27606436610221863,-0.023056804751504956,-0.01906454563140869,-0.20212090015411377,0.014706305610488357,-0.02421724796295166,-0.2795866131782532,0.0017772058821350356,-0.02018791437149048,-0.27302369475364685,-0.01112144029652029,-0.012338697910308838,-0.2507023215293884,-0.019248723601450024,0.022327899932861328,-0.1888270080089569,0.00749457106972784,0.016555726528167725,-0.2566758990287781,-0.005008643110741673,0.015763282775878906,-0.24707281589508057,-0.010659687770058213,0.01518559455871582,-0.22220110893249512,-0.014279845719684658
E,0.0,0.0,0.0,-0.05419039726257324,-0.04140496253967285,-0.018352647872259098,-0.07451629638671875,-0.11281567811965942,-0.021211083607365566,-0.04197239875793457,-0.1779075562953949,-0.0243796236827869,-0.003552258014678955,-0.20835843682289124,-0.0256523989155788,-0.09070989489555359,-0.19622597098350525,0.016711952535818142,-0.09834259748458862,-0.2737523913383484,0.0025058676473896924,-0.09294959902763367,-0.28700459003448486,-0.016451816634823757,-0.08157125115394592,-0.27072688937187195,-0.029087338225533443,-0.05201655626296997,-0.20808345079421997,0.01690368391425423,-0.060919612646102905,-0.294542133808136,0.006286760231862587,-0.05281156301498413,-0.299330472946167,-0.013985268400599438,-0.04377859830856323,-0.2839444875717163,-0.02816108949630447,-0.016454875469207764,-0.2052445411682129,0.012150213493416828,-0.020802855491638184,-0.2858702540397644,-0.0006754838177833733,-0.01689612865447998,-0.2879478931427002,-0.016023095326115566,-0.008317172527313232,-0.2657495141029358,-0.026142477618147808,0.025770127773284912,-0.18910905718803406,0.005074680222580952,0.020923137664794922,-0.25887787342071533,-0.00815249476729818,0.01956331729888916,-0.2580680847167969,-0.015605796688785034,0.018572092056274414,-0.23544785380363464,-0.02054225616305061
E,0.0,0.0,0.0,-0.05253398418426514,-0.034171879291534424,-0.020511028296340328,-0.0750589668750763,-0.1064794659614563,-0.025308077163089138,-0.04203253984451294,-0.17265444993972778,-0.031008719406116825,-0.001609504222869873,-0.20141959190368652,-0.033148315674651485,-0.08976197242736816,-0.19831857085227966,0.012084787772010941,-0.09364035725593567,-0.2898101210594177,-0.011321607916642051,-0.08877986669540405,-0.2809591591358185,-0.03240140614568077,-0.08090445399284363,-0.2435421347618103,-0.04346569714604698,-0.048952698707580566,-0.20983177423477173,0.011544236042510647,-0.052002549171447754,-0.3090229332447052,-0.010294084376681667,-0.0487750768661499,-0.2839662432670593,-0.02712427725552402,-0.045995235443115234,-0.2456347644329071,-0.03349746105729423,-0.013192057609558105,-0.20867589116096497,0.004913584855358977,-0.01358950138092041,-0.29137396812438965,-0.012491600527454239,-0.015351712703704834,-0.2638069987297058,-0.01719371502755962,-0.013175487518310547,-0.228928804397583,-0.016543702161897045,0.027640461921691895,-0.1948694884777069,-0.005066870651234012,0.024944961071014404,-0.26174983382225037,-0.016543113566029888,0.020332753658294678,-0.24266678094863892,-0.016616309932459217,0.016791164875030518,-0.21425527334213257,-0.014690483859766346
E,0.0,0.0,0.0,-0.053254663944244385,-0.04176205396652222,-0.02021663272913088,-0.07353487610816956,-0.12061560153961182,-0.023016480823713437,-0.0369182825088501,-0.18699204921722412,-0.027014535015183583,0.005906462669372559,-0.2114247977733612,-0.027328237985926762,-0.08689922094345093,-0.20942121744155884,0.01717326221827875,-0.09098780155181885,-0.29967546463012695,-0.003303530953559175,-0.0870099663734436,-0.2813606858253479,-0.023853425031262532,-0.07998093962669373,-0.2404589056968689,-0.03521556602950682,-0.04602915048599243,-0.21931970119476318,0.01761734476153265,-0.05234009027481079,-0.31610798835754395,0.00165779460061799,-0.04855537414550781,-0.29187318682670593,-0.01501658009524931,-0.04450869560241699,-0.2570754587650299,-0.02363535026248087,-0.009795308113098145,-0.21656623482704163,0.011634549962622032,-0.011877596378326416,-0.3009100556373596,-0.0014738138781069665,-0.013508021831512451,-0.2787163555622101,-0.009461767134922638,-0.010833978652954102,-0.24467149376869202,-0.013047029359000817,0.03104192018508911,-0.2022859752178192,0.00227201790389131,0.02845102548599243,-0.272396981716156,-0.0065610810198961644,0.023245513439178467,-0.2560097575187683,-0.008921491076904431,0.019871115684509277,-0.2257368564605713,-0.010087826383966103
E,0.0,0.0,0.0,-0.053276240825653076,-0.043812572956085205,-0.020233627966561585,-0.0735597014427185,-0.1218823790550232,-0.025928477383175164,-0.03597062826156616,-0.18526282906532288,-0.033777328765907555,0.009394228458404541,-0.2073155641555786,-0.038618097639599114,-0.08193525671958923,-0.21761876344680786,0.01287608072259161,-0.08410769701004028,-0.3097318410873413,-0.01055462714187172,-0.0826101303100586,-0.2878587543964386,-0.032174962199249535,-0.07675021886825562,-0.24604365229606628,-0.04395212102583912,-0.04187828302383423,-0.22641587257385254,0.011116929725787372,-0.04283022880554199,-0.3277801275253296,-0.008707274309315949,-0.04293769598007202,-0.2972303032875061,-0.02514580506733921,-0.04038715362548828,-0.25759851932525635,-0.03213617447666195,-0.0048024654388427734,-0.2224661409854889,0.003025255306667418,-0.004678308963775635,-0.311029314994812,-0.012070241942026882,-0.009013593196868896,-0.280173659324646,-0.018210415354886322,-0.008411705493927002,-0.24153825640678406,-0.0193396216248658,0.03517639636993408,-0.20489588379859924,-0.008577559701123505,0.03326982259750366,-0.27796831727027893,-0.017454013786235123,0.02622401714324951,-0.25664326548576355,-0.017743774316230088,0.022384345531463623,-0.22247016429901123,-0.016819270885505944
E,0.0,0.0,0.0,-0.05273693799972534,-0.04662752151489258,-0.02186634900792228,-0.0742107629776001,-0.12442922592163086,-0.02913677829130279,-0.03684890270233154,-0.1882118284702301,-0.037921007227140535,0.007786154747009277,-0.21308687329292297,-0.04350500504298793,-0.08333984017372131,-0.22202405333518982,0.007887300599378477,-0.08384686708450317,-0.31688612699508667,-0.0164761985354005,-0.08091846108436584,-0.2975410223007202,-0.03966984103246318,-0.0763847827911377,-0.254990816116333,-0.05283371682091342,-0.041941285133361816,-0.23051589727401733,0.006809704966855179,-0.041938841342926025,-0.33272960782051086,-0.013212461460369695,-0.039705634117126465,-0.30431926250457764,-0.03180777231975185,-0.038529932498931885,-0.26333585381507874,-0.0415199803821622,-0.004289984703063965,-0.22590914368629456,-0.00028247805241221613,-0.002699136734008789,-0.3153178095817566,-0.01539423919095384,-0.005117237567901611,-0.28832679986953735,-0.0238907593004285,-0.005803346633911133,-0.2466505467891693,-0.027618618186551203,0.035631537437438965,-0.20751717686653137,-0.010930328134435285,0.03627282381057739,-0.27943772077560425,-0.020839547242957224,0.030451595783233643,-0.26217326521873474,-0.023293455567198862,0.025068819522857666,-0.22714844346046448,-0.024427998315530886
E,0.0,0.0,0.0,-0.05345487594604492,-0.04723721742630005,-0.02220915770115539,-0.07413819432258606,-0.1262684464454651,-0.031287304590961185,-0.03370106220245361,-0.19062089920043945,-0.04287816164972469,0.011960864067077637,-0.21375396847724915,-0.05104091344358608,-0.08259862661361694,-0.22374457120895386,0.007200164720842395,-0.0855514407157898,-0.3226926922798157,-0.022067440207621303,-0.08145946264266968,-0.29285258054733276,-0.04718179581644222,-0.07696181535720825,-0.24568557739257812,-0.06042414857031986,-0.040873050689697266,-0.23225989937782288,0.004479223397055421,-0.04247641563415527,-0.3380125164985657,-0.019971921573898044,-0.03922492265701294,-0.30166929960250854,-0.03839814616324588,-0.03794372081756592,-0.2593126893043518,-0.04642239538910076,-0.0021761059761047363,-0.22871142625808716,-0.0047900448549000885,-0.002133786678314209,-0.3229411244392395,-0.02286414941730186,-0.0046294331550598145,-0.2889530062675476,-0.028288468252441135,-0.006462812423706055,-0.24723634123802185,-0.028582335914990153,0.03869974613189697,-0.21119311451911926,-0.017847999464294162,0.039399683475494385,-0.2841433882713318,-0.027276515494605746,0.03227263689041138,-0.26228201389312744,-0.026364024262448993,0.02529054880142212,-0.22692883014678955,-0.024482026230117526
E,0.0,0.0,0.0,-0.053016602993011475,-0.045494258403778076,-0.024514938042926815,-0.07239669561386108,-0.12590986490249634,-0.03283094269173148,-0.0278816819190979,-0.19425928592681885,-0.04315869909660819,0.020563125610351562,-0.21962830424308777,-0.05015511837737563,-0.0818290114402771,-0.2205594778060913,0.0068171217204451295,-0.0846598744392395,-0.31970685720443726,-0.02326576438682082,-0.08076605200767517,-0.2942959666252136,-0.04853399869935515,-0.07625982165336609,-0.24553698301315308,-0.06135692846910956,-0.039441585540771484,-0.22968322038650513,0.005926685138177845,-0.04126971960067749,-0.33508220314979553,-0.020231025563049343,-0.03908807039260864,-0.2948992848396301,-0.0375792759372473,-0.03828638792037964,-0.24687525629997253,-0.043582730264830616,-0.00018143653869628906,-0.2264997661113739,-0.0018738276925489572,-0.0012866854667663574,-0.31762415170669556,-0.02231116619842055,-0.0042220354080200195,-0.2743959426879883,-0.025313064725565937,-0.004831373691558838,-0.22733384370803833,-0.022572737456727054,0.04099017381668091,-0.20982661843299866,-0.013740107686686542,0.04023635387420654,-0.27994316816329956,-0.026064990357923534,0.03316354751586914,-0.2528417408466339,-0.024622429431843784,0.027824461460113525,-0.21516090631484985,-0.0211648254557133
E,0.0,0.0,0.0,-0.053396016359329224,-0.04758840799331665,-0.025589061518672906,-0.07322883605957031,-0.12246310710906982,-0.03622617161786934,-0.029859066009521484,-0.18799078464508057,-0.047940551852349245,0.01898294687271118,-0.21424967050552368,-0.05595961174881836,-0.07985681295394897,-0.22538650035858154,0.00508886939891795,-0.07825082540512085,-0.32163023948669434,-0.023901199539665186,-0.07664775848388672,-0.30494844913482666,-0.04916972628748795,-0.07281440496444702,-0.2587568759918213,-0.06253310254729172,-0.035702645778656006,-0.2348296344280243,0.00474192659416417,-0.03390359878540039,-0.3364887833595276,-0.01957212536549946,-0.03343188762664795,-0.30094823241233826,-0.03601768202102562,-0.03341168165206909,-0.25411278009414673,-0.04241000450170418,0.0036407113075256348,-0.2289649248123169,-0.002439968138475024,0.0049367547035217285,-0.31845536828041077,-0.021236747120980226,0.0009244084358215332,-0.28064998984336853,-0.0226601153514423,0.0016455650329589844,-0.23527175188064575,-0.01982268094039341,0.04647529125213623,-0.20807403326034546,-0.013777182055179082,0.046936094760894775,-0.2773519456386566,-0.024479660754565202,0.03888392448425293,-0.25290578603744507,-0.02119369580364605,0.03329300880432129,-0.2172713279724121,-0.016880046193961107
E,0.0,0.0,0.0,-0.05741530656814575,-0.05004197359085083,-0.020586196386624067,-0.07858353853225708,-0.1319293975830078,-0.02920634118597576,-0.03476923704147339,-0.19332170486450195,-0.0407467354623563,0.014847815036773682,-0.20721662044525146,-0.05029054550211498,-0.07900500297546387,-0.22369927167892456,0.006616843810867579,-0.07904183864593506,-0.32337942719459534,-0.0232686382321603,-0.07682904601097107,-0.321946382522583,-0.05002556932847568,-0.0713094174861908,-0.28119921684265137,-0.06373109860103199,-0.037039607763290405,-0.2344294786453247,0.002621987082626731,-0.03598761558532715,-0.3440839648246765,-0.023885540717650144,-0.03480684757232666,-0.32683852314949036,-0.04517577780168125,-0.03236249089241028,-0.2800368070602417,-0.05435718042533466,0.0019122958183288574,-0.23007559776306152,-0.00749886460359761,0.004672110080718994,-0.3272894024848938,-0.027555611038017958,0.0006601214408874512,-0.3070752024650574,-0.03810943854730198,0.0016723275184631348,-0.2608852684497833,-0.040623096802640646,0.042093634605407715,-0.21240657567977905,-0.02115900074820587,0.04376167058944702,-0.28605204820632935,-0.033543093183446615,0.035810649394989014,-0.2791357934474945,-0.03689475921671459,0.03234601020812988,-0.24548214673995972,-0.0367925223497636
E,0.0,0.0,0.0,-0.06136724352836609,-0.047906458377838135,-0.019020914915618192,-0.08546596765518188,-0.12707382440567017,-0.027409708011564504,-0.04776108264923096,-0.19438296556472778,-0.038481242838916074,0.002890169620513916,-0.21091830730438232,-0.047636270407256376,-0.08277907967567444,-0.22643828392028809,0.00811355479467224,-0.09132799506187439,-0.3179112672805786,-0.01558681938391615,-0.08806347846984863,-0.3295964300632477,-0.03891693044048239,-0.07922288775444031,-0.2996000349521637,-0.05201485368948866,-0.040450096130371094,-0.2428455352783203,0.00402942451122712,-0.047139525413513184,-0.34299176931381226,-0.014169871691283475,-0.04590362310409546,-0.3434532880783081,-0.03303166094761778,-0.04246145486831665,-0.30692973732948303,-0.04383684683185507,-0.0014193058013916016,-0.2412678599357605,-0.005529987509962808,-0.005598187446594238,-0.3351663053035736,-0.021818881738600027,-0.011129558086395264,-0.3283732533454895,-0.03167215350609709,-0.007934808731079102,-0.28459152579307556,-0.035905342433270704,0.041378140449523926,-0.22411328554153442,-0.018378613400873434,0.036033451557159424,-0.29794439673423767,-0.03037365700643946,0.025387823581695557,-0.2945364713668823,-0.033122230205353986,0.02069258689880371,-0.2574029564857483,-0.03327108162980963
E,0.0,0.0,0.0,-0.0613631010055542,-0.04591614007949829,-0.01976939813193468,-0.08641183376312256,-0.12905848026275635,-0.026798665159908808,-0.04639536142349243,-0.19746005535125732,-0.036362638333407915,0.0035324692726135254,-0.2120017409324646,-0.043658593305913485,-0.08436274528503418,-0.22670459747314453,0.008329832358690226,-0.09153169393539429,-0.32489776611328125,-0.019087070235578096,-0.08816400170326233,-0.32364583015441895,-0.04403365180787233,-0.07885527610778809,-0.2834121584892273,-0.05726475045975832,-0.040917158126831055,-0.2419966459274292,0.0045510953203162785,-0.045578330755233765,-0.3531118333339691,-0.018580002346602953,-0.045041561126708984,-0.3397709131240845,-0.037517705568639315,-0.04101276397705078,-0.2947934865951538,-0.046026246258584536,-0.0012826919555664062,-0.23908460140228271,-0.0052041221499123935,-0.0038679838180541992,-0.3389080762863159,-0.025767970466581858,-0.00938597321510315,-0.3193401098251343,-0.03451463357504991,-0.005248665809631348,-0.27109000086784363,-0.03617128879722742,0.0420413613319397,-0.2202523946762085,-0.018309913212029016,0.037756502628326416,-0.2942056357860565,-0.034129770109025515,0.028873324394226074,-0.2825058698654175,-0.03736409322318224,0.025874674320220947,-0.24315083026885986,-0.03679471612867502
E,0.0,0.0,0.0,-0.05793878436088562,-0.03933155536651611,-0.02174140102425781,-0.08806094527244568,-0.12570643424987793,-0.031060561157858046,-0.04891997575759888,-0.1971256136894226,-0.04259236677745548,0.004216045141220093,-0.21689867973327637,-0.051891376815831336,-0.08421945571899414,-0.2311997413635254,0.0003747234893012319,-0.09107193350791931,-0.33279722929000854,-0.02888203746834961,-0.08980405330657959,-0.3259148895740509,-0.05386498346189228,-0.0824303925037384,-0.2823253870010376,-0.06711433976153103,-0.040329813957214355,-0.24690181016921997,-0.003547274360528263,-0.04369857907295227,-0.3614489436149597,-0.02854070029417244,-0.045583635568618774,-0.3402343988418579,-0.04614379032710758,-0.04382196068763733,-0.29137110710144043,-0.05339764579395023,-0.00018486380577087402,-0.24347978830337524,-0.013267065018510493,-0.0022523105144500732,-0.3452913165092468,-0.03450437038401333,-0.00919082760810852,-0.3156958222389221,-0.041143355511223945,-0.00742223858833313,-0.26422616839408875,-0.04149105548123089,0.04259440302848816,-0.2236207127571106,-0.02646334245065418,0.03748562932014465,-0.29636484384536743,-0.04223751797536579,0.028578907251358032,-0.2791140079498291,-0.044208963953053626,0.026579827070236206,-0.2385408878326416,-0.04297609030464855
E,0.0,0.0,0.0,-0.05824524164199829,-0.039905846118927,-0.022982844166278937,-0.09151008725166321,-0.12451142072677612,-0.0344962934179307,-0.05530866980552673,-0.19719576835632324,-0.04822762777638445,-0.0015079081058502197,-0.2203214168548584,-0.05945693796110163,-0.08710139989852905,-0.23795545101165771,-0.00302617067080746,-0.0929480791091919,-0.34151211380958557,-0.033693865887642005,-0.09340488910675049,-0.333954781293869,-0.060505692861795524,-0.08681684732437134,-0.2887718081474304,-0.07527122741174708,-0.042105257511138916,-0.25381386280059814,-0.007303506150662997,-0.045975565910339355,-0.37048256397247314,-0.033476539902210334,-0.04893949627876282,-0.3496219515800476,-0.05369910319876681,-0.04667404294013977,-0.2986796796321869,-0.06324886625242243,-0.0012440383434295654,-0.24974119663238525,-0.017185649849295714,-0.0030461251735687256,-0.35433119535446167,-0.03814838176202784,-0.009847909212112427,-0.328838050365448,-0.04769390543532381,-0.007174849510192871,-0.2747279107570648,-0.050500282101154426,0.041829586029052734,-0.2289847731590271,-0.03064579797518263,0.03717195987701416,-0.30368342995643616,-0.04594796245527277,0.02793419361114502,-0.29360610246658325,-0.049968459658146,0.025990009307861328,-0.2533913254737854,-0.0505407909078599
E,0.0,0.0,0.0,-0.0601978600025177,-0.03909313678741455,-0.025449669989725976,-0.09311199188232422,-0.13620972633361816,-0.0372326719341487,-0.051612645387649536,-0.2146180272102356,-0.051516627031347184,0.0068836510181427,-0.22306185960769653,-0.06271554629780951,-0.09097474813461304,-0.23828989267349243,-0.0017776528373047995,-0.09890878200531006,-0.34771302342414856,-0.03353703867175284,-0.09751597046852112,-0.3321458101272583,-0.05909674342252913,-0.08963876962661743,-0.2803342342376709,-0.0719333226559371,-0.04565858840942383,-0.25492018461227417,-0.004099646187356143,-0.04927343130111694,-0.37607505917549133,-0.03295451875307265,-0.0520910918712616,-0.34590017795562744,-0.05025601487137976,-0.050136566162109375,-0.28756842017173767,-0.055257168668291,-0.0038195252418518066,-0.25217705965042114,-0.012821477907678513,-0.007476747035980225,-0.35856491327285767,-0.03531815584280196,-0.014525413513183594,-0.32115089893341064,-0.04100268061735335,-0.012450456619262695,-0.2618844509124756,-0.0388096431968421,0.03862154483795166,-0.23586350679397583,-0.025620841491004853,0.032003045082092285,-0.3089907467365265,-0.03962446849324408,0.02213984727859497,-0.29237887263298035,-0.0413866872666091,0.02066892385482788,-0.2505958676338196,-0.03929757054426375
E,0.0,0.0,0.0,-0.06117314100265503,-0.040255963802337646,-0.024653350147488595,-0.09581989049911499,-0.13216716051101685,-0.037500768113019944,-0.055779218673706055,-0.20998388528823853,-0.053138214307907106,0.0036103129386901855,-0.22430264949798584,-0.06581157739746857,-0.08930280804634094,-0.2393607497215271,-0.0037766936282395136,-0.09864059090614319,-0.3490246534347534,-0.03575835298288155,-0.10175445675849915,-0.33426111936569214,-0.061602681088331224,-0.09427344799041748,-0.28334710001945496,-0.07504067863810349,-0.04375019669532776,-0.2560730576515198,-0.007524829502287389,-0.04710403084754944,-0.3802822530269623,-0.036658409196022035,-0.05696704983711243,-0.3526754081249237,-0.05445365901577759,-0.055728524923324585,-0.29349908232688904,-0.06030176873791504,-0.00157928466796875,-0.2516254186630249,-0.017330966102960588,-0.005046486854553223,-0.36229830980300903,-0.039723585504177095,-0.016417890787124634,-0.3263126313686371,-0.04514555926907349,-0.012989312410354614,-0.2660039961338043,-0.0432280145167141,0.042604297399520874,-0.2325829267501831,-0.031158688622596742,0.03561493754386902,-0.3087942600250244,-0.045214059907081605,0.023378759622573853,-0.29350414872169495,-0.04648205186713028,0.023282736539840698,-0.2506375312805176,-0.044192521977308274
E,0.0,0.0,0.0,-0.06346547603607178,-0.03775674104690552,-0.022272135076121913,-0.10031020641326904,-0.12861907482147217,-0.03354740044196092,-0.06393641233444214,-0.20704710483551025,-0.04805331206043206,-0.010590910911560059,-0.22726386785507202,-0.05977574637253724,-0.09366065263748169,-0.242631733417511,-0.0009767009792938097,-0.10355183482170105,-0.3537994623184204,-0.03259769728501283,-0.105134516954422,-0.3329392671585083,-0.05762873491366349,-0.09666475653648376,-0.2803061306476593,-0.07015968760569535,-0.04779598116874695,-0.2595820426940918,-0.005861150045888053,-0.053615301847457886,-0.3832840323448181,-0.03413418581803285,-0.06063133478164673,-0.34878674149513245,-0.05045073753316842,-0.057716041803359985,-0.2895281910896301,-0.05489284819086038,-0.005153536796569824,-0.25739574432373047,-0.016812310499147998,-0.011538326740264893,-0.3663890063762665,-0.039483751115398036,-0.020796537399291992,-0.3252089321613312,-0.043898942825393306,-0.015522271394729614,-0.2648945748806,-0.041030726340608226,0.0398196280002594,-0.24003630876541138,-0.03146574920137368,0.030526190996170044,-0.317935049533844,-0.04529547965248071,0.019000858068466187,-0.2958257496356964,-0.04495600512345277,0.02017727494239807,-0.24995768070220947,-0.041425201055602656
E,0.0,0.0,0.0,-0.06493866443634033,-0.03819596767425537,-0.022343446505090014,-0.10229295492172241,-0.12846064567565918,-0.033098614779135005,-0.0663442611694336,-0.2087532877922058,-0.047074577775617854,-0.011791765689849854,-0.22810423374176025,-0.05804609787168147,-0.09544479846954346,-0.24324053525924683,-0.0006635395156422419,-0.10551932454109192,-0.35559433698654175,-0.03423739877047183,-0.10734826326370239,-0.33301877975463867,-0.05971100088657977,-0.09593382477760315,-0.27866196632385254,-0.07202147599758746,-0.04908224940299988,-0.2605486810207367,-0.005540589340796487,-0.0529293417930603,-0.38997769355773926,-0.03841030505003573,-0.06147134304046631,-0.35103827714920044,-0.055456883278509395,-0.05780509114265442,-0.28781354427337646,-0.0583218922883475,-0.006533563137054443,-0.2590033710002899,-0.016621642750521914,-0.010618507862091064,-0.36411166191101074,-0.04400314297976138,-0.021180301904678345,-0.3177018165588379,-0.04868322145642878,-0.014548689126968384,-0.2556496262550354,-0.04365087952913882,0.039312154054641724,-0.2422303557395935,-0.031300841835161464,0.030491560697555542,-0.3161734342575073,-0.04796146881284358,0.019631952047348022,-0.2933657765388489,-0.048329233196398036,0.023009508848190308,-0.24879813194274902,-0.04395847302379252
E,0.0,0.0,0.0,-0.07335463166236877,-0.037158429622650146,-0.022598338746114166,-0.11304980516433716,-0.140292227268219,-0.032083274297995956,-0.07317548990249634,-0.22570139169692993,-0.04536778988747159,-0.01270177960395813,-0.2316201627254486,-0.05623524027375737,-0.11305329203605652,-0.2498232126235962,0.007489995598213284,-0.12403708696365356,-0.35547947883605957,-0.02342378298251191,-0.1278911530971527,-0.3605270981788635,-0.04938799651770154,-0.11863049864768982,-0.3215683698654175,-0.06269985946325818,-0.06466808915138245,-0.27181392908096313,0.0019205037135421321,-0.07092934846878052,-0.39555618166923523,-0.028380570434613617,-0.07984638214111328,-0.3743354380130768,-0.04700952532200375,-0.07549667358398438,-0.3156711161136627,-0.051311069600863846,-0.01906678080558777,-0.27157431840896606,-0.010251472205503376,-0.025504887104034424,-0.3799024820327759,-0.0332845016053156,-0.036838680505752563,-0.3452361822128296,-0.03744154187349835,-0.030038923025131226,-0.28648388385772705,-0.03315678747801343,0.03004792332649231,-0.2563020884990692,-0.02665888840763131,0.018265068531036377,-0.334389328956604,-0.03927267106680432,0.0069657862186431885,-0.3123685419559479,-0.03738775240687886,0.010463804006576538,-0.2638295888900757,-0.03199667992500821
E,0.0,0.0,0.0,-0.0721028745174408,-0.03140890598297119,-0.024957063277241787,-0.11734598875045776,-0.13391131162643433,-0.03674684711265286,-0.0811455249786377,-0.2254151999950409,-0.051656315703866085,-0.018653929233551025,-0.23930221796035767,-0.06349384658503254,-0.11244377493858337,-0.25412511825561523,-0.0035720615601064765,-0.12603789567947388,-0.37192487716674805,-0.036904043187377056,-0.13172081112861633,-0.35689467191696167,-0.06121728443073948,-0.1208685040473938,-0.305681049823761,-0.07287581138777455,-0.06378847360610962,-0.2738911807537079,-0.00846811630296429,-0.07134172320365906,-0.4120725393295288,-0.04258972280192097,-0.08373528718948364,-0.3752795457839966,-0.0587087409989806,-0.07809868454933167,-0.30941855907440186,-0.06001654513644894,-0.017284512519836426,-0.27293527126312256,-0.019832943235513767,-0.022506892681121826,-0.3891375958919525,-0.04639390357303341,-0.03789925575256348,-0.3461534082889557,-0.05117909484076222,-0.031291037797927856,-0.28414347767829895,-0.0462396467523547,0.03193467855453491,-0.2577110528945923,-0.0352613131003352,0.02270609140396118,-0.3420228362083435,-0.049886463810679516,0.007310211658477783,-0.3195251226425171,-0.04979636021423062,0.009336143732070923,-0.2712833881378174,-0.04543648161458691
E,0.0,0.0,0.0,-0.07953071594238281,-0.03794664144515991,-0.024941996925164744,-0.12266916036605835,-0.13801681995391846,-0.03509176827280669,-0.08842605352401733,-0.23453238606452942,-0.0491586544296041,-0.02570289373397827,-0.24602097272872925,-0.06084044209926276,-0.118650883436203,-0.25638970732688904,0.00658670787454696,-0.13339275121688843,-0.36371910572052,-0.02527288279740958,-0.13881689310073853,-0.38161373138427734,-0.05195748365729003,-0.12865635752677917,-0.3487333655357361,-0.06584926626889853,-0.06978833675384521,-0.2820957899093628,0.001517000004994884,-0.07706686854362488,-0.41371914744377136,-0.03428919918148665,-0.08836734294891357,-0.3980177342891693,-0.0577335984191194,-0.08369329571723938,-0.3357940912246704,-0.06441318921058325,-0.02335771918296814,-0.2838827967643738,-0.010050515898157641,-0.026923954486846924,-0.39338284730911255,-0.03989000923245101,-0.03964081406593323,-0.35547080636024475,-0.0492349446496263,-0.031577080488204956,-0.28971555829048157,-0.045897904106070087,0.02691042423248291,-0.26996925473213196,-0.02559992975800185,0.01582026481628418,-0.35273900628089905,-0.043265938081432864,0.0029085278511047363,-0.33083632588386536,-0.04544867507426886,0.007500737905502319,-0.2765558063983917,-0.04152855581848769
E,0.0,0.0,0.0,-0.0755355954170227,-0.03345435857772827,-0.028181037774402284,-0.12407374382019043,-0.13579213619232178,-0.04047299260469117,-0.09319853782653809,-0.23168358206748962,-0.05557018229933419,-0.030804187059402466,-0.24689114093780518,-0.0675211892482821,-0.12121346592903137,-0.2580528259277344,-0.0012852552133608697,-0.135160893201828,-0.3760928213596344,-0.03509564781757035,-0.14270609617233276,-0.38189926743507385,-0.061577946787792825,-0.1313449740409851,-0.34345313906669617,-0.07534757713051476,-0.0709887146949768,-0.28156545758247375,-0.005459979551005745,-0.08200034499168396,-0.4224020540714264,-0.04224764639707246,-0.09443947672843933,-0.4025192856788635,-0.06409106860132852,-0.08682656288146973,-0.3409167230129242,-0.06964854607554116,-0.023408502340316772,-0.28316986560821533,-0.01637428151639142,-0.028637230396270752,-0.4016052782535553,-0.0456415348705832,-0.042597055435180664,-0.3667566478252411,-0.05448487857552209,-0.034299999475479126,-0.3048703968524933,-0.051925429051834726,0.027410447597503662,-0.2700837552547455,-0.03171181390257516,0.017930030822753906,-0.35322344303131104,-0.04982648873897233,0.0034696459770202637,-0.3343251943588257,-0.053433024233299875,0.0063073039054870605,-0.2851305603981018,-0.051213283931929254
E,0.0,0.0,0.0,-0.07998096942901611,-0.036569058895111084,-0.026102224992968104,-0.12874361872673035,-0.13524013757705688,-0.03611330750808861,-0.09864765405654907,-0.23119187355041504,-0.048965074750043414,-0.03702607750892639,-0.25220057368278503,-0.05839087504372742,-0.1283632516860962,-0.2678757309913635,0.004580729012928941,-0.14162090420722961,-0.3818126916885376,-0.026751613872505686,-0.14599111676216125,-0.3903784155845642,-0.05191263991818573,-0.13248294591903687,-0.35037192702293396,-0.06498171451912071,-0.07595139741897583,-0.29244160652160645,-0.00011089150447674001,-0.08508020639419556,-0.4292396008968353,-0.034718759986020586,-0.09623384475708008,-0.41202399134635925,-0.056662232311822436,-0.09021425247192383,-0.3497561514377594,-0.06301764461622383,-0.026766300201416016,-0.2944927215576172,-0.011525444383181593,-0.03037017583847046,-0.41033923625946045,-0.03986544969902184,-0.04352617263793945,-0.37688148021698,-0.04824665996656563,-0.035057395696640015,-0.31410878896713257,-0.0459564669750705,0.027223855257034302,-0.27952757477760315,-0.0271891175530925,0.01773121953010559,-0.3618068993091583,-0.045581762375690005,0.003531128168106079,-0.3417864441871643,-0.048697654785968325,0.006512731313705444,-0.29147815704345703,-0.04619643527493622
E,0.0,0.0,0.0,-0.07922700047492981,-0.033654868602752686,-0.027286378775457365,-0.13160917162895203,-0.1399034857749939,-0.039574667920092566,-0.09594544768333435,-0.2398473620414734,-0.05547976132176302,-0.027318120002746582,-0.2568516135215759,-0.06883987050197504,-0.13031116127967834,-0.26775676012039185,0.00043502776723869374,-0.1450730860233307,-0.3868441581726074,-0.03467924903772257,-0.15006482601165771,-0.3923160433769226,-0.06220233078740023,-0.1362493634223938,-0.3546551465988159,-0.07636713247440241,-0.07768100500106812,-0.2921108603477478,-0.005382145398030502,-0.0860898494720459,-0.43751412630081177,-0.045007787753561956,-0.09606531262397766,-0.4105287790298462,-0.06727325927160166,-0.08874526619911194,-0.341492235660553,-0.07142808299205683,-0.027066737413406372,-0.2941737771034241,-0.018014224354843122,-0.030361026525497437,-0.41749244928359985,-0.04993639897249125,-0.04195821285247803,-0.37478241324424744,-0.05863831575653933,-0.034879595041275024,-0.30727389454841614,-0.05444199602744959,0.02629566192626953,-0.27889376878738403,-0.034872152019957525,0.017052650451660156,-0.3653227388858795,-0.053946100284079535,0.0034464001655578613,-0.3399341404438019,-0.05617021035097025,0.005399107933044434,-0.2856552302837372,-0.05223370726845644
E,0.0,0.0,0.0,-0.08084842562675476,-0.03444027900695801,-0.02780404267019776,-0.1317741870880127,-0.14162015914916992,-0.038642804595895086,-0.09968739748001099,-0.24332019686698914,-0.05243522253937272,-0.033165961503982544,-0.26355499029159546,-0.06198600632257012,-0.12963825464248657,-0.2816566228866577,-0.0004669494729228063,-0.14372408390045166,-0.4061737656593323,-0.03676369366354493,-0.14906278252601624,-0.41160333156585693,-0.06303030950135735,-0.13637247681617737,-0.35902079939842224,-0.07500335526771096,-0.07455000281333923,-0.3029595613479614,-0.0049663400196209295,-0.083346426486969,-0.4467722773551941,-0.043988327953286444,-0.0951506495475769,-0.42416268587112427,-0.06451943469352273,-0.08856558799743652,-0.3524872958660126,-0.06796131235665825,-0.023614317178726196,-0.3003603219985962,-0.016588236662812506,-0.02763986587524414,-0.4232436716556549,-0.04691453230685738,-0.04073488712310791,-0.3854750990867615,-0.050047665360636984,-0.03119027614593506,-0.318063884973526,-0.04281168756193665,0.031986773014068604,-0.28265419602394104,-0.03295659971541909,0.02416384220123291,-0.37086328864097595,-0.053057834032244955,0.009519696235656738,-0.3487872779369354,-0.05413855192369965,0.012252092361450195,-0.29472815990448,-0.04884574142403153
E,0.0,0.0,0.0,-0.07817193865776062,-0.0361669659614563,-0.02679311312255095,-0.1291690170764923,-0.1398276686668396,-0.038293646792737945,-0.09495821595191956,-0.2381317913532257,-0.05259068883475493,-0.028747648000717163,-0.26104915142059326,-0.06287598810610007,-0.1279909610748291,-0.2853618562221527,-0.005178587655393585,-0.13986533880233765,-0.4173685312271118,-0.043931501130430206,-0.1444043219089508,-0.40876317024230957,-0.07016817681011389,-0.1313154697418213,-0.3508058786392212,-0.08159787408527563,-0.07153692841529846,-0.3063391149044037,-0.010933722513584598,-0.07895177602767944,-0.4617546498775482,-0.05226589194950293,-0.08910131454467773,-0.4223518967628479,-0.06999955527004431,-0.08437898755073547,-0.34750664234161377,-0.07016951046404074,-0.018961191177368164,-0.3040649890899658,-0.023601533989278778,-0.020300328731536865,-0.4290531277656555,-0.05679441444095801,-0.03196805715560913,-0.37733304500579834,-0.05874810941037367,-0.02552923560142517,-0.308533638715744,-0.04972588844117354,0.03713417053222656,-0.2825052738189697,-0.04050910673555563,0.03219670057296753,-0.37237465381622314,-0.060284538338748916,0.018787026405334473,-0.3425067961215973,-0.05869420445975493,0.019174814224243164,-0.2886313199996948,-0.05173503808197211
E,0.0,0.0,0.0,-0.08161619305610657,-0.0424731969833374,-0.028501751928104113,-0.12930366396903992,-0.147424578666687,-0.04068768685914392,-0.09148368239402771,-0.2494642436504364,-0.0552744186506402,-0.022238731384277344,-0.2786513566970825,-0.06572472593046541,-0.12739607691764832,-0.2938061058521271,-0.0035072559048217045,-0.14025071263313293,-0.42455801367759705,-0.0400427571520936,-0.14510750770568848,-0.4221087694168091,-0.06759240022159929,-0.13332420587539673,-0.3696568012237549,-0.08121060123897905,-0.06995239853858948,-0.31542137265205383,-0.008560171446276854,-0.07475513219833374,-0.46797293424606323,-0.044754534123910616,-0.0854739248752594,-0.43916529417037964,-0.06435637464977617,-0.08294680714607239,-0.37426912784576416,-0.06927427938438768,-0.016569554805755615,-0.3121040463447571,-0.02073457567252035,-0.015219628810882568,-0.43882066011428833,-0.0500421031401288,-0.030446618795394897,-0.40195536613464355,-0.05584502509094591,-0.027002573013305664,-0.33825093507766724,-0.05240187337852831,0.040168583393096924,-0.2873808443546295,-0.037430103032363604,0.03619039058685303,-0.38269537687301636,-0.05442988788939829,0.019928336143493652,-0.36066508293151855,-0.05422117477513666,0.01875239610671997,-0.3061286211013794,-0.0503065987513196
E,0.0,0.0,0.0,-0.08597949147224426,-0.03906440734863281,-0.0288942314228251,-0.1393139660358429,-0.1450875997543335,-0.04086403246132875,-0.10372012853622437,-0.25093188881874084,-0.05576925422160173,-0.03202754259109497,-0.2753522992134094,-0.06719852308837915,-0.13761401176452637,-0.2920745313167572,-0.0011356332116037038,-0.1516285538673401,-0.42068344354629517,-0.03620306844918275,-0.15382346510887146,-0.4312422275543213,-0.06332083861438775,-0.13998442888259888,-0.38944748044013977,-0.07742191176025415,-0.08023577928543091,-0.31724464893341064,-0.00683313072754288,-0.0886167585849762,-0.4682464003562927,-0.044003278716488126,-0.09844240546226501,-0.44709378480911255,-0.06575696985332513,-0.09500029683113098,-0.3824245035648346,-0.07177824596969629,-0.02610298991203308,-0.3176833987236023,-0.01961003872661138,-0.02851143479347229,-0.4450600743293762,-0.05064181308357263,-0.0404016375541687,-0.4040684103965759,-0.057517484529896024,-0.03487265110015869,-0.33809274435043335,-0.05418327148167634,0.03168445825576782,-0.29584312438964844,-0.03693433920948053,0.02461099624633789,-0.39098554849624634,-0.0564833402177527,0.010087072849273682,-0.36513835191726685,-0.057284847601337674,0.009735047817230225,-0.30994486808776855,-0.053537842585726025
E,0.0,0.0,0.0,-0.08212381601333618,-0.04282569885253906,-0.029617659221528925,-0.13454830646514893,-0.14887124300003052,-0.04173533565843002,-0.09872052073478699,-0.2555713951587677,-0.05629520065629379,-0.03025263547897339,-0.2834846079349518,-0.066405433635353,-0.13934552669525146,-0.30359500646591187,-0.0002730605752532256,-0.1524343490600586,-0.4354357421398163,-0.03739426977479354,-0.154561847448349,-0.4340405762195587,-0.06435366294824973,-0.13839241862297058,-0.3842751085758209,-0.07746731064760581,-0.07927864789962769,-0.3264535963535309,-0.004910121611445106,-0.08767488598823547,-0.47823566198349,-0.0422486061557521,-0.09580698609352112,-0.4404710829257965,-0.05916118196689979,-0.08925190567970276,-0.3744398355484009,-0.06078483111703292,-0.022513985633850098,-0.32523906230926514,-0.017357995207547106,-0.022789835929870605,-0.4488292634487152,-0.04917813039863006,-0.0350191593170166,-0.3962656855583191,-0.04993315360987083,-0.02786695957183838,-0.3311433792114258,-0.04148312605464355,0.03796076774597168,-0.3021535575389862,-0.03455943189108268,0.03330045938491821,-0.39493900537490845,-0.05348486400687591,0.018220603466033936,-0.3623645603656769,-0.05038291535818473,0.01836305856704712,-0.30978792905807495,-0.0432275863691558
E,0.0,0.0,0.0,-0.08306154608726501,-0.04585623741149902,-0.028570299822135325,-0.1317475140094757,-0.15301185846328735,-0.038604721280975696,-0.099789559841156,-0.26445508003234863,-0.05070742205087697,-0.03168511390686035,-0.30562824010849,-0.05768524095718419,-0.13892540335655212,-0.323993057012558,0.00582589829038227,-0.15109574794769287,-0.44668999314308167,-0.02593928933445966,-0.15416795015335083,-0.4663567543029785,-0.051033876690311786,-0.13892066478729248,-0.4303086996078491,-0.06480060503189122,-0.07496759295463562,-0.34948983788490295,0.0007808021914712526,-0.08515194058418274,-0.4968961328268051,-0.03322685495321309,-0.09492221474647522,-0.47735175490379333,-0.05256862923805272,-0.09062010049819946,-0.4178912043571472,-0.057561274471922275,-0.017615139484405518,-0.34659016132354736,-0.011572487506313678,-0.01953524351119995,-0.47110921144485474,-0.03994492426816976,-0.03289097547531128,-0.43076571822166443,-0.039465173932953235,-0.025382041931152344,-0.36625805497169495,-0.03163527310196912,0.04561197757720947,-0.319263219833374,-0.028938781324072238,0.03625577688217163,-0.415767103433609,-0.0476887746185497,0.02026742696762085,-0.3898506760597229,-0.045126426819010135,0.020209193229675293,-0.33673983812332153,-0.03846427783672368
E,0.0,0.0,0.0,-0.08821260929107666,-0.04337763786315918,-0.03382456032046832,-0.141236811876297,-0.1689125895500183,-0.04648654637345828,-0.0990099310874939,-0.28539222478866577,-0.06230589104303874,-0.021072745323181152,-0.3014988899230957,-0.07410961118945636,-0.14301836490631104,-0.3218387961387634,0.0019401198071449244,-0.15617480874061584,-0.4541547894477844,-0.03567901728162326,-0.15625959634780884,-0.4698181748390198,-0.06582352248439349,-0.14050281047821045,-0.4319148063659668,-0.08240579543122806,-0.08073225617408752,-0.35082969069480896,-0.0027303391550645983,-0.08951079845428467,-0.5090780407190323,-0.045818978077264205,-0.09692120552062988,-0.48616844415664673,-0.07165667889127292,-0.09160465002059937,-0.41612595319747925,-0.0784863579035715,-0.022355318069458008,-0.3506067991256714,-0.015458607202859298,-0.02326369285583496,-0.4827526807785034,-0.05068578673014201,-0.03415393829345703,-0.4347066283226013,-0.05857429382810153,-0.02923750877380371,-0.36178940534591675,-0.05380416018375911,0.03925812244415283,-0.32831379771232605,-0.03350795907387294,0.03336775302886963,-0.42598453164100647,-0.055984721607060806,0.018660306930541992,-0.39889615774154663,-0.058673807507844344,0.01705688238143921,-0.34130382537841797,-0.05498874289402522
E,0.0,0.0,0.0,-0.09288045763969421,-0.05443525314331055,-0.03337930958221236,-0.1435563862323761,-0.1770460605621338,-0.043960195737579255,-0.10076412558555603,-0.29426655173301697,-0.057069749342897325,-0.027358531951904297,-0.32194453477859497,-0.06660972978422919,-0.142665833234787,-0.3309172987937927,0.006606411882987828,-0.157806396484375,-0.45725756883621216,-0.02245909977207461,-0.15781071782112122,-0.4870346188545227,-0.05022655497739592,-0.14350244402885437,-0.46943986415863037,-0.06752098794529715,-0.08132237195968628,-0.3602309226989746,0.0033262844619663667,-0.09573051333427429,-0.5084973722696304,-0.02680318127820769,-0.10583528876304626,-0.5152633488178253,-0.05277489941070357,-0.10103404521942139,-0.4682825803756714,-0.06536702509472647,-0.02307194471359253,-0.3614475727081299,-0.007905801529684453,-0.029852330684661865,-0.49654996395111084,-0.03803860838959494,-0.04547220468521118,-0.4814714789390564,-0.05634031887600699,-0.03789401054382324,-0.41366925835609436,-0.06189849670479575,0.03951716423034668,-0.34255722165107727,-0.02400069195280352,0.03012484312057495,-0.45472466945648193,-0.04911505501220503,0.009268343448638916,-0.4511706829071045,-0.06032868172476569,0.006329357624053955,-0.39391738176345825,-0.06363115902493277
E,0.0,0.0,0.0,-0.08428579568862915,-0.047090232372283936,-0.032522712521142694,-0.1400832235813141,-0.16844254732131958,-0.04632237615425083,-0.09520986676216125,-0.2833571135997772,-0.06390132816869709,-0.017623484134674072,-0.3046471178531647,-0.07713326128560993,-0.14419454336166382,-0.33071571588516235,0.0014848706416046298,-0.15871116518974304,-0.4703729748725891,-0.036444705597943994,-0.15740948915481567,-0.47436970472335815,-0.06381592961389515,-0.14119857549667358,-0.430181086063385,-0.07740524473030064,-0.08060002326965332,-0.3591506779193878,-0.004433279544002744,-0.09015727043151855,-0.5238046646118164,-0.04543906139571163,-0.09623068571090698,-0.48894719779491425,-0.0648604190571973,-0.08922478556632996,-0.4186018109321594,-0.06637814702827427,-0.019055664539337158,-0.3595842719078064,-0.018758621685094568,-0.022081851959228516,-0.4963390380144119,-0.05337095322448704,-0.03157401084899902,-0.43797990679740906,-0.05542689623672459,-0.025883078575134277,-0.36658403277397156,-0.04589916082460377,0.0450211763381958,-0.33617737889289856,-0.03829592528182957,0.03801834583282471,-0.4422094225883484,-0.058034390829391214,0.022965848445892334,-0.4100911617279053,-0.05507283347088787,0.021307408809661865,-0.353659063577652,-0.04711148204643223
E,0.0,0.0,0.0,-0.09124404191970825,-0.05408686399459839,-0.03826907941859403,-0.14262345433235168,-0.17491841316223145,-0.053598634095603614,-0.09908318519592285,-0.29263168573379517,-0.07061889314811864,-0.021480321884155273,-0.33146119117736816,-0.08371477121275106,-0.13785380125045776,-0.338924378156662,-0.003424636915067225,-0.14993727207183838,-0.46977120637893677,-0.03745821410577932,-0.15299808979034424,-0.4997037649154663,-0.06914487028282323,-0.14091932773590088,-0.4766717851161957,-0.0895740642563645,-0.07333788275718689,-0.36772391200065613,-0.006821299565697103,-0.08090192079544067,-0.5275829583406448,-0.04434370914261976,-0.09316965937614441,-0.5308379679918289,-0.0760397567765061,-0.09101533889770508,-0.4791148900985718,-0.09290503257673421,-0.014172971248626709,-0.36566105484962463,-0.017904403747731834,-0.016279518604278564,-0.5074268579483032,-0.05208953389685789,-0.030526399612426758,-0.48161768913269043,-0.07028445893686452,-0.022758185863494873,-0.4090341329574585,-0.0764977365152184,0.05092501640319824,-0.34184226393699646,-0.03422119015615621,0.04351973533630371,-0.45108819007873535,-0.06069513702552953,0.026265084743499756,-0.43799033761024475,-0.07109358453910986,0.025935649871826172,-0.3755779564380646,-0.0748643382803742
E,0.0,0.0,0.0,-0.08945035934448242,-0.05224418640136719,-0.03266006891184503,-0.14465117454528809,-0.18232107162475586,-0.045503819329077544,-0.09780710935592651,-0.30026787519454956,-0.06263000701122934,-0.01941812038421631,-0.3220757246017456,-0.0764690804904049,-0.1460433006286621,-0.34633708000183105,0.006202067746436057,-0.16034016013145447,-0.48048096895217896,-0.029845870999032797,-0.15586480498313904,-0.4950370490550995,-0.060425361586148085,-0.13855323195457458,-0.4663845896720886,-0.07857309464865381,-0.08001306653022766,-0.37777429819107056,-0.0009451763149073145,-0.08718276023864746,-0.5436165034770966,-0.044927494568163695,-0.09076464176177979,-0.515193372964859,-0.07189792577677423,-0.08467477560043335,-0.4402554929256439,-0.07853292856865579,-0.01637798547744751,-0.3785964548587799,-0.01611215431743318,-0.018324434757232666,-0.5214904993772507,-0.054410198671156706,-0.02591872215270996,-0.4656592309474945,-0.06355034743004495,-0.020564258098602295,-0.38443708419799805,-0.05807709131889993,0.05025094747543335,-0.35322704911231995,-0.036357188565069976,0.04662585258483887,-0.46112358570098877,-0.06248998825007135,0.031974077224731445,-0.43049561977386475,-0.06541527990751916,0.02792757749557495,-0.36512836813926697,-0.06065643389278108
E,0.0,0.0,0.0,-0.09349870681762695,-0.05284672975540161,-0.03799790297198058,-0.1480676531791687,-0.1860756278038025,-0.05111916888999701,-0.10113406181335449,-0.3087373673915863,-0.06688548405217887,-0.01945185661315918,-0.3371938467025757,-0.0782386713151908,-0.14669886231422424,-0.3607846796512604,0.003564465189995758,-0.1572606861591339,-0.5003147125244141,-0.032830925328013905,-0.15948274731636047,-0.5156822800636292,-0.06521793980645896,-0.14608776569366455,-0.47392961382865906,-0.08444393206882239,-0.07952558994293213,-0.3891410827636719,0.00016171016177679576,-0.0886487364768982,-0.5579286366701126,-0.039834974003312595,-0.09896159172058105,-0.5421227961778641,-0.0703755520706153,-0.09487700462341309,-0.4712456464767456,-0.0833314709787345,-0.016205430030822754,-0.38702592253685,-0.01197091270732642,-0.020146846771240234,-0.5365436524152756,-0.0469208524053073,-0.035994887351989746,-0.4985275864601135,-0.06374750067043067,-0.03063255548477173,-0.4175763726234436,-0.06732579101371527,0.05193251371383667,-0.3618672788143158,-0.029640331534025677,0.04292738437652588,-0.4782056212425232,-0.05692585338401557,0.022605717182159424,-0.45889008045196533,-0.0674276851539588,0.018709301948547363,-0.3919992744922638,-0.07023016144084693
E,0.0,0.0,0.0,-0.09178364276885986,-0.056565046310424805,-0.03922431549838734,-0.1460583209991455,-0.185699462890625,-0.05634378275684071,-0.09831413626670837,-0.30767005681991577,-0.07655211171916676,-0.014952421188354492,-0.34071868658065796,-0.09194451949409199,-0.14423656463623047,-0.3671260178089142,-0.0017021422445679946,-0.15082359313964844,-0.5112646222114563,-0.04221276572755528,-0.154413104057312,-0.5260139107704163,-0.07547352096847249,-0.14211395382881165,-0.4829093813896179,-0.09440823278239918,-0.07459604740142822,-0.39504092931747437,-0.006596548546468739,-0.08052289485931396,-0.5741984397172928,-0.05305466807297421,-0.09410923719406128,-0.5508252084255219,-0.08307732275537205,-0.09156861901283264,-0.4708632826805115,-0.09292124590686512,-0.010189831256866455,-0.39028027653694153,-0.020050177414333348,-0.014193594455718994,-0.5409675240516663,-0.05832004553488446,-0.030469179153442383,-0.4898051619529724,-0.06875487050822926,-0.025316715240478516,-0.4067192077636719,-0.06551911315730763,0.05953723192214966,-0.36060723662376404,-0.03927376872709942,0.052175283432006836,-0.47868257761001587,-0.06425023457816792,0.031210482120513916,-0.45180743932724,-0.06815156719497395,0.02555704116821289,-0.38388776779174805,-0.06521263352445317
E,0.0,0.0,0.0,-0.09544843435287476,-0.05743265151977539,-0.03962675238733482,-0.14841747283935547,-0.18937236070632935,-0.05702244619612884,-0.09688794612884521,-0.31131330132484436,-0.0781605591881771,-0.013953924179077148,-0.3402236998081207,-0.09538103396778297,-0.1433955430984497,-0.36813876032829285,0.0014174551353107745,-0.15493440628051758,-0.5117807388305664,-0.039725219260503764,-0.1570044755935669,-0.5236326307058334,-0.07654984052066993,-0.14288479089736938,-0.4788762629032135,-0.09828456247930717,-0.07548841834068298,-0.3969354033470154,-0.00338253414963674,-0.08221426606178284,-0.5704540759325027,-0.04759755859856796,-0.0937221348285675,-0.5529009103775024,-0.08134212101583671,-0.09008246660232544,-0.47925013303756714,-0.09625535960083198,-0.011877596378326416,-0.39495694637298584,-0.017155719350625986,-0.017522692680358887,-0.5484346002340317,-0.054491893749286646,-0.031752049922943115,-0.5037960112094879,-0.07065653557663154,-0.024408817291259766,-0.41927820444107056,-0.07311752940302085,0.0561862587928772,-0.3685699701309204,-0.03682574759011459,0.0469052791595459,-0.48994317650794983,-0.061954726826002116,0.027444899082183838,-0.46447545289993286,-0.06892594451790046,0.02458500862121582,-0.3912486433982849,-0.06953536475782585
E,0.0,0.0,0.0,-0.09235641360282898,-0.05345749855041504,-0.04127259193110433,-0.14563095569610596,-0.19680124521255493,-0.058182221037625936,-0.09090518951416016,-0.32304704189300537,-0.07829667268443075,-0.0034665465354919434,-0.33847540616989136,-0.09379551945376363,-0.14185646176338196,-0.36795786023139954,-0.0007665380987447179,-0.1522374153137207,-0.5180905908346176,-0.04092951504635778,-0.15401315689086914,-0.525174543261528,-0.07503156004595724,-0.1408962607383728,-0.4735127091407776,-0.09463891772675481,-0.07282227277755737,-0.3956141769886017,-0.004024390262841848,-0.08054563403129578,-0.5726040154695511,-0.04776615290093389,-0.09183749556541443,-0.5543795078992844,-0.0783859306399819,-0.08782187104225159,-0.47771623730659485,-0.0904570558493134,-0.0079803466796875,-0.39178892970085144,-0.01648877946782079,-0.01250547170639038,-0.5474896132946014,-0.052412729841947225,-0.027417778968811035,-0.5021729171276093,-0.06532628474879232,-0.02311408519744873,-0.41886356472969055,-0.06568625955033269,0.06045418977737427,-0.36576053500175476,-0.03521671531844106,0.052338480949401855,-0.487307608127594,-0.05921065820503202,0.033128321170806885,-0.4593520164489746,-0.06498964516568151,0.028873801231384277,-0.3880579173564911,-0.06491744903969732
E,0.0,0.0,0.0,-0.093697190284729,-0.05940878391265869,-0.0349936104506412,-0.14764851331710815,-0.19452571868896484,-0.050302228996173426,-0.09706428647041321,-0.3135855197906494,-0.07054958409966616,-0.015152454376220703,-0.3397536873817444,-0.08819927192629962,-0.1400010883808136,-0.37002694606781006,0.005166802449508623,-0.15382322669029236,-0.5085837244987488,-0.033748719015733286,-0.15482187271118164,-0.5289025008678436,-0.0686360738367,-0.139412522315979,-0.49653160572052,-0.08901975221337466,-0.07600852847099304,-0.39761117100715637,-0.0015159496000194395,-0.08449846506118774,-0.5634182691574097,-0.04278108395041613,-0.09528699517250061,-0.546066626906395,-0.07226945377291827,-0.08955952525138855,-0.47788166999816895,-0.08408351905049471,-0.013356387615203857,-0.39791738986968994,-0.016979361990109965,-0.023356318473815918,-0.5515289753675461,-0.05440990916790156,-0.03727930784225464,-0.5022453963756561,-0.06814036435784487,-0.0263405442237854,-0.417472243309021,-0.06827453441323428,0.05375659465789795,-0.37449243664741516,-0.03785797125996737,0.040870606899261475,-0.498090922832489,-0.0640836349815288,0.02025395631790161,-0.4671008586883545,-0.06904938734473376,0.02055943012237549,-0.39110633730888367,-0.06744599259795336
E,0.0,0.0,0.0,-0.0904616117477417,-0.05208408832550049,-0.036366861037890885,-0.14555662870407104,-0.1828395128250122,-0.0533261221870589,-0.09732413291931152,-0.3023839294910431,-0.0737375390752959,-0.014295339584350586,-0.33748558163642883,-0.08979338379947421,-0.14069807529449463,-0.3671090602874756,-0.005040467441062901,-0.15223461389541626,-0.5216357260942459,-0.04668288650361774,-0.1554166078567505,-0.5247540026903152,-0.07985935332624194,-0.14176449179649353,-0.4704582393169403,-0.09782793345300433,-0.07206806540489197,-0.3933415114879608,-0.011413578599672292,-0.0822635293006897,-0.5755667686462402,-0.05460580410806415,-0.09400075674057007,-0.5500252395868301,-0.08233436169473407,-0.08955150842666626,-0.4708414077758789,-0.09195383610574481,-0.008355677127838135,-0.391335129737854,-0.0261087973639178,-0.015669405460357666,-0.5496591329574585,-0.061223718993346665,-0.03275519609451294,-0.5066277384757996,-0.07230313839761493,-0.027148008346557617,-0.42563650012016296,-0.07177049639074085,0.060297608375549316,-0.36481890082359314,-0.04642911972848651,0.05058705806732178,-0.4888668954372406,-0.0698760819658446,0.028648018836975098,-0.46496671438217163,-0.07385802241412875,0.02291494607925415,-0.3969631791114807,-0.07234241785852191
E,0.0,0.0,0.0,-0.09296971559524536,-0.058636248111724854,-0.036230853411083785,-0.14734256267547607,-0.19478952884674072,-0.05278439319384631,-0.09710854291915894,-0.31651702523231506,-0.07406745350611743,-0.01294165849685669,-0.33971062302589417,-0.09195065742981967,-0.1413871943950653,-0.37050768733024597,0.0006839398977405153,-0.15964391827583313,-0.5202303528785706,-0.04274318984401759,-0.15869563817977905,-0.5292388647794724,-0.08018154895556506,-0.1393972635269165,-0.4791536331176758,-0.10150772577775058,-0.07546645402908325,-0.3977109491825104,-0.006031133818154899,-0.08394044637680054,-0.5703528970479965,-0.049301120104914276,-0.09321838617324829,-0.5534415990114212,-0.08000498509657916,-0.08673742413520813,-0.4812931418418884,-0.09323165810359058,-0.011597812175750732,-0.39558953046798706,-0.021778628813748924,-0.016954421997070312,-0.5553209781646729,-0.05911130702746448,-0.03021705150604248,-0.5098799169063568,-0.07146805024397906,-0.021761000156402588,-0.4268549382686615,-0.07176228857291278,0.05717170238494873,-0.3700633645057678,-0.04329112416756686,0.046442508697509766,-0.4908005893230438,-0.06900942570221957,0.027561485767364502,-0.4614855945110321,-0.07333448028815326,0.026906907558441162,-0.38921651244163513,-0.07184601074708041
E,0.0,0.0,0.0,-0.09608757495880127,-0.06324934959411621,-0.036319661829139704,-0.14736950397491455,-0.19313126802444458,-0.05184913048472595,-0.095753014087677,-0.3090153634548187,-0.07131487498011779,-0.015054166316986084,-0.33246883749961853,-0.0874252281519432,-0.14154720306396484,-0.36585524678230286,0.006359438002590423,-0.1527409553527832,-0.5046657025814056,-0.028076017219092364,-0.15302243828773499,-0.5180254876613617,-0.06072334567036819,-0.13885504007339478,-0.4830724596977234,-0.08139508584466171,-0.07387793064117432,-0.39363598823547363,0.0008304272177781513,-0.08238428831100464,-0.5634982585906982,-0.037963982615139,-0.08999902009963989,-0.5461915582418442,-0.06984207401004028,-0.08458283543586731,-0.47806215286254883,-0.0849007404777069,-0.010495901107788086,-0.3927757143974304,-0.013080362174179072,-0.017648160457611084,-0.544855609536171,-0.04670543217983436,-0.030773520469665527,-0.5043390393257141,-0.06431030103888702,-0.02275186777114868,-0.4213564991950989,-0.06923224398818206,0.05794280767440796,-0.36709314584732056,-0.032567039075757975,0.04727679491043091,-0.4861968755722046,-0.05593766266431999,0.02708446979522705,-0.4643750488758087,-0.06396505603518676,0.02368861436843872,-0.3935777246952057,-0.06629053870167922
E,0.0,0.0,0.0,-0.09602817893028259,-0.06464874744415283,-0.03655214525304018,-0.14611059427261353,-0.202045738697052,-0.04982480324349581,-0.09197446703910828,-0.32041358947753906,-0.06646641633949457,-0.010112881660461426,-0.3367469310760498,-0.0801304607792872,-0.13907337188720703,-0.3632090985774994,0.005733217005513325,-0.15126818418502808,-0.4981250762939453,-0.026583059798099384,-0.15163126587867737,-0.5212427824735641,-0.058496500472642765,-0.13603901863098145,-0.4978778660297394,-0.07982681981764017,-0.07110863924026489,-0.38892948627471924,0.0011980440559682393,-0.07689699530601501,-0.5594988316297531,-0.037388558606721745,-0.08788371086120605,-0.5466824471950531,-0.06931142799101053,-0.08388277888298035,-0.4827958941459656,-0.08462048612079798,-0.008824586868286133,-0.3864210247993469,-0.011538857701339111,-0.010384440422058105,-0.5394578874111176,-0.04496393270335375,-0.02740579843521118,-0.5068581700325012,-0.06453488312206446,-0.01973402500152588,-0.4274296462535858,-0.07097173027239023,0.05865246057510376,-0.36106064915657043,-0.029838311593152866,0.05194336175918579,-0.4791272282600403,-0.053280728976346836,0.030013322830200195,-0.4638780951499939,-0.06359160236559092,0.027066528797149658,-0.3960263431072235,-0.06788318894348322
E,0.0,0.0,0.0,-0.09253782033920288,-0.05699896812438965,-0.03394282569043128,-0.14635568857192993,-0.1916624903678894,-0.04879606474987952,-0.09475678205490112,-0.30603721737861633,-0.06803074811450927,-0.013684391975402832,-0.32651078701019287,-0.08462212567083327,-0.14186877012252808,-0.3566773235797882,0.0015129532492181852,-0.15805959701538086,-0.49921610951423645,-0.03642895777575461,-0.15739381313323975,-0.5082113146781921,-0.07022224699012725,-0.14111357927322388,-0.46587783098220825,-0.09057190601579634,-0.07686120271682739,-0.38643646240234375,-0.005412752803934495,-0.08898264169692993,-0.5567464083433151,-0.043196752265615146,-0.09457293152809143,-0.5370889902114868,-0.0723021659707257,-0.0872316062450409,-0.46903088688850403,-0.08589406643859832,-0.014626860618591309,-0.38553139567375183,-0.02055541013233153,-0.025475382804870605,-0.5432589948177338,-0.05308718194119422,-0.03638601303100586,-0.5003158152103424,-0.0676496881698796,-0.028378546237945557,-0.42066100239753723,-0.07132640813343016,0.051661133766174316,-0.35814911127090454,-0.04108458717219321,0.040936172008514404,-0.47881630063056946,-0.06464649324171035,0.02348923683166504,-0.453835129737854,-0.0713181007360646,0.0208357572555542,-0.38321733474731445,-0.07298586104862181
E,0.0,0.0,0.0,-0.09076347947120667,-0.058837175369262695,-0.03543681791018116,-0.14501136541366577,-0.18942326307296753,-0.05112310266088116,-0.09552747011184692,-0.3040558695793152,-0.07095399266074764,-0.015987098217010498,-0.3269384503364563,-0.08866460388492214,-0.1390114426612854,-0.3571895360946655,0.0025139972570968894,-0.15345650911331177,-0.48623132705688477,-0.03401356330107319,-0.15404444932937622,-0.5076611787080765,-0.06718983268331158,-0.13929229974746704,-0.4849141836166382,-0.08753466373275387,-0.07541787624359131,-0.38424643874168396,-0.0036855370268540355,-0.08470907807350159,-0.541898712515831,-0.0422033979554044,-0.09443572163581848,-0.5301124453544617,-0.07008839165757763,-0.08870857954025269,-0.4729447662830353,-0.08212174242328274,-0.013322651386260986,-0.38398507237434387,-0.018415461759673235,-0.01917177438735962,-0.527580589056015,-0.05482839932631123,-0.0324975848197937,-0.48037630319595337,-0.06919320439885723,-0.023985564708709717,-0.401965469121933,-0.07062779134105313,0.052207887172698975,-0.35975682735443115,-0.03842809563468563,0.041519999504089355,-0.4745045304298401,-0.06336498027633297,0.022004246711730957,-0.4430391788482666,-0.06810860848020184,0.021959543228149414,-0.37345170974731445,-0.06719168042729962
E,0.0,0.0,0.0,-0.09096178412437439,-0.057412683963775635,-0.03308920828570194,-0.14272350072860718,-0.1840875744819641,-0.04868957666624851,-0.09608781337738037,-0.2923780083656311,-0.06867856798638172,-0.019019603729248047,-0.31721827387809753,-0.08558032927979298,-0.13695299625396729,-0.3501657545566559,0.0012434801464848988,-0.15196532011032104,-0.49048468470573425,-0.036677534561050606,-0.1557101309299469,-0.4956621527671814,-0.0702982199000246,-0.142597496509552,-0.4512680470943451,-0.09040185330380268,-0.07426458597183228,-0.37668272852897644,-0.006162038407666159,-0.0869164764881134,-0.5438902825117111,-0.04460650948752232,-0.09610095620155334,-0.519606426358223,-0.07413770524729557,-0.08964484930038452,-0.44842958450317383,-0.0875457402871973,-0.01353752613067627,-0.3743499219417572,-0.021469413171899987,-0.022093534469604492,-0.5322685986757278,-0.053675128947389794,-0.03555542230606079,-0.48974308371543884,-0.06801384208668537,-0.027239978313446045,-0.4078284502029419,-0.07130519567002125,0.05271261930465698,-0.3467140793800354,-0.042087401132477,0.04428321123123169,-0.46500733494758606,-0.0650043886708147,0.024218261241912842,-0.44376060366630554,-0.07176250485647984,0.020448684692382812,-0.37473738193511963,-0.0732441496657259
E,0.0,0.0,0.0,-0.08842852711677551,-0.05514061450958252,-0.036979322081037935,-0.13745039701461792,-0.18218398094177246,-0.05528938094300884,-0.08986523747444153,-0.29145410656929016,-0.07731603900117534,-0.013679146766662598,-0.3254387378692627,-0.09693251619262355,-0.12791788578033447,-0.34265339374542236,-0.00434377579165357,-0.1442517340183258,-0.476723849773407,-0.042999570017286715,-0.15150249004364014,-0.4914247393608093,-0.07890601525230068,-0.1409408450126648,-0.45794427394866943,-0.10110759059114116,-0.06755006313323975,-0.36993587017059326,-0.010883181115218576,-0.0756111741065979,-0.53322833776474,-0.04768049413485187,-0.0903022289276123,-0.5230690240859985,-0.07951520452422756,-0.08718627691268921,-0.46201300621032715,-0.09667816827220577,-0.009137630462646484,-0.3668054938316345,-0.02552013354522842,-0.011241793632507324,-0.5200732201337814,-0.056717415099569735,-0.031006813049316406,-0.4922106862068176,-0.07688029924554485,-0.027328431606292725,-0.4183546304702759,-0.08591985771579402,0.05390852689743042,-0.3402678072452545,-0.045520876293608126,0.04945683479309082,-0.45958155393600464,-0.06638700584096568,0.025989651679992676,-0.4441918730735779,-0.07492941687030452,0.020136654376983643,-0.37813979387283325,-0.07925990292949336
E,0.0,0.0,0.0,-0.08558407425880432,-0.052259743213653564,-0.034904688059199884,-0.1371641755104065,-0.18010872602462769,-0.051277927516807154,-0.09095323085784912,-0.28977787494659424,-0.07118675431500776,-0.01648104190826416,-0.3099218010902405,-0.08875328621159895,-0.1323191523551941,-0.34398189187049866,-0.00300016945492132,-0.14877402782440186,-0.476835161447525,-0.03876008412133558,-0.1476535201072693,-0.4854487478733063,-0.07108453979979856,-0.1300257444381714,-0.4499529004096985,-0.09124733826409681,-0.0695752203464508,-0.3713057041168213,-0.009284537679363325,-0.08005502820014954,-0.5302590727806091,-0.0444246748674999,-0.08937165141105652,-0.5144268870353699,-0.07098311504613264,-0.08344992995262146,-0.4546178877353668,-0.08368786743174894,-0.009200572967529297,-0.36873945593833923,-0.023526302932609156,-0.017257213592529297,-0.5124399662017822,-0.05439697152267797,-0.0298614501953125,-0.47018760442733765,-0.06794668307792051,-0.02164626121520996,-0.39491206407546997,-0.07149626633416517,0.05373573303222656,-0.34101179242134094,-0.04311792126189573,0.042873382568359375,-0.4517960846424103,-0.06475626996051176,0.024417579174041748,-0.4250667095184326,-0.07005060782920225,0.023894429206848145,-0.3588326573371887,-0.07114983668815
E,0.0,0.0,0.0,-0.08754351735115051,-0.055640578269958496,-0.03438025572039294,-0.13529202342033386,-0.17189979553222656,-0.05079021163918185,-0.09272733330726624,-0.276938796043396,-0.0703869894955318,-0.020561277866363525,-0.31531277298927307,-0.0869078920099895,-0.12713497877120972,-0.338339239358902,-0.0028221665292988973,-0.14082279801368713,-0.4720020592212677,-0.038467774621025796,-0.14484533667564392,-0.47979623079299927,-0.07262944289185214,-0.13286343216896057,-0.4403645396232605,-0.09433882542587924,-0.06708312034606934,-0.3639800548553467,-0.00873508256562161,-0.07421842217445374,-0.5205366462469101,-0.04166952007152247,-0.08580037951469421,-0.5056775212287903,-0.07310756154991793,-0.08252736926078796,-0.448549747467041,-0.09184659876562762,-0.010429441928863525,-0.3612552881240845,-0.022201523638145204,-0.011055529117584229,-0.5035925358533859,-0.050133361003176447,-0.029866695404052734,-0.47721564769744873,-0.07174386688210177,-0.026554346084594727,-0.40486443042755127,-0.08341586448885607,0.05080771446228027,-0.33519870042800903,-0.04066596039272952,0.04612213373184204,-0.44671669602394104,-0.060308551869169946,0.024239420890808105,-0.4357169270515442,-0.07092404969669985,0.019116461277008057,-0.37290385365486145,-0.0775544852826755
E,0.0,0.0,0.0,-0.0859048068523407,-0.04578971862792969,-0.031858354022645585,-0.13942435383796692,-0.16956400871276855,-0.04681748073353731,-0.0939563512802124,-0.27444589138031006,-0.06578484471693002,-0.0178067684173584,-0.2953982353210449,-0.08160848464622461,-0.1310957372188568,-0.32728123664855957,-0.0015940184545826241,-0.1445155143737793,-0.46494507789611816,-0.04013700332298242,-0.1489490270614624,-0.4657878279685974,-0.07118125553979837,-0.13651657104492188,-0.41698965430259705,-0.0879525497163769,-0.07203531265258789,-0.3527575433254242,-0.008116654267453782,-0.07996687293052673,-0.5099107027053833,-0.04403068419351541,-0.09265998005867004,-0.49027127027511597,-0.06604305948867761,-0.08859860897064209,-0.4260869026184082,-0.07403933550968134,-0.013522088527679443,-0.3510052561759949,-0.02301115464224779,-0.02089446783065796,-0.4899538457393646,-0.055704425236129396,-0.03322532773017883,-0.4410250782966614,-0.06503320779457056,-0.025204002857208252,-0.36532577872276306,-0.06400119062318765,0.047335922718048096,-0.3270450234413147,-0.04293929334535562,0.03787589073181152,-0.4348202049732208,-0.06592545207395517,0.02023714780807495,-0.40396857261657715,-0.0691297381724354,0.020931661128997803,-0.3379715383052826,-0.06748216148271524
E,0.0,0.0,0.0,-0.08333766460418701,-0.05237412452697754,-0.032897755152930586,-0.1282351016998291,-0.16533750295639038,-0.049248780704488127,-0.08522546291351318,-0.2654136121273041,-0.06881065631603178,-0.018311232328414917,-0.2943752110004425,-0.08570469880794462,-0.12050288915634155,-0.32157307863235474,-0.0026437550535547416,-0.12820541858673096,-0.44786304235458374,-0.03887545654868063,-0.1350533366203308,-0.4593449532985687,-0.07113674993013319,-0.12785455584526062,-0.42844295501708984,-0.09068483079170164,-0.06259453296661377,-0.34312930703163147,-0.008812609709252683,-0.06462553143501282,-0.4959277957677841,-0.04689646849726614,-0.07746094465255737,-0.469840943813324,-0.07365166360830244,-0.07638165354728699,-0.405031681060791,-0.0852346267769235,-0.007159173488616943,-0.33990201354026794,-0.022451931259979574,-0.004387199878692627,-0.4760361313819885,-0.054281644172419874,-0.019851326942443848,-0.4350928068161011,-0.06776876712535795,-0.01593714952468872,-0.36330628395080566,-0.07061345840190825,0.051676392555236816,-0.3148711025714874,-0.0410294380257028,0.04862302541732788,-0.4152929186820984,-0.06096668133830008,0.02926880121231079,-0.3914121389389038,-0.06577111745571074,0.02614903450012207,-0.3305542469024658,-0.06649551505540785
E,0.0,0.0,0.0,-0.08205950260162354,-0.04761159420013428,-0.03322965799121391,-0.12999728322029114,-0.17027032375335693,-0.0488403938546611,-0.0866275429725647,-0.2737795114517212,-0.06783948241023552,-0.015193343162536621,-0.2950894236564636,-0.08393456189183723,-0.12120220065116882,-0.3180774450302124,-0.001935519704019839,-0.13142967224121094,-0.4487214982509613,-0.04097757635859978,-0.13710731267929077,-0.46032971143722534,-0.07459981141833794,-0.12834295630455017,-0.41742995381355286,-0.09348473845271599,-0.06314411759376526,-0.3403964042663574,-0.00779010037182104,-0.06270739436149597,-0.4953012466430664,-0.0488520204856826,-0.0780579149723053,-0.4791327714920044,-0.07769504336862099,-0.07916292548179626,-0.4093593657016754,-0.0891134157612754,-0.00863492488861084,-0.3362659215927124,-0.021401857568307037,-0.006289958953857422,-0.47750455141067505,-0.05405493973044884,-0.02202966809272766,-0.44376999139785767,-0.06803261636046898,-0.019313395023345947,-0.3705075681209564,-0.07013554273395073,0.04886066913604736,-0.3117128610610962,-0.04007632432727348,0.04342079162597656,-0.412075400352478,-0.06207214815763962,0.02548164129257202,-0.3921756148338318,-0.06812331972865593,0.022774994373321533,-0.3318644165992737,-0.06839360444097053
E,0.0,0.0,0.0,-0.0823579728603363,-0.05240511894226074,-0.029901571919864978,-0.12740230560302734,-0.17134398221969604,-0.04563403909439501,-0.08033862709999084,-0.2680791914463043,-0.06555347924465593,-0.008295506238937378,-0.2820669412612915,-0.0828143883251613,-0.12029725313186646,-0.31074732542037964,0.0011420323292696821,-0.1283622682094574,-0.4398771822452545,-0.037210852255768145,-0.13520488142967224,-0.4452342391014099,-0.0703244585298961,-0.12852558493614197,-0.399907648563385,-0.08833314513201174,-0.06406658887863159,-0.3312402665615082,-0.005672339232361878,-0.06555724143981934,-0.4843161106109619,-0.04414900799626764,-0.0805237889289856,-0.46588242053985596,-0.07118930702442583,-0.08114838600158691,-0.3967307507991791,-0.08145692234272417,-0.010206997394561768,-0.3274744153022766,-0.020124448811358775,-0.010594189167022705,-0.4646720886230469,-0.04910853539938387,-0.027569085359573364,-0.4330739378929138,-0.0627185705804294,-0.026896923780441284,-0.36282068490982056,-0.0650739822291797,0.04602128267288208,-0.3038659989833832,-0.0395290855073398,0.040764570236206055,-0.4049111604690552,-0.056246798833555545,0.021125733852386475,-0.38967829942703247,-0.06044867669577059,0.01531296968460083,-0.3350968360900879,-0.06029148434633669
E,0.0,0.0,0.0,-0.08022201061248779,-0.038649916648864746,-0.03044722209159545,-0.13065698742866516,-0.1575654149055481,-0.045960528575221815,-0.0857592225074768,-0.25631898641586304,-0.06535347344760112,-0.009749263525009155,-0.2684127986431122,-0.08150993081216029,-0.12386652827262878,-0.3009287714958191,-0.005206419419835129,-0.136172354221344,-0.43292099237442017,-0.04454063417796306,-0.14394676685333252,-0.42169761657714844,-0.07541787418011836,-0.13285726308822632,-0.3639778196811676,-0.09190349819544963,-0.069114089012146,-0.32270801067352295,-0.011916678198019781,-0.07298493385314941,-0.47653859853744507,-0.04919921027902774,-0.08938136696815491,-0.44793373346328735,-0.0703998112905424,-0.08611440658569336,-0.37726402282714844,-0.07687797191027812,-0.0159149169921875,-0.31766650080680847,-0.026423103906552114,-0.018548518419265747,-0.45297181606292725,-0.05452990325574092,-0.035216182470321655,-0.4095565974712372,-0.06106752323393039,-0.03142964839935303,-0.34164273738861084,-0.059169484101573744,0.039476096630096436,-0.29359328746795654,-0.04613645168427638,0.03304547071456909,-0.3938683569431305,-0.06297546418790034,0.014762520790100098,-0.3671879768371582,-0.06389572265032939,0.0138777494430542,-0.31025606393814087,-0.06159373538974933
E,0.0,0.0,0.0,-0.08009451627731323,-0.051625609397888184,-0.030338434438021977,-0.12419530749320984,-0.15921622514724731,-0.045620553131016095,-0.0811987817287445,-0.2527344524860382,-0.06349211552253564,-0.014374613761901855,-0.26846423745155334,-0.07809708633533319,-0.12163051962852478,-0.2919193208217621,-0.0032367787144949034,-0.1343996822834015,-0.4176674485206604,-0.03625259169450601,-0.13592946529388428,-0.4191593527793884,-0.06471296765914758,-0.12377491593360901,-0.377351850271225,-0.08102393516412576,-0.06790342926979065,-0.31144294142723083,-0.007737846514942248,-0.07384270429611206,-0.4521697163581848,-0.03784884505978425,-0.0802823007106781,-0.43633925914764404,-0.06011077010145982,-0.07465288043022156,-0.38219553232192993,-0.07075237103811105,-0.015508115291595459,-0.3081509470939636,-0.01940415048113664,-0.015109270811080933,-0.43582552671432495,-0.043337665433796246,-0.025729984045028687,-0.41190576553344727,-0.05507072054854234,-0.021272480487823486,-0.35317081212997437,-0.05932676040640672,0.03928065299987793,-0.2867284417152405,-0.03593393036237558,0.0381314754486084,-0.38122662901878357,-0.05146526538840135,0.02337878942489624,-0.3659036457538605,-0.05584138252845605,0.021322667598724365,-0.31528908014297485,-0.057416446442516644
E,0.0,0.0,0.0,-0.08036980032920837,-0.0470728874206543,-0.025731934671313184,-0.12637174129486084,-0.15460598468780518,-0.03851568742564382,-0.09032687544822693,-0.24754762649536133,-0.05515844418576421,-0.023248404264450073,-0.25986969470977783,-0.06877009614279928,-0.11968815326690674,-0.2854287922382355,0.001111136428988857,-0.1314697265625,-0.40615081787109375,-0.03197332142761411,-0.13708651065826416,-0.41480469703674316,-0.06016040264537992,-0.1264019012451172,-0.3723360598087311,-0.07561489238312902,-0.06728470325469971,-0.30619925260543823,-0.005183877394557612,-0.07032668590545654,-0.44904500246047974,-0.039341532130748647,-0.08479678630828857,-0.43777239322662354,-0.06364365710786046,-0.08078771829605103,-0.37342098355293274,-0.07309223755171956,-0.01722368597984314,-0.30365443229675293,-0.01799939430227937,-0.01705145835876465,-0.4315946102142334,-0.04214661612084569,-0.03499329090118408,-0.41085803508758545,-0.05339200465849103,-0.03107064962387085,-0.348476767539978,-0.05535984455516996,0.03655272722244263,-0.2840404510498047,-0.03535975932052793,0.030851423740386963,-0.37673312425613403,-0.049277626414806264,0.011602222919464111,-0.36734575033187866,-0.053239848901540654,0.008520662784576416,-0.3164551556110382,-0.053132672299653905
E,0.0,0.0,0.0,-0.07802841067314148,-0.04018348455429077,-0.027832492449761048,-0.12532466650009155,-0.1524796485900879,-0.04042630941557945,-0.08603858947753906,-0.2478260099887848,-0.05683051348614754,-0.01644882559776306,-0.25863078236579895,-0.0703484557657248,-0.12065818905830383,-0.2818748354911804,0.0009840401266956178,-0.13434374332427979,-0.4018703103065491,-0.03435395584392609,-0.1383756697177887,-0.40528321266174316,-0.06263991371679367,-0.1248193085193634,-0.36027559638023376,-0.07730834112453522,-0.06816086173057556,-0.3040897846221924,-0.0044413322671061906,-0.07201460003852844,-0.44675111770629883,-0.041872571417570725,-0.08523866534233093,-0.4253600835800171,-0.06413284615564407,-0.0797240138053894,-0.3576560318470001,-0.07006855235385956,-0.01759585738182068,-0.3024696707725525,-0.017115934947014466,-0.020773857831954956,-0.42690056562423706,-0.04560286850619377,-0.03543657064437866,-0.3883863091468811,-0.053341391691446916,-0.02885374426841736,-0.32281866669654846,-0.050482328244925156,0.035704225301742554,-0.28498736023902893,-0.03451273889231743,0.026653319597244263,-0.3761802315711975,-0.05251581148195328,0.009135842323303223,-0.3518400490283966,-0.05534325466442169,0.009449541568756104,-0.29626110196113586,-0.052835772940397874
E,0.0,0.0,0.0,-0.07798358798027039,-0.04329204559326172,-0.026207641396453596,-0.12363114953041077,-0.15232855081558228,-0.0388806617593076,-0.0868074893951416,-0.2454797625541687,-0.055761229876210905,-0.02101317048072815,-0.2576674222946167,-0.06930219817512295,-0.11834043264389038,-0.2795202136039734,0.0024037515504602425,-0.13034433126449585,-0.4046323895454407,-0.032733224961688734,-0.13872608542442322,-0.3984067738056183,-0.05954295832269452,-0.12874025106430054,-0.34807533025741577,-0.07292743462674878,-0.06851628422737122,-0.2988922595977783,-0.003775468492662526,-0.07441270351409912,-0.4426478147506714,-0.039771110448768354,-0.08910536766052246,-0.413878858089447,-0.05944948706381581,-0.08383512496948242,-0.34664928913116455,-0.06383982736223004,-0.018814951181411743,-0.2969760000705719,-0.017302547279527403,-0.022912412881851196,-0.4247441291809082,-0.04593781072252057,-0.03739294409751892,-0.38002437353134155,-0.05221729788534901,-0.029891252517700195,-0.3116288483142853,-0.04833963948838971,0.03413891792297363,-0.27949225902557373,-0.03537640038483403,0.02608540654182434,-0.3733956813812256,-0.052741952869823194,0.008318841457366943,-0.3473060429096222,-0.05438376653545163,0.008984297513961792,-0.2914084196090698,-0.05138160723798535
E,0.0,0.0,0.0,-0.0720420777797699,-0.043460190296173096,-0.024918471514510543,-0.11729156970977783,-0.1418357491493225,-0.03796973922781888,-0.08408841490745544,-0.22561496496200562,-0.05423438274793568,-0.022537797689437866,-0.23937630653381348,-0.06739462265305463,-0.1157217025756836,-0.26086169481277466,-0.003028337895202071,-0.12567847967147827,-0.3763684332370758,-0.03547365689210835,-0.12849298119544983,-0.3644562065601349,-0.059749146043586165,-0.11750039458274841,-0.3161735534667969,-0.07216201820902768,-0.06803953647613525,-0.2814180254936218,-0.008113348908054263,-0.07310521602630615,-0.4141943156719208,-0.04078545892171803,-0.08095172047615051,-0.38339918851852417,-0.05837395140461865,-0.07509663701057434,-0.32213616371154785,-0.06312459805540982,-0.02028834819793701,-0.2815536558628082,-0.019592233984994323,-0.025989830493927002,-0.39635148644447327,-0.04490219154887143,-0.034337759017944336,-0.3529892563819885,-0.050338351219224364,-0.027105331420898438,-0.2912062108516693,-0.047922034799384505,0.028859198093414307,-0.2648349106311798,-0.03520802879266682,0.017884373664855957,-0.342973917722702,-0.05001688101820889,0.003735572099685669,-0.3168488144874573,-0.05129480460219327,0.0053611695766448975,-0.2692710757255554,-0.04947461658649388
E,0.0,0.0,0.0,-0.07469743490219116,-0.03828549385070801,-0.022270742843033986,-0.11685538291931152,-0.12436634302139282,-0.03352932635891648,-0.08593794703483582,-0.20877256989479065,-0.04876229170906754,-0.032046496868133545,-0.23478463292121887,-0.0621843040381691,-0.11027118563652039,-0.24008819460868835,0.0024767538606056405,-0.125460684299469,-0.3522021174430847,-0.02790681835460873,-0.1280226707458496,-0.3536936342716217,-0.053044717798115926,-0.11503192782402039,-0.31366804242134094,-0.0661193691586277,-0.06645217537879944,-0.26057592034339905,-0.003278312312545495,-0.07749414443969727,-0.38885655999183655,-0.03323945779550286,-0.0844258964061737,-0.36909961700439453,-0.05429534618008347,-0.07615083456039429,-0.312278151512146,-0.06268635768640252,-0.022324472665786743,-0.26410362124443054,-0.015094476791205125,-0.02971819043159485,-0.37728434801101685,-0.04129653055417748,-0.03911617398262024,-0.34426721930503845,-0.05363152180063935,-0.029394298791885376,-0.28252944350242615,-0.05597068745839806,0.02557241916656494,-0.2524550259113312,-0.03039865572202416,0.013572007417678833,-0.3366321325302124,-0.04794940356362076,2.771615982055664e-05,-0.3157612681388855,-0.05290181566226693,0.0033882856369018555,-0.2627063989639282,-0.05331449214565964
E,0.0,0.0,0.0,-0.0705285370349884,-0.03516632318496704,-0.02553933676078657,-0.11193537712097168,-0.12632310390472412,-0.037594415282157456,-0.0780840516090393,-0.21032145619392395,-0.0520862825562034,-0.021964997053146362,-0.23252058029174805,-0.06436875093474725,-0.1064477264881134,-0.23991969227790833,-0.003800655284223353,-0.11758926510810852,-0.35096806287765503,-0.03541174906983713,-0.12226685881614685,-0.35195067524909973,-0.06133412200703958,-0.11124348640441895,-0.3120172917842865,-0.07486576962962488,-0.06145387887954712,-0.25865843892097473,-0.0077547794555101746,-0.06732305884361267,-0.39024895429611206,-0.039758767967370545,-0.07708367705345154,-0.3671783208847046,-0.060632985119966065,-0.07205083966255188,-0.3063485026359558,-0.06761070716872553,-0.01812797784805298,-0.25882983207702637,-0.017664505203512704,-0.02075868844985962,-0.37157613039016724,-0.04389229420318941,-0.03313520550727844,-0.3419904410839081,-0.05660643804564813,-0.02560672163963318,-0.2809256315231323,-0.058641787653115784,0.02842533588409424,-0.24440962076187134,-0.03129838410511354,0.019534826278686523,-0.32326948642730713,-0.04855532947674135,0.006252557039260864,-0.30763277411460876,-0.05460706729188303,0.009644269943237305,-0.25892263650894165,-0.05544883016243318
E,0.0,0.0,0.0,-0.06826525926589966,-0.03370320796966553,-0.024588715327411137,-0.10921752452850342,-0.1208142638206482,-0.037257805509000264,-0.07493484020233154,-0.20108330249786377,-0.05276515339079424,-0.020155102014541626,-0.22543421387672424,-0.06610390548172518,-0.10423162579536438,-0.23497068881988525,-0.005650963676600895,-0.11561340093612671,-0.3457320034503937,-0.03954644132915064,-0.11799758672714233,-0.33774781227111816,-0.06559471790257021,-0.1052212119102478,-0.29178857803344727,-0.07839052383366152,-0.060176968574523926,-0.2533031404018402,-0.010270826560883961,-0.06631320714950562,-0.3818840980529785,-0.043474186254172764,-0.07400861382484436,-0.35398948192596436,-0.062267612708239994,-0.06788530945777893,-0.2939043641090393,-0.06729165468874498,-0.017419278621673584,-0.2537657916545868,-0.021005040077000103,-0.020878732204437256,-0.35884612798690796,-0.04931376133623644,-0.02920106053352356,-0.3191564381122589,-0.05856145177546068,-0.020532429218292236,-0.2588140368461609,-0.05735407773914858,0.02801644802093506,-0.23977738618850708,-0.03528899331155344,0.01806393265724182,-0.31673362851142883,-0.05348723758521601,0.008042395114898682,-0.29321277141571045,-0.056593064261107884,0.013249248266220093,-0.24480661749839783,-0.05480550233784243
E,0.0,0.0,0.0,-0.06856593489646912,-0.03556174039840698,-0.02327747040288841,-0.10683870315551758,-0.1181764006614685,-0.03498540029721653,-0.07390418648719788,-0.19762921333312988,-0.0494207660933057,-0.021851569414138794,-0.22766557335853577,-0.06147446066933071,-0.10061147809028625,-0.22998255491256714,-0.004966068573764915,-0.11291486024856567,-0.34075403213500977,-0.03872146786051189,-0.11531311273574829,-0.33301109075546265,-0.06522950113611614,-0.10279446840286255,-0.28606364130973816,-0.0784410494645158,-0.05695861577987671,-0.24850192666053772,-0.010045417145363444,-0.0653773844242096,-0.37658482789993286,-0.042677145012191886,-0.07298070192337036,-0.3496388792991638,-0.06239989728527462,-0.06579223275184631,-0.29091235995292664,-0.06861620724993145,-0.01470959186553955,-0.24875536561012268,-0.02097174667613899,-0.019597768783569336,-0.3584684133529663,-0.04841027364926731,-0.02928173542022705,-0.3235197067260742,-0.05795556635456478,-0.020040065050125122,-0.26512736082077026,-0.05764544338779842,0.031277090311050415,-0.23399615287780762,-0.0353022734900037,0.02134975790977478,-0.3089964985847473,-0.053230899878315086,0.009777843952178955,-0.2892428934574127,-0.056699104167989844,0.01446029543876648,-0.2424866259098053,-0.05540306822257435
E,0.0,0.0,0.0,-0.06599512696266174,-0.03907519578933716,-0.021531666798537685,-0.1023576557636261,-0.1230926513671875,-0.03202463796550603,-0.06931892037391663,-0.20045334100723267,-0.0454178128224072,-0.01720413565635681,-0.22789230942726135,-0.05678607633525701,-0.09500044584274292,-0.23079395294189453,-0.0020135989710894364,-0.10624474287033081,-0.3367556929588318,-0.03327917790228696,-0.10820865631103516,-0.33599328994750977,-0.05915423592740865,-0.09625530242919922,-0.29388147592544556,-0.07263942917997213,-0.05219811201095581,-0.24905294179916382,-0.007228931581622078,-0.059680432081222534,-0.3711678385734558,-0.037075990049189045,-0.0657339096069336,-0.3515331745147705,-0.05725187918359609,-0.059277236461639404,-0.29788723587989807,-0.06517519166881414,-0.010682642459869385,-0.24901485443115234,-0.018046076579040005,-0.01356002688407898,-0.35635611414909363,-0.04326710587555738,-0.021956264972686768,-0.3271133303642273,-0.053563815711086704,-0.01357373595237732,-0.27111342549324036,-0.054918409494703724,0.03417208790779114,-0.23430320620536804,-0.03216504788214536,0.025068581104278564,-0.30930575728416443,-0.04905404633099408,0.014953374862670898,-0.2931012213230133,-0.05310373118335576,0.01982659101486206,-0.2480325996875763,-0.0528621610086617
E,0.0,0.0,0.0,-0.06239911913871765,-0.035530924797058105,-0.022142084986967348,-0.09997224807739258,-0.11713027954101562,-0.03406370498339584,-0.06890174746513367,-0.19209915399551392,-0.048640695140761636,-0.018013298511505127,-0.2168351411819458,-0.06050698898832252,-0.0935606062412262,-0.23067381978034973,-0.006718243678164981,-0.10315191745758057,-0.34083691239356995,-0.03933524407545974,-0.1040278971195221,-0.3233901262283325,-0.06446427546541145,-0.09291845560073853,-0.27404889464378357,-0.07704090021650245,-0.04913714528083801,-0.24580353498458862,-0.011820863672596715,-0.05386245250701904,-0.3725714087486267,-0.0432558774213021,-0.060379236936569214,-0.3406657576560974,-0.06126616962353637,-0.05522891879081726,-0.283241868019104,-0.0664560093740647,-0.007916510105133057,-0.24436381459236145,-0.02243119731645038,-0.009456038475036621,-0.35043925046920776,-0.047209256068867944,-0.019918769598007202,-0.31625574827194214,-0.05473475225369384,-0.014509886503219604,-0.26018887758255005,-0.05367416955630233,0.03566986322402954,-0.22874870896339417,-0.036438827143115304,0.02872738242149353,-0.30417072772979736,-0.051208098159236215,0.01684454083442688,-0.28726470470428467,-0.0530677630762284,0.01831871271133423,-0.24414998292922974,-0.051224835888547204
E,0.0,0.0,0.0,-0.062102943658828735,-0.04456561803817749,-0.020646737681332183,-0.09402137994766235,-0.11932849884033203,-0.031185442374649597,-0.06458371877670288,-0.19146722555160522,-0.04371667818874414,-0.018802404403686523,-0.22149580717086792,-0.05408181043118532,-0.09012985229492188,-0.22690564393997192,-0.0025742363907426125,-0.09826624393463135,-0.32590746879577637,-0.030128063426914764,-0.09884881973266602,-0.334033340215683,-0.05605160983056123,-0.08746609091758728,-0.3026380240917206,-0.0716759616300493,-0.04619339108467102,-0.2452939748764038,-0.007512294480207515,-0.051627933979034424,-0.36322450637817383,-0.03260798172802026,-0.054803818464279175,-0.3504633605480194,-0.05528131292909677,-0.050581544637680054,-0.30825069546699524,-0.06836065443009431,-0.006852924823760986,-0.24463585019111633,-0.01712390387207563,-0.00594860315322876,-0.3447704315185547,-0.03707326369136865,-0.015040010213851929,-0.3286817967891693,-0.049749290363493515,-0.009373366832733154,-0.28068459033966064,-0.05623513998240526,0.03675547242164612,-0.22715002298355103,-0.029889799447360588,0.032180219888687134,-0.29934704303741455,-0.04207332597822244,0.021273553371429443,-0.2931327819824219,-0.04660711230486925,0.021771728992462158,-0.2549085021018982,-0.04926570297926958
E,0.0,0.0,0.0,-0.0607985258102417,-0.03692150115966797,-0.023187768588798008,-0.09384196996688843,-0.1172184944152832,-0.035521526764171085,-0.059415578842163086,-0.1868053674697876,-0.049902019034163914,-0.008315622806549072,-0.20598888397216797,-0.0619891853435206,-0.08579009771347046,-0.2286863625049591,-0.007559031656967363,-0.09267690777778625,-0.3356781601905823,-0.03848622826768633,-0.09242650866508484,-0.3252495229244232,-0.06390196917487856,-0.08229431509971619,-0.2817213833332062,-0.07762998429967638,-0.04162663221359253,-0.24133330583572388,-0.011765071134107075,-0.04367232322692871,-0.3638071119785309,-0.04172345710827585,-0.04740035533905029,-0.3352086544036865,-0.06199677003456827,-0.04300487041473389,-0.28194159269332886,-0.07015670178367373,-0.0016025900840759277,-0.23795002698898315,-0.02123143983914133,-0.0004032552242279053,-0.34135693311691284,-0.04444543359710451,-0.009325504302978516,-0.31292277574539185,-0.05512923089696642,-0.004743993282318115,-0.25903183221817017,-0.057640572021739445,0.04059240221977234,-0.2206995189189911,-0.03412303043438669,0.03688722848892212,-0.29396772384643555,-0.04901699064208742,0.026680946350097656,-0.28152886033058167,-0.053773657362000904,0.027289092540740967,-0.24005040526390076,-0.05488187162114855
E,0.0,0.0,0.0,-0.05871862173080444,-0.038198113441467285,-0.02446307414240323,-0.09030953049659729,-0.11601173877716064,-0.03749667466647111,-0.055015891790390015,-0.1841180920600891,-0.05192296193010293,-0.0019115209579467773,-0.20313435792922974,-0.0633656604684063,-0.08489397168159485,-0.2310527265071869,-0.010758089693553075,-0.08883672952651978,-0.3342004716396332,-0.044059727201528176,-0.08837798237800598,-0.32160183787345886,-0.06870505944854699,-0.07827678322792053,-0.2741831839084625,-0.08068820075160943,-0.040249794721603394,-0.24404072761535645,-0.01373672657675229,-0.039624422788619995,-0.3614550232887268,-0.045597981522149666,-0.04485464096069336,-0.32847386598587036,-0.0612078903711506,-0.041960448026657104,-0.27201539278030396,-0.0641881896651455,0.0006421208381652832,-0.23987612128257751,-0.02238245294458352,0.0015344321727752686,-0.33237385749816895,-0.047553777555293664,-0.006955921649932861,-0.2949420213699341,-0.05207287506229363,-0.002774477005004883,-0.24245288968086243,-0.048382639745540246,0.041870325803756714,-0.22203311324119568,-0.034566219756669625,0.036975592374801636,-0.2873735725879669,-0.05023455978400193,0.027608543634414673,-0.2682754695415497,-0.05130165801412545,0.029667198657989502,-0.22877156734466553,-0.04818968833453141
E,0.0,0.0,0.0,-0.05648714303970337,-0.04009824991226196,-0.025472016203636372,-0.08718577027320862,-0.11965298652648926,-0.039866372141474926,-0.04963889718055725,-0.1847410798072815,-0.05564927974664613,0.00411301851272583,-0.19700616598129272,-0.06893914112770005,-0.08119896054267883,-0.23303595185279846,-0.011231520343059742,-0.08126592636108398,-0.33235347270965576,-0.0423930949898903,-0.08340802788734436,-0.32366371154785156,-0.06767777273380204,-0.07703638076782227,-0.2820335030555725,-0.08152499714815065,-0.037298887968063354,-0.24545890092849731,-0.014469686094159329,-0.03347581624984741,-0.3616613745689392,-0.043290837797755444,-0.03952568769454956,-0.3340858519077301,-0.06039155939542695,-0.03874000906944275,-0.2813955545425415,-0.06645398506843492,0.003372102975845337,-0.2400909960269928,-0.023220540154213154,0.007837802171707153,-0.3371880054473877,-0.045089363250369274,-0.0021587014198303223,-0.30543577671051025,-0.05230336183630868,-0.0011090338230133057,-0.25292250514030457,-0.05249211484515115,0.043611228466033936,-0.22007036209106445,-0.0357945218118374,0.04256892204284668,-0.28984105587005615,-0.04936734879338189,0.03132593631744385,-0.2752963900566101,-0.05210412213527604,0.029992222785949707,-0.23483124375343323,-0.05174767518364831
E,0.0,0.0,0.0,-0.05581533908843994,-0.04406255483627319,-0.024719181967000736,-0.08164313435554504,-0.1241295337677002,-0.040177624237756504,-0.04023239016532898,-0.18525153398513794,-0.057773015958289875,0.013284623622894287,-0.1969885230064392,-0.07322462977192856,-0.0767224133014679,-0.23323562741279602,-0.009719730851273312,-0.07722961902618408,-0.33281299471855164,-0.04047014893315293,-0.0763826072216034,-0.31737732887268066,-0.06735559136889435,-0.06969881057739258,-0.2752992808818817,-0.08308983178160645,-0.03311854600906372,-0.24639976024627686,-0.014295115632037891,-0.028558820486068726,-0.3607988953590393,-0.04147416309736229,-0.03209477663040161,-0.32967615127563477,-0.061296440226058735,-0.03126409649848938,-0.2793408930301666,-0.07079002590201355,0.007165640592575073,-0.24127984046936035,-0.024198671367983593,0.013358741998672485,-0.34224945306777954,-0.04369116903565384,0.0037697255611419678,-0.31157106161117554,-0.05332714648268677,0.0032061636447906494,-0.25832974910736084,-0.05670547814391114,0.046993792057037354,-0.2203046679496765,-0.03795091764352776,0.04828295111656189,-0.29581767320632935,-0.0493522766353891,0.037035852670669556,-0.28317025303840637,-0.05255721838496186,0.03353998064994812,-0.24253275990486145,-0.05373433561346985
E,0.0,0.0,0.0,-0.05336344242095947,-0.04320794343948364,-0.02407923222878594,-0.07866349816322327,-0.12425887584686279,-0.04021159255304951,-0.036757707595825195,-0.18605667352676392,-0.058789186863094756,0.016637146472930908,-0.19990825653076172,-0.07414994457164426,-0.07539713382720947,-0.23647788166999817,-0.011954447937995383,-0.07310435175895691,-0.34282785654067993,-0.04752627828517575,-0.07155489921569824,-0.30865490436553955,-0.07342131504216809,-0.06769782304763794,-0.2561877965927124,-0.08628137478032727,-0.03042718768119812,-0.2484033703804016,-0.017353855756908843,-0.023419827222824097,-0.36679375171661377,-0.04935108938613553,-0.026866674423217773,-0.31681007146835327,-0.06369549104371686,-0.029476970434188843,-0.25987839698791504,-0.06598729708591122,0.010704219341278076,-0.24295145273208618,-0.028544070882588812,0.017001211643218994,-0.34061819314956665,-0.05186244168677945,0.00926312804222107,-0.28986698389053345,-0.051673748282581755,0.005699753761291504,-0.23554065823554993,-0.04540290379324574,0.0504930317401886,-0.2214398980140686,-0.04361799055138249,0.052433162927627563,-0.2931762933731079,-0.054789838133245894,0.04278358817100525,-0.2656271159648895,-0.050271101979404875,0.03805533051490784,-0.22507673501968384,-0.04417413541474957
E,0.0,0.0,0.0,-0.05148547887802124,-0.04519212245941162,-0.02874104266680888,-0.07237809896469116,-0.12837612628936768,-0.04650760588862113,-0.028232961893081665,-0.1876351237297058,-0.06506483403660468,0.024962276220321655,-0.20651650428771973,-0.08028805402733497,-0.07044276595115662,-0.23656195402145386,-0.018956435450093068,-0.06624916195869446,-0.3446286618709564,-0.05552482379295043,-0.06447389721870422,-0.31754425168037415,-0.08360483644224814,-0.060380011796951294,-0.2636326849460602,-0.0984139680645626,-0.024208247661590576,-0.24733078479766846,-0.022139722087160862,-0.013451963663101196,-0.369629442691803,-0.05389428285576514,-0.0162392258644104,-0.32767948508262634,-0.07214311657168082,-0.019842594861984253,-0.27125608921051025,-0.07895840851284674,0.016705334186553955,-0.2389131784439087,-0.03100784269787482,0.02615860104560852,-0.3395860195159912,-0.054003363080994404,0.019714713096618652,-0.2987571358680725,-0.0594594754061859,0.016163140535354614,-0.24487841129302979,-0.058986110218540944,0.05627864599227905,-0.2146109938621521,-0.043935948588625706,0.06049245595932007,-0.2848041355609894,-0.05713472662188224,0.052612870931625366,-0.2637573480606079,-0.05745623780109099,0.04749622941017151,-0.22347962856292725,-0.05601933372832946
E,0.0,0.0,0.0,-0.05080819129943848,-0.04534757137298584,-0.027473224963500797,-0.07450509071350098,-0.122886061668396,-0.046456959735110104,-0.03092685341835022,-0.17738604545593262,-0.06655554537053376,0.024137020111083984,-0.19289803504943848,-0.08333756093259126,-0.06601393222808838,-0.23734602332115173,-0.02166569669122964,-0.060596078634262085,-0.34514129161834717,-0.05757711891408235,-0.061034590005874634,-0.3160303235054016,-0.08377454493518144,-0.05945393443107605,-0.26493167877197266,-0.09752664033646852,-0.019754767417907715,-0.24541568756103516,-0.025617318864419758,-0.004381150007247925,-0.36305898427963257,-0.055877615402891934,-0.009459733963012695,-0.31489259004592896,-0.07024661515231401,-0.015730440616607666,-0.26037096977233887,-0.07481007341618806,0.02110832929611206,-0.2351151406764984,-0.03496366430397302,0.03265395760536194,-0.33318114280700684,-0.05667460028405458,0.024251848459243774,-0.28613001108169556,-0.05715005535955697,0.01796749234199524,-0.2338823676109314,-0.053473968695357144,0.05984315276145935,-0.2090548574924469,-0.0482928610252884,0.06605753302574158,-0.2790922522544861,-0.058693320195629894,0.056076228618621826,-0.2555210590362549,-0.054582749198630154,0.048695504665374756,-0.21725931763648987,-0.050199308137848675
E,0.0,0.0,0.0,-0.04885992407798767,-0.04548293352127075,-0.02957954411863284,-0.06926992535591125,-0.12861472368240356,-0.04855827768801646,-0.023916661739349365,-0.18312221765518188,-0.06785564651249842,0.030346155166625977,-0.19848039746284485,-0.08379210313319163,-0.062296271324157715,-0.23850375413894653,-0.02307362636088328,-0.05559554696083069,-0.34248602390289307,-0.059538880041827724,-0.05521318316459656,-0.30994924902915955,-0.08745758017062144,-0.05468219518661499,-0.2552490830421448,-0.10228567352055506,-0.01584264636039734,-0.2462562918663025,-0.02612417531668143,0.0018981993198394775,-0.3635883927345276,-0.05606291224717097,-0.0016647577285766602,-0.32167139649391174,-0.07372773965357737,-0.008641958236694336,-0.26783129572868347,-0.08092348059176402,0.02492225170135498,-0.23418113589286804,-0.034578310004462764,0.04084354639053345,-0.3315766453742981,-0.0551725082611938,0.03443789482116699,-0.29462283849716187,-0.06071769600271182,0.026462942361831665,-0.2456340789794922,-0.061457292786826656,0.062085509300231934,-0.20520615577697754,-0.04708113675474124,0.07115456461906433,-0.27033331990242004,-0.05766920154451327,0.06273007392883301,-0.25108110904693604,-0.05711419661997752,0.053708553314208984,-0.2145424485206604,-0.05579901640771823
E,0.0,0.0,0.0,-0.04863962531089783,-0.046788573265075684,-0.028988313834616974,-0.06831479072570801,-0.1326826810836792,-0.047331602286050156,-0.02234959602355957,-0.183598130941391,-0.06626712993855222,0.0328373908996582,-0.1899930238723755,-0.08132061825270398,-0.05810174345970154,-0.24017491936683655,-0.024390676032254532,-0.04835379123687744,-0.3476065695285797,-0.06224838734740956,-0.05015683174133301,-0.3037828803062439,-0.08951449857229932,-0.05140799283981323,-0.24702706933021545,-0.10360292808289273,-0.011100202798843384,-0.24554577469825745,-0.027761791806170777,0.009271979331970215,-0.36656612157821655,-0.05976614819044812,0.003627598285675049,-0.31344902515411377,-0.07611524031634076,-0.0039962828159332275,-0.2588745951652527,-0.08147995636934979,0.029287487268447876,-0.23282787203788757,-0.036567815552899674,0.047236859798431396,-0.3328075110912323,-0.058200904141614274,0.03850486874580383,-0.29057174921035767,-0.06205172927255376,0.029420971870422363,-0.24107065796852112,-0.06073917538995488,0.06566455960273743,-0.20397812128067017,-0.049437851618478135,0.07706773281097412,-0.27251631021499634,-0.059460160295913056,0.06660708785057068,-0.25438255071640015,-0.058204655508944825,0.055970072746276855,-0.2183244526386261,-0.05616683975929959
E,0.0,0.0,0.0,-0.04696822166442871,-0.0476115345954895,-0.03030160721417019,-0.06576257944107056,-0.1327839493751526,-0.050840846263128014,-0.01696273684501648,-0.18426764011383057,-0.07162701617951939,0.04053980112075806,-0.19207385182380676,-0.08872549515243122,-0.055277854204177856,-0.23855018615722656,-0.029746119864540788,-0.04456248879432678,-0.34648793935775757,-0.06722807418580601,-0.04684510827064514,-0.3046557605266571,-0.09373859595532963,-0.04865047335624695,-0.25028204917907715,-0.1077958894896085,-0.007819056510925293,-0.24421823024749756,-0.03338063415165493,0.01554211974143982,-0.3645205497741699,-0.06344666611428806,0.009046614170074463,-0.3122706413269043,-0.07792422454829762,-0.0009031295776367188,-0.2588900327682495,-0.08308883290763447,0.03281918168067932,-0.230121910572052,-0.042197394185023995,0.05233454704284668,-0.32954755425453186,-0.06272638868566105,0.04294776916503906,-0.28384634852409363,-0.064414652996021,0.03143051266670227,-0.23496735095977783,-0.06251251231904575,0.06843972206115723,-0.19929534196853638,-0.05514693539615223,0.080162912607193,-0.2681483030319214,-0.0637844605373914,0.07006916403770447,-0.2461698055267334,-0.060044991784053536,0.05890044569969177,-0.20982447266578674,-0.05686306115265438
E,0.0,0.0,0.0,-0.048558980226516724,-0.047316014766693115,-0.02960676718046784,-0.06569802761077881,-0.13144677877426147,-0.047983041214848754,-0.017990410327911377,-0.18418031930923462,-0.06666659395685315,0.037467241287231445,-0.19495192170143127,-0.0816597996233952,-0.05506882071495056,-0.2364649474620819,-0.025605542766953704,-0.04529184103012085,-0.34578052163124084,-0.06172773073902249,-0.04571858048439026,-0.30803388357162476,-0.08788210730543256,-0.04700356721878052,-0.254170298576355,-0.10170145909776807,-0.0077705979347229,-0.2431211769580841,-0.028757868516350982,0.015357434749603271,-0.3638152480125427,-0.05722167174806714,0.010735362768173218,-0.3147276043891907,-0.07241339068403363,0.0014247000217437744,-0.2629728615283966,-0.0784726647614491,0.032265543937683105,-0.22950097918510437,-0.03709473665347218,0.05163604021072388,-0.327400267124176,-0.05645159836402058,0.04433596134185791,-0.28376609086990356,-0.05858747120490193,0.03356263041496277,-0.2363356649875641,-0.057334350603724715,0.06756657361984253,-0.19884419441223145,-0.04957704077949643,0.08100742101669312,-0.2661537826061249,-0.05817695911517262,0.07198125123977661,-0.24552956223487854,-0.05501343141784787,0.059968769550323486,-0.2100369930267334,-0.05231563206305623
E,0.0,0.0,0.0,-0.049420177936553955,-0.047088563442230225,-0.03123780327808845,-0.06743299961090088,-0.1303725242614746,-0.05124684969854343,-0.017096221446990967,-0.1824415624141693,-0.07116554106545436,0.04036217927932739,-0.1917991042137146,-0.08716668362689006,-0.05746373534202576,-0.23811650276184082,-0.02708927902352798,-0.04745545983314514,-0.3437120318412781,-0.06574893171858776,-0.04857560992240906,-0.29953691363334656,-0.0927784385807513,-0.04957401752471924,-0.2460298240184784,-0.10684100712609279,-0.009126842021942139,-0.24564912915229797,-0.029810171452879786,0.013629615306854248,-0.36165300011634827,-0.06106057564687717,0.008801579475402832,-0.3036291003227234,-0.07543116982054698,-0.00014454126358032227,-0.2532403767108917,-0.07982654298615444,0.03215250372886658,-0.2334548532962799,-0.03804314310622203,0.050087541341781616,-0.32707223296165466,-0.06044136161875713,0.04205101728439331,-0.27342087030410767,-0.05967217485380161,0.030567079782485962,-0.2273302674293518,-0.05514403979253757,0.06831437349319458,-0.20355185866355896,-0.05047652672004688,0.07967758178710938,-0.268820583820343,-0.06005690048408496,0.07002097368240356,-0.24008211493492126,-0.05422288353514659,0.05856841802597046,-0.20575234293937683,-0.04882043401670444
E,0.0,0.0,0.0,-0.04935193061828613,-0.04491502046585083,-0.031797921010365826,-0.06796339154243469,-0.12850570678710938,-0.05090015540372406,-0.018265962600708008,-0.17875507473945618,-0.06942308480392967,0.038590043783187866,-0.18895718455314636,-0.08388684476267372,-0.05490577220916748,-0.2386309802532196,-0.02836024919997726,-0.044340699911117554,-0.3454050123691559,-0.06725780452143226,-0.045526862144470215,-0.30349135398864746,-0.09456156725536857,-0.04772311449050903,-0.24797135591506958,-0.10856573814999138,-0.006934225559234619,-0.24521556496620178,-0.03063921602915798,0.01612985134124756,-0.363409161567688,-0.06063890988480125,0.011297225952148438,-0.3097339868545532,-0.07447328204762016,0.0015024542808532715,-0.2593422830104828,-0.07903439337860618,0.03339704871177673,-0.23115557432174683,-0.038693686672559124,0.052803486585617065,-0.3241434097290039,-0.060421308227887494,0.045299649238586426,-0.2759239673614502,-0.06108003268491302,0.03365311026573181,-0.23100674152374268,-0.058143047341218335,0.06854969263076782,-0.19907429814338684,-0.05100508565556083,0.08349761366844177,-0.26504242420196533,-0.06187657053123985,0.07478311657905579,-0.24049648642539978,-0.05813666964422737,0.062150150537490845,-0.2061081826686859,-0.05443434948574577
E,0.0,0.0,0.0,-0.050457149744033813,-0.04764831066131592,-0.03231841399039581,-0.06574100255966187,-0.13361459970474243,-0.050773159402268675,-0.013907074928283691,-0.18414494395256042,-0.06854806541170433,0.04294496774673462,-0.19222810864448547,-0.08244295119013145,-0.0563102662563324,-0.23920419812202454,-0.026694210979002264,-0.04618901014328003,-0.3466181457042694,-0.06364484577144935,-0.04547494649887085,-0.3105149269104004,-0.09064632354940727,-0.04682853817939758,-0.25668320059776306,-0.10518914906944588,-0.0077623724937438965,-0.24668124318122864,-0.028379863860862997,0.013578742742538452,-0.363561749458313,-0.057640169548648146,0.01142910122871399,-0.3149236738681793,-0.07373065202202156,0.0027854740619659424,-0.2637779712677002,-0.08042702524627998,0.03294757008552551,-0.23307448625564575,-0.03565919845070198,0.05120164155960083,-0.32569217681884766,-0.05642842574681595,0.04543304443359375,-0.2808108329772949,-0.05926267503465965,0.03393086791038513,-0.2342880666255951,-0.05831185801591232,0.06857964396476746,-0.20237144827842712,-0.04730424730743721,0.07996019721031189,-0.26356080174446106,-0.058157467084782866,0.07292118668556213,-0.24215638637542725,-0.056427632259982374,0.061376333236694336,-0.20874720811843872,-0.05443985088433578
E,0.0,0.0,0.0,-0.05078229308128357,-0.04996448755264282,-0.030334867879020067,-0.0657365620136261,-0.13516980409622192,-0.0490486066483129,-0.014308631420135498,-0.1877792477607727,-0.06768450920210967,0.04180413484573364,-0.1993994116783142,-0.08288631622420439,-0.056505560874938965,-0.24240264296531677,-0.025276940657960267,-0.045053333044052124,-0.34999561309814453,-0.06215772066937575,-0.044233351945877075,-0.31256556510925293,-0.08921763335095534,-0.04532536864280701,-0.25841206312179565,-0.10370442305432448,-0.0077228844165802,-0.24894177913665771,-0.028404642238484712,0.015417039394378662,-0.36785805225372314,-0.05764595825897345,0.01201397180557251,-0.3189258277416229,-0.0737126249514688,0.0025501549243927,-0.2667541205883026,-0.08023879711257109,0.033776551485061646,-0.23417454957962036,-0.03684715960847029,0.053664565086364746,-0.3321157395839691,-0.05774579231368193,0.046017467975616455,-0.28531694412231445,-0.05984836105929503,0.0333351194858551,-0.23722702264785767,-0.05830443312154898,0.07012587785720825,-0.20155060291290283,-0.04934500192032942,0.0800585150718689,-0.2655557096004486,-0.060057320042716356,0.07121497392654419,-0.24073511362075806,-0.05692789737807402,0.05929872393608093,-0.205671489238739,-0.053773582323657365
E,0.0,0.0,0.0,-0.050206542015075684,-0.047426581382751465,-0.028747576122384544,-0.06950753927230835,-0.12898075580596924,-0.046713269149165626,-0.023460090160369873,-0.18557551503181458,-0.06539631897697973,0.030588477849960327,-0.20201581716537476,-0.08065390849600362,-0.0609266459941864,-0.23803505301475525,-0.02186706179867315,-0.05445903539657593,-0.34901994466781616,-0.05832870194802808,-0.050425827503204346,-0.31794461607933044,-0.08580944949875402,-0.04843485355377197,-0.2636986970901489,-0.10043867940197515,-0.013457328081130981,-0.24630987644195557,-0.024747568016152854,0.003591090440750122,-0.3665047287940979,-0.05299397820721197,0.004620999097824097,-0.3204123079776764,-0.06943165028582143,-0.001117408275604248,-0.26929599046707153,-0.07689966524134206,0.027283012866973877,-0.2344699501991272,-0.03296468669663,0.04212692379951477,-0.3358372449874878,-0.05389648566136884,0.03819987177848816,-0.2897031605243683,-0.05578724930177259,0.02970823645591736,-0.23881036043167114,-0.0541312907088809,0.0649312436580658,-0.20576158165931702,-0.04510639498124647,0.07493099570274353,-0.2788158357143402,-0.056493087505202766,0.06903979182243347,-0.25706005096435547,-0.0535751905489974,0.05952244997024536,-0.21966463327407837,-0.05046006927381086
E,0.0,0.0,0.0,-0.05018863081932068,-0.050204575061798096,-0.02814561933598725,-0.07000184059143066,-0.13754457235336304,-0.04550154008290974,-0.02234521508216858,-0.197066068649292,-0.06381790213606564,0.033379822969436646,-0.2124144434928894,-0.07853440068981854,-0.06481102108955383,-0.2418510615825653,-0.018275134864666143,-0.05836525559425354,-0.35286909341812134,-0.054767659533240476,-0.05482921004295349,-0.3195422887802124,-0.0831940012457153,-0.054106205701828,-0.26309332251548767,-0.09840333335421292,-0.016709089279174805,-0.2500666379928589,-0.021666583273031392,-0.0007707178592681885,-0.36993658542633057,-0.050135939049937406,-0.0010480284690856934,-0.3261644244194031,-0.06775317959807126,-0.008626550436019897,-0.27338653802871704,-0.07572498791239468,0.02415168285369873,-0.238195538520813,-0.03063342966459004,0.03837168216705322,-0.3385921120643616,-0.05126557000301091,0.033696919679641724,-0.2946065366268158,-0.05447954930684773,0.02373012900352478,-0.2422771453857422,-0.05354597665689198,0.061542898416519165,-0.20968136191368103,-0.043673212307908216,0.0697835385799408,-0.27808600664138794,-0.05489017688057629,0.06371656060218811,-0.2577313184738159,-0.052732984203316846,0.05397120118141174,-0.2216590940952301,-0.04998863734624592
E,0.0,0.0,0.0,-0.049987226724624634,-0.04596740007400513,-0.027474311395337736,-0.06995183229446411,-0.13563567399978638,-0.041890430479099905,-0.02471300959587097,-0.1959574818611145,-0.057035575835755026,0.028528034687042236,-0.21045136451721191,-0.0683576569247748,-0.07066673040390015,-0.2387378215789795,-0.014551914511969244,-0.06633076071739197,-0.34924763441085815,-0.048671650915196096,-0.0614466667175293,-0.3146651089191437,-0.07494011077170626,-0.059580057859420776,-0.25948870182037354,-0.08896132114415423,-0.023218095302581787,-0.24726518988609314,-0.016816848172595655,-0.010590791702270508,-0.3659311830997467,-0.04310019987707392,-0.009413540363311768,-0.3212434649467468,-0.05854294004922167,-0.014613360166549683,-0.2718425393104553,-0.06525817069297091,0.017601042985916138,-0.2364307940006256,-0.024860409303357756,0.028025150299072266,-0.3329771161079407,-0.04419591951256052,0.02400761842727661,-0.28874486684799194,-0.04609763178115145,0.016242295503616333,-0.24076098203659058,-0.044762256770184194,0.05597662925720215,-0.2103693187236786,-0.036896783142140066,0.06144079566001892,-0.27822792530059814,-0.04742264303450838,0.05553349852561951,-0.254679799079895,-0.044746126263191854,0.04763764142990112,-0.21982038021087646,-0.0421132736194636
E,0.0,0.0,0.0,-0.05335929989814758,-0.04513192176818848,-0.02701605110631533,-0.07760876417160034,-0.1293531060218811,-0.04213348961637564,-0.03387758135795593,-0.19271260499954224,-0.05817336029575415,0.020541340112686157,-0.21136844158172607,-0.07101474887893744,-0.0788126289844513,-0.23330765962600708,-0.013310402624469475,-0.07811293005943298,-0.33978766202926636,-0.04670494607852049,-0.07328787446022034,-0.3206029534339905,-0.07350231892631598,-0.06832864880561829,-0.27206364274024963,-0.08823139406011649,-0.03225705027580261,-0.24481403827667236,-0.015794042490583138,-0.025112032890319824,-0.3615177869796753,-0.042650533832770066,-0.022980451583862305,-0.32758671045303345,-0.059559239067297653,-0.024271607398986816,-0.2785053849220276,-0.06732692009971686,0.009213298559188843,-0.23606637120246887,-0.023857641957860665,0.015036672353744507,-0.3327886164188385,-0.044527100391846375,0.011876285076141357,-0.29221850633621216,-0.04773973859117575,0.008338183164596558,-0.2418016493320465,-0.04693294129536696,0.04921242594718933,-0.2113531231880188,-0.035839861251574234,0.051302582025527954,-0.27878186106681824,-0.04957305080459662,0.04447126388549805,-0.2562614381313324,-0.049002723761063294,0.03899499773979187,-0.21822258830070496,-0.04709082654879637
E,0.0,0.0,0.0,-0.05939796566963196,-0.040001749992370605,-0.026406673885205123,-0.08961892127990723,-0.12699460983276367,-0.03710399026356015,-0.0481225848197937,-0.1987428367137909,-0.048992002553561065,0.005804270505905151,-0.21502229571342468,-0.05838082561574254,-0.09033709764480591,-0.2239227592945099,-0.0025271633018491,-0.09540820121765137,-0.32432448863983154,-0.03179627115211758,-0.09053376317024231,-0.3205248713493347,-0.058111330664971206,-0.08219116926193237,-0.27914291620254517,-0.07300945947251591,-0.046736955642700195,-0.23929518461227417,-0.0033703902114865514,-0.04979735612869263,-0.34705156087875366,-0.026672512463548514,-0.045373618602752686,-0.32694387435913086,-0.044966103679755065,-0.041984349489212036,-0.2824218273162842,-0.05455238947949681,-0.006476372480392456,-0.23611265420913696,-0.010463830254295203,-0.007092416286468506,-0.3309943675994873,-0.030664639718153808,-0.008500546216964722,-0.30084699392318726,-0.03851000795445714,-0.006620347499847412,-0.25064411759376526,-0.04113456437669072,0.03486195206642151,-0.21822193264961243,-0.02150475809655461,0.03171873092651367,-0.2879355549812317,-0.037903903222897384,0.02654033899307251,-0.26780498027801514,-0.04183206165514264,0.025859713554382324,-0.22633510828018188,-0.042943516916849944
E,0.0,0.0,0.0,-0.0606953501701355,-0.03386950492858887,-0.02142900865237607,-0.09428414702415466,-0.1232219934463501,-0.0293854259298314,-0.057140856981277466,-0.1992712914943695,-0.040039657463239564,-0.002104640007019043,-0.21439483761787415,-0.048134348203348054,-0.0951758325099945,-0.2206229865550995,0.0038833400822113617,-0.10120740532875061,-0.3235599100589752,-0.023902947862552537,-0.10133105516433716,-0.31344810128211975,-0.046679629792379274,-0.09438765048980713,-0.26919299364089966,-0.058309419860052,-0.052552372217178345,-0.23638582229614258,0.0010007111477534636,-0.05601245164871216,-0.34852683544158936,-0.023694264550613298,-0.058937907218933105,-0.3230178952217102,-0.03875522207181348,-0.056567490100860596,-0.2728108763694763,-0.04348354678313626,-0.012520372867584229,-0.2361096739768982,-0.008123288710521592,-0.01619163155555725,-0.3364959955215454,-0.02877141426961316,-0.023487836122512817,-0.3032398819923401,-0.0343090433971156,-0.021187186241149902,-0.2512059211730957,-0.03320286314647092,0.029668420553207397,-0.22337567806243896,-0.020833323557781114,0.022487163543701172,-0.29525238275527954,-0.03489496450583829,0.012957900762557983,-0.2759495973587036,-0.036752789129423036,0.012176811695098877,-0.23483958840370178,-0.03543296348016156
E,0.0,0.0,0.0,-0.06400668621063232,-0.03556227684020996,-0.019506825340641853,-0.10009744763374329,-0.12287044525146484,-0.02639409547830951,-0.06825864315032959,-0.20179644227027893,-0.03630331365550887,-0.016844481229782104,-0.2173992395401001,-0.043930983377350685,-0.10147196054458618,-0.20970222353935242,0.00768049459745157,-0.11144566535949707,-0.3126317858695984,-0.016148999539865372,-0.11397108435630798,-0.3081578016281128,-0.037610961330784676,-0.10758796334266663,-0.27119913697242737,-0.04950905053104293,-0.0601840615272522,-0.22832900285720825,0.004481470471517923,-0.06931203603744507,-0.3408573269844055,-0.01676693393076789,-0.07226413488388062,-0.32368993759155273,-0.033109447193993446,-0.067739337682724,-0.2783218026161194,-0.040341558141363976,-0.021005570888519287,-0.2317647635936737,-0.004481234328551409,-0.029188305139541626,-0.3356621563434601,-0.02254788784469497,-0.03667724132537842,-0.3127088248729706,-0.030886359719289658,-0.03165993094444275,-0.2619118094444275,-0.03302667124356162,0.022107839584350586,-0.22389990091323853,-0.01682906059707534,0.010745435953140259,-0.29734402894973755,-0.029109377620471832,0.0007502138614654541,-0.28475677967071533,-0.03229614554132354,0.0014725327491760254,-0.2438194453716278,-0.032926680726660607
E,0.0,0.0,0.0,-0.06457290053367615,-0.036965906620025635,-0.01853960812000821,-0.09939587116241455,-0.12610143423080444,-0.024930528028889398,-0.06563735008239746,-0.2028183937072754,-0.03499180324284623,-0.014587044715881348,-0.21637645363807678,-0.042453216983957986,-0.10203137993812561,-0.20738238096237183,0.010128520765320559,-0.11517053842544556,-0.3100225329399109,-0.016726637854262094,-0.11724188923835754,-0.2972007393836975,-0.03749402485696862,-0.10913112759590149,-0.2542238235473633,-0.046881372704191904,-0.06102132797241211,-0.22527676820755005,0.006442033090607424,-0.07127970457077026,-0.3406699299812317,-0.018834602682872514,-0.07463672757148743,-0.31101715564727783,-0.03240632139055322,-0.0691823959350586,-0.26013320684432983,-0.034308298154755335,-0.021489977836608887,-0.22888457775115967,-0.0034815370002974078,-0.03314295411109924,-0.3270437717437744,-0.02477592661885808,-0.039143890142440796,-0.28909724950790405,-0.027936712502523164,-0.03211572766304016,-0.23743143677711487,-0.023241138680859308,0.021653741598129272,-0.22239235043525696,-0.016780816613717775,0.008141964673995972,-0.2935580611228943,-0.028239012359662752,-0.0013342499732971191,-0.27150094509124756,-0.026770234703107576,0.0007998347282409668,-0.23099616169929504,-0.022342796101256113
E,0.0,0.0,0.0,-0.06777641177177429,-0.03317898511886597,-0.019641492896852242,-0.10370814800262451,-0.11846309900283813,-0.0255198594267938,-0.07283642888069153,-0.19790616631507874,-0.03472208083528017,-0.024443358182907104,-0.2219494879245758,-0.0411420822228763,-0.1066727340221405,-0.20554953813552856,0.013646434611501945,-0.11921727657318115,-0.30605241656303406,-0.011486008213040577,-0.11977344751358032,-0.29774999618530273,-0.03339953199881052,-0.11028683185577393,-0.25867214798927307,-0.044595832386193024,-0.06559738516807556,-0.2248890995979309,0.010579680642905487,-0.0753050446510315,-0.33813586831092834,-0.01551310011106466,-0.07690185308456421,-0.31096091866493225,-0.03413826079028581,-0.07001537084579468,-0.258623868227005,-0.04013550878423189,-0.02709975838661194,-0.22947868704795837,0.001290492448816849,-0.03637084364891052,-0.3275987207889557,-0.021283818789896713,-0.04217424988746643,-0.2975188195705414,-0.031344300517019974,-0.033333003520965576,-0.24442774057388306,-0.03181350828069185,0.016526252031326294,-0.22390419244766235,-0.011184103236672627,0.003914892673492432,-0.29488563537597656,-0.025819525503692375,-0.0047803521156311035,-0.2789737582206726,-0.029900381722626435,-0.0006528496742248535,-0.23750385642051697,-0.029541198545274483
E,0.0,0.0,0.0,-0.06893515586853027,-0.03423851728439331,-0.01637008591872302,-0.10413381457328796,-0.12103211879730225,-0.020509347238956366,-0.07225888967514038,-0.19968628883361816,-0.02920490681511012,-0.023598819971084595,-0.21489492058753967,-0.035912828439293776,-0.10567724704742432,-0.1970812976360321,0.01834925272184762,-0.12159913778305054,-0.2939281463623047,-0.006761853968171749,-0.12397828698158264,-0.28984737396240234,-0.02732645339649764,-0.11338478326797485,-0.2521558701992035,-0.03658430083972064,-0.06633791327476501,-0.21804052591323853,0.013882310210348692,-0.07944488525390625,-0.33188509941101074,-0.012870499783574019,-0.08304190635681152,-0.30710315704345703,-0.029405899265228186,-0.07504871487617493,-0.2538713812828064,-0.03217123999577609,-0.027020782232284546,-0.22557523846626282,0.003172299439640369,-0.039920032024383545,-0.319223016500473,-0.020900161856232558,-0.04441118240356445,-0.28027796745300293,-0.02794514029604045,-0.0327737033367157,-0.22557422518730164,-0.02406753964108077,0.01744222640991211,-0.2239062786102295,-0.010528795340476904,0.001177459955215454,-0.292422354221344,-0.02410895741861907,-0.006974250078201294,-0.26908010244369507,-0.024963006296573553,-0.00055694580078125,-0.2257259488105774,-0.021201245406089697
E,0.0,0.0,0.0,-0.0679791271686554,-0.03271186351776123,-0.01596451086491868,-0.10246708989143372,-0.11797833442687988,-0.019393634996717424,-0.07106292247772217,-0.19447621703147888,-0.02633242403656766,-0.022446483373641968,-0.21504426002502441,-0.031121420688336343,-0.1039423942565918,-0.2016979455947876,0.012881564893419295,-0.1200815737247467,-0.29943832755088806,-0.011226689457302541,-0.12093111872673035,-0.2950066030025482,-0.03139348981470391,-0.10923805832862854,-0.2573740780353546,-0.04119501543731019,-0.06373772025108337,-0.22255226969718933,0.008620183900589495,-0.07637906074523926,-0.33521831035614014,-0.01529704873949811,-0.07882910966873169,-0.3116482198238373,-0.03131291178554818,-0.07131358981132507,-0.262781023979187,-0.036012823707764596,-0.025682061910629272,-0.22805523872375488,-0.0013746277106605476,-0.03583574295043945,-0.3246890902519226,-0.022503926433032007,-0.042993128299713135,-0.29436519742012024,-0.030526741422121972,-0.033192962408065796,-0.2434338927268982,-0.030091618202035875,0.01831957697868347,-0.2237119972705841,-0.014302798561161012,0.0054836273193359375,-0.2941150367259979,-0.028634228757923097,-0.004819750785827637,-0.27745047211647034,-0.032052832669918985,-0.0008600950241088867,-0.23657837510108948,-0.03141849768847749
E,0.0,0.0,0.0,-0.06750693917274475,-0.032691001892089844,-0.01463951519657769,-0.10432285070419312,-0.11625826358795166,-0.018786240135924004,-0.07654085755348206,-0.19429275393486023,-0.026988569413916252,-0.02706119418144226,-0.21083992719650269,-0.032942982157365464,-0.10042387247085571,-0.2026643455028534,0.011807641247614242,-0.11742421984672546,-0.3022415339946747,-0.013180697103635453,-0.12210237979888916,-0.29506707191467285,-0.03217368363370099,-0.11118295788764954,-0.2551897466182709,-0.040678309043542527,-0.06041666865348816,-0.2233889400959015,0.006582237547590353,-0.07447794079780579,-0.3387879729270935,-0.018977310275332115,-0.08131185173988342,-0.3110731244087219,-0.03254827274908223,-0.07373812794685364,-0.25970330834388733,-0.03403590782512822,-0.022058069705963135,-0.22881489992141724,-0.004203351912693165,-0.03426128625869751,-0.32475388050079346,-0.025950139155284546,-0.043078482151031494,-0.2875050902366638,-0.02965317084421315,-0.03189444541931152,-0.2358274757862091,-0.02488584420611062,0.02206820249557495,-0.22408252954483032,-0.017901973565713547,0.006990909576416016,-0.29333260655403137,-0.029793105786339424,-0.004301279783248901,-0.2741645872592926,-0.029204133664862297,0.001230388879776001,-0.23532089591026306,-0.025109989335433625
E,0.0,0.0,0.0,-0.06643480062484741,-0.03696012496948242,-0.017135668849178387,-0.10153928399085999,-0.12172335386276245,-0.02263858944697006,-0.07327550649642944,-0.19834694266319275,-0.031636756216713025,-0.02397647500038147,-0.20959514379501343,-0.03822035372776611,-0.09853798151016235,-0.2079731822013855,0.008851241948477195,-0.11242005228996277,-0.30695757269859314,-0.016533613508173062,-0.11909562349319458,-0.3050491213798523,-0.03744247586054428,-0.11035239696502686,-0.26548436284065247,-0.04756192893309219,-0.057871460914611816,-0.22594931721687317,0.004564928053341077,-0.06718021631240845,-0.3404489755630493,-0.020638553728886677,-0.07771623134613037,-0.3234502673149109,-0.03759438202304466,-0.0723116397857666,-0.2719992399215698,-0.04272870377225502,-0.018981993198394775,-0.22779059410095215,-0.005183524289705588,-0.02499443292617798,-0.3261471688747406,-0.02543496929628475,-0.03897026181221008,-0.30381155014038086,-0.03401564091963394,-0.03126940131187439,-0.25137677788734436,-0.03390138999147041,0.024511724710464478,-0.21991205215454102,-0.018143728678651883,0.01504853367805481,-0.2885702848434448,-0.02995510243398769,0.0003959238529205322,-0.2805880904197693,-0.03328605399055107,0.0023590922355651855,-0.24141886830329895,-0.03254038125795944
E,0.0,0.0,0.0,-0.06541454792022705,-0.03649890422821045,-0.01649516281747765,-0.10034811496734619,-0.12839877605438232,-0.022195328223347133,-0.06808346509933472,-0.20603030920028687,-0.03196568992996163,-0.016195207834243774,-0.20890554785728455,-0.03994631973171181,-0.09429982304573059,-0.2099980115890503,0.00879297851508909,-0.10700082778930664,-0.30716097354888916,-0.016672566729425853,-0.11615157127380371,-0.3088141977787018,-0.03610123154783196,-0.1103283166885376,-0.2734278440475464,-0.044471120658158725,-0.05467116832733154,-0.2284967005252838,0.0038941495951121397,-0.06294479966163635,-0.3418425917625427,-0.020899512070059245,-0.07649558782577515,-0.3253406882286072,-0.03367585149669594,-0.07314297556877136,-0.2744147777557373,-0.03439388257527298,-0.015445679426193237,-0.23175716400146484,-0.0067302712340051585,-0.023822009563446045,-0.3267529606819153,-0.027554843771099513,-0.037903428077697754,-0.29856497049331665,-0.03229883146548218,-0.030390650033950806,-0.2465406358242035,-0.027832817482590144,0.026382654905319214,-0.22544384002685547,-0.020620586546897357,0.014535337686538696,-0.2950659692287445,-0.031551240208386844,-0.0004157423973083496,-0.28082287311553955,-0.031416477831839984,0.002173393964767456,-0.23950716853141785,-0.02718771827483124
E,0.0,0.0,0.0,-0.06678563356399536,-0.046616196632385254,-0.014768584680311392,-0.0988544225692749,-0.13812774419784546,-0.01944734812950344,-0.06581470370292664,-0.20928612351417542,-0.028357674416653822,-0.015594452619552612,-0.20899629592895508,-0.035479550298802565,-0.08817318081855774,-0.2209397852420807,0.01355362306112795,-0.09565889835357666,-0.31587809324264526,-0.011239046279840181,-0.10765588283538818,-0.32010510563850403,-0.031724703547112654,-0.10614866018295288,-0.2860981225967407,-0.04111734130655975,-0.04755818843841553,-0.23533731698989868,0.007761706549175074,-0.05093425512313843,-0.3459450602531433,-0.01569353514587135,-0.06759500503540039,-0.33593881130218506,-0.02988411584173889,-0.06811094284057617,-0.2885417342185974,-0.03245771029268951,-0.008595407009124756,-0.23463791608810425,-0.00386747140673549,-0.011365830898284912,-0.33274585008621216,-0.02366312877511234,-0.029489994049072266,-0.314865380525589,-0.029725515332572172,-0.025992602109909058,-0.2650057077407837,-0.026816261049859236,0.033107221126556396,-0.22400358319282532,-0.018703962725155066,0.02593022584915161,-0.2968640625476837,-0.02960635260915012,0.007643252611160278,-0.28871163725852966,-0.02995636412178726,0.0052054524421691895,-0.2486984133720398,-0.026199148085467527
E,0.0,0.0,0.0,-0.061684101819992065,-0.05866748094558716,-0.01340358262357455,-0.085238516330719,-0.15096712112426758,-0.017940282127234752,-0.05071413516998291,-0.21616265177726746,-0.027130109494898136,-0.002414315938949585,-0.21280747652053833,-0.03478083503839713,-0.06434521079063416,-0.23170921206474304,0.014086629958477204,-0.0684594213962555,-0.32428938150405884,-0.012203919938180263,-0.08646178245544434,-0.3322352468967438,-0.03358056513068419,-0.08890971541404724,-0.2994905114173889,-0.04311615718004447,-0.0266323983669281,-0.24077662825584412,0.007158170217302029,-0.02263033390045166,-0.3514503538608551,-0.017993952384564693,-0.04783892631530762,-0.34884631633758545,-0.0328190561890338,-0.05401185154914856,-0.30171674489974976,-0.035099727338526066,0.010232686996459961,-0.2347104847431183,-0.005682803927335556,0.01494261622428894,-0.3341846168041229,-0.026404808512303646,-0.01154831051826477,-0.32794898748397827,-0.034477633661005314,-0.015938252210617065,-0.28105872869491577,-0.03232425940630179,0.047620952129364014,-0.21749088168144226,-0.02168230270442706,0.04726603627204895,-0.29141294956207275,-0.03429029253718596,0.02497836947441101,-0.29358530044555664,-0.036929545229646976,0.015999674797058105,-0.2575691342353821,-0.03403617931005698
E,0.0,0.0,0.0,-0.060603588819503784,-0.07208698987960815,-0.010401740976817564,-0.07658916711807251,-0.16641736030578613,-0.011380822704381899,-0.041361987590789795,-0.225391685962677,-0.01759097476417537,0.0038626492023468018,-0.2049153745174408,-0.021390666560478167,-0.050869256258010864,-0.23640626668930054,0.024567835657649084,-0.05427160859107971,-0.32722383737564087,0.000889653324406936,-0.07089978456497192,-0.33096322417259216,-0.020175054044671015,-0.07050850987434387,-0.2999700605869293,-0.030307052032298998,-0.015986531972885132,-0.24288064241409302,0.01818998592978005,-0.013238072395324707,-0.3444933295249939,-0.0015877827109989084,-0.03728422522544861,-0.3471451997756958,-0.016079913200087503,-0.04178035259246826,-0.3119177222251892,-0.02035141487533565,0.0193919837474823,-0.23436477780342102,0.005334311789624735,0.03268933296203613,-0.3297099471092224,-0.012188908950633959,0.004128456115722656,-0.3360259234905243,-0.022845558197445825,-0.004451960325241089,-0.2980532646179199,-0.02389687423521991,0.05428403615951538,-0.21465972065925598,-0.010700371423013166,0.06642639636993408,-0.28452634811401367,-0.022437275693960146,0.041998445987701416,-0.29755809903144836,-0.02904289525861259,0.026709645986557007,-0.268951416015625,-0.029874244080133394
E,0.0,0.0,0.0,-0.05784621834754944,-0.061432838439941406,-0.012950925537126068,-0.07181251049041748,-0.15728837251663208,-0.016762710557060245,-0.03962370753288269,-0.219415545463562,-0.025548839390950207,0.004217386245727539,-0.19992080330848694,-0.03155002129145146,-0.03508266806602478,-0.22973647713661194,0.013382454022092816,-0.03628060221672058,-0.3238351345062256,-0.011725467079060081,-0.058614134788513184,-0.3254719376564026,-0.0305106243199873,-0.06137490272521973,-0.2949727177619934,-0.038847991646008495,-0.002592027187347412,-0.23446369171142578,0.006630773275418278,0.008563369512557983,-0.34280484914779663,-0.017933647528963093,-0.022875994443893433,-0.34499332308769226,-0.029716351450161937,-0.031179159879684448,-0.30372321605682373,-0.0296476570970583,0.02832546830177307,-0.2229430079460144,-0.00605037567086697,0.049500733613967896,-0.3231133222579956,-0.024064139843659405,0.017339229583740234,-0.3298964500427246,-0.028274965853171352,0.006761312484741211,-0.29232755303382874,-0.02359754350848675,0.06010141968727112,-0.20047104358673096,-0.022434397981243137,0.07945415377616882,-0.273089736700058,-0.03175933417745114,0.05286833643913269,-0.2917338013648987,-0.034096503079609874,0.034290581941604614,-0.26743340492248535,-0.031242012426929477
E,0.0,0.0,0.0,-0.05436939001083374,-0.06221568584442139,-0.010223952343366705,-0.06422418355941772,-0.1595844030380249,-0.015347469819388948,-0.03646618127822876,-0.22176256775856018,-0.026971258444390855,0.004203110933303833,-0.19850769639015198,-0.03569791115602072,-0.016976147890090942,-0.23289290070533752,0.01451446838895265,-0.011184245347976685,-0.32595425844192505,-0.011039086838863454,-0.04057738184928894,-0.3270445168018341,-0.028530519677005373,-0.04491603374481201,-0.2934912443161011,-0.03659389935215529,0.011988967657089233,-0.2347293496131897,0.0038895397562015432,0.03154122829437256,-0.3466622233390808,-0.024194358138046823,-0.008791863918304443,-0.34528273344039917,-0.034288160724244676,-0.019600987434387207,-0.29812031984329224,-0.032021675480208955,0.04026046395301819,-0.220916748046875,-0.012428659235737882,0.06894084811210632,-0.32828307151794434,-0.03210187352975424,0.02797451615333557,-0.3248709440231323,-0.030582849157653413,0.015505433082580566,-0.281069278717041,-0.02150942407330092,0.06898728013038635,-0.1963099241256714,-0.03244995347937163,0.0875730812549591,-0.2741316854953766,-0.04165153227528151,0.0533633828163147,-0.28308042883872986,-0.03955232001622733,0.03397586941719055,-0.25071951746940613,-0.03331282384475287
E,0.0,0.0,0.0,-0.053724437952041626,-0.05882525444030762,-0.007702290699995729,-0.0648149847984314,-0.15562868118286133,-0.01135998933128235,-0.03760874271392822,-0.22326403856277466,-0.022208707095302316,0.0012081563472747803,-0.20693442225456238,-0.029883131073034974,-0.025469988584518433,-0.2377115786075592,0.020144427507005958,-0.018238484859466553,-0.3315733075141907,-0.00211258969753203,-0.03788471221923828,-0.3323589861392975,-0.017692684815443727,-0.03640186786651611,-0.29789385199546814,-0.025118784667171212,0.0055348873138427734,-0.2390463650226593,0.009064778997384337,0.024589627981185913,-0.34886324405670166,-0.016104271323598596,-0.00726667046546936,-0.3408936858177185,-0.02476621946803448,-0.012065291404724121,-0.29623353481292725,-0.022300159246839257,0.03422442078590393,-0.22568616271018982,-0.007501129214830371,0.06247517466545105,-0.32979848980903625,-0.024622099162257882,0.028582066297531128,-0.3195163309574127,-0.019710814268506738,0.022077500820159912,-0.27309471368789673,-0.009388087936855527,0.06485018134117126,-0.20066338777542114,-0.027715675221003266,0.08346542716026306,-0.2771512567996979,-0.0339635849606168,0.056026846170425415,-0.2810479998588562,-0.029074612693108293,0.04373881220817566,-0.24561572074890137,-0.021864663497723313
E,0.0,0.0,0.0,-0.05361488461494446,-0.0620729923248291,-0.010626344326681192,-0.06388011574745178,-0.16014516353607178,-0.0165064701249662,-0.03487798571586609,-0.2243713140487671,-0.029138845708018835,0.002873629331588745,-0.19589245319366455,-0.03860387889648109,-0.02525666356086731,-0.24078023433685303,0.016708639133923953,-0.017789989709854126,-0.3328222334384918,-0.0074723426623108935,-0.040293365716934204,-0.33041906356811523,-0.02499740695560604,-0.040519505739212036,-0.2938516139984131,-0.0338782363941732,0.0050643086433410645,-0.24189314246177673,0.006137027554416363,0.0247403085231781,-0.3502439856529236,-0.02005287943387657,-0.008282870054244995,-0.3459237217903137,-0.03064843391979366,-0.013074725866317749,-0.301180899143219,-0.030211373548752363,0.033443182706832886,-0.2268650233745575,-0.010261584389752443,0.061217814683914185,-0.32922542095184326,-0.02801741039360195,0.026287943124771118,-0.32131123542785645,-0.02545403255129486,0.019503146409988403,-0.27607473731040955,-0.017109032105452116,0.06331279873847961,-0.20192569494247437,-0.03066294020021587,0.08218631148338318,-0.27602264285087585,-0.03807565508390098,0.05443105101585388,-0.2802199423313141,-0.03520194379592567,0.04188069701194763,-0.24489116668701172,-0.02959310946965843
E,0.0,0.0,0.0,-0.05419263243675232,-0.0653504729270935,-0.009740166348493062,-0.06304413080215454,-0.16450446844100952,-0.01320567259666916,-0.031139642000198364,-0.2271026074886322,-0.023118711059069597,0.007206648588180542,-0.20024096965789795,-0.030324689094996415,-0.026512086391448975,-0.23750388622283936,0.018242602254176177,-0.020123571157455444,-0.32898634672164917,-0.005065252055501901,-0.037666887044906616,-0.333474725484848,-0.023176380415534936,-0.035128235816955566,-0.30274683237075806,-0.03265365304527279,0.005385041236877441,-0.2399834394454956,0.008198348822915591,0.023585230112075806,-0.3473321199417114,-0.01690479273078438,-0.00608670711517334,-0.3522946834564209,-0.029484971408820115,-0.01109844446182251,-0.3127608895301819,-0.03127459900555607,0.034536123275756836,-0.2250833809375763,-0.0075521827499329675,0.06142285466194153,-0.3263256251811981,-0.025615802948451005,0.029799163341522217,-0.32585471868515015,-0.027041262929415666,0.022964537143707275,-0.2833199203014374,-0.021706382726407014,0.06509748101234436,-0.1997045874595642,-0.026976748352026902,0.08535626530647278,-0.2734663784503937,-0.03621900918064114,0.05987539887428284,-0.2835994362831116,-0.0366383613842487,0.04572021961212158,-0.25126686692237854,-0.03349491672692295
E,0.0,0.0,0.0,-0.05449783802032471,-0.06762677431106567,-0.01027293644602878,-0.06349393725395203,-0.16573846340179443,-0.013836090934830736,-0.033329784870147705,-0.22839048504829407,-0.023778494929331373,0.004072815179824829,-0.20369896292686462,-0.030946584900277685,-0.027943074703216553,-0.24026942253112793,0.020284028241974283,-0.023250699043273926,-0.3284517228603363,-0.002240003801318835,-0.03949105739593506,-0.3339782655239105,-0.019598646571296285,-0.036315977573394775,-0.3062327206134796,-0.0281867687752424,0.0030565261840820312,-0.2425822913646698,0.01087390303854363,0.017850428819656372,-0.34511256217956543,-0.01189041465278251,-0.007456749677658081,-0.35258686542510986,-0.02258449095990045,-0.008538573980331421,-0.31699448823928833,-0.022997513895290922,0.032204627990722656,-0.22742435336112976,-0.004642221161532234,0.05605649948120117,-0.32385849952697754,-0.02255750681962354,0.027682125568389893,-0.32782769203186035,-0.02348795395101888,0.024029135704040527,-0.28908461332321167,-0.0172202964475332,0.0621219277381897,-0.20275282859802246,-0.023822069649952482,0.08040004968643188,-0.27558669447898865,-0.03347133707012517,0.056861162185668945,-0.2865995466709137,-0.03335479508842809,0.045653343200683594,-0.25484395027160645,-0.029038021822827886
E,0.0,0.0,0.0,-0.05547484755516052,-0.06216174364089966,-0.011816968947158557,-0.06477946043014526,-0.1609676480293274,-0.016112027495609027,-0.03315684199333191,-0.22154951095581055,-0.026349693342552882,0.00729021430015564,-0.19524982571601868,-0.033830467417345744,-0.025196999311447144,-0.2336568832397461,0.015408572003735799,-0.01840844750404358,-0.32526326179504395,-0.008874096713469726,-0.0429665744304657,-0.32798516750335693,-0.02686077150653432,-0.04767143726348877,-0.29612964391708374,-0.035585734799013835,0.005037277936935425,-0.23532968759536743,0.006466163982196349,0.024250060319900513,-0.34458863735198975,-0.020148245423541766,-0.009991347789764404,-0.3451869487762451,-0.03221159781466554,-0.018997907638549805,-0.30100688338279724,-0.032344091489420634,0.033729225397109985,-0.22071325778961182,-0.00825948621283601,0.06142798066139221,-0.3244882822036743,-0.02721700239132474,0.026846259832382202,-0.32279470562934875,-0.02884986418436597,0.017885982990264893,-0.27984732389450073,-0.02277792784522603,0.06369861960411072,-0.19575145840644836,-0.026691840767369968,0.08255812525749207,-0.2715492248535156,-0.03613266329418252,0.05470779538154602,-0.2808835804462433,-0.036295365347967845,0.03959232568740845,-0.2484177052974701,-0.03239239732872079
E,0.0,0.0,0.0,-0.05504345893859863,-0.06583571434020996,-0.011022449124354239,-0.0649377703666687,-0.1594752073287964,-0.015384716566401835,-0.03623715043067932,-0.22136420011520386,-0.025996123093861456,0.0020692050457000732,-0.19949352741241455,-0.03393707855393302,-0.025584757328033447,-0.23539933562278748,0.019425285395485048,-0.020951896905899048,-0.3216455578804016,-0.004542888726788874,-0.04159441590309143,-0.32893478870391846,-0.02362191549291026,-0.043229103088378906,-0.30144158005714417,-0.03314999549438369,0.005176723003387451,-0.23841673135757446,0.010222854439419393,0.02149239182472229,-0.3415818512439728,-0.014479932959872599,-0.009202361106872559,-0.3461928367614746,-0.026878372419375296,-0.01680845022201538,-0.3058008551597595,-0.02791520639111411,0.034381091594696045,-0.22444432973861694,-0.004938614208001013,0.06055516004562378,-0.3234807848930359,-0.023983315217989798,0.02772653102874756,-0.32387471199035645,-0.025375066909688826,0.019423246383666992,-0.2804967164993286,-0.019005036566156264,0.06504219770431519,-0.19888174533843994,-0.023761276740330572,0.08421945571899414,-0.2721015512943268,-0.0340432120745362,0.05661278963088989,-0.2818836569786072,-0.03394702507902991,0.040762364864349365,-0.2487902045249939,-0.029370831910270567
E,0.0,0.0,0.0,-0.05581623315811157,-0.06014525890350342,-0.011855821250279064,-0.06579309701919556,-0.15989631414413452,-0.014831131449241752,-0.03250318765640259,-0.22225040197372437,-0.02329380822767746,0.0072491466999053955,-0.1942799687385559,-0.029111214107174987,-0.03001454472541809,-0.23239797353744507,0.01607425312111843,-0.025976061820983887,-0.32041120529174805,-0.0053831405325723836,-0.04821315407752991,-0.3233169913291931,-0.021334782367844696,-0.05121433734893799,-0.29327303171157837,-0.02889234957685005,0.0011141300201416016,-0.23681855201721191,0.008420610675315743,0.014753371477127075,-0.34142887592315674,-0.01388847188492548,-0.015756309032440186,-0.34358537197113037,-0.02335007128705513,-0.02216276526451111,-0.3022122383117676,-0.022660648575325126,0.03153073787689209,-0.2234775722026825,-0.005014925388891811,0.05405759811401367,-0.3226300776004791,-0.02273100254525673,0.0215165913105011,-0.3204755187034607,-0.024617144963045234,0.014137625694274902,-0.278383731842041,-0.019116759425301666,0.06337082386016846,-0.19955459237098694,-0.021975018209118957,0.0802927017211914,-0.2752099633216858,-0.03165697132637035,0.05172830820083618,-0.28138044476509094,-0.032164046665926094,0.03618493676185608,-0.2458246350288391,-0.02871634823669922
E,0.0,0.0,0.0,-0.05522015690803528,-0.060147225856781006,-0.011549715246601977,-0.06462785601615906,-0.16081249713897705,-0.014745210591300406,-0.030425161123275757,-0.22112178802490234,-0.0234013212058386,0.010111451148986816,-0.1919662058353424,-0.02934142324660627,-0.03082987666130066,-0.23264947533607483,0.015273031484738908,-0.025785475969314575,-0.32303890585899353,-0.007952057119055667,-0.048364490270614624,-0.3203102946281433,-0.025124150622232833,-0.05102136731147766,-0.2839440107345581,-0.03303859691654054,0.0010259449481964111,-0.2365855574607849,0.007377565544501863,0.01681685447692871,-0.34334588050842285,-0.016462696078761496,-0.01451641321182251,-0.34046825766563416,-0.02658001828525869,-0.021492749452590942,-0.29500681161880493,-0.025734830010279097,0.03205940127372742,-0.22350150346755981,-0.006291270549937167,0.05547294020652771,-0.32325857877731323,-0.02390449616645185,0.022166937589645386,-0.319442480802536,-0.025594138834222235,0.013909488916397095,-0.27735435962677,-0.01993507828150598,0.06426790356636047,-0.1995369791984558,-0.023518917444690146,0.08121922612190247,-0.27385497093200684,-0.03245670657192079,0.05174180865287781,-0.2792971134185791,-0.032441678750856795,0.03525632619857788,-0.2447366714477539,-0.02868190157745687
E,0.0,0.0,0.0,-0.053908586502075195,-0.0558396577835083,-0.012431338561711414,-0.06762063503265381,-0.15238285064697266,-0.01740608843230973,-0.036459535360336304,-0.2158019244670868,-0.02810378665292035,0.005628466606140137,-0.1977825164794922,-0.03615788104200135,-0.0365234911441803,-0.23038098216056824,0.013218638354899781,-0.03370210528373718,-0.3234249949455261,-0.01106142452174197,-0.05213332176208496,-0.32084524631500244,-0.029953234961269004,-0.051763713359832764,-0.2846018075942993,-0.03963345023059617,-0.0034712553024291992,-0.2349187731742859,0.004928661378087895,0.010829895734786987,-0.3448256552219391,-0.020663953518507583,-0.018553346395492554,-0.33854156732559204,-0.03430509301090012,-0.023730844259262085,-0.2933138608932495,-0.03668231995963822,0.027618408203125,-0.22287467122077942,-0.008734950928030116,0.049267321825027466,-0.32652759552001953,-0.026483873968956573,0.018351644277572632,-0.31510549783706665,-0.02859349096381436,0.012589871883392334,-0.26880592107772827,-0.024112320637343032,0.06048974394798279,-0.1987428367137909,-0.026003844236967666,0.07374235987663269,-0.27465537190437317,-0.03415348487162362,0.04709950089454651,-0.2759047746658325,-0.033587464263675315,0.0344158411026001,-0.23888635635375977,-0.030192046558497054
E,0.0,0.0,0.0,-0.0648135244846344,-0.04137921333312988,-0.020052323249728943,-0.09969532489776611,-0.1257888674736023,-0.027600018439443375,-0.06341755390167236,-0.20077013969421387,-0.03731793923452642,-0.009964585304260254,-0.20942243933677673,-0.04342826469019201,-0.10488471388816833,-0.21293330192565918,0.004343691150097584,-0.11613056063652039,-0.31441396474838257,-0.021803729368002678,-0.10884299874305725,-0.28967541456222534,-0.043148968500645424,-0.09821069240570068,-0.24047070741653442,-0.05491812912896421,-0.06291255354881287,-0.22768184542655945,0.002712801432608103,-0.07336580753326416,-0.3360482454299927,-0.018238432837279106,-0.06849762797355652,-0.29877743124961853,-0.031163061169536377,-0.06037634611129761,-0.2489919662475586,-0.03626547766998556,-0.023013830184936523,-0.22826135158538818,-0.004768205472828413,-0.0322364866733551,-0.3231564164161682,-0.021391678733380104,-0.0342576801776886,-0.2910621464252472,-0.02461904486790445,-0.0281219482421875,-0.24352270364761353,-0.023751411718876625,0.0200481116771698,-0.21610626578330994,-0.01587858809307363,0.008672207593917847,-0.28445011377334595,-0.02831603041067865,0.0018858909606933594,-0.2675846517086029,-0.03039224459007528,0.0033149421215057373,-0.22913947701454163,-0.03012666305676248
E,0.0,0.0,0.0,-0.06261694431304932,-0.04000401496887207,-0.026610233584221987,-0.09176918864250183,-0.12231040000915527,-0.03653927403109947,-0.051552265882492065,-0.19671720266342163,-0.048760506087717204,-0.0018279850482940674,-0.22109952569007874,-0.05726677435058036,-0.1062212884426117,-0.20303958654403687,0.006383160365942331,-0.11882272362709045,-0.3091394901275635,-0.022164673307713656,-0.1057877242565155,-0.27821287512779236,-0.047021197849687724,-0.09583067893981934,-0.2286069691181183,-0.05999810131805816,-0.06422227621078491,-0.21811428666114807,0.006751219513091655,-0.07839140295982361,-0.3289945423603058,-0.017482752674993662,-0.06591197848320007,-0.29515349864959717,-0.03815933572667518,-0.058758676052093506,-0.24801570177078247,-0.04793053376096168,-0.0248127281665802,-0.22235479950904846,0.0002745910936141627,-0.03630533814430237,-0.31681305170059204,-0.018098327094492106,-0.03159913420677185,-0.28614458441734314,-0.028348822841223864,-0.027740269899368286,-0.2366316020488739,-0.03147406759279647,0.0159798264503479,-0.2171899378299713,-0.010256066681620268,0.0063002705574035645,-0.2909287214279175,-0.020739626833972125,0.004489243030548096,-0.2741325795650482,-0.024185864949402003,0.003790557384490967,-0.23282599449157715,-0.025307795727428584
E,0.0,0.0,0.0,-0.061501771211624146,-0.04198485612869263,-0.028987155464193393,-0.08727407455444336,-0.12496137619018555,-0.03754345996370034,-0.04587563872337341,-0.2006065845489502,-0.047402548771998454,0.005377531051635742,-0.21669864654541016,-0.0539205960749598,-0.10733616352081299,-0.19666701555252075,0.012466031889715623,-0.12256065011024475,-0.29923659563064575,-0.012492197734019328,-0.10883483290672302,-0.2839035987854004,-0.0374568618654223,-0.09625548124313354,-0.23977738618850708,-0.05096177680482583,-0.06641760468482971,-0.21409007906913757,0.016057879495718907,-0.08444765210151672,-0.3230173587799072,-0.006030669604143668,-0.06903460621833801,-0.3015905022621155,-0.03045050351013856,-0.057272374629974365,-0.2569606900215149,-0.04300292132487016,-0.026990681886672974,-0.21956494450569153,0.012675138953426313,-0.04217398166656494,-0.3147149085998535,-0.004674864169857074,-0.03554704785346985,-0.29624074697494507,-0.021699571218988467,-0.02793329954147339,-0.24900582432746887,-0.029406304639479686,0.014000296592712402,-0.21583259105682373,0.005284044257649612,0.00369185209274292,-0.2859836220741272,-0.006501103919646312,0.0027866363525390625,-0.2774377763271332,-0.01524245476414876,0.004151105880737305,-0.2384631335735321,-0.01985332666029649
E,0.0,0.0,0.0,-0.05866825580596924,-0.0404624342918396,-0.02868443888149841,-0.07929417490959167,-0.12042993307113647,-0.036263685417395664,-0.03762921690940857,-0.19298595190048218,-0.04477051247380359,0.006838738918304443,-0.21926215291023254,-0.049614075315219,-0.10501864552497864,-0.20456957817077637,0.01695632028855698,-0.11296799778938293,-0.3051419258117676,-0.007117389910888505,-0.09782421588897705,-0.2841610014438629,-0.03282531325243099,-0.08675402402877808,-0.23845252394676208,-0.04694367547057254,-0.06317317485809326,-0.21798264980316162,0.02035028885580914,-0.0756649374961853,-0.32601797580718994,-0.001313590887036753,-0.06166753172874451,-0.2967848777770996,-0.02754639994822128,-0.05347871780395508,-0.2516651451587677,-0.04118269283793552,-0.025225311517715454,-0.21948006749153137,0.016723726200837064,-0.034439682960510254,-0.3050285279750824,-0.00042679405891021815,-0.02856507897377014,-0.2779846787452698,-0.01731486592910869,-0.022614389657974243,-0.23158225417137146,-0.02482909497342689,0.01555544137954712,-0.21117514371871948,0.009258922445553708,0.0067858099937438965,-0.2810410261154175,-0.0012182504637507918,0.0071669816970825195,-0.26455312967300415,-0.007783098821562362,0.008043766021728516,-0.2260107696056366,-0.011005327780765128
E,0.0,0.0,0.0,-0.05671429634094238,-0.03731656074523926,-0.028746189949430345,-0.0794343650341034,-0.11395841836929321,-0.036980951604761,-0.040328800678253174,-0.18830421566963196,-0.04538596275202167,0.005577802658081055,-0.2182733714580536,-0.04993746655932796,-0.10520967841148376,-0.19847482442855835,0.009800724285327078,-0.11720174551010132,-0.29742923378944397,-0.014407282163716673,-0.10201570391654968,-0.2754138112068176,-0.038931580660261034,-0.0895516574382782,-0.22961002588272095,-0.052776387361205934,-0.0648188591003418,-0.21531033515930176,0.013323736908517958,-0.08226275444030762,-0.3219824731349945,-0.006732196015633463,-0.06619963049888611,-0.2945924401283264,-0.029789431420482515,-0.05562904477119446,-0.2514413893222809,-0.04232853877297771,-0.026463568210601807,-0.2192816436290741,0.010279396149002196,-0.03928971290588379,-0.30764347314834595,-0.006129734152324318,-0.031422823667526245,-0.28320226073265076,-0.020262066674746393,-0.02484801411628723,-0.24033406376838684,-0.02715100760511291,0.015039324760437012,-0.21119394898414612,0.003477430036895157,0.006929337978363037,-0.2791651487350464,-0.00846463109306228,0.008138895034790039,-0.26291656494140625,-0.014756803800679563,0.008560240268707275,-0.22517302632331848,-0.018137962025917886
E,0.0,0.0,0.0,-0.05901101231575012,-0.04123854637145996,-0.02608467038523088,-0.08048155903816223,-0.11803209781646729,-0.03212293196271787,-0.04265591502189636,-0.1903141736984253,-0.039109900181998114,0.0013723969459533691,-0.21945172548294067,-0.04242229793023,-0.10773873329162598,-0.19710701704025269,0.018702311853061815,-0.11907678842544556,-0.2931828498840332,-0.003820285720635752,-0.10543578863143921,-0.27304840087890625,-0.02917607459973226,-0.09235942363739014,-0.22787010669708252,-0.04384934115957151,-0.06713250279426575,-0.21185430884361267,0.02127379406441321,-0.08536872267723083,-0.31871071457862854,0.0006307042246902483,-0.07068526744842529,-0.2933114767074585,-0.02718230854522119,-0.058475494384765625,-0.24998706579208374,-0.04273154917906652,-0.028847545385360718,-0.21535146236419678,0.01738207642186751,-0.043176352977752686,-0.3040944039821625,0.0009345467012593645,-0.036419063806533813,-0.2874489426612854,-0.01908219191979299,-0.026616990566253662,-0.245371013879776,-0.029764260684956412,0.01396876573562622,-0.20855844020843506,0.01009491499711146,0.0035747885704040527,-0.2779373228549957,-0.001798182779808144,0.0033495426177978516,-0.2696220874786377,-0.011735479866970877,0.005096852779388428,-0.2348645031452179,-0.017899525871385435
