label,x0,y0,z0,x1,y1,z1,x2,y2,z2,x3,y3,z3,x4,y4,z4,x5,y5,z5,x6,y6,z6,x7,y7,z7,x8,y8,z8,x9,y9,z9,x10,y10,z10,x11,y11,z11,x12,y12,z12,x13,y13,z13,x14,y14,z14,x15,y15,z15,x16,y16,z16,x17,y17,z17,x18,y18,z18,x19,y19,z19,x20,y20,z20
F,0.0,0.0,0.0,-0.05531391501426697,-0.03115236759185791,-0.044344355559474025,-0.11083173751831055,-0.08258932828903198,-0.07973061988366226,-0.1484064757823944,-0.1270521879196167,-0.1136398960114775,-0.1135469377040863,-0.1472938060760498,-0.14441825935853103,-0.075886070728302,-0.2506803870201111,-0.03942653650653938,-0.10755351185798645,-0.3167029619216919,-0.09723177293551544,-0.11246299743652344,-0.2711029648780823,-0.141138886308795,-0.10641393065452576,-0.21694421768188477,-0.16301544497025588,-0.021174371242523193,-0.2794341444969177,-0.04270552585137466,-0.03176620602607727,-0.4067947268486023,-0.07543302813780883,-0.03422251343727112,-0.48825329542160034,-0.10188162068141082,-0.03658971190452576,-0.5651731491088867,-0.12003124991667846,0.030989915132522583,-0.26849615573883057,-0.05517328271878341,0.051261335611343384,-0.3783869743347168,-0.08699549475920776,0.05878552794456482,-0.4483860731124878,-0.10849611947548965,0.05790480971336365,-0.5146976411342621,-0.12118204424393753,0.07733872532844543,-0.22373592853546143,-0.07165346035969833,0.10729673504829407,-0.2944784164428711,-0.09069810549033264,0.12272217869758606,-0.3438158333301544,-0.09517474213851074,0.13064303994178772,-0.3946269750595093,-0.09743066618455032
F,0.0,0.0,0.0,-0.05606430768966675,-0.03120255470275879,-0.043973569422348646,-0.11196523904800415,-0.08258295059204102,-0.0791800773137652,-0.14901244640350342,-0.1271098256111145,-0.1131119734042727,-0.11361366510391235,-0.14807337522506714,-0.14408251702724328,-0.07691702246665955,-0.24856042861938477,-0.03944563180147043,-0.10854023694992065,-0.3191775679588318,-0.0970113059872233,-0.11369931697845459,-0.2767309546470642,-0.14043597936569086,-0.1068824827671051,-0.22300958633422852,-0.16195862054763666,-0.021385759115219116,-0.27736896276474,-0.04252790719209543,-0.03158733248710632,-0.4045989513397217,-0.07475846320329538,-0.0344221293926239,-0.48567113280296326,-0.10007143825231424,-0.03710651397705078,-0.5628182888031006,-0.117428772746905,0.03128695487976074,-0.2671728730201721,-0.05483762979446283,0.0490838885307312,-0.37827998399734497,-0.08609572112499109,0.05675703287124634,-0.44877392053604126,-0.1065860545629107,0.05675101280212402,-0.5156543552875519,-0.11865744054256311,0.07804769277572632,-0.2228260040283203,-0.07120229363380304,0.10608571767807007,-0.2938999533653259,-0.08989573329625955,0.12154155969619751,-0.3426244854927063,-0.09373126238523355,0.13005000352859497,-0.3921448588371277,-0.0955139851564013
F,0.0,0.0,0.0,-0.0576329231262207,-0.030389606952667236,-0.04382398159933132,-0.11508038640022278,-0.08448600769042969,-0.07861733617019695,-0.15100929141044617,-0.1307920217514038,-0.11197488935422939,-0.10966244339942932,-0.151650071144104,-0.14193094702196163,-0.07606589794158936,-0.25066077709198,-0.039766652451277196,-0.1077524721622467,-0.3174145817756653,-0.09750773193073314,-0.11251667141914368,-0.2681254744529724,-0.1407423111958508,-0.10542833805084229,-0.21203184127807617,-0.16199574799966854,-0.0214918851852417,-0.2792658805847168,-0.04286820249390644,-0.03248700499534607,-0.405364453792572,-0.07520643802118343,-0.03471541404724121,-0.48634928464889526,-0.09986703278255504,-0.03643691539764404,-0.5650278031826019,-0.11668646516037029,0.030900508165359497,-0.26865875720977783,-0.05517091409993213,0.04852375388145447,-0.3800266981124878,-0.08634774567318004,0.05697110295295715,-0.4486945867538452,-0.10588487418127102,0.05782988667488098,-0.5143254399299622,-0.11706759961080593,0.07769373059272766,-0.22389811277389526,-0.07158156664800686,0.10568919777870178,-0.2954886555671692,-0.08980779530239147,0.12199798226356506,-0.3439818322658539,-0.09286612452697796,0.1314878761768341,-0.39317893981933594,-0.09399973781538051
F,0.0,0.0,0.0,-0.0579526424407959,-0.028322458267211914,-0.0448505273141393,-0.115287184715271,-0.08307141065597534,-0.07950534578938573,-0.1520843803882599,-0.128415048122406,-0.11274549272437184,-0.1131531298160553,-0.14728546142578125,-0.14277493116040318,-0.07944804430007935,-0.24803894758224487,-0.03885290306587308,-0.11095252633094788,-0.3172956705093384,-0.09784492012639134,-0.11262452602386475,-0.2692694067955017,-0.14263334032673924,-0.10339754819869995,-0.21506142616271973,-0.16464448627610295,-0.023537635803222656,-0.2778249979019165,-0.04131979030151456,-0.0330120325088501,-0.4030921161174774,-0.07439654227871983,-0.03474810719490051,-0.4840209186077118,-0.10081873741526692,-0.03683274984359741,-0.5630165338516235,-0.11887409445424169,0.028916269540786743,-0.2677372694015503,-0.05323138367910474,0.04891738295555115,-0.37717461585998535,-0.08494134154696553,0.05741170048713684,-0.4461318850517273,-0.10581797268767446,0.05783930420875549,-0.5127360224723816,-0.11776315328259557,0.0746714174747467,-0.2233750820159912,-0.06931341346879094,0.1042390763759613,-0.2947426438331604,-0.0870720660366544,0.12057170271873474,-0.3430711030960083,-0.09042396303792088,0.12979939579963684,-0.39227741956710815,-0.09186810162444203
F,0.0,0.0,0.0,-0.05780744552612305,-0.029534578323364258,-0.04440862905008203,-0.11489629745483398,-0.08607500791549683,-0.07877606745583421,-0.15231510996818542,-0.1331425905227661,-0.11187513019663697,-0.11087316274642944,-0.15453392267227173,-0.14160953309161073,-0.07759720087051392,-0.2495051622390747,-0.03777059014660722,-0.1098794937133789,-0.316405713558197,-0.09729212369543916,-0.11304685473442078,-0.2674335241317749,-0.14227668788058168,-0.10468277335166931,-0.21315008401870728,-0.16432660665137178,-0.022193044424057007,-0.2788408398628235,-0.04063536446315652,-0.03234684467315674,-0.4032793343067169,-0.07469726200920945,-0.03441336750984192,-0.4853462874889374,-0.10122133638483888,-0.0366135835647583,-0.5660377740859985,-0.11896388824803239,0.030472368001937866,-0.2686532139778137,-0.05306805517298585,0.050988465547561646,-0.3792334198951721,-0.08590278621537095,0.05912002921104431,-0.4485386610031128,-0.10671278681380159,0.05849835276603699,-0.5156266093254089,-0.11814581449849015,0.07668635249137878,-0.22400623559951782,-0.06961776163203126,0.10703667998313904,-0.29618942737579346,-0.08832084234578019,0.1234196126461029,-0.3455742597579956,-0.09194528903586274,0.13220694661140442,-0.39572814106941223,-0.09327646191937333
F,0.0,0.0,0.0,-0.055831074714660645,-0.030795037746429443,-0.046379813595279984,-0.1114206314086914,-0.08427733182907104,-0.08303712834285193,-0.1488437056541443,-0.13056182861328125,-0.11813857187198096,-0.10994946956634521,-0.15101563930511475,-0.14994251508878165,-0.07462677359580994,-0.2514784336090088,-0.039816984577640824,-0.10639524459838867,-0.31761449575424194,-0.10022719730304175,-0.11095041036605835,-0.27064281702041626,-0.146317792727217,-0.10441321134567261,-0.21554160118103027,-0.1690534182326644,-0.019506722688674927,-0.28014320135116577,-0.04245693017409735,-0.029921412467956543,-0.406610369682312,-0.07642789710925513,-0.03227218985557556,-0.48936644196510315,-0.10329381902383261,-0.03492167592048645,-0.5688086450099945,-0.12141772885487967,0.03298485279083252,-0.2692052721977234,-0.0548539661304801,0.05236130952835083,-0.37975066900253296,-0.08742633242772513,0.06067550182342529,-0.44952017068862915,-0.10856670667098456,0.06070578098297119,-0.5157298445701599,-0.12049742568896704,0.07917892932891846,-0.22390389442443848,-0.0716163717644065,0.10847485065460205,-0.29621416330337524,-0.09012397904561453,0.12533873319625854,-0.34547972679138184,-0.09381357361243658,0.134746253490448,-0.3953084349632263,-0.09534220923350745
F,0.0,0.0,0.0,-0.05718880891799927,-0.02973461151123047,-0.04506024290500932,-0.11434701085090637,-0.08106595277786255,-0.08143172730385118,-0.15213894844055176,-0.12564212083816528,-0.11659829635797792,-0.11313191056251526,-0.14806270599365234,-0.14874684382854753,-0.07549527287483215,-0.24615955352783203,-0.04036733825384431,-0.10926973819732666,-0.3137299418449402,-0.10031679589926057,-0.11568239331245422,-0.26951754093170166,-0.14547921289383225,-0.10880279541015625,-0.2157728672027588,-0.16773697306095414,-0.019653260707855225,-0.2754344344139099,-0.04330750872074418,-0.02999982237815857,-0.4015663266181946,-0.07771477420507722,-0.033161818981170654,-0.4838937520980835,-0.10370721985279374,-0.03565770387649536,-0.5623203814029694,-0.12114595939098649,0.03322365880012512,-0.2653937339782715,-0.05577333216248803,0.05255439877510071,-0.3768734633922577,-0.08883332033335023,0.05974140763282776,-0.44683343172073364,-0.10885351468502336,0.059013932943344116,-0.513137549161911,-0.11990402211128526,0.07991847395896912,-0.22125482559204102,-0.07236909438549333,0.1094309389591217,-0.2932792901992798,-0.09148010928808503,0.12518396973609924,-0.34224578738212585,-0.09460458476721101,0.13357868790626526,-0.3920002281665802,-0.09550538231312089
F,0.0,0.0,0.0,-0.0558951199054718,-0.028496861457824707,-0.04798988344765576,-0.1123124361038208,-0.07703191041946411,-0.08689359294868382,-0.14907217025756836,-0.11973339319229126,-0.12390742915368946,-0.11243805289268494,-0.14762145280838013,-0.15772018300987156,-0.07490560412406921,-0.24546676874160767,-0.04463790449000271,-0.10808610916137695,-0.30944955348968506,-0.10566546487308415,-0.11822056770324707,-0.2658311128616333,-0.15187736319995793,-0.11486035585403442,-0.21352124214172363,-0.17511687147117527,-0.020366430282592773,-0.2747143507003784,-0.04698238241172703,-0.03174161911010742,-0.4012891352176666,-0.08222914206481846,-0.03592860698699951,-0.4835677742958069,-0.10863680856920155,-0.03931501507759094,-0.5636467933654785,-0.1263346867511359,0.032249122858047485,-0.2641948461532593,-0.05901854577160748,0.05333247780799866,-0.3770524263381958,-0.09316903072095784,0.06119152903556824,-0.44783270359039307,-0.11382560896373661,0.060011059045791626,-0.5146692991256714,-0.12533386516071232,0.07922914624214172,-0.21895593404769897,-0.07532498704887303,0.11007073521614075,-0.291917622089386,-0.09624649303651722,0.12637850642204285,-0.34200453758239746,-0.10040190535283955,0.1343616545200348,-0.3928007185459137,-0.101857406074771
F,0.0,0.0,0.0,-0.057334333658218384,-0.029034852981567383,-0.04220917679703007,-0.11406829953193665,-0.08077400922775269,-0.07697282962834606,-0.1528838574886322,-0.1233941912651062,-0.1108111613277174,-0.12360075116157532,-0.14424049854278564,-0.1418932922962881,-0.07584553956985474,-0.2462080717086792,-0.03576187648212681,-0.11103197932243347,-0.3059162497520447,-0.09530320249831448,-0.12028655409812927,-0.26506292819976807,-0.14092850171363125,-0.1154339611530304,-0.21548128128051758,-0.16352551661765347,-0.02160891890525818,-0.2764514088630676,-0.04029118500983486,-0.0331861674785614,-0.4032581150531769,-0.07514903925692806,-0.03800937533378601,-0.4878947138786316,-0.1003465303066946,-0.042038142681121826,-0.5685440897941589,-0.11632403962647686,0.030879884958267212,-0.2662588357925415,-0.0544599727574564,0.052885085344314575,-0.380881130695343,-0.0884054475311018,0.061603814363479614,-0.45201388001441956,-0.10792100660836468,0.060690611600875854,-0.5188635587692261,-0.11761302732264767,0.07774761319160461,-0.2211124300956726,-0.07247969739472637,0.10924389958381653,-0.29497092962265015,-0.09221357338464031,0.12529054284095764,-0.3456146717071533,-0.09509188168084393,0.13247403502464294,-0.39662444591522217,-0.09512486540114651
F,0.0,0.0,0.0,-0.06128421425819397,-0.028277993202209473,-0.043914569188871155,-0.12245321273803711,-0.07733619213104248,-0.08054679038099266,-0.1633426547050476,-0.12204766273498535,-0.11578950436881996,-0.1265866756439209,-0.1533547043800354,-0.1477757185893438,-0.07706063985824585,-0.2427835464477539,-0.04171118291191078,-0.11407595872879028,-0.3098219633102417,-0.10246114583782173,-0.12609431147575378,-0.26500648260116577,-0.14743258955053307,-0.12092936038970947,-0.21341490745544434,-0.1694875300126455,-0.02231571078300476,-0.2737537622451782,-0.045427998174943696,-0.03414848446846008,-0.40415698289871216,-0.08239819260410286,-0.039950817823410034,-0.49038922786712646,-0.10843150468639351,-0.04412105679512024,-0.5748478770256042,-0.12517448665670372,0.030668526887893677,-0.2646890878677368,-0.05837768467239357,0.051089704036712646,-0.38279515504837036,-0.09284628333620049,0.05798405408859253,-0.4555342197418213,-0.11181599052719093,0.0568692684173584,-0.5233496427536011,-0.12141512485317207,0.07784783840179443,-0.22108978033065796,-0.07525483669809319,0.10845142602920532,-0.2957078218460083,-0.09511233272127129,0.12468504905700684,-0.3484360873699188,-0.09797791542581535,0.13357621431350708,-0.40123236179351807,-0.0981006041365049
F,0.0,0.0,0.0,-0.06420356035232544,-0.02830946445465088,-0.04606316956110845,-0.12622669339179993,-0.07375669479370117,-0.08450928302832494,-0.16819050908088684,-0.11759597063064575,-0.12134549739189993,-0.13184231519699097,-0.1519221067428589,-0.1552273181302155,-0.07950994372367859,-0.2431328296661377,-0.043147161327084405,-0.11700955033302307,-0.3015027642250061,-0.1064718586427773,-0.1296209692955017,-0.26597166061401367,-0.15369401844569097,-0.12512806057929993,-0.22120040655136108,-0.17723283144064794,-0.024084478616714478,-0.27614933252334595,-0.04674095260330091,-0.03757578134536743,-0.403507262468338,-0.08532427968808065,-0.04459667205810547,-0.4904444217681885,-0.11206057640143285,-0.04999455809593201,-0.5738069415092468,-0.12909255894251714,0.0300428569316864,-0.2676914930343628,-0.05997090759106527,0.05009031295776367,-0.38364678621292114,-0.09717723699637304,0.05783763527870178,-0.4564296007156372,-0.11665354641505132,0.05655243992805481,-0.5239552855491638,-0.12609989913531194,0.07818529009819031,-0.22324907779693604,-0.07726324322052847,0.10993805527687073,-0.298328697681427,-0.10076130153962026,0.12551572918891907,-0.349918931722641,-0.10476995976992498,0.13182786107063293,-0.4021989405155182,-0.10503799440689932
F,0.0,0.0,0.0,-0.061632782220840454,-0.02865159511566162,-0.0436711512210195,-0.1226561963558197,-0.0697222352027893,-0.08197293576620268,-0.16682305932044983,-0.11058187484741211,-0.11952351924799132,-0.13476836681365967,-0.14596199989318848,-0.15483595576904463,-0.07584834098815918,-0.24379503726959229,-0.039187913358432525,-0.11494791507720947,-0.301954984664917,-0.1029975652398889,-0.13082444667816162,-0.2836596965789795,-0.15159815695903944,-0.12887611985206604,-0.24766099452972412,-0.17618632462642836,-0.023567914962768555,-0.2776915431022644,-0.04416455847047018,-0.038488030433654785,-0.40643614530563354,-0.08301665034912276,-0.0468614399433136,-0.4946739673614502,-0.10882607248447584,-0.05289214849472046,-0.5776602625846863,-0.12451515492818999,0.029515951871871948,-0.26996350288391113,-0.05891087797306227,0.04905155301094055,-0.3861567974090576,-0.0964026093187158,0.05631032586097717,-0.4603021740913391,-0.1144045978488748,0.054589301347732544,-0.5285740196704865,-0.1222851440014665,0.07762184739112854,-0.22489076852798462,-0.07780950662515806,0.11100789904594421,-0.301397442817688,-0.10203223821542906,0.12637338042259216,-0.3545062839984894,-0.10570372787140059,0.13270649313926697,-0.40776005387306213,-0.10524021980188536
F,0.0,0.0,0.0,-0.06340688467025757,-0.02722764015197754,-0.048565703648534964,-0.1290189027786255,-0.06804788112640381,-0.08912172468325252,-0.1778312772512436,-0.1097414493560791,-0.12773502917906399,-0.1473674774169922,-0.14604341983795166,-0.16289996655604,-0.08526450395584106,-0.24628955125808716,-0.04561793731471653,-0.12844088673591614,-0.30656760931015015,-0.10954389275929088,-0.14377617835998535,-0.269012451171875,-0.15717492552420254,-0.1398121416568756,-0.2186838984489441,-0.1807491287769949,-0.030768096446990967,-0.2794804573059082,-0.04770635368248577,-0.0482405424118042,-0.410258412361145,-0.08711158038994427,-0.05793997645378113,-0.49840763211250305,-0.11333153696676845,-0.06602391600608826,-0.5827019810676575,-0.12968283446451778,0.023893088102340698,-0.27180689573287964,-0.059718857723680685,0.04182446002960205,-0.39003291726112366,-0.09717505725046749,0.04780742526054382,-0.4647302031517029,-0.1154071197094595,0.04555150866508484,-0.5330802798271179,-0.12358627023121471,0.07266613841056824,-0.22685813903808594,-0.07612777056118603,0.10304400324821472,-0.3053979277610779,-0.10005735160729046,0.11724552512168884,-0.360487163066864,-0.10372302981039638,0.12296584248542786,-0.41509896516799927,-0.10323562772890682
F,0.0,0.0,0.0,-0.062392860651016235,-0.02834784984588623,-0.0455772908217682,-0.12659502029418945,-0.06833678483963013,-0.08443927334616319,-0.17836187779903412,-0.10506725311279297,-0.12173401879141466,-0.15742607414722443,-0.14385586977005005,-0.15691472159693376,-0.08438488841056824,-0.2488345503807068,-0.04198345484206811,-0.12659019231796265,-0.3012627363204956,-0.10621201561758653,-0.14813852310180664,-0.26384437084198,-0.15720158385107652,-0.1523863673210144,-0.21535229682922363,-0.1837441431171669,-0.03195497393608093,-0.28215157985687256,-0.046072173286177076,-0.05057564377784729,-0.4127616882324219,-0.0842767314798607,-0.06281319260597229,-0.5009948313236237,-0.11357319669792787,-0.07356441020965576,-0.5826364457607269,-0.13319661783049241,0.021570682525634766,-0.27368563413619995,-0.05981200130651132,0.04171055555343628,-0.39174312353134155,-0.0966496871597542,0.045691490173339844,-0.46893054246902466,-0.11914412992069856,0.04096856713294983,-0.5390253365039825,-0.13147419260809556,0.06894868612289429,-0.22783589363098145,-0.07744159864256517,0.10187160968780518,-0.3057261109352112,-0.10138915048906938,0.11693966388702393,-0.3612459599971771,-0.10672838555643693,0.12302744388580322,-0.4174826443195343,-0.10847030149767534
F,0.0,0.0,0.0,-0.06415924429893494,-0.029735088348388672,-0.04396408659459894,-0.12827906012535095,-0.07145172357559204,-0.08211226997019594,-0.18005312979221344,-0.10596328973770142,-0.1191093423688585,-0.16341643035411835,-0.14562660455703735,-0.1539626368606264,-0.08557376265525818,-0.2506972551345825,-0.04163556036593263,-0.1288433074951172,-0.3002551198005676,-0.10802477088810747,-0.1489219069480896,-0.2615812420845032,-0.16012481835724657,-0.15240910649299622,-0.2126585841178894,-0.1867418983304674,-0.033668965101242065,-0.28547489643096924,-0.046096547069566896,-0.055220603942871094,-0.41325169801712036,-0.08620529857518022,-0.0676206648349762,-0.5028047561645508,-0.11553791401030367,-0.07865846157073975,-0.5861279368400574,-0.1348130801046068,0.020081907510757446,-0.2775615453720093,-0.060158079984205415,0.038276493549346924,-0.39474427700042725,-0.09760008988024538,0.042342305183410645,-0.47225356101989746,-0.11845533785464113,0.037153929471969604,-0.5429193377494812,-0.12930187073590105,0.06780311465263367,-0.23180019855499268,-0.07809462633969133,0.09998899698257446,-0.310356080532074,-0.10107833382727449,0.1138257384300232,-0.3660375475883484,-0.10470161077620332,0.11844635009765625,-0.4219755232334137,-0.1051371568167383
F,0.0,0.0,0.0,-0.06384599208831787,-0.03104865550994873,-0.04608013521090015,-0.128179669380188,-0.0711829662322998,-0.0855392445172356,-0.17871159315109253,-0.10489684343338013,-0.12378682981386646,-0.1680939644575119,-0.14939802885055542,-0.15992862771406635,-0.08891642093658447,-0.2507990598678589,-0.04459453414335712,-0.1349790394306183,-0.30827391147613525,-0.11226408968821033,-0.15203112363815308,-0.2668519616127014,-0.16537802706614002,-0.1520918309688568,-0.21697735786437988,-0.1925328899468468,-0.03638678789138794,-0.2861132025718689,-0.048510976537613715,-0.05828675627708435,-0.4156292974948883,-0.08966846804275974,-0.07189685106277466,-0.505455881357193,-0.12086207459822162,-0.08476361632347107,-0.5897122323513031,-0.14178035448446735,0.017073005437850952,-0.2786538600921631,-0.06224152858510479,0.035228341817855835,-0.3986525237560272,-0.10106479416742786,0.03946086764335632,-0.47695162892341614,-0.12443493346825107,0.03455519676208496,-0.5475464165210724,-0.1372423399533318,0.06480509042739868,-0.2340930700302124,-0.07982637028351292,0.09693363308906555,-0.3122903108596802,-0.10444616566553577,0.10928335785865784,-0.3697810769081116,-0.11024194250956043,0.1119394600391388,-0.4263010621070862,-0.11234977881565555
F,0.0,0.0,0.0,-0.06467092037200928,-0.02856135368347168,-0.048299533807778516,-0.13229960203170776,-0.07036590576171875,-0.08884714313700215,-0.18623214960098267,-0.10411781072616577,-0.1276898137564899,-0.17272745072841644,-0.15190362930297852,-0.16388020434334294,-0.09173288941383362,-0.25519895553588867,-0.046368551933312574,-0.14195922017097473,-0.3115100860595703,-0.1149860597486736,-0.1596360206604004,-0.25990384817123413,-0.16915673532440678,-0.15912368893623352,-0.20280754566192627,-0.19691007354214207,-0.039537131786346436,-0.28940045833587646,-0.04894707494332806,-0.06419584155082703,-0.41927486658096313,-0.09030456610872761,-0.07785531878471375,-0.509372740983963,-0.12317150601103322,-0.09067052602767944,-0.5941642224788666,-0.14571866908028142,0.013987749814987183,-0.2800944447517395,-0.06144933172419087,0.03232893347740173,-0.3983991742134094,-0.09991410889580266,0.03543582558631897,-0.47715654969215393,-0.12475497045471684,0.0290490984916687,-0.5488264560699463,-0.13908203461124913,0.0615864098072052,-0.2345913052558899,-0.07786487557842747,0.09448361396789551,-0.3112608790397644,-0.10218331732704655,0.10646802186965942,-0.3680921792984009,-0.10869026699020878,0.10858148336410522,-0.42468535900115967,-0.11164178469135777
F,0.0,0.0,0.0,-0.06633070111274719,-0.03159224987030029,-0.04526855910845029,-0.13178583979606628,-0.0749887228012085,-0.08369025329776036,-0.1842872053384781,-0.10828590393066406,-0.1210417498154186,-0.1796274483203888,-0.15184450149536133,-0.1558366392058872,-0.09748408198356628,-0.2558523416519165,-0.04345268870420682,-0.1501123309135437,-0.3128393888473511,-0.11164780447907674,-0.1656365990638733,-0.25866127014160156,-0.1652716372413181,-0.16243721544742584,-0.20033717155456543,-0.1924569729966663,-0.04391825199127197,-0.29116618633270264,-0.047399689654781696,-0.06858283281326294,-0.42233437299728394,-0.08958624045081365,-0.08245304226875305,-0.5111537277698517,-0.12289670596547353,-0.09564271569252014,-0.5950922667980194,-0.14536487797923314,0.011251181364059448,-0.28310853242874146,-0.06099711845345723,0.02740997076034546,-0.4034248888492584,-0.10060249755807149,0.031419843435287476,-0.4798116087913513,-0.12548671404547918,0.026153475046157837,-0.550000786781311,-0.13932525853343236,0.06079307198524475,-0.2392902374267578,-0.07815959791369664,0.09131777286529541,-0.3164293169975281,-0.10238715748019445,0.10249760746955872,-0.3728160560131073,-0.10840827713437307,0.10473522543907166,-0.42900994420051575,-0.11087537298627126
F,0.0,0.0,0.0,-0.06890800595283508,-0.03328651189804077,-0.04809178704110195,-0.13738036155700684,-0.0782080888748169,-0.08899658838001301,-0.19242963194847107,-0.11645132303237915,-0.12864661881414463,-0.1745697557926178,-0.16220569610595703,-0.1652820623823743,-0.09929224848747253,-0.25625574588775635,-0.04636208260146191,-0.15079477429389954,-0.31929218769073486,-0.11409583607402851,-0.16663435101509094,-0.263369619846344,-0.1668251670309644,-0.16331809759140015,-0.20573067665100098,-0.19440997311559727,-0.044851064682006836,-0.2921050190925598,-0.04849758291331341,-0.06780245900154114,-0.4232648015022278,-0.09317953059164097,-0.08140477538108826,-0.5124424993991852,-0.12852307328668644,-0.09467199444770813,-0.6002602875232697,-0.15274520883050968,0.010525554418563843,-0.2847154140472412,-0.05992501521197369,0.027194350957870483,-0.4072411060333252,-0.10041156330791523,0.030467689037322998,-0.48299354314804077,-0.12479366281715443,0.02466869354248047,-0.5533372163772583,-0.13848770329443028,0.05974087119102478,-0.24220842123031616,-0.07516574779239704,0.09174823760986328,-0.31796395778656006,-0.09948118695703556,0.1024196445941925,-0.37525349855422974,-0.10605556437459995,0.10483309626579285,-0.4324832856655121,-0.10924354115215351
F,0.0,0.0,0.0,-0.0709090530872345,-0.03609728813171387,-0.03901091334697071,-0.1364060938358307,-0.08236926794052124,-0.07476795953985516,-0.18918688595294952,-0.12065613269805908,-0.11090270174022976,-0.17005519568920135,-0.16598916053771973,-0.1454247955727226,-0.09096193313598633,-0.25318241119384766,-0.03599109989878002,-0.14113116264343262,-0.3146528899669647,-0.10390393180128399,-0.1626463234424591,-0.28568071126937866,-0.1571258578943855,-0.16337250173091888,-0.2430385947227478,-0.18427157146211925,-0.04049873352050781,-0.28785622119903564,-0.04240289819713894,-0.0615256130695343,-0.42352867126464844,-0.08472330612417522,-0.0751200020313263,-0.5156879425048828,-0.11630575848099056,-0.08743855357170105,-0.5994080305099487,-0.1364717308926231,0.013586282730102539,-0.2819538116455078,-0.057955173079932365,0.02844211459159851,-0.4059551954269409,-0.0969684172916061,0.03234019875526428,-0.4849840998649597,-0.11834678543087307,0.027422457933425903,-0.5552272498607635,-0.128906977598632,0.062450528144836426,-0.2393970489501953,-0.07694005710359875,0.09331747889518738,-0.3180958032608032,-0.09986849618431393,0.10415777564048767,-0.3753136396408081,-0.10341443610664669,0.10681191086769104,-0.4302777647972107,-0.10347910714622799
F,0.0,0.0,0.0,-0.07100158929824829,-0.03494000434875488,-0.04105917480862331,-0.13913679122924805,-0.084403395652771,-0.07866881904280376,-0.19199155271053314,-0.12874960899353027,-0.11605870840227794,-0.16600380837917328,-0.16909873485565186,-0.15093129989779186,-0.09032133221626282,-0.2573438286781311,-0.03967370209372234,-0.14300423860549927,-0.31721726059913635,-0.10584779945290279,-0.1649092435836792,-0.27320998907089233,-0.15708831069147777,-0.1648702323436737,-0.22237586975097656,-0.18346482631838512,-0.039606332778930664,-0.29057401418685913,-0.045532972785593984,-0.06411093473434448,-0.4251345992088318,-0.08870715019381237,-0.07842236757278442,-0.5194202363491058,-0.120742776664855,-0.08965551853179932,-0.608013778924942,-0.14165903744375896,0.01377895474433899,-0.28286153078079224,-0.06023123604333591,0.027126729488372803,-0.40704992413520813,-0.09968163934624386,0.031246960163116455,-0.48454219102859497,-0.12126750615513515,0.02708679437637329,-0.5559054911136627,-0.13231091317808819,0.06283438205718994,-0.2407960295677185,-0.07836957392370891,0.09197670221328735,-0.3193408250808716,-0.1008722048727293,0.10298460721969604,-0.37622004747390747,-0.10469959047711086,0.1058916449546814,-0.4322824478149414,-0.10552447405731868
F,0.0,0.0,0.0,-0.07243406772613525,-0.03357654809951782,-0.03680469455326829,-0.13976839184761047,-0.08587372303009033,-0.07094942392910752,-0.18908438086509705,-0.13332688808441162,-0.10560541214550767,-0.1642175018787384,-0.16926002502441406,-0.13778667511547837,-0.09381690621376038,-0.25674355030059814,-0.03366434188689027,-0.1434653103351593,-0.3197982907295227,-0.09598417194689546,-0.16285082697868347,-0.2784338593482971,-0.14432403804863725,-0.16101863980293274,-0.2278972864151001,-0.16902974607552324,-0.04194730520248413,-0.2898608446121216,-0.04118237631524835,-0.06411701440811157,-0.4263196587562561,-0.08064277829731736,-0.07731765508651733,-0.5210734307765961,-0.11040962847079072,-0.08770647644996643,-0.6094897091388702,-0.1299428826769713,0.012339353561401367,-0.28154802322387695,-0.057244077195775844,0.026444286108016968,-0.40712228417396545,-0.09372204901779924,0.031224101781845093,-0.48265767097473145,-0.11373962076510225,0.027534961700439453,-0.5525643229484558,-0.12403211357201371,0.06257089972496033,-0.23853367567062378,-0.07652285309637819,0.09209510684013367,-0.3181438446044922,-0.09710941078270707,0.1036405861377716,-0.3743993639945984,-0.09967787178362641,0.10697898268699646,-0.43030160665512085,-0.09973316254223619
F,0.0,0.0,0.0,-0.07255303859710693,-0.03593552112579346,-0.035460323536256055,-0.1381177008152008,-0.08969449996948242,-0.06873146116123507,-0.18700876832008362,-0.13275128602981567,-0.10287397026405642,-0.17453032732009888,-0.1610090732574463,-0.13548372357473681,-0.09174880385398865,-0.2567434310913086,-0.032014113360503416,-0.14072465896606445,-0.31626519560813904,-0.09274077087030719,-0.16422906517982483,-0.282977432012558,-0.14057476490125964,-0.16917085647583008,-0.23829209804534912,-0.16523366838083575,-0.04156738519668579,-0.2900835871696472,-0.041236430847504835,-0.06496426463127136,-0.4278010129928589,-0.07898062139139483,-0.07933193445205688,-0.5236963033676147,-0.10906585722551654,-0.09091368317604065,-0.6113928854465485,-0.12906479507074664,0.011266380548477173,-0.28106755018234253,-0.05884437679634402,0.024891018867492676,-0.4060913920402527,-0.09500129937515567,0.028869062662124634,-0.4831995964050293,-0.11750202297554324,0.023852616548538208,-0.5524806976318359,-0.1298063066540749,0.060437142848968506,-0.2373858094215393,-0.07946423112736056,0.09051525592803955,-0.3184719383716583,-0.10058653026209186,0.10137158632278442,-0.3755696415901184,-0.10436716347322772,0.1030576229095459,-0.43153858184814453,-0.10560138940201114
F,0.0,0.0,0.0,-0.07110819220542908,-0.03688281774520874,-0.03489985270351781,-0.13807529211044312,-0.08756053447723389,-0.0683507579371394,-0.18794654309749603,-0.13389497995376587,-0.10273743001670255,-0.16428136825561523,-0.1614835262298584,-0.13528510508984937,-0.09033042192459106,-0.25413528084754944,-0.030731038655346765,-0.1371656358242035,-0.3154780864715576,-0.08982161758393659,-0.15956607460975647,-0.28708913922309875,-0.1356267738148631,-0.1632557511329651,-0.24748700857162476,-0.15942012844533338,-0.040168941020965576,-0.2869230806827545,-0.040181919465965166,-0.0630192756652832,-0.4235391616821289,-0.07840233622044934,-0.07707884907722473,-0.5183284878730774,-0.10739586083144559,-0.08818104863166809,-0.6065508127212524,-0.12626035092324628,0.012926429510116577,-0.2785135805606842,-0.057925879488891496,0.024522483348846436,-0.4011431336402893,-0.09513621358127011,0.029523849487304688,-0.4779335856437683,-0.11670742509812726,0.026182562112808228,-0.5488773584365845,-0.1278648781582774,0.06311136484146118,-0.23611116409301758,-0.07862290320844068,0.09111893177032471,-0.31517094373703003,-0.10008449433297528,0.10277271270751953,-0.3702932894229889,-0.10353476880044354,0.10586178302764893,-0.4252798557281494,-0.10441303579062833
F,0.0,0.0,0.0,-0.06984275579452515,-0.03883463144302368,-0.032835296467766284,-0.1345216929912567,-0.09198760986328125,-0.06473154492758226,-0.18236467242240906,-0.13836395740509033,-0.0980879060187192,-0.16270169615745544,-0.16526126861572266,-0.12966480024240923,-0.09018716216087341,-0.2508153021335602,-0.02825050160370779,-0.13614201545715332,-0.3142804503440857,-0.0871185056128354,-0.15725865960121155,-0.2865370512008667,-0.13301110930822801,-0.15961319208145142,-0.24656498432159424,-0.15672894485376787,-0.04022872447967529,-0.2839317321777344,-0.03830422751687479,-0.06145307421684265,-0.4194507598876953,-0.0769702038922162,-0.07497578859329224,-0.5166742205619812,-0.10716220654629183,-0.08502250909805298,-0.6063774228096008,-0.1268182761230321,0.012163877487182617,-0.276075154542923,-0.05643910832785082,0.02499803900718689,-0.39877352118492126,-0.09296362765215349,0.029964953660964966,-0.47431105375289917,-0.11422595299862337,0.027191966772079468,-0.5428581833839417,-0.1250770605363698,0.06169643998146057,-0.23444804549217224,-0.07744134880684328,0.09063056111335754,-0.3129035234451294,-0.09744917519472551,0.10203322768211365,-0.3686550259590149,-0.10015223838470888,0.1057787835597992,-0.4235985279083252,-0.10050722874782991
F,0.0,0.0,0.0,-0.07016175985336304,-0.03933459520339966,-0.030700796827773047,-0.13674470782279968,-0.09500300884246826,-0.06046662627170463,-0.1849580705165863,-0.1444266438484192,-0.09186117498586555,-0.15785923600196838,-0.1700710654258728,-0.12079084067056556,-0.09153899550437927,-0.2504097521305084,-0.026729600116709662,-0.13708606362342834,-0.3210759460926056,-0.08422695247838874,-0.15354162454605103,-0.29446345567703247,-0.12713129965970893,-0.15201610326766968,-0.25363636016845703,-0.14867086856077094,-0.04016724228858948,-0.2847237288951874,-0.036797413215140296,-0.06136631965637207,-0.420121967792511,-0.07664897440383811,-0.07421636581420898,-0.516372799873352,-0.10612061022231956,-0.08388340473175049,-0.6041516959667206,-0.1247200012059011,0.012750416994094849,-0.2776047885417938,-0.054500368967751456,0.0244828462600708,-0.39999234676361084,-0.09088318942497153,0.029665261507034302,-0.4742131233215332,-0.1101582661123075,0.0270022451877594,-0.5424553453922272,-0.11923819182823081,0.06316867470741272,-0.2374613881111145,-0.07493208496282477,0.09065064787864685,-0.315670907497406,-0.09440790264318366,0.10249623656272888,-0.37032192945480347,-0.09653509555766959,0.10687121748924255,-0.42453116178512573,-0.09617324320981879
F,0.0,0.0,0.0,-0.06796395778656006,-0.03889298439025879,-0.030303581667396884,-0.13199976086616516,-0.09234809875488281,-0.060356148568246226,-0.17550164461135864,-0.13853782415390015,-0.0917026075099443,-0.15071317553520203,-0.17031103372573853,-0.12132280790552841,-0.08584487438201904,-0.2491576373577118,-0.029840921101424556,-0.12838968634605408,-0.32057034969329834,-0.08744572573647247,-0.14838626980781555,-0.30110204219818115,-0.13157150619969116,-0.15221533179283142,-0.26762449741363525,-0.1540553765867685,-0.035897284746170044,-0.28242483735084534,-0.039996543017480235,-0.05378901958465576,-0.4196741580963135,-0.07881488376602874,-0.0662916898727417,-0.5147489309310913,-0.10771745913967834,-0.07693162560462952,-0.6017874181270599,-0.12581706517681823,0.016292065382003784,-0.2750851511955261,-0.057477251676175456,0.029235750436782837,-0.3986530303955078,-0.09391697966799484,0.03513139486312866,-0.4747265577316284,-0.11441535228237854,0.03301668167114258,-0.5430616736412048,-0.12424400919422851,0.06571844220161438,-0.2337804138660431,-0.0774908783410524,0.09316673874855042,-0.3132200241088867,-0.09796893322214828,0.10482904314994812,-0.367995947599411,-0.10065302723393188,0.10936185717582703,-0.42116957902908325,-0.10047758096203552
F,0.0,0.0,0.0,-0.06702017784118652,-0.03952300548553467,-0.033889715155396516,-0.1284482181072235,-0.09738588333129883,-0.06502865680101877,-0.17254775762557983,-0.14934873580932617,-0.0970628229582644,-0.14916598796844482,-0.17433059215545654,-0.12607565947416788,-0.088009774684906,-0.2596043646335602,-0.02765140176359182,-0.12779787182807922,-0.33680325746536255,-0.08595630206707483,-0.1383500099182129,-0.3052590489387512,-0.13050941058043009,-0.1330220103263855,-0.2597101926803589,-0.15264665015581613,-0.03625971078872681,-0.29169222712516785,-0.03557459317687517,-0.05447307229042053,-0.4260305166244507,-0.07356303610447412,-0.06453081965446472,-0.5195869505405426,-0.10241342761162286,-0.0722055733203888,-0.6052941679954529,-0.12069412746075159,0.01694512367248535,-0.28220146894454956,-0.05162343808058267,0.031057387590408325,-0.40108752250671387,-0.08554818906429773,0.03650403022766113,-0.47617167234420776,-0.10408935376051431,0.03441721200942993,-0.5452803373336792,-0.11310210504177576,0.06695598363876343,-0.23951029777526855,-0.070924293776784,0.0935317873954773,-0.3178483247756958,-0.08787083305958276,0.1050715446472168,-0.37158113718032837,-0.08838410355690485,0.11003071069717407,-0.4247077405452728,-0.0871303496563769
F,0.0,0.0,0.0,-0.06778308749198914,-0.03896611928939819,-0.03373141817885994,-0.1304369866847992,-0.09951311349868774,-0.06321530647713303,-0.1739138960838318,-0.15342837572097778,-0.09389467395979523,-0.1428970992565155,-0.1804324984550476,-0.12088105686146378,-0.08724796772003174,-0.26258498430252075,-0.025749249832216492,-0.12761977314949036,-0.34066665172576904,-0.08319404579836487,-0.1370910406112671,-0.3026925027370453,-0.12669497586924194,-0.1302589476108551,-0.2517564594745636,-0.14836664356428741,-0.03558477759361267,-0.29428744316101074,-0.03338134519893288,-0.0531749427318573,-0.42820143699645996,-0.07101617612082123,-0.0616229772567749,-0.518541544675827,-0.09902521826464294,-0.0681988000869751,-0.6016894578933716,-0.11683428891140579,0.017144590616226196,-0.2843846082687378,-0.04947344817358612,0.03125831484794617,-0.3981093168258667,-0.08261265464264511,0.03766360878944397,-0.47095784544944763,-0.09979255356032013,0.035354286432266235,-0.5401110947132111,-0.1079415515823996,0.06739577651023865,-0.24135234951972961,-0.06908631928402542,0.09468016028404236,-0.31948238611221313,-0.08469104625422119,0.10687896609306335,-0.3719552159309387,-0.08429562159020065,0.11101225018501282,-0.4236784279346466,-0.08269087828833221
F,0.0,0.0,0.0,-0.06626728177070618,-0.03819084167480469,-0.03832313075187699,-0.12788578867912292,-0.09742987155914307,-0.06987750187042252,-0.17106688022613525,-0.15372538566589355,-0.1013493950617601,-0.1385713815689087,-0.1853400468826294,-0.12904206320169465,-0.08509457111358643,-0.2636740207672119,-0.028809421057729878,-0.12303793430328369,-0.34438127279281616,-0.08695041045072571,-0.13268029689788818,-0.31085339188575745,-0.1314664076221277,-0.1262434720993042,-0.2622988224029541,-0.15333888336542145,-0.03281760215759277,-0.29359182715415955,-0.033858340526847996,-0.04843756556510925,-0.4288800358772278,-0.06923867418888108,-0.05602005124092102,-0.517818033695221,-0.09549723967435853,-0.062171369791030884,-0.5998846590518951,-0.11216262384775177,0.020432382822036743,-0.2835520803928375,-0.04799400671842591,0.03498545289039612,-0.3985930383205414,-0.08005375071886078,0.04105225205421448,-0.4713813066482544,-0.09672098263624207,0.039220839738845825,-0.5390592515468597,-0.10451347037675873,0.06980440020561218,-0.23975253105163574,-0.06610174878957764,0.09502062201499939,-0.31978824734687805,-0.08093480422618882,0.10817649960517883,-0.3717235326766968,-0.07947326853397385,0.11498931050300598,-0.4212943911552429,-0.0769661034596254
F,0.0,0.0,0.0,-0.06652075052261353,-0.03911101818084717,-0.03691499981079005,-0.12841972708702087,-0.10107356309890747,-0.06746912675890826,-0.1688096821308136,-0.15908682346343994,-0.09852391409668826,-0.13434642553329468,-0.1906452178955078,-0.12576168703827761,-0.08320561051368713,-0.2658565938472748,-0.026490112049316394,-0.1198660135269165,-0.34529179334640503,-0.08580765056404971,-0.12550443410873413,-0.3032073974609375,-0.13193710076603793,-0.11646884679794312,-0.25039446353912354,-0.15466409849915408,-0.03167000412940979,-0.29484108090400696,-0.03227947953138255,-0.04612281918525696,-0.42833855748176575,-0.06687947290930651,-0.05215221643447876,-0.5156600475311279,-0.09384244608673953,-0.056518375873565674,-0.5974173843860626,-0.11140549856219195,0.020643144845962524,-0.2833670973777771,-0.047304767397974956,0.03430566191673279,-0.396085262298584,-0.07833128350767993,0.04145565629005432,-0.4677889943122864,-0.0954100631454935,0.041690438985824585,-0.5365652740001678,-0.10392358827385806,0.06917974352836609,-0.2389901876449585,-0.06639408248457812,0.09440001845359802,-0.3166373670101166,-0.08093567120823764,0.10863521695137024,-0.367758184671402,-0.07998381483349704,0.11714920401573181,-0.4184325337409973,-0.07805600690636538
F,0.0,0.0,0.0,-0.06420627236366272,-0.037396252155303955,-0.037136634537603186,-0.12419864535331726,-0.09863466024398804,-0.0678883732348936,-0.1634211242198944,-0.15648150444030762,-0.09892690340581112,-0.13120844960212708,-0.18932434916496277,-0.12633057097497158,-0.0802122950553894,-0.2617129683494568,-0.02887432622316055,-0.11635774374008179,-0.3425999879837036,-0.08811320523324184,-0.1241147518157959,-0.30358442664146423,-0.13409148315491848,-0.1159425675868988,-0.25162991881370544,-0.1567158565908926,-0.028526008129119873,-0.2906137704849243,-0.03452560464444332,-0.041377753019332886,-0.42541100084781647,-0.06871824870410137,-0.04687899351119995,-0.5131387114524841,-0.09532702127995663,-0.04999876022338867,-0.5929482281208038,-0.11268271664681606,0.02324444055557251,-0.2794545292854309,-0.04916474381985836,0.03852444887161255,-0.39188817143440247,-0.0794983969122427,0.04608088731765747,-0.4634973406791687,-0.09633012274804287,0.046571969985961914,-0.5307812094688416,-0.10494706193509273,0.07080715894699097,-0.23518094420433044,-0.06787756244244747,0.09762954711914062,-0.31214457750320435,-0.08196555236878567,0.11198538541793823,-0.36254265904426575,-0.08070098767581158,0.1203795075416565,-0.41140538454055786,-0.07863867441716366
F,0.0,0.0,0.0,-0.0625031590461731,-0.03866755962371826,-0.03790239227370762,-0.12196874618530273,-0.09956562519073486,-0.06942538154677891,-0.16074365377426147,-0.1615404486656189,-0.10142882150964283,-0.12446939945220947,-0.19620224833488464,-0.12953248602704548,-0.08187752962112427,-0.26301684975624084,-0.027008786624236336,-0.11498114466667175,-0.349437952041626,-0.08597704005794071,-0.12111401557922363,-0.3128321170806885,-0.1319549827034905,-0.11283046007156372,-0.2611042857170105,-0.1547106353695824,-0.02902740240097046,-0.29060277342796326,-0.03242963535146259,-0.03985080122947693,-0.42542052268981934,-0.06595961732224964,-0.044968992471694946,-0.5121581256389618,-0.09294182044820332,-0.04843446612358093,-0.5905598998069763,-0.11085508746461414,0.023453474044799805,-0.27884820103645325,-0.04713417944864773,0.0389556884765625,-0.3915935754776001,-0.07682631147460484,0.04656064510345459,-0.4623798727989197,-0.09390711767034077,0.047596096992492676,-0.5283335447311401,-0.10300551337556385,0.07159072160720825,-0.23501306772232056,-0.06603983027295612,0.09775328636169434,-0.3125089406967163,-0.07991236430959248,0.11237120628356934,-0.36260855197906494,-0.07924651337222599,0.12192922830581665,-0.41095125675201416,-0.07776501012401127
F,0.0,0.0,0.0,-0.06272947788238525,-0.04022246599197388,-0.035818711511439005,-0.12041455507278442,-0.10479718446731567,-0.06539372786099307,-0.1563206911087036,-0.16861528158187866,-0.09562619461829058,-0.12076768279075623,-0.1978333294391632,-0.12219176127726428,-0.07774963974952698,-0.26613444089889526,-0.024939071975296656,-0.10778114199638367,-0.3527534008026123,-0.08200651838595263,-0.11388418078422546,-0.31677040457725525,-0.12694962009007327,-0.1070123016834259,-0.26521700620651245,-0.14915121778065554,-0.024659723043441772,-0.2920078933238983,-0.030777298502272288,-0.034321129322052,-0.4256786108016968,-0.062388260505741755,-0.038304686546325684,-0.5119417905807495,-0.08798830642516009,-0.04079553484916687,-0.5890861451625824,-0.10493845178896777,0.027614474296569824,-0.2795281708240509,-0.04560137226397387,0.04157304763793945,-0.39278408885002136,-0.07342060341650836,0.049768805503845215,-0.463717445731163,-0.08890451177174441,0.05152904987335205,-0.5293044447898865,-0.0969461469274222,0.07556617259979248,-0.23528096079826355,-0.06458265020663134,0.09994304180145264,-0.31351155042648315,-0.07693657710368029,0.11410385370254517,-0.36313873529434204,-0.07478437259013049,0.12358593940734863,-0.40982452034950256,-0.0722276537042319
F,0.0,0.0,0.0,-0.06147858500480652,-0.03808373212814331,-0.041581316434928794,-0.11980339884757996,-0.10218137502670288,-0.07362335785586538,-0.15492618083953857,-0.16665434837341309,-0.10536797954995336,-0.1147451102733612,-0.20056933164596558,-0.13272584840018453,-0.07897189259529114,-0.26306045055389404,-0.029180795469471832,-0.10967490077018738,-0.34977999329566956,-0.08901012554127874,-0.11120116710662842,-0.3054026663303375,-0.13525611027438345,-0.10122445225715637,-0.24884667992591858,-0.15741468831259908,-0.025447189807891846,-0.2903265953063965,-0.032011343681404014,-0.033748745918273926,-0.4243486523628235,-0.06375413253266515,-0.03593510389328003,-0.5087088942527771,-0.08878978952128591,-0.038082659244537354,-0.5856020450592041,-0.10521592810113134,0.026460111141204834,-0.2787245512008667,-0.04477501898367109,0.04267245531082153,-0.3901894688606262,-0.07304484262425603,0.05240774154663086,-0.46030840277671814,-0.08876811578232946,0.05510294437408447,-0.5255933403968811,-0.09664942189414205,0.07293552160263062,-0.23573949933052063,-0.062231882059165855,0.0988764762878418,-0.31243646144866943,-0.07494230433661642,0.11445832252502441,-0.36169472336769104,-0.07323563709218206,0.12483972311019897,-0.4083687663078308,-0.07072820379693212
F,0.0,0.0,0.0,-0.05930227041244507,-0.038999736309051514,-0.042014570282873365,-0.116696298122406,-0.10233062505722046,-0.07449308161633894,-0.14860212802886963,-0.1643475890159607,-0.10658805196183607,-0.10932400822639465,-0.19646143913269043,-0.13449213032620833,-0.0766662061214447,-0.2617694139480591,-0.03159985815184996,-0.10498988628387451,-0.3480461835861206,-0.09158308927911207,-0.10729444026947021,-0.30176061391830444,-0.13795344655412123,-0.09885770082473755,-0.2436951994895935,-0.16022463266747877,-0.023311376571655273,-0.28695589303970337,-0.034720142679390165,-0.029810845851898193,-0.4210062026977539,-0.06630352263348982,-0.031974732875823975,-0.5066624283790588,-0.09225242708819792,-0.03409576416015625,-0.5855076014995575,-0.1097569552530615,0.02836841344833374,-0.27422991394996643,-0.0475485747029154,0.0440448522567749,-0.38549497723579407,-0.07557892923253462,0.053449273109436035,-0.45468585193157196,-0.09212911997931883,0.05613356828689575,-0.5194925665855408,-0.10099658493894026,0.07538515329360962,-0.23100349307060242,-0.06506504987376616,0.10056740045547485,-0.3078083097934723,-0.07777136688130781,0.1157912015914917,-0.35740840435028076,-0.07626264666217253,0.12608444690704346,-0.40472760796546936,-0.07419036452668593
F,0.0,0.0,0.0,-0.057064592838287354,-0.03795671463012695,-0.036555175030486,-0.1131138801574707,-0.10123175382614136,-0.06597448169614495,-0.1464376151561737,-0.16000020503997803,-0.09600081324006737,-0.11359494924545288,-0.19250839948654175,-0.12240454583789528,-0.07514205574989319,-0.2615072429180145,-0.02615841507341088,-0.1029779314994812,-0.3474614918231964,-0.08359763055469216,-0.10583019256591797,-0.3081178367137909,-0.1290326195898217,-0.0977621078491211,-0.25549373030662537,-0.1511491912546319,-0.022802531719207764,-0.2867984175682068,-0.03181106253887833,-0.030013740062713623,-0.42011919617652893,-0.06251534103776635,-0.031211256980895996,-0.505639836192131,-0.08833158045436562,-0.03122347593307495,-0.5825818181037903,-0.10571448534156502,0.02795696258544922,-0.2742019593715668,-0.04665490641619385,0.04383862018585205,-0.3873094320297241,-0.07424870162631692,0.053266048431396484,-0.4560753107070923,-0.0906451645436448,0.056460559368133545,-0.5196718275547028,-0.09940571367170037,0.07431578636169434,-0.23087674379348755,-0.065664813214795,0.09890979528427124,-0.3101135790348053,-0.07864250271941842,0.11443942785263062,-0.36059778928756714,-0.07729095249797524,0.12559211254119873,-0.4082675576210022,-0.07524860679532708
F,0.0,0.0,0.0,-0.05789792537689209,-0.038659632205963135,-0.03701920200165887,-0.11377507448196411,-0.10297548770904541,-0.06704968724426408,-0.1434476375579834,-0.16259539127349854,-0.09761593256172318,-0.10510540008544922,-0.1977580189704895,-0.12410194937166352,-0.073117196559906,-0.26732420921325684,-0.02605045538422246,-0.1006573736667633,-0.3521467447280884,-0.08396086607154984,-0.10193708539009094,-0.3016892373561859,-0.12980704519924302,-0.09324419498443604,-0.2427356243133545,-0.15210301194366593,-0.02042210102081299,-0.2912427484989166,-0.03210926566299577,-0.027478516101837158,-0.42373335361480713,-0.06291895125087876,-0.029341578483581543,-0.5079784691333771,-0.08896510813411851,-0.03065347671508789,-0.5862773656845093,-0.10660873118814607,0.03008347749710083,-0.27673691511154175,-0.04755038160857339,0.04492861032485962,-0.3896676301956177,-0.07540073756155152,0.05420655012130737,-0.45720842480659485,-0.09160367164787431,0.0573728084564209,-0.5217150151729584,-0.10030788693603654,0.07622623443603516,-0.2315959632396698,-0.06719032440361161,0.09848350286483765,-0.3097550570964813,-0.08047233287271638,0.11274755001068115,-0.3589620292186737,-0.07864233616766114,0.12267625331878662,-0.4061080515384674,-0.07622080806669373
F,0.0,0.0,0.0,-0.05557805299758911,-0.03717005252838135,-0.037986792738905706,-0.10945743322372437,-0.09966522455215454,-0.0684949458794506,-0.1380344033241272,-0.15875810384750366,-0.09949956100749091,-0.10349178314208984,-0.19605755805969238,-0.1265497581319721,-0.07297158241271973,-0.2631813585758209,-0.02604750741588191,-0.1011497974395752,-0.3494945168495178,-0.08452279132174567,-0.10205236077308655,-0.3012760579586029,-0.1307401583747776,-0.0919816792011261,-0.2435736060142517,-0.1532984302596958,-0.020205199718475342,-0.28857702016830444,-0.031482242162695684,-0.027810513973236084,-0.4207516312599182,-0.06349261116551475,-0.029013454914093018,-0.5047238767147064,-0.09019788366126136,-0.029381752014160156,-0.5825296938419342,-0.10849271726178245,0.02996736764907837,-0.2754248082637787,-0.046527892466059484,0.04663592576980591,-0.3879043459892273,-0.0756227151708515,0.05585908889770508,-0.45499178767204285,-0.09253211330937461,0.05878525972366333,-0.5194873511791229,-0.10176808398531989,0.07526582479476929,-0.231612890958786,-0.06578467797803,0.09842473268508911,-0.3102210462093353,-0.08003845822381095,0.11276960372924805,-0.3594767451286316,-0.07904016238020972,0.12263745069503784,-0.40687471628189087,-0.07740058016347007
F,0.0,0.0,0.0,-0.05485188961029053,-0.03351306915283203,-0.035928764839809446,-0.10885140299797058,-0.09802299737930298,-0.06458387662951282,-0.1394299566745758,-0.1576564908027649,-0.09399464120451739,-0.1026221513748169,-0.19239461421966553,-0.11906229098622134,-0.07334792613983154,-0.26322075724601746,-0.022872307797115354,-0.10244804620742798,-0.3496699333190918,-0.07992404093329242,-0.09987792372703552,-0.2961699366569519,-0.12438362230841449,-0.08779752254486084,-0.23536762595176697,-0.145551869173687,-0.020128905773162842,-0.28984466195106506,-0.0286622992653065,-0.029349982738494873,-0.4226299822330475,-0.060134460677545576,-0.030272722244262695,-0.5057833641767502,-0.08535992493216327,-0.03073364496231079,-0.5841555297374725,-0.10215921094004443,0.030782878398895264,-0.2782728374004364,-0.04397180070463946,0.04603910446166992,-0.3918027877807617,-0.07208246131722262,0.05426543951034546,-0.4582124650478363,-0.08718332787339023,0.056261658668518066,-0.5223577618598938,-0.09480836381499103,0.07660567760467529,-0.23592230677604675,-0.06339319189373782,0.09667855501174927,-0.3150164783000946,-0.07565956701819232,0.11093652248382568,-0.36260557174682617,-0.07279816408936313,0.12156307697296143,-0.40785008668899536,-0.06969808181111148
F,0.0,0.0,0.0,-0.05592912435531616,-0.03397899866104126,-0.03958002779114622,-0.10947465896606445,-0.09789919853210449,-0.07006411183107275,-0.13557785749435425,-0.16045981645584106,-0.10076097327697653,-0.09569534659385681,-0.20145374536514282,-0.12671159881580252,-0.07548332214355469,-0.2605758011341095,-0.024177746134284916,-0.10277658700942993,-0.3473898768424988,-0.08314449268806356,-0.09883299469947815,-0.29622533917427063,-0.1294412829302587,-0.0850505530834198,-0.23687314987182617,-0.15131119567382711,-0.022063374519348145,-0.2879258394241333,-0.027698605539683285,-0.0320553183555603,-0.4203040599822998,-0.05890059027302641,-0.03333324193954468,-0.504938080906868,-0.08400600332248587,-0.03344428539276123,-0.5843630433082581,-0.1007310144923963,0.02990347146987915,-0.2784404754638672,-0.041235770317200604,0.04235607385635376,-0.39134374260902405,-0.06829945671785254,0.05056571960449219,-0.4576371908187866,-0.08184846419322866,0.05309420824050903,-0.5199119746685028,-0.08826778757799048,0.07716983556747437,-0.23865574598312378,-0.05951755050051588,0.09476339817047119,-0.3189248740673065,-0.06989842581975836,0.10846245288848877,-0.3655135929584503,-0.0650298141263761,0.11926621198654175,-0.40785878896713257,-0.060402794959429684
F,0.0,0.0,0.0,-0.051924705505371094,-0.032832562923431396,-0.04217042302504126,-0.10394686460494995,-0.09507578611373901,-0.07422890787735525,-0.1319010853767395,-0.15446078777313232,-0.10603750025644842,-0.09510332345962524,-0.1955299973487854,-0.13273725187197272,-0.07404720783233643,-0.2598191797733307,-0.02685195294931475,-0.0999930202960968,-0.34224969148635864,-0.08791960304394308,-0.0948701798915863,-0.28458499908447266,-0.13540627335920874,-0.08128070831298828,-0.22198253870010376,-0.15768431400671545,-0.02156960964202881,-0.28816500306129456,-0.029013748222737945,-0.031553030014038086,-0.41743528842926025,-0.06212662433996741,-0.03227102756500244,-0.5009175539016724,-0.08784023945942465,-0.032603323459625244,-0.5819520056247711,-0.10485664283648077,0.029929518699645996,-0.2786400616168976,-0.04149864515080992,0.043798863887786865,-0.3909852206707001,-0.07013208692684714,0.05228400230407715,-0.45676082372665405,-0.08405573194637839,0.05420708656311035,-0.5192937850952148,-0.09038429235830847,0.07669186592102051,-0.23869329690933228,-0.05885682156100813,0.09572863578796387,-0.31908082962036133,-0.06997438793793265,0.1098371148109436,-0.36528581380844116,-0.06551332300320212,0.1204344630241394,-0.40703481435775757,-0.06097340857401434
F,0.0,0.0,0.0,-0.05373102426528931,-0.03169971704483032,-0.0411373954861034,-0.10625302791595459,-0.09123170375823975,-0.07324330700920711,-0.13316696882247925,-0.1485140323638916,-0.10516089393185268,-0.09562581777572632,-0.18858343362808228,-0.13235011889027248,-0.07525467872619629,-0.2570105791091919,-0.02754932275401245,-0.10016894340515137,-0.3372375965118408,-0.08841071470068584,-0.09460505843162537,-0.280027836561203,-0.13582419051216732,-0.08179670572280884,-0.21834796667099,-0.15843235148476253,-0.022274911403656006,-0.28708118200302124,-0.030661666825281486,-0.03209048509597778,-0.4156370460987091,-0.0644460563211311,-0.03341096639633179,-0.49826061725616455,-0.09077334596203457,-0.03496813774108887,-0.5782172977924347,-0.10828936292217861,0.028893649578094482,-0.27757084369659424,-0.04376716358946453,0.04246479272842407,-0.3882782459259033,-0.07323707087324749,0.04943317174911499,-0.45429667830467224,-0.08781883312748562,0.05035132169723511,-0.5172734260559082,-0.0947330538778175,0.07504838705062866,-0.2369733452796936,-0.06151153711961399,0.09334558248519897,-0.31463906168937683,-0.07402400864647518,0.10720521211624146,-0.35983604192733765,-0.07013630314158092,0.11818176507949829,-0.4013879895210266,-0.06595554395006786
F,0.0,0.0,0.0,-0.04931586980819702,-0.031373023986816406,-0.04536360144328455,-0.0999411940574646,-0.08845436573028564,-0.0807740391762195,-0.1303746998310089,-0.14330607652664185,-0.11527435496162752,-0.09668201208114624,-0.18909209966659546,-0.1450944693357883,-0.07015460729598999,-0.2576034665107727,-0.03205350428532938,-0.09554469585418701,-0.3345802128314972,-0.09531406327795366,-0.09132736921310425,-0.2764608860015869,-0.14505097284626345,-0.07897406816482544,-0.21537715196609497,-0.16899704947780947,-0.018497705459594727,-0.28786689043045044,-0.03333218782853464,-0.02853494882583618,-0.4154607057571411,-0.06860370948623995,-0.030249059200286865,-0.4981139302253723,-0.09649993493866305,-0.03143519163131714,-0.5783500075340271,-0.11510384097408632,0.032047390937805176,-0.27798354625701904,-0.04483151450466494,0.04769831895828247,-0.3896605968475342,-0.07542077466558794,0.055013418197631836,-0.4550463855266571,-0.09099254771780352,0.05616265535354614,-0.5173754692077637,-0.09851417705129961,0.07671469449996948,-0.23701858520507812,-0.061215151247495214,0.09772229194641113,-0.31384143233299255,-0.07458414897035937,0.11240208148956299,-0.35887327790260315,-0.07140912130188326,0.12422806024551392,-0.40033844113349915,-0.06759648784708361
F,0.0,0.0,0.0,-0.0499761700630188,-0.03192257881164551,-0.040055919185974176,-0.10085022449493408,-0.0871770977973938,-0.0728726719773789,-0.12861791253089905,-0.13861721754074097,-0.1054572199738999,-0.09646391868591309,-0.1800578236579895,-0.13390618909964758,-0.06889182329177856,-0.25556546449661255,-0.03062464271555143,-0.09465229511260986,-0.3325941562652588,-0.09112405379185873,-0.09139174222946167,-0.2793463468551636,-0.13816157330641943,-0.08051532506942749,-0.22133678197860718,-0.16072832395205694,-0.016775131225585938,-0.28441548347473145,-0.03455547963152128,-0.025911569595336914,-0.4135075807571411,-0.06882227559457021,-0.02626657485961914,-0.4957229197025299,-0.09571570505271154,-0.025902509689331055,-0.5738610327243805,-0.11353095223078924,0.03373420238494873,-0.27383852005004883,-0.04782565285334783,0.04735982418060303,-0.3855043351650238,-0.07777016957173544,0.05476248264312744,-0.4525606036186218,-0.09315626670489507,0.056710898876190186,-0.5169803500175476,-0.10077173610100942,0.07929480075836182,-0.23187559843063354,-0.06538711090455251,0.0989077091217041,-0.30903902649879456,-0.07865521659026342,0.11342662572860718,-0.3545055687427521,-0.07519208987126547,0.12540513277053833,-0.3976300358772278,-0.07130251427064138
F,0.0,0.0,0.0,-0.04873079061508179,-0.03261345624923706,-0.043622208900046644,-0.09784054756164551,-0.08763545751571655,-0.07888845927197963,-0.12775075435638428,-0.13714563846588135,-0.11342693693120509,-0.0986749529838562,-0.17636710405349731,-0.14383982694823771,-0.06389302015304565,-0.2596648931503296,-0.03322679377276927,-0.09068357944488525,-0.3330671787261963,-0.09688184983212977,-0.0881052017211914,-0.276178240776062,-0.14680280364234477,-0.07755213975906372,-0.21538740396499634,-0.1707563904591325,-0.012578725814819336,-0.2886308431625366,-0.03604400730807811,-0.020156145095825195,-0.4187430739402771,-0.0721080360480073,-0.02033090591430664,-0.5004944503307343,-0.10033056712825328,-0.019442975521087646,-0.5794878900051117,-0.1186439675756219,0.037409424781799316,-0.27737605571746826,-0.04863534323055774,0.052202463150024414,-0.3898554742336273,-0.0794618187018159,0.06008923053741455,-0.4563637971878052,-0.09503743625361949,0.06311100721359253,-0.5201363563537598,-0.1023521704145196,0.08230596780776978,-0.23452258110046387,-0.06592619991977244,0.1020897626876831,-0.3117384910583496,-0.07865632153232127,0.1171952486038208,-0.3566003143787384,-0.074531277782512,0.1303161382675171,-0.39853614568710327,-0.06994051314075023
F,0.0,0.0,0.0,-0.04843711853027344,-0.033580899238586426,-0.044093320497097466,-0.09765729308128357,-0.09027987718582153,-0.07945953158360908,-0.12644058465957642,-0.1388644576072693,-0.11395124194842765,-0.09486615657806396,-0.1750531792640686,-0.14414021966678092,-0.06134229898452759,-0.2612731456756592,-0.035451783218206856,-0.08792024850845337,-0.33669036626815796,-0.09872341004830787,-0.08797121047973633,-0.2778159976005554,-0.1477861314795632,-0.08008939027786255,-0.21555250883102417,-0.17115639744025657,-0.009261786937713623,-0.28940296173095703,-0.03779912961346099,-0.015352725982666016,-0.4207068085670471,-0.0740210622332711,-0.014842391014099121,-0.5025206804275513,-0.10190763918382117,-0.013417184352874756,-0.58217653632164,-0.11981659976464698,0.041056275367736816,-0.27698445320129395,-0.049681699254335854,0.05653369426727295,-0.389282763004303,-0.08068494347554633,0.06477373838424683,-0.4553261399269104,-0.09579247085076759,0.06723588705062866,-0.5188309252262115,-0.10251971928101966,0.08606261014938354,-0.23301202058792114,-0.06621035782319495,0.10731261968612671,-0.31148606538772583,-0.07863192854148338,0.12285077571868896,-0.3564594089984894,-0.0736219122789521,0.1355629563331604,-0.39830851554870605,-0.06824564037543723
F,0.0,0.0,0.0,-0.04796677827835083,-0.03210806846618652,-0.04522414678714881,-0.09653830528259277,-0.08654344081878662,-0.08118686253212104,-0.1237267255783081,-0.1357516646385193,-0.1158345880546392,-0.090766042470932,-0.17085891962051392,-0.14661944085739265,-0.06083273887634277,-0.2585049867630005,-0.0373191552796186,-0.087044358253479,-0.3330129384994507,-0.0992376076617063,-0.08611690998077393,-0.28445661067962646,-0.14725621217868934,-0.0761001706123352,-0.23123860359191895,-0.17072880441330085,-0.007327020168304443,-0.28585290908813477,-0.03996794098995338,-0.014482975006103516,-0.4172931909561157,-0.07546234304092536,-0.013578236103057861,-0.49931836128234863,-0.10303495997570167,-0.011114358901977539,-0.5772117078304291,-0.12105024779222617,0.04352611303329468,-0.2732478976249695,-0.05212160373113761,0.06016808748245239,-0.3858776092529297,-0.08372142339132438,0.06996983289718628,-0.45235955715179443,-0.09983540499590049,0.07371097803115845,-0.5168187320232391,-0.10765607083223472,0.0883631706237793,-0.22820419073104858,-0.0689012053050817,0.10944080352783203,-0.306466281414032,-0.08343719119213233,0.12501126527786255,-0.3523825407028198,-0.08019578630111823,0.13735944032669067,-0.3969994783401489,-0.07626323575161109
F,0.0,0.0,0.0,-0.048891544342041016,-0.035069048404693604,-0.04330421225134273,-0.09789770841598511,-0.09260815382003784,-0.07831779480878254,-0.12390068173408508,-0.14285439252853394,-0.11251142234507938,-0.08409211039543152,-0.17479008436203003,-0.14327875138226887,-0.05591762065887451,-0.2616955637931824,-0.03388410420123478,-0.08187901973724365,-0.334272563457489,-0.0954043454021587,-0.0809013843536377,-0.2879825830459595,-0.14392526806298633,-0.07063442468643188,-0.23608922958374023,-0.16809049607221027,-0.0021201372146606445,-0.28936803340911865,-0.03725505233708759,-0.009126842021942139,-0.41822439432144165,-0.07329570115510364,-0.00843346118927002,-0.5006963610649109,-0.10182113558951755,-0.0064345598220825195,-0.5787336826324463,-0.12057064087096592,0.04858618974685669,-0.2767682671546936,-0.050101123610176046,0.06732076406478882,-0.38914138078689575,-0.08253063620034595,0.0783112645149231,-0.4557974338531494,-0.09992415071431537,0.08260297775268555,-0.5193183422088623,-0.10840907306376835,0.09223413467407227,-0.2314510941505432,-0.06734332055751224,0.11527782678604126,-0.3094445466995239,-0.08258004845086475,0.13199204206466675,-0.35482048988342285,-0.08037132383290668,0.1449396014213562,-0.3983077108860016,-0.07717343778315922
F,0.0,0.0,0.0,-0.04714345932006836,-0.03455090522766113,-0.04546275242810793,-0.0935651957988739,-0.09072893857955933,-0.0820432330632741,-0.12231463193893433,-0.14012575149536133,-0.11763527497296877,-0.08637884259223938,-0.17221546173095703,-0.14974582448249407,-0.05328434705734253,-0.26372861862182617,-0.03496014207249232,-0.07796847820281982,-0.33580446243286133,-0.09723291054015704,-0.0788237452507019,-0.2877960205078125,-0.14676727607493945,-0.0697374939918518,-0.2350713014602661,-0.17194117858653613,0.0010413527488708496,-0.29007816314697266,-0.037397554811292366,-0.004044771194458008,-0.4167019724845886,-0.07467045887952395,-0.0034027695655822754,-0.499448299407959,-0.10463703676705904,-0.0013382434844970703,-0.5794188678264618,-0.12462703391557284,0.05123096704483032,-0.2747920751571655,-0.049461665298991875,0.07301962375640869,-0.38671135902404785,-0.08257460847144671,0.08489131927490234,-0.45416221022605896,-0.10009224965816088,0.09056216478347778,-0.5202489793300629,-0.10881527021174975,0.09326648712158203,-0.2267845869064331,-0.06608417138104983,0.11774450540542603,-0.3049805760383606,-0.08197245254760333,0.13540756702423096,-0.351343035697937,-0.08016279592757769,0.15012449026107788,-0.39742225408554077,-0.07735245182757922
F,0.0,0.0,0.0,-0.049982547760009766,-0.032885968685150146,-0.043673636367913105,-0.09934854507446289,-0.08556663990020752,-0.08024156650006375,-0.1271948218345642,-0.13520848751068115,-0.1159683223575314,-0.0861164927482605,-0.16586053371429443,-0.14846343358456693,-0.052572667598724365,-0.25827258825302124,-0.03554728066026769,-0.0798799991607666,-0.32596760988235474,-0.09668323208987317,-0.081371009349823,-0.2797381281852722,-0.1449724044412335,-0.07064628601074219,-0.2292943000793457,-0.1699650492280682,0.0013493895530700684,-0.28513890504837036,-0.039410909613962986,-0.0054923295974731445,-0.41092193126678467,-0.0777140613406857,-0.004417121410369873,-0.49442631006240845,-0.10776763220727048,-0.0006548166275024414,-0.5762134194374084,-0.12783688863217435,0.05072242021560669,-0.26985645294189453,-0.05251978894173703,0.0756920576095581,-0.38205212354660034,-0.08786567856967054,0.0884937047958374,-0.45108652114868164,-0.10713987608849607,0.09478092193603516,-0.5202440321445465,-0.11690843661725125,0.09204608201980591,-0.22133338451385498,-0.06971926798522077,0.1190880537033081,-0.29806745052337646,-0.08807973375022016,0.13788878917694092,-0.34487754106521606,-0.08828633835017285,0.15374791622161865,-0.393663227558136,-0.08691663851439557
F,0.0,0.0,0.0,-0.05224698781967163,-0.03333967924118042,-0.04182065514430633,-0.1016097366809845,-0.08862727880477905,-0.07720143211588493,-0.12702423334121704,-0.13882595300674438,-0.11205680531963935,-0.08681735396385193,-0.16334307193756104,-0.1435314552257978,-0.05358314514160156,-0.2611110806465149,-0.03409607944593063,-0.08128902316093445,-0.3325015902519226,-0.09399626267656913,-0.08564278483390808,-0.2839919924736023,-0.14072631163105598,-0.0772833526134491,-0.2309941053390503,-0.16465648872360816,0.00161665678024292,-0.28722083568573,-0.038881386197658685,-0.004466831684112549,-0.4114570617675781,-0.07684356582865348,-0.0030776262283325195,-0.4944416582584381,-0.10576274109587303,0.00021690130233764648,-0.5775980651378632,-0.12479107690558067,0.05201268196105957,-0.2717931270599365,-0.05292884124025932,0.07922887802124023,-0.3861581087112427,-0.08827970040545097,0.09258407354354858,-0.4560965299606323,-0.10749982161030402,0.0985150933265686,-0.526439905166626,-0.117089679963442,0.09535014629364014,-0.22268378734588623,-0.07086390865549674,0.12444061040878296,-0.2997465133666992,-0.08957126600250831,0.14311331510543823,-0.3491756319999695,-0.0904965089033567,0.15771722793579102,-0.4006282091140747,-0.0895661921571218
F,0.0,0.0,0.0,-0.05557006597518921,-0.030207812786102295,-0.04459348035106814,-0.11014503240585327,-0.08337002992630005,-0.08139421877513087,-0.13731932640075684,-0.13231432437896729,-0.1168209323013798,-0.09304302930831909,-0.15420401096343994,-0.14818461326012766,-0.06154149770736694,-0.258871853351593,-0.039804839464522956,-0.0892772376537323,-0.33781057596206665,-0.09821789798388636,-0.09445244073867798,-0.28623247146606445,-0.14268396881470835,-0.0867011547088623,-0.2300921082496643,-0.165184006961681,-0.0045473575592041016,-0.28587639331817627,-0.04239144262919581,-0.009608268737792969,-0.41353124380111694,-0.07802954402814066,-0.009097278118133545,-0.4951854646205902,-0.1044240230048672,-0.006744980812072754,-0.5769440531730652,-0.122207031520702,0.04695141315460205,-0.2705188989639282,-0.05409948241958773,0.07558298110961914,-0.3845638036727905,-0.08646158960709727,0.08959692716598511,-0.4541572630405426,-0.10352312115082896,0.09577655792236328,-0.5231179296970367,-0.11237333801636851,0.09115839004516602,-0.2214679718017578,-0.07006201979766047,0.12258607149124146,-0.2973942756652832,-0.08709672180066264,0.1405894160270691,-0.3479737639427185,-0.08733008888611948,0.15303587913513184,-0.39995676279067993,-0.0861917072261349
F,0.0,0.0,0.0,-0.05452224612236023,-0.027829408645629883,-0.048241323326635666,-0.10895481705665588,-0.07711249589920044,-0.08747200528245003,-0.14072740077972412,-0.12265563011169434,-0.1242021680818084,-0.09886804223060608,-0.1485251784324646,-0.15671916911463768,-0.06433898210525513,-0.25633054971694946,-0.04546009609560997,-0.0943688452243805,-0.329858660697937,-0.10725083062510521,-0.09945467114448547,-0.276949942111969,-0.1538221598611358,-0.09055453538894653,-0.2200191617012024,-0.1768994689927581,-0.006900906562805176,-0.28593188524246216,-0.04656820232133896,-0.013835310935974121,-0.4146995544433594,-0.08427683869462044,-0.013632416725158691,-0.49882280826568604,-0.11116374889473946,-0.011468112468719482,-0.5821111500263214,-0.12885721633296043,0.0457921028137207,-0.2725214958190918,-0.05704108858566315,0.07638341188430786,-0.3871912956237793,-0.09125120053153069,0.09010517597198486,-0.4574836194515228,-0.10879252711396248,0.09563910961151123,-0.5261093080043793,-0.11742958286862404,0.09066516160964966,-0.22341442108154297,-0.07192461798052818,0.12299621105194092,-0.2975851893424988,-0.0897131697283271,0.1417226791381836,-0.3475377559661865,-0.08973783860068352,0.1550372838973999,-0.3985002040863037,-0.08809943357567818
F,0.0,0.0,0.0,-0.05660918354988098,-0.026659727096557617,-0.047584144397148975,-0.11037382483482361,-0.07742893695831299,-0.08635264448679436,-0.1456485092639923,-0.12054544687271118,-0.12365136109150399,-0.11263898015022278,-0.1457032561302185,-0.15700334869183052,-0.06868809461593628,-0.26333320140838623,-0.03862998448170174,-0.09859630465507507,-0.3312796354293823,-0.10313640348471154,-0.10697761178016663,-0.2783043384552002,-0.1534292306736802,-0.10092750191688538,-0.21983271837234497,-0.17859346233166207,-0.011309623718261719,-0.2924931049346924,-0.041219489647517094,-0.018827497959136963,-0.4210367202758789,-0.07827930711067665,-0.01984959840774536,-0.5059603452682495,-0.10557804070271004,-0.01869332790374756,-0.5897196233272552,-0.12352413497723091,0.042801499366760254,-0.27794188261032104,-0.054292803628811726,0.06958454847335815,-0.3963255286216736,-0.08810373954332817,0.08244895935058594,-0.4678895175457001,-0.10607085935629357,0.08788490295410156,-0.5371941328048706,-0.11503152362860192,0.08950251340866089,-0.22698050737380981,-0.07210634462393273,0.12260830402374268,-0.303616464138031,-0.09034821949757088,0.1414209008216858,-0.35452479124069214,-0.09100501052893151,0.15490436553955078,-0.4064408540725708,-0.08957248739756096
F,0.0,0.0,0.0,-0.05936717987060547,-0.02557241916656494,-0.057308566539376216,-0.11751565337181091,-0.07789874076843262,-0.10152484547981544,-0.15655553340911865,-0.12490576505661011,-0.14260802489408775,-0.11670678853988647,-0.15209060907363892,-0.17892349582800193,-0.07261529564857483,-0.2717165946960449,-0.04975530576595588,-0.1084890365600586,-0.33709490299224854,-0.11936567050108238,-0.11600106954574585,-0.27392590045928955,-0.1716117195475988,-0.10880023241043091,-0.21018821001052856,-0.19736995619425102,-0.012918949127197266,-0.30027347803115845,-0.048673861442892985,-0.023418545722961426,-0.4277491569519043,-0.09129581671842857,-0.0254480242729187,-0.5137258470058441,-0.12089261484035774,-0.02621525526046753,-0.601388156414032,-0.13974397700914665,0.04252326488494873,-0.2834998369216919,-0.05882191729435249,0.06610298156738281,-0.3993709087371826,-0.09775127541908546,0.07808440923690796,-0.4731476306915283,-0.1170213155139379,0.0828239917755127,-0.5466754734516144,-0.12591181021818443,0.08970344066619873,-0.23077577352523804,-0.07426244836935325,0.12013334035873413,-0.3067755103111267,-0.09508805048355384,0.13831347227096558,-0.3588804006576538,-0.09659186077007575,0.15116655826568604,-0.4133138060569763,-0.09540656280407234
F,0.0,0.0,0.0,-0.059755295515060425,-0.025153398513793945,-0.058296177960812656,-0.12186169624328613,-0.07497787475585938,-0.10374628422397336,-0.1641780138015747,-0.11963218450546265,-0.14601116297382077,-0.12433934211730957,-0.14835941791534424,-0.18381579635280332,-0.07853811979293823,-0.2712966203689575,-0.0522647392525073,-0.11548161506652832,-0.34043991565704346,-0.12184397546189984,-0.12451237440109253,-0.2764017581939697,-0.17459536013740262,-0.11869791150093079,-0.2106127142906189,-0.20090625105041227,-0.01846402883529663,-0.3015706539154053,-0.050415136344611255,-0.029263198375701904,-0.43023329973220825,-0.09347661999601087,-0.03237807750701904,-0.5165688097476959,-0.12495660451787671,-0.034515321254730225,-0.6052205264568329,-0.14578061220782956,0.03719049692153931,-0.2854621410369873,-0.059524514205634205,0.06410413980484009,-0.40233707427978516,-0.09940406350034436,0.07555550336837769,-0.4776419997215271,-0.12189870742696485,0.079304039478302,-0.5522351562976837,-0.13341731248038968,0.08359742164611816,-0.23340970277786255,-0.07365548280614576,0.11829298734664917,-0.3099251985549927,-0.09615799454587659,0.13723129034042358,-0.3621414303779602,-0.09992982117074689,0.15002405643463135,-0.41714638471603394,-0.1006447863354083
F,0.0,0.0,0.0,-0.061521053314208984,-0.02441173791885376,-0.05818774936187765,-0.12550827860832214,-0.07336318492889404,-0.10465602589238188,-0.16935819387435913,-0.11898094415664673,-0.14777796728003523,-0.12584084272384644,-0.14944463968276978,-0.18645139796126386,-0.08043688535690308,-0.27300596237182617,-0.053700078403835505,-0.11592355370521545,-0.3405005931854248,-0.1238801182566931,-0.12117108702659607,-0.2775103449821472,-0.17675610644209883,-0.11403453350067139,-0.21377891302108765,-0.20332515997279188,-0.020208656787872314,-0.30416345596313477,-0.05297346425641081,-0.03254908323287964,-0.43534326553344727,-0.09591080260861418,-0.037318408489227295,-0.5221484005451202,-0.1281596199928572,-0.0421108603477478,-0.6111120879650116,-0.14980419737685224,0.03698265552520752,-0.287822961807251,-0.06308402878630659,0.06609231233596802,-0.40581244230270386,-0.10445186508286497,0.07869666814804077,-0.48211926221847534,-0.12914184493411085,0.08216845989227295,-0.5582177639007568,-0.14238750202048323,0.08563464879989624,-0.23493003845214844,-0.07790640754092237,0.12295043468475342,-0.3110092282295227,-0.10307542992222807,0.14146268367767334,-0.36343950033187866,-0.1090042443333914,0.15248823165893555,-0.41983580589294434,-0.11125394714463255
F,0.0,0.0,0.0,-0.06387478113174438,-0.023180127143859863,-0.05606962585727615,-0.13002485036849976,-0.07338601350784302,-0.10070850917975349,-0.17483681440353394,-0.12066304683685303,-0.14237477103154106,-0.13342440128326416,-0.15661334991455078,-0.17984749594609184,-0.08671003580093384,-0.27395087480545044,-0.0497920944718544,-0.12370684742927551,-0.34301722049713135,-0.11874112704674644,-0.13012611865997314,-0.28158819675445557,-0.17223753252903862,-0.12214753031730652,-0.2184404730796814,-0.19952784696499748,-0.02642965316772461,-0.3071167469024658,-0.04992427894751472,-0.040589213371276855,-0.4411245584487915,-0.09094652006308479,-0.046316444873809814,-0.5299007892608643,-0.12304795006195945,-0.05042886734008789,-0.6195577085018158,-0.14490871349255485,0.03175771236419678,-0.2919648289680481,-0.06082776034156723,0.06110572814941406,-0.4106137752532959,-0.1005682669011776,0.07425504922866821,-0.48732757568359375,-0.12474950620810432,0.07897365093231201,-0.5632103681564331,-0.13794829169194145,0.0816611647605896,-0.23978406190872192,-0.0763692579595272,0.11830776929855347,-0.3166472911834717,-0.10070545444170875,0.1368499994277954,-0.36828404664993286,-0.1054440311519329,0.1487363576889038,-0.423514187335968,-0.10690578291098518
F,0.0,0.0,0.0,-0.06481769680976868,-0.023803114891052246,-0.05447088268567768,-0.1328793466091156,-0.07500118017196655,-0.09776963752676693,-0.1802302598953247,-0.12084072828292847,-0.13813505780865398,-0.13545852899551392,-0.15741080045700073,-0.17387769830395428,-0.08826988935470581,-0.2781345248222351,-0.04997290012408939,-0.12753677368164062,-0.3474994897842407,-0.11639328015019146,-0.13512003421783447,-0.2758175730705261,-0.16705487382580486,-0.1277342438697815,-0.20877909660339355,-0.19302467715908733,-0.02747577428817749,-0.3121538758277893,-0.05060290259291378,-0.04415181279182434,-0.44523459672927856,-0.09201986056734768,-0.05172395706176758,-0.5342268645763397,-0.12507840705086437,-0.0572131872177124,-0.6268222033977509,-0.1479522557275459,0.03137946128845215,-0.29630106687545776,-0.061257519693867835,0.061448097229003906,-0.4168516993522644,-0.10187405806948391,0.07448720932006836,-0.492323637008667,-0.12694346618820873,0.07897233963012695,-0.5679561495780945,-0.14075593364407268,0.08191359043121338,-0.24390286207199097,-0.07605044257809368,0.11903399229049683,-0.32068413496017456,-0.10151327860523907,0.13743191957473755,-0.37255311012268066,-0.10696141135861126,0.14895164966583252,-0.4285740852355957,-0.10882294637133327
F,0.0,0.0,0.0,-0.0661485493183136,-0.023463964462280273,-0.0542492985300953,-0.13623017072677612,-0.07596248388290405,-0.09768612753080674,-0.18522942066192627,-0.12429946660995483,-0.13843742083238908,-0.1443394124507904,-0.16630494594573975,-0.1747419394128258,-0.09585744142532349,-0.28077489137649536,-0.048716821479075634,-0.1369633674621582,-0.3504638671875,-0.11860922794269868,-0.14370641112327576,-0.2807416319847107,-0.17261406849550553,-0.13570982217788696,-0.21370482444763184,-0.20001079212354966,-0.03475064039230347,-0.31484532356262207,-0.050224893497698986,-0.05372363328933716,-0.4517626166343689,-0.09252946894096681,-0.0621926486492157,-0.5434860587120056,-0.1272214360110695,-0.06780350208282471,-0.6378171443939209,-0.15109554003404924,0.02500319480895996,-0.2985665798187256,-0.062162258433573925,0.05441993474960327,-0.42116785049438477,-0.10316311638283082,0.0670771598815918,-0.4985666871070862,-0.12910741637873002,0.07092994451522827,-0.5757717788219452,-0.1435938633553917,0.07693040370941162,-0.24510550498962402,-0.07831158559250184,0.1145099401473999,-0.32342296838760376,-0.10362276505159684,0.13335829973220825,-0.37622129917144775,-0.10897512804197618,0.14479273557662964,-0.4333687424659729,-0.11083649914192506
F,0.0,0.0,0.0,-0.06526929140090942,-0.026629924774169922,-0.05535565595721437,-0.1344408392906189,-0.0807691216468811,-0.0992148918995781,-0.18512696027755737,-0.12925398349761963,-0.14021201710795594,-0.14639878273010254,-0.17225414514541626,-0.17622871975993348,-0.0921989381313324,-0.29314476251602173,-0.04691263939832879,-0.13389357924461365,-0.3649755120277405,-0.1155989719519539,-0.14277604222297668,-0.2886289358139038,-0.16885257046317292,-0.1370311975479126,-0.21799731254577637,-0.19591121654605104,-0.030563652515411377,-0.3262808918952942,-0.047320476729623806,-0.04956263303756714,-0.4645501375198364,-0.09002954791878892,-0.059281378984451294,-0.5557922720909119,-0.12488960753773881,-0.06748107075691223,-0.6509630084037781,-0.14870783965682222,0.030293285846710205,-0.3091023564338684,-0.0583617975900097,0.05948019027709961,-0.4333950877189636,-0.10048778634165956,0.07156103849411011,-0.5135324001312256,-0.12771961371993257,0.0744318962097168,-0.592644602060318,-0.1425750879535599,0.08355879783630371,-0.25534188747406006,-0.07353657018040849,0.12037503719329834,-0.33591341972351074,-0.09919862728213502,0.13806819915771484,-0.39035630226135254,-0.10541515331362916,0.14773458242416382,-0.4485456943511963,-0.10779560636376573
F,0.0,0.0,0.0,-0.06705638766288757,-0.028489768505096436,-0.05294523732825951,-0.13764095306396484,-0.08539038896560669,-0.09498114483520226,-0.1887357234954834,-0.13465529680252075,-0.13484243648215966,-0.14960896968841553,-0.17734551429748535,-0.16981927650138573,-0.09153714776039124,-0.29682499170303345,-0.04365424783989624,-0.13469770550727844,-0.37329936027526855,-0.1119907085792704,-0.1453205645084381,-0.2988608479499817,-0.16551932292148308,-0.13886097073554993,-0.22699451446533203,-0.19279972808524803,-0.02887570858001709,-0.3293406367301941,-0.04576471792623238,-0.04913210868835449,-0.4699293375015259,-0.08742912458345131,-0.059152573347091675,-0.5643424093723297,-0.12219966547652916,-0.06646054983139038,-0.6623950898647308,-0.14617070155307488,0.03251945972442627,-0.31222671270370483,-0.058543450851885837,0.061257898807525635,-0.43664324283599854,-0.09927925067111687,0.07275116443634033,-0.517275333404541,-0.1253581752078219,0.07543748617172241,-0.597945362329483,-0.13976667421027855,0.08607184886932373,-0.25768595933914185,-0.0755251233474894,0.12288278341293335,-0.33882439136505127,-0.10023517506286339,0.14111018180847168,-0.39553290605545044,-0.10510283308192925,0.15207147598266602,-0.45624154806137085,-0.10658408301040367
F,0.0,0.0,0.0,-0.06795880198478699,-0.02847445011138916,-0.055122403738806725,-0.13874322175979614,-0.09006690979003906,-0.09806828418166447,-0.19227376580238342,-0.14515995979309082,-0.13856934228331852,-0.15401744842529297,-0.18622756004333496,-0.17381151237876225,-0.0949050784111023,-0.3044906258583069,-0.043555947331498146,-0.14016780257225037,-0.38205069303512573,-0.11451909163386631,-0.1503162384033203,-0.30866867303848267,-0.17020802417189884,-0.14318302273750305,-0.23746836185455322,-0.19820471325309086,-0.03223979473114014,-0.3385313153266907,-0.044368857828686714,-0.05381512641906738,-0.48282957077026367,-0.08681223758847523,-0.06333991885185242,-0.5811591446399689,-0.12081815519721317,-0.07010060548782349,-0.6825625598430634,-0.14360971966178226,0.029943466186523438,-0.3217782974243164,-0.056399753628085136,0.057776808738708496,-0.45028066635131836,-0.09592946836144733,0.0694347620010376,-0.5304041504859924,-0.11892367371709156,0.07224404811859131,-0.6101745665073395,-0.1308283082524042,0.08454811573028564,-0.2666851282119751,-0.0732942319789629,0.12061357498168945,-0.35021430253982544,-0.0953603855648737,0.13910984992980957,-0.40728408098220825,-0.09757741758019733,0.15102481842041016,-0.4675518274307251,-0.0969669095555048
F,0.0,0.0,0.0,-0.07073086500167847,-0.029660344123840332,-0.055772038648598254,-0.1436840295791626,-0.09283220767974854,-0.09868022660421616,-0.19982501864433289,-0.1476646065711975,-0.1390907452504564,-0.15964898467063904,-0.18975335359573364,-0.1742891059319902,-0.09735298156738281,-0.30436378717422485,-0.043157572398655475,-0.14231687784194946,-0.3794233202934265,-0.11485746363806015,-0.15436777472496033,-0.3066287636756897,-0.17130139331030136,-0.14909669756889343,-0.23476099967956543,-0.1998887644212175,-0.03486913442611694,-0.3396933674812317,-0.04370499263214356,-0.05708923935890198,-0.48374903202056885,-0.0864655734102655,-0.0683189332485199,-0.5819194614887238,-0.12080447981762177,-0.07725661993026733,-0.6821065247058868,-0.14406561712431198,0.027946949005126953,-0.32352954149246216,-0.05566495517896897,0.05715775489807129,-0.45366060733795166,-0.09513345966743714,0.06803441047668457,-0.5356070101261139,-0.11781098554538971,0.06875699758529663,-0.6172795295715332,-0.12978692213701493,0.08286798000335693,-0.26789915561676025,-0.07258006046222931,0.11914467811584473,-0.3516988158226013,-0.0939041362206865,0.13610059022903442,-0.410545289516449,-0.09543115506576783,0.14545941352844238,-0.4725474715232849,-0.09478276083873993
F,0.0,0.0,0.0,-0.07256415486335754,-0.030946969985961914,-0.05421332927275557,-0.14605408906936646,-0.09470242261886597,-0.09634202631045241,-0.20206096768379211,-0.15352296829223633,-0.13591518165398497,-0.16193801164627075,-0.19910883903503418,-0.1699264413290109,-0.09981852769851685,-0.3057945966720581,-0.04450104670453925,-0.14590638875961304,-0.39196085929870605,-0.11501115472842116,-0.15689563751220703,-0.32554948329925537,-0.16863907040882964,-0.14913606643676758,-0.25689464807510376,-0.19539076747227568,-0.03590238094329834,-0.3418516516685486,-0.04526200057793517,-0.0571742057800293,-0.4911385178565979,-0.08834805251885314,-0.06776529550552368,-0.5891766548156738,-0.12091320665408034,-0.07733315229415894,-0.6900238692760468,-0.14246263267327208,0.028035640716552734,-0.3269031047821045,-0.05706878663826842,0.05480605363845825,-0.4606439471244812,-0.09736379893351454,0.06594783067703247,-0.5446994304656982,-0.11943793209124465,0.06670105457305908,-0.6288122534751892,-0.13051558198262114,0.08481752872467041,-0.27179938554763794,-0.07350557209778685,0.11881053447723389,-0.3592889904975891,-0.09541568072367568,0.13454949855804443,-0.41956889629364014,-0.0972517720036592,0.14306581020355225,-0.48252713680267334,-0.0965038305692758
F,0.0,0.0,0.0,-0.07334095239639282,-0.03266429901123047,-0.055773181214902934,-0.14733397960662842,-0.09799128770828247,-0.09988369171318823,-0.20352119207382202,-0.15715980529785156,-0.14152975504097753,-0.1613159477710724,-0.20482850074768066,-0.17796704296765142,-0.09414821863174438,-0.31684350967407227,-0.04524455715713316,-0.1445569097995758,-0.3962733745574951,-0.1189758938997727,-0.15869390964508057,-0.32402747869491577,-0.1764162791222077,-0.15213680267333984,-0.25332313776016235,-0.20568658535179907,-0.030197203159332275,-0.35249143838882446,-0.046748237058494624,-0.05488985776901245,-0.5016805529594421,-0.09168141458926016,-0.06794306635856628,-0.6035200655460358,-0.12746524934468084,-0.0774846076965332,-0.7080057859420776,-0.1516437393873673,0.03416740894317627,-0.3354918360710144,-0.059557554617498454,0.060039639472961426,-0.4706394672393799,-0.10080864404139334,0.06954121589660645,-0.5551729500293732,-0.12412275497612768,0.06940078735351562,-0.6392408013343811,-0.13636568312344366,0.09130716323852539,-0.2784191370010376,-0.07721552376446539,0.12408578395843506,-0.3665383458137512,-0.09941349302229696,0.13908535242080688,-0.4270855784416199,-0.10129656021294409,0.14717984199523926,-0.49027419090270996,-0.10078068201241308
F,0.0,0.0,0.0,-0.07362568378448486,-0.034617483615875244,-0.057737409854922817,-0.1484392285346985,-0.10440915822982788,-0.10273499765494876,-0.20700004696846008,-0.16667091846466064,-0.14523215570548587,-0.1674356758594513,-0.21604686975479126,-0.18195356407264285,-0.09747293591499329,-0.32581061124801636,-0.045230895067248866,-0.1497294306755066,-0.4132477045059204,-0.1188297493110042,-0.16562461853027344,-0.3363384008407593,-0.17611485698321871,-0.1600123643875122,-0.26145756244659424,-0.20490153112510257,-0.03166842460632324,-0.3608596920967102,-0.04491720327237658,-0.05823284387588501,-0.5132598578929901,-0.09100121983388476,-0.07236728072166443,-0.6168313920497894,-0.1270128039369922,-0.08366388082504272,-0.7243148982524872,-0.1508308199892383,0.033966124057769775,-0.3437246084213257,-0.056000456000361964,0.05855292081832886,-0.481375128030777,-0.09692014732459597,0.0661628246307373,-0.5687209665775299,-0.11909211405614428,0.0648723840713501,-0.655291885137558,-0.13013371803859286,0.09089910984039307,-0.28758448362350464,-0.07209394850829653,0.12157070636749268,-0.3804246783256531,-0.09186163523295932,0.1367117166519165,-0.44236111640930176,-0.09127459653714709,0.14657384157180786,-0.5059095621109009,-0.08891582467654757
F,0.0,0.0,0.0,-0.07576221227645874,-0.03468286991119385,-0.05587281015240819,-0.15130513906478882,-0.10313117504119873,-0.10020277005159528,-0.21089035272598267,-0.16425460577011108,-0.1424373696418968,-0.17344290018081665,-0.21443331241607666,-0.17936813932382734,-0.10125517845153809,-0.327830970287323,-0.04304070499264867,-0.15472102165222168,-0.41521018743515015,-0.11739229511940152,-0.1711321771144867,-0.342536985874176,-0.17635601860010297,-0.16537559032440186,-0.2682724595069885,-0.2060994217964378,-0.03532063961029053,-0.3648383617401123,-0.04425049301707418,-0.06320995092391968,-0.5221555233001709,-0.08852532607042463,-0.0775972306728363,-0.6270446479320526,-0.12434727054559858,-0.08874380588531494,-0.7336547374725342,-0.14836870234930188,0.03172987699508667,-0.3487700819969177,-0.056927182790872166,0.05787301063537598,-0.4881955683231354,-0.0963754217001167,0.06653201580047607,-0.5773689448833466,-0.11858735334598691,0.06521874666213989,-0.6646858751773834,-0.13008463483774335,0.09040224552154541,-0.29121363162994385,-0.0746110762330261,0.12291735410690308,-0.3866158723831177,-0.09345778923952253,0.13895326852798462,-0.44918447732925415,-0.09182208877527387,0.1483910083770752,-0.5133070945739746,-0.08888251435482175
F,0.0,0.0,0.0,-0.07754963636398315,-0.034755170345306396,-0.059819981943263656,-0.15683314204216003,-0.10423845052719116,-0.10616826314796413,-0.2194608747959137,-0.1691272258758545,-0.15009051610101665,-0.17959195375442505,-0.22384101152420044,-0.18810182858575786,-0.10543549060821533,-0.3368014097213745,-0.04498530600537265,-0.15966573357582092,-0.42902904748916626,-0.1211391394244572,-0.17586034536361694,-0.35211390256881714,-0.18119876135457957,-0.17089730501174927,-0.2751801013946533,-0.21169245291818584,-0.03820234537124634,-0.374519407749176,-0.04483678613175357,-0.06645834445953369,-0.5321705937385559,-0.09167142261136974,-0.08187371492385864,-0.6384647488594055,-0.12929351676572765,-0.09562194347381592,-0.748621940612793,-0.15465401161779369,0.029812395572662354,-0.3572492003440857,-0.05670376543272937,0.054038286209106445,-0.4976443350315094,-0.09856743414272273,0.061570942401885986,-0.5876834392547607,-0.1220466797458073,0.05890709161758423,-0.6766110360622406,-0.1341582690583607,0.08928453922271729,-0.2981325387954712,-0.07388359356988872,0.11947184801101685,-0.39446836709976196,-0.09470091808904613,0.13480353355407715,-0.45822441577911377,-0.09445378978122676,0.14411276578903198,-0.5233771800994873,-0.09237081606258357
F,0.0,0.0,0.0,-0.08262813091278076,-0.03184419870376587,-0.06271203987674312,-0.16592192649841309,-0.10274779796600342,-0.11049153291062908,-0.22967571020126343,-0.1704307198524475,-0.155690211880966,-0.18887144327163696,-0.224514901638031,-0.1947662272341688,-0.11486583948135376,-0.33745068311691284,-0.04699670158700542,-0.16769617795944214,-0.4359300136566162,-0.1257625856287916,-0.1815038025379181,-0.36038297414779663,-0.1875362732298811,-0.1745026409626007,-0.28342509269714355,-0.21886101745442943,-0.04702681303024292,-0.3768085837364197,-0.0463059768863161,-0.073475182056427,-0.5374218821525574,-0.09456042580680446,-0.0887291431427002,-0.6463285386562347,-0.1328676231987913,-0.1021038293838501,-0.7585976421833038,-0.15868413828687267,0.021828651428222656,-0.3612784147262573,-0.05837158866600589,0.04611063003540039,-0.5056301653385162,-0.10200935237483577,0.05323082208633423,-0.5985414683818817,-0.1270843484290083,0.04999297857284546,-0.689936488866806,-0.14024334036187724,0.0830998420715332,-0.3039429783821106,-0.07612701140718059,0.11653107404708862,-0.40267282724380493,-0.09883021198587016,0.13227611780166626,-0.4675750136375427,-0.10051620386914806,0.140716552734375,-0.5333872437477112,-0.09983851395921306
F,0.0,0.0,0.0,-0.0874185562133789,-0.028804540634155273,-0.06498018936147787,-0.17534059286117554,-0.10185855627059937,-0.1141533656500826,-0.24199682474136353,-0.1697205901145935,-0.16008322969904043,-0.19732141494750977,-0.22366660833358765,-0.1984545691393862,-0.12135118246078491,-0.34318941831588745,-0.052096596964503306,-0.1763201355934143,-0.4441983103752136,-0.13044668272962667,-0.18741270899772644,-0.360099732875824,-0.19047751561632253,-0.178831547498703,-0.2787882685661316,-0.22080435887804128,-0.051666975021362305,-0.38429540395736694,-0.049345581837798136,-0.07996058464050293,-0.5454569160938263,-0.09944869116773702,-0.09612870216369629,-0.6560380160808563,-0.1381995035790453,-0.11162069439888,-0.7733080685138702,-0.16434137062063314,0.01877617835998535,-0.3688974976539612,-0.058822407432700174,0.04237520694732666,-0.5158988535404205,-0.10179122821321585,0.04868578910827637,-0.6086156368255615,-0.12407980398168661,0.0439642071723938,-0.7001957297325134,-0.13535063997736074,0.08197367191314697,-0.31202858686447144,-0.07432782188882925,0.11799168586730957,-0.41032034158706665,-0.09598633185854055,0.13227349519729614,-0.48008328676223755,-0.09729904220333196,0.1381872296333313,-0.5522550344467163,-0.0963202147268305
F,0.0,0.0,0.0,-0.08891552686691284,-0.028397977352142334,-0.06294067244124335,-0.17957589030265808,-0.0982522964477539,-0.11234456340861243,-0.24718457460403442,-0.16632449626922607,-0.15883589576077384,-0.20293423533439636,-0.23099106550216675,-0.19778532574963492,-0.12591344118118286,-0.34666740894317627,-0.04998082335185927,-0.17973056435585022,-0.451638400554657,-0.13027184496712607,-0.19165727496147156,-0.370883047580719,-0.191987760766267,-0.18395504355430603,-0.2903711199760437,-0.2230401415665142,-0.056407630443573,-0.3885963559150696,-0.049252171470641315,-0.08490997552871704,-0.5587513446807861,-0.09943959902119559,-0.10151511430740356,-0.6705503463745117,-0.13848265300583762,-0.11780595779418945,-0.7872185707092285,-0.16469868312668723,0.015449464321136475,-0.3737333416938782,-0.06097190867257041,0.04050946235656738,-0.5268446207046509,-0.10534679929804724,0.04630935192108154,-0.622836172580719,-0.12876812408757132,0.04098200798034668,-0.7163848876953125,-0.14055531512093467,0.08093762397766113,-0.31545132398605347,-0.07838767807078284,0.11923021078109741,-0.41850221157073975,-0.10226104448628348,0.13512277603149414,-0.4931288957595825,-0.10450101683926505,0.14254498481750488,-0.5701111853122711,-0.10369014035057944
F,0.0,0.0,0.0,-0.09179913997650146,-0.027333498001098633,-0.06375916862739928,-0.18565154075622559,-0.09232240915298462,-0.11575059408201582,-0.2538376450538635,-0.16026699542999268,-0.1650038492108763,-0.21162551641464233,-0.2325637936592102,-0.20689107293142683,-0.13083821535110474,-0.3504708409309387,-0.052448099496501754,-0.1869448721408844,-0.45541977882385254,-0.13458639198793776,-0.20072036981582642,-0.37580233812332153,-0.19759428316606886,-0.19170773029327393,-0.29381561279296875,-0.22920504027857191,-0.060543835163116455,-0.39637720584869385,-0.05178523251666434,-0.08999079465866089,-0.571038007736206,-0.10117202067627318,-0.10808753967285156,-0.6846168637275696,-0.13866172546400435,-0.12430021166801453,-0.8036518692970276,-0.1639069151307524,0.013270974159240723,-0.38510817289352417,-0.06380688959612257,0.038034677505493164,-0.5440754294395447,-0.10716534966482527,0.042932868003845215,-0.6418648064136505,-0.12944717520727522,0.03697866201400757,-0.7350000143051147,-0.14095736855520613,0.08175009489059448,-0.3278958797454834,-0.08176004702104933,0.12075787782669067,-0.4288794994354248,-0.10534805619968779,0.13394808769226074,-0.5030630528926849,-0.10714757257952101,0.1391986608505249,-0.5776586532592773,-0.10604026729120619
F,0.0,0.0,0.0,-0.0945587158203125,-0.02926701307296753,-0.06622265876995925,-0.1923079490661621,-0.09547126293182373,-0.12051874996888046,-0.2616943120956421,-0.16365301609039307,-0.1712952688502014,-0.21589362621307373,-0.23869633674621582,-0.21441899092661743,-0.13507989048957825,-0.36113983392715454,-0.05949238540398483,-0.19404521584510803,-0.4665347933769226,-0.14236034305559997,-0.20657870173454285,-0.37255221605300903,-0.20549221189486389,-0.1967867612838745,-0.2847326397895813,-0.2379902586506546,-0.06114894151687622,-0.4068969488143921,-0.05976713673936729,-0.09305179119110107,-0.5851052403450012,-0.11308362932669525,-0.11193627119064331,-0.7002429068088531,-0.1547632500694931,-0.1286618709564209,-0.8230910897254944,-0.1835747346447647,0.014964818954467773,-0.39131051301956177,-0.07225838156210784,0.04076075553894043,-0.5571677386760712,-0.12098230274187927,0.04843825101852417,-0.6554025113582611,-0.14712844641672973,0.045535922050476074,-0.7521682977676392,-0.16115629525648956,0.08555227518081665,-0.32937997579574585,-0.09017748983370666,0.1253260374069214,-0.43426430225372314,-0.11915179194676284,0.14054042100906372,-0.5098696351051331,-0.12339226754176025,0.14716076850891113,-0.5891292691230774,-0.12396283300387267
F,0.0,0.0,0.0,-0.09430176019668579,-0.03247421979904175,-0.07230070196808924,-0.194922536611557,-0.09708398580551147,-0.1313065137785827,-0.26908159255981445,-0.16176700592041016,-0.1863232251328384,-0.2276226282119751,-0.24322587251663208,-0.23411820792378535,-0.13980138301849365,-0.36891841888427734,-0.0688419189375793,-0.20560291409492493,-0.4788048267364502,-0.15813808106602778,-0.21923470497131348,-0.38585352897644043,-0.22655616664113154,-0.21027350425720215,-0.2986677885055542,-0.262116789452449,-0.0636669397354126,-0.4167618751525879,-0.06653859429778208,-0.09945404529571533,-0.5971831381320953,-0.12437548451842417,-0.11957842111587524,-0.7180467545986176,-0.1703213151616012,-0.1382995843887329,-0.8466071486473083,-0.20240941607178797,0.015216529369354248,-0.40118199586868286,-0.07684471421660533,0.03743022680282593,-0.5658701658248901,-0.1272094693106567,0.04475337266921997,-0.6679839491844177,-0.15544585847081294,0.04172170162200928,-0.767091691493988,-0.17112389170350184,0.08819270133972168,-0.3391069173812866,-0.09314858876885523,0.12526249885559082,-0.4468115568161011,-0.121831789247409,0.13772016763687134,-0.5234360694885254,-0.12613102757157435,0.1420462727546692,-0.6016108393669128,-0.1269776817482864
F,0.0,0.0,0.0,-0.0951123833656311,-0.03216969966888428,-0.07855672898870125,-0.2005445957183838,-0.09805333614349365,-0.14276163044553414,-0.27790895104408264,-0.1645491123199463,-0.20194996657949105,-0.22660434246063232,-0.24546301364898682,-0.2537246620951237,-0.14000862836837769,-0.37587469816207886,-0.08366016063075676,-0.2108381986618042,-0.4900593161582947,-0.17613281074147835,-0.22390234470367432,-0.389789342880249,-0.24426206710916176,-0.21358734369277954,-0.3003730773925781,-0.2801811373529972,-0.058417320251464844,-0.4252142906188965,-0.08117830517869606,-0.1004183292388916,-0.6108488142490387,-0.1466662860212864,-0.12090885639190674,-0.7363047301769257,-0.19669650259595528,-0.1402091383934021,-0.8739145398139954,-0.23167752984147683,0.024682164192199707,-0.40656930208206177,-0.09085425499063149,0.04505288600921631,-0.5806010663509369,-0.14949244025331154,0.05278944969177246,-0.6846790611743927,-0.18139827015977517,0.04811340570449829,-0.7883342206478119,-0.19899849358182564,0.10127288103103638,-0.3422732949256897,-0.10622210565190926,0.13574951887130737,-0.4561768174171448,-0.14233162763696328,0.1478707194328308,-0.5357677936553955,-0.15014083448033944,0.14946067333221436,-0.6179698407649994,-0.1531643247900547
F,0.0,0.0,0.0,-0.09299361705780029,-0.03594827651977539,-0.08239398912627394,-0.1969117522239685,-0.09930002689361572,-0.15247004495103056,-0.2755523920059204,-0.16102933883666992,-0.21677082047898466,-0.22137749195098877,-0.23513734340667725,-0.27511798606354887,-0.1355198621749878,-0.38393938541412354,-0.09750182942588026,-0.2038622796535492,-0.4917367100715637,-0.1963246540828436,-0.22126516699790955,-0.3925477862358093,-0.26843982205826933,-0.21478980779647827,-0.3032539486885071,-0.30624862776238615,-0.05075991153717041,-0.4313986301422119,-0.09523579494197065,-0.08788645267486572,-0.6265116930007935,-0.16844459639031584,-0.10918742418289185,-0.7548272609710693,-0.2229161636634558,-0.12939393520355225,-0.8935210108757019,-0.26027216778237516,0.033843934535980225,-0.40783923864364624,-0.10445331798035795,0.06387859582901001,-0.5885340869426727,-0.17025581763226683,0.0727798342704773,-0.70048588514328,-0.20738939211804563,0.0681334137916565,-0.8095170557498932,-0.22745714352566893,0.10863262414932251,-0.33529263734817505,-0.11871656046349699,0.15021103620529175,-0.45899999141693115,-0.1568249987168997,0.16430675983428955,-0.5447199940681458,-0.16557107136685545,0.1683538556098938,-0.6322968006134033,-0.16959644124943907
F,0.0,0.0,0.0,-0.09408766031265259,-0.0341571569442749,-0.08245935690501938,-0.1998087763786316,-0.10218560695648193,-0.15195349258283386,-0.2781473398208618,-0.16103017330169678,-0.2154929379830719,-0.2279796004295349,-0.24033546447753906,-0.273249883473909,-0.14142435789108276,-0.3894122838973999,-0.09998626661399612,-0.20819741487503052,-0.5017343163490295,-0.20040524405339966,-0.22152012586593628,-0.3973580002784729,-0.27345128756860504,-0.21430498361587524,-0.30375272035598755,-0.31122495633462677,-0.05375272035598755,-0.4362856149673462,-0.09770579290488968,-0.09176087379455566,-0.6328872442245483,-0.1717571358094574,-0.11116284132003784,-0.762450248003006,-0.22753666740754852,-0.1313074827194214,-0.9032387733459473,-0.2661300490508438,0.0326879620552063,-0.4118017554283142,-0.10690791559318313,0.06415599584579468,-0.5910681486129761,-0.1739391575465561,0.07500457763671875,-0.7081786394119263,-0.2135122160325409,0.07169944047927856,-0.8242372572422028,-0.2351954321275116,0.1077919602394104,-0.3387157917022705,-0.1207402239451767,0.1483861207962036,-0.47029876708984375,-0.1584059486995102,0.16481739282608032,-0.558539092540741,-0.16628083986142883,0.1722555160522461,-0.6496770977973938,-0.1700350384126068
F,0.0,0.0,0.0,-0.0926443338394165,-0.031854987144470215,-0.08623434682743891,-0.19891881942749023,-0.0958930253982544,-0.15866681267874583,-0.277637243270874,-0.15045666694641113,-0.2238819979633604,-0.22719967365264893,-0.2307761311531067,-0.2832745247091566,-0.13720303773880005,-0.39096903800964355,-0.1122249223794256,-0.20349490642547607,-0.5031334757804871,-0.2125241391863142,-0.22033196687698364,-0.39298033714294434,-0.2833927505220686,-0.21504729986190796,-0.2939932942390442,-0.3198042445387159,-0.048234641551971436,-0.440269410610199,-0.10855213632243021,-0.0849953293800354,-0.6435891687870026,-0.18503368725436076,-0.10495203733444214,-0.7756242454051971,-0.24213569690840586,-0.1235036849975586,-0.9191043376922607,-0.2818646662439619,0.038575828075408936,-0.41585373878479004,-0.11528691728966578,0.07622593641281128,-0.6002025604248047,-0.18248666157381876,0.08674943447113037,-0.7172878980636597,-0.2214819871391569,0.08381813764572144,-0.8321339190006256,-0.24342852165358408,0.11320596933364868,-0.34097373485565186,-0.12673673858301981,0.15872204303741455,-0.47192490100860596,-0.1636913650240217,0.17688775062561035,-0.5612694621086121,-0.1706697278227125,0.18742966651916504,-0.6533054411411285,-0.17421648730891093
F,0.0,0.0,0.0,-0.0957634449005127,-0.03329193592071533,-0.08325489446752954,-0.20431172847747803,-0.09943914413452148,-0.1532938314997523,-0.2834075689315796,-0.15478092432022095,-0.21698319748276162,-0.2317880392074585,-0.23195171356201172,-0.2746311558806269,-0.1395586133003235,-0.3937641978263855,-0.10423695877426553,-0.20636042952537537,-0.5057871341705322,-0.2037284804903834,-0.2240409255027771,-0.40404266119003296,-0.2745072080218165,-0.21822315454483032,-0.3088343143463135,-0.3108076585852473,-0.049687206745147705,-0.4439595341682434,-0.10203455969923425,-0.08730614185333252,-0.6476251482963562,-0.1769848896586268,-0.10604971647262573,-0.7838644981384277,-0.23168895974987436,-0.12368088960647583,-0.9277645945549011,-0.2693160606943934,0.03737717866897583,-0.42063653469085693,-0.11090187564724374,0.07367491722106934,-0.606347382068634,-0.17792786494129587,0.08603137731552124,-0.7258294820785522,-0.21616685226791787,0.08287906646728516,-0.8418094515800476,-0.23693348303669381,0.11264908313751221,-0.3456496000289917,-0.12445741728180337,0.159612238407135,-0.4761590361595154,-0.16216552093857217,0.1785743236541748,-0.5654255151748657,-0.16928447619312692,0.1882401704788208,-0.6569932401180267,-0.17229305044048715
F,0.0,0.0,0.0,-0.091464102268219,-0.034911274909973145,-0.08688232094914383,-0.19478130340576172,-0.10503113269805908,-0.15934456677109665,-0.2728809714317322,-0.16062188148498535,-0.22451069743306107,-0.2215288281440735,-0.23938685655593872,-0.2838368246045775,-0.12425369024276733,-0.4060366749763489,-0.11095840276152558,-0.1918332576751709,-0.5128252506256104,-0.21239822895199723,-0.2134198546409607,-0.402851939201355,-0.2846311757054991,-0.21162480115890503,-0.30114805698394775,-0.32169447631508774,-0.03287285566329956,-0.4537097215652466,-0.1073577681270308,-0.06951117515563965,-0.6590288579463959,-0.18387733192116684,-0.08993315696716309,-0.7960305213928223,-0.24065089018017716,-0.10964971780776978,-0.9414129853248596,-0.27988557309777207,0.05539053678512573,-0.42670297622680664,-0.11456434220940537,0.09439784288406372,-0.6123114824295044,-0.18193974883229203,0.10521620512008667,-0.7335757315158844,-0.22088256270558304,0.10032838582992554,-0.8516760468482971,-0.24253941864640183,0.1310918927192688,-0.34758567810058594,-0.1266288736549086,0.18080538511276245,-0.4791204333305359,-0.16349398882061905,0.1996791958808899,-0.5694689750671387,-0.1697671690669722,0.20880502462387085,-0.6621161699295044,-0.17261437863976425
F,0.0,0.0,0.0,-0.09461474418640137,-0.035207509994506836,-0.08367153967498098,-0.20436567068099976,-0.10442614555358887,-0.1539614867675141,-0.2909974455833435,-0.16251063346862793,-0.2186640721070603,-0.2513716220855713,-0.23766028881072998,-0.27745752746938024,-0.14260625839233398,-0.4055193066596985,-0.09707397187827382,-0.21535322070121765,-0.5159775614738464,-0.2008429836737946,-0.23902764916419983,-0.41180700063705444,-0.2770526629197434,-0.23386496305465698,-0.31094682216644287,-0.316462896417363,-0.05089384317398071,-0.4553253650665283,-0.09598860109923635,-0.09103512763977051,-0.6622021198272705,-0.1736789714801148,-0.11003029346466064,-0.8051910698413849,-0.23091094906209264,-0.12415242195129395,-0.9566916823387146,-0.26955004746793065,0.03732877969741821,-0.43077099323272705,-0.10716745967744146,0.07469600439071655,-0.6200202703475952,-0.17657151038525853,0.08683186769485474,-0.7407147884368896,-0.2154568206775025,0.08539193868637085,-0.8608143627643585,-0.23584295029519353,0.11310362815856934,-0.35258007049560547,-0.12333228404401098,0.1606629490852356,-0.48027724027633667,-0.16257987136719976,0.18034863471984863,-0.5691535472869873,-0.16947319323895726,0.1912398338317871,-0.6629061996936798,-0.17168795282719884
F,0.0,0.0,0.0,-0.09345299005508423,-0.038959383964538574,-0.08774200460385373,-0.200761079788208,-0.11056053638458252,-0.1614892744130998,-0.28251075744628906,-0.16631150245666504,-0.22801112762164166,-0.22853600978851318,-0.24227726459503174,-0.2893668376512437,-0.11937445402145386,-0.4098215699195862,-0.11188500008057645,-0.18726420402526855,-0.5213829278945923,-0.2131051086492448,-0.21604105830192566,-0.4139683246612549,-0.286313947350493,-0.21921426057815552,-0.31182706356048584,-0.3248755001134782,-0.026933133602142334,-0.4568544626235962,-0.10904679080914548,-0.06538188457489014,-0.6672541201114655,-0.18542533746432355,-0.0889664888381958,-0.8065914511680603,-0.24270651868056348,-0.11082053184509277,-0.9528765082359314,-0.28261264792155316,0.06271606683731079,-0.42874717712402344,-0.11715809634398511,0.10112422704696655,-0.6205989122390747,-0.1853711717433839,0.10946416854858398,-0.7450622022151947,-0.22560242942046216,0.10269516706466675,-0.8657937049865723,-0.24835408857535413,0.1389210820198059,-0.34759676456451416,-0.13010623684596112,0.1888936161994934,-0.47784656286239624,-0.16966087749671033,0.20621532201766968,-0.5707961916923523,-0.1778483652181535,0.2127881646156311,-0.6657544374465942,-0.18203346064757397
F,0.0,0.0,0.0,-0.09415489435195923,-0.04065990447998047,-0.08518288752310355,-0.20251911878585815,-0.10903620719909668,-0.15782557895653326,-0.2872689366340637,-0.16887342929840088,-0.2253279583739527,-0.24089083075523376,-0.24413704872131348,-0.28712305894367773,-0.1278754472732544,-0.4145028591156006,-0.09639685323708136,-0.19894182682037354,-0.5246517062187195,-0.20344724228851874,-0.22730183601379395,-0.4276822805404663,-0.28379613628857214,-0.22779428958892822,-0.3308108448982239,-0.32609731426708777,-0.0359724760055542,-0.46398746967315674,-0.09608733376734335,-0.07477927207946777,-0.6701922118663788,-0.1747610615777262,-0.09649771451950073,-0.8125235438346863,-0.23406194618218024,-0.1136319637298584,-0.9646875858306885,-0.2741909371899851,0.05346691608428955,-0.43937039375305176,-0.10866333266966421,0.08635985851287842,-0.6333292126655579,-0.1788169788407572,0.0958855152130127,-0.7559703290462494,-0.21807294061653693,0.09235906600952148,-0.8786469101905823,-0.23874764612190802,0.130853533744812,-0.3596218228340149,-0.12667374780647833,0.17506790161132812,-0.4897812604904175,-0.16664810946457465,0.1947392225265503,-0.5811938047409058,-0.17380223145954687,0.20611464977264404,-0.6777817606925964,-0.17592488697044928
F,0.0,0.0,0.0,-0.09185361862182617,-0.04179084300994873,-0.08383293549263726,-0.20010370016098022,-0.10931432247161865,-0.15549252281630288,-0.28547558188438416,-0.16371148824691772,-0.22093094239676248,-0.24454936385154724,-0.2474597692489624,-0.280684017638805,-0.12394726276397705,-0.41066718101501465,-0.10271628300392877,-0.19455599784851074,-0.5235326886177063,-0.20519261906588326,-0.22472015023231506,-0.4280986785888672,-0.2806859547897602,-0.22735777497291565,-0.3306915760040283,-0.32009499619448434,-0.034419238567352295,-0.4590179920196533,-0.10120691458428155,-0.07526218891143799,-0.6699095666408539,-0.17920937488520394,-0.09801197052001953,-0.8132761716842651,-0.23747012863600503,-0.117328941822052,-0.9658824801445007,-0.2767329449459339,0.05398225784301758,-0.4352855086326599,-0.11103124270880471,0.0877414345741272,-0.6303271055221558,-0.18038284132921945,0.09867870807647705,-0.7562986016273499,-0.21971543977701913,0.09650808572769165,-0.8808393478393555,-0.24059399316752206,0.1310233473777771,-0.35719066858291626,-0.12557875464403878,0.1788182258605957,-0.48687589168548584,-0.163995483021381,0.19948649406433105,-0.5785501003265381,-0.17008800158941995,0.2119937539100647,-0.6738617718219757,-0.17181400309050332
F,0.0,0.0,0.0,-0.0937613844871521,-0.04140162467956543,-0.08221429448025219,-0.20445877313613892,-0.10553967952728271,-0.15428848426239483,-0.2931615114212036,-0.15838170051574707,-0.221295951413083,-0.25897425413131714,-0.23903888463974,-0.2827775315512895,-0.13507598638534546,-0.4109504818916321,-0.0994390384425401,-0.20911985635757446,-0.5191959738731384,-0.2048481688966035,-0.23590651154518127,-0.420718789100647,-0.28276522319214337,-0.23472368717193604,-0.3215513229370117,-0.3237075940837144,-0.044543325901031494,-0.46024054288864136,-0.10103858123915188,-0.08772528171539307,-0.6731933951377869,-0.17961755256550305,-0.11175501346588135,-0.8178324103355408,-0.23981679837601177,-0.13116437196731567,-0.972230076789856,-0.2806974784602403,0.04551142454147339,-0.4367208480834961,-0.11453633617060177,0.07460248470306396,-0.6375679671764374,-0.18611320714848034,0.0836225152015686,-0.7628253102302551,-0.22906058888332836,0.08003127574920654,-0.8867317736148834,-0.25253297250168316,0.1257982850074768,-0.3573072552680969,-0.1326320008506059,0.17223894596099854,-0.48396414518356323,-0.1754174069632768,0.1919129490852356,-0.5751121044158936,-0.18588752906219952,0.202900230884552,-0.6716414988040924,-0.19027128677265637
F,0.0,0.0,0.0,-0.09511882066726685,-0.0400235652923584,-0.08432474955162661,-0.20653867721557617,-0.10511606931686401,-0.1575938559993233,-0.2945581078529358,-0.1601359248161316,-0.2255051530822243,-0.25507357716560364,-0.24963080883026123,-0.2880921162589516,-0.134177565574646,-0.4135775566101074,-0.10199110432705538,-0.2067183256149292,-0.5211834907531738,-0.20970823838553088,-0.23544719815254211,-0.4216389060020447,-0.28974423780283587,-0.2372930943965912,-0.32447493076324463,-0.3327404655440773,-0.044277966022491455,-0.46223390102386475,-0.10419576092800753,-0.08772855997085571,-0.6730993092060089,-0.1841477699502434,-0.11297804117202759,-0.8164371848106384,-0.2460487730725731,-0.1358230710029602,-0.9700524210929871,-0.28887427821001666,0.04488027095794678,-0.43527936935424805,-0.1187808014377083,0.07648658752441406,-0.6321331560611725,-0.19309369697413103,0.08584034442901611,-0.7567148208618164,-0.23874385132631915,0.07972049713134766,-0.8810063302516937,-0.26460171713671343,0.12415444850921631,-0.35195392370224,-0.13795278444132464,0.17393547296524048,-0.47712868452072144,-0.18531947805723803,0.1917426586151123,-0.5687470138072968,-0.1993719287141289,0.19716167449951172,-0.6667206287384033,-0.20666893794378893
F,0.0,0.0,0.0,-0.09482228755950928,-0.041684746742248535,-0.0798542420513968,-0.20671463012695312,-0.10932779312133789,-0.15054291441515488,-0.2958530783653259,-0.16807246208190918,-0.21688848688677353,-0.25300925970077515,-0.25442588329315186,-0.27779670014456315,-0.13361161947250366,-0.41442322731018066,-0.09316068097427888,-0.20355451107025146,-0.5214304327964783,-0.19897527947500748,-0.2354069948196411,-0.43346965312957764,-0.27836252703741593,-0.23929733037948608,-0.34507209062576294,-0.32160271658972306,-0.04536157846450806,-0.4630739092826843,-0.09787962540463013,-0.08746010065078735,-0.6733445525169373,-0.17452955200747056,-0.11229240894317627,-0.8187347948551178,-0.23372811033800645,-0.1333978772163391,-0.9710455536842346,-0.2747298027522902,0.04401522874832153,-0.43721121549606323,-0.11527016713694138,0.07540851831436157,-0.6337693929672241,-0.18741445198133988,0.08334177732467651,-0.7563793957233429,-0.23059230997637314,0.07550185918807983,-0.878788024187088,-0.2550842012412886,0.12530869245529175,-0.35435086488723755,-0.1373457308061461,0.17690330743789673,-0.47665005922317505,-0.18535040273741288,0.19429290294647217,-0.5684131681919098,-0.19974261477068467,0.19768482446670532,-0.66865274310112,-0.20695331647470994
F,0.0,0.0,0.0,-0.09536689519882202,-0.04455530643463135,-0.07947772517934482,-0.20732533931732178,-0.1124454140663147,-0.149904084952027,-0.2946108281612396,-0.1685694456100464,-0.215819669516236,-0.25087088346481323,-0.2529752850532532,-0.2757619746042792,-0.12910521030426025,-0.41380465030670166,-0.09612101093068759,-0.20305347442626953,-0.5212497115135193,-0.19794399812951724,-0.23621636629104614,-0.41989099979400635,-0.27323354557290713,-0.23978549242019653,-0.32384830713272095,-0.3140210933996741,-0.041803181171417236,-0.4607809782028198,-0.09906576350465457,-0.08767759799957275,-0.6703931391239166,-0.1761489488197867,-0.11431622505187988,-0.8158403933048248,-0.2343522734953467,-0.1364067792892456,-0.9715628027915955,-0.27459810450807254,0.04630249738693237,-0.4355349540710449,-0.11378628537192981,0.07499146461486816,-0.6329542398452759,-0.18475284949079196,0.08177924156188965,-0.7555447816848755,-0.22597418502107303,0.07356280088424683,-0.8772633373737335,-0.24882277622953097,0.12685543298721313,-0.3553147315979004,-0.13297903314366977,0.17744415998458862,-0.47984635829925537,-0.17715884521737735,0.19388312101364136,-0.5730800032615662,-0.18885330632463138,0.19662374258041382,-0.6721263825893402,-0.1945077009512488
F,0.0,0.0,0.0,-0.0984308123588562,-0.03762221336364746,-0.07641233187243301,-0.21331939101219177,-0.10383725166320801,-0.14503514450117905,-0.3039180338382721,-0.16392242908477783,-0.20998792033716995,-0.2562462389469147,-0.24820703268051147,-0.2692248640589412,-0.14317655563354492,-0.3999794125556946,-0.08809713702723343,-0.21053019165992737,-0.5112049579620361,-0.19060265701338608,-0.2382628321647644,-0.4279148578643799,-0.2670246778063472,-0.24003282189369202,-0.3404279351234436,-0.30846504550501663,-0.056590378284454346,-0.45122790336608887,-0.09290911685749847,-0.09978294372558594,-0.6606648862361908,-0.16740236859843094,-0.12519535422325134,-0.8037148118019104,-0.2258051453165706,-0.1472437083721161,-0.9554728269577026,-0.2665782986216243,0.03132516145706177,-0.4298590421676636,-0.10991950016543228,0.059569716453552246,-0.6286413669586182,-0.17909255307242233,0.06766301393508911,-0.7503346502780914,-0.22098385971113998,0.06035572290420532,-0.8729714155197144,-0.24504510741755325,0.11137664318084717,-0.3513898253440857,-0.13143375199362595,0.16175436973571777,-0.4746288061141968,-0.1758107809357341,0.18093538284301758,-0.5656081736087799,-0.18900374751612503,0.1873856782913208,-0.6645672619342804,-0.19601137619540054
F,0.0,0.0,0.0,-0.09929203987121582,-0.03682607412338257,-0.07232600685841817,-0.20813831686973572,-0.09766530990600586,-0.13672029462344426,-0.2927497625350952,-0.15127182006835938,-0.19734405961520451,-0.2552701532840729,-0.2336125373840332,-0.2527349093247153,-0.13767379522323608,-0.3909011483192444,-0.0827413746405341,-0.2028220295906067,-0.4946500062942505,-0.18163816121108312,-0.23299536108970642,-0.42409777641296387,-0.25619758155829686,-0.23752552270889282,-0.3446720242500305,-0.295828858881066,-0.05472785234451294,-0.4431324601173401,-0.08785999801642674,-0.09228962659835815,-0.6502158939838409,-0.15804938462264317,-0.11960268020629883,-0.791601836681366,-0.2109752991486289,-0.14413493871688843,-0.934946596622467,-0.24688732114321965,0.03140079975128174,-0.4235054850578308,-0.10496675458438176,0.06146979331970215,-0.6159012317657471,-0.16977202382571477,0.0665367841720581,-0.742278665304184,-0.20691601422316808,0.056340575218200684,-0.8647502064704895,-0.22740917888171452,0.11034500598907471,-0.3476678133010864,-0.12673985448367375,0.16306716203689575,-0.4668145179748535,-0.1673797020006873,0.1802067756652832,-0.5571241676807404,-0.17642417040354985,0.18347591161727905,-0.6521330773830414,-0.18005559828765172
F,0.0,0.0,0.0,-0.09900230169296265,-0.03491318225860596,-0.07615057585331897,-0.20889407396316528,-0.09669160842895508,-0.1420921927461336,-0.2979460656642914,-0.15049320459365845,-0.2044204866656969,-0.262052446603775,-0.23241299390792847,-0.2615292316446016,-0.14412841200828552,-0.39176613092422485,-0.07866813448760013,-0.20833900570869446,-0.48814451694488525,-0.18000743744465808,-0.2386760115623474,-0.41160839796066284,-0.2590549236306856,-0.24483996629714966,-0.32690346240997314,-0.30152394828888873,-0.06334424018859863,-0.44220608472824097,-0.08198320326897601,-0.10331332683563232,-0.6438883244991302,-0.15029286799523334,-0.1302722692489624,-0.784168541431427,-0.20493409988972644,-0.15505415201187134,-0.9255849123001099,-0.24270651695820789,0.02165013551712036,-0.4222957491874695,-0.09861138669344882,0.05124640464782715,-0.6115745306015015,-0.1614108329782198,0.05534851551055908,-0.7350738644599915,-0.20052666423413257,0.043335914611816406,-0.8538291454315186,-0.22315892038437823,0.09923720359802246,-0.34687745571136475,-0.1205758473047922,0.1537458896636963,-0.4632608890533447,-0.16041397509667377,0.17114579677581787,-0.5523533225059509,-0.17144992408844928,0.17392736673355103,-0.6459424197673798,-0.17691464183423022
F,0.0,0.0,0.0,-0.09733045101165771,-0.034774065017700195,-0.07400084312655508,-0.20538467168807983,-0.09423571825027466,-0.13784395929076254,-0.2898726463317871,-0.14735275506973267,-0.1974315869400698,-0.2536734342575073,-0.2339276671409607,-0.2520755308459002,-0.13860052824020386,-0.3868483901023865,-0.07841643716790259,-0.2018681764602661,-0.4815337657928467,-0.17763888116576254,-0.23427289724349976,-0.41184377670288086,-0.25466115053393423,-0.24409496784210205,-0.3343326449394226,-0.2960296946356493,-0.06039780378341675,-0.4361761808395386,-0.08223348136641562,-0.09755802154541016,-0.6355762183666229,-0.14837244923808157,-0.12607374787330627,-0.7725957036018372,-0.2008677053044039,-0.15371939539909363,-0.9093983173370361,-0.23734023447730124,0.023465096950531006,-0.4149770736694336,-0.09898024823166907,0.05496150255203247,-0.5978401303291321,-0.16106388743617117,0.05815225839614868,-0.7210929095745087,-0.20009576554991781,0.04509669542312622,-0.8401225805282593,-0.22275423284270346,0.09986799955368042,-0.33902978897094727,-0.12073390956618368,0.1532619595527649,-0.45626580715179443,-0.16111508782603323,0.1708686351776123,-0.5443361699581146,-0.17223563070990622,0.17404085397720337,-0.6378134191036224,-0.17774129684664786
F,0.0,0.0,0.0,-0.09922394156455994,-0.031087160110473633,-0.07162118368046322,-0.20574381947517395,-0.09384846687316895,-0.13235086612598934,-0.28944987058639526,-0.1459481120109558,-0.1898289065827612,-0.25877058506011963,-0.2289363145828247,-0.24213807694809475,-0.14489182829856873,-0.37745344638824463,-0.07185598872797527,-0.20519739389419556,-0.4728439450263977,-0.1685402434338812,-0.23484909534454346,-0.4010496139526367,-0.24421114139454403,-0.24104732275009155,-0.3222733736038208,-0.28480184488194027,-0.0668489933013916,-0.427021861076355,-0.07636721842186489,-0.10361579060554504,-0.6225811541080475,-0.13930760733978786,-0.12983489036560059,-0.7582536935806274,-0.19083005599873104,-0.15406787395477295,-0.8942418694496155,-0.22707178108589687,0.01590132713317871,-0.409545361995697,-0.09402797036068478,0.0457034707069397,-0.5903968214988708,-0.15257558636562862,0.04850935935974121,-0.706215888261795,-0.1898126345147375,0.0348629355430603,-0.8186729252338409,-0.21188153736488857,0.09252786636352539,-0.33846718072891235,-0.11693914644615688,0.14653146266937256,-0.45359575748443604,-0.1547024589051489,0.16494596004486084,-0.5390463471412659,-0.16501793675320187,0.1683037281036377,-0.6293237805366516,-0.170308325814176
F,0.0,0.0,0.0,-0.09566211700439453,-0.03405880928039551,-0.0688484379993497,-0.19600218534469604,-0.09958302974700928,-0.12638002577887164,-0.27746880054473877,-0.150415301322937,-0.18089920226202594,-0.24731415510177612,-0.22832238674163818,-0.23078772369490252,-0.14085006713867188,-0.3765643239021301,-0.06640809718237506,-0.2001953125,-0.4722054600715637,-0.16303569022284137,-0.2246759831905365,-0.4036463499069214,-0.23912164512739764,-0.22798889875411987,-0.32802486419677734,-0.2796287083970128,-0.0641101598739624,-0.4263193607330322,-0.07124128881559955,-0.10251104831695557,-0.6182620823383331,-0.13367715421782123,-0.12804707884788513,-0.7495243847370148,-0.18527692500219928,-0.15257778763771057,-0.8801136612892151,-0.22107636872397052,0.018283069133758545,-0.40978777408599854,-0.0892218345748006,0.046298205852508545,-0.5845632255077362,-0.14724291804895984,0.05062389373779297,-0.6989802420139313,-0.18451021555529223,0.039282023906707764,-0.8087222278118134,-0.2059619421111165,0.09361916780471802,-0.34036606550216675,-0.11231066975460635,0.1401919722557068,-0.45661646127700806,-0.14852154198752032,0.15771716833114624,-0.5387894511222839,-0.15754739884005176,0.16199302673339844,-0.6240132749080658,-0.16172370258436786
F,0.0,0.0,0.0,-0.09464484453201294,-0.034430742263793945,-0.06611508746792083,-0.19326627254486084,-0.101315438747406,-0.11984229703594451,-0.272879421710968,-0.15302056074142456,-0.17121436317611938,-0.24620336294174194,-0.22674912214279175,-0.21801865716625457,-0.1405797004699707,-0.3689556121826172,-0.057833405781281044,-0.19945436716079712,-0.46141350269317627,-0.1508590789620996,-0.22299715876579285,-0.3922209143638611,-0.2248554887359262,-0.2248086929321289,-0.316453218460083,-0.2640434565131784,-0.06571179628372192,-0.41778022050857544,-0.06352628638197189,-0.10448786616325378,-0.6058605313301086,-0.1204643013064981,-0.12827539443969727,-0.7331314086914062,-0.1682509692494989,-0.1498190462589264,-0.8588159084320068,-0.20159394164730315,0.014834225177764893,-0.4035733938217163,-0.08296883721996551,0.0396348237991333,-0.5728813111782074,-0.1375904442851663,0.04449969530105591,-0.6828593313694,-0.1730177613084436,0.03466367721557617,-0.7892994582653046,-0.19349097331215148,0.08911299705505371,-0.3374037742614746,-0.10768631716419463,0.1304020881652832,-0.44947612285614014,-0.14220464845348602,0.14924407005310059,-0.5276898443698883,-0.15001318474460845,0.1555129885673523,-0.6083968877792358,-0.15343091507602935
F,0.0,0.0,0.0,-0.09245485067367554,-0.03700518608093262,-0.06511766646553951,-0.18629229068756104,-0.10858327150344849,-0.11771948073555905,-0.26461273431777954,-0.16185492277145386,-0.16836140487839657,-0.23855853080749512,-0.23443561792373657,-0.2141936812226959,-0.1341080665588379,-0.3700598478317261,-0.05374280173828083,-0.19407060742378235,-0.46183234453201294,-0.14600216780354458,-0.21572312712669373,-0.3931252360343933,-0.220333257657785,-0.21521997451782227,-0.31839877367019653,-0.26004425619294125,-0.060771048069000244,-0.4184274673461914,-0.058606760544080316,-0.09940099716186523,-0.5989941954612732,-0.11566871587683636,-0.12403616309165955,-0.7252706587314606,-0.16469723914315182,-0.1467629075050354,-0.8509137034416199,-0.19915633831669766,0.018230557441711426,-0.40521758794784546,-0.07706301842381436,0.04161572456359863,-0.5714118480682373,-0.12952196036030728,0.04469799995422363,-0.6780025064945221,-0.16327271793534237,0.03326451778411865,-0.7805905938148499,-0.18303466771294552,0.09130799770355225,-0.34070491790771484,-0.10111103389908749,0.13178789615631104,-0.44942528009414673,-0.132977882367868,0.14762026071548462,-0.5253856182098389,-0.139872470838327,0.1514434814453125,-0.6033940613269806,-0.14300935898472744
F,0.0,0.0,0.0,-0.08879014849662781,-0.041843950748443604,-0.06267564100272693,-0.17914298176765442,-0.11343693733215332,-0.1140571470285181,-0.2550124526023865,-0.16807621717453003,-0.16379223865516224,-0.22954609990119934,-0.2375229001045227,-0.20918089252955951,-0.126583993434906,-0.3679817318916321,-0.05163809013612308,-0.1869388222694397,-0.4582143723964691,-0.1432167152786974,-0.20685335993766785,-0.39226531982421875,-0.21619521183021106,-0.204609215259552,-0.31784653663635254,-0.25445126098640003,-0.05408930778503418,-0.4153814911842346,-0.05741279301292934,-0.09431183338165283,-0.5953274965286255,-0.11373421651370563,-0.11833915114402771,-0.7181470096111298,-0.16019931537158527,-0.14067605137825012,-0.8393140435218811,-0.19197593730933704,0.024317502975463867,-0.40358221530914307,-0.07672199708468952,0.045483171939849854,-0.5684656798839569,-0.12918771904952564,0.04801809787750244,-0.6731170117855072,-0.1609161655331377,0.03661447763442993,-0.7743175327777863,-0.17858314615733661,0.09609514474868774,-0.340656578540802,-0.10141272944457569,0.13188999891281128,-0.4494926333427429,-0.13272522491462269,0.14730453491210938,-0.5245506167411804,-0.13782616061217823,0.15137213468551636,-0.6014655530452728,-0.13918532532699146
F,0.0,0.0,0.0,-0.0876537561416626,-0.04334723949432373,-0.05872444219048134,-0.1760798692703247,-0.11303985118865967,-0.10782154432590119,-0.2516199052333832,-0.16893231868743896,-0.15573075196797959,-0.22590884566307068,-0.2385934591293335,-0.19897392175252548,-0.12244415283203125,-0.35830992460250854,-0.04726628742272965,-0.18197152018547058,-0.4529817998409271,-0.1353570946222078,-0.20317715406417847,-0.3984718322753906,-0.20509041628892533,-0.20199161767959595,-0.3306906223297119,-0.24110282740647904,-0.0520591139793396,-0.40603840351104736,-0.051992499894453204,-0.09330195188522339,-0.5850010514259338,-0.10676654956395737,-0.11580729484558105,-0.7080723941326141,-0.14850443384702317,-0.13568174839019775,-0.8290946185588837,-0.17616325399930588,0.024555087089538574,-0.3972165584564209,-0.06973747692163101,0.04308849573135376,-0.5597118437290192,-0.11745988360698334,0.04721492528915405,-0.6647970080375671,-0.14127878627832047,0.03926342725753784,-0.7651479840278625,-0.1530461140638124,0.09472984075546265,-0.3376573324203491,-0.09311724982316605,0.12429672479629517,-0.4471900761127472,-0.11701105318124405,0.13803505897521973,-0.5213249921798706,-0.11527187905366532,0.1430833339691162,-0.5950782001018524,-0.11186622611339203
F,0.0,0.0,0.0,-0.08759921789169312,-0.04664909839630127,-0.05548070282901563,-0.17417007684707642,-0.11773377656936646,-0.10264281095231809,-0.24685710668563843,-0.17436957359313965,-0.14917421997751035,-0.2201949954032898,-0.2419859766960144,-0.19076148332322873,-0.11646944284439087,-0.35780012607574463,-0.0451726159569148,-0.1770307421684265,-0.45346540212631226,-0.12960908473695554,-0.19790804386138916,-0.3948912024497986,-0.1955017066117648,-0.1963895559310913,-0.32487380504608154,-0.22968498529161252,-0.0481162965297699,-0.40505874156951904,-0.0505800238367442,-0.08829686045646667,-0.5789092481136322,-0.10545077086652554,-0.1103346049785614,-0.6989957094192505,-0.14686938286985196,-0.13071349263191223,-0.8180848062038422,-0.17452726424897946,0.025418460369110107,-0.395998477935791,-0.06840950162376203,0.0457228422164917,-0.5558194816112518,-0.11651483834947385,0.05026882886886597,-0.6573572754859924,-0.14097034097875394,0.04196155071258545,-0.7548828721046448,-0.15336122275556363,0.09351146221160889,-0.33665382862091064,-0.09142400236095227,0.12639158964157104,-0.4431030750274658,-0.11711749346221723,0.13805967569351196,-0.5189636051654816,-0.11834881366456784,0.13936644792556763,-0.5954248309135437,-0.1171754589792613
F,0.0,0.0,0.0,-0.08792009949684143,-0.04560136795043945,-0.05258754690663636,-0.17557358741760254,-0.114108145236969,-0.09805704703109086,-0.24601471424102783,-0.17014557123184204,-0.14314466764705003,-0.21417784690856934,-0.2334635853767395,-0.18294082631842912,-0.11571258306503296,-0.3455226421356201,-0.04538961922304452,-0.1754995584487915,-0.44303473830223083,-0.1250870679833156,-0.19697430729866028,-0.38552629947662354,-0.18595357289092362,-0.19549572467803955,-0.3166884779930115,-0.21742944469229997,-0.04892793297767639,-0.39229816198349,-0.05035477181451142,-0.08706435561180115,-0.5614472925662994,-0.1026728530742389,-0.10689038038253784,-0.6787562668323517,-0.14042396893279374,-0.12469148635864258,-0.7969428300857544,-0.16603733649031938,0.021751344203948975,-0.38401365280151367,-0.06702781518475831,0.04341334104537964,-0.5408552289009094,-0.1127843414761287,0.04859650135040283,-0.637670487165451,-0.1344995503641826,0.04047638177871704,-0.7319788932800293,-0.14547273566500962,0.08737653493881226,-0.3263525366783142,-0.08874459614531816,0.12291347980499268,-0.4286164343357086,-0.1139641260124904,0.13502615690231323,-0.5031508803367615,-0.1155752544619304,0.13573813438415527,-0.5790588855743408,-0.11483220805899919
F,0.0,0.0,0.0,-0.08698943257331848,-0.043949246406555176,-0.05141736547807341,-0.1710399091243744,-0.11381441354751587,-0.09525268878201132,-0.23970535397529602,-0.1696144938468933,-0.13881407286385183,-0.2105666697025299,-0.23158514499664307,-0.17797432448128347,-0.1112162172794342,-0.3417830467224121,-0.04204061608174925,-0.1684281826019287,-0.4322042465209961,-0.12152778710583334,-0.18953073024749756,-0.37541693449020386,-0.18371405805805807,-0.18800222873687744,-0.30947345495224,-0.21624609436253195,-0.04507282376289368,-0.38736969232559204,-0.04816505293706541,-0.08196055889129639,-0.5530231595039368,-0.09874138589361792,-0.1023566722869873,-0.6672004163265228,-0.13695360328415518,-0.12118840217590332,-0.7806712090969086,-0.16295449043968802,0.025028645992279053,-0.37773239612579346,-0.06621244903067236,0.04583001136779785,-0.5321750044822693,-0.1122025957272399,0.05094033479690552,-0.6285191774368286,-0.13661387171009665,0.04252612590789795,-0.7222857177257538,-0.14952966179112082,0.09001767635345459,-0.31976109743118286,-0.08899353052834158,0.12549090385437012,-0.4218767583370209,-0.11578270401219015,0.13833212852478027,-0.49399787187576294,-0.11930369194010382,0.13887572288513184,-0.5678051710128784,-0.11989238466480856
F,0.0,0.0,0.0,-0.08735954761505127,-0.04461944103240967,-0.047532605019483753,-0.1713123619556427,-0.11094671487808228,-0.08882346191731472,-0.2381720244884491,-0.16632676124572754,-0.13053684869137783,-0.20922869443893433,-0.22275280952453613,-0.16810851731625576,-0.11084923148155212,-0.3310844302177429,-0.03593995982137699,-0.1672869324684143,-0.42150992155075073,-0.11327380874482174,-0.187402606010437,-0.37254977226257324,-0.17370488682118435,-0.18580925464630127,-0.31032562255859375,-0.2048067841800787,-0.04509764909744263,-0.37580543756484985,-0.04339815491167087,-0.07885819673538208,-0.5409810543060303,-0.09168232419816036,-0.09846299886703491,-0.6548073887825012,-0.12753399648991603,-0.11619466543197632,-0.7653660774230957,-0.15147618391839046,0.024484336376190186,-0.36762434244155884,-0.06278906205025692,0.04453200101852417,-0.5185612738132477,-0.10671950319138546,0.04772239923477173,-0.6141811609268188,-0.12920426764813442,0.03888612985610962,-0.7064990103244781,-0.14058271982995052,0.08902055025100708,-0.3119622468948364,-0.08683361300555248,0.12257188558578491,-0.41136986017227173,-0.11151594111052532,0.13471472263336182,-0.4822983145713806,-0.11344798841801662,0.13525164127349854,-0.5547269582748413,-0.11276751944151897
F,0.0,0.0,0.0,-0.0835886299610138,-0.04130864143371582,-0.05316527309187791,-0.1656588315963745,-0.11031949520111084,-0.0974942457891359,-0.23159563541412354,-0.1673487424850464,-0.14114371063479325,-0.19939380884170532,-0.2272372841835022,-0.18087419988879105,-0.10581240057945251,-0.3303379416465759,-0.04150541993149659,-0.16071295738220215,-0.41511091589927673,-0.1203468379593744,-0.1843879222869873,-0.36178475618362427,-0.1833452594495668,-0.1858770251274109,-0.2980910539627075,-0.21686941506632706,-0.04079630970954895,-0.3745235204696655,-0.04686661558517358,-0.07290923595428467,-0.5361950695514679,-0.09595224382647416,-0.09326618909835815,-0.6471543312072754,-0.13454538705119035,-0.11260274052619934,-0.7566480934619904,-0.16097964467772385,0.02737349271774292,-0.3648298978805542,-0.06435809405812165,0.04974246025085449,-0.5137277245521545,-0.10943207266100785,0.0528186559677124,-0.6083170771598816,-0.1348526340938463,0.042507708072662354,-0.6993797123432159,-0.1487453741050615,0.08956670761108398,-0.30853503942489624,-0.08673435570963761,0.12537312507629395,-0.4057007431983948,-0.11379920812615296,0.1379697322845459,-0.4754851460456848,-0.11845275881060502,0.13755828142166138,-0.5464341640472412,-0.11996483179100892
F,0.0,0.0,0.0,-0.08091616630554199,-0.04179328680038452,-0.04917168531238758,-0.15989375114440918,-0.1058739423751831,-0.09137233260690891,-0.22394835948944092,-0.1588282585144043,-0.1338601178270551,-0.20069950819015503,-0.21507227420806885,-0.17250469986021244,-0.10638934373855591,-0.3212786912918091,-0.03838200781166279,-0.1635459065437317,-0.40475010871887207,-0.11364476296722614,-0.18627393245697021,-0.34968650341033936,-0.1734978026491376,-0.1850363314151764,-0.28556251525878906,-0.20519693854868137,-0.041950613260269165,-0.36602604389190674,-0.0449095955830785,-0.07353386282920837,-0.5246298313140869,-0.09230675462305271,-0.09308791160583496,-0.6357980370521545,-0.12942419115125858,-0.11028274893760681,-0.7460638582706451,-0.15501346353113377,0.02422577142715454,-0.35818928480148315,-0.06302454236566746,0.045992374420166016,-0.5057093799114227,-0.10598177376806461,0.04864084720611572,-0.5981853902339935,-0.1295752889257642,0.03906291723251343,-0.6869837939739227,-0.14245455626070225,0.08490604162216187,-0.3039645552635193,-0.08583553049385273,0.12114906311035156,-0.3974841237068176,-0.11116699043333256,0.13382142782211304,-0.46679699420928955,-0.11497701618492329,0.13435524702072144,-0.5364680588245392,-0.11592265132486546
F,0.0,0.0,0.0,-0.07986196875572205,-0.042424678802490234,-0.05000260825795522,-0.1595277488231659,-0.10436397790908813,-0.09317383896154752,-0.2225581407546997,-0.15655702352523804,-0.13634168337625852,-0.19538447260856628,-0.21571767330169678,-0.17552269231123319,-0.10363471508026123,-0.31761032342910767,-0.04011473040623059,-0.1611860990524292,-0.3976646661758423,-0.11371482144636502,-0.18283411860466003,-0.33875954151153564,-0.17236516605657926,-0.1805097758769989,-0.27511024475097656,-0.20382485519689908,-0.03991496562957764,-0.360917329788208,-0.04547922294182172,-0.07234930992126465,-0.5151784121990204,-0.09272433053297391,-0.09063047170639038,-0.6233039498329163,-0.13001766036791196,-0.10668709874153137,-0.73154416680336,-0.1562137527350842,0.024913400411605835,-0.3522108793258667,-0.06212040390414586,0.0436612069606781,-0.4979490637779236,-0.10499667357248654,0.04697951674461365,-0.5888714492321014,-0.12887940536779752,0.03873351216316223,-0.6753219366073608,-0.14225181173128476,0.08426925539970398,-0.298714280128479,-0.08334901164812436,0.11740240454673767,-0.3913991451263428,-0.10924944262546887,0.12965360283851624,-0.4593477249145508,-0.1139594910625874,0.1297292411327362,-0.5268864929676056,-0.11573099325937619
F,0.0,0.0,0.0,-0.07891517877578735,-0.03912758827209473,-0.04789929509766466,-0.15658092498779297,-0.10128283500671387,-0.0891931210518635,-0.21839529275894165,-0.15401214361190796,-0.1305648092985905,-0.19181972742080688,-0.2091541886329651,-0.16811125025756724,-0.10340648889541626,-0.3098950982093811,-0.03846439764507181,-0.15942972898483276,-0.38765567541122437,-0.11237863496549494,-0.18118160963058472,-0.33566898107528687,-0.17076957271106608,-0.17929142713546753,-0.2751263976097107,-0.20166060373790629,-0.04286402463912964,-0.3526257872581482,-0.044655029183701345,-0.07429227232933044,-0.5062467455863953,-0.09187780365951426,-0.09311681985855103,-0.6141034066677094,-0.12801833496101267,-0.10936695337295532,-0.7204094529151917,-0.15280632720001108,0.01995372772216797,-0.3450549244880676,-0.06201852903373606,0.039116740226745605,-0.49097341299057007,-0.1052025039554394,0.04261589050292969,-0.5799557268619537,-0.12876240954406626,0.03436732292175293,-0.6654869616031647,-0.14150591239936716,0.07817620038986206,-0.29265815019607544,-0.08384895370014078,0.11234807968139648,-0.3852926790714264,-0.11026581422098047,0.12410575151443481,-0.45322346687316895,-0.11564803168781168,0.12349498271942139,-0.5216487050056458,-0.11766531363733179
F,0.0,0.0,0.0,-0.07779303193092346,-0.04078143835067749,-0.04960643339765625,-0.15397459268569946,-0.09981101751327515,-0.09231848109376983,-0.21560171246528625,-0.15165209770202637,-0.13486131120336609,-0.19143322110176086,-0.20790868997573853,-0.17401464868200378,-0.1019749641418457,-0.30920588970184326,-0.03806278694284515,-0.15605375170707703,-0.3831092119216919,-0.11290357101572113,-0.17668935656547546,-0.3348042368888855,-0.1732107012332733,-0.17566052079200745,-0.27661722898483276,-0.20547277320039825,-0.041874080896377563,-0.35177481174468994,-0.04364515308154182,-0.07337164878845215,-0.500846266746521,-0.09007146794212417,-0.09219172596931458,-0.6049778759479523,-0.12710513759267883,-0.10965847969055176,-0.707086592912674,-0.15295273650301056,0.021041959524154663,-0.3439454436302185,-0.06078285563600616,0.04074665904045105,-0.4849310517311096,-0.10338120747221069,0.04329100251197815,-0.5746328234672546,-0.1283242313922699,0.033591002225875854,-0.659620851278305,-0.1427038221420105,0.07874050736427307,-0.29131919145584106,-0.08257057357442932,0.11229643225669861,-0.3814236521720886,-0.1090032144249733,0.12290015816688538,-0.4490926265716553,-0.11528613258016662,0.12090864777565002,-0.5177377462387085,-0.11839419443023758
F,0.0,0.0,0.0,-0.07860955595970154,-0.03749120235443115,-0.0458764187045233,-0.15550723671913147,-0.09405595064163208,-0.08559158956481383,-0.21619999408721924,-0.14360743761062622,-0.1256721741504805,-0.1931055188179016,-0.19839602708816528,-0.1623259461469786,-0.10633474588394165,-0.2950878143310547,-0.03581959521247313,-0.16005229949951172,-0.3720032572746277,-0.10849697654916213,-0.17959973216056824,-0.32560551166534424,-0.16589711373521254,-0.1773141622543335,-0.2684686779975891,-0.19594625895692275,-0.04782190918922424,-0.337493896484375,-0.042318669611944415,-0.07897388935089111,-0.4869702160358429,-0.08791627501918242,-0.09760785102844238,-0.5907950401306152,-0.12275447463466094,-0.11442035436630249,-0.6930966079235077,-0.14661292498780654,0.013396263122558594,-0.3314715623855591,-0.060002972836031176,0.03200817108154297,-0.47155702114105225,-0.1023763320393698,0.03492492437362671,-0.5591090023517609,-0.12612935667706893,0.025912106037139893,-0.6420988440513611,-0.13911500340176985,0.0704125165939331,-0.2819945812225342,-0.0819787210769789,0.10451412200927734,-0.3719331622123718,-0.10789511864854262,0.11525434255599976,-0.43769019842147827,-0.11334127699805663,0.1131443977355957,-0.5037097036838531,-0.11555451666785643
F,0.0,0.0,0.0,-0.07599601149559021,-0.038227856159210205,-0.052531127465016425,-0.1521519124507904,-0.09286391735076904,-0.0965016899826594,-0.2115466594696045,-0.14075762033462524,-0.13941029889608103,-0.18676519393920898,-0.1970369815826416,-0.17884581966424662,-0.10211578011512756,-0.29942744970321655,-0.043077238482482016,-0.1566568911075592,-0.36977720260620117,-0.11714463366294581,-0.17481082677841187,-0.30972009897232056,-0.1769142715456553,-0.17313900589942932,-0.24556821584701538,-0.20905334932828623,-0.043947458267211914,-0.3392558693885803,-0.046913300287968696,-0.0745019018650055,-0.4812565743923187,-0.0933332039239474,-0.09440135955810547,-0.5808632671833038,-0.13272200210118967,-0.11451804637908936,-0.6787158846855164,-0.16096870286489207,0.016787171363830566,-0.3299722671508789,-0.06202662794018465,0.03641253709793091,-0.463998019695282,-0.10539396537566859,0.03676307201385498,-0.5523535907268524,-0.13435625715280253,0.02463984489440918,-0.6350314319133759,-0.1520078150751658,0.07213199138641357,-0.2788844704627991,-0.08152113540197092,0.10590577125549316,-0.365861177444458,-0.1093616901161738,0.11457347869873047,-0.43174874782562256,-0.11847377253795344,0.10989642143249512,-0.49777188897132874,-0.1239723680737086
F,0.0,0.0,0.0,-0.07691371440887451,-0.03441554307937622,-0.04847619013415283,-0.15389513969421387,-0.08790922164916992,-0.08987447695361084,-0.21383601427078247,-0.13785433769226074,-0.1303091354809851,-0.18781834840774536,-0.19419026374816895,-0.16673581378088898,-0.1070290207862854,-0.2866719365119934,-0.042624478056296766,-0.1608458161354065,-0.36377179622650146,-0.11302569584475464,-0.17517241835594177,-0.30922651290893555,-0.1677149541817755,-0.16917142271995544,-0.2483188509941101,-0.19642843381987518,-0.05032965540885925,-0.3287433981895447,-0.04652102740035957,-0.0830666720867157,-0.4700883626937866,-0.09187994973288482,-0.10147595405578613,-0.5688861310482025,-0.12688905076609558,-0.11899548768997192,-0.6673052608966827,-0.1514728523932547,0.00952175259590149,-0.3232541084289551,-0.0609032221280188,0.027583926916122437,-0.45893099904060364,-0.10291390941964096,0.02943435311317444,-0.5435532927513123,-0.1276844151459784,0.01947811245918274,-0.624131590127945,-0.14203377143965668,0.06526806950569153,-0.2753104567527771,-0.0793859668217749,0.0981282889842987,-0.3615970015525818,-0.10623204784022278,0.10701176524162292,-0.42669200897216797,-0.11381195561514801,0.10346195101737976,-0.49256646633148193,-0.11785319523440307
F,0.0,0.0,0.0,-0.07565638422966003,-0.033744633197784424,-0.04804544630420082,-0.15015572309494019,-0.08573049306869507,-0.08808996635448807,-0.20595455169677734,-0.13319545984268188,-0.1272296692706334,-0.18144801259040833,-0.19207555055618286,-0.16307585793506973,-0.10239654779434204,-0.28427761793136597,-0.0400235030330407,-0.15398675203323364,-0.35837322473526,-0.1108342121816861,-0.16935762763023376,-0.3060927987098694,-0.16720458227169388,-0.16521570086479187,-0.24811089038848877,-0.1972381706811177,-0.04634317755699158,-0.3243825435638428,-0.044968397495864565,-0.07613760232925415,-0.4633481502532959,-0.0889332454181897,-0.09562665224075317,-0.5591397285461426,-0.12523958939087265,-0.11538964509963989,-0.6533781886100769,-0.15111590283882492,0.013294786214828491,-0.3174747824668884,-0.06060845511925095,0.03009033203125,-0.4483736753463745,-0.10272533553612107,0.03078445792198181,-0.5347952544689178,-0.13019897895824784,0.01965060830116272,-0.6166073977947235,-0.14682223754894608,0.06874263286590576,-0.2698604464530945,-0.08022377747070664,0.10001921653747559,-0.3551822304725647,-0.10797844934236878,0.10841715335845947,-0.4185248017311096,-0.11662239688408249,0.10401475429534912,-0.4820933938026428,-0.12162738400471085
F,0.0,0.0,0.0,-0.07287901639938354,-0.03236645460128784,-0.04971845406716113,-0.14636942744255066,-0.08438616991043091,-0.09035956818287616,-0.20243680477142334,-0.13253730535507202,-0.12941914010470157,-0.17834031581878662,-0.19100463390350342,-0.1648252527756,-0.09987595677375793,-0.2812280058860779,-0.0427566427332664,-0.15164926648139954,-0.353435754776001,-0.1113248165292049,-0.16889265179634094,-0.2979167699813843,-0.16526491153662448,-0.16575703024864197,-0.23859649896621704,-0.19405587721293216,-0.04497930407524109,-0.32138490676879883,-0.045909538452079346,-0.07635918259620667,-0.4585028886795044,-0.08983448851530795,-0.09620913863182068,-0.5520970523357391,-0.12478122818892246,-0.11570587754249573,-0.645363450050354,-0.14942301023428683,0.013165086507797241,-0.31421297788619995,-0.05949108633821254,0.03060212731361389,-0.44430863857269287,-0.10176400798981433,0.030914276838302612,-0.5286146104335785,-0.12846858013098483,0.0190466046333313,-0.6085516214370728,-0.14424420106833225,0.06714901328086853,-0.265936017036438,-0.0770133580607677,0.09995284676551819,-0.34979161620140076,-0.10507013607447391,0.10817280411720276,-0.4125717580318451,-0.11399996239369159,0.10289070010185242,-0.47534435987472534,-0.11904226202194934
F,0.0,0.0,0.0,-0.07387393712997437,-0.032897114753723145,-0.044787322033798205,-0.14661696553230286,-0.08462393283843994,-0.08333750893608283,-0.20092225074768066,-0.13500487804412842,-0.12138336231247138,-0.17562896013259888,-0.19429779052734375,-0.15592151959673117,-0.10114985704421997,-0.2766926884651184,-0.03695276458994101,-0.15213653445243835,-0.35105326771736145,-0.10278458972707938,-0.1691519320011139,-0.3027554750442505,-0.1549024738861675,-0.16498994827270508,-0.24780422449111938,-0.1829748012615795,-0.04739353060722351,-0.31792503595352173,-0.04221847732797812,-0.07943660020828247,-0.4538634419441223,-0.08412189861074637,-0.09850853681564331,-0.54695063829422,-0.1174710102869625,-0.11622929573059082,-0.6393830180168152,-0.14115254660383414,0.01008296012878418,-0.31301558017730713,-0.05760281984940718,0.02519121766090393,-0.44357752799987793,-0.0976692073537464,0.025822967290878296,-0.5262961983680725,-0.12254426707760047,0.015236109495162964,-0.6045624911785126,-0.13742552777067374,0.06459814310073853,-0.2674517035484314,-0.07673630197778891,0.09485995769500732,-0.35226041078567505,-0.10318888058201026,0.10264557600021362,-0.4147067666053772,-0.11124603529707144,0.09774374961853027,-0.47729742527008057,-0.11591576864258002
F,0.0,0.0,0.0,-0.07226988673210144,-0.03194832801818848,-0.048456563895996396,-0.14383354783058167,-0.08308398723602295,-0.08825807580953438,-0.19853949546813965,-0.1294238567352295,-0.1266239688754638,-0.17561155557632446,-0.18636155128479004,-0.16168655017619926,-0.09900534152984619,-0.27562063932418823,-0.041931300705726926,-0.15065732598304749,-0.3446020483970642,-0.10845335880523521,-0.16841229796409607,-0.29086601734161377,-0.16082888404136497,-0.16673168540000916,-0.23226004838943481,-0.18886324325805504,-0.04554101824760437,-0.31514596939086914,-0.0457140908599456,-0.07628846168518066,-0.4500563144683838,-0.0873410285473426,-0.09686362743377686,-0.5409144759178162,-0.12147400090699989,-0.11759448051452637,-0.6298226714134216,-0.1460292295575698,0.011356711387634277,-0.30858147144317627,-0.05972718382483322,0.026592642068862915,-0.43596601486206055,-0.09960930356984932,0.025821596384048462,-0.5190288722515106,-0.12631062725787956,0.013615429401397705,-0.5966069996356964,-0.14296060363059837,0.06417253613471985,-0.26207804679870605,-0.07766860286002952,0.09421566128730774,-0.3443226218223572,-0.10446844557529289,0.10147395730018616,-0.4064365327358246,-0.11377953300481636,0.09553113579750061,-0.46835458278656006,-0.11963422158962089
F,0.0,0.0,0.0,-0.07158166170120239,-0.031185567378997803,-0.046030548880281685,-0.1416977047920227,-0.08261871337890625,-0.08437338984984422,-0.19407778978347778,-0.12999862432479858,-0.12187248981970811,-0.17082899808883667,-0.18707621097564697,-0.1559274918534186,-0.09812748432159424,-0.2715657353401184,-0.038359982440653084,-0.14797210693359375,-0.3420405387878418,-0.10390866316336655,-0.16454824805259705,-0.29102009534835815,-0.155685228774729,-0.16117924451828003,-0.2343931794166565,-0.18358815974968934,-0.04528164863586426,-0.31132417917251587,-0.043221937040271996,-0.0762300193309784,-0.44434505701065063,-0.08516705549735093,-0.09569284319877625,-0.5357000827789307,-0.11969063199538255,-0.11390659213066101,-0.6259751319885254,-0.14443021781224274,0.010935366153717041,-0.3054490089416504,-0.058113092104377984,0.02604210376739502,-0.4324697256088257,-0.09827779747027421,0.025849461555480957,-0.5134426355361938,-0.12423746056336427,0.014583557844161987,-0.5902641713619232,-0.14016981191414857,0.06427985429763794,-0.2599174380302429,-0.07679741598147416,0.09459084272384644,-0.3422747850418091,-0.10359404004591966,0.10222697257995605,-0.40314781665802,-0.11235940969962144,0.0967400074005127,-0.4649614095687866,-0.11773041404265427
F,0.0,0.0,0.0,-0.07294461131095886,-0.029122233390808105,-0.04819659583392877,-0.14453455805778503,-0.08013492822647095,-0.08765662528696794,-0.19582167267799377,-0.12950843572616577,-0.12569053538265962,-0.16975843906402588,-0.18977338075637817,-0.15995705194893617,-0.10195493698120117,-0.2660823464393616,-0.042260476128490154,-0.1497240662574768,-0.3408419191837311,-0.10733591087284822,-0.16190117597579956,-0.2910141348838806,-0.15767754681530732,-0.1555216908454895,-0.23573541641235352,-0.18449561365071077,-0.048467278480529785,-0.3054945468902588,-0.04582670398178834,-0.08007511496543884,-0.43795332312583923,-0.08706004239741105,-0.09910479187965393,-0.5275945663452148,-0.12064689464989442,-0.11747032403945923,-0.6184238791465759,-0.14484697647515077,0.008058249950408936,-0.30079108476638794,-0.059401784763963406,0.02067539095878601,-0.4273942708969116,-0.09879914738360185,0.020502716302871704,-0.506138026714325,-0.12407492168370027,0.009960830211639404,-0.5810723900794983,-0.13969399102154512,0.06198433041572571,-0.25774264335632324,-0.07696396924677629,0.08931335806846619,-0.3403950333595276,-0.10355658151331681,0.09706196188926697,-0.4003784656524658,-0.11229320682707566,0.09327194094657898,-0.4610844552516937,-0.11763838000717897
F,0.0,0.0,0.0,-0.07256114482879639,-0.030815601348876953,-0.047656836596956964,-0.14184394478797913,-0.08154571056365967,-0.08679769435309481,-0.19360938668251038,-0.12841582298278809,-0.12493578591727328,-0.16971179842948914,-0.18452566862106323,-0.16000022986315798,-0.09832283854484558,-0.2660924196243286,-0.040417286244860406,-0.14685621857643127,-0.33750611543655396,-0.1063466394820125,-0.1621880829334259,-0.28830486536026,-0.15814865627669406,-0.15924277901649475,-0.23267090320587158,-0.1858245829620273,-0.046365886926651,-0.30515313148498535,-0.044157731024256464,-0.07650265097618103,-0.4355633854866028,-0.08544877418660235,-0.0964231789112091,-0.5241215229034424,-0.1199342260637195,-0.11677670478820801,-0.6124910712242126,-0.14477082589053225,0.008992105722427368,-0.30055099725723267,-0.058028815922966714,0.02247747778892517,-0.4248862862586975,-0.0972407931961925,0.021814346313476562,-0.5054910778999329,-0.12413034835242343,0.01035696268081665,-0.5806823968887329,-0.14099080362700533,0.06076058745384216,-0.2577824592590332,-0.07583547630690646,0.08869180083274841,-0.33923250436782837,-0.10183640816592288,0.09563478827476501,-0.39953064918518066,-0.1113684947171123,0.0909910500049591,-0.4592408537864685,-0.11755930134438586
F,0.0,0.0,0.0,-0.07078978419303894,-0.027522385120391846,-0.04642022381314348,-0.1397761106491089,-0.07836127281188965,-0.08418951908835481,-0.19231358170509338,-0.12501972913742065,-0.12090594301709245,-0.16891297698020935,-0.17912417650222778,-0.15424151698836397,-0.09959426522254944,-0.26044225692749023,-0.038934953312960374,-0.14709460735321045,-0.33249616622924805,-0.10233736763485979,-0.16207405924797058,-0.2850775718688965,-0.15159432570227693,-0.15826261043548584,-0.23072636127471924,-0.17769773284682344,-0.04789531230926514,-0.29943519830703735,-0.042390290449944246,-0.07840773463249207,-0.42965853214263916,-0.08192015419491838,-0.09738495945930481,-0.5177120864391327,-0.11368846873530458,-0.11602029204368591,-0.6059620380401611,-0.136307790677634,0.007311135530471802,-0.295504629611969,-0.05579157153853487,0.020573705434799194,-0.4198352098464966,-0.09353505055197786,0.01996767520904541,-0.49861884117126465,-0.11793357114085268,0.008669465780258179,-0.5730827450752258,-0.13285985569247316,0.05946633219718933,-0.25390326976776123,-0.07313968221434664,0.087251216173172,-0.3344547152519226,-0.0979513002444179,0.09454724192619324,-0.39408645033836365,-0.10613425056227754,0.09030118584632874,-0.4540395438671112,-0.11117748896369051
F,0.0,0.0,0.0,-0.06989404559135437,-0.029827892780303955,-0.04577920134680369,-0.13723307847976685,-0.07932865619659424,-0.0833952232779751,-0.1873425841331482,-0.12426704168319702,-0.12007329161779978,-0.16435647010803223,-0.17928707599639893,-0.15344362254755595,-0.09652897715568542,-0.2612224221229553,-0.039214368122983956,-0.1436750888824463,-0.3317292630672455,-0.1037078380169163,-0.15641865134239197,-0.28467267751693726,-0.15332901771681406,-0.15180447697639465,-0.230155348777771,-0.17922200556414225,-0.04469415545463562,-0.29917842149734497,-0.043281442630458855,-0.07423162460327148,-0.429948627948761,-0.08357262160198786,-0.09329107403755188,-0.5178068280220032,-0.11630363311188319,-0.11324626207351685,-0.6046328544616699,-0.13955141897814372,0.010364919900894165,-0.2947102189064026,-0.057245417642761254,0.023982584476470947,-0.417586088180542,-0.09529538001434901,0.023018330335617065,-0.49544355273246765,-0.12060065861361124,0.010615646839141846,-0.5674599409103394,-0.13619704838411906,0.062245965003967285,-0.253226101398468,-0.07507150914089777,0.09068512916564941,-0.3326427936553955,-0.10017919834272959,0.0972445011138916,-0.39114296436309814,-0.10897383387701609,0.09159314632415771,-0.4489138722419739,-0.11440929319279292
F,0.0,0.0,0.0,-0.07236501574516296,-0.028904259204864502,-0.04201541362294847,-0.14044684171676636,-0.07901376485824585,-0.07776372773537332,-0.18915227055549622,-0.12467116117477417,-0.11324640257248575,-0.1647404432296753,-0.17831271886825562,-0.14549504114279443,-0.09804609417915344,-0.25813448429107666,-0.03482033951172525,-0.1436128318309784,-0.32723015546798706,-0.09601213676819498,-0.15690955519676208,-0.2815049886703491,-0.14386506272444421,-0.15195390582084656,-0.22890686988830566,-0.16922265185007745,-0.04752451181411743,-0.2964353561401367,-0.04009811101445848,-0.07790201902389526,-0.42411959171295166,-0.077532476614806,-0.09672507643699646,-0.5106364488601685,-0.10752563817391092,-0.11459922790527344,-0.5971440970897675,-0.12895378364214594,0.0066201090812683105,-0.29236745834350586,-0.05498054144868547,0.01904544234275818,-0.41531985998153687,-0.09063603622803384,0.01960468292236328,-0.4908939003944397,-0.11292058868298227,0.009978681802749634,-0.5612332820892334,-0.1265439380515545,0.05802842974662781,-0.25071990489959717,-0.0736233208883732,0.08564338088035583,-0.3293370008468628,-0.09720334304461176,0.09334865212440491,-0.3872341513633728,-0.10413699490914041,0.09003707766532898,-0.4448639750480652,-0.10819808287510568
F,0.0,0.0,0.0,-0.06957191228866577,-0.029249608516693115,-0.043539625732734066,-0.13441544771194458,-0.08001786470413208,-0.0789861987815641,-0.18243101239204407,-0.12399762868881226,-0.11378438132865654,-0.16513758897781372,-0.17578303813934326,-0.14554515588147865,-0.09520214796066284,-0.2580254077911377,-0.03628922360999809,-0.14060023427009583,-0.3265387713909149,-0.09874977278573738,-0.15591952204704285,-0.277506947517395,-0.1476691375957273,-0.15317773818969727,-0.2232990264892578,-0.173571081040933,-0.04420405626296997,-0.2946595549583435,-0.04122633594138847,-0.0734834372997284,-0.42224109172821045,-0.08012906569106804,-0.09239143133163452,-0.5092231035232544,-0.11233353721959816,-0.11113616824150085,-0.5959747135639191,-0.13523918497426735,0.01007428765296936,-0.2891216278076172,-0.055769284396006924,0.02377009391784668,-0.4104424715042114,-0.09316094326837288,0.022605538368225098,-0.48644566535949707,-0.11781799155338035,0.010229796171188354,-0.5581099689006805,-0.1329679052816175,0.06162789463996887,-0.2477269172668457,-0.07397264349324928,0.09019175171852112,-0.3250750005245209,-0.0990609611855291,0.09724536538124084,-0.38291558623313904,-0.10731428223712669,0.09275409579277039,-0.4416382312774658,-0.1122382517443441
F,0.0,0.0,0.0,-0.07116523385047913,-0.02792501449584961,-0.048292432544343455,-0.13955408334732056,-0.07890814542770386,-0.08682479393254994,-0.1893477439880371,-0.12549471855163574,-0.12395735513936756,-0.16442328691482544,-0.17890149354934692,-0.1576668364978957,-0.0973837673664093,-0.2569900155067444,-0.041091085044257625,-0.1419256329536438,-0.3249468207359314,-0.10414053928624867,-0.1560424566268921,-0.27447038888931274,-0.15348419976007222,-0.15300911664962769,-0.2200128436088562,-0.1798618329740691,-0.04584100842475891,-0.2948915362358093,-0.043335412261598094,-0.07562121748924255,-0.4201126992702484,-0.08269648682843922,-0.09423631429672241,-0.5067065358161926,-0.11519743931066273,-0.11274564266204834,-0.5946442484855652,-0.138752956507318,0.008107900619506836,-0.2900630831718445,-0.05547685977589367,0.020176023244857788,-0.40868109464645386,-0.09245866966020344,0.01962488889694214,-0.4839147627353668,-0.11725222003232716,0.008668690919876099,-0.5540588200092316,-0.13282904457818745,0.05848759412765503,-0.24879539012908936,-0.07176392209302662,0.0852627158164978,-0.3248365521430969,-0.0962548000789809,0.09170359373092651,-0.3825621008872986,-0.10525350701581715,0.08690381050109863,-0.44004255533218384,-0.11117519122134922
F,0.0,0.0,0.0,-0.0712345540523529,-0.028011202812194824,-0.04639501727714901,-0.137838214635849,-0.07870203256607056,-0.08400325707688694,-0.186092346906662,-0.12291222810745239,-0.12086844674840336,-0.16185975074768066,-0.17663753032684326,-0.15472270778909092,-0.09586140513420105,-0.2583993077278137,-0.037690127711442756,-0.14167660474777222,-0.322060227394104,-0.10364484272494678,-0.1568356156349182,-0.2750236392021179,-0.15572613708272343,-0.15449056029319763,-0.22103959321975708,-0.18351064852967625,-0.04551801085472107,-0.2946743965148926,-0.042147076200393485,-0.07604724168777466,-0.4194709062576294,-0.0824249111820734,-0.09428271651268005,-0.5059112906455994,-0.11621649793877964,-0.11242881417274475,-0.5919481515884399,-0.14045875005021458,0.008517056703567505,-0.28865522146224976,-0.05687252662673359,0.020249396562576294,-0.40518897771835327,-0.09483351789012318,0.01889348030090332,-0.4806784391403198,-0.12028671286597614,0.006829172372817993,-0.5511894524097443,-0.13635282449021702,0.05933466553688049,-0.24619483947753906,-0.07575228295817737,0.08618059754371643,-0.3210884928703308,-0.10152497373118763,0.09178689122200012,-0.37770897150039673,-0.1107132681418932,0.08554390072822571,-0.4348304271697998,-0.11659294597401981
F,0.0,0.0,0.0,-0.07027187943458557,-0.028115153312683105,-0.041615594972839176,-0.13675367832183838,-0.07857632637023926,-0.07596457829045278,-0.18472036719322205,-0.12533581256866455,-0.11014506300257665,-0.15955612063407898,-0.1783795952796936,-0.14098745663928014,-0.09778779745101929,-0.2534918785095215,-0.03195584644841176,-0.14226630330085754,-0.32401347160339355,-0.09314619084166509,-0.15247446298599243,-0.280922532081604,-0.14072237988280278,-0.14563420414924622,-0.22987353801727295,-0.16546598156260472,-0.046766072511672974,-0.29076921939849854,-0.037260302205552875,-0.07480418682098389,-0.4171358346939087,-0.07360040475892049,-0.09206843376159668,-0.5028124451637268,-0.10306904544400197,-0.1087721586227417,-0.5866798758506775,-0.12389258374737722,0.0075598955154418945,-0.2867708206176758,-0.052474547971954166,0.018495798110961914,-0.4064038395881653,-0.08734136154221517,0.01801183819770813,-0.4808593690395355,-0.10966642280386907,0.007914692163467407,-0.5500883758068085,-0.12321186890171987,0.059561312198638916,-0.24658310413360596,-0.07155767162608129,0.08545893430709839,-0.3224821090698242,-0.0948563449578188,0.09193480014801025,-0.3789524734020233,-0.10213209023045522,0.08749604225158691,-0.4354878067970276,-0.10624945988224965
F,0.0,0.0,0.0,-0.07111582159996033,-0.028421759605407715,-0.04311983258703833,-0.13694849610328674,-0.07879561185836792,-0.07860595704296713,-0.1840137243270874,-0.1259913444519043,-0.11371985794285422,-0.15635743737220764,-0.1763959527015686,-0.1457195055601943,-0.09614801406860352,-0.2576277256011963,-0.0326683704672206,-0.14048710465431213,-0.32355111837387085,-0.09484654636362677,-0.1518818438053131,-0.2799321413040161,-0.1437472772715438,-0.14683449268341064,-0.2289642095565796,-0.16951496125439292,-0.04545840620994568,-0.2940029501914978,-0.038023676436935716,-0.07406893372535706,-0.418716162443161,-0.07409805775860434,-0.09201309084892273,-0.5038197040557861,-0.10455448151806479,-0.10979855060577393,-0.5866771936416626,-0.12642744899967795,0.009099423885345459,-0.28792691230773926,-0.05345720396617537,0.019302040338516235,-0.40469926595687866,-0.08838443429449683,0.01851719617843628,-0.48050177097320557,-0.11202934355715399,0.007607251405715942,-0.5512129962444305,-0.1268710565684188,0.06060069799423218,-0.24543559551239014,-0.07285068155506735,0.08566474914550781,-0.32158708572387695,-0.09639473975876456,0.092349112033844,-0.3780246376991272,-0.10416928650120383,0.08807587623596191,-0.4350363612174988,-0.10892686964253073
F,0.0,0.0,0.0,-0.07083889842033386,-0.027515769004821777,-0.04232979334267384,-0.13612091541290283,-0.07773995399475098,-0.07715693629654652,-0.18081313371658325,-0.12518411874771118,-0.11178071565302616,-0.15466177463531494,-0.17783862352371216,-0.14332644409807926,-0.09562802314758301,-0.2566155791282654,-0.030885681056702197,-0.13839086890220642,-0.32007676362991333,-0.09337412334355122,-0.1517212986946106,-0.27708321809768677,-0.14324363834532505,-0.14805001020431519,-0.22711563110351562,-0.16978163785609013,-0.04529774188995361,-0.2937619090080261,-0.036717010208690226,-0.07243004441261292,-0.41688135266304016,-0.0733679658857227,-0.09026789665222168,-0.5023324489593506,-0.10432450986775166,-0.1076795756816864,-0.5859857201576233,-0.1264533079353214,0.008383780717849731,-0.2887517809867859,-0.052754336514794886,0.021056324243545532,-0.4056195914745331,-0.08861114598187214,0.0206315815448761,-0.48030364513397217,-0.11256371951969868,0.008940577507019043,-0.5506338179111481,-0.12732502586516148,0.05970197916030884,-0.24678629636764526,-0.07269145316752201,0.08669155836105347,-0.3227893114089966,-0.09742410249384648,0.09328222274780273,-0.3788166642189026,-0.10570007331045872,0.08766931295394897,-0.4352482557296753,-0.11056019134196049
F,0.0,0.0,0.0,-0.06885313987731934,-0.027417302131652832,-0.043606655533054095,-0.13396316766738892,-0.07759368419647217,-0.07919177957866452,-0.18239933252334595,-0.12343496084213257,-0.11428712108228467,-0.159719318151474,-0.17640537023544312,-0.1465025002608087,-0.0918477475643158,-0.2537378668785095,-0.034003646905162555,-0.1368541121482849,-0.31999772787094116,-0.09656801619622968,-0.15221098065376282,-0.2780425548553467,-0.1459282393107202,-0.14965516328811646,-0.22800415754318237,-0.1721938902983453,-0.042778581380844116,-0.2908262014389038,-0.038604101026990634,-0.0710572600364685,-0.4152265787124634,-0.07575508006904386,-0.08875119686126709,-0.4999614357948303,-0.10664261677358411,-0.10609310865402222,-0.5829863548278809,-0.12876514145229123,0.0102882981300354,-0.2857050895690918,-0.05318216779325269,0.02203872799873352,-0.4028133749961853,-0.08896263488624356,0.021564871072769165,-0.47799599170684814,-0.11289949514959119,0.010242998600006104,-0.548748105764389,-0.1278850639710214,0.0606650710105896,-0.2441561222076416,-0.07168344208095334,0.08807456493377686,-0.31920158863067627,-0.09609411456678174,0.09484398365020752,-0.37498939037323,-0.10453198649976514,0.08979779481887817,-0.43131059408187866,-0.10974318333957456
F,0.0,0.0,0.0,-0.06869283318519592,-0.028961360454559326,-0.04653206433977175,-0.13400760293006897,-0.08016788959503174,-0.08412794735158968,-0.18378415703773499,-0.1247028112411499,-0.1207494806858449,-0.16532504558563232,-0.17344725131988525,-0.15457786586011935,-0.0906757116317749,-0.25633013248443604,-0.03801393847788859,-0.13628995418548584,-0.319116473197937,-0.1044695821019559,-0.15111395716667175,-0.2734781503677368,-0.1569266315909772,-0.1487053632736206,-0.2207169532775879,-0.18456280197824526,-0.03990650177001953,-0.29158174991607666,-0.041713714263096335,-0.06759804487228394,-0.414584219455719,-0.0823750790568738,-0.08500060439109802,-0.4999331533908844,-0.11544496532405901,-0.10297513008117676,-0.5836800932884216,-0.13865029778207827,0.013784408569335938,-0.28409016132354736,-0.05572683703030634,0.026712357997894287,-0.39934736490249634,-0.09431575950111437,0.026723891496658325,-0.47449833154678345,-0.11927320029462862,0.01562488079071045,-0.5456465780735016,-0.1343038823815732,0.06324809789657593,-0.2406315803527832,-0.0737698372813611,0.09091341495513916,-0.31575602293014526,-0.09930873628582049,0.09830719232559204,-0.3711549937725067,-0.10769023712600756,0.09373247623443604,-0.4275386333465576,-0.11262959953273821
F,0.0,0.0,0.0,-0.0675097107887268,-0.033206284046173096,-0.04210633624650484,-0.1312192678451538,-0.08349114656448364,-0.07738429520584589,-0.18111732602119446,-0.12418919801712036,-0.1117804891274119,-0.17131146788597107,-0.17541712522506714,-0.14366913799501901,-0.08507019281387329,-0.2588149905204773,-0.0371773487732554,-0.1335066258907318,-0.3215906023979187,-0.10037204090811258,-0.15348070859909058,-0.27939462661743164,-0.15031659070707803,-0.1556386947631836,-0.22831910848617554,-0.17677075628496652,-0.03607913851737976,-0.2923724055290222,-0.042130997668280656,-0.06388872861862183,-0.4169313311576843,-0.08099448893524652,-0.08075287938117981,-0.5017571151256561,-0.11173607621647363,-0.0977436900138855,-0.5820425450801849,-0.13350568179346567,0.015462309122085571,-0.282926082611084,-0.0566182604835177,0.03196755051612854,-0.3984062075614929,-0.09365793530203348,0.033211201429367065,-0.4744853973388672,-0.11735338930346018,0.023108184337615967,-0.5452289283275604,-0.13195834521509653,0.0620933473110199,-0.2367885708808899,-0.07464459006048685,0.09320423007011414,-0.3095221519470215,-0.10025362138010507,0.10058215260505676,-0.36640191078186035,-0.10867727760530954,0.09570750594139099,-0.4239235520362854,-0.11368417207457071
F,0.0,0.0,0.0,-0.06678876280784607,-0.03954857587814331,-0.035586102791270946,-0.12833517789840698,-0.09302759170532227,-0.06748829681440327,-0.17906948924064636,-0.13499301671981812,-0.09969501841827366,-0.1730397641658783,-0.18402057886123657,-0.12989892710014317,-0.07853257656097412,-0.26083600521087646,-0.028737601749739383,-0.12383279204368591,-0.32772642374038696,-0.09058085728450749,-0.14735355973243713,-0.3020346760749817,-0.1400307183341596,-0.152663916349411,-0.25920528173446655,-0.16599819708629582,-0.030627131462097168,-0.29233747720718384,-0.0358172682301614,-0.055209070444107056,-0.41942155361175537,-0.07303617049022648,-0.07067334651947021,-0.5056874752044678,-0.10154455799623463,-0.08587145805358887,-0.582280844449997,-0.12100954998298619,0.02029016613960266,-0.28045594692230225,-0.052143710591039394,0.03969526290893555,-0.3956754803657532,-0.0869802301005933,0.04267185926437378,-0.47222185134887695,-0.10744219917818043,0.03447002172470093,-0.5416997969150543,-0.11927780408426258,0.06599470973014832,-0.2312033772468567,-0.07175108689828846,0.10014352202415466,-0.3040831685066223,-0.0950383459405515,0.10911473631858826,-0.3609478175640106,-0.10085897792144749,0.10579922795295715,-0.41797101497650146,-0.10354148495956395
F,0.0,0.0,0.0,-0.06734758615493774,-0.04469418525695801,-0.03631511675082777,-0.12846145033836365,-0.1011044979095459,-0.06913003297411535,-0.17932933568954468,-0.14572685956954956,-0.10216868640743826,-0.170257568359375,-0.19423061609268188,-0.1330584210332546,-0.06644365191459656,-0.2650587558746338,-0.0314395015116844,-0.1140432357788086,-0.33233964443206787,-0.09049016209208105,-0.14565187692642212,-0.3003074526786804,-0.13750515105091665,-0.15733304619789124,-0.2536991834640503,-0.1630232852872524,-0.02048170566558838,-0.2921050190925598,-0.038162022548547725,-0.04308205842971802,-0.4190353453159332,-0.07723486395441626,-0.060166746377944946,-0.5059648156166077,-0.10710585834347341,-0.07730022072792053,-0.5862078666687012,-0.12795320870243643,0.026341021060943604,-0.2762439250946045,-0.05348522188030813,0.05035144090652466,-0.3928350806236267,-0.09024108173214529,0.053608864545822144,-0.4710818827152252,-0.11236003758274649,0.044285207986831665,-0.5434218347072601,-0.12567359926067923,0.06673300266265869,-0.2237612009048462,-0.07181967766844366,0.10704827308654785,-0.29428553581237793,-0.09731861920916174,0.11684530973434448,-0.35248589515686035,-0.1054003086861286,0.11213850975036621,-0.4114689826965332,-0.1101048585947666
F,0.0,0.0,0.0,-0.06563997268676758,-0.05125284194946289,-0.03321546179894597,-0.12358886003494263,-0.11007338762283325,-0.0644789398992458,-0.17242202162742615,-0.15369677543640137,-0.09613069755677373,-0.17289328575134277,-0.2053951621055603,-0.12588026983384282,-0.05556979775428772,-0.2692985534667969,-0.03264828262571484,-0.10822790861129761,-0.33376383781433105,-0.08857492221240193,-0.14557012915611267,-0.29279911518096924,-0.13352842492703587,-0.16009855270385742,-0.24358713626861572,-0.15838098389748723,-0.011090338230133057,-0.29199039936065674,-0.04023776067141682,-0.03336477279663086,-0.4196006655693054,-0.07969011230115086,-0.0505295991897583,-0.506855696439743,-0.10942912710551411,-0.06708863377571106,-0.5895445942878723,-0.13035315138940007,0.03243023157119751,-0.2719518542289734,-0.05542742697242886,0.06031733751296997,-0.38703304529190063,-0.09239929033164174,0.06413960456848145,-0.4667236804962158,-0.11488482964877278,0.054730772972106934,-0.5409054160118103,-0.12850075823907048,0.0684848427772522,-0.21726161241531372,-0.07300560785178334,0.1102372407913208,-0.28596389293670654,-0.09827750039939076,0.11951553821563721,-0.3450317978858948,-0.10595048082713276,0.11403661966323853,-0.4040605127811432,-0.11054659498576314
F,0.0,0.0,0.0,-0.06330534815788269,-0.056793272495269775,-0.03175224993437098,-0.11772269010543823,-0.1198151707649231,-0.06235816214292811,-0.16540703177452087,-0.16354751586914062,-0.09400147084205912,-0.16880270838737488,-0.20704156160354614,-0.12391030672996806,-0.04525020718574524,-0.2766633629798889,-0.030910151787693962,-0.09797385334968567,-0.3394286632537842,-0.08474802110403346,-0.13975641131401062,-0.2937084436416626,-0.12883134070843028,-0.15740862488746643,-0.24378949403762817,-0.15405109409302042,-0.0012533366680145264,-0.29693424701690674,-0.03942763689964579,-0.022891610860824585,-0.4202152490615845,-0.08010747168272303,-0.04049238562583923,-0.5106122493743896,-0.1110538158199148,-0.056114375591278076,-0.5971562266349792,-0.13321617130249308,0.03878244757652283,-0.2740175127983093,-0.05523307878583239,0.07347181439399719,-0.3841872215270996,-0.09303823743074702,0.07910248637199402,-0.4639981985092163,-0.11600544933288859,0.07062491774559021,-0.5387376844882965,-0.13000507537334727,0.06978866457939148,-0.21791201829910278,-0.07328668866365717,0.11608150601387024,-0.2829211354255676,-0.0990722689411001,0.12549635767936707,-0.342576265335083,-0.10720343027323054,0.11871597170829773,-0.4023815095424652,-0.1124389756104307
F,0.0,0.0,0.0,-0.06408527493476868,-0.05786925554275513,-0.027620510029905176,-0.11712127923965454,-0.1246640682220459,-0.055715334433429575,-0.16570401191711426,-0.16927403211593628,-0.08594423236262116,-0.17378908395767212,-0.21320080757141113,-0.11491058470618043,-0.04282638430595398,-0.27578073740005493,-0.02626764850627694,-0.09621110558509827,-0.33849477767944336,-0.07728280575882707,-0.13996034860610962,-0.29431241750717163,-0.12027622463118348,-0.1582452654838562,-0.2458605170249939,-0.1455108046711615,-6.097555160522461e-05,-0.2955399751663208,-0.03693223448406968,-0.021696627140045166,-0.4216806888580322,-0.07552194299113069,-0.03908383846282959,-0.5144749283790588,-0.1066263437451056,-0.053219348192214966,-0.6007668375968933,-0.1295912832201651,0.037962645292282104,-0.27207356691360474,-0.054528199899309016,0.07361471652984619,-0.3816295862197876,-0.09017409088026795,0.08001583814620972,-0.46217066049575806,-0.1136751815856627,0.0703856348991394,-0.5356586575508118,-0.12869567872893128,0.06656515598297119,-0.21753817796707153,-0.07411642821442399,0.11340415477752686,-0.28381258249282837,-0.09861477168213639,0.12095409631729126,-0.3449352979660034,-0.10706939997088227,0.10979753732681274,-0.40490615367889404,-0.11309770943533692
F,0.0,0.0,0.0,-0.0670953094959259,-0.0609433650970459,-0.025414276820569626,-0.11923491954803467,-0.13156747817993164,-0.051719633814840904,-0.1663500964641571,-0.17799025774002075,-0.08044058638527929,-0.17035871744155884,-0.21769750118255615,-0.10807940917923986,-0.040119051933288574,-0.2790863513946533,-0.024556778323798767,-0.09360182285308838,-0.3433426022529602,-0.07378849941208898,-0.13934776186943054,-0.3001657724380493,-0.11525029498055517,-0.16006317734718323,-0.2532508969306946,-0.13948854613020956,0.0008491575717926025,-0.296194851398468,-0.03593614133909284,-0.018514662981033325,-0.4243263602256775,-0.07376476186230718,-0.03532359004020691,-0.5182532668113708,-0.10365342157795965,-0.04930299520492554,-0.605212926864624,-0.12524299132540762,0.037099480628967285,-0.27050334215164185,-0.053907135453968635,0.07153663039207458,-0.38093456625938416,-0.08959642606690466,0.07888570427894592,-0.4637170433998108,-0.11280815857365667,0.07061108946800232,-0.5397241711616516,-0.12710986840441763,0.06347596645355225,-0.21477049589157104,-0.07361574279978811,0.1098613440990448,-0.28392595052719116,-0.09818682628586828,0.1177426278591156,-0.3451205790042877,-0.10594304460003912,0.10732391476631165,-0.404829204082489,-0.11115829455569326
F,0.0,0.0,0.0,-0.06547671556472778,-0.06136524677276611,-0.02424428832881631,-0.117015540599823,-0.1317845582962036,-0.049183991152574436,-0.16421198844909668,-0.17795056104660034,-0.0767806734626788,-0.172789067029953,-0.2217332124710083,-0.10312152316026868,-0.04089266061782837,-0.27951204776763916,-0.021250071350266353,-0.09533578157424927,-0.34455397725105286,-0.07012103905134381,-0.14034903049468994,-0.29916441440582275,-0.11146735807113828,-0.15971338748931885,-0.2495996356010437,-0.135260630745222,-0.0005464553833007812,-0.29765909910202026,-0.033164877790738956,-0.018845558166503906,-0.42774879932403564,-0.06964629550628842,-0.036251842975616455,-0.520528107881546,-0.09832933952264966,-0.051382601261138916,-0.605057418346405,-0.11887989600353421,0.03563565015792847,-0.2727668285369873,-0.05197253857903661,0.07095837593078613,-0.3850841522216797,-0.08705801178865613,0.07818830013275146,-0.4670039713382721,-0.11000482400112332,0.06967118382453918,-0.5417978763580322,-0.12403021414928617,0.061781734228134155,-0.2171154022216797,-0.07247569074087323,0.10862314701080322,-0.28543341159820557,-0.09714183618478955,0.11607211828231812,-0.34693557024002075,-0.10495889594011487,0.10462701320648193,-0.40649721026420593,-0.10999407281332196
F,0.0,0.0,0.0,-0.06562557816505432,-0.0599665641784668,-0.023569319303170744,-0.11721581220626831,-0.12696462869644165,-0.04846569700075776,-0.16169962286949158,-0.17037653923034668,-0.07583794547154099,-0.17257806658744812,-0.21351933479309082,-0.10199587596489579,-0.04206758737564087,-0.27633875608444214,-0.02394845141007096,-0.09666004776954651,-0.3414997458457947,-0.07343519283367783,-0.14171436429023743,-0.29516494274139404,-0.11454993290735871,-0.16144821047782898,-0.24455028772354126,-0.13775094402863175,-0.0014864206314086914,-0.29483842849731445,-0.035622013638750616,-0.019552409648895264,-0.42505693435668945,-0.07281371755434662,-0.03688758611679077,-0.51750448346138,-0.10063219619824082,-0.052289336919784546,-0.6024938821792603,-0.12029877854420334,0.034966111183166504,-0.2713161110877991,-0.053885256777540746,0.0700860321521759,-0.3837141990661621,-0.08916122270657212,0.0774448812007904,-0.4659300446510315,-0.11099401665760666,0.06890708208084106,-0.5415941476821899,-0.12401430113150269,0.0621601939201355,-0.2167646884918213,-0.07374662710262925,0.10850676894187927,-0.285955011844635,-0.09786855233742386,0.11544737219810486,-0.34705883264541626,-0.10440298719240815,0.1035442054271698,-0.40605735778808594,-0.10836890889240891
F,0.0,0.0,0.0,-0.06550243496894836,-0.06078207492828369,-0.02389305699315969,-0.11707651615142822,-0.1280384659767151,-0.04972524251488153,-0.16265594959259033,-0.171147882938385,-0.07815053369549219,-0.17448821663856506,-0.21245694160461426,-0.10502696837929193,-0.041025638580322266,-0.2793944478034973,-0.023480907638344206,-0.09614664316177368,-0.34415891766548157,-0.07249806131866876,-0.14032724499702454,-0.2979011535644531,-0.11359310205725137,-0.1594083309173584,-0.24734681844711304,-0.13728595580604974,-0.0002557337284088135,-0.2987770438194275,-0.03502133916762773,-0.022027581930160522,-0.4253499507904053,-0.07252305801657144,-0.039766669273376465,-0.51805779337883,-0.10150801445988122,-0.05457678437232971,-0.6048807799816132,-0.12263069357422296,0.035880714654922485,-0.2757054567337036,-0.053049512763294615,0.07106786966323853,-0.3872641921043396,-0.08737905379084054,0.07880765199661255,-0.4673556685447693,-0.10838992949274484,0.07089054584503174,-0.541987806558609,-0.12157686110285226,0.06332433223724365,-0.22168469429016113,-0.07287378664759103,0.10969758033752441,-0.2879202365875244,-0.09623862858560983,0.11718535423278809,-0.3494209051132202,-0.10293023343828622,0.10657554864883423,-0.41027384996414185,-0.10750692393330041
F,0.0,0.0,0.0,-0.06426164507865906,-0.0539470911026001,-0.0291193618541854,-0.11983862519264221,-0.11785149574279785,-0.057826121068586644,-0.16747510433197021,-0.16452842950820923,-0.08826528183280402,-0.164980947971344,-0.212574303150177,-0.11659937045632773,-0.04871976375579834,-0.2747124433517456,-0.025552683240761098,-0.10043168067932129,-0.34008657932281494,-0.07777836612521583,-0.1433233618736267,-0.29608410596847534,-0.12113722852527076,-0.16161754727363586,-0.24725961685180664,-0.14617038956939155,-0.005344808101654053,-0.296957790851593,-0.03538299045621329,-0.027537614107131958,-0.4248058497905731,-0.07441372118054801,-0.044327884912490845,-0.516531229019165,-0.10473095319329673,-0.05797526240348816,-0.6031792461872101,-0.12658661297618323,0.035060226917266846,-0.275187611579895,-0.05257131225525313,0.06882017850875854,-0.384848952293396,-0.08910219810067588,0.0773274302482605,-0.46367186307907104,-0.1110622181659835,0.06967777013778687,-0.5377699434757233,-0.12439320675193244,0.06691628694534302,-0.22131460905075073,-0.07194171539603644,0.11195987462997437,-0.2888079285621643,-0.0965522944098609,0.12067097425460815,-0.34828364849090576,-0.10360341957866126,0.11028581857681274,-0.40792316198349,-0.10814966700135642
F,0.0,0.0,0.0,-0.06379002332687378,-0.05015206336975098,-0.03350866488726467,-0.12053292989730835,-0.10950356721878052,-0.06487514353902668,-0.1684877872467041,-0.15590888261795044,-0.09665984935672611,-0.1618632674217224,-0.20308154821395874,-0.1267596808782372,-0.05142945051193237,-0.2691681385040283,-0.030272708233312073,-0.10100609064102173,-0.33118343353271484,-0.08681579954536289,-0.13990914821624756,-0.298503577709198,-0.13329319931180805,-0.15657812356948853,-0.25589269399642944,-0.15968653834970326,-0.007543832063674927,-0.29267579317092896,-0.0385323715916428,-0.028439074754714966,-0.4202558994293213,-0.07852505422742695,-0.0447516143321991,-0.5088315308094025,-0.10861994601400227,-0.0592520534992218,-0.5922222435474396,-0.1297881630769524,0.035735249519348145,-0.27133017778396606,-0.05474869064600796,0.0674591064453125,-0.3819981813430786,-0.09310951359184116,0.07428032159805298,-0.4608132839202881,-0.11567671872289509,0.06685793399810791,-0.5359970927238464,-0.12899394608648151,0.07013571262359619,-0.214851975440979,-0.07344891406209797,0.11311984062194824,-0.28302401304244995,-0.0994573412051949,0.12293416261672974,-0.3404525816440582,-0.10671440787227482,0.11638259887695312,-0.39978641271591187,-0.11105359620960087
F,0.0,0.0,0.0,-0.062483787536621094,-0.044943809509277344,-0.038190639957861094,-0.12158441543579102,-0.10335731506347656,-0.07155064438290992,-0.17091739177703857,-0.1530051827430725,-0.10480691437430778,-0.15605103969573975,-0.19414597749710083,-0.13593783174462715,-0.06275755167007446,-0.2634273171424866,-0.02987138871856132,-0.10805878043174744,-0.32470741868019104,-0.09114523176856437,-0.140123188495636,-0.30008476972579956,-0.1416491041035215,-0.1531534194946289,-0.26205140352249146,-0.1699073830694715,-0.01614391803741455,-0.29030388593673706,-0.03596302066750923,-0.036813050508499146,-0.4145074486732483,-0.07738788370795646,-0.050811201333999634,-0.5032427310943604,-0.10870405231423774,-0.06397441029548645,-0.5862963795661926,-0.1301909605116407,0.03040298819541931,-0.2737414836883545,-0.051197401627973704,0.05847114324569702,-0.38369423151016235,-0.09074146245427528,0.06744050979614258,-0.4590417742729187,-0.11310079638667503,0.062251389026641846,-0.530878096818924,-0.1254662791342298,0.06941193342208862,-0.22103852033615112,-0.06966279391951957,0.10987210273742676,-0.29042840003967285,-0.09535481725640693,0.12026774883270264,-0.34438198804855347,-0.10222463999696174,0.11411881446838379,-0.400103360414505,-0.10591382478185096
F,0.0,0.0,0.0,-0.06428533792495728,-0.0417250394821167,-0.038449465589479814,-0.12523427605628967,-0.10018223524093628,-0.07209427590842665,-0.17298471927642822,-0.15346580743789673,-0.10580088879342497,-0.1482948362827301,-0.17914056777954102,-0.13709719415183486,-0.07063913345336914,-0.2607186436653137,-0.028040784703449617,-0.11282894015312195,-0.32652491331100464,-0.08840980316873015,-0.13572540879249573,-0.29832136631011963,-0.13652880425925673,-0.14063158631324768,-0.2569320797920227,-0.1622135483789009,-0.021718770265579224,-0.28796815872192383,-0.03425960178847731,-0.04198658466339111,-0.41178929805755615,-0.07220603461738051,-0.05554059147834778,-0.500180721282959,-0.10068335320229949,-0.06815972924232483,-0.5839429199695587,-0.11976627196546019,0.028423339128494263,-0.2742270827293396,-0.05001787032361449,0.04990515112876892,-0.38825446367263794,-0.08764091070170821,0.05717381834983826,-0.46353840827941895,-0.10975464369531096,0.05325612425804138,-0.5345217287540436,-0.12175559933658064,0.07252302765846252,-0.2254236340522766,-0.06913332577224196,0.10642668604850769,-0.2966437339782715,-0.09341886575694502,0.11669585108757019,-0.3505565822124481,-0.10041856701846541,0.11427852511405945,-0.4060744345188141,-0.10402483429189147
F,0.0,0.0,0.0,-0.06785523891448975,-0.03666871786117554,-0.03865852665927605,-0.13133537769317627,-0.09882396459579468,-0.07069768098023133,-0.17627942562103271,-0.15605562925338745,-0.10291726228621201,-0.13665324449539185,-0.17544007301330566,-0.1321977087559958,-0.08176755905151367,-0.2618074417114258,-0.025623771295215647,-0.1209833025932312,-0.33200547099113464,-0.08481426623490051,-0.13032200932502747,-0.29343003034591675,-0.1318620004954596,-0.12410607933998108,-0.24556833505630493,-0.1562978633942862,-0.030100256204605103,-0.2908061146736145,-0.031440307319428484,-0.050309062004089355,-0.41426461935043335,-0.06639073875572876,-0.0608820915222168,-0.5003471970558167,-0.0943377399149199,-0.07043543457984924,-0.5824635326862335,-0.1129788914027472,0.02314436435699463,-0.2794567346572876,-0.046949942529465716,0.039502888917922974,-0.39337360858917236,-0.08164662209179596,0.04536876082420349,-0.4674597382545471,-0.1034661093058844,0.042388588190078735,-0.5376018285751343,-0.11528401908304886,0.07088050246238708,-0.23441791534423828,-0.06606167641308502,0.09797713160514832,-0.3088468313217163,-0.08706829038288788,0.10847517848014832,-0.3600359857082367,-0.09216450241234497,0.10953196883201599,-0.4121462106704712,-0.09439858880665497
F,0.0,0.0,0.0,-0.06659084558486938,-0.03259998559951782,-0.037773230917622413,-0.12657850980758667,-0.09044831991195679,-0.07018397549526867,-0.1616326868534088,-0.14087098836898804,-0.10310570696728405,-0.12433266639709473,-0.1639549732208252,-0.13364795396464046,-0.08655625581741333,-0.25641846656799316,-0.028085101269056167,-0.12122642993927002,-0.32542625069618225,-0.08904458383457836,-0.12215206027030945,-0.2856259346008301,-0.1383475566877621,-0.111369788646698,-0.23614650964736938,-0.16404744038717922,-0.03577762842178345,-0.2860320806503296,-0.03556870470183071,-0.05558919906616211,-0.40992650389671326,-0.06986500123875317,-0.0658588707447052,-0.4942324757575989,-0.09947766909735378,-0.07521626353263855,-0.5734506249427795,-0.1202075536026257,0.01685279607772827,-0.27661097049713135,-0.0525951179339188,0.030289292335510254,-0.39095425605773926,-0.08500331441300091,0.03372544050216675,-0.4634084701538086,-0.1069311703218716,0.029035091400146484,-0.532922774553299,-0.12024766752855953,0.06564003229141235,-0.23434114456176758,-0.07345071236031231,0.09016579389572144,-0.31097960472106934,-0.0926697904838818,0.10088115930557251,-0.3625950515270233,-0.0968412588013905,0.10389608144760132,-0.41648367047309875,-0.09933402935402569
F,0.0,0.0,0.0,-0.06046837568283081,-0.028020203113555908,-0.03786854055002209,-0.11884307861328125,-0.08285075426101685,-0.06844888609126087,-0.1411469280719757,-0.13590502738952637,-0.09971535932496067,-0.0946229100227356,-0.16652625799179077,-0.12720955144837376,-0.09505638480186462,-0.2473716139793396,-0.02556273695304867,-0.12870094180107117,-0.32454580068588257,-0.08273433875515934,-0.11749681830406189,-0.273881196975708,-0.1279108895011234,-0.09764331579208374,-0.2183467149734497,-0.15040514599755284,-0.043597638607025146,-0.2812191843986511,-0.031378701145200694,-0.06152147054672241,-0.40515756607055664,-0.061427369529752696,-0.07046028971672058,-0.487197607755661,-0.08742696028426167,-0.07939928770065308,-0.5682424008846283,-0.10588414203598973,0.008397340774536133,-0.27657997608184814,-0.04695358108952519,0.014835894107818604,-0.39183032512664795,-0.07510268669798847,0.017763197422027588,-0.46168920397758484,-0.09396532904580113,0.014839589595794678,-0.5292585492134094,-0.10530117880776402,0.058383822441101074,-0.24118977785110474,-0.06674906593039509,0.07557427883148193,-0.31784260272979736,-0.08111516367867466,0.08541542291641235,-0.36840730905532837,-0.08243421446755406,0.09044450521469116,-0.4194299578666687,-0.08301971834376332
F,0.0,0.0,0.0,-0.05457749962806702,-0.024971485137939453,-0.03709452376338618,-0.10870632529258728,-0.0808597207069397,-0.0664424613175072,-0.12403324246406555,-0.1349877119064331,-0.09638838619562762,-0.0823301374912262,-0.1758849024772644,-0.12222501785132067,-0.09655952453613281,-0.23756957054138184,-0.025606268650022912,-0.12501835823059082,-0.31219547986984253,-0.08350512534948962,-0.10896730422973633,-0.2628147006034851,-0.12953420878025668,-0.085703045129776,-0.2068798542022705,-0.1520188540277161,-0.04915091395378113,-0.27557092905044556,-0.030419880157438683,-0.06634077429771423,-0.3987998366355896,-0.06011560708853381,-0.07509049773216248,-0.4813910126686096,-0.08521719426485674,-0.08263179659843445,-0.5615032911300659,-0.10271217078539507,0.0010731220245361328,-0.2755444645881653,-0.04468458295437472,0.00027561187744140625,-0.3912029266357422,-0.07081902921768801,0.001635730266571045,-0.46040642261505127,-0.08661551178070681,-0.0010666847229003906,-0.5253941714763641,-0.09561912865015643,0.05188792943954468,-0.24504750967025757,-0.06344718635651247,0.06322687864303589,-0.32381319999694824,-0.07487966269823687,0.07045924663543701,-0.37348073720932007,-0.07300473154160159,0.0749284029006958,-0.42058953642845154,-0.07106478661867754
F,0.0,0.0,0.0,-0.05240228772163391,-0.02419865131378174,-0.04093299305884557,-0.09676101803779602,-0.08167636394500732,-0.07218021399228292,-0.10058212280273438,-0.1355956792831421,-0.10305699205844121,-0.05935904383659363,-0.17610377073287964,-0.12976116186825948,-0.09393447637557983,-0.24225103855133057,-0.028669847761079836,-0.1166388988494873,-0.30758553743362427,-0.09049389011113362,-0.0958591103553772,-0.25832629203796387,-0.1412315989181252,-0.06963256001472473,-0.20200586318969727,-0.16596184915749745,-0.05021211504936218,-0.2798798680305481,-0.031144673590347338,-0.06682395935058594,-0.4011373221874237,-0.060741840516016055,-0.0754651427268982,-0.4860299825668335,-0.08680019027440267,-0.08386999368667603,-0.5671460032463074,-0.10496713465897756,-0.0018695592880249023,-0.2792094945907593,-0.043422652994081545,-0.004742920398712158,-0.3922582268714905,-0.06733695662467198,-0.004560947418212891,-0.46202540397644043,-0.08232645190207677,-0.008631497621536255,-0.5258136987686157,-0.09124124294964986,0.047795236110687256,-0.24841392040252686,-0.06105437002031522,0.05694812536239624,-0.3260854184627533,-0.06990648305861669,0.062172114849090576,-0.37314438819885254,-0.06647084153144078,0.06516343355178833,-0.416748583316803,-0.06360559410302358
F,0.0,0.0,0.0,-0.04784584045410156,-0.024810433387756348,-0.04461446692278059,-0.08830678462982178,-0.08184456825256348,-0.07704558138777884,-0.08765307068824768,-0.1394311785697937,-0.10776373659302863,-0.04728242754936218,-0.18674349784851074,-0.13306853090455206,-0.0964033305644989,-0.24062204360961914,-0.0352552412920204,-0.11358028650283813,-0.31262868642807007,-0.09662108038594397,-0.0861072838306427,-0.26974695920944214,-0.14422075365712317,-0.05795690417289734,-0.21821385622024536,-0.16602493737866553,-0.05418187379837036,-0.2785269021987915,-0.034442420201798996,-0.07054531574249268,-0.4037678837776184,-0.06299018030097159,-0.07657361030578613,-0.4882676303386688,-0.08572045628955038,-0.08349829912185669,-0.5671820342540741,-0.10083911483218344,-0.006305813789367676,-0.27950382232666016,-0.043230324136516174,-0.014398723840713501,-0.389408141374588,-0.0645455635063854,-0.014753401279449463,-0.4583212435245514,-0.07699194465806158,-0.017949402332305908,-0.5212415456771851,-0.08414920334746512,0.043548405170440674,-0.25054508447647095,-0.057809948074122985,0.04631507396697998,-0.3265533447265625,-0.06392023627688559,0.049522995948791504,-0.3725011944770813,-0.05918407728006514,0.05295062065124512,-0.41604799032211304,-0.055256235497495254
