label,x0,y0,z0,x1,y1,z1,x2,y2,z2,x3,y3,z3,x4,y4,z4,x5,y5,z5,x6,y6,z6,x7,y7,z7,x8,y8,z8,x9,y9,z9,x10,y10,z10,x11,y11,z11,x12,y12,z12,x13,y13,z13,x14,y14,z14,x15,y15,z15,x16,y16,z16,x17,y17,z17,x18,y18,z18,x19,y19,z19,x20,y20,z20
G,0.0,0.0,0.0,-0.04376703500747681,-0.10033118724822998,-0.0015285059751874996,-0.13209277391433716,-0.1499772071838379,-0.03630144071652808,-0.22539299726486206,-0.14313042163848877,-0.06932320368363776,-0.3002041280269623,-0.13182461261749268,-0.10695968490912833,-0.09870308637619019,-0.22122371196746826,-0.09792027545049109,-0.22317999601364136,-0.20559614896774292,-0.13105741065814414,-0.29905909299850464,-0.19695019721984863,-0.14359712523295798,-0.35301509499549866,-0.18715107440948486,-0.1535586110956899,-0.09114062786102295,-0.13260304927825928,-0.11929261607005515,-0.23873457312583923,-0.09611916542053223,-0.14580696743800559,-0.2093963623046875,-0.08153164386749268,-0.12863917571380057,-0.16516083478927612,-0.09200149774551392,-0.12081499320342459,-0.08735370635986328,-0.04261106252670288,-0.13645367246940054,-0.22001934051513672,-0.023544788360595703,-0.15643051189258017,-0.18709099292755127,-0.02175348997116089,-0.12200131189896979,-0.14694273471832275,-0.03247898817062378,-0.10376356464698233,-0.08751273155212402,0.038317203521728516,-0.15282775384261527,-0.1866350769996643,0.041289687156677246,-0.16997238916232504,-0.16230762004852295,0.03516733646392822,-0.1483335934288732,-0.1296669840812683,0.02655208110809326,-0.13498273414447226
G,0.0,0.0,0.0,-0.04535412788391113,-0.09917175769805908,-0.0002875157462227662,-0.13790732622146606,-0.14822542667388916,-0.03354942815543893,-0.23167330026626587,-0.1440710425376892,-0.0657504016363788,-0.306821346282959,-0.13443851470947266,-0.10260475816370729,-0.10168838500976562,-0.21738123893737793,-0.09414221735836747,-0.22716909646987915,-0.2032456398010254,-0.12748416157604936,-0.30435246229171753,-0.19508850574493408,-0.14009212346913102,-0.3596469759941101,-0.18461811542510986,-0.15004393847824815,-0.09388470649719238,-0.12750345468521118,-0.11593909206034425,-0.24096789956092834,-0.09319460391998291,-0.14450249465348008,-0.21012866497039795,-0.07821857929229736,-0.12864286096932176,-0.1653127670288086,-0.08810240030288696,-0.1209666246378589,-0.08961570262908936,-0.036214232444763184,-0.13348448665978196,-0.22257351875305176,-0.020282983779907227,-0.1560446211898494,-0.18877917528152466,-0.017644762992858887,-0.12209317477585557,-0.1479211449623108,-0.02722775936126709,-0.1028716230595279,-0.08946007490158081,0.04637855291366577,-0.15000500174404863,-0.19056826829910278,0.045299530029296875,-0.16879101487042192,-0.1662750244140625,0.03908216953277588,-0.14723292382599595,-0.13357025384902954,0.031073331832885742,-0.13315809162499193
G,0.0,0.0,0.0,-0.04773879051208496,-0.0982130765914917,-0.001327583298646573,-0.14055413007736206,-0.14488452672958374,-0.03458484491575575,-0.2342081367969513,-0.13835114240646362,-0.06631467348206854,-0.3081524968147278,-0.12853485345840454,-0.10245299941171027,-0.1021111011505127,-0.21423029899597168,-0.09546106165517187,-0.22768771648406982,-0.20024091005325317,-0.1295532495366416,-0.3051726222038269,-0.19212907552719116,-0.14295548802483893,-0.3609846532344818,-0.18245095014572144,-0.15326163774598456,-0.09426087141036987,-0.12531787157058716,-0.11690910017360068,-0.24419957399368286,-0.08994030952453613,-0.1455616713153205,-0.21767425537109375,-0.0748855471611023,-0.130524998961576,-0.17346447706222534,-0.08471620082855225,-0.12338089054692603,-0.08959245681762695,-0.03419935703277588,-0.13410121804345465,-0.2240966558456421,-0.017597973346710205,-0.15707785493005133,-0.19406241178512573,-0.015834808349609375,-0.12389436220992422,-0.1534624695777893,-0.026495158672332764,-0.10487072771657324,-0.08929014205932617,0.048922598361968994,-0.15029197043050146,-0.19160646200180054,0.0479506254196167,-0.16910318142045355,-0.17036890983581543,0.04108452796936035,-0.1476531088935218,-0.13786500692367554,0.0327644944190979,-0.13354214137662268
G,0.0,0.0,0.0,-0.04906654357910156,-0.09886425733566284,2.6371441492756276e-05,-0.14101660251617432,-0.14429664611816406,-0.034779063398161725,-0.23433434963226318,-0.13549411296844482,-0.06767026611618121,-0.30874451994895935,-0.12310022115707397,-0.105252454960862,-0.10281085968017578,-0.21044641733169556,-0.10192346849493106,-0.23039382696151733,-0.19578468799591064,-0.13470879473737796,-0.30797889828681946,-0.18640834093093872,-0.14609743931345065,-0.36323946714401245,-0.1759520173072815,-0.15490410008482058,-0.09429943561553955,-0.12026232481002808,-0.12339820244363864,-0.24580085277557373,-0.08412796258926392,-0.14874929466299136,-0.21945041418075562,-0.07264047861099243,-0.1296476153378876,-0.1748284101486206,-0.08376508951187134,-0.12062850126079638,-0.08985066413879395,-0.028555989265441895,-0.13998663702062686,-0.22600078582763672,-0.012396931648254395,-0.15913400330595096,-0.1962152123451233,-0.013660073280334473,-0.1232597557549866,-0.15585190057754517,-0.024372577667236328,-0.10383588352254947,-0.08955532312393188,0.053630709648132324,-0.15543040909818728,-0.1925278902053833,0.05339479446411133,-0.17098768332056125,-0.17158669233322144,0.04419970512390137,-0.14751877167276461,-0.139606773853302,0.03639698028564453,-0.13297419526628573
G,0.0,0.0,0.0,-0.046530961990356445,-0.09609168767929077,-0.00018513141894516139,-0.13797283172607422,-0.14076876640319824,-0.034015258719406916,-0.23186391592025757,-0.13309812545776367,-0.06609704153724749,-0.30660727620124817,-0.12698698043823242,-0.10237300949283679,-0.10330790281295776,-0.21464085578918457,-0.097432022859536,-0.2300664186477661,-0.1992223858833313,-0.12968805240579684,-0.30778801441192627,-0.1904888153076172,-0.1411642264027222,-0.36378830671310425,-0.1803557276725769,-0.1503352205652817,-0.09550076723098755,-0.125141441822052,-0.1192203591961487,-0.24796050786972046,-0.0873841643333435,-0.14594475733228762,-0.21893233060836792,-0.07407534122467041,-0.12839208351560671,-0.17269468307495117,-0.08401274681091309,-0.1197309400338753,-0.09080260992050171,-0.03355705738067627,-0.13634741114564974,-0.22756701707839966,-0.01463329792022705,-0.15646505164095004,-0.19613677263259888,-0.013162195682525635,-0.12051407801099856,-0.15497493743896484,-0.02296823263168335,-0.10056859808155139,-0.0904121994972229,0.04998737573623657,-0.15248781250902255,-0.19478052854537964,0.05132824182510376,-0.168760789503537,-0.1721513867378235,0.04466724395751953,-0.1454076002735718,-0.13910025358200073,0.037458717823028564,-0.1306366007227524
G,0.0,0.0,0.0,-0.046489417552948,-0.09781664609909058,0.0007488546615093128,-0.13664376735687256,-0.14479541778564453,-0.03215830056447544,-0.2296583652496338,-0.13882315158843994,-0.0636564272500948,-0.3040560483932495,-0.13059651851654053,-0.09954671590108433,-0.10401719808578491,-0.21732038259506226,-0.09433333604116001,-0.22976934909820557,-0.2032485008239746,-0.12800908862132587,-0.3084811866283417,-0.19486397504806519,-0.14136033533591785,-0.36547771096229553,-0.18442761898040771,-0.1516613441564516,-0.09679502248764038,-0.1286371946334839,-0.11640066681880512,-0.24797272682189941,-0.08978670835494995,-0.14417231856364765,-0.21975624561309814,-0.0759933590888977,-0.12847854970473804,-0.17384445667266846,-0.0858999490737915,-0.12101715831536808,-0.0923616886138916,-0.03723776340484619,-0.13391680298823871,-0.227514386177063,-0.01679140329360962,-0.15526615856666126,-0.1965951919555664,-0.015361905097961426,-0.12077984987277546,-0.15563273429870605,-0.02530890703201294,-0.10141667006988087,-0.09197932481765747,0.046719372272491455,-0.1502989756919817,-0.19488072395324707,0.049755215644836426,-0.16708298800963917,-0.17209875583648682,0.043767690658569336,-0.14397005020160236,-0.1393812894821167,0.03598058223724365,-0.12907605646628895
G,0.0,0.0,0.0,-0.04303395748138428,-0.09863990545272827,-0.0034678433856214497,-0.1331627368927002,-0.1485666036605835,-0.03665060059374525,-0.22743642330169678,-0.14361029863357544,-0.06750817106312468,-0.3021048605442047,-0.13547593355178833,-0.10241482661312773,-0.10065150260925293,-0.22129082679748535,-0.09515767053908064,-0.22748714685440063,-0.2093239426612854,-0.12783932195252135,-0.3057357370853424,-0.20045411586761475,-0.14025805399960234,-0.3620511591434479,-0.19138044118881226,-0.1501593987757559,-0.0955091118812561,-0.1333005428314209,-0.11483787999695494,-0.2464301586151123,-0.0952601432800293,-0.14365539954251005,-0.21843397617340088,-0.07892203330993652,-0.12888973460739805,-0.1724841594696045,-0.08791059255599976,-0.12152265266722395,-0.09317541122436523,-0.042904675006866455,-0.1303147773558493,-0.22590124607086182,-0.02135288715362549,-0.1517521540934439,-0.19506579637527466,-0.017301321029663086,-0.1180411006624098,-0.15460056066513062,-0.026718854904174805,-0.09890163199251845,-0.09433341026306152,0.03958326578140259,-0.14516160891598417,-0.19506192207336426,0.04209321737289429,-0.16195769117420866,-0.1724417805671692,0.038853347301483154,-0.13979835317677214,-0.14035117626190186,0.032376646995544434,-0.1253469090277548
G,0.0,0.0,0.0,-0.04368281364440918,-0.09850013256072998,-0.0027005442997563023,-0.13737809658050537,-0.15248709917068481,-0.03273311128114642,-0.23455274105072021,-0.14494943618774414,-0.060728403378476514,-0.30941277742385864,-0.135461688041687,-0.09296876062845172,-0.10565531253814697,-0.22206175327301025,-0.08820745219682635,-0.23183566331863403,-0.20955395698547363,-0.11946584155057849,-0.310428261756897,-0.20157456398010254,-0.13254207243417682,-0.3682495653629303,-0.19319063425064087,-0.14370336999391498,-0.10111838579177856,-0.13199496269226074,-0.10807435830329837,-0.24968430399894714,-0.0957789421081543,-0.1371030645558733,-0.2194715142250061,-0.08080875873565674,-0.12550097574685992,-0.1733309030532837,-0.08869636058807373,-0.12047234048341693,-0.09752672910690308,-0.040418148040771484,-0.12380641569589557,-0.22949814796447754,-0.020420193672180176,-0.14657771458124103,-0.1957230567932129,-0.01746290922164917,-0.11595226695035876,-0.1548026204109192,-0.027594029903411865,-0.09850137551521243,-0.09693455696105957,0.04367959499359131,-0.1387236403415102,-0.19788390398025513,0.0441439151763916,-0.1575476514289278,-0.17283308506011963,0.04023420810699463,-0.13751853873228015,-0.1406024694442749,0.03251606225967407,-0.12424608935808124
G,0.0,0.0,0.0,-0.04525887966156006,-0.09801578521728516,-0.0031457295414583086,-0.13780343532562256,-0.14711546897888184,-0.03678581642513734,-0.2329825758934021,-0.1411120891571045,-0.06796880590324861,-0.30823543667793274,-0.13441121578216553,-0.10332612472181779,-0.10651922225952148,-0.22005432844161987,-0.09697051125174028,-0.23370012640953064,-0.20850437879562378,-0.12938504444962007,-0.31179630756378174,-0.19898003339767456,-0.140797307366185,-0.36776411533355713,-0.18964093923568726,-0.1499359064043091,-0.09933406114578247,-0.1319325566291809,-0.11695805715923768,-0.2509150207042694,-0.09199559688568115,-0.14496428298359376,-0.2235475778579712,-0.07448101043701172,-0.1289201729238556,-0.17785322666168213,-0.08297848701477051,-0.12089831160908204,-0.0946969985961914,-0.04102134704589844,-0.13265440391903383,-0.22749105095863342,-0.016305387020111084,-0.15334813820724946,-0.19675225019454956,-0.012034177780151367,-0.11895514058475953,-0.15660536289215088,-0.0218658447265625,-0.09972820209866029,-0.09400534629821777,0.04198795557022095,-0.1476713024318741,-0.19567787647247314,0.048708200454711914,-0.1641130201757477,-0.17376971244812012,0.044923484325408936,-0.14198783563976747,-0.14222931861877441,0.036835551261901855,-0.12781240569954377
G,0.0,0.0,0.0,-0.047952353954315186,-0.09768712520599365,-0.001964018505773879,-0.14267289638519287,-0.1469547152519226,-0.03501293348405454,-0.2389819622039795,-0.14233213663101196,-0.06610265286896322,-0.31505709886550903,-0.137545645236969,-0.1014100825998554,-0.1093515157699585,-0.22368276119232178,-0.09591975720856283,-0.23677250742912292,-0.21042335033416748,-0.12994677486155126,-0.3161298334598541,-0.20194536447525024,-0.14256071212027166,-0.3736158013343811,-0.1934865117073059,-0.15234332444403265,-0.10219460725784302,-0.13556724786758423,-0.11716435017321203,-0.25394144654273987,-0.0966867208480835,-0.1461570924732456,-0.22523844242095947,-0.0755302906036377,-0.1298134988758335,-0.1792987585067749,-0.08281552791595459,-0.12126510503027532,-0.09809494018554688,-0.04376566410064697,-0.1342430925581226,-0.23319178819656372,-0.019370973110198975,-0.15657137992117498,-0.19966262578964233,-0.011980772018432617,-0.12171681883070562,-0.15729212760925293,-0.02166926860809326,-0.10180591704580877,-0.09752917289733887,0.0413321852684021,-0.15052049519751165,-0.1994139552116394,0.04782301187515259,-0.16878577234480474,-0.17495739459991455,0.04478341341018677,-0.1465913719150791,-0.1409575343132019,0.03655993938446045,-0.1319445884439716
G,0.0,0.0,0.0,-0.04719275236129761,-0.09961569309234619,0.0008528147403552566,-0.14109283685684204,-0.15078473091125488,-0.02940874106265312,-0.23803287744522095,-0.14219218492507935,-0.05783955498613125,-0.31298840045928955,-0.13438212871551514,-0.09053840233958965,-0.10985434055328369,-0.22369956970214844,-0.09121397628463512,-0.24156829714775085,-0.2088962197303772,-0.12158062054790264,-0.31950002908706665,-0.19930124282836914,-0.1330894504395843,-0.3759406507015228,-0.1901475191116333,-0.14254061623491054,-0.10466009378433228,-0.1316291093826294,-0.11178768917001491,-0.25273358821868896,-0.09310472011566162,-0.1365292493907333,-0.22224193811416626,-0.07801961898803711,-0.12041284634746319,-0.17592179775238037,-0.08729779720306396,-0.11331342651523357,-0.10144031047821045,-0.038792431354522705,-0.12775340422071224,-0.23307126760482788,-0.019214332103729248,-0.14575326188482052,-0.1991865038871765,-0.014513254165649414,-0.11215267076171642,-0.1580478549003601,-0.024169445037841797,-0.0942979951111198,-0.10141795873641968,0.04596990346908569,-0.142679480156076,-0.20199161767959595,0.046836018562316895,-0.157191318711412,-0.17680466175079346,0.04344522953033447,-0.1348355238047958,-0.14417928457260132,0.03653275966644287,-0.12100967510617977
G,0.0,0.0,0.0,-0.04996520280838013,-0.10157734155654907,0.002950272014629718,-0.14347946643829346,-0.14972805976867676,-0.03079317491102529,-0.23800590634346008,-0.1439276933670044,-0.06252053174722505,-0.3147345781326294,-0.14446669816970825,-0.09826583955037904,-0.11087542772293091,-0.23365259170532227,-0.10195530000675035,-0.2421131730079651,-0.21961063146591187,-0.13561699334132982,-0.32117700576782227,-0.20992165803909302,-0.14700574222553087,-0.3782061040401459,-0.20065850019454956,-0.15540582481372667,-0.1031082272529602,-0.14232176542282104,-0.12484790924537492,-0.2546274960041046,-0.10458356142044067,-0.14905486050594163,-0.22419384121894836,-0.08492624759674072,-0.12697974387157274,-0.17755788564682007,-0.09334468841552734,-0.11599170211303544,-0.09945070743560791,-0.048557400703430176,-0.14285244587409807,-0.23348486423492432,-0.0269467830657959,-0.15894277933585954,-0.19987636804580688,-0.019221067428588867,-0.11979621443498445,-0.15910488367080688,-0.029864251613616943,-0.09944688323486162,-0.09894365072250366,0.035542190074920654,-0.15970200839984727,-0.2014378309249878,0.03957819938659668,-0.1710476929281981,-0.17742407321929932,0.03745466470718384,-0.1446746939753325,-0.144686758518219,0.02993100881576538,-0.12910704854476762
G,0.0,0.0,0.0,-0.04919540882110596,-0.10348039865493774,-0.0002373341860391065,-0.14588826894760132,-0.1588253378868103,-0.03004033140425122,-0.2444191575050354,-0.1551738977432251,-0.05792791790847218,-0.32055747509002686,-0.14952290058135986,-0.08985090277676022,-0.11214852333068848,-0.23544692993164062,-0.08966280541901028,-0.23888438940048218,-0.2210627794265747,-0.12315617523674405,-0.3184540867805481,-0.2112729549407959,-0.13724045477394498,-0.37712329626083374,-0.2025052309036255,-0.1485771688032571,-0.10622751712799072,-0.14446890354156494,-0.11117640159611142,-0.2543966472148895,-0.10444164276123047,-0.13926489673141873,-0.2232198715209961,-0.08447057008743286,-0.1247708129096452,-0.1765875220298767,-0.0938713550567627,-0.11828892699961102,-0.10250341892242432,-0.05120640993118286,-0.12864308081154263,-0.23445114493370056,-0.026264429092407227,-0.15065863750461972,-0.19904887676239014,-0.01831495761871338,-0.11755446366552746,-0.1566004753112793,-0.02969980239868164,-0.09921817503456509,-0.10044628381729126,0.0346752405166626,-0.1452464314508859,-0.20215368270874023,0.04147469997406006,-0.16267912111763394,-0.17581474781036377,0.0387645959854126,-0.14063958845619595,-0.14065682888031006,0.029442429542541504,-0.1264676900911752
G,0.0,0.0,0.0,-0.04683196544647217,-0.09872549772262573,-0.00111300535945702,-0.14225590229034424,-0.15311110019683838,-0.028666709461049322,-0.23884141445159912,-0.14883679151535034,-0.055035122581557516,-0.3131789267063141,-0.14428842067718506,-0.08520782450659681,-0.11485284566879272,-0.22950541973114014,-0.07802986065371442,-0.24149972200393677,-0.2164434790611267,-0.11025117049439359,-0.3193369507789612,-0.20570528507232666,-0.12502885321600843,-0.3765184283256531,-0.19584602117538452,-0.13687792877180982,-0.1100010871887207,-0.14158403873443604,-0.0985123113773625,-0.2534405589103699,-0.09933793544769287,-0.12930435399039197,-0.22125020623207092,-0.0797455906867981,-0.12049894491656232,-0.17518198490142822,-0.08823174238204956,-0.11657735417111326,-0.10547029972076416,-0.049340665340423584,-0.11538821915610242,-0.2329627275466919,-0.022827625274658203,-0.14108220199568677,-0.1963842511177063,-0.014276444911956787,-0.11258110115750242,-0.15450209379196167,-0.024611949920654297,-0.09532290408833433,-0.10327619314193726,0.037760913372039795,-0.13129267553313184,-0.20016252994537354,0.044307053089141846,-0.1519206957004826,-0.1721940040588379,0.04389774799346924,-0.13260338167174268,-0.13811850547790527,0.03527092933654785,-0.1189096764705937
G,0.0,0.0,0.0,-0.04904294013977051,-0.09848058223724365,0.0002166895552306869,-0.14349496364593506,-0.15202724933624268,-0.027382797752949273,-0.24131008982658386,-0.14234673976898193,-0.05355526805433897,-0.31546077132225037,-0.13760614395141602,-0.08371180221948293,-0.11667954921722412,-0.2255968451499939,-0.08032789752397207,-0.24391311407089233,-0.21285492181777954,-0.11073102728042272,-0.3223821520805359,-0.20201361179351807,-0.12429103926334051,-0.3808816969394684,-0.19199848175048828,-0.13543718979272512,-0.11267220973968506,-0.13423025608062744,-0.10083702877673772,-0.25596922636032104,-0.09820973873138428,-0.12855248079213766,-0.224997878074646,-0.08231401443481445,-0.11840547547254232,-0.178808331489563,-0.08956938982009888,-0.11417637691411642,-0.10787433385848999,-0.040487587451934814,-0.11705127284440664,-0.234376460313797,-0.020204663276672363,-0.13974243328485159,-0.1989542841911316,-0.013788342475891113,-0.11013585255059866,-0.15761417150497437,-0.02242720127105713,-0.09278272018346456,-0.10505920648574829,0.04733651876449585,-0.13208696172151235,-0.20297247171401978,0.0478476881980896,-0.14987973794850973,-0.17574942111968994,0.04527181386947632,-0.1287185095301595,-0.142677903175354,0.038060545921325684,-0.11429530308160452
G,0.0,0.0,0.0,-0.0482025146484375,-0.09758615493774414,-0.0013023782035475051,-0.14106547832489014,-0.1492002010345459,-0.028739977579391507,-0.23617064952850342,-0.13844674825668335,-0.054469693403518704,-0.3078521490097046,-0.1306997537612915,-0.08395022894052317,-0.12076151371002197,-0.21899080276489258,-0.08117084200290492,-0.24686121940612793,-0.20693600177764893,-0.11273119593766978,-0.3248611390590668,-0.1971607208251953,-0.1274108364692097,-0.3848012685775757,-0.186884343624115,-0.1392300649991398,-0.11691123247146606,-0.12636584043502808,-0.10075465584901622,-0.2563868463039398,-0.08982133865356445,-0.13103846455720713,-0.222428560256958,-0.07701987028121948,-0.12258185441402247,-0.17557507753372192,-0.08450812101364136,-0.11865977193025401,-0.11136782169342041,-0.03211456537246704,-0.11605096603540233,-0.23619157075881958,-0.014444589614868164,-0.140803463708437,-0.20092448592185974,-0.009854555130004883,-0.11137198651937297,-0.16042989492416382,-0.017056286334991455,-0.09297353024390986,-0.10763627290725708,0.05631458759307861,-0.13027409459260753,-0.20532524585723877,0.051955223083496094,-0.14887816454080394,-0.178558349609375,0.04867231845855713,-0.12713242317346385,-0.14694494009017944,0.04404866695404053,-0.11154470587877086
G,0.0,0.0,0.0,-0.04698890447616577,-0.09710568189620972,-0.004470733901342783,-0.1427498459815979,-0.1492142677307129,-0.03109885190971795,-0.2411738634109497,-0.13654154539108276,-0.05508075652070943,-0.31275674700737,-0.12633824348449707,-0.08247111362763349,-0.12310463190078735,-0.21656763553619385,-0.0801251046115965,-0.2525581121444702,-0.20227420330047607,-0.11162998897381726,-0.3306127190589905,-0.19095635414123535,-0.12541228902884427,-0.3896721601486206,-0.1791013479232788,-0.13586430621691648,-0.12105107307434082,-0.12375420331954956,-0.09729240459748212,-0.2597457766532898,-0.08468788862228394,-0.12794569504805509,-0.22699028253555298,-0.07011193037033081,-0.119177188699922,-0.18071585893630981,-0.07895803451538086,-0.11409113926239911,-0.11651885509490967,-0.02985668182373047,-0.11062945795603696,-0.23898276686668396,-0.01056581735610962,-0.13662968946047727,-0.20365968346595764,-0.0028997063636779785,-0.10707080734320584,-0.16314810514450073,-0.01001739501953125,-0.08753903580256406,-0.11331361532211304,0.05946362018585205,-0.12306542319603864,-0.20931550860404968,0.05586820840835571,-0.14161260796137753,-0.18143433332443237,0.056249797344207764,-0.11926070970841351,-0.14903146028518677,0.052736759185791016,-0.10278725994177762
G,0.0,0.0,0.0,-0.0473514199256897,-0.09418618679046631,-0.005260148148224175,-0.14467132091522217,-0.14869779348373413,-0.030317316360012114,-0.24409005045890808,-0.13681679964065552,-0.05241804063989264,-0.31519049406051636,-0.12805473804473877,-0.07773787022306067,-0.12840783596038818,-0.21838563680648804,-0.07825460524036032,-0.25806188583374023,-0.20399796962738037,-0.11044094205571753,-0.3364700675010681,-0.19241899251937866,-0.12483310193492514,-0.39626747369766235,-0.1810573935508728,-0.13541393221093756,-0.12690192461013794,-0.12661594152450562,-0.09441415459586722,-0.263662725687027,-0.08380037546157837,-0.12715649843885046,-0.2292441427707672,-0.0682225227355957,-0.11989084870292288,-0.1817789077758789,-0.07772266864776611,-0.11472686619235617,-0.12236213684082031,-0.033265650272369385,-0.10688587517215353,-0.24401581287384033,-0.008914053440093994,-0.13534173608495337,-0.20744726061820984,0.0011163949966430664,-0.10719217599107367,-0.16557347774505615,-0.0064885616302490234,-0.08722736180497748,-0.11809062957763672,0.05675309896469116,-0.11842394859267813,-0.2146727442741394,0.05524086952209473,-0.1389134103126679,-0.18550848960876465,0.05802792310714722,-0.11749194056464773,-0.15129846334457397,0.05457806587219238,-0.10059068591071707
G,0.0,0.0,0.0,-0.05137449502944946,-0.0923808217048645,-0.004621586965271263,-0.15030443668365479,-0.14829909801483154,-0.029062854794659643,-0.2524875998497009,-0.13494873046875,-0.05054164930979255,-0.3230273127555847,-0.12194085121154785,-0.07521954804460051,-0.13607138395309448,-0.21386408805847168,-0.07883195459643844,-0.26881080865859985,-0.1970013976097107,-0.11271529525319579,-0.34756866097450256,-0.1845131516456604,-0.1287866520861769,-0.40840262174606323,-0.172263503074646,-0.1400631654242659,-0.1341981291770935,-0.12083554267883301,-0.09501480936805251,-0.2705320417881012,-0.08083635568618774,-0.12897755086223128,-0.23649638891220093,-0.06476598978042603,-0.12285370260278228,-0.18847617506980896,-0.07225185632705688,-0.11821558207074645,-0.12958556413650513,-0.027530431747436523,-0.10740044593612197,-0.2537066340446472,-0.0071669816970825195,-0.13601487755576613,-0.2185044288635254,0.003176569938659668,-0.10812356948653701,-0.175216406583786,-0.0034275054931640625,-0.08816748738090041,-0.12525969743728638,0.062774658203125,-0.1188086259345198,-0.2248029112815857,0.056875765323638916,-0.13873693227569106,-0.19654035568237305,0.061107754707336426,-0.11688635378877166,-0.1608421802520752,0.059144794940948486,-0.09955898552934173
G,0.0,0.0,0.0,-0.048261404037475586,-0.09604114294052124,-0.008956738002467546,-0.14876991510391235,-0.15481895208358765,-0.03182332608835736,-0.2516156733036041,-0.14170432090759277,-0.05050699803965131,-0.3230400085449219,-0.12348347902297974,-0.07237036172287503,-0.1410294771194458,-0.21700477600097656,-0.07844372484819928,-0.2709813714027405,-0.20312613248825073,-0.1111972818149809,-0.3507550358772278,-0.19001764059066772,-0.12680086139576474,-0.412836492061615,-0.17756319046020508,-0.1377010608090643,-0.13966411352157593,-0.12471336126327515,-0.0914257431401495,-0.26763617992401123,-0.08604991436004639,-0.12311312947409192,-0.23770791292190552,-0.06482869386672974,-0.11659420672791043,-0.19196349382400513,-0.06931298971176147,-0.11210484448807279,-0.13405144214630127,-0.03086620569229126,-0.10119508597986737,-0.2506742477416992,-0.013347089290618896,-0.12869467977421323,-0.21948349475860596,0.0007140636444091797,-0.10111337546246091,-0.17835557460784912,-0.0027567148208618164,-0.08152766916887799,-0.12836521863937378,0.06047576665878296,-0.1104084217919592,-0.2252604067325592,0.04990494251251221,-0.12878588978188077,-0.19880381226539612,0.057904958724975586,-0.10616273079054395,-0.16368988156318665,0.060290753841400146,-0.08843593690531293
G,0.0,0.0,0.0,-0.05289578437805176,-0.0939820408821106,-0.0047382322259608145,-0.15343666076660156,-0.15045368671417236,-0.02749587978500756,-0.2543105483055115,-0.13346177339553833,-0.04723677608448895,-0.32569658756256104,-0.11528444290161133,-0.07011084827858838,-0.14838624000549316,-0.21190506219863892,-0.07339069071490201,-0.2793254256248474,-0.19857007265090942,-0.1053309944577876,-0.3589596152305603,-0.1833762526512146,-0.12086995515305432,-0.42189717292785645,-0.16766506433486938,-0.1315560248799983,-0.14768114686012268,-0.11859792470932007,-0.08807298365313443,-0.28067460656166077,-0.08079385757446289,-0.11841209057051572,-0.24589836597442627,-0.06255626678466797,-0.11183490428406628,-0.19788622856140137,-0.06651419401168823,-0.10712294849831494,-0.1418055295944214,-0.02409994602203369,-0.09895340177494916,-0.26379966735839844,-0.008781492710113525,-0.12403621348816785,-0.22851034998893738,0.0012816190719604492,-0.09556981000382336,-0.1839349865913391,-0.00031644105911254883,-0.07536269548613461,-0.13489294052124023,0.0683748722076416,-0.10905851993042859,-0.23798507452011108,0.05587261915206909,-0.12613750073391827,-0.2103809118270874,0.05820649862289429,-0.10288919332701596,-0.172428697347641,0.06109201908111572,-0.08443196687180432
G,0.0,0.0,0.0,-0.05066114664077759,-0.09645617008209229,-0.010322635748991615,-0.15005028247833252,-0.14991796016693115,-0.032710207381853706,-0.2498856782913208,-0.13394689559936523,-0.051396997401127464,-0.3194519281387329,-0.11952352523803711,-0.07269750697315658,-0.152022123336792,-0.21787762641906738,-0.07393040669859374,-0.28182125091552734,-0.20415443181991577,-0.1078321428388449,-0.3625554144382477,-0.18973004817962646,-0.12491645825804198,-0.4253755807876587,-0.17288285493850708,-0.13619052035511459,-0.15214312076568604,-0.12676137685775757,-0.08535875541866744,-0.27748581767082214,-0.08120357990264893,-0.11778736276329482,-0.24828189611434937,-0.06237936019897461,-0.11396672738493407,-0.20393383502960205,-0.06722897291183472,-0.1103847341030928,-0.1469389796257019,-0.03098207712173462,-0.09396295411289657,-0.26172876358032227,-0.008190453052520752,-0.121540115901837,-0.23031547665596008,0.0037692785263061523,-0.09583591831625426,-0.18914833664894104,0.00027424097061157227,-0.07634874595106567,-0.14035338163375854,0.06276708841323853,-0.10229070646465743,-0.23607918620109558,0.059619903564453125,-0.12025443626345123,-0.21011433005332947,0.0631939172744751,-0.09876615715921844,-0.1749866008758545,0.06273484230041504,-0.08078446401060546
G,0.0,0.0,0.0,-0.05100274085998535,-0.0996355414390564,-0.008109663070200668,-0.1503978669643402,-0.1575668454170227,-0.030651270800291286,-0.25155025720596313,-0.13846904039382935,-0.04942165260857223,-0.32050609588623047,-0.11651641130447388,-0.07112231051272033,-0.15425151586532593,-0.21467947959899902,-0.07637691443508743,-0.2872159481048584,-0.19815939664840698,-0.10971188490933059,-0.36944830417633057,-0.18227899074554443,-0.12625098919218658,-0.43383726477622986,-0.16615206003189087,-0.13728954588717102,-0.15512052178382874,-0.11900985240936279,-0.08807277625149368,-0.2780679166316986,-0.07181435823440552,-0.11885561739748596,-0.24551483988761902,-0.05448424816131592,-0.11219198202437042,-0.1999226212501526,-0.06161069869995117,-0.1071990201408255,-0.1494394838809967,-0.022335171699523926,-0.09630861824101089,-0.26054292917251587,-7.206201553344727e-05,-0.12164452617710708,-0.22708183526992798,0.011056125164031982,-0.09372279738730072,-0.18574878573417664,0.007005035877227783,-0.07375530099218963,-0.14104652404785156,0.07110244035720825,-0.1040147612029898,-0.2299579381942749,0.06548672914505005,-0.11878788416927932,-0.20203256607055664,0.06915611028671265,-0.09500417804068206,-0.1690848469734192,0.0674099326133728,-0.07632599716728805
G,0.0,0.0,0.0,-0.05207926034927368,-0.10026383399963379,-0.006530460625555179,-0.14995726943016052,-0.15718507766723633,-0.02752054734494891,-0.25048327445983887,-0.13905996084213257,-0.04488970218565669,-0.3186556100845337,-0.11405378580093384,-0.06570161013272013,-0.15864300727844238,-0.2130613923072815,-0.07651983825829234,-0.2916688024997711,-0.19733917713165283,-0.10917182891037669,-0.37503793835639954,-0.18233323097229004,-0.12528130291369166,-0.44028323888778687,-0.16696619987487793,-0.13595928131010737,-0.16168543696403503,-0.11686265468597412,-0.08676527319815364,-0.27391088008880615,-0.07013589143753052,-0.11544385431673732,-0.240664541721344,-0.05282580852508545,-0.10702168820765223,-0.19504821300506592,-0.05873298645019531,-0.10134901730683055,-0.15711116790771484,-0.019702911376953125,-0.09340426205065455,-0.25842487812042236,0.0018497109413146973,-0.1158638807978889,-0.223682701587677,0.014181315898895264,-0.08730180440809931,-0.18275105953216553,0.011488735675811768,-0.06778250513937678,-0.14841267466545105,0.07336264848709106,-0.09946898250248637,-0.23225390911102295,0.06816446781158447,-0.111331528708007,-0.20299965143203735,0.07347196340560913,-0.08707377938893046,-0.17021769285202026,0.07224178314208984,-0.06866780547764506
G,0.0,0.0,0.0,-0.04891562461853027,-0.10647797584533691,-0.0012231811538185866,-0.14795181155204773,-0.16167980432510376,-0.017612304434351245,-0.25026005506515503,-0.14656788110733032,-0.03070893128233365,-0.3223530650138855,-0.13196074962615967,-0.04730705161409787,-0.16037273406982422,-0.2286384105682373,-0.07125914831476621,-0.29662951827049255,-0.20766115188598633,-0.10087542225437574,-0.3786752074956894,-0.19100993871688843,-0.11558772613125257,-0.44258594512939453,-0.17511475086212158,-0.12500436593609265,-0.16477924585342407,-0.1331450343132019,-0.08030261833982877,-0.27568769454956055,-0.08103984594345093,-0.10278332223015241,-0.2411145269870758,-0.06479716300964355,-0.09155246604996137,-0.195581316947937,-0.07117146253585815,-0.0848542674334567,-0.16245245933532715,-0.03648322820663452,-0.08540751774626187,-0.26095104217529297,-0.007558703422546387,-0.10115685303526334,-0.2228012979030609,0.004473567008972168,-0.07257822145538739,-0.18306955695152283,-0.0005488395690917969,-0.05467054237442426,-0.15604865550994873,0.0554538369178772,-0.08953172703104428,-0.234172523021698,0.0552748441696167,-0.09568542976694516,-0.20217764377593994,0.0626150369644165,-0.07139855612831525,-0.17133432626724243,0.059990882873535156,-0.05412736897187642
G,0.0,0.0,0.0,-0.0517842173576355,-0.10602247714996338,-0.005623681622267895,-0.1517009735107422,-0.1620965600013733,-0.025076015072585278,-0.25545281171798706,-0.14490079879760742,-0.041531976463915043,-0.327548548579216,-0.12642359733581543,-0.06089979797852152,-0.16379550099372864,-0.22894227504730225,-0.06833218053233736,-0.29739129543304443,-0.21155869960784912,-0.09805898383510225,-0.37888750433921814,-0.19492828845977783,-0.11232841775071734,-0.44101282954216003,-0.17769569158554077,-0.12164066747081392,-0.16564977169036865,-0.13496685028076172,-0.07877260461700075,-0.27819764614105225,-0.08386832475662231,-0.10474248990666979,-0.24546530842781067,-0.06766188144683838,-0.09662930682551973,-0.19937321543693542,-0.07548791170120239,-0.09122008100402468,-0.15977075695991516,-0.038857877254486084,-0.08604864046228045,-0.25771987438201904,-0.012603998184204102,-0.10687558368098848,-0.22425925731658936,-0.00111311674118042,-0.0808503405774843,-0.18513444066047668,-0.007012307643890381,-0.06300186380994433,-0.15062162280082703,0.05447655916213989,-0.09275338813912981,-0.23370301723480225,0.05178689956665039,-0.10274199411523455,-0.20569926500320435,0.057153165340423584,-0.07962077126157396,-0.17280137538909912,0.0550881028175354,-0.06213840112340563
G,0.0,0.0,0.0,-0.052150607109069824,-0.10885822772979736,-0.005206585089624127,-0.15123653411865234,-0.15856659412384033,-0.024185228786379298,-0.2516855299472809,-0.1440565586090088,-0.04083261980763098,-0.32394470274448395,-0.12999224662780762,-0.06021771921864172,-0.16454872488975525,-0.2309017777442932,-0.0631506141935887,-0.2967051863670349,-0.2130010724067688,-0.09315587549558302,-0.3794228136539459,-0.19723784923553467,-0.10848974405875822,-0.44270119071006775,-0.17977631092071533,-0.11882276057353636,-0.16780725121498108,-0.13957655429840088,-0.0740967315351071,-0.27626514434814453,-0.0860511064529419,-0.10006530552259107,-0.24308982491493225,-0.06670528650283813,-0.09253994344821592,-0.19856572151184082,-0.07245850563049316,-0.08755432783713957,-0.16254225373268127,-0.04245960712432861,-0.08233063637366911,-0.25588247179985046,-0.01328277587890625,-0.1023884710585179,-0.22214746475219727,4.404783248901367e-05,-0.07564298777928968,-0.18476057052612305,-0.004940032958984375,-0.057538259467989405,-0.15371322631835938,0.05332136154174805,-0.0903359648500981,-0.23346322774887085,0.05260729789733887,-0.10031942247501036,-0.2059691846370697,0.058997929096221924,-0.07694829969754835,-0.17483794689178467,0.05727958679199219,-0.05906543477526327
G,0.0,0.0,0.0,-0.052345216274261475,-0.1080707311630249,-0.00223299275211275,-0.14965879917144775,-0.1568927764892578,-0.01992398589908362,-0.2500303089618683,-0.1411481499671936,-0.03582477286516905,-0.32233089208602905,-0.13044720888137817,-0.05451899111329794,-0.1671929657459259,-0.22680604457855225,-0.059316323102109436,-0.2975784242153168,-0.2098829746246338,-0.08647630453168631,-0.37874841690063477,-0.19661039113998413,-0.10032829731761694,-0.4424070715904236,-0.18261802196502686,-0.11038942724525214,-0.17048686742782593,-0.13574713468551636,-0.07105194866716147,-0.27934351563453674,-0.08820247650146484,-0.09515681952296973,-0.24425625801086426,-0.07288038730621338,-0.08744473099767447,-0.19923433661460876,-0.07944542169570923,-0.0825361767417121,-0.16442590951919556,-0.04052102565765381,-0.07953856974899054,-0.2557852268218994,-0.013774693012237549,-0.09666939914285422,-0.22049009799957275,-0.0039223432540893555,-0.0696112373477149,-0.18253719806671143,-0.009290874004364014,-0.05194825768529654,-0.15507522225379944,0.05228543281555176,-0.08768463224231482,-0.2321256697177887,0.05095398426055908,-0.09518274754344702,-0.20366740226745605,0.05470341444015503,-0.07172629326640845,-0.1728644073009491,0.05232357978820801,-0.05424813643156767
G,0.0,0.0,0.0,-0.0544700026512146,-0.10641336441040039,-0.002485167030727098,-0.15406998991966248,-0.15355950593948364,-0.01913163697395248,-0.2515667974948883,-0.13492000102996826,-0.03436330964836998,-0.3196117579936981,-0.12737727165222168,-0.051719753798579404,-0.16981804370880127,-0.22899550199508667,-0.05568530669484062,-0.3027113676071167,-0.2096116542816162,-0.0834025803771965,-0.3826185464859009,-0.19371187686920166,-0.09706260895404739,-0.4427487552165985,-0.17829227447509766,-0.10588783657226486,-0.1718100607395172,-0.13896548748016357,-0.06742317860994262,-0.2819761037826538,-0.08711951971054077,-0.09362053012523575,-0.24888545274734497,-0.0682215690612793,-0.08715025967035217,-0.20345205068588257,-0.07451236248016357,-0.08150412773761673,-0.16597142815589905,-0.04445493221282959,-0.07637523746166153,-0.25968390703201294,-0.013720452785491943,-0.09693938380155487,-0.2248235046863556,-0.0008096098899841309,-0.07245255148086471,-0.18643537163734436,-0.006958961486816406,-0.054706572350596616,-0.15640711784362793,0.047588348388671875,-0.08477374052677078,-0.23493340611457825,0.047539353370666504,-0.09401965772781296,-0.20590630173683167,0.05433464050292969,-0.07130330687436981,-0.1733904778957367,0.05298876762390137,-0.05338695159230156
G,0.0,0.0,0.0,-0.05340641736984253,-0.10648006200790405,-0.0019487567808482709,-0.15341594815254211,-0.1521778106689453,-0.018873845143616563,-0.25245794653892517,-0.13507014513015747,-0.034565594895184404,-0.3213750422000885,-0.1350078582763672,-0.0522936479285363,-0.17096596956253052,-0.23317962884902954,-0.05478673885613716,-0.3014022409915924,-0.21476131677627563,-0.0837023080423478,-0.38288767635822296,-0.19977658987045288,-0.09902013550549782,-0.44602660834789276,-0.1848059892654419,-0.1096061588361863,-0.1739324927330017,-0.14408469200134277,-0.06722211550027168,-0.28516653180122375,-0.09183639287948608,-0.09458891014605797,-0.2502945363521576,-0.07349079847335815,-0.08968840996772087,-0.2048865556716919,-0.08042550086975098,-0.08536979268342293,-0.1679522693157196,-0.05000126361846924,-0.07673430155068672,-0.2638612985610962,-0.01839965581893921,-0.09708687375336922,-0.22710144519805908,-0.006054222583770752,-0.07184375534802712,-0.18744605779647827,-0.012928307056427002,-0.05397371660023964,-0.1569909155368805,0.042250633239746094,-0.08588749627620018,-0.2342676818370819,0.04637104272842407,-0.09557150761634148,-0.20535442233085632,0.05185091495513916,-0.07335244576484001,-0.17311200499534607,0.048223912715911865,-0.05572707290798462
G,0.0,0.0,0.0,-0.051755428314208984,-0.10916203260421753,0.002000414020955077,-0.1512032449245453,-0.15379375219345093,-0.013527393853649983,-0.2486049234867096,-0.13743650913238525,-0.028279399080560097,-0.3183414041996002,-0.13396090269088745,-0.04569278615562666,-0.1739066243171692,-0.23225045204162598,-0.05636160033790816,-0.30346059799194336,-0.21564781665802002,-0.08706450047938574,-0.3842659592628479,-0.2022591233253479,-0.10392502280919302,-0.44643376767635345,-0.18840712308883667,-0.11480889800040472,-0.17626148462295532,-0.14624249935150146,-0.06944185080973853,-0.2865876853466034,-0.09126967191696167,-0.09352346840350378,-0.253936231136322,-0.07008898258209229,-0.08580550882069815,-0.2099531590938568,-0.07468998432159424,-0.08057532790152777,-0.16933348774909973,-0.05224466323852539,-0.0793480235621189,-0.26621752977371216,-0.0183219313621521,-0.09815848949401129,-0.23091411590576172,-0.005880534648895264,-0.07287729117123831,-0.19184014201164246,-0.012597918510437012,-0.055571853695795426,-0.15663817524909973,0.0395088791847229,-0.08823681208340872,-0.2359662652015686,0.046771883964538574,-0.09697220060078848,-0.20844775438308716,0.05239158868789673,-0.07382302316872824,-0.1755737066268921,0.04966813325881958,-0.055756557314083466
G,0.0,0.0,0.0,-0.05067834258079529,-0.10874688625335693,0.004068539389123771,-0.1484231948852539,-0.1565415859222412,-0.009623848456243422,-0.24517494440078735,-0.14062190055847168,-0.023110497365991023,-0.3125443458557129,-0.13804227113723755,-0.0392153557346262,-0.17112869024276733,-0.23428291082382202,-0.052762947599688914,-0.29972341656684875,-0.21799418330192566,-0.08112778849462643,-0.3792693167924881,-0.20304477214813232,-0.09638112373212948,-0.44187168776988983,-0.1886751651763916,-0.10673006213764324,-0.1734391450881958,-0.14741039276123047,-0.06703783161501065,-0.2818390130996704,-0.09356069564819336,-0.08963871337036267,-0.2495049238204956,-0.07480669021606445,-0.08189815617660656,-0.2060336172580719,-0.08135437965393066,-0.07721618152717724,-0.1669292449951172,-0.05449545383453369,-0.07807065881351605,-0.2604604661464691,-0.019926846027374268,-0.09447122700075283,-0.2257976233959198,-0.008288204669952393,-0.06899195499281063,-0.187970370054245,-0.01629042625427246,-0.05249502844671383,-0.15525642037391663,0.03628098964691162,-0.08831806815723553,-0.2299990952014923,0.044904232025146484,-0.09510267115692272,-0.2023649513721466,0.04951244592666626,-0.07245729453424588,-0.17062115669250488,0.04452097415924072,-0.055491752545634654
G,0.0,0.0,0.0,-0.051093339920043945,-0.10588204860687256,0.004712031552827511,-0.14846503734588623,-0.15692883729934692,-0.008052904760205593,-0.2440822720527649,-0.14905917644500732,-0.020205725585782375,-0.31325531005859375,-0.14753776788711548,-0.03488266341921076,-0.16825515031814575,-0.236739844083786,-0.05500437565680727,-0.2965855896472931,-0.2175171971321106,-0.08558539175029978,-0.3739980608224869,-0.20258468389511108,-0.101605138411486,-0.4344509392976761,-0.18957841396331787,-0.11169179402824625,-0.1699943244457245,-0.15610074996948242,-0.06922824554678186,-0.28028976917266846,-0.09670698642730713,-0.09331784271236643,-0.2500886619091034,-0.07353842258453369,-0.08489563935037836,-0.2067534327507019,-0.08041191101074219,-0.0791979568504928,-0.16507121920585632,-0.06591320037841797,-0.08037067823644861,-0.26139530539512634,-0.021172702312469482,-0.10006499909397348,-0.22940760850906372,-0.0036826729774475098,-0.07597102098699793,-0.19226431846618652,-0.014246642589569092,-0.05928536378380045,-0.15505611896514893,0.023876667022705078,-0.09028762452837213,-0.23182857036590576,0.043469011783599854,-0.09964697681900248,-0.20373523235321045,0.053477466106414795,-0.07790587716337427,-0.1706928312778473,0.047581493854522705,-0.06087988488908991
G,0.0,0.0,0.0,-0.046899259090423584,-0.10523980855941772,-0.003049449700029072,-0.14319705963134766,-0.16014808416366577,-0.01993348513087767,-0.238599956035614,-0.15794235467910767,-0.035894601310701546,-0.30735906958580017,-0.17131108045578003,-0.05425973113915461,-0.1634993553161621,-0.2375117540359497,-0.05757636826774615,-0.29303017258644104,-0.2127353549003601,-0.08968069281718272,-0.3718163073062897,-0.19768542051315308,-0.10697217162987727,-0.433304026722908,-0.18472892045974731,-0.1186927917256071,-0.16427943110466003,-0.15286046266555786,-0.07122372713229197,-0.27781766653060913,-0.09115719795227051,-0.1017397778882696,-0.242223858833313,-0.07350426912307739,-0.09730858233115214,-0.19665494561195374,-0.08400547504425049,-0.09331344690463084,-0.1574397087097168,-0.05945652723312378,-0.0825306611909582,-0.25606781244277954,-0.015283584594726562,-0.10853560891291636,-0.2184472680091858,-0.0010808706283569336,-0.08424457785031336,-0.17955267429351807,-0.014078974723815918,-0.0659937697305395,-0.14664670825004578,0.03372138738632202,-0.09336596604725855,-0.22852525115013123,0.048116087913513184,-0.10840342071196574,-0.19935640692710876,0.057880282402038574,-0.08745321508786219,-0.16686594486236572,0.05172312259674072,-0.07006434973618525
G,0.0,0.0,0.0,-0.05018061399459839,-0.11067140102386475,0.0014599954483855981,-0.1476289927959442,-0.17867103219032288,-0.01091184415781754,-0.2419220507144928,-0.19612613320350647,-0.02188926325106877,-0.3124792277812958,-0.20418840646743774,-0.03568575107419747,-0.16492754220962524,-0.2307368516921997,-0.06360309519732255,-0.29441505670547485,-0.20394152402877808,-0.09746298887694138,-0.37403543293476105,-0.18607711791992188,-0.11470200070107239,-0.4357074946165085,-0.1724063754081726,-0.1257563749786641,-0.16499975323677063,-0.1446932554244995,-0.07807115414107102,-0.27668479084968567,-0.0820244550704956,-0.10407607951128739,-0.24083903431892395,-0.06589680910110474,-0.09459364362919587,-0.19569090008735657,-0.07910478115081787,-0.08914513089621323,-0.15879550576210022,-0.05098932981491089,-0.09003719636166352,-0.25889986753463745,-0.006910979747772217,-0.11276876130068558,-0.2208726406097412,0.003891170024871826,-0.08810927667582291,-0.18071934580802917,-0.01194918155670166,-0.07140755602085846,-0.14682960510253906,0.04018747806549072,-0.1011967281338002,-0.22749507427215576,0.059420883655548096,-0.11406479724610108,-0.19999828934669495,0.063609778881073,-0.09375414200985688,-0.16719704866409302,0.05582749843597412,-0.0780399734612729
G,0.0,0.0,0.0,-0.04982107877731323,-0.1045534610748291,-0.00033301628457138577,-0.1475902497768402,-0.16565269231796265,-0.01602238429506997,-0.2409888207912445,-0.18293100595474243,-0.031308112794363296,-0.31223931908607483,-0.20513415336608887,-0.04961363052746037,-0.16318705677986145,-0.22996735572814941,-0.060033364349806106,-0.29159998893737793,-0.207730233669281,-0.09165740212222317,-0.36977437138557434,-0.1941719651222229,-0.10679798027297238,-0.4307895600795746,-0.18219971656799316,-0.1169118454100726,-0.16305485367774963,-0.14885252714157104,-0.07482008090039471,-0.2785792052745819,-0.0897359848022461,-0.10453670671006421,-0.24296587705612183,-0.07159215211868286,-0.0975535308363078,-0.19790488481521606,-0.08246791362762451,-0.09190745105763654,-0.15568020939826965,-0.05713784694671631,-0.08689719637652615,-0.25845712423324585,-0.01365053653717041,-0.1129922812225459,-0.22019964456558228,0.0008925199508666992,-0.08758109262009839,-0.17988714575767517,-0.012735545635223389,-0.06865297456999997,-0.1445731222629547,0.03354531526565552,-0.09808749159594754,-0.2259117066860199,0.05110055208206177,-0.11428021838685254,-0.19747406244277954,0.05985146760940552,-0.09422193666716794,-0.1651666760444641,0.05255448818206787,-0.07744240959902982
G,0.0,0.0,0.0,-0.04613906145095825,-0.10910242795944214,-0.00025793501322368684,-0.1432214379310608,-0.17950844764709473,-0.01591504078737671,-0.23757168650627136,-0.21153151988983154,-0.03047175791493828,-0.3101634085178375,-0.23892080783843994,-0.048326465230502436,-0.15859153866767883,-0.22935235500335693,-0.06674927372864659,-0.28993991017341614,-0.20566821098327637,-0.09905658562115605,-0.36765703558921814,-0.19052958488464355,-0.11363423515490467,-0.4277345687150955,-0.1786152720451355,-0.12329005349806721,-0.15734833478927612,-0.14598357677459717,-0.08122460443905766,-0.2728501558303833,-0.09047603607177734,-0.10874511946371967,-0.2362751066684723,-0.07547062635421753,-0.09848699618510182,-0.19173717498779297,-0.08772772550582886,-0.09200637687376911,-0.14970239996910095,-0.05408984422683716,-0.09283544022969181,-0.24821379780769348,-0.01329571008682251,-0.11604314197234089,-0.20845258235931396,-0.002087533473968506,-0.08819032360247547,-0.1695311963558197,-0.017395079135894775,-0.06924278933934147,-0.13914579153060913,0.03498572111129761,-0.10367970813445027,-0.2172817587852478,0.05006718635559082,-0.11733655531338627,-0.18701666593551636,0.057129502296447754,-0.09583021600178654,-0.15527251362800598,0.049388110637664795,-0.07932128657034809
G,0.0,0.0,0.0,-0.04875504970550537,-0.10481327772140503,-0.0005375043009223646,-0.14797350764274597,-0.1797993779182434,-0.01598201689634493,-0.24222791194915771,-0.2195357084274292,-0.030486907785274298,-0.31514593958854675,-0.24980103969573975,-0.04798847434435061,-0.15739762783050537,-0.228105366230011,-0.06618487087402514,-0.28881120681762695,-0.20323187112808228,-0.09873322395000628,-0.36705127358436584,-0.18633559346199036,-0.11210327593002489,-0.42633552849292755,-0.17439916729927063,-0.12097814676675966,-0.15440315008163452,-0.14742794632911682,-0.08201216903839281,-0.27287229895591736,-0.08442753553390503,-0.11182159927997759,-0.2374667525291443,-0.06704270839691162,-0.10184034702692202,-0.19349923729896545,-0.0834394097328186,-0.09539138523254564,-0.14651277661323547,-0.056376099586486816,-0.09529449043188265,-0.24949190020561218,-0.006140351295471191,-0.12271135297928026,-0.20959708094596863,0.006445586681365967,-0.0955644175163286,-0.1692841649055481,-0.013666093349456787,-0.07646868375454119,-0.1363087296485901,0.0317649245262146,-0.10770858076725176,-0.21579232811927795,0.0565914511680603,-0.12520222363386324,-0.1844276487827301,0.06297034025192261,-0.10508597639713457,-0.1514110565185547,0.05028879642486572,-0.08918337521467379
G,0.0,0.0,0.0,-0.048627495765686035,-0.10132884979248047,-0.0020676496301064162,-0.14808285236358643,-0.17296940088272095,-0.018602907317898598,-0.24575892090797424,-0.2043215036392212,-0.03340569290818962,-0.31874150037765503,-0.23573580384254456,-0.05112551677527222,-0.15700003504753113,-0.22905302047729492,-0.06746840256752762,-0.2841304540634155,-0.20517459511756897,-0.09808914888205322,-0.36185452342033386,-0.1900126338005066,-0.11023853498997482,-0.42272165417671204,-0.17995420098304749,-0.11911674368681702,-0.15442976355552673,-0.1483239233493805,-0.08307263779940399,-0.2728179395198822,-0.08874940872192383,-0.11144744384588989,-0.23736831545829773,-0.07022255659103394,-0.10133135843577179,-0.19317001104354858,-0.08424466848373413,-0.09519018757643494,-0.14716613292694092,-0.057218849658966064,-0.09597085941138062,-0.24815049767494202,-0.009025812149047852,-0.12226714718642029,-0.207174152135849,0.0050084590911865234,-0.09487017023863586,-0.16729974746704102,-0.012795627117156982,-0.07601924020352158,-0.13805913925170898,0.03172421455383301,-0.10805799591841492,-0.21765214204788208,0.05419427156448364,-0.12491015124621185,-0.1854270100593567,0.060745835304260254,-0.10450024682583603,-0.15322712063789368,0.04932904243469238,-0.08870605159106049
G,0.0,0.0,0.0,-0.04978209733963013,-0.10097330808639526,-0.004734900612277215,-0.15273010730743408,-0.17141932249069214,-0.022937105800849622,-0.252221018075943,-0.20508429408073425,-0.039183493535858815,-0.32696402072906494,-0.24389886856079102,-0.05808057991777105,-0.15510794520378113,-0.23532670736312866,-0.06867793185625715,-0.2817525863647461,-0.21022740006446838,-0.10129694623861951,-0.3606240153312683,-0.19505161046981812,-0.11482661945734662,-0.4236394912004471,-0.18524876236915588,-0.1250755040160243,-0.15134453773498535,-0.1574336290359497,-0.0840642301550929,-0.2736412584781647,-0.09202849864959717,-0.11741675419722242,-0.2354896068572998,-0.07275903224945068,-0.1089331431499545,-0.18962740898132324,-0.08845198154449463,-0.1027824057451312,-0.14332380890846252,-0.06720918416976929,-0.09712003899727506,-0.24832254648208618,-0.011961638927459717,-0.1275433151236598,-0.20622295141220093,0.0015691518783569336,-0.10019847733889264,-0.16560205817222595,-0.01977592706680298,-0.08031678182993574,-0.13388264179229736,0.021728575229644775,-0.10957109166298551,-0.21469667553901672,0.04936981201171875,-0.12980470044527692,-0.18187788128852844,0.0570523738861084,-0.1104634029975955,-0.1495036482810974,0.04321163892745972,-0.09479919804249448
G,0.0,0.0,0.0,-0.048992812633514404,-0.0982208251953125,-0.0028055487024118975,-0.14779075980186462,-0.1666596233844757,-0.021231234754480965,-0.2484360933303833,-0.18531322479248047,-0.03810625963942016,-0.3259131610393524,-0.20292162895202637,-0.05752052434817756,-0.15208640694618225,-0.2390507459640503,-0.065517008985438,-0.2779512405395508,-0.21056467294692993,-0.09749563851491416,-0.35679173469543457,-0.19775807857513428,-0.11199860342875922,-0.4187861233949661,-0.18823835253715515,-0.12293684550658668,-0.1469220221042633,-0.15893623232841492,-0.08178205856219734,-0.26638805866241455,-0.09369152784347534,-0.11380365558997596,-0.22902342677116394,-0.07745528221130371,-0.10657630928889716,-0.1832560896873474,-0.09255355596542358,-0.1020417145742556,-0.13834023475646973,-0.06846737861633301,-0.09561514922515357,-0.24383491277694702,-0.017151057720184326,-0.12633302130834068,-0.2026563584804535,-0.004992306232452393,-0.10124743797913993,-0.16225078701972961,-0.02425307035446167,-0.08304964819089378,-0.1295330822467804,0.02020162343978882,-0.1084327108515879,-0.21322640776634216,0.04260736703872681,-0.12882167914048637,-0.18096312880516052,0.04957568645477295,-0.11003395983115638,-0.14805647730827332,0.03703552484512329,-0.09499948539868797
G,0.0,0.0,0.0,-0.04743516445159912,-0.09562492370605469,-0.007664027693664366,-0.14522913098335266,-0.15769249200820923,-0.02929447458589607,-0.24833428859710693,-0.15816593170166016,-0.04854132474864059,-0.3249366879463196,-0.1638191044330597,-0.06965193019712501,-0.14862856268882751,-0.24099531769752502,-0.0674692081054502,-0.2752740979194641,-0.21698343753814697,-0.10132842378223472,-0.35481275618076324,-0.20646482706069946,-0.11697499321306282,-0.41745683550834656,-0.19799530506134033,-0.12871519343460136,-0.14565640687942505,-0.16158533096313477,-0.08248235897625023,-0.2662917971611023,-0.09574764966964722,-0.11839776353443199,-0.22833317518234253,-0.07759654521942139,-0.1134892316302114,-0.182746022939682,-0.09286624193191528,-0.10949276254976326,-0.1392466425895691,-0.07192635536193848,-0.09564965830648475,-0.24405959248542786,-0.018916070461273193,-0.12928005175197654,-0.2025867998600006,-0.005057573318481445,-0.10523813830221229,-0.16336089372634888,-0.02452617883682251,-0.08667547868097358,-0.13291701674461365,0.017121493816375732,-0.10831826047504478,-0.2146543562412262,0.04188567399978638,-0.13098614530170494,-0.1825430691242218,0.04931986331939697,-0.11377172039354377,-0.15181562304496765,0.034544169902801514,-0.09909336881244712
G,0.0,0.0,0.0,-0.04850316047668457,-0.0975639820098877,-0.004132754452911058,-0.1442604660987854,-0.1579737365245819,-0.02681406569146816,-0.24788695573806763,-0.15079709887504578,-0.04829890076482002,-0.32403111457824707,-0.14347636699676514,-0.07233065162265007,-0.14862754940986633,-0.2469300627708435,-0.06540789995753471,-0.27038905024528503,-0.22792160511016846,-0.0986815223511428,-0.34862732887268066,-0.22027331590652466,-0.11491744015776817,-0.41108548641204834,-0.21437028050422668,-0.12758981977069084,-0.1435610055923462,-0.16784623265266418,-0.08332250807845298,-0.2652951180934906,-0.1007685661315918,-0.11727804486119453,-0.2288159728050232,-0.08220487833023071,-0.111971212368843,-0.18427526950836182,-0.09676361083984375,-0.10880662296378318,-0.13425719738006592,-0.07694351673126221,-0.09904667530619804,-0.24391674995422363,-0.028014183044433594,-0.13120415602290336,-0.2042350172996521,-0.01441270112991333,-0.10590890590512458,-0.16386598348617554,-0.031277596950531006,-0.08735289220177833,-0.1250443160533905,0.01395350694656372,-0.11406512353980247,-0.21420139074325562,0.03256005048751831,-0.135974017721054,-0.1843905746936798,0.03923839330673218,-0.11736061219536964,-0.1519089937210083,0.02654033899307251,-0.10214039478861991
G,0.0,0.0,0.0,-0.04812198877334595,-0.0991295874118805,-0.005228383231099087,-0.1436828374862671,-0.15897125005722046,-0.028092779914970833,-0.24724030494689941,-0.14665350317955017,-0.04906177962863012,-0.3217083513736725,-0.1350795328617096,-0.07236565346562429,-0.14584487676620483,-0.245158851146698,-0.06513448501669927,-0.268341064453125,-0.2260042428970337,-0.09674736554467245,-0.344417929649353,-0.21652233600616455,-0.11211778665625616,-0.4057551175355911,-0.21004945039749146,-0.12456708843552633,-0.14228102564811707,-0.1647433042526245,-0.08163284207427068,-0.26396316289901733,-0.10197794437408447,-0.11494531924569173,-0.2262345254421234,-0.08376181125640869,-0.11013672942959829,-0.181208997964859,-0.09814465045928955,-0.1073392599328713,-0.13565650582313538,-0.07487726211547852,-0.09578340942704244,-0.24171403050422668,-0.027937352657318115,-0.1257815479739861,-0.20194631814956665,-0.015420854091644287,-0.10145578975522085,-0.16257160902023315,-0.03115171194076538,-0.08424564148032232,-0.12986892461776733,0.015048325061798096,-0.10944477165782018,-0.21234533190727234,0.034599363803863525,-0.13066175277077718,-0.1808978021144867,0.03963112831115723,-0.11351415957057043,-0.14946895837783813,0.02630603313446045,-0.09955696458661123
G,0.0,0.0,0.0,-0.05024808645248413,-0.10019063949584961,-0.006172590604734296,-0.14329445362091064,-0.160404771566391,-0.028875420051377887,-0.2424607276916504,-0.1512056589126587,-0.049935408117931956,-0.3162168860435486,-0.14521867036819458,-0.07326194662110197,-0.14257380366325378,-0.25057458877563477,-0.06275643426434385,-0.2619161605834961,-0.2357967495918274,-0.09426167625443327,-0.33813712000846863,-0.22861269116401672,-0.10994868743674147,-0.398432195186615,-0.22307491302490234,-0.12249746191756117,-0.1374344825744629,-0.17594945430755615,-0.07900148648278105,-0.25746285915374756,-0.10961440205574036,-0.11145803350464689,-0.22356417775154114,-0.08795660734176636,-0.10676033813015806,-0.18108320236206055,-0.10071054100990295,-0.10432570445792066,-0.12951606512069702,-0.08954012393951416,-0.09338704514757978,-0.23654687404632568,-0.03863263130187988,-0.12304062414423811,-0.19986605644226074,-0.0230790376663208,-0.09877410549179899,-0.16229933500289917,-0.039619386196136475,-0.08191794175164091,-0.12300598621368408,-0.003158092498779297,-0.10753340292231428,-0.208581805229187,0.020319700241088867,-0.12845571357266294,-0.1789472997188568,0.02907252311706543,-0.11087773013369429,-0.14756044745445251,0.01570284366607666,-0.09683460015313017
G,0.0,0.0,0.0,-0.05004429817199707,-0.09977865219116211,-0.0034366177652032093,-0.14250844717025757,-0.15687653422355652,-0.028384862679615708,-0.24333456158638,-0.14621645212173462,-0.051881442058459015,-0.31762051582336426,-0.14183321595191956,-0.07790101527012894,-0.1369759440422058,-0.25053340196609497,-0.06854290722645828,-0.25914499163627625,-0.2351125180721283,-0.10193002431429932,-0.33712732791900635,-0.22727081179618835,-0.1186539476994426,-0.39858174324035645,-0.2230444848537445,-0.13236307560242722,-0.1294040083885193,-0.17519977688789368,-0.08692843674458572,-0.25649845600128174,-0.10744431614875793,-0.12001928149499008,-0.2214115858078003,-0.08577507734298706,-0.11419326274432251,-0.17716315388679504,-0.09898439049720764,-0.1122663041833789,-0.12177664041519165,-0.0874066948890686,-0.10300272910632202,-0.23593559861183167,-0.0372888445854187,-0.13210647760666916,-0.19836917519569397,-0.023866653442382812,-0.10640586375035355,-0.15880802273750305,-0.04018598794937134,-0.09008134363926956,-0.11615389585494995,0.00047147274017333984,-0.11852953790463516,-0.20687025785446167,0.026024997234344482,-0.13998676298893997,-0.17848962545394897,0.0318903923034668,-0.12278852074183533,-0.14586114883422852,0.01849597692489624,-0.10982231258191177
G,0.0,0.0,0.0,-0.05048877000808716,-0.09723314642906189,-0.006666986596172819,-0.14414554834365845,-0.15082904696464539,-0.03283372181314803,-0.24495834112167358,-0.13969019055366516,-0.05740357967872001,-0.3199042081832886,-0.1347760558128357,-0.0843806493546424,-0.13624298572540283,-0.24707567691802979,-0.06880271467227317,-0.2582590579986572,-0.23243480920791626,-0.1035163927342353,-0.3368971347808838,-0.22592052817344666,-0.12204415383595801,-0.3993631601333618,-0.2228049635887146,-0.13724807682294227,-0.12801027297973633,-0.17363059520721436,-0.08595561268586493,-0.255445271730423,-0.10402277112007141,-0.12061018529195167,-0.22224581241607666,-0.08261322975158691,-0.11687596174735404,-0.1795366108417511,-0.09593677520751953,-0.11647804113883353,-0.12010693550109863,-0.08674132823944092,-0.10121903600949622,-0.23615115880966187,-0.034593939781188965,-0.1316281634833274,-0.1995963454246521,-0.0215531587600708,-0.10718280854482032,-0.15995341539382935,-0.037945568561553955,-0.09153789314288474,-0.11423814296722412,0.00032258033752441406,-0.11634306642073966,-0.2070416510105133,0.027180612087249756,-0.139950745132154,-0.17932268977165222,0.032785892486572266,-0.12416479023951865,-0.1453312635421753,0.019109249114990234,-0.11175099792737342
G,0.0,0.0,0.0,-0.05065518617630005,-0.0980328917503357,-0.004092736576438938,-0.14520293474197388,-0.15050116181373596,-0.02873954636672238,-0.24341163039207458,-0.13628584146499634,-0.05226538417556981,-0.3167339563369751,-0.13397768139839172,-0.07814474491098622,-0.13422781229019165,-0.2473008632659912,-0.0640662544749091,-0.2535231411457062,-0.23532569408416748,-0.09767086891153554,-0.3312889337539673,-0.22883272171020508,-0.11576856760004262,-0.3934531807899475,-0.22540923953056335,-0.13079204497554997,-0.12653154134750366,-0.17426800727844238,-0.0823801839135001,-0.2535457909107208,-0.10562410950660706,-0.11795066384294728,-0.2194417417049408,-0.08251869678497314,-0.11550062982061604,-0.1767047643661499,-0.09497454762458801,-0.11506074754217366,-0.11936765909194946,-0.08780521154403687,-0.09855963376978139,-0.23415571451187134,-0.03285503387451172,-0.12905193207481602,-0.19737714529037476,-0.020064353942871094,-0.10564290819385747,-0.1589249074459076,-0.037135541439056396,-0.09007755009153584,-0.11367630958557129,0.00010991096496582031,-0.11432778922537068,-0.2054915428161621,0.028345108032226562,-0.13750540552356938,-0.17722612619400024,0.033122479915618896,-0.12172482249954442,-0.14422643184661865,0.018453657627105713,-0.10890386340835789
G,0.0,0.0,0.0,-0.05312323570251465,-0.09451556205749512,-0.005553964490559338,-0.14489609003067017,-0.14816591143608093,-0.032178924384083984,-0.2416847050189972,-0.13782772421836853,-0.05798534766074681,-0.31503546237945557,-0.1376115083694458,-0.086132043006387,-0.1335458755493164,-0.24834197759628296,-0.0659557813429501,-0.2511592507362366,-0.23722001910209656,-0.10253113597866559,-0.33012306690216064,-0.23174521327018738,-0.12280681073900723,-0.3931155800819397,-0.22886061668395996,-0.13924139082666898,-0.12306219339370728,-0.1787572205066681,-0.0847875484847691,-0.25029638409614563,-0.10796326398849487,-0.1225128480815556,-0.21796274185180664,-0.08537399768829346,-0.1213575312518742,-0.17654812335968018,-0.09990864992141724,-0.12202477544781232,-0.11399805545806885,-0.09400969743728638,-0.10181939691540265,-0.2335042655467987,-0.03708750009536743,-0.1339133763336804,-0.1975271999835968,-0.02333587408065796,-0.10955845654245877,-0.15837448835372925,-0.041729629039764404,-0.09353661626812482,-0.10676330327987671,-0.007854640483856201,-0.1187686556601193,-0.20181316137313843,0.025605380535125732,-0.1433134609484341,-0.1753769814968109,0.03047764301300049,-0.12736138046022916,-0.1417880654335022,0.014325320720672607,-0.11442573458191418
G,0.0,0.0,0.0,-0.051837027072906494,-0.09565883874893188,-0.007592704899337832,-0.1426066756248474,-0.15123194456100464,-0.0338087364171713,-0.24169424176216125,-0.14014628529548645,-0.05851301393258268,-0.3131440281867981,-0.13891223073005676,-0.08532254985320264,-0.13076680898666382,-0.24762409925460815,-0.06446083477484876,-0.2480047643184662,-0.2375032901763916,-0.1013882367943495,-0.3264738917350769,-0.2307804524898529,-0.12275919160592252,-0.3904680013656616,-0.2251206636428833,-0.14003938278901273,-0.12201583385467529,-0.17840048670768738,-0.08186633727299863,-0.25045695900917053,-0.1077410876750946,-0.12049327633130247,-0.21566176414489746,-0.08614832162857056,-0.12062614998566801,-0.1727330982685089,-0.10132423043251038,-0.12183579644906217,-0.114948570728302,-0.0948253870010376,-0.09782477310645277,-0.2320779263973236,-0.03721863031387329,-0.13043521187054807,-0.19499611854553223,-0.023582756519317627,-0.10718795499550993,-0.15580332279205322,-0.041568100452423096,-0.09146349719512159,-0.11013787984848022,-0.008909165859222412,-0.11394323996054823,-0.20234274864196777,0.02456599473953247,-0.13877026579129392,-0.17364877462387085,0.030151188373565674,-0.12337025097357923,-0.14050298929214478,0.01418924331665039,-0.11054537287699873
G,0.0,0.0,0.0,-0.05168396234512329,-0.09538304805755615,-0.004414312788071584,-0.14223146438598633,-0.15057525038719177,-0.030518156722905587,-0.23825287818908691,-0.14240646362304688,-0.05604576809776063,-0.30911538004875183,-0.14360398054122925,-0.08403585223925347,-0.12811040878295898,-0.24808675050735474,-0.06583658723604913,-0.24912011623382568,-0.23671233654022217,-0.10307453690541024,-0.32789891958236694,-0.22975265979766846,-0.12410685537827248,-0.39077556133270264,-0.2252848744392395,-0.14093181608689065,-0.11745774745941162,-0.17763477563858032,-0.08540704219115014,-0.2476036548614502,-0.10827776789665222,-0.12467611698878045,-0.2147655487060547,-0.08606916666030884,-0.12427026151192422,-0.17187708616256714,-0.10141432285308838,-0.1250238281346583,-0.10886669158935547,-0.09329897165298462,-0.10307870923054452,-0.22806784510612488,-0.03988558053970337,-0.1353481870747828,-0.19312793016433716,-0.026594698429107666,-0.11112734048140283,-0.15371674299240112,-0.045195162296295166,-0.09494709341299767,-0.10265731811523438,-0.0075019001960754395,-0.12066473184597726,-0.1972087025642395,0.022363483905792236,-0.1450496178723597,-0.1710190773010254,0.027449727058410645,-0.12895730255615945,-0.13765394687652588,0.011151731014251709,-0.11575234799158807
G,0.0,0.0,0.0,-0.05427747964859009,-0.09439897537231445,-0.004208692100831968,-0.14358365535736084,-0.151088684797287,-0.029293834448793632,-0.23875224590301514,-0.14336466789245605,-0.05435782972071479,-0.307153582572937,-0.14376559853553772,-0.08193628418538879,-0.12737417221069336,-0.2440609335899353,-0.06088192689512084,-0.24606278538703918,-0.23455145955085754,-0.09671066629979919,-0.3234354257583618,-0.2264018952846527,-0.11728324669692825,-0.38543570041656494,-0.2209455370903015,-0.13389939743373702,-0.11713767051696777,-0.17363741993904114,-0.08030530738923858,-0.24691808223724365,-0.10972374677658081,-0.11915706026647399,-0.2159489393234253,-0.09160423278808594,-0.12037802416179488,-0.1748238205909729,-0.10845935344696045,-0.1221697844872267,-0.10895711183547974,-0.09075289964675903,-0.09791785407159637,-0.22736775875091553,-0.039416611194610596,-0.13031516152713607,-0.19301870465278625,-0.029204130172729492,-0.10793469029758285,-0.15446513891220093,-0.04785102605819702,-0.09264630752895187,-0.10382944345474243,-0.006943404674530029,-0.1154949285397322,-0.19726550579071045,0.021540403366088867,-0.13991645652149032,-0.17110717296600342,0.024930596351623535,-0.12469966638181518,-0.13786715269088745,0.0085524320602417,-0.11199458617065261
G,0.0,0.0,0.0,-0.05063563585281372,-0.09463095664978027,-0.00458849852543608,-0.14006930589675903,-0.14942890405654907,-0.02934459156927005,-0.23442727327346802,-0.1428425908088684,-0.05377384952839748,-0.30364716053009033,-0.14665856957435608,-0.08042057908710376,-0.12284523248672485,-0.24598819017410278,-0.059939134191836274,-0.23839443922042847,-0.23605233430862427,-0.09384805269178287,-0.3128415048122406,-0.22664770483970642,-0.1124690429085149,-0.3708345890045166,-0.2201107144355774,-0.12756610221799747,-0.1134955883026123,-0.17566534876823425,-0.0786112353914632,-0.2407144010066986,-0.11173093318939209,-0.1157661259883298,-0.20989522337913513,-0.09195876121520996,-0.11612835831579105,-0.16949093341827393,-0.10737687349319458,-0.11729987270769016,-0.10644298791885376,-0.09238541126251221,-0.09553309835132495,-0.22384899854660034,-0.04302406311035156,-0.12752302296098605,-0.18882834911346436,-0.032531023025512695,-0.10580028153594867,-0.1508522629737854,-0.05049008131027222,-0.09093798257049457,-0.10186654329299927,-0.008639276027679443,-0.11222806878026859,-0.19342219829559326,0.01839381456375122,-0.13681000776227847,-0.16665434837341309,0.021146535873413086,-0.12233940071996585,-0.13364624977111816,0.004956722259521484,-0.11012517220910922
G,0.0,0.0,0.0,-0.051744818687438965,-0.09485691785812378,-0.003516645406051566,-0.1406651735305786,-0.15047484636306763,-0.02694870252409487,-0.23307672142982483,-0.14679038524627686,-0.050546771849184324,-0.3007082939147949,-0.14924746751785278,-0.07637930196025877,-0.11849242448806763,-0.24689722061157227,-0.054958331401138594,-0.2310410737991333,-0.23365312814712524,-0.08793629985549956,-0.3042216897010803,-0.22522005438804626,-0.10668304842212706,-0.36110109090805054,-0.21860671043395996,-0.12218065094450026,-0.10813015699386597,-0.17740583419799805,-0.07450196426609068,-0.23790854215621948,-0.11313086748123169,-0.11138066929080992,-0.20657020807266235,-0.09304577112197876,-0.11228059511878996,-0.16551977396011353,-0.10855227708816528,-0.11367077660062819,-0.09978115558624268,-0.09533089399337769,-0.09254041593769102,-0.21856382489204407,-0.045095205307006836,-0.12508827727535277,-0.1849128007888794,-0.03521537780761719,-0.10419307183721571,-0.14741158485412598,-0.05370134115219116,-0.08949952852228193,-0.0939931869506836,-0.012189030647277832,-0.11034225207069426,-0.18810051679611206,0.014858782291412354,-0.13563938718536406,-0.1631452441215515,0.017535507678985596,-0.12168399524190932,-0.1302439570426941,0.002044975757598877,-0.10972157400348692
G,0.0,0.0,0.0,-0.04826092720031738,-0.09565967321395874,-0.003414946695357912,-0.1374419927597046,-0.15126317739486694,-0.027070873969734066,-0.23108822107315063,-0.14775246381759644,-0.0506520453780297,-0.2995946407318115,-0.1495264172554016,-0.07689385823303496,-0.11479449272155762,-0.2422870695590973,-0.055634267249644154,-0.22745928168296814,-0.2289234697818756,-0.08678143433624541,-0.30061882734298706,-0.22263988852500916,-0.1045974265723828,-0.35691189765930176,-0.21714377403259277,-0.11985781005913054,-0.10552716255187988,-0.17201247811317444,-0.07443993500763213,-0.23551461100578308,-0.11211371421813965,-0.10877455733114516,-0.20429009199142456,-0.09184765815734863,-0.10887893251472747,-0.16297966241836548,-0.10449838638305664,-0.1104727756171826,-0.097775399684906,-0.09015083312988281,-0.09145241192871367,-0.21566876769065857,-0.04442495107650757,-0.12155710867935454,-0.18219804763793945,-0.034525513648986816,-0.10063443295055663,-0.14452147483825684,-0.05021113157272339,-0.08683866969639098,-0.09250909090042114,-0.007333099842071533,-0.10814621261650359,-0.1865118145942688,0.015963077545166016,-0.13256857506328856,-0.16117829084396362,0.0192183256149292,-0.11877610496574675,-0.12808561325073242,0.0058550238609313965,-0.10743325910860335
G,0.0,0.0,0.0,-0.05026125907897949,-0.09276330471038818,-0.005223197416142966,-0.13668155670166016,-0.1472911238670349,-0.029809013494030978,-0.22789588570594788,-0.14474374055862427,-0.05423762697793677,-0.29505419731140137,-0.14683964848518372,-0.08095353517748549,-0.11035937070846558,-0.23894628882408142,-0.05603491563417151,-0.22214096784591675,-0.22588074207305908,-0.08875877086140349,-0.29504668712615967,-0.21960216760635376,-0.10758222315527632,-0.3509375751018524,-0.21423426270484924,-0.12315600786425307,-0.10115998983383179,-0.16948455572128296,-0.07437051508642867,-0.23080962896347046,-0.11206072568893433,-0.11033039961077407,-0.2009110450744629,-0.09165579080581665,-0.11112340215660765,-0.16068565845489502,-0.10431039333343506,-0.1126368013403578,-0.09421533346176147,-0.08863788843154907,-0.09127641890265181,-0.21319982409477234,-0.0451505184173584,-0.1233644602081938,-0.18005657196044922,-0.03424102067947388,-0.10260738108374312,-0.14207255840301514,-0.04917484521865845,-0.0881210309646292,-0.09029775857925415,-0.006250321865081787,-0.10808407191254332,-0.1845422387123108,0.015306711196899414,-0.13387236420132353,-0.15994006395339966,0.018641173839569092,-0.12044161979176238,-0.12708425521850586,0.005391716957092285,-0.10892934028126433
G,0.0,0.0,0.0,-0.041783928871154785,-0.09219104051589966,-0.006422064390534388,-0.12125754356384277,-0.1483910083770752,-0.033085330047214256,-0.21030151844024658,-0.14539062976837158,-0.058941158123815285,-0.2767820656299591,-0.14663666486740112,-0.08790256328185819,-0.10221618413925171,-0.23544400930404663,-0.0660318607767465,-0.2135489583015442,-0.22472703456878662,-0.0995285312016847,-0.28418096899986267,-0.2189289927482605,-0.11859973020156644,-0.33899688720703125,-0.21530866622924805,-0.1341613630135896,-0.0953603982925415,-0.16440865397453308,-0.08298018819888853,-0.22218617796897888,-0.11123490333557129,-0.11818509794076704,-0.1951020359992981,-0.09503734111785889,-0.11810225493510984,-0.15629684925079346,-0.1070452332496643,-0.11966378486951612,-0.09023284912109375,-0.08400541543960571,-0.09778990096648954,-0.20425254106521606,-0.041674911975860596,-0.1286703894217851,-0.17348551750183105,-0.033792078495025635,-0.10840151704152845,-0.13714927434921265,-0.04782754182815552,-0.09493164218267225,-0.08818280696868896,-0.005037069320678711,-0.1123849252541902,-0.17715030908584595,0.014390230178833008,-0.13743169105848096,-0.15108120441436768,0.018529772758483887,-0.12381070352395795,-0.11860138177871704,0.008009254932403564,-0.11244452244838499
G,0.0,0.0,0.0,-0.04468041658401489,-0.09564906358718872,-0.007764027791807848,-0.13031286001205444,-0.1520436406135559,-0.03256030228246232,-0.22112280130386353,-0.15076035261154175,-0.05678045597184678,-0.2872483730316162,-0.15047764778137207,-0.08337601121772309,-0.10192078351974487,-0.23296207189559937,-0.05728570219386597,-0.21016663312911987,-0.22119635343551636,-0.0891295209180214,-0.2818773090839386,-0.2186010777950287,-0.10641035285104294,-0.3358299732208252,-0.2144339680671692,-0.12083056416619797,-0.09508216381072998,-0.1620451807975769,-0.07445766624320527,-0.224587082862854,-0.11112374067306519,-0.10968568768609543,-0.19510209560394287,-0.0908592939376831,-0.10877262648452302,-0.15535378456115723,-0.10251206159591675,-0.10853154804814835,-0.0896601676940918,-0.08218264579772949,-0.09058896299708863,-0.20662611722946167,-0.042488694190979004,-0.12386172112334748,-0.172235906124115,-0.034779369831085205,-0.1039622634302475,-0.1341535449028015,-0.05101418495178223,-0.08941271003592988,-0.08650040626525879,-0.0021599531173706055,-0.10668840851892014,-0.17701715230941772,0.017315268516540527,-0.1344493612300255,-0.14986920356750488,0.019662439823150635,-0.12221391346562882,-0.11582887172698975,0.006222128868103027,-0.1111920162688591
G,0.0,0.0,0.0,-0.04562830924987793,-0.09336584806442261,-0.007074504706281459,-0.13066428899765015,-0.15118306875228882,-0.032009866169858014,-0.22150570154190063,-0.15005898475646973,-0.056098237714934385,-0.28849345445632935,-0.1515737771987915,-0.08274412535803322,-0.09913104772567749,-0.23307707905769348,-0.06008282311933044,-0.20609140396118164,-0.22210657596588135,-0.09156385444777015,-0.278572142124176,-0.22132766246795654,-0.10786212616341118,-0.3328399658203125,-0.21918311715126038,-0.12157112740652565,-0.09239780902862549,-0.16178560256958008,-0.07792484395878319,-0.22430473566055298,-0.11582672595977783,-0.11230827503578666,-0.1987331509590149,-0.09243381023406982,-0.11023961388247017,-0.15988391637802124,-0.10035055875778198,-0.10914265000002388,-0.0874667763710022,-0.08067870140075684,-0.0942894854463816,-0.20644670724868774,-0.04300504922866821,-0.12701800846235756,-0.1743232011795044,-0.03282427787780762,-0.10619252555744652,-0.13592535257339478,-0.04667508602142334,-0.09099009268658165,-0.08544689416885376,0.0008809566497802734,-0.1103906818546534,-0.17770171165466309,0.018274128437042236,-0.13779677831308845,-0.15236413478851318,0.02153116464614868,-0.12483552478926185,-0.11839985847473145,0.009016692638397217,-0.11332269393579963
G,0.0,0.0,0.0,-0.044464707374572754,-0.09480738639831543,-0.005992919754731929,-0.12952333688735962,-0.15172141790390015,-0.03223218777080206,-0.21963918209075928,-0.15209859609603882,-0.05810641878147749,-0.28667131066322327,-0.1552221179008484,-0.08686646454830793,-0.09512841701507568,-0.2356257438659668,-0.06179073088665632,-0.20363855361938477,-0.22319170832633972,-0.09305294983883527,-0.2761026620864868,-0.22199121117591858,-0.1086076610614839,-0.32912635803222656,-0.218994140625,-0.1217980348398271,-0.0874168872833252,-0.16316533088684082,-0.0806724243690553,-0.22259044647216797,-0.11701464653015137,-0.11461346977253584,-0.1964893937110901,-0.09451878070831299,-0.11120472484131483,-0.15698230266571045,-0.10342806577682495,-0.10937989138861326,-0.08187782764434814,-0.08158987760543823,-0.09798594944973615,-0.20359015464782715,-0.04445761442184448,-0.12958635025520948,-0.17156851291656494,-0.035622596740722656,-0.10796101027031568,-0.13320636749267578,-0.05074697732925415,-0.09283671908875135,-0.07964420318603516,-0.0005927085876464844,-0.11503252767820982,-0.1743069291114807,0.016549766063690186,-0.1420614831974092,-0.14973843097686768,0.018212854862213135,-0.12929843001862196,-0.11551129817962646,0.004524588584899902,-0.11829845242996839
G,0.0,0.0,0.0,-0.04422801733016968,-0.09133845567703247,-0.0052577406736702414,-0.1292862892150879,-0.1493176817893982,-0.02985341992328472,-0.21739661693572998,-0.15110546350479126,-0.053430947997668454,-0.2845797836780548,-0.15376615524291992,-0.07986880425463028,-0.09167557954788208,-0.23385825753211975,-0.061321965941289136,-0.2009342908859253,-0.22159439325332642,-0.09194153133879013,-0.2719510793685913,-0.22035259008407593,-0.10849152091989822,-0.32484981417655945,-0.2190786600112915,-0.12262720201263733,-0.08415812253952026,-0.1619163155555725,-0.07934689108381576,-0.2189769148826599,-0.11805015802383423,-0.11229066882381744,-0.19440782070159912,-0.09511667490005493,-0.11069251183519668,-0.15482687950134277,-0.09994310140609741,-0.11079100106010742,-0.07857716083526611,-0.07995080947875977,-0.09537766460428543,-0.20014804601669312,-0.04560518264770508,-0.12485900107870407,-0.17071950435638428,-0.03599989414215088,-0.10455853823671646,-0.13368523120880127,-0.04849374294281006,-0.09098268631944961,-0.07619917392730713,0.0009600520133972168,-0.11092726472864456,-0.17056238651275635,0.015569090843200684,-0.1362104821587593,-0.14780336618423462,0.017990469932556152,-0.12368557933817215,-0.11500144004821777,0.005101561546325684,-0.1132239807034523
G,0.0,0.0,0.0,-0.043549954891204834,-0.09447038173675537,-0.009053428880434922,-0.12689363956451416,-0.14772266149520874,-0.03788762375668853,-0.2146625518798828,-0.15033936500549316,-0.06635192617730468,-0.28095144033432007,-0.15599292516708374,-0.0978016911442694,-0.09321337938308716,-0.23156946897506714,-0.0662106482680258,-0.19989001750946045,-0.22281453013420105,-0.10154908731536239,-0.2715238928794861,-0.22159048914909363,-0.12069043353156417,-0.32600778341293335,-0.21634122729301453,-0.13622578069524138,-0.08417767286300659,-0.16053777933120728,-0.08437257096127837,-0.2182077169418335,-0.11019885540008545,-0.1213551892335829,-0.1880306601524353,-0.08931148052215576,-0.11946125909642547,-0.14777982234954834,-0.1002776026725769,-0.11912578180388778,-0.07754290103912354,-0.07910585403442383,-0.10155638143376677,-0.19991987943649292,-0.03936123847961426,-0.13587387487248748,-0.1656610369682312,-0.031114935874938965,-0.11469884797887175,-0.12689507007598877,-0.04519760608673096,-0.09989177271680205,-0.07385152578353882,0.0014851093292236328,-0.11882912948684066,-0.169916570186615,0.019533276557922363,-0.14890248164491027,-0.1438654065132141,0.021789073944091797,-0.13703655287579863,-0.10902982950210571,0.010066390037536621,-0.1263375787432608
G,0.0,0.0,0.0,-0.04573345184326172,-0.09103178977966309,-0.006915665019278094,-0.12911051511764526,-0.14430248737335205,-0.03397507664931254,-0.21669799089431763,-0.14579814672470093,-0.06101134863865809,-0.2821100354194641,-0.15430748462677002,-0.0908190130926414,-0.09376180171966553,-0.2327374815940857,-0.06112095040452914,-0.2016528844833374,-0.22152212262153625,-0.09350505915654139,-0.27262699604034424,-0.21872738003730774,-0.11146451232207255,-0.32553428411483765,-0.21422886848449707,-0.12665230480206446,-0.08550167083740234,-0.1617947816848755,-0.07959591296685176,-0.21971136331558228,-0.1118517518043518,-0.11466736045849757,-0.19105172157287598,-0.09153872728347778,-0.11369199750197367,-0.15124523639678955,-0.1014356017112732,-0.11430065033209758,-0.07958155870437622,-0.08111566305160522,-0.09678890255463557,-0.20266669988632202,-0.041550636291503906,-0.1294995441771789,-0.16835683584213257,-0.03355652093887329,-0.1094039723016067,-0.129466712474823,-0.04697227478027344,-0.09569409934056239,-0.07655549049377441,-0.0005955696105957031,-0.11389256713164286,-0.17148607969284058,0.01821810007095337,-0.1434260055161758,-0.14549589157104492,0.020786285400390625,-0.13255659190190272,-0.11098307371139526,0.008401989936828613,-0.12275205997002558
G,0.0,0.0,0.0,-0.045722782611846924,-0.09431302547454834,-0.008078109629295227,-0.12978994846343994,-0.14602172374725342,-0.037944145656965134,-0.21780091524124146,-0.14660334587097168,-0.06765957192315852,-0.2849573493003845,-0.15078169107437134,-0.10061345265044963,-0.09338885545730591,-0.22631210088729858,-0.06940788046254909,-0.2026987075805664,-0.21567225456237793,-0.10328362897767818,-0.2744050621986389,-0.21379756927490234,-0.12053817526235377,-0.3279106616973877,-0.20832782983779907,-0.13476446286573207,-0.08405411243438721,-0.1511704921722412,-0.08804637954368388,-0.22149765491485596,-0.1050645112991333,-0.12352236375942027,-0.19347983598709106,-0.08738774061203003,-0.1199505256189326,-0.15334022045135498,-0.09939807653427124,-0.11884696797265804,-0.07820898294448853,-0.06834954023361206,-0.10526590064897334,-0.2046983242034912,-0.033742308616638184,-0.13825485125913417,-0.1712021827697754,-0.0289040207862854,-0.1160750390662173,-0.13134652376174927,-0.04333704710006714,-0.1009627880228976,-0.07622164487838745,0.011837661266326904,-0.12243232891692912,-0.1747903823852539,0.02516913414001465,-0.151905343092821,-0.15010744333267212,0.02475917339324951,-0.1397232563866595,-0.11520653963088989,0.013440072536468506,-0.1290832908524493
G,0.0,0.0,0.0,-0.04271423816680908,-0.09231418371200562,-0.00482740917107094,-0.1281191110610962,-0.1467130184173584,-0.03216582502102483,-0.21860092878341675,-0.14743411540985107,-0.05957477132653821,-0.2866646349430084,-0.15165859460830688,-0.09011159802651036,-0.09456193447113037,-0.23050230741500854,-0.06367995555376638,-0.20275580883026123,-0.22078591585159302,-0.0957221608874761,-0.2749468684196472,-0.21638888120651245,-0.11200115795111287,-0.3280566334724426,-0.2091016173362732,-0.1255603354690038,-0.0865553617477417,-0.15636247396469116,-0.08370026166414846,-0.22571873664855957,-0.11212396621704102,-0.11759643222069371,-0.19861608743667603,-0.08940339088439941,-0.11379832739805806,-0.15747606754302979,-0.09700661897659302,-0.11202946270680059,-0.08075904846191406,-0.07372039556503296,-0.10203053767656911,-0.20627152919769287,-0.039765775203704834,-0.1332207542178594,-0.17302459478378296,-0.030439138412475586,-0.11041400547003377,-0.13320153951644897,-0.042973220348358154,-0.0948235687134229,-0.07810556888580322,0.007097721099853516,-0.12005552614903081,-0.17565250396728516,0.019827663898468018,-0.14793197030996907,-0.15110456943511963,0.022280991077423096,-0.13494165952181447,-0.11619079113006592,0.011604905128479004,-0.1237067651269399
G,0.0,0.0,0.0,-0.04401195049285889,-0.09032577276229858,-0.005589323598627516,-0.12699377536773682,-0.14367175102233887,-0.03343394586417503,-0.215467631816864,-0.14505606889724731,-0.06110924670073814,-0.2824798822402954,-0.15193313360214233,-0.09196299502227134,-0.09345841407775879,-0.22448575496673584,-0.06603360363814659,-0.20238333940505981,-0.21746528148651123,-0.09818735906455345,-0.2738373279571533,-0.2133602499961853,-0.11435080507371254,-0.32635265588760376,-0.20671647787094116,-0.12762513199422187,-0.08596986532211304,-0.14907002449035645,-0.08524048516127891,-0.22334101796150208,-0.10905462503433228,-0.11867606827590294,-0.19761550426483154,-0.08894026279449463,-0.11465644279095955,-0.15775543451309204,-0.09710562229156494,-0.11308982411000557,-0.08089548349380493,-0.06653982400894165,-0.10275981017920799,-0.20529109239578247,-0.03612571954727173,-0.1339436415729267,-0.1727522611618042,-0.0277213454246521,-0.11153602787825889,-0.13387906551361084,-0.03954678773880005,-0.09637256154391594,-0.07943421602249146,0.013277649879455566,-0.11998341420266456,-0.1756531000137329,0.024079084396362305,-0.14784664848420448,-0.1511242389678955,0.0264243483543396,-0.13523673453900642,-0.11718499660491943,0.016171693801879883,-0.124490248054002
G,0.0,0.0,0.0,-0.03962385654449463,-0.09610855579376221,-0.006058425492781794,-0.12387365102767944,-0.15255504846572876,-0.033156934510159886,-0.21439671516418457,-0.1532995104789734,-0.05961268706171552,-0.28269296884536743,-0.15683162212371826,-0.08922165570704976,-0.0931435227394104,-0.23069703578948975,-0.06639739809482137,-0.20649510622024536,-0.21822518110275269,-0.09773414520471135,-0.2802891135215759,-0.21211570501327515,-0.112939059118915,-0.3330363631248474,-0.20514190196990967,-0.12525759575812856,-0.08669227361679077,-0.15157896280288696,-0.08423302261083165,-0.2239437699317932,-0.11028832197189331,-0.1172224202558283,-0.19923222064971924,-0.09148305654525757,-0.11284638879745046,-0.15903210639953613,-0.10136455297470093,-0.11049707917420903,-0.08268404006958008,-0.06719237565994263,-0.10011203525512258,-0.20686286687850952,-0.038046956062316895,-0.13099925158469716,-0.17537379264831543,-0.030827105045318604,-0.10902317551820317,-0.13549351692199707,-0.04394805431365967,-0.09353718845098058,-0.08180463314056396,0.013300597667694092,-0.11554600981919805,-0.1773502230644226,0.021698296070098877,-0.14286170838325063,-0.15243417024612427,0.02321767807006836,-0.12996151981799642,-0.11740612983703613,0.012279093265533447,-0.11848407922236959
G,0.0,0.0,0.0,-0.04335522651672363,-0.09399813413619995,-0.00581213954184534,-0.12824010848999023,-0.14943981170654297,-0.033161319618116636,-0.21905535459518433,-0.15087157487869263,-0.06033127737511279,-0.2875053286552429,-0.1574198603630066,-0.09038434905279757,-0.09458458423614502,-0.22979098558425903,-0.06454095972050311,-0.20636415481567383,-0.21816486120224,-0.09672204387653949,-0.27968233823776245,-0.21296370029449463,-0.11301725340355517,-0.3334818482398987,-0.20605748891830444,-0.126282624726187,-0.08862036466598511,-0.15131676197052002,-0.08342685533035876,-0.22611045837402344,-0.10929179191589355,-0.11706528795231463,-0.19886785745620728,-0.08952736854553223,-0.11288595927227618,-0.1581072211265564,-0.09901607036590576,-0.11086962354649188,-0.08424943685531616,-0.06713593006134033,-0.10064053518046023,-0.20762109756469727,-0.03789597749710083,-0.131747729902159,-0.1742808222770691,-0.029703259468078613,-0.10864078981150271,-0.1347978711128235,-0.04171246290206909,-0.09265523386467578,-0.08259958028793335,0.013723671436309814,-0.11766161752213122,-0.17680281400680542,0.02241450548171997,-0.144932783965956,-0.1520756483078003,0.02437978982925415,-0.1314878387497771,-0.11873757839202881,0.014455199241638184,-0.11987508815992953
G,0.0,0.0,0.0,-0.04325222969055176,-0.09403836727142334,-0.00447026295759656,-0.12860023975372314,-0.15083229541778564,-0.029846845941477795,-0.22124871611595154,-0.14889508485794067,-0.054787360878520985,-0.28978270292282104,-0.1558305025100708,-0.08265510648661234,-0.09802019596099854,-0.22809487581253052,-0.061179485918813725,-0.2085646390914917,-0.22279345989227295,-0.09091644436293222,-0.28245899081230164,-0.22083884477615356,-0.10568188578062632,-0.3379323482513428,-0.21631932258605957,-0.11819068044596293,-0.09431964159011841,-0.1514207124710083,-0.080367606880003,-0.23113641142845154,-0.1151202917098999,-0.11201293468647577,-0.20401376485824585,-0.09092557430267334,-0.10753179788761713,-0.1616513729095459,-0.09461992979049683,-0.10502034872942545,-0.08983099460601807,-0.06740391254425049,-0.09755750447683909,-0.21145862340927124,-0.04145568609237671,-0.12694821208887674,-0.1782313585281372,-0.030443906784057617,-0.10377878397875406,-0.13838446140289307,-0.04001641273498535,-0.08771073520355799,-0.08812969923019409,0.015075981616973877,-0.11431000083857157,-0.18164652585983276,0.021711409091949463,-0.14021537155085184,-0.155955970287323,0.02406609058380127,-0.1261771515029011,-0.12189429998397827,0.01414787769317627,-0.11413950175219156
G,0.0,0.0,0.0,-0.04241424798965454,-0.09242862462997437,-0.005755617375811539,-0.12974214553833008,-0.150995671749115,-0.031237302906205855,-0.22159060835838318,-0.153334379196167,-0.055383753589680396,-0.2911147475242615,-0.15994280576705933,-0.08250359501629134,-0.09749162197113037,-0.22974175214767456,-0.0662157764652278,-0.21293795108795166,-0.2203959822654724,-0.09721519853859206,-0.2883617579936981,-0.21535128355026245,-0.11272205468206664,-0.34379714727401733,-0.21040421724319458,-0.1254404565313365,-0.0926046371459961,-0.14986878633499146,-0.08401696439771911,-0.22981536388397217,-0.11347675323486328,-0.1174155553796794,-0.20399624109268188,-0.09028029441833496,-0.11402906533270141,-0.1620389223098755,-0.09444963932037354,-0.11210190560608169,-0.08924615383148193,-0.06377953290939331,-0.09942754413872024,-0.2117576003074646,-0.036729395389556885,-0.12925208415775558,-0.18043184280395508,-0.024485647678375244,-0.1062160810449626,-0.1413004994392395,-0.034347474575042725,-0.09011114444523116,-0.08904886245727539,0.019540488719940186,-0.11432136651067992,-0.18309640884399414,0.026170730590820312,-0.13922768142013808,-0.15850478410720825,0.030302703380584717,-0.1241667201736476,-0.1254591941833496,0.021652936935424805,-0.11149787213592788
G,0.0,0.0,0.0,-0.042229533195495605,-0.09548956155776978,-0.004799545308870279,-0.1298760175704956,-0.1549282670021057,-0.031196169587147438,-0.22450363636016846,-0.15378308296203613,-0.056381484525573455,-0.29580962657928467,-0.15753227472305298,-0.08493289168394824,-0.09907639026641846,-0.22808611392974854,-0.06838632191933414,-0.21707484126091003,-0.21969497203826904,-0.0999902692011716,-0.2939342260360718,-0.21234411001205444,-0.1155118625930669,-0.3504067063331604,-0.20403075218200684,-0.1280840915016057,-0.0959310531616211,-0.14694803953170776,-0.08672959174431583,-0.23410159349441528,-0.11233317852020264,-0.1195091735891225,-0.2071549892425537,-0.09046560525894165,-0.11519249345577975,-0.1647632122039795,-0.09390521049499512,-0.1131106522253873,-0.09330588579177856,-0.0598376989364624,-0.10244348462141772,-0.21710628271102905,-0.035405874252319336,-0.13090811486758014,-0.18362277746200562,-0.02439570426940918,-0.10671216811455508,-0.14389991760253906,-0.03404301404953003,-0.09064476753987094,-0.09300607442855835,0.02424532175064087,-0.11754552836931964,-0.18785887956619263,0.03043287992477417,-0.1413326096109273,-0.16123652458190918,0.03200578689575195,-0.125471977548969,-0.12803387641906738,0.021397709846496582,-0.11278498734749576
G,0.0,0.0,0.0,-0.0421830415725708,-0.09706497192382812,-0.002054734032981287,-0.13160496950149536,-0.15466487407684326,-0.0304148275110947,-0.22643351554870605,-0.15488964319229126,-0.05811289918460716,-0.3005479574203491,-0.15469473600387573,-0.08975872990527023,-0.10194814205169678,-0.23207217454910278,-0.0740761667195784,-0.22169220447540283,-0.21984177827835083,-0.10556591150202621,-0.2995508313179016,-0.21280604600906372,-0.12004317936339248,-0.3565540015697479,-0.20532149076461792,-0.13228884187378753,-0.09673488140106201,-0.14859819412231445,-0.09486213919558395,-0.2378748655319214,-0.11031270027160645,-0.12693483975567688,-0.2080555558204651,-0.08942645788192749,-0.11954587546028961,-0.1639183759689331,-0.0953221321105957,-0.11608403769173492,-0.09280127286911011,-0.05979740619659424,-0.11243472096361984,-0.21918368339538574,-0.03294092416763306,-0.138906656176232,-0.18481886386871338,-0.023514151573181152,-0.11107127961554397,-0.14466702938079834,-0.03403586149215698,-0.09398714301028122,-0.09148204326629639,0.02407205104827881,-0.12930777516999115,-0.18916642665863037,0.031933486461639404,-0.15154930797257293,-0.16206717491149902,0.033002376556396484,-0.13356739130654205,-0.1283043622970581,0.022702515125274658,-0.12033525702395309
G,0.0,0.0,0.0,-0.04609107971191406,-0.09901595115661621,-0.0008898201215998824,-0.13661855459213257,-0.15647894144058228,-0.03280545074296981,-0.2320302128791809,-0.15560489892959595,-0.06399910572720557,-0.30814552307128906,-0.15155714750289917,-0.0998586532826522,-0.10807329416275024,-0.2301509976387024,-0.0857592788691619,-0.23316535353660583,-0.21559202671051025,-0.1179039967413047,-0.3106977045536041,-0.20718199014663696,-0.13053749922467262,-0.36609888076782227,-0.19876015186309814,-0.14093813720894843,-0.10057038068771362,-0.14259189367294312,-0.1075549018735984,-0.2432040572166443,-0.10437947511672974,-0.13676324907494575,-0.21183845400810242,-0.08412110805511475,-0.12356783125353843,-0.167036235332489,-0.09201109409332275,-0.11741464260769874,-0.09590107202529907,-0.051863908767700195,-0.12565888885212928,-0.2258509397506714,-0.02659296989440918,-0.14918412688923866,-0.1898515224456787,-0.01768338680267334,-0.11768291566325217,-0.14794307947158813,-0.027807772159576416,-0.09995210591507941,-0.09467238187789917,0.03205639123916626,-0.14292152646733314,-0.1955556869506836,0.03918212652206421,-0.1634008181448081,-0.16811895370483398,0.03932297229766846,-0.14373510006619483,-0.13331550359725952,0.030396223068237305,-0.13043827239228278
G,0.0,0.0,0.0,-0.04629528522491455,-0.09971350431442261,3.6127083802739435e-05,-0.13920539617538452,-0.1507035493850708,-0.03205783534875195,-0.23441755771636963,-0.14588922262191772,-0.06332864482035916,-0.3097805380821228,-0.15158092975616455,-0.09878626335492413,-0.11182087659835815,-0.23411905765533447,-0.0861743601047067,-0.23738712072372437,-0.21946918964385986,-0.11660294104447644,-0.314726859331131,-0.21234291791915894,-0.1275569038473634,-0.37006279826164246,-0.20600926876068115,-0.1370805935942201,-0.10402673482894897,-0.14872395992279053,-0.10874289143910687,-0.24907910823822021,-0.10535627603530884,-0.1349184053026704,-0.216081440448761,-0.08359241485595703,-0.11863030362954419,-0.1702730655670166,-0.09217911958694458,-0.11077640075316708,-0.09922611713409424,-0.05770385265350342,-0.12759403754105847,-0.23035871982574463,-0.027482211589813232,-0.1475410746418504,-0.19323527812957764,-0.017635881900787354,-0.11326269675126355,-0.15198272466659546,-0.02930736541748047,-0.09488974381318371,-0.0972905158996582,0.027350544929504395,-0.14575728643765729,-0.19903868436813354,0.039546072483062744,-0.1632864760242967,-0.17122703790664673,0.03988087177276611,-0.141962631233838,-0.13699239492416382,0.03035801649093628,-0.12839771676888745
G,0.0,0.0,0.0,-0.045522987842559814,-0.10096198320388794,-0.0029399479852827426,-0.13996988534927368,-0.15683037042617798,-0.0319142584802421,-0.23711150884628296,-0.15348047018051147,-0.059045987308195436,-0.3124353289604187,-0.1522654891014099,-0.08988924521224817,-0.10978174209594727,-0.2346097230911255,-0.08211644190566858,-0.2356516420841217,-0.22155112028121948,-0.11338938224332651,-0.3135794997215271,-0.21303176879882812,-0.12679133760946115,-0.37046924233436584,-0.206976056098938,-0.13810344982164224,-0.10361343622207642,-0.14709234237670898,-0.10208174037950357,-0.25131505727767944,-0.10653191804885864,-0.1317459737064155,-0.22256866097450256,-0.08610767126083374,-0.1214618031980308,-0.17707431316375732,-0.09281569719314575,-0.11686673212068399,-0.09931206703186035,-0.055132150650024414,-0.11844458627717813,-0.2295786440372467,-0.028141677379608154,-0.1422759835721763,-0.1959080696105957,-0.020908594131469727,-0.11299754130857309,-0.15481358766555786,-0.03196448087692261,-0.09583294588344415,-0.09765946865081787,0.030888378620147705,-0.13410895514505228,-0.1984383463859558,0.03774183988571167,-0.15352105546014627,-0.17308926582336426,0.0356144905090332,-0.13441255140321573,-0.13949483633041382,0.025343120098114014,-0.12127065110223612
G,0.0,0.0,0.0,-0.04652172327041626,-0.09928053617477417,-0.0011362026259860158,-0.1398613452911377,-0.15436285734176636,-0.028977435692269182,-0.2367134690284729,-0.147016704082489,-0.05545572997542081,-0.31032595038414,-0.14601606130599976,-0.0857374227187222,-0.11459559202194214,-0.2324141263961792,-0.07844884009571729,-0.24083676934242249,-0.21678298711776733,-0.10851901085587201,-0.31853827834129333,-0.20856332778930664,-0.12176045836420712,-0.3754662275314331,-0.202595055103302,-0.13318318934651074,-0.10891300439834595,-0.1440104842185974,-0.09861424626322446,-0.2535565495491028,-0.10157597064971924,-0.12804051549645123,-0.22195985913276672,-0.08422881364822388,-0.11892701001377759,-0.17509394884109497,-0.0929187536239624,-0.11495503844233212,-0.10337132215499878,-0.0514034628868103,-0.1148741996428555,-0.23178058862686157,-0.023661434650421143,-0.13880705149384198,-0.19741517305374146,-0.017736852169036865,-0.11060332567902265,-0.15648680925369263,-0.029724419116973877,-0.09390650750609097,-0.1006706953048706,0.03593510389328003,-0.13013013513298688,-0.20090651512145996,0.04356956481933594,-0.14936273606033978,-0.17477387189865112,0.041481077671051025,-0.13033201606484113,-0.14132535457611084,0.030600130558013916,-0.11708933176012692
G,0.0,0.0,0.0,-0.049315571784973145,-0.09683394432067871,-0.004958157057984636,-0.14515405893325806,-0.1482594609260559,-0.035920981879456804,-0.2432228922843933,-0.14320975542068481,-0.06557694133661585,-0.3185233771800995,-0.14439696073532104,-0.09872086402319269,-0.11549437046051025,-0.23045825958251953,-0.0802402576460679,-0.2402632236480713,-0.21739530563354492,-0.1127364045038064,-0.32116445899009705,-0.20721399784088135,-0.12660774644754724,-0.38008397817611694,-0.19740402698516846,-0.13832894023798303,-0.10692864656448364,-0.14386588335037231,-0.10121754613064127,-0.25786325335502625,-0.09779751300811768,-0.13400779720686273,-0.2264784574508667,-0.07664775848388672,-0.12452904936216669,-0.17921918630599976,-0.08560961484909058,-0.1194894915475686,-0.09946620464324951,-0.05012255907058716,-0.11908093150995569,-0.2349238395690918,-0.02169513702392578,-0.14726600107096033,-0.20094799995422363,-0.01362985372543335,-0.11620968636415796,-0.15881282091140747,-0.023861289024353027,-0.09641549047373132,-0.09587240219116211,0.040715694427490234,-0.13644580599211054,-0.20124566555023193,0.04601162672042847,-0.15980240758798914,-0.17664062976837158,0.043961167335510254,-0.13998147901438074,-0.14253294467926025,0.03482949733734131,-0.12528510447882013
G,0.0,0.0,0.0,-0.04857945442199707,-0.10041582584381104,-0.001313326794445402,-0.1456851363182068,-0.15498685836791992,-0.030843613816216475,-0.24549418687820435,-0.14719218015670776,-0.05949289552660275,-0.3219645321369171,-0.14326924085617065,-0.09222304649443913,-0.11904966831207275,-0.23379641771316528,-0.07986684717030812,-0.24747386574745178,-0.21843045949935913,-0.1112147552499323,-0.3285362720489502,-0.20786279439926147,-0.12383987583012868,-0.38687863945961,-0.1984005570411682,-0.13457878507466603,-0.11131995916366577,-0.14417392015457153,-0.10187861151786137,-0.26191920042037964,-0.09814023971557617,-0.13293582774491597,-0.22888731956481934,-0.07781791687011719,-0.12208713419528294,-0.18004363775253296,-0.08697474002838135,-0.11633063681216527,-0.1034969687461853,-0.04836142063140869,-0.12017642535062123,-0.23783624172210693,-0.01912158727645874,-0.14642094649167348,-0.20210635662078857,-0.01080167293548584,-0.11530909515710164,-0.1591402292251587,-0.022455275058746338,-0.09602786429019261,-0.09874987602233887,0.043131232261657715,-0.1374569741615801,-0.20419526100158691,0.05075126886367798,-0.15880205310674,-0.17750996351242065,0.04950159788131714,-0.13824716783852864,-0.14237016439437866,0.03869551420211792,-0.12350336290688801
G,0.0,0.0,0.0,-0.04818284511566162,-0.0990787148475647,-0.0046669343835645805,-0.146140456199646,-0.15391600131988525,-0.03624368378659426,-0.24794143438339233,-0.14692020416259766,-0.06632099965354143,-0.326307088136673,-0.14398425817489624,-0.10025820800801455,-0.11915868520736694,-0.23551154136657715,-0.0841440773918265,-0.2486354410648346,-0.2226516604423523,-0.11743515649577319,-0.3310203552246094,-0.21240085363388062,-0.13115692803403078,-0.3908381462097168,-0.2022426724433899,-0.14265415737172304,-0.11230641603469849,-0.14593619108200073,-0.10558404693146883,-0.2659681737422943,-0.09823435544967651,-0.1395445979549521,-0.23187202215194702,-0.07662045955657959,-0.12974101969739138,-0.18214279413223267,-0.08514004945755005,-0.12427414128323733,-0.1051592230796814,-0.049348413944244385,-0.1235233611776465,-0.24160337448120117,-0.018692076206207275,-0.15211582848569094,-0.2044655680656433,-0.01019352674484253,-0.1204391784383887,-0.16066819429397583,-0.02103269100189209,-0.1003903366043204,-0.10109025239944458,0.04354250431060791,-0.14078942605992495,-0.20574355125427246,0.04973471164703369,-0.1640846497728461,-0.17836439609527588,0.04808914661407471,-0.14364906320115267,-0.14320677518844604,0.03830718994140625,-0.12868431875249087
G,0.0,0.0,0.0,-0.04921233654022217,-0.10112392902374268,-0.0036441749787314848,-0.14768391847610474,-0.1558901071548462,-0.035099816823972674,-0.25036782026290894,-0.14845597743988037,-0.06542312105990788,-0.3291447162628174,-0.14949333667755127,-0.09947154423095128,-0.11959332227706909,-0.23838305473327637,-0.08162441601849935,-0.2509944438934326,-0.22484415769577026,-0.11404382934667012,-0.33490461111068726,-0.21492666006088257,-0.1275282849917545,-0.3955211639404297,-0.20442301034927368,-0.13892941674090764,-0.11117720603942871,-0.14723628759384155,-0.10377531995870015,-0.2675037384033203,-0.10035133361816406,-0.13704379400111577,-0.23490124940872192,-0.08029830455780029,-0.1275457640538349,-0.1857793927192688,-0.08836716413497925,-0.12244079759217641,-0.10347753763198853,-0.04959666728973389,-0.12235226234294316,-0.2425270676612854,-0.021434903144836426,-0.1502934594998493,-0.20696157217025757,-0.01389390230178833,-0.11812969794370076,-0.16361212730407715,-0.02348780632019043,-0.0977610473880901,-0.09994286298751831,0.04455685615539551,-0.1402623256096973,-0.20800375938415527,0.047158896923065186,-0.163438056911005,-0.1824609637260437,0.04464900493621826,-0.14271189769603154,-0.14810609817504883,0.03547811508178711,-0.12740147610999486
G,0.0,0.0,0.0,-0.052634239196777344,-0.1008150577545166,-0.0035518382305923524,-0.15347206592559814,-0.15506762266159058,-0.03670014255705212,-0.2580498456954956,-0.14636093378067017,-0.06858954020800923,-0.33830517530441284,-0.147635817527771,-0.10441081413092945,-0.12186670303344727,-0.241624653339386,-0.08741440811219547,-0.258040189743042,-0.22824972867965698,-0.12201335468354557,-0.3453032672405243,-0.2177971601486206,-0.13581898995700215,-0.40699702501296997,-0.20681250095367432,-0.14688427933516834,-0.11298483610153198,-0.14877331256866455,-0.10994816758694981,-0.27351048588752747,-0.09869837760925293,-0.1445098389035735,-0.24160045385360718,-0.07723468542098999,-0.1339386422282729,-0.19122600555419922,-0.08736956119537354,-0.1276849527007613,-0.10606610774993896,-0.049218952655792236,-0.12858806737723683,-0.24965417385101318,-0.015835464000701904,-0.1569886375314269,-0.21466708183288574,-0.008200645446777344,-0.12408203818860386,-0.16989517211914062,-0.021375060081481934,-0.10311509856047962,-0.10322284698486328,0.046631813049316406,-0.1464244295007262,-0.2141219973564148,0.05500805377960205,-0.16938810237708424,-0.18809592723846436,0.05187922716140747,-0.14760796912970875,-0.1517537236213684,0.039820075035095215,-0.13131609746280049
G,0.0,0.0,0.0,-0.05359458923339844,-0.10253524780273438,-0.0018768250456560054,-0.15858721733093262,-0.15738701820373535,-0.032390819441388885,-0.2641650140285492,-0.14829564094543457,-0.061981701802324096,-0.34426790475845337,-0.14899671077728271,-0.0951874903848875,-0.12965738773345947,-0.24928152561187744,-0.08287386367828731,-0.2679349184036255,-0.22979021072387695,-0.11760642151148204,-0.35533857345581055,-0.21842926740646362,-0.13244762788326625,-0.41902822256088257,-0.2073063850402832,-0.14452852080376033,-0.12176412343978882,-0.15377014875411987,-0.1058548368027914,-0.2794749438762665,-0.102256178855896,-0.14093877146751765,-0.24281391501426697,-0.08175987005233765,-0.13118777940781,-0.1918809413909912,-0.0938718318939209,-0.12540927300960902,-0.11485213041305542,-0.05222177505493164,-0.12503693769485835,-0.25635552406311035,-0.0165519118309021,-0.15481474767238979,-0.21658319234848022,-0.007474839687347412,-0.1226656414082754,-0.17165887355804443,-0.02285677194595337,-0.10190123836309795,-0.11106342077255249,0.04549044370651245,-0.14323542783768062,-0.21968591213226318,0.056390583515167236,-0.16715487609417323,-0.1887935996055603,0.05529308319091797,-0.14546112487823848,-0.15189218521118164,0.04178386926651001,-0.1290450520327795
G,0.0,0.0,0.0,-0.054597675800323486,-0.10726326704025269,-0.003255798808822874,-0.16120481491088867,-0.16507583856582642,-0.03397038891125703,-0.2689448297023773,-0.15795642137527466,-0.06376702650595689,-0.3504413366317749,-0.15798544883728027,-0.09708427204895997,-0.12939220666885376,-0.2588348984718323,-0.08235758855153108,-0.266997367143631,-0.24146807193756104,-0.11949304058362031,-0.3579811751842499,-0.23108601570129395,-0.13674792959500337,-0.42485368251800537,-0.2192690372467041,-0.15066613569069887,-0.1202690601348877,-0.1629718542098999,-0.10616775914240861,-0.28516823053359985,-0.11145222187042236,-0.14458346679020906,-0.2497878074645996,-0.0909774899482727,-0.1372402639608481,-0.19728916883468628,-0.10272783041000366,-0.1325642944793799,-0.11150318384170532,-0.05974447727203369,-0.12646860196400667,-0.260800838470459,-0.027403175830841064,-0.16013701572228456,-0.22288435697555542,-0.019541025161743164,-0.12779595269967103,-0.17548692226409912,-0.03438323736190796,-0.1056412340622046,-0.10634905099868774,0.041371822357177734,-0.14599506869126344,-0.2220546007156372,0.04698866605758667,-0.17300594165135408,-0.19433391094207764,0.04532819986343384,-0.15141360773850465,-0.15578901767730713,0.0332874059677124,-0.1343342991094687
G,0.0,0.0,0.0,-0.05486643314361572,-0.11022692918777466,-0.0026153910862376506,-0.16317594051361084,-0.16827094554901123,-0.03480341010299526,-0.27260303497314453,-0.15775686502456665,-0.0662441784938892,-0.35505619645118713,-0.161013662815094,-0.10158996381369434,-0.13209623098373413,-0.26515090465545654,-0.08457742728796802,-0.27237623929977417,-0.24510419368743896,-0.1206013048490604,-0.36344242095947266,-0.23392194509506226,-0.1369718248447498,-0.4294746220111847,-0.22339147329330444,-0.1508381599983295,-0.12285459041595459,-0.16735094785690308,-0.10867003448811374,-0.28649723529815674,-0.11064863204956055,-0.1446680510839542,-0.24960842728614807,-0.08993023633956909,-0.1355054909786304,-0.19762760400772095,-0.10362076759338379,-0.1309738839468082,-0.11429667472839355,-0.061878085136413574,-0.12905109771099887,-0.2621939480304718,-0.02483189105987549,-0.15971741922703586,-0.222578227519989,-0.016209661960601807,-0.1262816572984775,-0.17617565393447876,-0.03190755844116211,-0.10519975521174274,-0.10890781879425049,0.0405619740486145,-0.14866647966709934,-0.2228263020515442,0.05041319131851196,-0.17396245249119602,-0.19343137741088867,0.04913061857223511,-0.15175797887650333,-0.15547537803649902,0.03617417812347412,-0.1350826407274326
G,0.0,0.0,0.0,-0.054902613162994385,-0.11018013954162598,-0.003800261236932556,-0.16481077671051025,-0.16957831382751465,-0.036656302569639365,-0.2767676115036011,-0.15943622589111328,-0.0683133650405523,-0.36088305711746216,-0.16268062591552734,-0.10379630064798562,-0.13392943143844604,-0.26744598150253296,-0.08860050624443261,-0.2777640223503113,-0.24985849857330322,-0.12566400801969735,-0.370665967464447,-0.2387629747390747,-0.14200956857038705,-0.4379444122314453,-0.22750753164291382,-0.1555720690472242,-0.12699979543685913,-0.1687229871749878,-0.1119639027698156,-0.2912890315055847,-0.11372190713882446,-0.1480071220381376,-0.2537487745285034,-0.09066975116729736,-0.1374831471426603,-0.2014278769493103,-0.10366010665893555,-0.13192109501196114,-0.12049955129623413,-0.06270277500152588,-0.13163576757742135,-0.2689081132411957,-0.025294601917266846,-0.16193443274332253,-0.22736084461212158,-0.015554308891296387,-0.1278442118151304,-0.1802036166191101,-0.03194624185562134,-0.10659134125543801,-0.11669862270355225,0.040010035037994385,-0.15065790450407235,-0.22963976860046387,0.053483545780181885,-0.1757732752544996,-0.1985066533088684,0.05190420150756836,-0.1535695466978666,-0.16009581089019775,0.037190258502960205,-0.13705947732759682
G,0.0,0.0,0.0,-0.0552789568901062,-0.11254972219467163,-0.0019848958834245423,-0.16550421714782715,-0.1744897961616516,-0.0355116121716037,-0.27847811579704285,-0.1680777668952942,-0.06799627023406174,-0.3638834059238434,-0.17230814695358276,-0.10452970045275833,-0.13247764110565186,-0.2732364535331726,-0.09267797994084503,-0.27987581491470337,-0.2577815055847168,-0.13133989202447083,-0.3751099109649658,-0.2478218674659729,-0.1480815403408542,-0.4441491663455963,-0.23712289333343506,-0.16158831047482636,-0.12408024072647095,-0.17362964153289795,-0.11775229054160263,-0.296833336353302,-0.12104642391204834,-0.15527994858689453,-0.2605594992637634,-0.09759801626205444,-0.14423590826459076,-0.20552277565002441,-0.10871356725692749,-0.13796910571522858,-0.11675065755844116,-0.06583815813064575,-0.13863618599839356,-0.2719266414642334,-0.03124469518661499,-0.17038689481682923,-0.2312103509902954,-0.021492719650268555,-0.134987025732471,-0.18134504556655884,-0.03611350059509277,-0.1123241253442302,-0.11295539140701294,0.0390360951423645,-0.15855939614243653,-0.23172074556350708,0.048186421394348145,-0.18449534403748657,-0.20138949155807495,0.046638667583465576,-0.1611054830498233,-0.16022759675979614,0.03408229351043701,-0.14350569176144745
G,0.0,0.0,0.0,-0.056115686893463135,-0.11306911706924438,-0.002570205550398441,-0.1671876311302185,-0.1737891435623169,-0.0363596435130944,-0.2787032723426819,-0.16706401109695435,-0.06959192263497016,-0.3648524284362793,-0.1700272560119629,-0.1068755741657128,-0.1379239559173584,-0.27446603775024414,-0.08797249751700065,-0.2858431339263916,-0.25641024112701416,-0.1261808406056275,-0.37904343008995056,-0.24487721920013428,-0.14310352312935493,-0.4465066194534302,-0.23389941453933716,-0.15675332950962684,-0.12847155332565308,-0.17457300424575806,-0.1127116959036698,-0.2959412932395935,-0.11707967519760132,-0.1507731805981507,-0.2569512724876404,-0.09261846542358398,-0.1409891526640763,-0.2032376527786255,-0.104952871799469,-0.13569809305084846,-0.12100452184677124,-0.06611096858978271,-0.13377697574509284,-0.2721784710884094,-0.02726227045059204,-0.16667982744587562,-0.22897124290466309,-0.01615440845489502,-0.13316122996224067,-0.180339515209198,-0.031275153160095215,-0.11164643424166343,-0.11729711294174194,0.038953423500061035,-0.15390035318745277,-0.23431169986724854,0.05165505409240723,-0.18112543033970496,-0.2011258602142334,0.05126452445983887,-0.1588973830880036,-0.15987271070480347,0.038584232330322266,-0.14181521343601844
G,0.0,0.0,0.0,-0.05714374780654907,-0.11402368545532227,-0.003980982395120236,-0.16814911365509033,-0.1775606870651245,-0.03989748498261747,-0.28366538882255554,-0.1719444990158081,-0.07429903959692297,-0.37153422832489014,-0.17562156915664673,-0.11266326373279867,-0.13281363248825073,-0.27556312084198,-0.09900474017322836,-0.2846287190914154,-0.2612282633781433,-0.13901201104582128,-0.38166236877441406,-0.2523626685142517,-0.15586270605982122,-0.45214423537254333,-0.24183571338653564,-0.16941566979349432,-0.12321740388870239,-0.1717088222503662,-0.12393244569958028,-0.3008889853954315,-0.12215536832809448,-0.1614198706096488,-0.2634844183921814,-0.10056161880493164,-0.14857307290495214,-0.20785820484161377,-0.11377638578414917,-0.14163896655500707,-0.11576759815216064,-0.06079673767089844,-0.1447923651880103,-0.27637749910354614,-0.03305041790008545,-0.17752136504114446,-0.23542553186416626,-0.025335192680358887,-0.14034202908933935,-0.18483728170394897,-0.040408551692962646,-0.1166508293694335,-0.11303812265396118,0.04632991552352905,-0.16479891752661047,-0.2351135015487671,0.04938989877700806,-0.19171355878771124,-0.2054104208946228,0.04598313570022583,-0.1675400755351859,-0.1645451784133911,0.03470820188522339,-0.14951470708311376
G,0.0,0.0,0.0,-0.06068229675292969,-0.11329913139343262,-0.005856745937791175,-0.17285549640655518,-0.17945164442062378,-0.04413912730845482,-0.2898678779602051,-0.17440497875213623,-0.08067754941615135,-0.37994617223739624,-0.17768865823745728,-0.12149945932063133,-0.1325005292892456,-0.27404242753982544,-0.10647663014563591,-0.28948068618774414,-0.2618113160133362,-0.14759218233260185,-0.3887253999710083,-0.2529601454734802,-0.1646441473308471,-0.46157389879226685,-0.24189817905426025,-0.17899497883948357,-0.12198537588119507,-0.16622143983840942,-0.13230141537817985,-0.3058302700519562,-0.12034201622009277,-0.17206042545470268,-0.2672228217124939,-0.10064697265625,-0.15970603662165672,-0.21065735816955566,-0.11454373598098755,-0.1538665695730117,-0.1140587329864502,-0.0530969500541687,-0.1538518174234298,-0.27955037355422974,-0.026567518711090088,-0.18854821758898765,-0.23596566915512085,-0.019848763942718506,-0.15015999513300926,-0.18388497829437256,-0.034190833568573,-0.12627101975115806,-0.11258482933044434,0.05532097816467285,-0.174806262427893,-0.23776185512542725,0.05623519420623779,-0.20509434776934654,-0.20662355422973633,0.05170542001724243,-0.1814443125072387,-0.1654718518257141,0.03999733924865723,-0.16395703988703758
G,0.0,0.0,0.0,-0.05631983280181885,-0.11887037754058838,-0.003638765877298056,-0.16979944705963135,-0.18641376495361328,-0.04277497866209501,-0.28990429639816284,-0.1785627007484436,-0.08016355299409383,-0.3818546235561371,-0.18286842107772827,-0.12220211290772909,-0.1297832727432251,-0.2822359800338745,-0.11127947234567159,-0.29174333810806274,-0.2669028043746948,-0.1501082550829267,-0.39182406663894653,-0.25790125131607056,-0.1652851324623441,-0.465053528547287,-0.24789714813232422,-0.17875655704196447,-0.12022167444229126,-0.16972750425338745,-0.13802746647056097,-0.3072125315666199,-0.12307262420654297,-0.17492324822600835,-0.2668570876121521,-0.10732686519622803,-0.160025722915492,-0.20809727907180786,-0.12142187356948853,-0.1533123325651502,-0.11311298608779907,-0.053846120834350586,-0.15966957026179784,-0.2805197834968567,-0.029158711433410645,-0.18927449696715826,-0.2363775372505188,-0.024432122707366943,-0.14855226092990392,-0.18440353870391846,-0.03860878944396973,-0.12503162735160345,-0.11197715997695923,0.054994940757751465,-0.180654145414195,-0.23690515756607056,0.05285227298736572,-0.20709586852248663,-0.2048346996307373,0.0471879243850708,-0.1820521276539182,-0.16406548023223877,0.036534130573272705,-0.1647734116857862
G,0.0,0.0,0.0,-0.055248379707336426,-0.12055230140686035,-0.008625738170081831,-0.1677224040031433,-0.19716554880142212,-0.04817371707045481,-0.2912366986274719,-0.19380927085876465,-0.08535131331169055,-0.38526153564453125,-0.1921992301940918,-0.12665862854206011,-0.12769097089767456,-0.2940064072608948,-0.10870697613441394,-0.29048800468444824,-0.2793850898742676,-0.15047478194915698,-0.39422130584716797,-0.2691471576690674,-0.16794490333282397,-0.4701557159423828,-0.25704121589660645,-0.1827714991160576,-0.11938732862472534,-0.1804593801498413,-0.1339833837338631,-0.3097389340400696,-0.13516271114349365,-0.17575333531581805,-0.268738329410553,-0.11683261394500732,-0.16367972906314776,-0.20893102884292603,-0.13202929496765137,-0.15754813965045855,-0.11406832933425903,-0.0635232925415039,-0.1551192056723778,-0.28276437520980835,-0.037790119647979736,-0.19174061234676287,-0.23685723543167114,-0.030475258827209473,-0.15290651734554217,-0.1833118200302124,-0.045291125774383545,-0.12830675657474444,-0.11555641889572144,0.04730725288391113,-0.17588845904552386,-0.24133121967315674,0.045129358768463135,-0.20773912485324786,-0.20480209589004517,0.04340100288391113,-0.18340554352485583,-0.16087329387664795,0.032741427421569824,-0.1650342893191521
G,0.0,0.0,0.0,-0.060890138149261475,-0.13171809911727905,-0.0029518363964484706,-0.18167614936828613,-0.20269286632537842,-0.044885861637510516,-0.3086772561073303,-0.19642847776412964,-0.0856268694125788,-0.4054776430130005,-0.19043976068496704,-0.13208026340834067,-0.132712721824646,-0.2917836904525757,-0.11539184949032233,-0.3039059638977051,-0.27087342739105225,-0.15539813688627646,-0.40963077545166016,-0.2600290775299072,-0.17087636044851706,-0.48555344343185425,-0.24611425399780273,-0.18435675552717612,-0.12295252084732056,-0.17221087217330933,-0.14243619790903495,-0.3168867230415344,-0.1276422142982483,-0.17761550000540183,-0.27722102403640747,-0.11447644233703613,-0.15943638137213156,-0.21844804286956787,-0.13237541913986206,-0.15169215849272177,-0.11806219816207886,-0.05223500728607178,-0.16430250457159445,-0.29293346405029297,-0.0320887565612793,-0.19283530763021872,-0.2473914623260498,-0.03127831220626831,-0.15062840929857657,-0.1927749514579773,-0.046850621700286865,-0.12706883898607657,-0.11979693174362183,0.05825388431549072,-0.18536958745352194,-0.25284838676452637,0.055460214614868164,-0.21172643354765341,-0.21740716695785522,0.04541736841201782,-0.1858177696787493,-0.1724204421043396,0.030733466148376465,-0.1683905487381594
G,0.0,0.0,0.0,-0.05846184492111206,-0.13041388988494873,-0.002805579026286864,-0.17713695764541626,-0.20333325862884521,-0.04918349840777125,-0.3064519166946411,-0.19539600610733032,-0.09361347862618175,-0.40632760524749756,-0.19892895221710205,-0.14351694592373576,-0.1291561722755432,-0.3016049265861511,-0.1302036673678657,-0.3047635555267334,-0.286796510219574,-0.17424094983475413,-0.41261428594589233,-0.28080934286117554,-0.19018940934078898,-0.49057257175445557,-0.27180373668670654,-0.20368697055714335,-0.11803436279296875,-0.1793196201324463,-0.16005367347138133,-0.3241457939147949,-0.13619482517242432,-0.1994606436146995,-0.28166913986206055,-0.11993056535720825,-0.17894167014496531,-0.21822619438171387,-0.13477379083633423,-0.16882773050205913,-0.11315375566482544,-0.055842459201812744,-0.1840781153096458,-0.2985960841178894,-0.035567283630371094,-0.2148010612382194,-0.25163769721984863,-0.03274327516555786,-0.16849311002629008,-0.1951766014099121,-0.04773491621017456,-0.14254854926007,-0.11613500118255615,0.05720031261444092,-0.20714585789578166,-0.25284141302108765,0.05158376693725586,-0.2353830070151588,-0.21538901329040527,0.04335486888885498,-0.2073894322766563,-0.1693720817565918,0.032166481018066406,-0.18858497151272502
G,0.0,0.0,0.0,-0.05112117528915405,-0.13727670907974243,-0.005487893220816886,-0.17409086227416992,-0.2145138382911682,-0.049415774621849096,-0.3057946562767029,-0.21348309516906738,-0.09114426372278217,-0.4070466160774231,-0.21741586923599243,-0.1380017772101212,-0.12415152788162231,-0.3177758455276489,-0.1238689645909119,-0.3018729090690613,-0.29972684383392334,-0.17008233813274387,-0.4122028946876526,-0.2893063426017761,-0.18844719974029545,-0.4912512004375458,-0.2775094509124756,-0.20311931518543247,-0.11597996950149536,-0.1963900327682495,-0.15094081310260776,-0.3221825361251831,-0.14777129888534546,-0.1938113942526627,-0.28298962116241455,-0.12617534399032593,-0.17690352348316196,-0.2211095690727234,-0.14030218124389648,-0.16857368496883396,-0.11489468812942505,-0.07317185401916504,-0.17300850895870212,-0.3003932237625122,-0.046537041664123535,-0.20936682073104862,-0.2537214159965515,-0.03881901502609253,-0.1669840141915131,-0.19580191373825073,-0.05426204204559326,-0.1414667144202042,-0.11986881494522095,0.04015779495239258,-0.19399631766307834,-0.2582239508628845,0.041922926902770996,-0.2256184294604111,-0.21991688013076782,0.039439857006073,-0.19935791937339786,-0.1708274483680725,0.027733206748962402,-0.18040626493919376
G,0.0,0.0,0.0,-0.06052643060684204,-0.14258992671966553,-0.005550144442139526,-0.18220990896224976,-0.2187201976776123,-0.0520340522907361,-0.31060391664505005,-0.21704667806625366,-0.0981388410709485,-0.40934276580810547,-0.20834249258041382,-0.14983428476077165,-0.1306133270263672,-0.3152264356613159,-0.11909143833142366,-0.307934045791626,-0.2930607199668884,-0.16844994781237688,-0.4180087447166443,-0.28296196460723877,-0.1901772266409978,-0.4965396523475647,-0.26694321632385254,-0.2068470811627492,-0.11941373348236084,-0.19220376014709473,-0.14737908003550615,-0.3196403980255127,-0.1394439935684204,-0.19259216842871751,-0.2766317129135132,-0.12294507026672363,-0.17789448259097185,-0.21537500619888306,-0.14199209213256836,-0.17129828987341966,-0.11532056331634521,-0.06695079803466797,-0.17146089134436693,-0.30164796113967896,-0.039437949657440186,-0.21141734180670824,-0.2533436417579651,-0.03746515512466431,-0.1712221151373967,-0.19442039728164673,-0.0557248592376709,-0.14650429246646013,-0.11807781457901001,0.04897695779800415,-0.19462906775694933,-0.2607746720314026,0.05313694477081299,-0.22939988432150926,-0.22337257862091064,0.04497551918029785,-0.20480428097468462,-0.1729016900062561,0.02841055393218994,-0.18651137707453813
G,0.0,0.0,0.0,-0.057062506675720215,-0.14343029260635376,-0.004572251154357332,-0.1811509132385254,-0.22091293334960938,-0.051563350292170185,-0.3123703598976135,-0.21934372186660767,-0.09751103240462555,-0.4142669439315796,-0.21205663681030273,-0.14925546366187348,-0.12745916843414307,-0.3182436227798462,-0.12461684811326279,-0.30731385946273804,-0.29827457666397095,-0.17204635757418885,-0.41792726516723633,-0.2882259488105774,-0.1910223307034613,-0.4960993528366089,-0.2749672532081604,-0.2057592065951468,-0.11877846717834473,-0.19511163234710693,-0.15282095390769257,-0.32171761989593506,-0.14578527212142944,-0.19473100620719208,-0.2815324068069458,-0.1261386275291443,-0.175805488409722,-0.22016233205795288,-0.14283549785614014,-0.1668740006110312,-0.11766982078552246,-0.0704728364944458,-0.17628144639941468,-0.30262136459350586,-0.04649275541305542,-0.21155844050856842,-0.2565932869911194,-0.040969133377075195,-0.16815871912451996,-0.19844144582748413,-0.056618332862854004,-0.14290829915019287,-0.12336039543151855,0.04389476776123047,-0.19875408131095185,-0.2634007930755615,0.04461318254470825,-0.22937452215167298,-0.2262689471244812,0.040250420570373535,-0.20238582211943879,-0.17656129598617554,0.028071820735931396,-0.18359346109839692
G,0.0,0.0,0.0,-0.06194627285003662,-0.1405012607574463,-0.004969704824745236,-0.18462365865707397,-0.21752583980560303,-0.04996434498882252,-0.3145349621772766,-0.2155294418334961,-0.09446367893671948,-0.4145851731300354,-0.20393460988998413,-0.14452106032824474,-0.13458895683288574,-0.3126832842826843,-0.1137490448758598,-0.3130263686180115,-0.2909085154533386,-0.16151589427447277,-0.42402327060699463,-0.28004562854766846,-0.18245075915312725,-0.5020207464694977,-0.26605695486068726,-0.19842167470908123,-0.12466824054718018,-0.19169080257415771,-0.1416387287185188,-0.3259219527244568,-0.14069920778274536,-0.1871445206210609,-0.2884291410446167,-0.1194954514503479,-0.17429359529471355,-0.2279462218284607,-0.134691059589386,-0.16796583209490734,-0.12133961915969849,-0.06781697273254395,-0.1651609716222282,-0.3070104122161865,-0.038693785667419434,-0.20424850557303387,-0.2632750868797302,-0.03275424242019653,-0.1652581271932121,-0.20471805334091187,-0.04869270324707031,-0.1406686780259605,-0.1245955228805542,0.04839199781417847,-0.18774515662646252,-0.26577556133270264,0.054567813873291016,-0.22040559623694378,-0.23131459951400757,0.04815411567687988,-0.19589843128180462,-0.18145155906677246,0.032288551330566406,-0.17739211295103985
G,0.0,0.0,0.0,-0.06296354532241821,-0.13500487804412842,-0.0036859327248350837,-0.1855829954147339,-0.20676803588867188,-0.04471072403444509,-0.3127362132072449,-0.20402324199676514,-0.08607866836442213,-0.4119821786880493,-0.2029544711112976,-0.1322978459085391,-0.14087164402008057,-0.30943265557289124,-0.09973989648474912,-0.31173866987228394,-0.2905413508415222,-0.14498481375827055,-0.4212067723274231,-0.2814491391181946,-0.1658836327279971,-0.5001324415206909,-0.2698841094970703,-0.18262242002143125,-0.1292925477027893,-0.19250494241714478,-0.12895608169688444,-0.3288866877555847,-0.1359468698501587,-0.17384790105475645,-0.2884061336517334,-0.11386317014694214,-0.1632429085458682,-0.2272120714187622,-0.13032305240631104,-0.15788883192195158,-0.12192720174789429,-0.06856030225753784,-0.15448019129885893,-0.3054165840148926,-0.03690820932388306,-0.1949862859929965,-0.2597544193267822,-0.02894008159637451,-0.15591091138972502,-0.20167434215545654,-0.045046448707580566,-0.1298881493295596,-0.12081277370452881,0.050877273082733154,-0.17918347043647032,-0.26269811391830444,0.056472599506378174,-0.21342563850535612,-0.22942858934402466,0.051741182804107666,-0.1886834375347064,-0.18138426542282104,0.037402451038360596,-0.16906242293967466
G,0.0,0.0,0.0,-0.06186121702194214,-0.13222050666809082,-0.0019045881519161867,-0.18060451745986938,-0.20370429754257202,-0.04328932096828453,-0.30496591329574585,-0.20023047924041748,-0.08428876330722801,-0.40263766050338745,-0.19985097646713257,-0.13007302065958015,-0.14071804285049438,-0.30700528621673584,-0.10489642103780739,-0.30992037057876587,-0.29298049211502075,-0.15045566340555183,-0.4174806475639343,-0.28427654504776,-0.1708940662967109,-0.49394491314888,-0.27344900369644165,-0.18650929113496773,-0.13030099868774414,-0.19031161069869995,-0.1340418555365943,-0.3293359875679016,-0.1386929154396057,-0.1773143508063697,-0.2927866578102112,-0.11504113674163818,-0.16501645227540962,-0.23236024379730225,-0.12824249267578125,-0.15843450506795875,-0.12304943799972534,-0.06747394800186157,-0.1588071384059333,-0.3031620979309082,-0.04011279344558716,-0.19630708774198524,-0.2606564164161682,-0.03272664546966553,-0.1566919781791114,-0.20402777194976807,-0.048023998737335205,-0.1308665819989585,-0.12114650011062622,0.049092113971710205,-0.18245274802316658,-0.25939929485321045,0.05121016502380371,-0.2131153442489051,-0.22847634553909302,0.04484003782272339,-0.18725005766023628,-0.1823272705078125,0.029942035675048828,-0.16743000825513832
G,0.0,0.0,0.0,-0.06142610311508179,-0.1299591064453125,-0.0013908104345716765,-0.18150228261947632,-0.2031746506690979,-0.040206073394841724,-0.30753833055496216,-0.200478196144104,-0.07899725305182415,-0.4030223488807678,-0.20609593391418457,-0.12208337204796749,-0.14279890060424805,-0.312183678150177,-0.09774855392319637,-0.3126012086868286,-0.29424524307250977,-0.14255267994744258,-0.4194793105125427,-0.2857460379600525,-0.16328247504574733,-0.49683040380477905,-0.2743365168571472,-0.17935728149754482,-0.13352900743484497,-0.19561445713043213,-0.12678878622395473,-0.3275054693222046,-0.14113140106201172,-0.17072767632348018,-0.28510862588882446,-0.11826515197753906,-0.15975434201104122,-0.2237350344657898,-0.13350021839141846,-0.15361723916871028,-0.126789391040802,-0.07349205017089844,-0.15183547752243953,-0.30310338735580444,-0.04347711801528931,-0.19112702327115016,-0.25686371326446533,-0.03333956003189087,-0.1523720385347076,-0.20055824518203735,-0.04979574680328369,-0.12648070471627193,-0.12519556283950806,0.04342472553253174,-0.17575182633740383,-0.26117539405822754,0.046864330768585205,-0.20750645416123348,-0.22610169649124146,0.045249879360198975,-0.18178076165062862,-0.179165780544281,0.031882643699645996,-0.1616849513564773
G,0.0,0.0,0.0,-0.0600665807723999,-0.13060694932937622,-0.0031720327716016072,-0.1790229082107544,-0.20388609170913696,-0.04070031550151043,-0.3035363554954529,-0.2002226710319519,-0.07769487332922154,-0.3994477391242981,-0.1991094946861267,-0.11889551114660435,-0.14278364181518555,-0.3073977828025818,-0.093690770681917,-0.3095073699951172,-0.29265040159225464,-0.13657217752557926,-0.41466566920280457,-0.282436728477478,-0.15673931967836552,-0.4903026223182678,-0.27202272415161133,-0.17269430589300327,-0.13381987810134888,-0.19383031129837036,-0.12097364198785954,-0.3265553116798401,-0.1407395601272583,-0.164989556189596,-0.2886008024215698,-0.11467617750167847,-0.15709942113977604,-0.2293033003807068,-0.12760913372039795,-0.1526740146837824,-0.12752366065979004,-0.07364457845687866,-0.14429823588949375,-0.30156928300857544,-0.042910635471343994,-0.18298705947023564,-0.25715458393096924,-0.032357752323150635,-0.14716663491350346,-0.2014053463935852,-0.048056185245513916,-0.12274280470234089,-0.12608414888381958,0.04306238889694214,-0.166640887971937,-0.2594970464706421,0.04877859354019165,-0.1977932704649561,-0.2261621356010437,0.04586589336395264,-0.17393321823698216,-0.1802208423614502,0.03051048517227173,-0.1548482580147379
G,0.0,0.0,0.0,-0.06495136022567749,-0.12605416774749756,-0.003264487509511582,-0.1849803924560547,-0.19549870491027832,-0.04240501324915158,-0.308768630027771,-0.18990087509155273,-0.08126284952544438,-0.40366536378860474,-0.1874060034751892,-0.1243274586954044,-0.1478670835494995,-0.2958771586418152,-0.09671347613715398,-0.3122141361236572,-0.28217142820358276,-0.14091267462157475,-0.4158926010131836,-0.27111220359802246,-0.16090863223456608,-0.4902856647968292,-0.25852328538894653,-0.1763950514354633,-0.13749849796295166,-0.18386101722717285,-0.12485092158698308,-0.32968971133232117,-0.13074684143066406,-0.168797843412392,-0.29040735960006714,-0.10247677564620972,-0.15884602840327489,-0.23088663816452026,-0.11517542600631714,-0.15307077045821416,-0.12933111190795898,-0.06470245122909546,-0.14923598642729985,-0.30386894941329956,-0.03431594371795654,-0.18814278419398534,-0.25923848152160645,-0.02299654483795166,-0.15069746251487004,-0.20301562547683716,-0.03786665201187134,-0.12532421226882207,-0.1259174942970276,0.05072641372680664,-0.17271634216689336,-0.2599181532859802,0.055863916873931885,-0.2040020900525974,-0.22846728563308716,0.05175817012786865,-0.17943043287181126,-0.18262571096420288,0.03775864839553833,-0.16000456388377415
G,0.0,0.0,0.0,-0.06572175025939941,-0.12026214599609375,-0.0030809218664273885,-0.18656980991363525,-0.18464088439941406,-0.038442916157151785,-0.3085785508155823,-0.17377787828445435,-0.07276698473324927,-0.4003456234931946,-0.17096054553985596,-0.11076305333008918,-0.15169596672058105,-0.2839969992637634,-0.09149662676682624,-0.3140501379966736,-0.2694968581199646,-0.13047522577872428,-0.41467034816741943,-0.25726592540740967,-0.14761747691264304,-0.48841315507888794,-0.24683481454849243,-0.1617978540383831,-0.14168673753738403,-0.17549186944961548,-0.11686241898169669,-0.327286034822464,-0.11938780546188354,-0.15790859136214408,-0.28744035959243774,-0.0928276777267456,-0.14876254174342307,-0.22874486446380615,-0.10439521074295044,-0.1433695581876293,-0.1341848373413086,-0.05978435277938843,-0.13802965256800803,-0.30235177278518677,-0.025791525840759277,-0.1738125709020153,-0.25869202613830566,-0.014439821243286133,-0.13799660179248008,-0.20506131649017334,-0.028226137161254883,-0.11364853653540763,-0.13169407844543457,0.053166866302490234,-0.15818552944293174,-0.26185131072998047,0.058426737785339355,-0.18646317991843375,-0.22987544536590576,0.055222272872924805,-0.1623878506146923,-0.18601208925247192,0.04164916276931763,-0.1434684124909893
G,0.0,0.0,0.0,-0.06078606843948364,-0.11861211061477661,-0.005650754199649555,-0.179745614528656,-0.182400643825531,-0.0404313296278076,-0.3012542724609375,-0.17177194356918335,-0.07393548788624571,-0.39328718185424805,-0.17506814002990723,-0.11040634812908934,-0.1496591567993164,-0.28817951679229736,-0.08696524949866102,-0.3086041510105133,-0.27138805389404297,-0.12562726589041517,-0.4089112877845764,-0.2578260898590088,-0.1422982529004173,-0.48248276114463806,-0.24508363008499146,-0.15604818018275068,-0.14049148559570312,-0.18337059020996094,-0.11161467583971785,-0.3231542408466339,-0.1208769679069519,-0.15471810253458784,-0.2818129062652588,-0.09333544969558716,-0.14684775622683333,-0.22360795736312866,-0.10563254356384277,-0.14101372810202406,-0.13281476497650146,-0.06915205717086792,-0.13273306341963576,-0.29746103286743164,-0.029147744178771973,-0.17063135059672163,-0.2532804012298584,-0.01610511541366577,-0.13476105185347365,-0.20164066553115845,-0.030942440032958984,-0.10920449497299956,-0.1294260025024414,0.044093191623687744,-0.15317340346175,-0.25769203901290894,0.050891101360321045,-0.18280904146033095,-0.22692328691482544,0.0504918098449707,-0.15905764849978254,-0.1854778528213501,0.037912189960479736,-0.13956143112974928
G,0.0,0.0,0.0,-0.05710875988006592,-0.12042433023452759,-0.0015560979428244082,-0.16472208499908447,-0.1870175004005432,-0.03480196797144686,-0.2796434462070465,-0.1784471869468689,-0.06671804987681185,-0.3660340905189514,-0.17801320552825928,-0.10221190058481966,-0.13916689157485962,-0.28996092081069946,-0.08609728568089281,-0.2901442050933838,-0.27714574337005615,-0.12239866011631761,-0.3840716779232025,-0.26369982957839966,-0.13939615391981874,-0.4538467228412628,-0.254230797290802,-0.153614290588024,-0.12979531288146973,-0.19037598371505737,-0.11037997954380785,-0.30342531204223633,-0.1289682388305664,-0.1463930388618735,-0.2680472135543823,-0.10278314352035522,-0.13680812024367128,-0.21347731351852417,-0.11490100622177124,-0.13236942195189272,-0.12298423051834106,-0.08258086442947388,-0.13064122998011385,-0.27833160758018494,-0.042044878005981445,-0.15971262060892855,-0.23973995447158813,-0.029047846794128418,-0.12458600901854311,-0.1912720799446106,-0.04325932264328003,-0.10280027293455873,-0.11955875158309937,0.023748338222503662,-0.1502653440166739,-0.24111425876617432,0.035974740982055664,-0.17363471590769564,-0.2125706672668457,0.03643280267715454,-0.15005136334193026,-0.17246168851852417,0.02354520559310913,-0.1325431396890906
G,0.0,0.0,0.0,-0.058716654777526855,-0.11758583784103394,-0.002875040285061914,-0.1678323745727539,-0.18622499704360962,-0.033928056945796925,-0.2820191979408264,-0.17922931909561157,-0.06449082284211727,-0.3693463206291199,-0.1755719780921936,-0.09881531237601848,-0.13960415124893188,-0.28715717792510986,-0.07989904819964977,-0.28908786177635193,-0.26681452989578247,-0.11819037585496517,-0.3828580975532532,-0.2537042498588562,-0.13818032084941478,-0.45278239250183105,-0.24281394481658936,-0.1547585928344688,-0.13329511880874634,-0.18668800592422485,-0.10382587253093334,-0.29989320039749146,-0.12722527980804443,-0.14360622107028576,-0.26089054346084595,-0.10238230228424072,-0.1392629349136314,-0.20777595043182373,-0.11411118507385254,-0.1379414403343162,-0.12683886289596558,-0.07909983396530151,-0.12432581721782299,-0.27667391300201416,-0.03442424535751343,-0.15770288347243877,-0.23352950811386108,-0.02234339714050293,-0.12786861299514385,-0.18568670749664307,-0.03859645128250122,-0.10881399898767086,-0.12274527549743652,0.025777161121368408,-0.1442332023286781,-0.23818928003311157,0.04455161094665527,-0.17080945312022777,-0.20540165901184082,0.04601764678955078,-0.1500843071842155,-0.16523438692092896,0.03127330541610718,-0.1341335528993568
G,0.0,0.0,0.0,-0.056397974491119385,-0.11428475379943848,-0.0013041712065842148,-0.16432267427444458,-0.17913734912872314,-0.03209553232431972,-0.27669814229011536,-0.1711077094078064,-0.061580269988780856,-0.3616107106208801,-0.16682720184326172,-0.09481257518768871,-0.14025777578353882,-0.27624422311782837,-0.0832902671957072,-0.28487876057624817,-0.25798141956329346,-0.11972844174147212,-0.37458571791648865,-0.24637079238891602,-0.137832965161806,-0.44230929017066956,-0.23768013715744019,-0.15288981368780696,-0.1336258053779602,-0.17871755361557007,-0.10684077760220134,-0.29496604204177856,-0.12056100368499756,-0.14192588200808132,-0.2576775550842285,-0.09490853548049927,-0.13388420214891994,-0.206309974193573,-0.10404986143112183,-0.13113395443201625,-0.12720012664794922,-0.07367807626724243,-0.1265949713254031,-0.26943808794021606,-0.0319666862487793,-0.15466105511427486,-0.228665292263031,-0.01939934492111206,-0.1227901907825526,-0.18344926834106445,-0.033300817012786865,-0.10393646677971446,-0.12294274568557739,0.02829653024673462,-0.14564619531870449,-0.2343912124633789,0.042478859424591064,-0.16700373163462245,-0.20459383726119995,0.04528540372848511,-0.14452799728155696,-0.1680506467819214,0.03415036201477051,-0.12862449457884395
G,0.0,0.0,0.0,-0.05616462230682373,-0.11109381914138794,-0.002901544866290351,-0.1626187562942505,-0.171106219291687,-0.032576853481259604,-0.27151167392730713,-0.1606174111366272,-0.06041645824643638,-0.3524496257305145,-0.16055059432983398,-0.09141536995502975,-0.14099085330963135,-0.26814013719558716,-0.08107579692932632,-0.28248152136802673,-0.25134700536727905,-0.11573662057253387,-0.3705930709838867,-0.23874104022979736,-0.13238034590813186,-0.4372294545173645,-0.22996658086776733,-0.1463439856443074,-0.1338173747062683,-0.17351603507995605,-0.10266578390928771,-0.2907260060310364,-0.11423969268798828,-0.13660732850166823,-0.2545485496520996,-0.08844947814941406,-0.12850535854431655,-0.20442986488342285,-0.09805560111999512,-0.1252468769225743,-0.1269713044166565,-0.07052266597747803,-0.12063587650391128,-0.2653307318687439,-0.02923208475112915,-0.14796642407509353,-0.22588098049163818,-0.01606571674346924,-0.11677423312994506,-0.18223464488983154,-0.03002631664276123,-0.09788316681715514,-0.12198096513748169,0.03052002191543579,-0.13804180368515517,-0.23036938905715942,0.04399394989013672,-0.15906951769920852,-0.2008621096611023,0.0459752082824707,-0.13732322498890426,-0.1654030680656433,0.0342174768447876,-0.12155714079472091
G,0.0,0.0,0.0,-0.0551067590713501,-0.1071704626083374,-0.0030010908054691754,-0.16121864318847656,-0.16351938247680664,-0.031195439598945995,-0.2686176896095276,-0.15197712182998657,-0.05816058648326816,-0.3483380675315857,-0.15300452709197998,-0.08805442807772579,-0.14271432161331177,-0.26055288314819336,-0.07543065605261745,-0.2814001441001892,-0.24451231956481934,-0.10886675325730266,-0.36797505617141724,-0.23207473754882812,-0.12530262229540767,-0.43367353081703186,-0.22322380542755127,-0.13919247148135128,-0.1354350447654724,-0.16906344890594482,-0.09641870317557277,-0.2831951975822449,-0.10861623287200928,-0.12987522242167415,-0.24669265747070312,-0.08554673194885254,-0.12319935319521846,-0.19859391450881958,-0.09656572341918945,-0.12066330967047634,-0.12767887115478516,-0.06864190101623535,-0.1140953397522253,-0.2616121768951416,-0.02635788917541504,-0.1416897719869894,-0.22175776958465576,-0.014596760272979736,-0.11194738952019634,-0.1788170337677002,-0.028817415237426758,-0.09356898275711956,-0.12122750282287598,0.030865192413330078,-0.1313242262373251,-0.22599798440933228,0.04630368947982788,-0.15276164767840328,-0.1969623565673828,0.04777348041534424,-0.13212312219241085,-0.16181641817092896,0.03587532043457031,-0.1167510992059988
G,0.0,0.0,0.0,-0.05736011266708374,-0.10460233688354492,-0.001935927052244324,-0.1620011329650879,-0.1585140824317932,-0.02792631284725644,-0.2669960856437683,-0.14426547288894653,-0.053156444890618104,-0.34417304396629333,-0.14264488220214844,-0.08118361802232243,-0.14462924003601074,-0.25182926654815674,-0.06813344926965215,-0.27877551317214966,-0.23573416471481323,-0.10075335027110555,-0.36416158080101013,-0.22392016649246216,-0.11751024247539021,-0.42902833223342896,-0.21417146921157837,-0.13163184942138173,-0.13799655437469482,-0.16135764122009277,-0.08904939712417104,-0.2814275324344635,-0.10021138191223145,-0.12276772977244832,-0.24413028359413147,-0.07855421304702759,-0.11774578513038136,-0.19660848379135132,-0.09088379144668579,-0.11572536648642995,-0.1297464370727539,-0.06237703561782837,-0.10687342853677251,-0.26045987010002136,-0.019353926181793213,-0.13529951692950704,-0.22052142024040222,-0.008903443813323975,-0.10712674082648732,-0.17818546295166016,-0.024235010147094727,-0.08890824587476231,-0.12219858169555664,0.036588311195373535,-0.12417367668282964,-0.2254456877708435,0.05285179615020752,-0.14583241762053945,-0.19686204195022583,0.052755117416381836,-0.1259963494671581,-0.16245311498641968,0.03935033082962036,-0.11080907852780797
G,0.0,0.0,0.0,-0.05417972803115845,-0.10196065902709961,-0.002421259453512903,-0.15518629550933838,-0.1536874771118164,-0.029579758450381632,-0.2564582824707031,-0.1413375735282898,-0.055152298688881274,-0.33229243755340576,-0.13756322860717773,-0.0837844962179588,-0.1430932879447937,-0.24518990516662598,-0.0761110240518974,-0.27617156505584717,-0.22905731201171875,-0.10880404505132901,-0.3584124743938446,-0.2152104377746582,-0.12434790077804792,-0.42054814100265503,-0.20349276065826416,-0.13702176305650937,-0.1362791657447815,-0.15578532218933105,-0.09563684257864224,-0.2768889367580414,-0.09432578086853027,-0.12716492804884183,-0.2400403618812561,-0.07363307476043701,-0.11893927100300061,-0.19358301162719727,-0.08553284406661987,-0.11541122737526166,-0.128770649433136,-0.05847787857055664,-0.11177050116657483,-0.25453028082847595,-0.015394985675811768,-0.1369887718856262,-0.21527376770973206,-0.00475311279296875,-0.1069245690405296,-0.17447853088378906,-0.018324851989746094,-0.08864071759580838,-0.1220291256904602,0.03697371482849121,-0.1274210045039581,-0.2206055223941803,0.052537620067596436,-0.14629749748110044,-0.19212132692337036,0.053845763206481934,-0.1254560032784866,-0.15954548120498657,0.04309237003326416,-0.1103941256105827
G,0.0,0.0,0.0,-0.05467402935028076,-0.10004544258117676,-0.0028762316256063514,-0.15625983476638794,-0.1506023406982422,-0.0305378131493228,-0.25675785541534424,-0.13786554336547852,-0.05654661468409472,-0.33287471532821655,-0.13799655437469482,-0.08564024902128153,-0.14139074087142944,-0.24604547023773193,-0.07821224368356638,-0.27287110686302185,-0.22771263122558594,-0.1100020680501359,-0.354438841342926,-0.2133985161781311,-0.12413695938133174,-0.41588807106018066,-0.20205402374267578,-0.1359812591149705,-0.13191580772399902,-0.15896934270858765,-0.09781523532413416,-0.2724848687648773,-0.09471720457077026,-0.12797070778154307,-0.23869886994361877,-0.07328325510025024,-0.118137431509723,-0.19393795728683472,-0.08551758527755737,-0.11404925323270731,-0.12259060144424438,-0.06274783611297607,-0.1141146767809289,-0.24894818663597107,-0.0170251727104187,-0.13858917094015055,-0.21171218156814575,-0.00634920597076416,-0.10783283895992213,-0.17204123735427856,-0.020815908908843994,-0.08971185720704966,-0.11538493633270264,0.03161215782165527,-0.12994327879690104,-0.21457931399345398,0.04936009645462036,-0.148743179805507,-0.18718969821929932,0.05135148763656616,-0.12793183065198832,-0.1549655795097351,0.04039466381072998,-0.1133388925268548
G,0.0,0.0,0.0,-0.05244457721710205,-0.10118669271469116,-0.0020201024298671655,-0.15340131521224976,-0.15251678228378296,-0.028666324417770284,-0.2544592022895813,-0.1408025622367859,-0.053838112827122586,-0.3308946490287781,-0.13852262496948242,-0.0822964473326806,-0.13787758350372314,-0.2439049482345581,-0.07682594793635644,-0.27005675435066223,-0.22582030296325684,-0.10885530101853647,-0.35229045152664185,-0.21194666624069214,-0.12330268460112848,-0.4134642481803894,-0.20044517517089844,-0.13518492269116678,-0.12951809167861938,-0.1562272310256958,-0.09648659216958322,-0.26961076259613037,-0.09601682424545288,-0.12679719316560067,-0.2366676926612854,-0.07506579160690308,-0.11785712229806222,-0.19233906269073486,-0.08715516328811646,-0.11422463643151559,-0.12159502506256104,-0.05994546413421631,-0.11269744622308053,-0.24767252802848816,-0.01795107126235962,-0.13762728261548318,-0.21080371737480164,-0.007617473602294922,-0.10815289008218087,-0.17101508378982544,-0.02235257625579834,-0.0905725224574212,-0.11576265096664429,0.03423827886581421,-0.12820885467129983,-0.21436703205108643,0.051352858543395996,-0.14732150125104226,-0.186529278755188,0.05228626728057861,-0.1269516586025361,-0.15373355150222778,0.04007220268249512,-0.11240717160302438
G,0.0,0.0,0.0,-0.05729550123214722,-0.09714120626449585,-0.0033893487961336177,-0.15905457735061646,-0.14831525087356567,-0.02849803753991864,-0.2597828209400177,-0.1345055103302002,-0.05249128193457864,-0.33416420221328735,-0.13413769006729126,-0.07926323340137742,-0.14215773344039917,-0.2395886778831482,-0.06728040502270005,-0.2709519863128662,-0.22104668617248535,-0.09791187272270463,-0.3525938391685486,-0.20763880014419556,-0.1131004847665622,-0.41483402252197266,-0.19720852375030518,-0.12609072849949143,-0.1344820261001587,-0.15276020765304565,-0.08654652611215852,-0.2711138427257538,-0.09197348356246948,-0.11811424122055314,-0.23603883385658264,-0.07123607397079468,-0.112556033589442,-0.19100427627563477,-0.08387500047683716,-0.11039187089403413,-0.12591660022735596,-0.05769622325897217,-0.10297072009046815,-0.2503313422203064,-0.01451486349105835,-0.12987781391342423,-0.21210888028144836,-0.003027200698852539,-0.10274131671388886,-0.17176491022109985,-0.01773369312286377,-0.0855368085285022,-0.11899906396865845,0.03695571422576904,-0.11899190471370957,-0.21714892983436584,0.053613483905792236,-0.13966106698711656,-0.18817633390426636,0.05597710609436035,-0.12053071782787583,-0.15473473072052002,0.044412076473236084,-0.10610304848154328
G,0.0,0.0,0.0,-0.053213536739349365,-0.09909230470657349,-0.003068847512025741,-0.15170615911483765,-0.1507704257965088,-0.029376940266359952,-0.25064826011657715,-0.1381778120994568,-0.053356386185754445,-0.32485485076904297,-0.13343310356140137,-0.08035666069494596,-0.1388435959815979,-0.2375587821006775,-0.07791751197086683,-0.2682330310344696,-0.22004055976867676,-0.10974810591446271,-0.34835028648376465,-0.20677942037582397,-0.12414788028704038,-0.40953564643859863,-0.19533509016036987,-0.13589795997845044,-0.13202404975891113,-0.15116316080093384,-0.09599992206798902,-0.2694556415081024,-0.09168809652328491,-0.12599516978966108,-0.23314127326011658,-0.07187765836715698,-0.1164884152125012,-0.18779033422470093,-0.08371293544769287,-0.11204517206655851,-0.12471729516983032,-0.05721557140350342,-0.11061676165567746,-0.2467879056930542,-0.014674961566925049,-0.13441612890468946,-0.20799297094345093,-0.004778921604156494,-0.10449430665480008,-0.1687038540840149,-0.018802523612976074,-0.08655465713249555,-0.11834925413131714,0.03480428457260132,-0.12470640561090818,-0.21199756860733032,0.05183732509613037,-0.1423016594957005,-0.18254011869430542,0.053498804569244385,-0.12150059214340558,-0.15094906091690063,0.04298824071884155,-0.10676163753973356
G,0.0,0.0,0.0,-0.05188792943954468,-0.09720379114151001,-0.00391896942448966,-0.150141179561615,-0.15024292469024658,-0.02825515705910675,-0.2500664293766022,-0.13866084814071655,-0.050762485599193496,-0.3228735625743866,-0.13790130615234375,-0.07591770577994339,-0.13775700330734253,-0.23803746700286865,-0.06894759077397339,-0.2645726501941681,-0.22124648094177246,-0.10004797566500656,-0.3452557325363159,-0.20924365520477295,-0.1151550485548114,-0.40703484416007996,-0.19804632663726807,-0.12749715138045303,-0.13356637954711914,-0.15128207206726074,-0.08653195190993301,-0.26858681440353394,-0.09344536066055298,-0.11767567682829849,-0.23350268602371216,-0.07521533966064453,-0.11112488049832336,-0.18864619731903076,-0.08787781000137329,-0.10776685911980621,-0.12715721130371094,-0.057779014110565186,-0.10119298834172241,-0.24731603264808655,-0.017936527729034424,-0.1270881443080043,-0.20972618460655212,-0.007407188415527344,-0.09918788809147827,-0.17055052518844604,-0.021146833896636963,-0.08114921290246002,-0.12127929925918579,0.03470355272293091,-0.11550937581625931,-0.21386095881462097,0.04883700609207153,-0.1345632671174144,-0.18488717079162598,0.051123738288879395,-0.11485198873845093,-0.15330684185028076,0.04078871011734009,-0.0999098120984172
G,0.0,0.0,0.0,-0.049060285091400146,-0.1011168360710144,-0.0047345026518144095,-0.1454014778137207,-0.155955970287323,-0.028897859633985945,-0.2441689372062683,-0.152080237865448,-0.050632408366624304,-0.31772929430007935,-0.15888482332229614,-0.0749842361668982,-0.1337715983390808,-0.24216687679290771,-0.06987280260128159,-0.2586258351802826,-0.23338747024536133,-0.10175339739126343,-0.33873021602630615,-0.22697919607162476,-0.11685146252912659,-0.4005112051963806,-0.21990883350372314,-0.1283532069186606,-0.1335824728012085,-0.1564236879348755,-0.08638247709077973,-0.26711007952690125,-0.10584616661071777,-0.11774326722425599,-0.23303934931755066,-0.08362144231796265,-0.11034750799936432,-0.18636339902877808,-0.09124141931533813,-0.10542603443664689,-0.13011294603347778,-0.06259387731552124,-0.10007953505319733,-0.24706992506980896,-0.0298117995262146,-0.12652879814905305,-0.2110261619091034,-0.015481412410736084,-0.09834443639320511,-0.17126327753067017,-0.02621769905090332,-0.07903891663355012,-0.12598061561584473,0.02981722354888916,-0.11324734847349305,-0.21696382761001587,0.0355297327041626,-0.13120518486303467,-0.18879395723342896,0.041118323802948,-0.11031903188032288,-0.15729379653930664,0.03381830453872681,-0.09408517788452286
G,0.0,0.0,0.0,-0.04564964771270752,-0.1007697582244873,-0.0028160223504585247,-0.13981574773788452,-0.15965217351913452,-0.02554109224584522,-0.23834428191184998,-0.15795248746871948,-0.04599562936928692,-0.3109894394874573,-0.16211938858032227,-0.06929531597998562,-0.13120418787002563,-0.24261140823364258,-0.06910943144467296,-0.2571706771850586,-0.2384868860244751,-0.10026129984763088,-0.336123526096344,-0.23527759313583374,-0.11501275652554455,-0.39755678176879883,-0.22984462976455688,-0.12600614035036983,-0.13341176509857178,-0.1569957733154297,-0.08551660829689922,-0.2641793489456177,-0.11312538385391235,-0.11525470667984905,-0.2294086515903473,-0.09211140871047974,-0.10734233164694729,-0.18314442038536072,-0.09717774391174316,-0.10216925942805233,-0.1320909857749939,-0.06390714645385742,-0.09881815963890972,-0.24631282687187195,-0.03748059272766113,-0.12327582293656292,-0.2104436457157135,-0.02344614267349243,-0.09503658020403805,-0.17163926362991333,-0.03093576431274414,-0.07580094689038219,-0.12982189655303955,0.02793419361114502,-0.11140447014477672,-0.22074949741363525,0.026993513107299805,-0.12686954343226375,-0.19346526265144348,0.03314208984375,-0.10494017505553188,-0.1633489727973938,0.029331743717193604,-0.08818942212965908
G,0.0,0.0,0.0,-0.043999552726745605,-0.10129553079605103,-0.0017001653697548136,-0.13525277376174927,-0.16348809003829956,-0.022995576532764517,-0.2320725917816162,-0.16713875532150269,-0.04212618832497128,-0.3030180335044861,-0.17519503831863403,-0.06410115052966603,-0.1296176314353943,-0.2465890645980835,-0.06777849634198674,-0.2558155655860901,-0.24590247869491577,-0.09771746982841023,-0.3337929844856262,-0.24370533227920532,-0.11190803934840687,-0.394695520401001,-0.23949980735778809,-0.12237451066283711,-0.13462263345718384,-0.16239941120147705,-0.08302680243758687,-0.2602028250694275,-0.12064856290817261,-0.11015993197469243,-0.22654515504837036,-0.09862673282623291,-0.10110509236363896,-0.18131792545318604,-0.10220247507095337,-0.09573925127295979,-0.13566726446151733,-0.07001608610153198,-0.09506733556298741,-0.24550828337669373,-0.04449903964996338,-0.11671202470569142,-0.2097112238407135,-0.029310226440429688,-0.08830814649371632,-0.17110812664031982,-0.03568941354751587,-0.06985724558143147,-0.1350843906402588,0.021209299564361572,-0.10640773017911442,-0.2214333713054657,0.019560813903808594,-0.11983880986480244,-0.19330373406410217,0.027939975261688232,-0.0978282376101447,-0.1630038022994995,0.025047361850738525,-0.08143685598878392
G,0.0,0.0,0.0,-0.04072445631027222,-0.10478335618972778,-0.0005026683373046126,-0.1297244429588318,-0.169996976852417,-0.019990763643164655,-0.22827500104904175,-0.1725863814353943,-0.03746098374702456,-0.2985091209411621,-0.17860668897628784,-0.05761494954802515,-0.12879019975662231,-0.25140124559402466,-0.06390250568964007,-0.25616681575775146,-0.25016266107559204,-0.0927843982515526,-0.33402079343795776,-0.24775689840316772,-0.10709122663118364,-0.3947076201438904,-0.24360841512680054,-0.11761589443065645,-0.13659286499023438,-0.16610783338546753,-0.0786010036406708,-0.25807803869247437,-0.1258789300918579,-0.10359976535417559,-0.22560414671897888,-0.1042833924293518,-0.09460871761419298,-0.18176889419555664,-0.10788452625274658,-0.08979146277286532,-0.13984036445617676,-0.07417786121368408,-0.09015608673669817,-0.2461082637310028,-0.05053126811981201,-0.1098771477279854,-0.21113353967666626,-0.034753262996673584,-0.08247396444656374,-0.17357605695724487,-0.04100877046585083,-0.06517315750696184,-0.14055097103118896,0.01662135124206543,-0.10101895129062655,-0.22382891178131104,0.013187229633331299,-0.11249791180469515,-0.19521892070770264,0.022988557815551758,-0.09041199927904131,-0.16513216495513916,0.020991146564483643,-0.07427364682533266
G,0.0,0.0,0.0,-0.043978750705718994,-0.10487431287765503,-0.0003412027045044397,-0.1322082281112671,-0.1684805154800415,-0.020307979303680668,-0.2307066023349762,-0.1680958867073059,-0.03770737605103136,-0.30147773027420044,-0.16736340522766113,-0.057689307946048984,-0.13205236196517944,-0.2479034662246704,-0.06587073089488626,-0.26173678040504456,-0.24696528911590576,-0.09255507470973612,-0.3395649790763855,-0.24411481618881226,-0.10527104021915079,-0.40109550952911377,-0.24135041236877441,-0.11480089159616114,-0.14260488748550415,-0.1601671576499939,-0.07971434922822596,-0.26130780577659607,-0.12632882595062256,-0.10157519461520792,-0.2282872200012207,-0.10462355613708496,-0.09070180239089609,-0.18346759676933289,-0.10633540153503418,-0.08510530622609735,-0.14873921871185303,-0.06725984811782837,-0.09003604086049677,-0.24846410751342773,-0.04886561632156372,-0.1056272971809733,-0.2130945324897766,-0.03087395429611206,-0.07781407119639994,-0.17615365982055664,-0.03444170951843262,-0.06150413187154413,-0.15206271409988403,0.02188706398010254,-0.09976037474282862,-0.22743713855743408,0.01579904556274414,-0.10750368120082499,-0.1975448727607727,0.02679753303527832,-0.08487133564361216,-0.1680338978767395,0.026015102863311768,-0.0692903089702952
G,0.0,0.0,0.0,-0.04032832384109497,-0.10684370994567871,-0.0007562607124782517,-0.1294766664505005,-0.17307692766189575,-0.017187323544021638,-0.22696298360824585,-0.17293423414230347,-0.03183330607771495,-0.2940657436847687,-0.1720936894416809,-0.048656981561180146,-0.1362655758857727,-0.2506847381591797,-0.05516365927815059,-0.26198387145996094,-0.24992907047271729,-0.08244404954075435,-0.34032541513442993,-0.24635881185531616,-0.0968789906537495,-0.4025712013244629,-0.24148303270339966,-0.1074216069018803,-0.14715421199798584,-0.1638413667678833,-0.06903160375713924,-0.2627201974391937,-0.12952643632888794,-0.09323450935244182,-0.2311781346797943,-0.1088259220123291,-0.08637418610214809,-0.18679925799369812,-0.11081153154373169,-0.08223573875784496,-0.15158146619796753,-0.07139766216278076,-0.08010607225060085,-0.24985867738723755,-0.0542372465133667,-0.0998692290222607,-0.21581336855888367,-0.03711730241775513,-0.07461548608898738,-0.1783253252506256,-0.03962332010269165,-0.05787696701645473,-0.1519492268562317,0.020025789737701416,-0.09071706247686961,-0.22856825590133667,0.009900033473968506,-0.1018046663439236,-0.1992829442024231,0.02220618724822998,-0.08020892751574138,-0.16827410459518433,0.024751245975494385,-0.06391634804367641
G,0.0,0.0,0.0,-0.038800597190856934,-0.10861009359359741,0.0027345280668953365,-0.12642794847488403,-0.17303115129470825,-0.011613400509276062,-0.22327035665512085,-0.17134076356887817,-0.02457566451809612,-0.28985029458999634,-0.1654013991355896,-0.040121813160993725,-0.14046525955200195,-0.2470725178718567,-0.05381155465326515,-0.267588347196579,-0.24479395151138306,-0.07965478379807678,-0.34508368372917175,-0.24058598279953003,-0.0936669119127771,-0.406058669090271,-0.23655766248703003,-0.10377875794253555,-0.15278977155685425,-0.15841913223266602,-0.06746835340342727,-0.26206886768341064,-0.12585002183914185,-0.08690776009640899,-0.23118793964385986,-0.10659098625183105,-0.0780821003445169,-0.18766990303993225,-0.10802388191223145,-0.0739094324835321,-0.15720176696777344,-0.06590193510055542,-0.07795509774766174,-0.24957409501075745,-0.05199110507965088,-0.09243657518706527,-0.21648025512695312,-0.03469133377075195,-0.06660185833058563,-0.1803244650363922,-0.03582721948623657,-0.05111650083742347,-0.15647947788238525,0.024611949920654297,-0.08782814521870819,-0.22988715767860413,0.01370304822921753,-0.09430260289988723,-0.20131850242614746,0.026229023933410645,-0.07159627307734695,-0.17150339484214783,0.02931368350982666,-0.05556994755349365
G,0.0,0.0,0.0,-0.04020625352859497,-0.10882115364074707,0.005789060177363581,-0.1288434863090515,-0.16973364353179932,-0.006441398026339584,-0.2248343527317047,-0.16849225759506226,-0.01755404189779597,-0.2891763746738434,-0.16624993085861206,-0.031245906805537516,-0.14273661375045776,-0.2438473105430603,-0.05213098690464335,-0.2701566815376282,-0.24531978368759155,-0.07634575382425624,-0.34700965881347656,-0.24026262760162354,-0.0886812479849084,-0.4064716398715973,-0.23416656255722046,-0.09713796988680201,-0.154884934425354,-0.15618568658828735,-0.06585593239023524,-0.26282617449760437,-0.12423795461654663,-0.08102480039551097,-0.2340165376663208,-0.10226869583129883,-0.06964082733347254,-0.19148072600364685,-0.10263293981552124,-0.06431081608488398,-0.15903091430664062,-0.06368869543075562,-0.07616658226206141,-0.24790415167808533,-0.05176699161529541,-0.0864815460200532,-0.2160244882106781,-0.032776713371276855,-0.05963462681128817,-0.1804961860179901,-0.032544076442718506,-0.044378199582837397,-0.15864121913909912,0.02759242057800293,-0.08566764459564524,-0.22946402430534363,0.015824079513549805,-0.0886986599917634,-0.20162919163703918,0.028683722019195557,-0.06530680224850016,-0.17215383052825928,0.03208047151565552,-0.04935265049888926
G,0.0,0.0,0.0,-0.04048031568527222,-0.11219674348831177,0.002826133365545047,-0.12807375192642212,-0.1756076216697693,-0.009267744752776252,-0.22414278984069824,-0.17140930891036987,-0.019581487546872722,-0.28658053278923035,-0.1592997908592224,-0.032384915421914684,-0.14559096097946167,-0.23809760808944702,-0.054232375840854274,-0.2735593318939209,-0.23700004816055298,-0.07906261659712754,-0.35011935234069824,-0.23071664571762085,-0.09161010212750398,-0.4090919494628906,-0.2232598066329956,-0.09975143350214921,-0.1586318016052246,-0.14824330806732178,-0.06555854357333146,-0.2619791626930237,-0.11696839332580566,-0.08083144403548204,-0.23375576734542847,-0.09687268733978271,-0.06934115118832551,-0.19177764654159546,-0.09832310676574707,-0.06379742748589479,-0.16377663612365723,-0.05514270067214966,-0.07379979468436204,-0.24815216660499573,-0.04573696851730347,-0.0850654674276825,-0.2177574634552002,-0.027108371257781982,-0.05969440765233003,-0.18270081281661987,-0.025738835334777832,-0.04492646656484567,-0.1639173924922943,0.03532356023788452,-0.08133635498137437,-0.23042866587638855,0.022362351417541504,-0.0839489383205887,-0.20303106307983398,0.03332918882369995,-0.06112454659790956,-0.173735111951828,0.037045300006866455,-0.04555616728515588
G,0.0,0.0,0.0,-0.04125046730041504,-0.11501413583755493,0.0016158444455527388,-0.1299852728843689,-0.17979902029037476,-0.009869366290729431,-0.2249937355518341,-0.1753307580947876,-0.01954134401188412,-0.28620824217796326,-0.1625995635986328,-0.0315925705830864,-0.14840686321258545,-0.24060678482055664,-0.05255122516558686,-0.27550214529037476,-0.23734182119369507,-0.07580393586562195,-0.3508360981941223,-0.2308841347694397,-0.08678084645674744,-0.4085206985473633,-0.2236727476119995,-0.09386058185503998,-0.16130614280700684,-0.14916270971298218,-0.06358400766060868,-0.26467156410217285,-0.11815714836120605,-0.08013232086108246,-0.23760682344436646,-0.09864068031311035,-0.06996838037179032,-0.19541782140731812,-0.09967643022537231,-0.06431480530903855,-0.16626793146133423,-0.0548701286315918,-0.07162600044415512,-0.2502185106277466,-0.04614078998565674,-0.08418075774119416,-0.22019729018211365,-0.028392255306243896,-0.06025010381148377,-0.1848439872264862,-0.027308344841003418,-0.04552730951712647,-0.1658262014389038,0.036008477210998535,-0.07902483675883332,-0.23244500160217285,0.02251601219177246,-0.08236068520949402,-0.20500090718269348,0.03273230791091919,-0.06041067499921837,-0.17524829506874084,0.03606212139129639,-0.04498423669741669
G,0.0,0.0,0.0,-0.03900879621505737,-0.11627697944641113,0.004546433280523843,-0.1275433897972107,-0.17779409885406494,-0.004676901210729056,-0.22295066714286804,-0.17082172632217407,-0.01279905618790167,-0.28385430574417114,-0.15827900171279907,-0.023457058646414453,-0.14927655458450317,-0.23944967985153198,-0.0469815236857869,-0.27539706230163574,-0.23694735765457153,-0.0691743408671357,-0.35096579790115356,-0.23000025749206543,-0.07999297132406014,-0.4081326127052307,-0.22052544355392456,-0.08673947205457466,-0.16474780440330505,-0.14918529987335205,-0.057782596849534684,-0.26220884919166565,-0.11617553234100342,-0.07199402054462212,-0.23493322730064392,-0.09554040431976318,-0.06179411982807892,-0.1935749053955078,-0.09557610750198364,-0.0563361225059964,-0.1707257628440857,-0.057056725025177,-0.0655298893681504,-0.24707967042922974,-0.04509240388870239,-0.07513426890287178,-0.21753552556037903,-0.02630448341369629,-0.051898780219886476,-0.1837611198425293,-0.02419048547744751,-0.038250735901925736,-0.17070475220680237,0.0320589542388916,-0.07250686635885017,-0.2318437695503235,0.020437896251678467,-0.07316950609597939,-0.20414111018180847,0.03214997053146362,-0.05137924378428238,-0.1756572127342224,0.035440921783447266,-0.0363185358575322
G,0.0,0.0,0.0,-0.040530264377593994,-0.11711740493774414,0.006226817885391256,-0.12783002853393555,-0.1779959797859192,-0.0017815539203809294,-0.21930932998657227,-0.17387771606445312,-0.008955296320863226,-0.2785457670688629,-0.15648895502090454,-0.018910191213734606,-0.15341800451278687,-0.23673123121261597,-0.04602323771084116,-0.27947819232940674,-0.23125576972961426,-0.06798987761700914,-0.3542630672454834,-0.22460466623306274,-0.07918923274243639,-0.41139595210552216,-0.21683359146118164,-0.08617423400843904,-0.1678045690059662,-0.14652955532073975,-0.05748134404981897,-0.2659386992454529,-0.11397665739059448,-0.0705338485595064,-0.2379387617111206,-0.09562569856643677,-0.05962169096434877,-0.19612407684326172,-0.09591025114059448,-0.05374806300366686,-0.17240270972251892,-0.053289711475372314,-0.06581941918099687,-0.2510320246219635,-0.04312551021575928,-0.07512978390420244,-0.22140324115753174,-0.027009963989257812,-0.05228103250826166,-0.18726104497909546,-0.025182247161865234,-0.03880715668762491,-0.17022418975830078,0.036676228046417236,-0.07320471034014986,-0.23295608162879944,0.02439051866531372,-0.07381657437051103,-0.2057575285434723,0.03322261571884155,-0.05184669346178339,-0.1765146553516388,0.0367509126663208,-0.03664815724457071
G,0.0,0.0,0.0,-0.04236561059951782,-0.11537861824035645,0.003483513996570764,-0.13129734992980957,-0.1783372163772583,-0.006048559516102614,-0.22551923990249634,-0.1728331446647644,-0.014036446183354201,-0.2853561043739319,-0.15876436233520508,-0.0245658581400221,-0.1542612910270691,-0.23568111658096313,-0.0485795562410658,-0.2810409665107727,-0.23155486583709717,-0.07085114841106588,-0.357008159160614,-0.22466248273849487,-0.08191126708629781,-0.4155472218990326,-0.21615421772003174,-0.08885421727541143,-0.1689690351486206,-0.14402329921722412,-0.05850119267347509,-0.2678311765193939,-0.11462754011154175,-0.07312931989076787,-0.239671528339386,-0.09606415033340454,-0.06273798023107702,-0.19773349165916443,-0.09550052881240845,-0.05668114994409734,-0.1739991009235382,-0.05078333616256714,-0.0652896327221697,-0.2539151906967163,-0.04381066560745239,-0.07530322049501592,-0.22366902232170105,-0.027952134609222412,-0.051522438719302954,-0.18902498483657837,-0.025470376014709473,-0.03699617211464101,-0.17249926924705505,0.0386124849319458,-0.07129222278240377,-0.23605599999427795,0.02237224578857422,-0.07194978122356588,-0.2082182765007019,0.03152269124984741,-0.04936361436489278,-0.17895296216011047,0.03521686792373657,-0.033503820493251624
G,0.0,0.0,0.0,-0.04482024908065796,-0.1154903769493103,0.005466502467101009,-0.13419002294540405,-0.17700999975204468,-0.0042013662588544776,-0.2280850112438202,-0.17150616645812988,-0.012136293267900555,-0.288303405046463,-0.1583094596862793,-0.022764167441124528,-0.15413683652877808,-0.23634034395217896,-0.052309428034419625,-0.28153958916664124,-0.22979402542114258,-0.07456243100583038,-0.3569919764995575,-0.2217637300491333,-0.08524295750081023,-0.4156218320131302,-0.21352779865264893,-0.09193538936793288,-0.16728773713111877,-0.14438772201538086,-0.06323015752255401,-0.26813238859176636,-0.11368411779403687,-0.07539680662571868,-0.24050772190093994,-0.09521108865737915,-0.06264700802981338,-0.19825437664985657,-0.0955236554145813,-0.05599019366323432,-0.17119431495666504,-0.05009371042251587,-0.07064511689364394,-0.2535926401615143,-0.0438457727432251,-0.07871174129664382,-0.22389933466911316,-0.027725517749786377,-0.053735711304540246,-0.1891379952430725,-0.02579975128173828,-0.03939965429722747,-0.16869142651557922,0.039978086948394775,-0.07698104592978439,-0.23594272136688232,0.02370631694793701,-0.07622262152850112,-0.20934158563613892,0.03267562389373779,-0.052556060878629296,-0.179732084274292,0.03723961114883423,-0.03661499607383689
G,0.0,0.0,0.0,-0.04520821571350098,-0.11617225408554077,0.002838024206596401,-0.13541513681411743,-0.17591595649719238,-0.00754336496987662,-0.22977715730667114,-0.16761815547943115,-0.016073293482747886,-0.28946182131767273,-0.15192097425460815,-0.026968752464142653,-0.15643912553787231,-0.23543506860733032,-0.05193640427836499,-0.28359392285346985,-0.2284489870071411,-0.07515704022893033,-0.3591674566268921,-0.22043120861053467,-0.08644355224618039,-0.41807103157043457,-0.21175944805145264,-0.09367846833714566,-0.167799711227417,-0.14280492067337036,-0.06305284189232907,-0.26889193058013916,-0.109768807888031,-0.07762737708338818,-0.24124956130981445,-0.09224426746368408,-0.06646448509940228,-0.19956278800964355,-0.09411126375198364,-0.06054349007257542,-0.17051392793655396,-0.047524988651275635,-0.07115671174773297,-0.2530778646469116,-0.040425121784210205,-0.08121124046095929,-0.22367268800735474,-0.0250089168548584,-0.056463477631893966,-0.1898500919342041,-0.02383178472518921,-0.04175393792041859,-0.16698652505874634,0.04372537136077881,-0.0786378024722012,-0.23488464951515198,0.028796136379241943,-0.07898649709471783,-0.20909780263900757,0.03690260648727417,-0.05553748222240529,-0.18061748147010803,0.040912747383117676,-0.039516778161612365
G,0.0,0.0,0.0,-0.047218918800354004,-0.11145055294036865,0.004161948243762481,-0.13620245456695557,-0.17174792289733887,-0.0075984570210323454,-0.22852423787117004,-0.1648648977279663,-0.018176004850630534,-0.28777220845222473,-0.14652663469314575,-0.031527028047804606,-0.1558316946029663,-0.2294168472290039,-0.053150281870131266,-0.28386685252189636,-0.22209423780441284,-0.07694451566911198,-0.3589089810848236,-0.2125229835510254,-0.08838602211451985,-0.4166625440120697,-0.2024250626564026,-0.09555377867198445,-0.16593104600906372,-0.1370561718940735,-0.06553793754554249,-0.2664797604084015,-0.10609859228134155,-0.08151061888909794,-0.23871558904647827,-0.08790832757949829,-0.07094568070149876,-0.1961618959903717,-0.0893755555152893,-0.0652908762929485,-0.16765636205673218,-0.04219025373458862,-0.0745185470221088,-0.25176867842674255,-0.036577045917510986,-0.08607803341126896,-0.22189632058143616,-0.020021140575408936,-0.06121391486502148,-0.1855238378047943,-0.018622398376464844,-0.04623786416030384,-0.1635996699333191,0.04887419939041138,-0.0825734963653133,-0.23442503809928894,0.03323107957839966,-0.0846327027318523,-0.2074367105960846,0.04152047634124756,-0.06085369046903111,-0.17599469423294067,0.04526406526565552,-0.04434069302058674
G,0.0,0.0,0.0,-0.044735491275787354,-0.11330902576446533,0.005930321757631418,-0.13223129510879517,-0.17430752515792847,-0.004670418332381132,-0.22518715262413025,-0.16881537437438965,-0.013692845123870256,-0.28557783365249634,-0.1524878740310669,-0.025622701737148645,-0.1529718041419983,-0.23220956325531006,-0.05523097002790678,-0.28078263998031616,-0.2271033525466919,-0.07875527301715124,-0.3564966320991516,-0.21861565113067627,-0.08960212627337683,-0.4154391884803772,-0.20933514833450317,-0.09609728911803472,-0.16391202807426453,-0.142175555229187,-0.06700612464831579,-0.2648186683654785,-0.11152476072311401,-0.07998072216199148,-0.23784536123275757,-0.09196001291275024,-0.06661811331198919,-0.1955694556236267,-0.09212690591812134,-0.059604363980753305,-0.16627338528633118,-0.04855233430862427,-0.07510146358893621,-0.25094738602638245,-0.04218924045562744,-0.0844088704316448,-0.22127863764762878,-0.024728059768676758,-0.05851005250499952,-0.18521124124526978,-0.022951364517211914,-0.04332472989247549,-0.1625388264656067,0.041475892066955566,-0.08194111147807348,-0.2332979440689087,0.027477264404296875,-0.08195750275538671,-0.20679104328155518,0.036152005195617676,-0.057290984782440546,-0.17589691281318665,0.040507733821868896,-0.04045548522756803
G,0.0,0.0,0.0,-0.04575526714324951,-0.11285173892974854,0.002538683913201112,-0.13434052467346191,-0.17286312580108643,-0.009512086309939605,-0.22822028398513794,-0.16661721467971802,-0.020232376553565246,-0.28980523347854614,-0.1534099578857422,-0.03343638489440082,-0.15363019704818726,-0.23463648557662964,-0.05209064195349811,-0.27947601675987244,-0.22893917560577393,-0.07621749947264789,-0.35492008924484253,-0.22024381160736084,-0.0885877580423653,-0.4136596918106079,-0.21093928813934326,-0.09660343537524341,-0.16319262981414795,-0.14392411708831787,-0.06390575776293872,-0.2659277319908142,-0.11109793186187744,-0.08099130997851489,-0.23860761523246765,-0.09279763698577881,-0.07156119952395557,-0.19601836800575256,-0.09389382600784302,-0.06638719598248599,-0.16434884071350098,-0.05008488893508911,-0.07258306155398486,-0.25096267461776733,-0.041664302349090576,-0.08491221527054904,-0.22079485654830933,-0.0255393385887146,-0.06039495477870105,-0.18447965383529663,-0.02472454309463501,-0.045354907311946135,-0.1597856879234314,0.03944796323776245,-0.08057479272082446,-0.2307029664516449,0.026115119457244873,-0.08353505740359424,-0.20479005575180054,0.03503519296646118,-0.06058669919565318,-0.17421671748161316,0.038537561893463135,-0.044414677568227034
G,0.0,0.0,0.0,-0.046433866024017334,-0.10921788215637207,0.0030695742950115346,-0.13826489448547363,-0.1684565544128418,-0.009371275499063358,-0.23129624128341675,-0.16491752862930298,-0.02050325874944292,-0.2923944592475891,-0.15219992399215698,-0.03405960318406187,-0.1550096869468689,-0.23646873235702515,-0.05311233219464384,-0.27989813685417175,-0.22852617502212524,-0.07839441341121756,-0.355202317237854,-0.21943211555480957,-0.09147514444549643,-0.41416099667549133,-0.21092021465301514,-0.10042069894035421,-0.16066688299179077,-0.14775508642196655,-0.06672053825815283,-0.2674258351325989,-0.1113288402557373,-0.08621195000370108,-0.23874431848526,-0.09214156866073608,-0.07753918361623846,-0.195715993642807,-0.09428906440734863,-0.07295009535511099,-0.15935784578323364,-0.054725050926208496,-0.07713166665990911,-0.24997782707214355,-0.04127955436706543,-0.0920402635331925,-0.21908044815063477,-0.02469813823699951,-0.06709827524383627,-0.18209615349769592,-0.025653302669525146,-0.05155111145933233,-0.15377503633499146,0.03458046913146973,-0.08682141494711004,-0.22798848152160645,0.026256263256072998,-0.09230772447546087,-0.20163175463676453,0.035929977893829346,-0.06972085726221167,-0.17093133926391602,0.03785073757171631,-0.05377989676554762
G,0.0,0.0,0.0,-0.047308504581451416,-0.10358750820159912,0.002166551422021712,-0.1386062502861023,-0.16169780492782593,-0.012197132803805744,-0.2329052984714508,-0.1555156111717224,-0.0251069614890298,-0.29641059041023254,-0.14479273557662964,-0.040314218610831176,-0.15340089797973633,-0.23311269283294678,-0.056858236551590835,-0.2791174650192261,-0.2239316701889038,-0.08358481025726405,-0.35402679443359375,-0.21387559175491333,-0.09739449864656535,-0.41263139247894287,-0.2033522129058838,-0.10691207891733256,-0.1582803726196289,-0.14451450109481812,-0.07116723305017558,-0.26554733514785767,-0.10600858926773071,-0.09244580066234676,-0.23615595698356628,-0.08719384670257568,-0.08440289145738689,-0.1932654082775116,-0.089907705783844,-0.08058027422458736,-0.1569972038269043,-0.05240696668624878,-0.08232049888403026,-0.2485954761505127,-0.035479962825775146,-0.09861273562938777,-0.21597471833229065,-0.01993274688720703,-0.07346767431528178,-0.1789044737815857,-0.02254509925842285,-0.058133436948367034,-0.1522722840309143,0.03623616695404053,-0.09286080545217601,-0.22751572728157043,0.029882490634918213,-0.10041196888715831,-0.19966191053390503,0.03930068016052246,-0.07849073654443828,-0.16839760541915894,0.040257036685943604,-0.06301643943817226
G,0.0,0.0,0.0,-0.05260312557220459,-0.09607952833175659,0.0018823294543039992,-0.14619213342666626,-0.15087562799453735,-0.016062648630111198,-0.24095800518989563,-0.14436781406402588,-0.03248616088029621,-0.30859625339508057,-0.1348322033882141,-0.051590082830159645,-0.1524614691734314,-0.2297651767730713,-0.06378976408240078,-0.27885857224464417,-0.2173628807067871,-0.09314023855921505,-0.35507792234420776,-0.20588666200637817,-0.1082644775867152,-0.41467636823654175,-0.1940630078315735,-0.1191796005129504,-0.15255093574523926,-0.14293640851974487,-0.08011236939427135,-0.2669059634208679,-0.09401530027389526,-0.10518587533232449,-0.2357904314994812,-0.07487797737121582,-0.097219558095901,-0.19320812821388245,-0.0813249945640564,-0.09363820556399105,-0.14771133661270142,-0.049857139587402344,-0.09306420538422344,-0.2513023614883423,-0.023671209812164307,-0.11265713129040478,-0.21626150608062744,-0.009611189365386963,-0.08506342921253918,-0.17776775360107422,-0.01648622751235962,-0.06808424893614529,-0.14050501585006714,0.040186405181884766,-0.10524716380831478,-0.225017249584198,0.042036473751068115,-0.11682139489647625,-0.19811365008354187,0.049761831760406494,-0.0947405934691119,-0.16710537672042847,0.04716593027114868,-0.0788603067755389
G,0.0,0.0,0.0,-0.05065262317657471,-0.09739923477172852,-0.002223526513091656,-0.14543533325195312,-0.14929205179214478,-0.02362342729594502,-0.2410886585712433,-0.13566219806671143,-0.04247839554574284,-0.3100002110004425,-0.11887896060943604,-0.0642888750078896,-0.14742648601531982,-0.22309690713882446,-0.0732675696852425,-0.27584585547447205,-0.20364749431610107,-0.10381106092955861,-0.3512340784072876,-0.18883317708969116,-0.11894850238587651,-0.4104924201965332,-0.17516064643859863,-0.13036640539195332,-0.14285415410995483,-0.1366182565689087,-0.08878321006324086,-0.2618001401424408,-0.08218532800674438,-0.11522143884923253,-0.23084205389022827,-0.06795245409011841,-0.10741571887757573,-0.1893123984336853,-0.07835531234741211,-0.10496048434998784,-0.13507604598999023,-0.04457789659500122,-0.10084974571492467,-0.24435347318649292,-0.012050509452819824,-0.12140217229153905,-0.20951634645462036,-0.004333436489105225,-0.09383240147855076,-0.17130690813064575,-0.015323936939239502,-0.07771326407220158,-0.12682795524597168,0.04397082328796387,-0.11245827927615437,-0.21627381443977356,0.05339372158050537,-0.126359661960862,-0.19043570756912231,0.05537867546081543,-0.10585906162287984,-0.15921229124069214,0.048357248306274414,-0.0916415731551865
G,0.0,0.0,0.0,-0.04973280429840088,-0.09387153387069702,-0.003475154647361478,-0.1448642611503601,-0.14569342136383057,-0.025651164483036837,-0.24129891395568848,-0.13253164291381836,-0.04502174643775447,-0.31068867444992065,-0.11333662271499634,-0.06737877069016918,-0.14436370134353638,-0.21959513425827026,-0.07337287453910335,-0.27181369066238403,-0.2001781463623047,-0.10486445216437801,-0.3490803837776184,-0.18647795915603638,-0.1201079973389767,-0.40969014167785645,-0.17326903343200684,-0.13133856294652446,-0.13998156785964966,-0.13433462381362915,-0.08891755728026851,-0.2637437880039215,-0.07814174890518188,-0.1177421697785519,-0.23144155740737915,-0.0623319149017334,-0.11029594032069667,-0.18770596385002136,-0.07256412506103516,-0.1065613367964886,-0.13273394107818604,-0.04344850778579712,-0.10109769938489421,-0.24367600679397583,-0.004496395587921143,-0.12404244033595546,-0.20846036076545715,0.005029797554016113,-0.09684428213139995,-0.16980648040771484,-0.006672918796539307,-0.07957882819673046,-0.12489432096481323,0.04491126537322998,-0.11281659839650615,-0.21303054690361023,0.057491958141326904,-0.12787985442182048,-0.1851232945919037,0.06002408266067505,-0.10721777765056117,-0.15303677320480347,0.05201423168182373,-0.09213441250821575
G,0.0,0.0,0.0,-0.0501217246055603,-0.0937882661819458,-0.0036097157888264064,-0.14682042598724365,-0.1430460810661316,-0.027416835599780143,-0.24385207891464233,-0.1261361837387085,-0.04801559733712679,-0.31590527296066284,-0.11119753122329712,-0.07201285200679308,-0.1433556079864502,-0.21948200464248657,-0.08054516004884249,-0.27160969376564026,-0.1916438341140747,-0.11029595422112948,-0.3477728068828583,-0.17527341842651367,-0.12329811888301379,-0.40616023540496826,-0.16151636838912964,-0.13382842677199847,-0.13304060697555542,-0.13407111167907715,-0.09665061073863512,-0.25869226455688477,-0.07321113348007202,-0.12279085355365282,-0.22523316740989685,-0.06017869710922241,-0.11225934612119204,-0.18276762962341309,-0.07367676496505737,-0.10819635825717455,-0.12184351682662964,-0.04349637031555176,-0.10907209950053698,-0.23592117428779602,-0.0027018189430236816,-0.13000073569381243,-0.19920063018798828,0.0033554434776306152,-0.10111248778665072,-0.16191315650939941,-0.010975062847137451,-0.08468416618669039,-0.11228716373443604,0.04399216175079346,-0.12086462514960772,-0.20351150631904602,0.05901741981506348,-0.13626932638251787,-0.17559635639190674,0.05848664045333862,-0.11573370831573015,-0.1448742151260376,0.0483819842338562,-0.10194310831391817
G,0.0,0.0,0.0,-0.05278205871582031,-0.0929785966873169,-0.005460671901317937,-0.14488375186920166,-0.1401185393333435,-0.0310551070678855,-0.23935741186141968,-0.12322121858596802,-0.05479522357470046,-0.3089316189289093,-0.105404794216156,-0.08150433684474478,-0.13659030199050903,-0.21927028894424438,-0.07390220398789893,-0.2569734752178192,-0.1894763708114624,-0.10639771754628669,-0.33041396737098694,-0.1680782437324524,-0.12327866191751014,-0.3878817558288574,-0.14985615015029907,-0.13701447780019294,-0.12318307161331177,-0.1391928791999817,-0.09131118590718756,-0.24964195489883423,-0.07298898696899414,-0.12150543118602286,-0.21803539991378784,-0.06147503852844238,-0.11565823788529883,-0.17793941497802734,-0.07813018560409546,-0.11469139839297782,-0.109616219997406,-0.05187267065048218,-0.10591413016206275,-0.22866052389144897,-0.005633533000946045,-0.13284750218278418,-0.19413810968399048,-0.0018703937530517578,-0.10631367499715338,-0.1557980179786682,-0.01859074831008911,-0.09009833569413672,-0.09883761405944824,0.03366976976394653,-0.12024043435937415,-0.19249463081359863,0.05423903465270996,-0.14204484159833441,-0.16662746667861938,0.050940513610839844,-0.12414648319369803,-0.1342771053314209,0.03743147850036621,-0.1110198863852645
G,0.0,0.0,0.0,-0.05923265218734741,-0.09240120649337769,-0.006612749615158009,-0.1555994749069214,-0.1324782371520996,-0.03584954778983729,-0.25078293681144714,-0.11284571886062622,-0.06351479779317515,-0.3207778334617615,-0.09233146905899048,-0.09436677287652628,-0.12853699922561646,-0.21733170747756958,-0.07935001592471735,-0.2480023205280304,-0.17696928977966309,-0.11491190533473628,-0.32396796345710754,-0.15312093496322632,-0.13313102613523142,-0.38074034452438354,-0.13180208206176758,-0.1481156785352482,-0.11011075973510742,-0.1367284655570984,-0.09882862757280009,-0.25186923146247864,-0.06088000535964966,-0.13242682705953257,-0.2203502357006073,-0.05153048038482666,-0.12614828239514964,-0.1785135269165039,-0.07413315773010254,-0.12461876015498774,-0.09424614906311035,-0.0494084358215332,-0.11572750549152033,-0.22532016038894653,0.007208704948425293,-0.1455907512767567,-0.19112378358840942,0.005732357501983643,-0.11803641806676524,-0.15126216411590576,-0.01638162136077881,-0.1009943623407139,-0.08226197957992554,0.036781907081604004,-0.13249088715150492,-0.18404614925384521,0.07028883695602417,-0.15779377411439555,-0.15986377000808716,0.06174814701080322,-0.1406010825498356,-0.12631362676620483,0.042185187339782715,-0.12793129573896067
G,0.0,0.0,0.0,-0.06084632873535156,-0.09322547912597656,-0.008291300901319687,-0.1559300422668457,-0.1281331181526184,-0.04242837294295043,-0.2486211657524109,-0.11021018028259277,-0.07548064976289481,-0.3197655975818634,-0.0918130874633789,-0.1120935478742382,-0.11761975288391113,-0.21349024772644043,-0.08654508977487296,-0.23561328649520874,-0.17533856630325317,-0.12425162880971641,-0.3123825788497925,-0.15210843086242676,-0.14174834876611442,-0.3677869737148285,-0.13100993633270264,-0.15581587939813346,-0.09653794765472412,-0.1349138617515564,-0.10693333535745353,-0.24331459403038025,-0.059961020946502686,-0.14240250974252433,-0.21335074305534363,-0.04655569791793823,-0.13360452144696922,-0.17210251092910767,-0.06954443454742432,-0.13001274555280418,-0.08183014392852783,-0.04862487316131592,-0.12511449544980735,-0.21642807126045227,0.00936579704284668,-0.1562752523954174,-0.18346929550170898,0.008137047290802002,-0.12702151625707359,-0.14346253871917725,-0.01501375436782837,-0.10888815908982963,-0.07312393188476562,0.035323262214660645,-0.14336931198194236,-0.1776103973388672,0.0687631368637085,-0.1706086048419735,-0.15411144495010376,0.060817599296569824,-0.1533242711360714,-0.11950135231018066,0.042661964893341064,-0.14043391733720512
G,0.0,0.0,0.0,-0.060401320457458496,-0.09571278095245361,-0.011403473570481992,-0.1521093249320984,-0.12914270162582397,-0.049911614983813024,-0.2443487048149109,-0.10736042261123657,-0.08730204078509018,-0.3172844350337982,-0.08977419137954712,-0.12869881513668702,-0.10618859529495239,-0.21368473768234253,-0.0947645125086467,-0.22302699089050293,-0.17476463317871094,-0.13372490230156586,-0.29820045828819275,-0.1537231206893921,-0.15111490014149354,-0.35113927721977234,-0.1332196593284607,-0.16482000473095582,-0.08203339576721191,-0.13170719146728516,-0.1142855924661319,-0.23182940483093262,-0.05866837501525879,-0.15065420094086335,-0.20622491836547852,-0.046473145484924316,-0.14150722745014832,-0.16742706298828125,-0.06876999139785767,-0.1382028800542514,-0.06658178567886353,-0.04535877704620361,-0.1316556972558658,-0.20517179369926453,0.011397778987884521,-0.1635598880345981,-0.17451506853103638,0.006367743015289307,-0.1351860058601062,-0.1347714066505432,-0.017166197299957275,-0.11811922165705369,-0.05875605344772339,0.03566086292266846,-0.14924195828987763,-0.1666872501373291,0.06721484661102295,-0.1783162993486087,-0.14578747749328613,0.05835074186325073,-0.1626845640237491,-0.11150991916656494,0.04034489393234253,-0.15109421732975648
G,0.0,0.0,0.0,-0.0681830644607544,-0.090900719165802,-0.013096810373923518,-0.15947026014328003,-0.12302398681640625,-0.051825285013279654,-0.24940097332000732,-0.09667891263961792,-0.08985537296112511,-0.3206869661808014,-0.07656794786453247,-0.13201098894651864,-0.1013827919960022,-0.20524322986602783,-0.0929376856046531,-0.21494442224502563,-0.16495919227600098,-0.13376397645052407,-0.2882686257362366,-0.14597076177597046,-0.15494402503546212,-0.34228914976119995,-0.12811243534088135,-0.17182045435484383,-0.07725358009338379,-0.12211447954177856,-0.11268383270081017,-0.22464752197265625,-0.05052030086517334,-0.15265604114111397,-0.19931215047836304,-0.041703224182128906,-0.14915453648146126,-0.1592710018157959,-0.0639655590057373,-0.14968671655233834,-0.06112527847290039,-0.03414732217788696,-0.1305539981084678,-0.19908493757247925,0.02361506223678589,-0.16589269792612527,-0.16938233375549316,0.015024662017822266,-0.14225912844713662,-0.1289864182472229,-0.011852264404296875,-0.12748124455984566,-0.053049564361572266,0.0485382080078125,-0.1487220898824546,-0.16176575422286987,0.07750117778778076,-0.17981941258486245,-0.14226704835891724,0.06461441516876221,-0.1663990840869758,-0.10664725303649902,0.04332858324050903,-0.15595854079302285
G,0.0,0.0,0.0,-0.06709015369415283,-0.08328515291213989,-0.014029594961968428,-0.15289491415023804,-0.11409711837768555,-0.054065373618570334,-0.23758357763290405,-0.08976203203201294,-0.09245299257752038,-0.3066864609718323,-0.07158821821212769,-0.13485603489395714,-0.0951194167137146,-0.19858074188232422,-0.1019850642275486,-0.20318734645843506,-0.1613469123840332,-0.14330527641293145,-0.27502697706222534,-0.14308959245681763,-0.16173419811245537,-0.3251752257347107,-0.1274283528327942,-0.17577860214230157,-0.0668642520904541,-0.12018519639968872,-0.12135123916384316,-0.21117615699768066,-0.04776346683502197,-0.16158456065174676,-0.19575172662734985,-0.0321657657623291,-0.15517998196598626,-0.16058558225631714,-0.052807509899139404,-0.15276888467785454,-0.04824173450469971,-0.03474658727645874,-0.13850024797436333,-0.1836422085762024,0.029352247714996338,-0.17397328176018334,-0.16390162706375122,0.023842036724090576,-0.14895143069740868,-0.1278599500656128,-0.006240487098693848,-0.1324958846759472,-0.039141178131103516,0.04463571310043335,-0.15580867685791588,-0.14509886503219604,0.08135813474655151,-0.18730453111645318,-0.1344648003578186,0.06864875555038452,-0.1741768465232525,-0.10347557067871094,0.04176074266433716,-0.16331710376259423
G,0.0,0.0,0.0,-0.06673604249954224,-0.08469432592391968,-0.019787978792926708,-0.14894825220108032,-0.11816483736038208,-0.06205637794210617,-0.23202010989189148,-0.09591871500015259,-0.10225005861594383,-0.30015134811401367,-0.07611000537872314,-0.1462865364201278,-0.08735984563827515,-0.20196115970611572,-0.10659416433646385,-0.1944056749343872,-0.16947513818740845,-0.15052183386161033,-0.2648356854915619,-0.15162557363510132,-0.1701592248327941,-0.3137170076370239,-0.13373029232025146,-0.1848314445860595,-0.05807572603225708,-0.126414954662323,-0.1238900017388076,-0.20142853260040283,-0.05626034736633301,-0.16675524827315513,-0.1825326681137085,-0.03813827037811279,-0.16203445609881584,-0.1470065712928772,-0.05933350324630737,-0.1606699567682952,-0.038714826107025146,-0.04151421785354614,-0.13968177553488914,-0.17528218030929565,0.022444963455200195,-0.17913467105700676,-0.15262019634246826,0.016638517379760742,-0.15670665022208397,-0.11576330661773682,-0.0142289400100708,-0.14160453196837608,-0.029632568359375,0.03813612461090088,-0.15591025766207878,-0.1375960111618042,0.0728026032447815,-0.19138573523833458,-0.12458884716033936,0.06297105550765991,-0.17985892709567253,-0.09132695198059082,0.04014772176742554,-0.1697053801663131
G,0.0,0.0,0.0,-0.06824368238449097,-0.0893668532371521,-0.021753988175930772,-0.14827710390090942,-0.12493079900741577,-0.06492613716358164,-0.22711557149887085,-0.10472053289413452,-0.10608726455205897,-0.2905757427215576,-0.07966405153274536,-0.15080263926023463,-0.08513444662094116,-0.20665842294692993,-0.10578985972637156,-0.19288671016693115,-0.1708294153213501,-0.1543393553637884,-0.2619222104549408,-0.1521604061126709,-0.1783254714154623,-0.31126147508621216,-0.1299380660057068,-0.1947576971196554,-0.054666221141815186,-0.1331709623336792,-0.12222003652090052,-0.1943492591381073,-0.0631447434425354,-0.1653521032475851,-0.17760396003723145,-0.04533284902572632,-0.16084526194566706,-0.14423972368240356,-0.06538289785385132,-0.15938041819566706,-0.03409111499786377,-0.0476454496383667,-0.13813224150175074,-0.16957497596740723,0.01603800058364868,-0.176923331751766,-0.15202361345291138,0.009109854698181152,-0.1533104748868368,-0.11802083253860474,-0.02127128839492798,-0.1370538295649908,-0.02310466766357422,0.03393155336380005,-0.15521050704950312,-0.13180875778198242,0.0692903995513916,-0.1910842181586645,-0.12578582763671875,0.05657684803009033,-0.17948385788434962,-0.09734195470809937,0.03262895345687866,-0.16855653835767725
G,0.0,0.0,0.0,-0.06838369369506836,-0.08999967575073242,-0.019836424621786364,-0.14807355403900146,-0.12509065866470337,-0.06293146196290422,-0.2258254885673523,-0.1040182113647461,-0.10388266924306322,-0.2866683304309845,-0.07731127738952637,-0.1485289621679442,-0.08436864614486694,-0.2025330662727356,-0.10796347889586855,-0.19313275814056396,-0.16458749771118164,-0.15778797748967577,-0.26127341389656067,-0.14369148015975952,-0.18318225327416826,-0.31198418140411377,-0.11881309747695923,-0.20014999690934587,-0.05421161651611328,-0.126198410987854,-0.12525796774312425,-0.19365307688713074,-0.058434486389160156,-0.1677843767730849,-0.1788114309310913,-0.045304298400878906,-0.16363534215375353,-0.14680355787277222,-0.06241399049758911,-0.16297885659619737,-0.0349387526512146,-0.038610994815826416,-0.1416905957786696,-0.17031538486480713,0.021728336811065674,-0.1786074030725615,-0.1536707878112793,0.011532187461853027,-0.15424209717198778,-0.12094932794570923,-0.018352866172790527,-0.13784445706292558,-0.02452099323272705,0.04326152801513672,-0.15925164404794145,-0.13441413640975952,0.07450586557388306,-0.19337607804223467,-0.1294746994972229,0.059829890727996826,-0.18059283379002977,-0.10257697105407715,0.03667265176773071,-0.16890385631009508
G,0.0,0.0,0.0,-0.06714612245559692,-0.09229773283004761,-0.01935697291859384,-0.14822202920913696,-0.1286323070526123,-0.060777596578681425,-0.22679418325424194,-0.10610264539718628,-0.10040268246897455,-0.2877100110054016,-0.08061528205871582,-0.14383725766905542,-0.08929330110549927,-0.20490002632141113,-0.10256306026943918,-0.19815191626548767,-0.16558295488357544,-0.14654652719267602,-0.2662225365638733,-0.1464216113090515,-0.1675683254457354,-0.3157278299331665,-0.1258445382118225,-0.18297044877775903,-0.058641135692596436,-0.1289219856262207,-0.11957112644680734,-0.1956883668899536,-0.0586124062538147,-0.16028834824331994,-0.17983978986740112,-0.0438728928565979,-0.1570128792978167,-0.1480540633201599,-0.0639069676399231,-0.1576302791095614,-0.03910559415817261,-0.04216873645782471,-0.13546444420584436,-0.17380017042160034,0.02018052339553833,-0.17126791124113794,-0.1547495722770691,0.011712074279785156,-0.14977773968943353,-0.1211090087890625,-0.02033752202987671,-0.13619898204573389,-0.028266549110412598,0.03928351402282715,-0.15231789593466516,-0.13825589418411255,0.07188111543655396,-0.18522585873373743,-0.13188129663467407,0.05897337198257446,-0.17437966112860437,-0.10444247722625732,0.03466993570327759,-0.1651008123613238
