label,x0,y0,z0,x1,y1,z1,x2,y2,z2,x3,y3,z3,x4,y4,z4,x5,y5,z5,x6,y6,z6,x7,y7,z7,x8,y8,z8,x9,y9,z9,x10,y10,z10,x11,y11,z11,x12,y12,z12,x13,y13,z13,x14,y14,z14,x15,y15,z15,x16,y16,z16,x17,y17,z17,x18,y18,z18,x19,y19,z19,x20,y20,z20
H,0.0,0.0,0.0,-0.03097856044769287,-0.10375279188156128,-0.0038255504995943213,-0.11037367582321167,-0.16661971807479858,-0.02965735557604443,-0.20072263479232788,-0.15027272701263428,-0.05518580141592633,-0.2664254903793335,-0.13419920206069946,-0.08402049082446705,-0.09237080812454224,-0.2529905438423157,-0.07586934703517567,-0.20978668332099915,-0.26906877756118774,-0.11140552449155461,-0.2817240357398987,-0.27567726373672485,-0.13435391622710835,-0.34081512689590454,-0.2832382917404175,-0.15064063209224354,-0.09637755155563354,-0.1816311776638031,-0.0936767711036266,-0.23027458786964417,-0.2082773745059967,-0.12557087379623066,-0.3126784861087799,-0.2246398627758026,-0.14192837017703663,-0.378234326839447,-0.23419517278671265,-0.15778155165839802,-0.09992533922195435,-0.1018291711807251,-0.10603305238414418,-0.215717613697052,-0.09672337770462036,-0.12905376690555226,-0.18830299377441406,-0.08757513761520386,-0.11764110910821568,-0.15173858404159546,-0.08698314428329468,-0.10956589418578755,-0.10664969682693481,-0.02237987518310547,-0.1178839756839336,-0.19524109363555908,-0.032923102378845215,-0.1331585450761379,-0.17391353845596313,-0.03045344352722168,-0.11808555859256398,-0.13934051990509033,-0.03527331352233887,-0.10618599045205723
H,0.0,0.0,0.0,-0.03074878454208374,-0.10549956560134888,-0.004544496536009746,-0.11022430658340454,-0.16840702295303345,-0.031208833213650422,-0.20051413774490356,-0.15159505605697632,-0.05758507875701113,-0.26584047079086304,-0.13534295558929443,-0.0873148511161439,-0.09175819158554077,-0.25317028164863586,-0.07696633739372416,-0.21029424667358398,-0.2678929269313812,-0.11280494881769343,-0.2814421057701111,-0.27274006605148315,-0.13566913409134074,-0.33977603912353516,-0.2792033851146698,-0.15176293952366038,-0.09538018703460693,-0.18156462907791138,-0.09459640039106532,-0.22859281301498413,-0.20681312680244446,-0.1269131223668687,-0.3113099932670593,-0.22260475158691406,-0.14314705831905528,-0.37710922956466675,-0.23182404041290283,-0.15880028111835642,-0.09856623411178589,-0.10146063566207886,-0.10688683344026728,-0.2136821150779724,-0.09441787004470825,-0.13024707837005778,-0.18593502044677734,-0.08550667762756348,-0.11883722944160624,-0.14931458234786987,-0.08543401956558228,-0.11068487865825816,-0.10482311248779297,-0.02217203378677368,-0.11873739911218806,-0.1927458643913269,-0.03103506565093994,-0.13431227905651255,-0.17095458507537842,-0.028820931911468506,-0.11956722987791224,-0.13628113269805908,-0.03410428762435913,-0.10789564205309077
H,0.0,0.0,0.0,-0.029416680335998535,-0.10392218828201294,-0.002777347709130351,-0.10841429233551025,-0.16669711470603943,-0.029017009907480185,-0.20035630464553833,-0.14810717105865479,-0.054935540207739775,-0.26619428396224976,-0.1313767433166504,-0.0845823429013452,-0.09184575080871582,-0.2504982650279999,-0.07781796822797865,-0.21154078841209412,-0.26668134331703186,-0.11231044600259871,-0.2830694913864136,-0.2712414264678955,-0.13354983846199125,-0.3412120044231415,-0.27707067131996155,-0.14862598399173826,-0.0960608720779419,-0.17799189686775208,-0.0961024678732118,-0.232120543718338,-0.20433804392814636,-0.12674322644722075,-0.31335943937301636,-0.21837812662124634,-0.1409844152117929,-0.3779025673866272,-0.22579312324523926,-0.15547037045013518,-0.0995781421661377,-0.09738510847091675,-0.10863306293737501,-0.2150358259677887,-0.09194380044937134,-0.13070259908687681,-0.18675857782363892,-0.08387506008148193,-0.11812087813865751,-0.1508643627166748,-0.08431541919708252,-0.10976798752796263,-0.10609543323516846,-0.017143666744232178,-0.1204695693637094,-0.1945338249206543,-0.02733677625656128,-0.13511060098659605,-0.17193645238876343,-0.024765491485595703,-0.11908142934095473,-0.1373855471611023,-0.029289543628692627,-0.10688369641553969
H,0.0,0.0,0.0,-0.030416369438171387,-0.10289806127548218,-0.006168840703720591,-0.11097073554992676,-0.1642126739025116,-0.033770628058517715,-0.2033539116382599,-0.1424073576927185,-0.06055107318719699,-0.26950281858444214,-0.12321579456329346,-0.09106869974097087,-0.09328353404998779,-0.24623918533325195,-0.07941280283888652,-0.21245449781417847,-0.26244571805000305,-0.11334177830180003,-0.28434818983078003,-0.26675117015838623,-0.13385325648745372,-0.34360045194625854,-0.27244651317596436,-0.14853289701899364,-0.09699618816375732,-0.1727938950061798,-0.09667142459114864,-0.23203587532043457,-0.1997801661491394,-0.12764729537924602,-0.3140465021133423,-0.21328720450401306,-0.14221329965552165,-0.380104124546051,-0.22031018137931824,-0.15667140462359264,-0.09997540712356567,-0.09151357412338257,-0.10840360798796489,-0.21513891220092773,-0.08915579319000244,-0.13247019031008556,-0.18725734949111938,-0.0827782154083252,-0.12108022698124721,-0.1517273187637329,-0.08290350437164307,-0.11285514363011195,-0.10678809881210327,-0.01009911298751831,-0.11950189598759486,-0.19547349214553833,-0.024273157119750977,-0.13602022805174663,-0.17258328199386597,-0.022861480712890625,-0.12053976186474635,-0.13790661096572876,-0.026334285736083984,-0.10836832203825786
H,0.0,0.0,0.0,-0.03143185377120972,-0.10315883159637451,-0.004943320439348753,-0.11228960752487183,-0.16504764556884766,-0.032232073047349985,-0.20519694685935974,-0.14361196756362915,-0.05864928747076803,-0.2719043493270874,-0.12408328056335449,-0.08866274813670927,-0.09645211696624756,-0.2490924596786499,-0.08195882002372556,-0.21658968925476074,-0.2598951458930969,-0.11843254874009901,-0.2890768051147461,-0.2637438178062439,-0.141125519671629,-0.3480995297431946,-0.2695707678794861,-0.15728636542815977,-0.09855639934539795,-0.17351067066192627,-0.09978920678157621,-0.23517394065856934,-0.19736158847808838,-0.13305332223434263,-0.31800979375839233,-0.21183094382286072,-0.1488053099300366,-0.38439419865608215,-0.21948859095573425,-0.16409671763438993,-0.10013741254806519,-0.09074854850769043,-0.11185017684955412,-0.21760639548301697,-0.08649146556854248,-0.13637581924457365,-0.1894339919090271,-0.08082699775695801,-0.1235311896588307,-0.1533219814300537,-0.08155989646911621,-0.114168350496481,-0.10483980178833008,-0.009106040000915527,-0.12330189059037977,-0.19564563035964966,-0.022528529167175293,-0.13941175202388578,-0.17405647039413452,-0.02254241704940796,-0.12310431609411054,-0.14012748003005981,-0.027684569358825684,-0.11020470867414289
H,0.0,0.0,0.0,-0.03154599666595459,-0.10508334636688232,-0.0057816987918961615,-0.11387717723846436,-0.1654975414276123,-0.033367411053394136,-0.20669099688529968,-0.14284509420394897,-0.06018959433457738,-0.27352795004844666,-0.12276065349578857,-0.09043776319048291,-0.09820932149887085,-0.2458707094192505,-0.08128462806961423,-0.21874046325683594,-0.25684332847595215,-0.11787402704975491,-0.29143112897872925,-0.2601921260356903,-0.14067122415325528,-0.35079604387283325,-0.2648701071739197,-0.15678729192039853,-0.10211580991744995,-0.16999056935310364,-0.09894834533951169,-0.23786386847496033,-0.1936396360397339,-0.13201733008644467,-0.3213971257209778,-0.20762941241264343,-0.14756438211223966,-0.3884148597717285,-0.21452400088310242,-0.16261166409275418,-0.10435706377029419,-0.08710181713104248,-0.11113785282394772,-0.21939486265182495,-0.08344310522079468,-0.1356207437875021,-0.18998342752456665,-0.07915747165679932,-0.12296398804209119,-0.15293759107589722,-0.08043992519378662,-0.11368707642576581,-0.10906678438186646,-0.00522303581237793,-0.12288712040207272,-0.19743096828460693,-0.018906474113464355,-0.13910929933807736,-0.17534410953521729,-0.0201338529586792,-0.12311225459596997,-0.14116555452346802,-0.025652825832366943,-0.1104497991564024
H,0.0,0.0,0.0,-0.035472989082336426,-0.10446363687515259,-0.0058239489717450965,-0.11807334423065186,-0.16518628597259521,-0.033987171567794405,-0.20992392301559448,-0.1419588327407837,-0.06074540279042395,-0.2750524878501892,-0.12111794948577881,-0.09096620938908728,-0.09737974405288696,-0.2440967559814453,-0.08843976966273459,-0.21841323375701904,-0.25462669134140015,-0.12611047885548743,-0.2917864918708801,-0.2576967477798462,-0.14977963230740698,-0.3515370786190033,-0.2621062994003296,-0.16653872988354834,-0.09941494464874268,-0.16697758436203003,-0.10465308985840949,-0.23405128717422485,-0.19003719091415405,-0.13905779979359778,-0.3202623426914215,-0.20549556612968445,-0.1560986485255924,-0.3885211944580078,-0.21205231547355652,-0.1727944310678211,-0.10254591703414917,-0.08373153209686279,-0.11455765328538092,-0.21938025951385498,-0.08058708906173706,-0.13715679905545386,-0.19229590892791748,-0.07874518632888794,-0.1236020546330181,-0.1556621789932251,-0.08064103126525879,-0.11446908078324469,-0.10976272821426392,-0.0031378865242004395,-0.1240017037762371,-0.19973772764205933,-0.017958760261535645,-0.1385188545955387,-0.178949236869812,-0.02018141746520996,-0.1223024051560131,-0.144953191280365,-0.02617955207824707,-0.10985143444668921
H,0.0,0.0,0.0,-0.03409987688064575,-0.10457032918930054,-0.00566547987008903,-0.11669051647186279,-0.1606661081314087,-0.03422431292901251,-0.20835024118423462,-0.13305556774139404,-0.06185083481440756,-0.27311891317367554,-0.10986751317977905,-0.09318201634059164,-0.1005050539970398,-0.24064570665359497,-0.08535981568465445,-0.2214883267879486,-0.24722257256507874,-0.12312771770129416,-0.2950935959815979,-0.24845650792121887,-0.14690188708672736,-0.3551448881626129,-0.2515387237071991,-0.16378727200398657,-0.10285377502441406,-0.1638277769088745,-0.10280117037663672,-0.23991352319717407,-0.1821666657924652,-0.13637785258660529,-0.3255695402622223,-0.19401073455810547,-0.15246645751366827,-0.39445391297340393,-0.19801515340805054,-0.1683134997166178,-0.10429960489273071,-0.08034193515777588,-0.11438366415868018,-0.22066521644592285,-0.07410353422164917,-0.1381740087545893,-0.19061577320098877,-0.07334476709365845,-0.12496848794589255,-0.15340369939804077,-0.07597184181213379,-0.11580549570689413,-0.10836011171340942,0.00146484375,-0.12551369908223364,-0.19763195514678955,-0.01043325662612915,-0.1415381992138407,-0.17521190643310547,-0.01320570707321167,-0.12525961938271735,-0.14120322465896606,-0.019282817840576172,-0.11258555593857977
H,0.0,0.0,0.0,-0.03602367639541626,-0.10320991277694702,-0.006937716738846689,-0.12097251415252686,-0.16160356998443604,-0.03495095588785091,-0.21441403031349182,-0.1335831582546234,-0.06185316212993541,-0.27833014726638794,-0.10845738649368286,-0.0921782247028915,-0.10136204957962036,-0.23910623788833618,-0.08423060097318569,-0.22306481003761292,-0.24314314126968384,-0.12120692350488582,-0.29640209674835205,-0.24250534176826477,-0.1436005673609344,-0.3567524552345276,-0.2444998323917389,-0.15978491224866787,-0.10299867391586304,-0.16137036681175232,-0.10200347669940868,-0.24122470617294312,-0.1788378655910492,-0.1362376204929916,-0.32739847898483276,-0.18977046012878418,-0.152577086468753,-0.3967735171318054,-0.1941314935684204,-0.16829527833085933,-0.10410302877426147,-0.07682627439498901,-0.11420991935354152,-0.2219024896621704,-0.06889981031417847,-0.1404100648365585,-0.19050395488739014,-0.06929010152816772,-0.1277912697992889,-0.15247750282287598,-0.07377058267593384,-0.11811001517396846,-0.10792934894561768,0.006207406520843506,-0.12595623650175014,-0.1985492706298828,-0.006043374538421631,-0.14426800527196804,-0.17494827508926392,-0.009922206401824951,-0.129013209720668,-0.14071279764175415,-0.016244888305664062,-0.11665601201873699
H,0.0,0.0,0.0,-0.03579801321029663,-0.10381746292114258,-0.006454795331464425,-0.12043845653533936,-0.16185149550437927,-0.03524138751696171,-0.21406251192092896,-0.13372957706451416,-0.06288263547490658,-0.2789250910282135,-0.11022448539733887,-0.09402764934371532,-0.10285204648971558,-0.2401399314403534,-0.08697652417491497,-0.2258249819278717,-0.24458876252174377,-0.1250551005012852,-0.2991791367530823,-0.24469298124313354,-0.14832493263553204,-0.3594340682029724,-0.24673697352409363,-0.16489600735972942,-0.10475790500640869,-0.16160941123962402,-0.10446743267844738,-0.2421405017375946,-0.17951276898384094,-0.13991248208354534,-0.3291391432285309,-0.19097495079040527,-0.15681658285926403,-0.3990388512611389,-0.195150226354599,-0.1729367484457356,-0.10613459348678589,-0.07698929309844971,-0.11602539169858517,-0.22378486394882202,-0.07063263654708862,-0.14126009839843334,-0.19310098886489868,-0.0706028938293457,-0.12710499364207806,-0.15534615516662598,-0.07419037818908691,-0.11676388579677166,-0.11018967628479004,0.005476713180541992,-0.12716717618773998,-0.2011212706565857,-0.007131993770599365,-0.14379572469066204,-0.17814940214157104,-0.01025611162185669,-0.1270714660293919,-0.14403170347213745,-0.016225576400756836,-0.11386274892161907
H,0.0,0.0,0.0,-0.03637129068374634,-0.10707837343215942,-0.00492882733129818,-0.12274134159088135,-0.16541388630867004,-0.0335711073585685,-0.21708840131759644,-0.13628727197647095,-0.06124998819910843,-0.281820684671402,-0.10898423194885254,-0.09276459929429848,-0.10480624437332153,-0.24071228504180908,-0.08844809797489006,-0.22884246706962585,-0.24481087923049927,-0.12471987125360329,-0.30280739068984985,-0.2438701093196869,-0.146609446079367,-0.36314719915390015,-0.24526864290237427,-0.16244771149837334,-0.10633796453475952,-0.16060680150985718,-0.10606696274959404,-0.24357271194458008,-0.1779119372367859,-0.14033215311252434,-0.3311251103878021,-0.18933749198913574,-0.1566562708922561,-0.4002269208431244,-0.19265908002853394,-0.17287666168891747,-0.10779345035552979,-0.07481759786605835,-0.11712323692523796,-0.22639042139053345,-0.07200556993484497,-0.13995135393821556,-0.19700318574905396,-0.07303285598754883,-0.12516117659293968,-0.15929704904556274,-0.07530707120895386,-0.11517306235515434,-0.11216765642166138,0.007164657115936279,-0.12764506605350334,-0.20339983701705933,-0.008965551853179932,-0.14213693705283958,-0.18214261531829834,-0.014102339744567871,-0.1250143554516967,-0.14858704805374146,-0.02002614736557007,-0.11204179939710457
H,0.0,0.0,0.0,-0.036370933055877686,-0.10503345727920532,-0.007331551356017485,-0.12260192632675171,-0.16445359587669373,-0.0361183405162393,-0.21653825044631958,-0.13556957244873047,-0.0632523305954038,-0.28081631660461426,-0.10850775241851807,-0.0940707259120046,-0.10476773977279663,-0.24169087409973145,-0.08987414168730368,-0.2285941243171692,-0.24548879265785217,-0.12683150994196524,-0.30202585458755493,-0.24398499727249146,-0.14925772773638357,-0.36254602670669556,-0.24510496854782104,-0.1651861451806127,-0.1059766411781311,-0.1623651087284088,-0.1059888236464559,-0.24348679184913635,-0.17971372604370117,-0.14009375202074636,-0.3302886486053467,-0.1899794638156891,-0.15651620256319632,-0.3996281623840332,-0.193145751953125,-0.17260886060610403,-0.10679477453231812,-0.07735472917556763,-0.11576470809593786,-0.22481518983840942,-0.07228308916091919,-0.13942401933088888,-0.195701003074646,-0.07184064388275146,-0.12584088074579824,-0.15866559743881226,-0.07417690753936768,-0.11626101362124075,-0.11102360486984253,0.004837334156036377,-0.12508053409472097,-0.20211589336395264,-0.009161651134490967,-0.14050787019148459,-0.18075275421142578,-0.012681305408477783,-0.12410794275417913,-0.14747697114944458,-0.018482863903045654,-0.11136288272753347
H,0.0,0.0,0.0,-0.03799504041671753,-0.10678094625473022,-0.006495856746610684,-0.12466293573379517,-0.16288110613822937,-0.03504191625076203,-0.21790626645088196,-0.13490790128707886,-0.062323621540841145,-0.2822923958301544,-0.10873055458068848,-0.09353875654893784,-0.10535728931427002,-0.23871693015098572,-0.0883588670487967,-0.2300271987915039,-0.24152857065200806,-0.1251703231330481,-0.30396202206611633,-0.24049407243728638,-0.1477843402619925,-0.3646414875984192,-0.24203109741210938,-0.1637813477511969,-0.10584938526153564,-0.15989571809768677,-0.10480675387340455,-0.24447575211524963,-0.174268901348114,-0.13784081029849915,-0.3325830399990082,-0.18362361192703247,-0.1535332827563849,-0.40222853422164917,-0.185344398021698,-0.16943574237781434,-0.10605913400650024,-0.07462966442108154,-0.11513918924289612,-0.22582370042800903,-0.06800687313079834,-0.13830568182426362,-0.19793939590454102,-0.06964552402496338,-0.1257169573302832,-0.15998464822769165,-0.07233738899230957,-0.11713606405216126,-0.11041134595870972,0.008488476276397705,-0.12498387235361008,-0.2030487060546875,-0.0051348209381103516,-0.14124593424755005,-0.18231260776519775,-0.010278820991516113,-0.12632020103889374,-0.14792156219482422,-0.016984999179840088,-0.11465100485044388
H,0.0,0.0,0.0,-0.039048194885253906,-0.10669863224029541,-0.008895702922075088,-0.12530243396759033,-0.16404423117637634,-0.0397631724191001,-0.2185247540473938,-0.13207989931106567,-0.06878204017999678,-0.2822127938270569,-0.10180163383483887,-0.10137309998395949,-0.10449022054672241,-0.23648852109909058,-0.09672115862491637,-0.23056373000144958,-0.2387099266052246,-0.13905590146902114,-0.3059765696525574,-0.23714390397071838,-0.16471409171941787,-0.3667757511138916,-0.23687633872032166,-0.18233730763319045,-0.1044110655784607,-0.15349137783050537,-0.11337403327348738,-0.24502885341644287,-0.17245179414749146,-0.15209577351930648,-0.3344942331314087,-0.18452587723731995,-0.16967130571725875,-0.4050256609916687,-0.18775278329849243,-0.18622752398374587,-0.10524147748947144,-0.06582850217819214,-0.1240047749889186,-0.22839349508285522,-0.06602847576141357,-0.15149565905454665,-0.19934946298599243,-0.07154268026351929,-0.13702396422746688,-0.16045218706130981,-0.07683908939361572,-0.12586819499853164,-0.10951417684555054,0.017119109630584717,-0.13434062272432357,-0.20358806848526,-0.004417300224304199,-0.15283135444047957,-0.1828327775001526,-0.013269960880279541,-0.13664548963430434,-0.14902865886688232,-0.0206986665725708,-0.12346841514232665
H,0.0,0.0,0.0,-0.03838074207305908,-0.10761559009552002,-0.006252427901841884,-0.12470662593841553,-0.16380524635314941,-0.036371056306876426,-0.21861106157302856,-0.12960600852966309,-0.06538625838211942,-0.28288546204566956,-0.09959721565246582,-0.09800610722950864,-0.10876327753067017,-0.23716643452644348,-0.09314295681170393,-0.2368103265762329,-0.237601637840271,-0.13380568506173063,-0.31300783157348633,-0.23523414134979248,-0.15866371275834013,-0.37469565868377686,-0.2361157238483429,-0.17629247190407682,-0.11005216836929321,-0.15361085534095764,-0.11110014500073362,-0.2518748641014099,-0.17029133439064026,-0.1496654230540173,-0.34196215867996216,-0.18183809518814087,-0.1675240177100079,-0.4134206473827362,-0.185753732919693,-0.18422470273426939,-0.11097687482833862,-0.06443530321121216,-0.1226210522835629,-0.23295322060585022,-0.06700801849365234,-0.14936516465596128,-0.20184165239334106,-0.07166355848312378,-0.1332624930327313,-0.16280466318130493,-0.0756409764289856,-0.12098538162163663,-0.11409294605255127,0.02017951011657715,-0.1337439942543881,-0.20628732442855835,-0.0023064017295837402,-0.15102595867566038,-0.18511956930160522,-0.01158231496810913,-0.13340503754071165,-0.15173310041427612,-0.018703222274780273,-0.11922688068798948
H,0.0,0.0,0.0,-0.03987330198287964,-0.10687559843063354,-0.005739050327932205,-0.1267208456993103,-0.16325098276138306,-0.03511402697036203,-0.2201642096042633,-0.12804973125457764,-0.06359483615229067,-0.2837674915790558,-0.0957840085029602,-0.09547069982359346,-0.10959374904632568,-0.23921573162078857,-0.09202395693132814,-0.23868492245674133,-0.23864716291427612,-0.13216869101593431,-0.3141911029815674,-0.23575860261917114,-0.1561841474539989,-0.3755776286125183,-0.2359943389892578,-0.17302827105591234,-0.11048060655593872,-0.15578871965408325,-0.1105789946086162,-0.25260400772094727,-0.1733168065547943,-0.14874942169258532,-0.34226861596107483,-0.18456169962882996,-0.16660597488949236,-0.41306784749031067,-0.18770399689674377,-0.18305302724907335,-0.11109018325805664,-0.06659942865371704,-0.12276505992481646,-0.2319433093070984,-0.06407707929611206,-0.14943475589821276,-0.2007933259010315,-0.06888514757156372,-0.1342213706738704,-0.1618528962135315,-0.0736193060874939,-0.12227900639841494,-0.11425858736038208,0.018278539180755615,-0.13452396855423387,-0.2068832516670227,-0.0025923848152160645,-0.15178432629177507,-0.1863006353378296,-0.012232601642608643,-0.1347409145600551,-0.15343666076660156,-0.019293546676635742,-0.1208360375530475
H,0.0,0.0,0.0,-0.03986763954162598,-0.11230003833770752,-0.006493627607909502,-0.12975847721099854,-0.1652025282382965,-0.03862261823573476,-0.22521471977233887,-0.12868362665176392,-0.06923374957600004,-0.29168230295181274,-0.09842908382415771,-0.10384321636715299,-0.11035138368606567,-0.23740848898887634,-0.10049673593798047,-0.24006128311157227,-0.23619279265403748,-0.1417736378983534,-0.3181855082511902,-0.2319050133228302,-0.1665524659232176,-0.38167059421539307,-0.23076969385147095,-0.18418115056314832,-0.10996538400650024,-0.14944013953208923,-0.11843698895731336,-0.2569526433944702,-0.16235172748565674,-0.15606246567526227,-0.34945371747016907,-0.17202883958816528,-0.17192443884172803,-0.4219292402267456,-0.17327538132667542,-0.18828285909452802,-0.11011111736297607,-0.057421207427978516,-0.1295319763497389,-0.23656412959098816,-0.061022937297821045,-0.15455411053457624,-0.20565181970596313,-0.0690343976020813,-0.1364732501582182,-0.16587233543395996,-0.07285505533218384,-0.12417851067343122,-0.1133730411529541,0.02833622694015503,-0.140271481640724,-0.21010345220565796,0.00426173210144043,-0.15686899102487928,-0.18895506858825684,-0.005803525447845459,-0.13835194385805494,-0.15495115518569946,-0.012219369411468506,-0.12428620881595975
H,0.0,0.0,0.0,-0.04086911678314209,-0.10912400484085083,-0.006960864773176922,-0.1308351755142212,-0.16200807690620422,-0.03862666444682361,-0.22622209787368774,-0.12371110916137695,-0.06927757443689586,-0.29142093658447266,-0.08895224332809448,-0.10370641680263759,-0.11305248737335205,-0.23843571543693542,-0.09819002928041698,-0.24623259902000427,-0.2358800172805786,-0.140676227526896,-0.32459133863449097,-0.23103702068328857,-0.16528548033737422,-0.38770419359207153,-0.2291383147239685,-0.18209384115242244,-0.11183339357376099,-0.15266400575637817,-0.11705327512525798,-0.25932830572128296,-0.16737279295921326,-0.1582720700075555,-0.3531670570373535,-0.1773827075958252,-0.1763275537064004,-0.42695456743240356,-0.17848214507102966,-0.1925808313658166,-0.11097925901412964,-0.06068331003189087,-0.1293789270689416,-0.2383817434310913,-0.05801820755004883,-0.1590214345028329,-0.20749473571777344,-0.06542432308197021,-0.14306166501545192,-0.16746002435684204,-0.07019847631454468,-0.12995281549000026,-0.11359095573425293,0.0265619158744812,-0.14120515914463283,-0.211683452129364,0.0057828426361083984,-0.160409492569201,-0.19050776958465576,-0.005219817161560059,-0.1425009939243722,-0.15621310472488403,-0.011998653411865234,-0.12755761774086238
H,0.0,0.0,0.0,-0.036946892738342285,-0.11079734563827515,-0.006038168865799776,-0.1250675916671753,-0.1680750846862793,-0.037405980705827346,-0.22065699100494385,-0.1303342580795288,-0.06772370073160516,-0.2875964641571045,-0.09513622522354126,-0.10172471585831033,-0.11185389757156372,-0.2462836503982544,-0.09753520223459589,-0.2460375428199768,-0.2445734143257141,-0.13858500304779398,-0.32353800535202026,-0.23964250087738037,-0.16202184739670145,-0.3866525888442993,-0.2382158637046814,-0.17809443357548105,-0.11249566078186035,-0.15888506174087524,-0.11654063495954858,-0.2613116204738617,-0.17461931705474854,-0.1570217031534611,-0.3533642292022705,-0.1846267282962799,-0.1750115174349247,-0.426651269197464,-0.18638622760772705,-0.19113780739864694,-0.11305171251296997,-0.06665849685668945,-0.1285369116362034,-0.23735547065734863,-0.06426411867141724,-0.1574150491054951,-0.2032652497291565,-0.06884622573852539,-0.14095412376484262,-0.16357678174972534,-0.07253605127334595,-0.12760688546261179,-0.11609148979187012,0.020110368728637695,-0.1398117113407551,-0.21128934621810913,0.00011456012725830078,-0.15687677445968973,-0.18745261430740356,-0.007622122764587402,-0.13693258348068582,-0.15324950218200684,-0.012724697589874268,-0.12083764556011545
H,0.0,0.0,0.0,-0.041158974170684814,-0.11304128170013428,-0.007844477787287474,-0.13203346729278564,-0.16788533329963684,-0.040942544944257975,-0.23052483797073364,-0.12969017028808594,-0.0727730569314673,-0.2981078624725342,-0.0949210524559021,-0.10849593848702455,-0.11437386274337769,-0.24351194500923157,-0.10221071065184617,-0.2501949071884155,-0.24291908740997314,-0.14624784410712266,-0.33007192611694336,-0.2375592589378357,-0.17218255520579362,-0.39382585883140564,-0.23542672395706177,-0.18971839071032548,-0.1144900918006897,-0.1545979082584381,-0.12040165335652375,-0.2643420994281769,-0.1694076657295227,-0.16226626456496263,-0.3599507212638855,-0.180098295211792,-0.18085304916617417,-0.4349695146083832,-0.18244343996047974,-0.19788167894598985,-0.1148449182510376,-0.06041109561920166,-0.13179604233023667,-0.2437433898448944,-0.06074148416519165,-0.16068347812411332,-0.21260303258895874,-0.06777030229568481,-0.1440252614092543,-0.17210125923156738,-0.0725247859954834,-0.13099544764277482,-0.11840164661407471,0.027722656726837158,-0.1427914899658873,-0.217218279838562,0.0049498677253723145,-0.16082553089377427,-0.19674444198608398,-0.006041586399078369,-0.14204851806876206,-0.16229784488677979,-0.013446629047393799,-0.12683656335589433
H,0.0,0.0,0.0,-0.04156291484832764,-0.11255025863647461,-0.0084721217181567,-0.13095855712890625,-0.1681826114654541,-0.043001819799471264,-0.22836828231811523,-0.12760937213897705,-0.07628218869380987,-0.2963421642780304,-0.09242570400238037,-0.11348132828884161,-0.11456161737442017,-0.24726322293281555,-0.1053474400442127,-0.2516680955886841,-0.24472030997276306,-0.15043731818609274,-0.3325068950653076,-0.23899847269058228,-0.17664995084219015,-0.3974878191947937,-0.236339271068573,-0.1944020767014507,-0.113311767578125,-0.15857088565826416,-0.12398853192739523,-0.26460063457489014,-0.17110243439674377,-0.16814627538137472,-0.3620643615722656,-0.18017762899398804,-0.18792089114599264,-0.43872907757759094,-0.18057969212532043,-0.2054967213671688,-0.11300516128540039,-0.06453204154968262,-0.13561830709390676,-0.24281764030456543,-0.060031890869140625,-0.16568326244764364,-0.21115684509277344,-0.06752532720565796,-0.1487090219061855,-0.17119020223617554,-0.07344532012939453,-0.1353091974061016,-0.11657595634460449,0.023699164390563965,-0.14687741587572134,-0.21523499488830566,0.005506753921508789,-0.16513151715211905,-0.19361454248428345,-0.005901038646697998,-0.14573679159097708,-0.1591913104057312,-0.014574766159057617,-0.13001085112504995
H,0.0,0.0,0.0,-0.04014456272125244,-0.11572587490081787,-0.008648803779038872,-0.13231635093688965,-0.17192542552947998,-0.04110086927667567,-0.23279428482055664,-0.13124418258666992,-0.07214791546121546,-0.30117669701576233,-0.09655213356018066,-0.10690567115798899,-0.11490893363952637,-0.24795803427696228,-0.09784334371343562,-0.2514815032482147,-0.24662786722183228,-0.13960097948566386,-0.33306771516799927,-0.24009954929351807,-0.16374305109039256,-0.3988298177719116,-0.238206148147583,-0.18048052708164164,-0.1159089207649231,-0.15873166918754578,-0.11609670738235423,-0.27000612020492554,-0.1700975000858307,-0.15626867333904215,-0.3670385181903839,-0.17739337682724,-0.17388402143970438,-0.4442315101623535,-0.17751216888427734,-0.19002154687896677,-0.1162305474281311,-0.06442654132843018,-0.12788583556667277,-0.24650835990905762,-0.06210118532180786,-0.1577346346761317,-0.21274709701538086,-0.07008898258209229,-0.14192886868968912,-0.17206865549087524,-0.07503598928451538,-0.12903562406555125,-0.1192929744720459,0.02491474151611328,-0.1392019859935374,-0.21772551536560059,0.0055124759674072266,-0.1586581341411204,-0.19402652978897095,-0.005545616149902344,-0.14006744543567606,-0.1588881015777588,-0.013533830642700195,-0.12467284719005534
H,0.0,0.0,0.0,-0.041024863719940186,-0.1177130937576294,-0.010292852088511495,-0.13615715503692627,-0.17159631848335266,-0.04638752506643584,-0.23992478847503662,-0.1277051568031311,-0.08120314942270568,-0.3089546859264374,-0.0881967544555664,-0.12037642465502074,-0.11757093667984009,-0.2506735324859619,-0.10690123008161834,-0.26226285099983215,-0.2483610212802887,-0.15166934744983962,-0.3475509285926819,-0.23971933126449585,-0.1770634146180754,-0.4152314066886902,-0.23517394065856934,-0.19458476619392684,-0.11622732877731323,-0.1576683223247528,-0.1267716826644545,-0.2814548909664154,-0.16475677490234375,-0.17143165485531142,-0.3834356665611267,-0.17017242312431335,-0.1903024853912001,-0.4628884196281433,-0.16887497901916504,-0.2073540480580931,-0.11493206024169922,-0.05844438076019287,-0.13987256006866744,-0.25684690475463867,-0.05925947427749634,-0.17406352774769118,-0.2213771939277649,-0.06621313095092773,-0.156259620353282,-0.17724817991256714,-0.0689510703086853,-0.1413711549487715,-0.11775922775268555,0.0346602201461792,-0.15259915010601333,-0.2276354432106018,0.012462615966796875,-0.1760764511075621,-0.20288580656051636,0.0008044242858886719,-0.15677056626945785,-0.1637226939201355,-0.005936384201049805,-0.14035145358711532
H,0.0,0.0,0.0,-0.04396158456802368,-0.12026482820510864,-0.009388961932700113,-0.14019113779067993,-0.17577505111694336,-0.04579120046560092,-0.2458174228668213,-0.12995702028274536,-0.08064661837283893,-0.3159608840942383,-0.089344322681427,-0.11969444817964359,-0.12095564603805542,-0.25347447395324707,-0.10932408190433307,-0.2672474980354309,-0.25004518032073975,-0.1554833046263866,-0.3531320095062256,-0.24133729934692383,-0.1820590189761333,-0.42143356800079346,-0.23691368103027344,-0.20023447192374988,-0.11979138851165771,-0.15936872363090515,-0.12844045377437396,-0.2842462360858917,-0.167658269405365,-0.17324778354827686,-0.3865087628364563,-0.17370545864105225,-0.1923235944575481,-0.4663946330547333,-0.1730608344078064,-0.2098764917916469,-0.1190943717956543,-0.05964130163192749,-0.14033378577892108,-0.26082491874694824,-0.05862617492675781,-0.17148728585902973,-0.22651898860931396,-0.0657806396484375,-0.15188589609329028,-0.18301427364349365,-0.07011890411376953,-0.13677933729354663,-0.12210994958877563,0.03324466943740845,-0.1518912158078365,-0.2299012541770935,0.012342214584350586,-0.1716835192507915,-0.2062961459159851,0.0007265210151672363,-0.15050993776981159,-0.16924506425857544,-0.007636129856109619,-0.13342355108920856
H,0.0,0.0,0.0,-0.045891642570495605,-0.12144297361373901,-0.008774820767314395,-0.14463579654693604,-0.17800533771514893,-0.044968004390568694,-0.24966895580291748,-0.13017022609710693,-0.07966852472719665,-0.317436158657074,-0.08535152673721313,-0.11883364902433868,-0.12527614831924438,-0.25706595182418823,-0.11275710450109955,-0.2740793526172638,-0.2508096694946289,-0.15908904658255096,-0.36126160621643066,-0.24055466055870056,-0.18555912660059448,-0.43086865544319153,-0.23570385575294495,-0.20407417701181885,-0.12215268611907959,-0.16014865040779114,-0.13279621587690826,-0.2883263826370239,-0.16685563325881958,-0.17888889001307007,-0.3938978910446167,-0.17313611507415771,-0.19903654144701477,-0.4762488007545471,-0.17106962203979492,-0.21754180179533478,-0.1205320954322815,-0.05669581890106201,-0.14514552341398712,-0.2644864618778229,-0.05425328016281128,-0.17708082781729217,-0.22922754287719727,-0.06689608097076416,-0.1580804167836618,-0.1845083236694336,-0.07369828224182129,-0.14322817610201355,-0.12280333042144775,0.038690924644470215,-0.15703779743608948,-0.23347049951553345,0.0179787278175354,-0.17788037942347046,-0.2106645703315735,0.0011608600616455078,-0.15757789002356049,-0.17298686504364014,-0.009382188320159912,-0.14104658649858948
H,0.0,0.0,0.0,-0.048439621925354004,-0.12344813346862793,-0.008843314865046636,-0.1467490792274475,-0.17991504073143005,-0.047227379897051947,-0.253046452999115,-0.13149166107177734,-0.08426289729159464,-0.32257622480392456,-0.08504974842071533,-0.12539943776410212,-0.12556588649749756,-0.2584908604621887,-0.11702733210604777,-0.2786671817302704,-0.2535738945007324,-0.16561187527459253,-0.367028146982193,-0.2433851957321167,-0.19272057435792078,-0.4369913935661316,-0.23863404989242554,-0.2112308861998855,-0.12141960859298706,-0.15907084941864014,-0.13801166138928522,-0.29329514503479004,-0.1678914725780487,-0.1866269382027923,-0.39996200799942017,-0.1745222508907318,-0.20628285131734003,-0.48151925206184387,-0.1738850474357605,-0.22416469178479304,-0.11960107088088989,-0.054306983947753906,-0.15125991127770533,-0.2703403830528259,-0.05573225021362305,-0.18499299607556452,-0.2358139157295227,-0.06741547584533691,-0.16354585907738795,-0.1899283528327942,-0.07360494136810303,-0.14656455538552393,-0.12236380577087402,0.04144883155822754,-0.16415166578572382,-0.2367687225341797,0.015562295913696289,-0.18553998790066828,-0.21463048458099365,-0.0014712214469909668,-0.16377880893033137,-0.17658185958862305,-0.011771202087402344,-0.14600036762040247
H,0.0,0.0,0.0,-0.047267138957977295,-0.12558794021606445,-0.009508738752998624,-0.14844179153442383,-0.18506783246994019,-0.0474166530115383,-0.25539737939834595,-0.13644379377365112,-0.08355031115243605,-0.3258258104324341,-0.08995860815048218,-0.12421402287910155,-0.1260092854499817,-0.2640112638473511,-0.11873995465467146,-0.280160129070282,-0.25958311557769775,-0.16688871336410216,-0.3696935176849365,-0.2490459680557251,-0.19397303414771727,-0.4407397508621216,-0.24396675825119019,-0.21271833730170897,-0.12314379215240479,-0.1650504469871521,-0.138805686954953,-0.2954292893409729,-0.1749686598777771,-0.1861577923340576,-0.4022098183631897,-0.18343430757522583,-0.20538666797111205,-0.48487111926078796,-0.18267619609832764,-0.2233185167355316,-0.12263262271881104,-0.05925285816192627,-0.1510301078600662,-0.2725735306739807,-0.06212139129638672,-0.18336753499934844,-0.23799967765808105,-0.07560676336288452,-0.16266186488101653,-0.19298893213272095,-0.08066761493682861,-0.14669695449302367,-0.12684762477874756,0.03833252191543579,-0.16288432431647948,-0.23995059728622437,0.012058138847351074,-0.18400350165794066,-0.21857422590255737,-0.0068419575691223145,-0.16304115903804473,-0.1816120743751526,-0.016887903213500977,-0.14602704298923186
H,0.0,0.0,0.0,-0.049535155296325684,-0.1261691451072693,-0.008419785990241735,-0.15209966897964478,-0.18203535676002502,-0.04640284401071426,-0.26220810413360596,-0.13410091400146484,-0.08313060399783012,-0.3350082337856293,-0.08963572978973389,-0.12438370135319587,-0.12707382440567017,-0.26065802574157715,-0.1168399884988105,-0.2826378643512726,-0.25815272331237793,-0.16420675662052986,-0.37314674258232117,-0.24837327003479004,-0.19044028070462105,-0.4453047513961792,-0.24466472864151,-0.20882570591462013,-0.12387609481811523,-0.16062197089195251,-0.1383829548646247,-0.2998146116733551,-0.16991499066352844,-0.18496069159996864,-0.40912139415740967,-0.17648041248321533,-0.20368595269215461,-0.4933658838272095,-0.17537346482276917,-0.22152840939057228,-0.12269306182861328,-0.05379807949066162,-0.15217320468914863,-0.2745499014854431,-0.05555444955825806,-0.18514939990532753,-0.23932713270187378,-0.0686306357383728,-0.1645147636224067,-0.19321507215499878,-0.07505005598068237,-0.1486627742339408,-0.12626516819000244,0.04449450969696045,-0.16545653191101906,-0.24248933792114258,0.021029233932495117,-0.18770125356209633,-0.219859778881073,0.0027385354042053223,-0.1668129995156562,-0.1812611222267151,-0.008506298065185547,-0.14985875633252022
H,0.0,0.0,0.0,-0.04794102907180786,-0.12889212369918823,-0.0100420810286721,-0.1506931185722351,-0.18664512038230896,-0.050867665932031514,-0.259621798992157,-0.13755899667739868,-0.08979930393442714,-0.3323627710342407,-0.09113991260528564,-0.13349376283630932,-0.12468516826629639,-0.26821839809417725,-0.127082433924528,-0.2833654284477234,-0.2622237801551819,-0.17729274593338573,-0.3749781548976898,-0.25090575218200684,-0.20480109415993297,-0.4476644992828369,-0.24540555477142334,-0.22372455559715831,-0.11941051483154297,-0.16420438885688782,-0.14860745929226482,-0.2984214425086975,-0.1736181676387787,-0.1976877566431483,-0.40938815474510193,-0.18035590648651123,-0.21634474061474407,-0.4943740665912628,-0.17868280410766602,-0.23423851691231334,-0.11754351854324341,-0.054367780685424805,-0.16197159551128948,-0.27474841475486755,-0.05970686674118042,-0.19639138542160595,-0.24039232730865479,-0.07465296983718872,-0.17464051805481517,-0.19311445951461792,-0.08111363649368286,-0.15801182054028118,-0.1217350959777832,0.046245455741882324,-0.1748886819933375,-0.2414678931236267,0.019296884536743164,-0.19832457266792858,-0.22021788358688354,-0.0014159679412841797,-0.1771312471483668,-0.18099850416183472,-0.013561367988586426,-0.15991687439426983
H,0.0,0.0,0.0,-0.04199492931365967,-0.131272554397583,-0.012181444939400876,-0.1423780918121338,-0.1911652386188507,-0.053492136214103425,-0.25384581089019775,-0.1444116234779358,-0.0929066090920827,-0.3284235894680023,-0.10087603330612183,-0.13704767069610568,-0.12145471572875977,-0.2772185504436493,-0.12456849208864185,-0.2788814902305603,-0.2745131254196167,-0.17511530957015964,-0.37141233682632446,-0.2646138370037079,-0.2042032404878995,-0.4448697566986084,-0.26126906275749207,-0.22476669392379733,-0.1164473295211792,-0.1748562753200531,-0.14602526268753024,-0.29638102650642395,-0.18310672044754028,-0.1962885185221097,-0.40774959325790405,-0.18996381759643555,-0.21699821195396396,-0.4930095374584198,-0.19021859765052795,-0.23667044184001895,-0.11404484510421753,-0.06579947471618652,-0.15979451677593204,-0.2739817202091217,-0.07037496566772461,-0.19635423264297458,-0.23853302001953125,-0.07887250185012817,-0.17493585488590213,-0.18983066082000732,-0.08200252056121826,-0.15840933463367435,-0.11784762144088745,0.03407752513885498,-0.17337620994838687,-0.24043291807174683,0.009753584861755371,-0.19853823623451206,-0.21769946813583374,-0.0041615962982177734,-0.17725659153255435,-0.17619448900222778,-0.01317507028579712,-0.15984388432296726
H,0.0,0.0,0.0,-0.04037892818450928,-0.1324305534362793,-0.008649098049012593,-0.14200246334075928,-0.1952073872089386,-0.04819730419209378,-0.25419938564300537,-0.14983367919921875,-0.08652356761982816,-0.3268433213233948,-0.1003921627998352,-0.13072733331015485,-0.11908990144729614,-0.2800412178039551,-0.11993676919033902,-0.278281033039093,-0.28064829111099243,-0.16807131219199078,-0.3724603056907654,-0.2720237970352173,-0.19580346095850842,-0.4464481472969055,-0.26848304271698,-0.2152856265335359,-0.11532127857208252,-0.17913997173309326,-0.14260686683943646,-0.2967279851436615,-0.18883419036865234,-0.18906426179697888,-0.40850508213043213,-0.19631561636924744,-0.20787411678126233,-0.4951235353946686,-0.1964080035686493,-0.22617536533167737,-0.11369526386260986,-0.07044082880020142,-0.15736670542052167,-0.27262765169143677,-0.07716971635818481,-0.1921852653055467,-0.23959755897521973,-0.0866900086402893,-0.1736964707403459,-0.19313180446624756,-0.0876387357711792,-0.15941053378870862,-0.11834520101547241,0.029804885387420654,-0.17139288533022778,-0.240054190158844,0.003196895122528076,-0.19606856751730817,-0.2181110382080078,-0.012197494506835938,-0.17595143366148847,-0.17719882726669312,-0.020557880401611328,-0.1593916987209596
H,0.0,0.0,0.0,-0.041246891021728516,-0.13183462619781494,-0.009211260069136529,-0.14283472299575806,-0.19235777854919434,-0.05015454086286297,-0.25645554065704346,-0.1460202932357788,-0.08971917646748295,-0.33092963695526123,-0.09824371337890625,-0.1350654886923479,-0.12293344736099243,-0.2775501012802124,-0.12175067531687489,-0.2811145782470703,-0.27640920877456665,-0.1702290551624941,-0.37517011165618896,-0.26748812198638916,-0.19825036096197834,-0.44849687814712524,-0.26500725746154785,-0.21839653718096486,-0.11818641424179077,-0.17516881227493286,-0.14452786016089192,-0.30076566338539124,-0.18409183621406555,-0.19213236140829792,-0.41171327233314514,-0.19274336099624634,-0.21135615574938527,-0.49673277139663696,-0.19383171200752258,-0.23023273813349476,-0.11545640230178833,-0.06594693660736084,-0.15930873918158284,-0.27557116746902466,-0.07164812088012695,-0.19437187182528248,-0.24077481031417847,-0.07900011539459229,-0.17429793643576375,-0.19324272871017456,-0.08035635948181152,-0.15928087401015034,-0.11845952272415161,0.033837318420410156,-0.1734152214489626,-0.242587149143219,0.00951242446899414,-0.1976762043200182,-0.2191789150238037,-0.0030289888381958008,-0.17609868216139546,-0.17747408151626587,-0.009985387325286865,-0.15883528458697072
H,0.0,0.0,0.0,-0.04711043834686279,-0.12913024425506592,-0.01135732348754459,-0.1509394645690918,-0.18804606795310974,-0.052218093757772976,-0.2654913663864136,-0.1380155086517334,-0.09164426777257972,-0.3406049609184265,-0.09336662292480469,-0.13589424196376854,-0.1275150179862976,-0.2682875990867615,-0.12059820744886451,-0.2870199680328369,-0.2687532603740692,-0.1705811649908071,-0.3807969391345978,-0.26207494735717773,-0.19924305680885368,-0.4553074240684509,-0.2600405812263489,-0.21961868110790306,-0.12482404708862305,-0.16505369544029236,-0.14257349375381523,-0.30681973695755005,-0.17590537667274475,-0.19275942746295982,-0.42070144414901733,-0.18534407019615173,-0.21411164406433159,-0.5093198716640472,-0.18600398302078247,-0.23379767242565208,-0.12395554780960083,-0.05428147315979004,-0.15690844062461906,-0.28142601251602173,-0.06187033653259277,-0.1934875131000524,-0.24547064304351807,-0.07384395599365234,-0.1725202828992849,-0.1986446976661682,-0.07768326997756958,-0.15587297383441978,-0.1287534236907959,0.04768776893615723,-0.17096454206600242,-0.2501559257507324,0.019226908683776855,-0.19559789005413108,-0.22721385955810547,0.0015727877616882324,-0.1739880472768789,-0.18762028217315674,-0.007542073726654053,-0.15624025765552574
H,0.0,0.0,0.0,-0.04708576202392578,-0.13028311729431152,-0.0111593668266039,-0.15057355165481567,-0.18797904253005981,-0.053007010269055854,-0.2616744637489319,-0.13888400793075562,-0.09312440072287131,-0.33619093894958496,-0.09346568584442139,-0.1380630246280532,-0.12494659423828125,-0.27484962344169617,-0.1278875729917388,-0.2874845564365387,-0.2723906338214874,-0.1792082301257949,-0.38164544105529785,-0.26173579692840576,-0.20790618275393058,-0.45693832635879517,-0.25841426849365234,-0.2281625530599456,-0.1172751784324646,-0.1711653172969818,-0.15030550574053336,-0.3029906749725342,-0.1794399619102478,-0.20142304514635612,-0.4174439013004303,-0.1868022084236145,-0.22177813564528037,-0.5051642060279846,-0.18789315223693848,-0.2410682997583251,-0.11446571350097656,-0.05953949689865112,-0.16476443027247,-0.2781388759613037,-0.06258034706115723,-0.20229875658739616,-0.24357569217681885,-0.07762336730957031,-0.1805035135625701,-0.19518661499023438,-0.08400774002075195,-0.16325282667864371,-0.1191941499710083,0.04282790422439575,-0.17885453616369773,-0.244165301322937,0.015521883964538574,-0.20607161139238883,-0.22258687019348145,-0.0053255558013916016,-0.1854178420184951,-0.18204915523529053,-0.01646500825881958,-0.16797138367880393
H,0.0,0.0,0.0,-0.045699894428253174,-0.13137340545654297,-0.009814163114839403,-0.14964944124221802,-0.18965262174606323,-0.05041731000315508,-0.26258647441864014,-0.13715189695358276,-0.08985091597210726,-0.3370506763458252,-0.08853322267532349,-0.13468024731051287,-0.12755608558654785,-0.2735597789287567,-0.12045912295948824,-0.28583332896232605,-0.2692365050315857,-0.16862197816740832,-0.37847262620925903,-0.25964292883872986,-0.19660053253542742,-0.4524099826812744,-0.25650960206985474,-0.21665095389258227,-0.12447482347488403,-0.1690511703491211,-0.1434171855486568,-0.30248215794563293,-0.17756718397140503,-0.19096968174349627,-0.4151410758495331,-0.18559572100639343,-0.21126601696383318,-0.5028401613235474,-0.18526709079742432,-0.23082696497809252,-0.12283354997634888,-0.05907416343688965,-0.15853408575426897,-0.2753087878227234,-0.06052398681640625,-0.1931375771797832,-0.23765283823013306,-0.07023298740386963,-0.17380747795473894,-0.19070672988891602,-0.07287025451660156,-0.15937847495447954,-0.12659132480621338,0.042572200298309326,-0.17326838374506792,-0.2450585961341858,0.02059704065322876,-0.1970912873781856,-0.2201138138771057,0.007008790969848633,-0.17626937330138048,-0.17902624607086182,-0.00044035911560058594,-0.15978035927187761
H,0.0,0.0,0.0,-0.04745888710021973,-0.13078522682189941,-0.010071239189514358,-0.15199404954910278,-0.19006091356277466,-0.050068346538850506,-0.26465511322021484,-0.14259439706802368,-0.0887498797264783,-0.3399043679237366,-0.09922879934310913,-0.1319988460627286,-0.12804573774337769,-0.276357501745224,-0.12047472757966204,-0.28724950551986694,-0.2730945348739624,-0.17007330966860934,-0.3801265358924866,-0.26422232389450073,-0.1980679572907178,-0.45449498295783997,-0.2613126039505005,-0.2178954423752515,-0.12459486722946167,-0.17292353510856628,-0.1429669947710721,-0.3059235215187073,-0.18186673521995544,-0.19257780326277896,-0.4181075692176819,-0.1903083324432373,-0.21338186574847384,-0.50445955991745,-0.19079291820526123,-0.23279000235469027,-0.12369465827941895,-0.06154167652130127,-0.15764587534339114,-0.28129661083221436,-0.06393611431121826,-0.19330083740622683,-0.24309104681015015,-0.07538259029388428,-0.1716246993628232,-0.19482415914535522,-0.08059990406036377,-0.15474157942206546,-0.1279698610305786,0.04126894474029541,-0.1719565184202878,-0.2477298378944397,0.016564607620239258,-0.1960700394001691,-0.22239083051681519,0.00019872188568115234,-0.1740930171099393,-0.18189764022827148,-0.009365856647491455,-0.15611893845469638
H,0.0,0.0,0.0,-0.0516740083694458,-0.12832844257354736,-0.008409262533533024,-0.15675652027130127,-0.18382179737091064,-0.047943144935416626,-0.2681347727775574,-0.13314473628997803,-0.08629890521173422,-0.3430485427379608,-0.08878469467163086,-0.12955433865194266,-0.13459599018096924,-0.2676998972892761,-0.11893889297847693,-0.2933330237865448,-0.26286861300468445,-0.166489012438106,-0.38551706075668335,-0.2518983483314514,-0.19379431744222586,-0.4586629569530487,-0.24733129143714905,-0.21292667825822775,-0.13004153966903687,-0.1628016233444214,-0.14116673906450217,-0.30917730927467346,-0.1709783375263214,-0.1877532078803057,-0.4216299057006836,-0.17847958207130432,-0.20757185657625143,-0.5080985128879547,-0.178157776594162,-0.22679691751604025,-0.1276949644088745,-0.052834928035736084,-0.15526681383256857,-0.2839047312736511,-0.055830955505371094,-0.18756205578451102,-0.24813997745513916,-0.06663614511489868,-0.16668536503915732,-0.2008378505706787,-0.07052040100097656,-0.1514304651797289,-0.13115769624710083,0.048274338245391846,-0.16890264292364066,-0.2515574097633362,0.026405692100524902,-0.19050209959154074,-0.2283901572227478,0.009346246719360352,-0.16871181865339224,-0.1882210373878479,-0.0020347237586975098,-0.15153182287816946
H,0.0,0.0,0.0,-0.04430651664733887,-0.13321679830551147,-0.009089698954170444,-0.1482657790184021,-0.1922336220741272,-0.048317816047614315,-0.2578253746032715,-0.14168184995651245,-0.0853761098670418,-0.333732008934021,-0.09473311901092529,-0.12712337443107913,-0.12482410669326782,-0.27658674120903015,-0.12620129057640384,-0.2874223291873932,-0.27136263251304626,-0.17355382808918307,-0.38001197576522827,-0.25894585251808167,-0.19907728204006503,-0.4543997645378113,-0.25460320711135864,-0.21671514579529116,-0.12321150302886963,-0.17172092199325562,-0.14662744471306155,-0.30256640911102295,-0.18269985914230347,-0.1927735246109421,-0.41354605555534363,-0.19101262092590332,-0.21084821590656588,-0.4997257888317108,-0.19107601046562195,-0.22861655422920535,-0.12446236610412598,-0.06282216310501099,-0.1583431995796616,-0.27997711300849915,-0.06458169221878052,-0.190275687663501,-0.2437228560447693,-0.07931602001190186,-0.17014706501240084,-0.19638478755950928,-0.08536183834075928,-0.15508394309753726,-0.13061141967773438,0.03680819272994995,-0.16935426363224337,-0.24722260236740112,0.011187195777893066,-0.19108043977493594,-0.22373616695404053,-0.00924217700958252,-0.17026861378425906,-0.1839028000831604,-0.021395862102508545,-0.1534968949245865
H,0.0,0.0,0.0,-0.0424005389213562,-0.13323134183883667,-0.008724941608576842,-0.14506787061691284,-0.19227638840675354,-0.04905310898747928,-0.2569577693939209,-0.14145660400390625,-0.08744646489348895,-0.3328098654747009,-0.09649026393890381,-0.13126534849133975,-0.12609684467315674,-0.27172398567199707,-0.12466124325719363,-0.28400129079818726,-0.26766303181648254,-0.1704534056755591,-0.3748706877231598,-0.25703656673431396,-0.19596170514550693,-0.44728776812553406,-0.2533310651779175,-0.2142163428637076,-0.12420570850372314,-0.1672074794769287,-0.14505077033963687,-0.30049577355384827,-0.17570126056671143,-0.19007298975911624,-0.40987128019332886,-0.18345701694488525,-0.20769061773744113,-0.4945659041404724,-0.18170565366744995,-0.22572799652543551,-0.12330663204193115,-0.05872684717178345,-0.15651642411675937,-0.2715088129043579,-0.06582129001617432,-0.1858846905800391,-0.23459714651107788,-0.07954424619674683,-0.16383661955323703,-0.1888587474822998,-0.08333605527877808,-0.14879678815331943,-0.12636148929595947,0.039795100688934326,-0.16740149885144717,-0.24058741331100464,0.012682557106018066,-0.18611992031064517,-0.21614152193069458,-0.004198133945465088,-0.1630439522835303,-0.17657768726348877,-0.013032019138336182,-0.14573601513829715
H,0.0,0.0,0.0,-0.04458975791931152,-0.13185983896255493,-0.010371082159480238,-0.14796149730682373,-0.19138234853744507,-0.0510123564626781,-0.2605140209197998,-0.13997668027877808,-0.08939618307610431,-0.3358933627605438,-0.0933382511138916,-0.13264333147068896,-0.12417030334472656,-0.2712423801422119,-0.12638549942036548,-0.2835409939289093,-0.26690834760665894,-0.17477071720620074,-0.3747464120388031,-0.2552351951599121,-0.20175549823304095,-0.44743555784225464,-0.2510502338409424,-0.22080387610455432,-0.1219678521156311,-0.16626811027526855,-0.1466711356069652,-0.2996630072593689,-0.17731714248657227,-0.19397694307824054,-0.408306747674942,-0.18640124797821045,-0.21222077745457568,-0.49282148480415344,-0.1873524785041809,-0.2304056032325832,-0.12181037664413452,-0.057823777198791504,-0.1585548265602199,-0.2753799557685852,-0.06706881523132324,-0.1909347369100658,-0.2391318678855896,-0.08148813247680664,-0.16907947200795093,-0.1928606629371643,-0.08584380149841309,-0.1532026274826137,-0.12599915266036987,0.040042340755462646,-0.17004311520119586,-0.24251407384872437,0.007899701595306396,-0.1917334987547008,-0.21990442276000977,-0.012424826622009277,-0.17034079569836535,-0.1812778115272522,-0.023203253746032715,-0.1536417647029964
H,0.0,0.0,0.0,-0.04775005578994751,-0.13017922639846802,-0.009467676889926224,-0.151131272315979,-0.18485558032989502,-0.04922063709500435,-0.26019370555877686,-0.1358378529548645,-0.08721668334010246,-0.3337996304035187,-0.09151804447174072,-0.13025495470765236,-0.1273530125617981,-0.26470834016799927,-0.12230991632941368,-0.2810899019241333,-0.2596207559108734,-0.16993030966523293,-0.3716949224472046,-0.24870723485946655,-0.197185204041034,-0.44441694021224976,-0.24540668725967407,-0.2167419350266755,-0.12293589115142822,-0.16267096996307373,-0.14346866370442513,-0.2973286807537079,-0.170853853225708,-0.18896836103203896,-0.4059581160545349,-0.17855554819107056,-0.20706021846535805,-0.4896860122680664,-0.1784537434577942,-0.225672633063823,-0.1204107403755188,-0.055115580558776855,-0.15659964145424965,-0.2738555371761322,-0.06049501895904541,-0.18816797496083382,-0.23989975452423096,-0.0743597149848938,-0.16730022491219643,-0.19366133213043213,-0.07923656702041626,-0.15266209901574257,-0.12279194593429565,0.04280960559844971,-0.16940395594838265,-0.23978567123413086,0.0174483060836792,-0.19188033105137947,-0.2193470597267151,-0.0015382170677185059,-0.17199966372254494,-0.18127232789993286,-0.012686491012573242,-0.15652041198018196
H,0.0,0.0,0.0,-0.04754441976547241,-0.1284906268119812,-0.006884877690524149,-0.1506977677345276,-0.1851489245891571,-0.04347060446575313,-0.260334849357605,-0.1364421248435974,-0.078785793976337,-0.3335588574409485,-0.09479838609695435,-0.1183954422636333,-0.12610816955566406,-0.26551520824432373,-0.1135206316871944,-0.2796519696712494,-0.2612544000148773,-0.15915391047433047,-0.36893677711486816,-0.24927160143852234,-0.1846694668097797,-0.4402245879173279,-0.24373367428779602,-0.20258894761040835,-0.12394791841506958,-0.16363519430160522,-0.13501584728196292,-0.2985256612300873,-0.17316341400146484,-0.17891144950822024,-0.4057616591453552,-0.18018394708633423,-0.1967103501124683,-0.4890579879283905,-0.18007707595825195,-0.21424037416413455,-0.12304538488388062,-0.057666003704071045,-0.14864388306573062,-0.27341824769973755,-0.058487772941589355,-0.1795284767909351,-0.2372691035270691,-0.07316279411315918,-0.15936595399811893,-0.19102072715759277,-0.0802450180053711,-0.14422817726567416,-0.12606757879257202,0.038995206356048584,-0.16162923176720767,-0.2414231300354004,0.014757752418518066,-0.18257157702878146,-0.21870720386505127,-0.003453493118286133,-0.16179040272668033,-0.1806849241256714,-0.014468967914581299,-0.14514252741768985
H,0.0,0.0,0.0,-0.04741382598876953,-0.12512528896331787,-0.007732420970356202,-0.1479589343070984,-0.18008661270141602,-0.0445159243388531,-0.25417572259902954,-0.13188844919204712,-0.07965682241753314,-0.3257235288619995,-0.0893791913986206,-0.11922302636936877,-0.1265026330947876,-0.25939714908599854,-0.11462258342341158,-0.27707087993621826,-0.2535135746002197,-0.15975457969740603,-0.36428746581077576,-0.2420034408569336,-0.1856156045539734,-0.43490368127822876,-0.23738127946853638,-0.2038593048198578,-0.12399852275848389,-0.15948700904846191,-0.13505997303560946,-0.29253339767456055,-0.1671290397644043,-0.17756498399809573,-0.39848071336746216,-0.17279958724975586,-0.19534025136069033,-0.4814884066581726,-0.17093834280967712,-0.21326004508570406,-0.12226784229278564,-0.05522423982620239,-0.14757080916002963,-0.26498931646347046,-0.052576422691345215,-0.17639233711794589,-0.22957873344421387,-0.06613212823867798,-0.15696412864760134,-0.18469732999801636,-0.07318013906478882,-0.14320621434286807,-0.12413400411605835,0.04094827175140381,-0.15963808241919253,-0.2349887490272522,0.019216537475585938,-0.17924604359701846,-0.21240907907485962,0.0013973116874694824,-0.15921640935972903,-0.17458289861679077,-0.010792970657348633,-0.14365679565504763
H,0.0,0.0,0.0,-0.04397916793823242,-0.12527316808700562,-0.009445165509660569,-0.1446123719215393,-0.17778480052947998,-0.04527569025971445,-0.24941682815551758,-0.1306895613670349,-0.07907696277119669,-0.3208097219467163,-0.08725422620773315,-0.11709500313021692,-0.12165409326553345,-0.2574513256549835,-0.11285925865389856,-0.269874632358551,-0.25190556049346924,-0.15741296321370157,-0.35577714443206787,-0.24080747365951538,-0.1827671697757438,-0.4259553849697113,-0.2363339066505432,-0.20051065296151194,-0.12108457088470459,-0.16052454710006714,-0.13187922746159586,-0.28487393260002136,-0.1694197654724121,-0.1737371107957557,-0.387965589761734,-0.17541396617889404,-0.19155314773537668,-0.4691633880138397,-0.17413747310638428,-0.20925250858284983,-0.12145489454269409,-0.05999612808227539,-0.14339985162236246,-0.2614551782608032,-0.054335713386535645,-0.17310047358490976,-0.2251415252685547,-0.06582069396972656,-0.1561003944299415,-0.18073350191116333,-0.07264131307601929,-0.14366309553601297,-0.12461495399475098,0.03304564952850342,-0.15443857223012003,-0.23154282569885254,0.014562487602233887,-0.17520337015606913,-0.20669305324554443,-0.00027257204055786133,-0.15685084670998606,-0.16865354776382446,-0.010293364524841309,-0.14226475566842112
H,0.0,0.0,0.0,-0.038205742835998535,-0.12345051765441895,-0.008826749831641223,-0.13189125061035156,-0.17617875337600708,-0.04490605971237471,-0.23157429695129395,-0.13545507192611694,-0.07915678104778578,-0.3012876510620117,-0.09976857900619507,-0.11762044808288863,-0.11598449945449829,-0.2594951093196869,-0.11151545724293044,-0.25511434674263,-0.25566983222961426,-0.15682442715784362,-0.33717381954193115,-0.2457941174507141,-0.18368108800073912,-0.4047296643257141,-0.2422938048839569,-0.2021333598198538,-0.11365008354187012,-0.16745710372924805,-0.1306239091457968,-0.2708195447921753,-0.17487245798110962,-0.17236747077127745,-0.37114217877388,-0.18001937866210938,-0.1901215337814932,-0.45020872354507446,-0.17865324020385742,-0.20757597914358428,-0.11176449060440063,-0.07088953256607056,-0.14229636123796752,-0.24586373567581177,-0.061457931995391846,-0.1703604929747229,-0.21326762437820435,-0.06737488508224487,-0.15186088016649535,-0.17115181684494019,-0.0719461441040039,-0.13879744938036254,-0.11248314380645752,0.019113361835479736,-0.15372315278669646,-0.21797752380371094,0.005256831645965576,-0.1718792938294058,-0.19674086570739746,-0.0029489994049072266,-0.15143405130525878,-0.1601160764694214,-0.010380029678344727,-0.1354599916042929
H,0.0,0.0,0.0,-0.04167371988296509,-0.11630332469940186,-0.006550371900232221,-0.13338196277618408,-0.16616183519363403,-0.04178954779359856,-0.2307485044002533,-0.12281674146652222,-0.07561557485911408,-0.2985803186893463,-0.08830243349075317,-0.11396722241494217,-0.11473339796066284,-0.24494481086730957,-0.10735808058831253,-0.2529963254928589,-0.24286413192749023,-0.15122713639590302,-0.33441653847694397,-0.2334742546081543,-0.1776558656916336,-0.40081554651260376,-0.22769492864608765,-0.19619513048979798,-0.11189275979995728,-0.15569239854812622,-0.12703919901701966,-0.2680516242980957,-0.16361284255981445,-0.1677093554959015,-0.36678946018218994,-0.16912052035331726,-0.18502289547774353,-0.44528546929359436,-0.16585004329681396,-0.2023850430473999,-0.10905849933624268,-0.06095844507217407,-0.13927606239172974,-0.23939573764801025,-0.05487060546875,-0.16510698690268555,-0.20730376243591309,-0.0643923282623291,-0.14614494635912934,-0.1672987937927246,-0.0713682770729065,-0.1338515032753662,-0.10950303077697754,0.027648091316223145,-0.15118346109244385,-0.21220922470092773,0.01517564058303833,-0.16792747869345703,-0.19052964448928833,0.003792107105255127,-0.14741234972331085,-0.15489250421524048,-0.006546378135681152,-0.13229494287821808
H,0.0,0.0,0.0,-0.040184736251831055,-0.11717432737350464,-0.006996244793910478,-0.13237249851226807,-0.1683925986289978,-0.040891287518817876,-0.22969138622283936,-0.12357783317565918,-0.0732124798429794,-0.29634761810302734,-0.08469134569168091,-0.11004590023883054,-0.11395221948623657,-0.24249261617660522,-0.10580606539376447,-0.2484053075313568,-0.24106675386428833,-0.14785259742863843,-0.32863909006118774,-0.2329452633857727,-0.1725154944194145,-0.3943566679954529,-0.2290615737438202,-0.1898940183652229,-0.11248469352722168,-0.15246015787124634,-0.12467393804915616,-0.26671886444091797,-0.16006255149841309,-0.1639625855220146,-0.36408594250679016,-0.16727298498153687,-0.18068071980603406,-0.4421117603778839,-0.16619986295700073,-0.19746030647881696,-0.11132574081420898,-0.05783611536026001,-0.13612915356286237,-0.2421473264694214,-0.054225265979766846,-0.16325999577172468,-0.20745757222175598,-0.06564474105834961,-0.1460759021771736,-0.1660289764404297,-0.07138890027999878,-0.134057772947628,-0.11306917667388916,0.030691027641296387,-0.1469761111272163,-0.21392646431922913,0.013520002365112305,-0.16508656520970533,-0.19074875116348267,0.0014148950576782227,-0.14597382922299573,-0.15501004457473755,-0.006628274917602539,-0.13135605831273267
H,0.0,0.0,0.0,-0.03920161724090576,-0.11615711450576782,-0.009234209581734376,-0.13037002086639404,-0.16620033979415894,-0.043497554063321786,-0.22663959860801697,-0.1222124695777893,-0.07609673500013514,-0.2916342318058014,-0.08405756950378418,-0.11265441685867472,-0.11227947473526001,-0.24080538749694824,-0.10501623809290095,-0.2463865876197815,-0.24046605825424194,-0.14853697925758524,-0.3253892660140991,-0.23277249932289124,-0.17434100717258616,-0.39002031087875366,-0.22973749041557312,-0.1922528138752,-0.1115034818649292,-0.1528642177581787,-0.12299708187532588,-0.26394617557525635,-0.16118401288986206,-0.1634652903671281,-0.35901665687561035,-0.17002886533737183,-0.18116828709793253,-0.43427783250808716,-0.1712801158428192,-0.19817159980487986,-0.1107327938079834,-0.05968660116195679,-0.1341514578456895,-0.23929926753044128,-0.05472123622894287,-0.16249996334266825,-0.2050919234752655,-0.06482076644897461,-0.1457187822456376,-0.16404736042022705,-0.07016831636428833,-0.13326445132446452,-0.1123204231262207,0.026927947998046875,-0.14503879755687876,-0.2110164761543274,0.00982576608657837,-0.16421723276329203,-0.18885469436645508,-0.0026108622550964355,-0.1460922798509614,-0.15413689613342285,-0.010699868202209473,-0.1317124506826417
H,0.0,0.0,0.0,-0.03955042362213135,-0.11484795808792114,-0.00878101038985335,-0.13012945652008057,-0.16658127307891846,-0.04293177287333094,-0.2268821895122528,-0.12450015544891357,-0.07531772191875064,-0.2924244999885559,-0.08773481845855713,-0.11175331111304843,-0.1115790605545044,-0.241532564163208,-0.10484482730977618,-0.24800729751586914,-0.24023887515068054,-0.1485062130843886,-0.3284699320793152,-0.2315722107887268,-0.17355454351060473,-0.3930182456970215,-0.22648441791534424,-0.19056827212922656,-0.10957711935043335,-0.15324318408966064,-0.12255712981574618,-0.26368531584739685,-0.16315758228302002,-0.16379267360322558,-0.3587818741798401,-0.17082566022872925,-0.1806560048019179,-0.43465033173561096,-0.17116427421569824,-0.19646911706082903,-0.10858029127120972,-0.05905801057815552,-0.13341680552117907,-0.23959550261497498,-0.057264626026153564,-0.1628540792619475,-0.20690679550170898,-0.06785833835601807,-0.14550497020833575,-0.1666276454925537,-0.07360780239105225,-0.13195580627076708,-0.110970139503479,0.02943122386932373,-0.14377159263246142,-0.2109552025794983,0.009646117687225342,-0.16287193085305773,-0.18926772475242615,-0.0033002495765686035,-0.14361311878316485,-0.15493977069854736,-0.011826932430267334,-0.1280620881473311
H,0.0,0.0,0.0,-0.043677449226379395,-0.11758005619049072,-0.007809566569676463,-0.13822323083877563,-0.16597753763198853,-0.0392507899116481,-0.23391571640968323,-0.12044703960418701,-0.06924847397317535,-0.2933817505836487,-0.07717549800872803,-0.10334870103110916,-0.11927872896194458,-0.23599201440811157,-0.09750889125575668,-0.2503402829170227,-0.23027223348617554,-0.13853841903915054,-0.3281818628311157,-0.22405436635017395,-0.163867889673611,-0.39173293113708496,-0.22173935174942017,-0.18198774638881332,-0.11609423160552979,-0.14787733554840088,-0.11560291680802948,-0.26454901695251465,-0.1529598832130432,-0.15312267723788864,-0.360871285200119,-0.15921539068222046,-0.17046052101363784,-0.4364638924598694,-0.15688389539718628,-0.18765422585715896,-0.11281311511993408,-0.054754555225372314,-0.12724640849341995,-0.24124914407730103,-0.04795163869857788,-0.15381857636680252,-0.20885875821113586,-0.05768013000488281,-0.13832038524856216,-0.16705578565597534,-0.06261146068572998,-0.12705552461852676,-0.1121324896812439,0.0320855975151062,-0.13869577530135757,-0.21178147196769714,0.01749807596206665,-0.15780568006744033,-0.19027400016784668,0.004874229431152344,-0.14149258914699203,-0.15471988916397095,-0.0037497878074645996,-0.1285558778356517
H,0.0,0.0,0.0,-0.04581165313720703,-0.11297529935836792,-0.007473529143865676,-0.13927090167999268,-0.15922927856445312,-0.0389982232029098,-0.23492193222045898,-0.1130678653717041,-0.06904802035042223,-0.29807329177856445,-0.07368689775466919,-0.10266641091057238,-0.12011182308197021,-0.23157328367233276,-0.09874642203995165,-0.25121110677719116,-0.22692883014678955,-0.14078706811615405,-0.3290584683418274,-0.21920761466026306,-0.16673206101604876,-0.39363107085227966,-0.2149582803249359,-0.18504864286133227,-0.11976397037506104,-0.14365386962890625,-0.11606174271055636,-0.2641347348690033,-0.15236550569534302,-0.15447762917229113,-0.3584485352039337,-0.15902870893478394,-0.17273621569820818,-0.43342918157577515,-0.15822434425354004,-0.1903159649247783,-0.1193036437034607,-0.05145770311355591,-0.12660095404335436,-0.24313050508499146,-0.04606670141220093,-0.15184919844814715,-0.2103552222251892,-0.057072579860687256,-0.13521857868381915,-0.16980493068695068,-0.06412351131439209,-0.12334212969490466,-0.1208452582359314,0.034677088260650635,-0.13693195890137133,-0.21647119522094727,0.01784735918045044,-0.1535929472322124,-0.19514381885528564,0.003605663776397705,-0.13573177467533526,-0.16114658117294312,-0.007354438304901123,-0.12175868760296282
H,0.0,0.0,0.0,-0.04695814847946167,-0.1092267632484436,-0.008688907409450053,-0.1406162977218628,-0.15355759859085083,-0.04019494195505047,-0.23420485854148865,-0.10756182670593262,-0.07017130990548992,-0.295671284198761,-0.06702345609664917,-0.10377366681619549,-0.12278056144714355,-0.22519314289093018,-0.09884783466382885,-0.25330406427383423,-0.2192513346672058,-0.14030746956392193,-0.3298898935317993,-0.21125441789627075,-0.16468046446367168,-0.39310210943222046,-0.20752668380737305,-0.1815350635819044,-0.12017500400543213,-0.1389370560646057,-0.11627897460981274,-0.2632393538951874,-0.14582377672195435,-0.15456904311700725,-0.35526537895202637,-0.15082597732543945,-0.17166890044732952,-0.42734429240226746,-0.1496349573135376,-0.18782043297811413,-0.11702555418014526,-0.04805856943130493,-0.1273448451332655,-0.23975226283073425,-0.03353840112686157,-0.15398651202245617,-0.20717963576316833,-0.041359782218933105,-0.13845218558832073,-0.16649115085601807,-0.04871702194213867,-0.12659652371927166,-0.11556351184844971,0.03777670860290527,-0.13818563361688518,-0.21130093932151794,0.027835369110107422,-0.15564608414693737,-0.1893163025379181,0.016256988048553467,-0.1382129623465147,-0.15447044372558594,0.006646156311035156,-0.12419507493301296
H,0.0,0.0,0.0,-0.04482799768447876,-0.11128407716751099,-0.008667110620919516,-0.13686752319335938,-0.15971380472183228,-0.03885625038940077,-0.23032373189926147,-0.11780524253845215,-0.06743097413975363,-0.29225337505340576,-0.07665961980819702,-0.09898375828463202,-0.11976534128189087,-0.22955799102783203,-0.09477458257872229,-0.24833613634109497,-0.22464048862457275,-0.13492202122408514,-0.32411086559295654,-0.216558575630188,-0.15819995959002142,-0.38652122020721436,-0.2125639021396637,-0.17434734959799414,-0.11839491128921509,-0.14320045709609985,-0.11155770827728873,-0.2593897581100464,-0.1515093445777893,-0.14885694642264014,-0.35007715225219727,-0.15782290697097778,-0.1655704613466895,-0.42090603709220886,-0.1581268310546875,-0.18150393028456335,-0.11711621284484863,-0.052390456199645996,-0.12222027887303,-0.23976963758468628,-0.04476654529571533,-0.14813754816252356,-0.20719385147094727,-0.05428600311279297,-0.13166346509653692,-0.16683527827262878,-0.06099134683609009,-0.11891753335196142,-0.11672866344451904,0.03209739923477173,-0.1328198101063407,-0.21158218383789062,0.015024304389953613,-0.14931125302511816,-0.19051164388656616,0.0021956562995910645,-0.13148024041849737,-0.15730154514312744,-0.005602598190307617,-0.11704483736950522
H,0.0,0.0,0.0,-0.04672098159790039,-0.10888504981994629,-0.0059955375243418985,-0.13784903287887573,-0.1567400097846985,-0.03606479745101865,-0.2302243709564209,-0.11203283071517944,-0.0648151388366216,-0.29009348154067993,-0.06898325681686401,-0.09728806223463948,-0.12202244997024536,-0.22413790225982666,-0.09583242740225728,-0.2512388229370117,-0.2160256803035736,-0.13419801499438222,-0.32550501823425293,-0.20730987191200256,-0.15648617353033956,-0.38700026273727417,-0.20227229595184326,-0.1720943501193517,-0.11951017379760742,-0.13721531629562378,-0.11308310683560308,-0.2592444121837616,-0.14540749788284302,-0.14926749970507558,-0.34910619258880615,-0.15070408582687378,-0.16562641169619496,-0.4194023907184601,-0.14871913194656372,-0.18155636396002706,-0.11762446165084839,-0.04678720235824585,-0.12337405737233098,-0.2377001941204071,-0.04119539260864258,-0.1468257954318517,-0.20605963468551636,-0.05036795139312744,-0.1302930017907613,-0.16658368706703186,-0.05695176124572754,-0.11846377458167012,-0.11777502298355103,0.03704756498336792,-0.13326238598418172,-0.2111338973045349,0.02066802978515625,-0.1472450545032018,-0.18971985578536987,0.007977306842803955,-0.12860303129744466,-0.15622061491012573,-0.0010612010955810547,-0.11433082576584752
H,0.0,0.0,0.0,-0.046488404273986816,-0.10759782791137695,-0.005171886207719467,-0.136335551738739,-0.15532737970352173,-0.03321410299297156,-0.22629940509796143,-0.11130023002624512,-0.060038975933750294,-0.28412121534347534,-0.06584268808364868,-0.09005061865802588,-0.12098067998886108,-0.22162094712257385,-0.09038127542491736,-0.24866414070129395,-0.2146168053150177,-0.12774183929916205,-0.3227410912513733,-0.20590680837631226,-0.14888470948692145,-0.3837619721889496,-0.20129701495170593,-0.16364019692893805,-0.11899226903915405,-0.137134850025177,-0.10785342336650672,-0.2599288821220398,-0.1450985074043274,-0.14232714057918372,-0.3470901846885681,-0.14979350566864014,-0.15712546885963263,-0.4146984666585922,-0.14887899160385132,-0.17153676928039374,-0.11722218990325928,-0.048501014709472656,-0.11886623830552878,-0.23704248666763306,-0.04042106866836548,-0.14258044541831794,-0.20533916354179382,-0.049094319343566895,-0.1261681276654798,-0.166129469871521,-0.056468307971954346,-0.11367956132646384,-0.1164083480834961,0.03462713956832886,-0.1294734734391767,-0.20717120170593262,0.019122838973999023,-0.14407550872321906,-0.18613338470458984,0.006611466407775879,-0.1260729390477735,-0.1542891263961792,-0.001955687999725342,-0.11179616631027045
H,0.0,0.0,0.0,-0.04380226135253906,-0.10597461462020874,-0.004822666952733812,-0.13021713495254517,-0.15151870250701904,-0.034126807665799674,-0.2193630337715149,-0.10915076732635498,-0.06206713683006626,-0.2806921899318695,-0.07021909952163696,-0.09323665565845829,-0.11485099792480469,-0.2225950062274933,-0.09398476845619541,-0.24231544137001038,-0.21542921662330627,-0.13195283777115208,-0.3152334690093994,-0.2073272168636322,-0.15364411539432865,-0.37599921226501465,-0.20345336198806763,-0.1687671548783527,-0.111331045627594,-0.13950324058532715,-0.11105165696737629,-0.2518637776374817,-0.14711308479309082,-0.1461981690585361,-0.3378899097442627,-0.1514071226119995,-0.16084508664009434,-0.40580807626247406,-0.15008783340454102,-0.17537005311844212,-0.10931789875030518,-0.05218619108200073,-0.12131409413215977,-0.22837716341018677,-0.04463040828704834,-0.1441527611672626,-0.19824236631393433,-0.05303603410720825,-0.12700450486538273,-0.16120946407318115,-0.05994004011154175,-0.1147236830651508,-0.10987645387649536,0.029405832290649414,-0.13109014994499546,-0.20006409287452698,0.015144169330596924,-0.14477992123958927,-0.18063822388648987,0.002855062484741211,-0.126479730671619,-0.1504814624786377,-0.00668489933013916,-0.11240387029049259
H,0.0,0.0,0.0,-0.04407370090484619,-0.10552483797073364,-0.005743454808097681,-0.13134127855300903,-0.14811551570892334,-0.03751615354950388,-0.22087478637695312,-0.10436218976974487,-0.06773585746223887,-0.2813252806663513,-0.06699258089065552,-0.10219648400480708,-0.11611628532409668,-0.21185681223869324,-0.10007454374964198,-0.24232670664787292,-0.2052823007106781,-0.1377891294115301,-0.3149884045124054,-0.19636380672454834,-0.15893687227899989,-0.3745560646057129,-0.19106614589691162,-0.1738434723966833,-0.11117976903915405,-0.1306508183479309,-0.1164117894523855,-0.2492973804473877,-0.1368774175643921,-0.1526046983354803,-0.3353782594203949,-0.14145410060882568,-0.16715377489263972,-0.4031558334827423,-0.138552725315094,-0.18206149259741267,-0.10772711038589478,-0.04426854848861694,-0.12531122485334834,-0.22741135954856873,-0.03920865058898926,-0.14755397955114802,-0.1995309293270111,-0.048600971698760986,-0.12957559446032008,-0.16371411085128784,-0.054788291454315186,-0.11779686728651484,-0.10765999555587769,0.0365145206451416,-0.13364663640196284,-0.19925332069396973,0.022903919219970703,-0.1466300032490011,-0.18089941143989563,0.010393261909484863,-0.12760849217112025,-0.14986562728881836,0.0007966160774230957,-0.1137662223928686
H,0.0,0.0,0.0,-0.04320645332336426,-0.10305136442184448,-0.005104379499343281,-0.12887531518936157,-0.14671343564987183,-0.034824549457070475,-0.21593910455703735,-0.10335731506347656,-0.06312001799607003,-0.27501818537712097,-0.06190812587738037,-0.09482685034537042,-0.1170617938041687,-0.2131403088569641,-0.09562367503905023,-0.2410954236984253,-0.2040545642375946,-0.1332313299682113,-0.3130657970905304,-0.1956864595413208,-0.15420057182573998,-0.37203139066696167,-0.19087350368499756,-0.1689209223296615,-0.11353182792663574,-0.13028007745742798,-0.1123691827561828,-0.25163519382476807,-0.13720548152923584,-0.14934036438727105,-0.3375318646430969,-0.1438114047050476,-0.16457423870825494,-0.40438979864120483,-0.14305782318115234,-0.17911851709150994,-0.11134988069534302,-0.04258286952972412,-0.12198334490322793,-0.22895658016204834,-0.037371277809143066,-0.14527403121256555,-0.19944867491722107,-0.04796910285949707,-0.12687608902716363,-0.16269025206565857,-0.05530714988708496,-0.11345211719536508,-0.11098074913024902,0.03857928514480591,-0.1311176151540252,-0.2018355131149292,0.02172631025314331,-0.14382174914145196,-0.1825663149356842,0.007913351058959961,-0.12402075832152093,-0.1519714593887329,-0.0011491179466247559,-0.10890659992956842
H,0.0,0.0,0.0,-0.04492533206939697,-0.10198205709457397,-0.008938398314626284,-0.1336306929588318,-0.14590519666671753,-0.03772179140707976,-0.22314926981925964,-0.1015424132347107,-0.06475754930636413,-0.28004932403564453,-0.05824631452560425,-0.09481023355385787,-0.11603617668151855,-0.20940929651260376,-0.09145307644268996,-0.24003276228904724,-0.20205825567245483,-0.12889713152310378,-0.3117554783821106,-0.1939924955368042,-0.14914102955719954,-0.3706541657447815,-0.1887040138244629,-0.16319526835343368,-0.11345237493515015,-0.12868458032608032,-0.10731335087677962,-0.2526451647281647,-0.13509470224380493,-0.14351311429402358,-0.33861595392227173,-0.13951456546783447,-0.1586054722871495,-0.4053540825843811,-0.13755565881729126,-0.17263080283066756,-0.11148035526275635,-0.041969478130340576,-0.11731233551165587,-0.23133474588394165,-0.0328713059425354,-0.14323613150975234,-0.20135074853897095,-0.044391751289367676,-0.1275475035514546,-0.1637272834777832,-0.05263710021972656,-0.11483612014910705,-0.11126196384429932,0.040119171142578125,-0.12715821071526534,-0.20331871509552002,0.02405869960784912,-0.14403373106381423,-0.1841421127319336,0.008480846881866455,-0.12775538965126998,-0.15374869108200073,-0.0007879734039306641,-0.1143840263690663
H,0.0,0.0,0.0,-0.0476914644241333,-0.10117435455322266,-0.011149561619134829,-0.13714814186096191,-0.14551812410354614,-0.04277754447397797,-0.22701439261436462,-0.10096681118011475,-0.07218326128062813,-0.2818582355976105,-0.05696636438369751,-0.1047654399925193,-0.11600720882415771,-0.20935511589050293,-0.10043183214006035,-0.24112552404403687,-0.20152240991592407,-0.13967360055980294,-0.313040554523468,-0.19434118270874023,-0.16039746499595253,-0.37200310826301575,-0.18978792428970337,-0.17482256389197914,-0.11222332715988159,-0.12796956300735474,-0.11554384476480095,-0.25074273347854614,-0.1345089077949524,-0.15558355546531288,-0.3390459418296814,-0.14089679718017578,-0.17243530846175759,-0.4067322313785553,-0.13964545726776123,-0.1875882247739753,-0.11010295152664185,-0.039862096309661865,-0.12414200103816597,-0.231785386800766,-0.02886730432510376,-0.15112226701316445,-0.20215845108032227,-0.03999751806259155,-0.13390759623584358,-0.1644321084022522,-0.04810613393783569,-0.12014035380420296,-0.11030715703964233,0.042715251445770264,-0.13272082305488198,-0.204100102186203,0.02799326181411743,-0.14951481915053932,-0.1840190589427948,0.013123750686645508,-0.13200513518390267,-0.152055561542511,0.004991352558135986,-0.11776263511714546
H,0.0,0.0,0.0,-0.04304969310760498,-0.10462498664855957,-0.00898543637804039,-0.13160580396652222,-0.1514095664024353,-0.038926454117515163,-0.22098150849342346,-0.10905861854553223,-0.06690378286502607,-0.2771085202693939,-0.06533175706863403,-0.09821123429200895,-0.11441785097122192,-0.2164618968963623,-0.09748496659658201,-0.23997122049331665,-0.20746973156929016,-0.136035932084539,-0.31235718727111816,-0.20027115941047668,-0.156568957349279,-0.37193936109542847,-0.19602027535438538,-0.17065098681113966,-0.11107498407363892,-0.13383781909942627,-0.11363237895629652,-0.24991527199745178,-0.14151090383529663,-0.1521274725403572,-0.3383151888847351,-0.147735595703125,-0.16808165409229048,-0.4066508412361145,-0.14554423093795776,-0.18249285020492323,-0.10888808965682983,-0.04570525884628296,-0.12330253966710814,-0.23004239797592163,-0.03677630424499512,-0.15076297320983656,-0.201014906167984,-0.04840588569641113,-0.13515251674316175,-0.16307556629180908,-0.05619758367538452,-0.12204441972635038,-0.10898733139038086,0.036325156688690186,-0.1325901279654289,-0.202440083026886,0.020651161670684814,-0.1499996612276817,-0.18248209357261658,0.005782186985015869,-0.13322090901992567,-0.15021830797195435,-0.0029388070106506348,-0.11919893868825682
H,0.0,0.0,0.0,-0.04403102397918701,-0.1047130823135376,-0.008599638984364333,-0.13291752338409424,-0.1512354612350464,-0.0386357941188038,-0.22134879231452942,-0.1078220009803772,-0.06674240161554224,-0.2775481343269348,-0.0651397705078125,-0.09841605652944452,-0.1150965690612793,-0.21644333004951477,-0.09679862488881952,-0.2401115894317627,-0.2079204022884369,-0.13593075056449777,-0.31238728761672974,-0.200201153755188,-0.15813818951026803,-0.37193775177001953,-0.19592738151550293,-0.17361006517784006,-0.11114811897277832,-0.13387221097946167,-0.1129393242754162,-0.248835951089859,-0.1413787603378296,-0.14996429164783365,-0.336458683013916,-0.14728212356567383,-0.16581480582134134,-0.40559184551239014,-0.14517980813980103,-0.18084027250186807,-0.1082342267036438,-0.04598391056060791,-0.12276482959167367,-0.2295706868171692,-0.037151455879211426,-0.14864644785301095,-0.200583815574646,-0.04913949966430664,-0.13354798038379556,-0.1626667082309723,-0.05727243423461914,-0.1217039190687359,-0.10767561197280884,0.03616398572921753,-0.13228933890239603,-0.20057883858680725,0.020670831203460693,-0.14957054336444742,-0.18176338076591492,0.004302918910980225,-0.13371703405753976,-0.1503697633743286,-0.006525933742523193,-0.12079383064882165
H,0.0,0.0,0.0,-0.042324960231781006,-0.10465651750564575,-0.0063898012988943265,-0.1301707625389099,-0.15020698308944702,-0.035941002798892896,-0.22021403908729553,-0.1048848032951355,-0.06408008737645332,-0.28026509284973145,-0.06812268495559692,-0.0955626647003669,-0.11609232425689697,-0.2200249433517456,-0.09321284843764488,-0.24098151922225952,-0.21112960577011108,-0.13297607554278557,-0.3147165775299072,-0.2020958662033081,-0.15611614836535637,-0.37484732270240784,-0.19652599096298218,-0.1720297987588424,-0.11283338069915771,-0.13570833206176758,-0.11059130532822792,-0.2523456811904907,-0.1435186266899109,-0.14774783505282585,-0.33937495946884155,-0.14842140674591064,-0.16363241328082268,-0.407556876540184,-0.14642620086669922,-0.17842718018374626,-0.11004680395126343,-0.04792720079421997,-0.12158075524649803,-0.2301923632621765,-0.03902333974838257,-0.14714471055350486,-0.19899243116378784,-0.047835707664489746,-0.12981227589926903,-0.16051208972930908,-0.055051565170288086,-0.11647122157893364,-0.1090201735496521,0.034578680992126465,-0.13221057308993522,-0.2011355459690094,0.021821677684783936,-0.1479477490314025,-0.1798078715801239,0.009775876998901367,-0.1290067936309356,-0.14735299348831177,0.0001537799835205078,-0.11390301389775459
H,0.0,0.0,0.0,-0.04507577419281006,-0.10400271415710449,-0.0068200210891120605,-0.13470929861068726,-0.1469482183456421,-0.03503019072482516,-0.22488385438919067,-0.10198450088500977,-0.061807778555845516,-0.2848986089229584,-0.06462091207504272,-0.09143669985601832,-0.1194220781326294,-0.21391332149505615,-0.08801955812046458,-0.2453969120979309,-0.20537346601486206,-0.1266649448163264,-0.31876301765441895,-0.19635143876075745,-0.14964240126678874,-0.3787686228752136,-0.18993866443634033,-0.1654273801333659,-0.1178540587425232,-0.13010114431381226,-0.10476238362858226,-0.25706031918525696,-0.1379961371421814,-0.13948267035553386,-0.3436545729637146,-0.14235013723373413,-0.15510437719891002,-0.4125014990568161,-0.13980448246002197,-0.16985450022289683,-0.11629199981689453,-0.04234588146209717,-0.11571055733034541,-0.23403465747833252,-0.03380000591278076,-0.1402304851300471,-0.20199161767959595,-0.04340493679046631,-0.1247217588908427,-0.16362735629081726,-0.05116856098175049,-0.1127038829810374,-0.11620903015136719,0.040424346923828125,-0.1263934605605357,-0.20509475469589233,0.026701807975769043,-0.14217158489296366,-0.1835559904575348,0.013076484203338623,-0.12515033118793895,-0.15221071243286133,0.0026296377182006836,-0.11145825766394069
H,0.0,0.0,0.0,-0.04303926229476929,-0.10738986730575562,-0.008655780590927975,-0.13430452346801758,-0.1535552740097046,-0.03666993010774888,-0.22601956129074097,-0.10785257816314697,-0.06280386228100099,-0.28499770164489746,-0.0663994550704956,-0.09173249233499803,-0.11884641647338867,-0.22156450152397156,-0.08914246935383119,-0.24381116032600403,-0.21276062726974487,-0.12688416022793092,-0.3171962797641754,-0.2028954029083252,-0.14791361767784394,-0.3776642084121704,-0.19569581747055054,-0.16221491772667207,-0.11834442615509033,-0.13718527555465698,-0.10509710539118089,-0.25828760862350464,-0.1433209776878357,-0.14039905149475373,-0.3452516794204712,-0.14723527431488037,-0.15570366162792482,-0.41283372044563293,-0.14482170343399048,-0.16973389465347566,-0.11807429790496826,-0.048506319522857666,-0.11529686082140245,-0.23552682995796204,-0.03756982088088989,-0.1410639711095456,-0.20177164673805237,-0.04779940843582153,-0.1253307439757947,-0.16271093487739563,-0.05533069372177124,-0.11232631433740892,-0.1180233359336853,0.034526169300079346,-0.12523704547420778,-0.2081756293773651,0.021990060806274414,-0.1411613501979474,-0.1839095652103424,0.008947551250457764,-0.12304874289766587,-0.1510310173034668,0.0005496740341186523,-0.108149064369357
H,0.0,0.0,0.0,-0.04303717613220215,-0.10789954662322998,-0.007072742609096849,-0.13423383235931396,-0.15111267566680908,-0.03643399900735744,-0.22355839610099792,-0.107094407081604,-0.06403478286208042,-0.2845190167427063,-0.07024449110031128,-0.09469078532399067,-0.11744529008865356,-0.21913951635360718,-0.09541088393868336,-0.2451399862766266,-0.2110356092453003,-0.1349283759945763,-0.31947648525238037,-0.20146501064300537,-0.15704566291512378,-0.3804023265838623,-0.19484001398086548,-0.1718629007691277,-0.11482101678848267,-0.133023202419281,-0.11245927265824207,-0.25719591975212097,-0.14152783155441284,-0.14858438125790485,-0.3455868363380432,-0.1459161639213562,-0.16281433454693683,-0.41412222385406494,-0.14312750101089478,-0.17628035000504383,-0.11316496133804321,-0.043976426124572754,-0.12328483960570225,-0.2334897816181183,-0.03676605224609375,-0.1489725267046822,-0.2017209529876709,-0.04769986867904663,-0.13238418153466114,-0.1622789204120636,-0.05537360906600952,-0.11928857169093021,-0.11263787746429443,0.03859609365463257,-0.13371045938671955,-0.2053976058959961,0.02146369218826294,-0.15002906373680958,-0.182578444480896,0.009000957012176514,-0.13149082711876758,-0.1488555669784546,0.0012931227684020996,-0.11641616425455936
H,0.0,0.0,0.0,-0.044249653816223145,-0.10593187808990479,-0.004179327252643361,-0.1359369158744812,-0.14881062507629395,-0.03373050453825499,-0.22519254684448242,-0.10526549816131592,-0.06187662991447951,-0.287614643573761,-0.07015436887741089,-0.09354361283345725,-0.12206161022186279,-0.21534502506256104,-0.09951666879220511,-0.2500919997692108,-0.2075764536857605,-0.14228796350522543,-0.3246039152145386,-0.1983356475830078,-0.16773673283620383,-0.38590195775032043,-0.19074690341949463,-0.18488224732442404,-0.11719167232513428,-0.12760859727859497,-0.11831195044084097,-0.2602419853210449,-0.13680118322372437,-0.1551068960384896,-0.3479326367378235,-0.1421750783920288,-0.16963961112065817,-0.4178837239742279,-0.13880282640457153,-0.1842332421497872,-0.11306953430175781,-0.03658360242843628,-0.13044441628022696,-0.23852762579917908,-0.03362339735031128,-0.15545649218125845,-0.20649060606956482,-0.04548138380050659,-0.13729832458062674,-0.16600731015205383,-0.05212199687957764,-0.12416502970023657,-0.11113882064819336,0.04809451103210449,-0.142007121320205,-0.2069655954837799,0.029393315315246582,-0.15915347027345206,-0.18624278903007507,0.014125347137451172,-0.14080516385598685,-0.1532716155052185,0.003750920295715332,-0.12612522530122305
H,0.0,0.0,0.0,-0.0395282506942749,-0.10983538627624512,-0.012487629670204115,-0.13334882259368896,-0.1556209921836853,-0.039956908914746236,-0.22513842582702637,-0.1129046082496643,-0.06498378911942382,-0.2847464084625244,-0.07062578201293945,-0.09250279167622466,-0.1194303035736084,-0.22255146503448486,-0.09035323956936736,-0.24628213047981262,-0.21697169542312622,-0.12990215817421813,-0.32063549757003784,-0.20763283967971802,-0.15190454224079986,-0.38284003734588623,-0.20102721452713013,-0.16623756686180968,-0.1184435486793518,-0.13771861791610718,-0.10582091310948272,-0.26185348629951477,-0.14406847953796387,-0.14120327332943816,-0.35087502002716064,-0.1472257375717163,-0.15526491800278563,-0.42262551188468933,-0.1440209150314331,-0.1677064786288156,-0.11659097671508789,-0.04876905679702759,-0.1166825632187738,-0.23462149500846863,-0.039528727531433105,-0.14764805534809966,-0.20009008049964905,-0.05153322219848633,-0.1350204835268869,-0.15955394506454468,-0.05778318643569946,-0.12200595090121169,-0.11472338438034058,0.03610128164291382,-0.12745869556397338,-0.2090696096420288,0.016469180583953857,-0.14897548058957,-0.1850319504737854,0.004162132740020752,-0.13338458934754271,-0.14982551336288452,-0.00032210350036621094,-0.11888785311907668
H,0.0,0.0,0.0,-0.038641929626464844,-0.11209583282470703,-0.011444804343653914,-0.1330975890159607,-0.1560835838317871,-0.03623411626674056,-0.22878789901733398,-0.10936099290847778,-0.05846210018850684,-0.2887842655181885,-0.06292372941970825,-0.08322652624107718,-0.12075269222259521,-0.21378052234649658,-0.08210820154405951,-0.2525533437728882,-0.20809108018875122,-0.11693760947443366,-0.32702288031578064,-0.1984952688217163,-0.1357302610681188,-0.3898169547319412,-0.19078534841537476,-0.14750904784656882,-0.12517261505126953,-0.1293315887451172,-0.0961983744905126,-0.2686389088630676,-0.134615957736969,-0.12643674955822348,-0.35631051659584045,-0.13707619905471802,-0.13766432748295188,-0.42891377210617065,-0.13085520267486572,-0.14777157650448203,-0.126170814037323,-0.04295593500137329,-0.1060294230387342,-0.23896446824073792,-0.035792648792266846,-0.13365029738403678,-0.20678886771202087,-0.049078524112701416,-0.12502058790184378,-0.16932576894760132,-0.054040610790252686,-0.11505247102238059,-0.12606167793273926,0.0377810001373291,-0.11553963468529105,-0.2116633951663971,0.015007376670837402,-0.1345766876742971,-0.19165748357772827,-0.0024785399436950684,-0.12204688237167716,-0.16204601526260376,-0.008059501647949219,-0.11025376812673926
H,0.0,0.0,0.0,-0.03457522392272949,-0.11176961660385132,-0.022142112665051172,-0.13123604655265808,-0.15341317653656006,-0.04935477156209345,-0.22879740595817566,-0.10386675596237183,-0.071579913087362,-0.2911304831504822,-0.06539046764373779,-0.09457639087008829,-0.12492954730987549,-0.21378463506698608,-0.086472491212362,-0.2564072608947754,-0.21215742826461792,-0.121509591527456,-0.3330037593841553,-0.20271271467208862,-0.1395062230901658,-0.39691194891929626,-0.19657748937606812,-0.1504603200035035,-0.13591232895851135,-0.1285315752029419,-0.09340111393498773,-0.277547687292099,-0.13767874240875244,-0.12522818375396128,-0.36548052728176117,-0.14404499530792236,-0.13690024841594095,-0.43724939227104187,-0.1423594355583191,-0.14579300809668894,-0.14192107319831848,-0.04244798421859741,-0.09686655778455133,-0.2464926838874817,-0.0371362566947937,-0.12707473564910288,-0.2072908878326416,-0.049497365951538086,-0.11752991605567331,-0.16794484853744507,-0.05273926258087158,-0.10463369119929666,-0.14419785141944885,0.035981178283691406,-0.10084864724444742,-0.22284188866615295,0.008550405502319336,-0.12072006840276117,-0.19613617658615112,-0.0052498579025268555,-0.1071612187104165,-0.16516360640525818,-0.0063135623931884766,-0.09322697151469583
H,0.0,0.0,0.0,-0.038716793060302734,-0.11147594451904297,-0.01780695220799089,-0.13725528120994568,-0.15325278043746948,-0.04641281565994859,-0.23473134636878967,-0.10341119766235352,-0.07082875943154932,-0.29809993505477905,-0.059918105602264404,-0.09678360944957376,-0.13326090574264526,-0.20769578218460083,-0.09032065546483636,-0.26790374517440796,-0.20258760452270508,-0.1240773660537684,-0.34198999404907227,-0.19042009115219116,-0.1400240076181376,-0.40533390641212463,-0.18152379989624023,-0.14942155903548837,-0.13877931237220764,-0.12009459733963013,-0.09975543743342996,-0.2824428677558899,-0.12894105911254883,-0.1307638896104777,-0.3721935600042343,-0.13173049688339233,-0.1414237183925593,-0.44459110498428345,-0.1274290680885315,-0.15035794800490976,-0.1394839882850647,-0.03174769878387451,-0.10440793013543725,-0.2464977204799652,-0.0287591814994812,-0.13144317394466043,-0.20772361755371094,-0.04045897722244263,-0.11874981349677682,-0.16716322302818298,-0.04390919208526611,-0.10535741722554803,-0.1375737488269806,0.04859459400177002,-0.1091826198098147,-0.2198570966720581,0.022481262683868408,-0.1251878899929011,-0.19134145975112915,0.011511027812957764,-0.10765073573560358,-0.15842509269714355,0.011717617511749268,-0.09201808398933053
H,0.0,0.0,0.0,-0.04468005895614624,-0.11005210876464844,-0.01297713370144038,-0.14503362774848938,-0.15037959814071655,-0.03957838025957017,-0.24261778593063354,-0.09910017251968384,-0.06290259045630364,-0.306618869304657,-0.054550766944885254,-0.08824869823723702,-0.14230012893676758,-0.20035648345947266,-0.08989914340048699,-0.2804275155067444,-0.19189155101776123,-0.12275314164429574,-0.3532317727804184,-0.18015724420547485,-0.13715721500187783,-0.4159182012081146,-0.1705183982849121,-0.14543983173638253,-0.14783525466918945,-0.11266207695007324,-0.10081104767590432,-0.29573124647140503,-0.11848980188369751,-0.12990733814507394,-0.3853689730167389,-0.11811333894729614,-0.13907643986016183,-0.45658761262893677,-0.11075824499130249,-0.14725492728024392,-0.14650759100914001,-0.023148000240325928,-0.10617552531033425,-0.25220897793769836,-0.015242815017700195,-0.12883284521370797,-0.21123483777046204,-0.030295073986053467,-0.11409161818295388,-0.16861683130264282,-0.03780698776245117,-0.10048438442021279,-0.1416725218296051,0.059044480323791504,-0.11144731027155785,-0.22166118025779724,0.04139244556427002,-0.12367818337946801,-0.19341284036636353,0.026247143745422363,-0.10500970316201119,-0.16050317883491516,0.021497786045074463,-0.08920553159981637
H,0.0,0.0,0.0,-0.04344528913497925,-0.11429744958877563,-0.019257630914978563,-0.14588454365730286,-0.15936797857284546,-0.045073048905067026,-0.24805784225463867,-0.10597461462020874,-0.0658192650830074,-0.31194695830345154,-0.05745023488998413,-0.08712146593683201,-0.14376091957092285,-0.20196491479873657,-0.08996393694036442,-0.28457626700401306,-0.19436240196228027,-0.12256093485706288,-0.3589676320552826,-0.18143463134765625,-0.1350607143198772,-0.4232524633407593,-0.17099136114120483,-0.14133514626377064,-0.15386801958084106,-0.11009436845779419,-0.09621141268365818,-0.30619069933891296,-0.11787718534469604,-0.12646939022891956,-0.39578112959861755,-0.11839622259140015,-0.13541019125335652,-0.4655049443244934,-0.11342406272888184,-0.14172163768165547,-0.15614262223243713,-0.01963120698928833,-0.09764781011693913,-0.25645115971565247,-0.015285134315490723,-0.1238825635468288,-0.20937234163284302,-0.03016287088394165,-0.10974600328557926,-0.16454774141311646,-0.0380101203918457,-0.09369468106382328,-0.15376228094100952,0.05966466665267944,-0.09927188022487599,-0.22839802503585815,0.037606775760650635,-0.11182945384138065,-0.19597455859184265,0.024023115634918213,-0.09294371469371754,-0.16321861743927002,0.021498024463653564,-0.07581003172748524
H,0.0,0.0,0.0,-0.04653126001358032,-0.11813724040985107,-0.01425477309092571,-0.15171828866004944,-0.15897798538208008,-0.037776669542637364,-0.25143933296203613,-0.10545849800109863,-0.05699397070273449,-0.3170524686574936,-0.059448838233947754,-0.07740324927434017,-0.15254080295562744,-0.20796996355056763,-0.08570601237877895,-0.2930375933647156,-0.19564515352249146,-0.11727895779475261,-0.3687284141778946,-0.18097639083862305,-0.1296383385167985,-0.4325701892375946,-0.16980725526809692,-0.13516774220332195,-0.160872220993042,-0.11505711078643799,-0.09353644592627575,-0.31464917957782745,-0.11688762903213501,-0.11979494435652782,-0.40515370666980743,-0.11574596166610718,-0.1263483111368089,-0.4736405313014984,-0.10914862155914307,-0.1311812196479707,-0.16124382615089417,-0.024136006832122803,-0.0963616241322427,-0.2634008824825287,-0.014570653438568115,-0.11713878257140209,-0.22141915559768677,-0.03160107135772705,-0.10295893443688442,-0.17697593569755554,-0.04011976718902588,-0.08824747992619564,-0.15708881616592407,0.05676102638244629,-0.09918020857438137,-0.23344743251800537,0.04065263271331787,-0.10756473435029079,-0.20452049374580383,0.026829659938812256,-0.08836632413729717,-0.17210683226585388,0.02330923080444336,-0.07156814081534435
H,0.0,0.0,0.0,-0.04588901996612549,-0.12191730737686157,-0.014673351819595837,-0.15297654271125793,-0.16417598724365234,-0.038539534012755894,-0.25528544187545776,-0.1062401533126831,-0.05858775744863465,-0.31810417771339417,-0.05201375484466553,-0.07979728053041413,-0.15435808897018433,-0.2076703906059265,-0.08487919489570572,-0.2936928868293762,-0.19851690530776978,-0.11662856260963395,-0.36961424350738525,-0.1867428421974182,-0.12926291445918991,-0.43409107625484467,-0.17469000816345215,-0.1353163621825786,-0.162234365940094,-0.11731112003326416,-0.09230611989923432,-0.31610649824142456,-0.1230807900428772,-0.12178255389162018,-0.40713880956172943,-0.12623709440231323,-0.13071848968692734,-0.478843092918396,-0.11975806951522827,-0.13677916447349503,-0.16189900040626526,-0.026663899421691895,-0.09429080555864289,-0.26882266998291016,-0.023469746112823486,-0.11843386809059098,-0.22657611966133118,-0.043783605098724365,-0.10432409266658738,-0.18349981307983398,-0.05187356472015381,-0.0882826946181865,-0.1570945382118225,0.054493069648742676,-0.09605655590721085,-0.23714885115623474,0.02981632947921753,-0.1059724665684314,-0.20911520719528198,0.011648893356323242,-0.08631034712024643,-0.17585954070091248,0.008004903793334961,-0.06860482464261963
H,0.0,0.0,0.0,-0.04906642436981201,-0.11929219961166382,-0.0140564095868001,-0.15398570895195007,-0.15968012809753418,-0.037539301317764284,-0.2553977072238922,-0.10269886255264282,-0.056593531620336535,-0.3173666000366211,-0.05044817924499512,-0.07662154163105583,-0.15354600548744202,-0.20379072427749634,-0.08855103130323982,-0.29966434836387634,-0.1901342272758484,-0.11945471341593361,-0.37703247368335724,-0.17521411180496216,-0.13150950695259667,-0.4421721398830414,-0.16296327114105225,-0.13712839211208916,-0.1628204882144928,-0.10873353481292725,-0.09487994189245796,-0.3195859044790268,-0.11003267765045166,-0.12047856475098229,-0.4114578813314438,-0.11012148857116699,-0.12682365800125694,-0.48075342178344727,-0.10267919301986694,-0.13208677793724632,-0.16421514749526978,-0.018027961254119873,-0.09579268271906471,-0.26793336868286133,-0.015495479106903076,-0.11394129867537117,-0.2280183732509613,-0.039209723472595215,-0.1001727225898037,-0.18344053626060486,-0.05044287443161011,-0.08644268090708351,-0.16158640384674072,0.059684813022613525,-0.09683232183439827,-0.24016815423965454,0.03439521789550781,-0.10314682300074196,-0.21383705735206604,0.014613568782806396,-0.08538157666905022,-0.18108662962913513,0.009344637393951416,-0.07021634454710579
H,0.0,0.0,0.0,-0.04734799265861511,-0.12121766805648804,-0.012887023570101519,-0.1533283293247223,-0.15908467769622803,-0.03390468395696189,-0.2562549114227295,-0.09934300184249878,-0.050433472910981436,-0.3190961331129074,-0.04866588115692139,-0.06754512451038863,-0.15994155406951904,-0.20551621913909912,-0.08570349327669646,-0.30694611370563507,-0.1863330602645874,-0.11482959351883437,-0.3833266943693161,-0.171012282371521,-0.1257654886637738,-0.4484732151031494,-0.1584078073501587,-0.13098803273783233,-0.16952255368232727,-0.11074072122573853,-0.09054482839451339,-0.3279510736465454,-0.10631406307220459,-0.11568462214813735,-0.4179375320672989,-0.10454720258712769,-0.12222723774061706,-0.48705512285232544,-0.09588521718978882,-0.1274371903334668,-0.17051458358764648,-0.019098222255706787,-0.08959918580399062,-0.27434271574020386,-0.011954128742218018,-0.10688225291119124,-0.2307683229446411,-0.03733021020889282,-0.09227227530823257,-0.18500027060508728,-0.04971593618392944,-0.07783354930029418,-0.16690364480018616,0.05900043249130249,-0.08869095257864501,-0.241862952709198,0.03441143035888672,-0.09452375880823638,-0.2132987082004547,0.014454424381256104,-0.07697133086071517,-0.18046614527702332,0.008442521095275879,-0.06179181970105674
H,0.0,0.0,0.0,-0.04932469129562378,-0.12201094627380371,-0.015005703711324259,-0.15980350971221924,-0.15743398666381836,-0.03535496040564112,-0.26245826482772827,-0.09790050983428955,-0.05205909877400927,-0.32546277344226837,-0.04505568742752075,-0.06953815340381198,-0.17001080513000488,-0.2076287865638733,-0.07603327899556689,-0.3119780570268631,-0.18949782848358154,-0.10575113415103488,-0.3894519954919815,-0.1735762357711792,-0.11891645907741122,-0.4561033844947815,-0.1595289707183838,-0.12571665614228777,-0.17859163880348206,-0.1165996789932251,-0.08215314119439654,-0.33029958605766296,-0.11237764358520508,-0.10758658468108706,-0.42146454751491547,-0.1110575795173645,-0.11621479659658007,-0.4933200776576996,-0.10265594720840454,-0.12251552163940005,-0.1771489381790161,-0.02591538429260254,-0.08388372480254702,-0.27748674154281616,-0.01618826389312744,-0.10623036294560961,-0.23279312252998352,-0.03448718786239624,-0.09486848085504107,-0.18679863214492798,-0.041690826416015625,-0.08089372485261492,-0.16996127367019653,0.054134905338287354,-0.08572808622699313,-0.24701982736587524,0.0327184796333313,-0.09636905758958392,-0.21679949760437012,0.017803549766540527,-0.07986105948072009,-0.18166226148605347,0.01629471778869629,-0.06427314102035098
H,0.0,0.0,0.0,-0.054141998291015625,-0.11872923374176025,-0.011827996663043905,-0.16568836569786072,-0.15294146537780762,-0.030892743460128713,-0.2667478322982788,-0.09746915102005005,-0.04699464208562176,-0.32860472798347473,-0.03882038593292236,-0.06471321798045437,-0.1723557710647583,-0.21176660060882568,-0.07166712052304547,-0.3121042847633362,-0.193700909614563,-0.10060808873851101,-0.3891514539718628,-0.17939352989196777,-0.11432643300969403,-0.4549526274204254,-0.16709798574447632,-0.12178495592553418,-0.17651712894439697,-0.12570923566818237,-0.07983192122657101,-0.324890673160553,-0.11768579483032227,-0.10217048294026654,-0.4125056117773056,-0.11142343282699585,-0.10856481707770627,-0.47967228293418884,-0.10252690315246582,-0.11402480370480816,-0.17122849822044373,-0.03679680824279785,-0.08398323572356503,-0.27031001448631287,-0.01784604787826538,-0.10468678987700741,-0.23046165704727173,-0.029846131801605225,-0.09406831926781933,-0.18490582704544067,-0.03721034526824951,-0.08151246673543255,-0.16141805052757263,0.04582715034484863,-0.08801543033797543,-0.23701444268226624,0.03261828422546387,-0.09929213739115994,-0.2090091109275818,0.020521938800811768,-0.08412418580729764,-0.17379090189933777,0.016998708248138428,-0.06971071726758282
H,0.0,0.0,0.0,-0.05466112494468689,-0.11378496885299683,-0.007009631776128344,-0.16027915477752686,-0.1495313048362732,-0.022470149499241643,-0.25549058616161346,-0.10140329599380493,-0.03628256293839627,-0.31514638662338257,-0.043457865715026855,-0.05178453895157986,-0.17133751511573792,-0.20981264114379883,-0.057671782848302655,-0.3059387058019638,-0.19358661770820618,-0.08116018521494084,-0.3790169060230255,-0.17963004112243652,-0.09189248579448872,-0.4408063292503357,-0.16758936643600464,-0.09760419028705769,-0.17714905738830566,-0.12791180610656738,-0.06711864965862446,-0.3142150193452835,-0.12118840217590332,-0.08345496403879338,-0.39017365872859955,-0.11408358812332153,-0.08691101270622426,-0.4467907249927521,-0.10662269592285156,-0.09058888750976735,-0.17356467247009277,-0.04254269599914551,-0.07323041307634526,-0.2603995352983475,-0.018863976001739502,-0.08880788582271748,-0.22250130772590637,-0.02569788694381714,-0.07952774065441304,-0.17900055646896362,-0.03251165151596069,-0.06932263570732289,-0.16587138175964355,0.03873378038406372,-0.07922226684993916,-0.2304883599281311,0.030450940132141113,-0.08609229820675068,-0.20314642786979675,0.022226333618164062,-0.07180823135084324,-0.16984447836875916,0.017996013164520264,-0.05909359949535542
H,0.0,0.0,0.0,-0.05513578653335571,-0.10240548849105835,0.0026099763116320673,-0.1541111171245575,-0.12808319926261902,-0.01153593675657305,-0.2459912896156311,-0.08019983768463135,-0.026875532022259563,-0.3074655830860138,-0.037515997886657715,-0.043918649456045955,-0.1704729199409485,-0.20832598209381104,-0.04937453453852925,-0.2994343042373657,-0.18802136182785034,-0.07786446323110852,-0.3737497478723526,-0.17523115873336792,-0.09555661191656384,-0.43446607887744904,-0.16378098726272583,-0.10580985506489071,-0.16940882802009583,-0.1334320306777954,-0.06372570504858288,-0.30397261679172516,-0.12646019458770752,-0.08249019344761166,-0.3801237791776657,-0.12004750967025757,-0.0879842217774609,-0.4362962990999222,-0.112892746925354,-0.09361485650255474,-0.16245409846305847,-0.05290699005126953,-0.07443507274105343,-0.26016953587532043,-0.021912693977355957,-0.08881831427528653,-0.23466438055038452,-0.017933905124664307,-0.07626588155939373,-0.19729110598564148,-0.019639015197753906,-0.06476889809086117,-0.15420779585838318,0.030277550220489502,-0.08470814933492932,-0.22487422823905945,0.02967602014541626,-0.08999977519228253,-0.2056228220462799,0.02540796995162964,-0.07272328694774899,-0.1751822531223297,0.018542230129241943,-0.05782893558456692
H,0.0,0.0,0.0,-0.05657327175140381,-0.0970439612865448,2.8378929499695005e-05,-0.15725338459014893,-0.1214958131313324,-0.015064686665056115,-0.2484913170337677,-0.07063925266265869,-0.03157726781230963,-0.3105485141277313,-0.025641679763793945,-0.049995117949066525,-0.17386773228645325,-0.1995372772216797,-0.04768300534945524,-0.30275866389274597,-0.18156582117080688,-0.07436640294056929,-0.3758043646812439,-0.16886091232299805,-0.08994981379967726,-0.43824759125709534,-0.15618449449539185,-0.0991597148941139,-0.175677090883255,-0.13261324167251587,-0.06181494625073469,-0.3117775022983551,-0.12410461902618408,-0.08244757832747496,-0.3950786888599396,-0.11641713976860046,-0.09205472947817839,-0.46033981442451477,-0.10732558369636536,-0.10030446680050886,-0.16947028040885925,-0.05390167236328125,-0.07214763493996657,-0.265512153506279,-0.015716910362243652,-0.08830824227791823,-0.23387759923934937,-0.00949406623840332,-0.07895254822236097,-0.19620946049690247,-0.013830900192260742,-0.06928264083128965,-0.16118401288986206,0.029594123363494873,-0.08197825880509413,-0.22907331585884094,0.03671276569366455,-0.08993897320490873,-0.20461326837539673,0.0358508825302124,-0.07519032539588011,-0.1721889078617096,0.029317736625671387,-0.06173855544787443
H,0.0,0.0,0.0,-0.04760909080505371,-0.10220062732696533,-0.0031489916731572976,-0.14110073447227478,-0.1434667706489563,-0.019329091825426303,-0.22847971320152283,-0.11345961689949036,-0.03633037797445127,-0.2911493480205536,-0.07713344693183899,-0.05601613811487027,-0.16710665822029114,-0.20652812719345093,-0.057664735534132205,-0.2978490889072418,-0.18395334482192993,-0.08770720131033727,-0.37229497730731964,-0.16881334781646729,-0.10531671560639211,-0.43593552708625793,-0.15408527851104736,-0.11541583604449102,-0.17284545302391052,-0.1347326636314392,-0.07067676849001714,-0.30856969952583313,-0.12406155467033386,-0.09465193218821355,-0.39527691900730133,-0.11587095260620117,-0.10577391303414174,-0.465053915977478,-0.10369446873664856,-0.11456945753926107,-0.16954469680786133,-0.05384063720703125,-0.07960693753594228,-0.2615542411804199,-0.014215171337127686,-0.09788445598715612,-0.22834262251853943,-0.017007052898406982,-0.08931690669888326,-0.19003397226333618,-0.02428126335144043,-0.07965348131293126,-0.1624232828617096,0.030341267585754395,-0.08833826548689672,-0.22886794805526733,0.03420752286911011,-0.09773420757883855,-0.202865332365036,0.029997527599334717,-0.08274180657500096,-0.1691371202468872,0.023744583129882812,-0.06860086537236043
H,0.0,0.0,0.0,-0.05303090810775757,-0.09892654418945312,-0.005854907464183157,-0.151472806930542,-0.1307908594608307,-0.024932666700280492,-0.24253618717193604,-0.08106207847595215,-0.044631005283392255,-0.30408239364624023,-0.03157365322113037,-0.06662377065042335,-0.17003509402275085,-0.2118040919303894,-0.05579556247214157,-0.2963561713695526,-0.18518614768981934,-0.08868025338271934,-0.3705664724111557,-0.16818386316299438,-0.10784179067233879,-0.4339613765478134,-0.15319707989692688,-0.11928297674278099,-0.1698918640613556,-0.14307579398155212,-0.0710777649841674,-0.30766259133815765,-0.12324726581573486,-0.09973826354364235,-0.39309969544410706,-0.1108824610710144,-0.11320600008586723,-0.4610120356082916,-0.09826159477233887,-0.12308326458553154,-0.16234412789344788,-0.06266963481903076,-0.08310788219789345,-0.25601404905319214,-0.010822594165802002,-0.1093765953741439,-0.21937596797943115,-0.007725656032562256,-0.1020042011700042,-0.1801457405090332,-0.01564115285873413,-0.0912031317315467,-0.1523326337337494,0.02335411310195923,-0.0948497662506469,-0.22241133451461792,0.0428309440612793,-0.11052552705625374,-0.19380491971969604,0.04303854703903198,-0.09641882872203666,-0.15983909368515015,0.03731948137283325,-0.08201531415799934
H,0.0,0.0,0.0,-0.05383920669555664,-0.09985470771789551,-0.008465450527239682,-0.15574714541435242,-0.13307228684425354,-0.03011579745458448,-0.25029733777046204,-0.08707702159881592,-0.051542735928762795,-0.31390270590782166,-0.041074782609939575,-0.07476478003906095,-0.16790631413459778,-0.21232587099075317,-0.0611371093337425,-0.29640430212020874,-0.1938360035419464,-0.09454110943721616,-0.3701438009738922,-0.17928451299667358,-0.11360422455715025,-0.43550415337085724,-0.1658705472946167,-0.12573052876638258,-0.16768047213554382,-0.14601626992225647,-0.07535313748763883,-0.307596817612648,-0.12963223457336426,-0.107596240276564,-0.39157766103744507,-0.11793339252471924,-0.12268201195644224,-0.4601665139198303,-0.10586929321289062,-0.13381023638891065,-0.1600080132484436,-0.06963399052619934,-0.08589167826818311,-0.25383323431015015,-0.01995941996574402,-0.11527438395665968,-0.21478447318077087,-0.01644033193588257,-0.1065443449561485,-0.17540490627288818,-0.02402004599571228,-0.09452935987161482,-0.1505049467086792,0.010441899299621582,-0.0962250673119911,-0.22128069400787354,0.030104398727416992,-0.11270893299030149,-0.19265395402908325,0.02967524528503418,-0.09764288299726331,-0.15987423062324524,0.021649718284606934,-0.082889109188784
H,0.0,0.0,0.0,-0.05532124638557434,-0.09850272536277771,-0.006810299674754106,-0.15294647216796875,-0.12920713424682617,-0.029868903658126555,-0.2458842396736145,-0.08436626195907593,-0.05299777080747958,-0.31024737656116486,-0.04508620500564575,-0.07771346633765575,-0.1633179485797882,-0.2093706727027893,-0.06270892088744517,-0.2882465422153473,-0.19270044565200806,-0.09645536457631465,-0.358418345451355,-0.1791977882385254,-0.11557653462025996,-0.4199879318475723,-0.16810864210128784,-0.12792086516950008,-0.15978696942329407,-0.14455962181091309,-0.07796440189216014,-0.3011213541030884,-0.12962135672569275,-0.11070904796454784,-0.3839712142944336,-0.1208956241607666,-0.12580500458810207,-0.4498559236526489,-0.11298686265945435,-0.13765023564431544,-0.15076851844787598,-0.067930668592453,-0.08908189003798839,-0.24933820962905884,-0.02057194709777832,-0.11619395678374644,-0.21065303683280945,-0.01728394627571106,-0.1039422145995843,-0.1727067530155182,-0.025887995958328247,-0.0910640499505746,-0.14031922817230225,0.011446356773376465,-0.1001081458244073,-0.21335691213607788,0.03444409370422363,-0.11529824053380366,-0.1847817301750183,0.032815635204315186,-0.09812772189710017,-0.1530398428440094,0.022764146327972412,-0.08257172172400828
H,0.0,0.0,0.0,-0.054901063442230225,-0.09860047698020935,-0.0064858687279780725,-0.15336745977401733,-0.1326415240764618,-0.029546810331012807,-0.24700745940208435,-0.09337824583053589,-0.052967073412801824,-0.3117839992046356,-0.060016483068466187,-0.0781213659962674,-0.16250082850456238,-0.21640193462371826,-0.06459416637029847,-0.2876499891281128,-0.19913476705551147,-0.10056600907650193,-0.36039821803569794,-0.18620160222053528,-0.12109079399910172,-0.42241042852401733,-0.17533943057060242,-0.1342766452750226,-0.15710756182670593,-0.15257269144058228,-0.08116007039156159,-0.2983982115983963,-0.13516253232955933,-0.11726347544994553,-0.3816017657518387,-0.12769612669944763,-0.13407345304098328,-0.44544661045074463,-0.12283569574356079,-0.14678608069029053,-0.14690831303596497,-0.07609239220619202,-0.0936514306983014,-0.24797311425209045,-0.024909645318984985,-0.12293137797918519,-0.20972034335136414,-0.019500643014907837,-0.11059630850162705,-0.17098796367645264,-0.030588775873184204,-0.09742139467802247,-0.13602781295776367,0.002468198537826538,-0.10599358567800721,-0.21234086155891418,0.02992105484008789,-0.12231689134445389,-0.1837291121482849,0.030238211154937744,-0.10514270702209672,-0.15144217014312744,0.016848742961883545,-0.08948948422279557
H,0.0,0.0,0.0,-0.051445186138153076,-0.10381421446800232,-0.0024106553979308387,-0.14867138862609863,-0.13694804906845093,-0.02426424275525818,-0.24002757668495178,-0.09227117896080017,-0.04675357441791306,-0.3033166229724884,-0.050305694341659546,-0.07163805540093193,-0.16086676716804504,-0.2199905812740326,-0.061586555348718264,-0.28472599387168884,-0.1977996826171875,-0.09543266172894249,-0.35706372559070587,-0.18060550093650818,-0.11711362774857292,-0.420153483748436,-0.16720068454742432,-0.13200888808258782,-0.15875515341758728,-0.14987868070602417,-0.07895075555332909,-0.29959118366241455,-0.13589328527450562,-0.10890875782259712,-0.3818187117576599,-0.12709632515907288,-0.12408312435635338,-0.447089284658432,-0.11956700682640076,-0.13747844870575676,-0.15084916353225708,-0.07081285119056702,-0.09162236030586968,-0.2533123791217804,-0.030932188034057617,-0.11439669157751808,-0.21414709091186523,-0.030165910720825195,-0.10222122843750725,-0.17319408059120178,-0.040687114000320435,-0.09167876865156899,-0.1408277451992035,0.00995752215385437,-0.10417674507387886,-0.21232381463050842,0.027806609869003296,-0.11806326385029564,-0.18338975310325623,0.02423921227455139,-0.1021353679467083,-0.14931577444076538,0.011367201805114746,-0.08852095182427178
H,0.0,0.0,0.0,-0.05398142337799072,-0.09602111577987671,-0.007451197450926372,-0.1486181616783142,-0.1315523087978363,-0.03178855948331005,-0.23972254991531372,-0.09722137451171875,-0.056556885914822885,-0.3054714798927307,-0.07096904516220093,-0.08323691584350712,-0.1591269075870514,-0.22350020706653595,-0.0642107183504308,-0.2790314853191376,-0.2053917944431305,-0.10101904519083149,-0.3505592495203018,-0.1910693645477295,-0.1233372891712392,-0.41177213191986084,-0.18033522367477417,-0.1378707120585645,-0.1507013440132141,-0.1598951518535614,-0.08122033424856312,-0.28857606649398804,-0.14401891827583313,-0.11704709924938328,-0.3720046281814575,-0.13593018054962158,-0.13491228021862156,-0.43701404333114624,-0.13050031661987305,-0.14898425139667637,-0.13866272568702698,-0.08413070440292358,-0.0944901982712949,-0.24256029725074768,-0.03508380055427551,-0.1248455027508939,-0.2067907452583313,-0.02652531862258911,-0.11400645025255329,-0.16886183619499207,-0.035719484090805054,-0.10216422178032047,-0.12752628326416016,-0.005277842283248901,-0.1076287383604253,-0.2079828679561615,0.021123677492141724,-0.1261088380980695,-0.1809426248073578,0.02279132604598999,-0.11015222020628102,-0.1482827067375183,0.009882450103759766,-0.09527147360326893
H,0.0,0.0,0.0,-0.051643431186676025,-0.09687343239784241,-0.0041977433696409605,-0.14061829447746277,-0.13512393832206726,-0.027935913877936258,-0.2278599739074707,-0.10095703601837158,-0.053089724036308183,-0.2927045226097107,-0.06869888305664062,-0.08055111497864331,-0.15385493636131287,-0.22689411044120789,-0.062157434525342836,-0.2737702429294586,-0.2117968201637268,-0.09746037900671567,-0.3439313918352127,-0.19879698753356934,-0.11924653977379407,-0.40349631011486053,-0.19109520316123962,-0.1337289932392558,-0.1448606550693512,-0.16348212957382202,-0.08088098198399152,-0.2816588580608368,-0.1492738127708435,-0.11492468893751706,-0.36262504756450653,-0.14428183436393738,-0.13319578498825635,-0.42499852180480957,-0.1426667869091034,-0.14823707670197095,-0.1323356032371521,-0.08837875723838806,-0.0954689133189639,-0.23643234372138977,-0.040648698806762695,-0.12363549053892697,-0.20258578658103943,-0.0314888060092926,-0.11481472581848706,-0.16480904817581177,-0.04084980487823486,-0.10552387416586484,-0.12217649817466736,-0.01073378324508667,-0.1096600863359889,-0.20107415318489075,0.01721850037574768,-0.12666699022278394,-0.17586630582809448,0.01898801326751709,-0.11218207061514462,-0.14296630024909973,0.0050577521324157715,-0.09914637088999356
H,0.0,0.0,0.0,-0.04926609992980957,-0.09558424353599548,-0.006823522178716956,-0.1337023675441742,-0.1337382197380066,-0.03380885827381164,-0.21840697526931763,-0.10631343722343445,-0.061335281608887016,-0.28485429286956787,-0.08292189240455627,-0.0914922553582862,-0.1430216133594513,-0.22784672677516937,-0.06995302918393165,-0.26148054003715515,-0.21745817363262177,-0.10675532850462943,-0.33161261677742004,-0.2060670256614685,-0.12948292228419334,-0.39102019369602203,-0.19921335577964783,-0.14438083502490073,-0.13220322132110596,-0.1637091338634491,-0.08781909677226096,-0.26708728075027466,-0.15413784980773926,-0.12203320595461875,-0.3482044041156769,-0.1502956748008728,-0.1392837587280944,-0.4109683632850647,-0.14822369813919067,-0.15406363937098533,-0.12012243270874023,-0.08748084306716919,-0.10151864322859794,-0.2251540720462799,-0.04686751961708069,-0.12993675204951316,-0.19443899393081665,-0.03842279314994812,-0.1201591465159133,-0.15765124559402466,-0.045389920473098755,-0.11068028691250831,-0.11191108822822571,-0.008700430393218994,-0.11486883941132575,-0.1939786970615387,0.012291520833969116,-0.13212309512335807,-0.17089572548866272,0.01424098014831543,-0.116578688053675,-0.1379120647907257,0.0032608211040496826,-0.10304483505923301
H,0.0,0.0,0.0,-0.04724961519241333,-0.09506776928901672,-0.005793036870710644,-0.13252320885658264,-0.13531896471977234,-0.031328440155886206,-0.21925970911979675,-0.1056998074054718,-0.05774752840032438,-0.2829647660255432,-0.08224868774414062,-0.0860985521935449,-0.13176190853118896,-0.23209303617477417,-0.06404435678949216,-0.24781674146652222,-0.22796204686164856,-0.1021982584856973,-0.31882444024086,-0.2207944095134735,-0.12664927586545804,-0.3786546140909195,-0.21385154128074646,-0.14290027364721158,-0.12289309501647949,-0.17184630036354065,-0.08314888223638395,-0.25505608320236206,-0.16811701655387878,-0.11894337877263883,-0.3349475562572479,-0.16450053453445435,-0.1369824562930093,-0.39684367179870605,-0.16056981682777405,-0.1519034360312448,-0.11304834485054016,-0.09919735789299011,-0.0987861086391435,-0.2181893289089203,-0.05648717284202576,-0.1282038693093286,-0.18863436579704285,-0.04526430368423462,-0.11871655329694608,-0.1528720259666443,-0.05268850922584534,-0.10936101570358137,-0.10714772343635559,-0.023521602153778076,-0.11425966813793043,-0.18997088074684143,-0.0008159279823303223,-0.13245005949964384,-0.1672656238079071,0.004948019981384277,-0.11753909334173063,-0.13504979014396667,-0.00551527738571167,-0.10447540178527692
H,0.0,0.0,0.0,-0.04190295934677124,-0.09255683422088623,-0.00676128050929492,-0.11561834812164307,-0.13170045614242554,-0.03582481589785402,-0.19572436809539795,-0.103705495595932,-0.06583161201945131,-0.25728967785835266,-0.08517023921012878,-0.09814779755345171,-0.11970949172973633,-0.23381543159484863,-0.07287549522391146,-0.23440009355545044,-0.23323553800582886,-0.11444868442288225,-0.30338817834854126,-0.22758150100708008,-0.14145911779871767,-0.36204826831817627,-0.2218972146511078,-0.15999158766737764,-0.10969769954681396,-0.1764419972896576,-0.0922530769990999,-0.23998764157295227,-0.17144718766212463,-0.13248431232443636,-0.319844126701355,-0.16713619232177734,-0.15279335823527163,-0.38318802416324615,-0.16014805436134338,-0.1698825165318567,-0.0982205867767334,-0.10381394624710083,-0.107763047485264,-0.20417028665542603,-0.05911904573440552,-0.1374164625691492,-0.17606908082962036,-0.05033677816390991,-0.1260542079495508,-0.1413041353225708,-0.059134095907211304,-0.11659092751017397,-0.09168142080307007,-0.028559237718582153,-0.12349860665074175,-0.17703786492347717,-0.0031936466693878174,-0.14178883579245394,-0.15710818767547607,1.5169382095336914e-05,-0.12686763253680056,-0.12640538811683655,-0.01377648115158081,-0.11465392556658571
H,0.0,0.0,0.0,-0.039822518825531006,-0.09024432301521301,-0.010250861132050204,-0.10733926296234131,-0.136058509349823,-0.03797296651592319,-0.18041518330574036,-0.11754602193832397,-0.0655145555078036,-0.23855143785476685,-0.10727396607398987,-0.09487372481217449,-0.10353094339370728,-0.24067942798137665,-0.07235845022788112,-0.20861488580703735,-0.24624070525169373,-0.11244195544114177,-0.2714228928089142,-0.24712005257606506,-0.14041714214673107,-0.3270793557167053,-0.25062277913093567,-0.1603309943615443,-0.09236842393875122,-0.1859288513660431,-0.0892155750929362,-0.22045934200286865,-0.18750405311584473,-0.12749951922288005,-0.29886114597320557,-0.188520610332489,-0.14972720884671276,-0.3616218566894531,-0.1890803575515747,-0.16885202967515056,-0.08228880167007446,-0.11610785126686096,-0.1025154426037318,-0.19025981426239014,-0.07950860261917114,-0.13139711164822643,-0.1672864556312561,-0.06850335001945496,-0.12373709523072307,-0.13458573818206787,-0.07718592882156372,-0.1171982794343478,-0.07818424701690674,-0.044264912605285645,-0.1162788777886874,-0.16475844383239746,-0.02471950650215149,-0.134478507870341,-0.14822661876678467,-0.01882946491241455,-0.12199549221386974,-0.11796534061431885,-0.03180760145187378,-0.11180614524474208
H,0.0,0.0,0.0,-0.042067110538482666,-0.088044673204422,-0.005903892878606598,-0.10883593559265137,-0.1305294930934906,-0.03242323241026668,-0.1836484670639038,-0.11179646849632263,-0.0600478879252222,-0.23870766162872314,-0.1009967029094696,-0.0901980443933752,-0.09816431999206543,-0.23348036408424377,-0.06660401514561443,-0.20431765913963318,-0.23981815576553345,-0.10434136233122615,-0.2696506679058075,-0.24137882888317108,-0.1296124427655485,-0.32476896047592163,-0.24533991515636444,-0.14794441751034526,-0.0876738429069519,-0.18086716532707214,-0.08528407356531886,-0.21663984656333923,-0.1833624243736267,-0.12286167285235194,-0.29437077045440674,-0.18657490611076355,-0.14248229256661205,-0.35613149404525757,-0.19023984670639038,-0.15942853382618694,-0.07935571670532227,-0.11166378855705261,-0.10036635092289714,-0.18975871801376343,-0.07062920928001404,-0.1276915340760496,-0.16512233018875122,-0.05953514575958252,-0.11836242369206218,-0.13020265102386475,-0.06986373662948608,-0.11123367092402248,-0.07651633024215698,-0.04138854146003723,-0.1156799762585905,-0.16458982229232788,-0.015419632196426392,-0.13304482093842296,-0.1466761827468872,-0.009003221988677979,-0.11990412763150005,-0.11364090442657471,-0.022186577320098877,-0.10945345154793529
H,0.0,0.0,0.0,-0.04286849498748779,-0.08632248640060425,-0.0066280942223500006,-0.107341468334198,-0.12779366970062256,-0.03430029189209449,-0.1781565546989441,-0.11017879843711853,-0.06295342555264938,-0.2315887212753296,-0.10157021880149841,-0.09414746424178588,-0.09151124954223633,-0.23355883359909058,-0.06968167981128204,-0.1956992745399475,-0.24117907881736755,-0.10871331950644958,-0.2606494128704071,-0.243170827627182,-0.1355876009724568,-0.31603971123695374,-0.24619624018669128,-0.15513761153439987,-0.07955288887023926,-0.18067637085914612,-0.08855274131516921,-0.20522943139076233,-0.1849321722984314,-0.12640635481099594,-0.2817090153694153,-0.18879929184913635,-0.14621706118802535,-0.34336215257644653,-0.19249576330184937,-0.163650257494254,-0.07082724571228027,-0.11050376296043396,-0.10383520087222564,-0.1803075671195984,-0.07190486788749695,-0.1310620438120793,-0.1558263897895813,-0.06168684363365173,-0.12114593198518264,-0.12133920192718506,-0.0718262791633606,-0.1140577178261708,-0.06800776720046997,-0.03899434208869934,-0.11945683320979583,-0.1554422378540039,-0.01683175563812256,-0.13712349345902908,-0.13911259174346924,-0.011541932821273804,-0.12350082954387176,-0.1075713038444519,-0.025970488786697388,-0.11295649966220367
H,0.0,0.0,0.0,-0.04262298345565796,-0.08522677421569824,-0.006616779410109075,-0.10513019561767578,-0.13158267736434937,-0.03235280354769543,-0.17327433824539185,-0.12089896202087402,-0.05909759019763783,-0.22625744342803955,-0.11592370271682739,-0.0884187615409644,-0.08426207304000854,-0.23599909245967865,-0.06544244502933338,-0.18679726123809814,-0.24943894147872925,-0.10321158384235218,-0.2505764663219452,-0.25217410922050476,-0.12904882644565419,-0.3046513795852661,-0.2572421133518219,-0.14782114540489033,-0.07232832908630371,-0.18602541089057922,-0.0842746517554076,-0.19605720043182373,-0.19392943382263184,-0.1202263033881934,-0.27073556184768677,-0.19798430800437927,-0.13814030801208332,-0.3316793143749237,-0.2028636336326599,-0.15394716178329304,-0.0635867714881897,-0.11629775166511536,-0.10016963844449833,-0.17074763774871826,-0.07924413681030273,-0.12799583588989094,-0.14737260341644287,-0.06523102521896362,-0.11929108415992573,-0.11427026987075806,-0.07238388061523438,-0.11263406490238026,-0.060866594314575195,-0.044198840856552124,-0.11636783396156147,-0.14697980880737305,-0.022184133529663086,-0.13552102660091236,-0.13275158405303955,-0.014434576034545898,-0.12326531325729206,-0.10339027643203735,-0.026508331298828125,-0.11352418576629475
H,0.0,0.0,0.0,-0.04032754898071289,-0.08796054124832153,-0.00823605980207276,-0.10259556770324707,-0.1340750753879547,-0.03497726551671576,-0.17127323150634766,-0.11953845620155334,-0.06214808754106116,-0.22175902128219604,-0.10787186026573181,-0.09220773063083243,-0.08676177263259888,-0.23162195086479187,-0.0677697517671163,-0.18864840269088745,-0.243880033493042,-0.10714937827964377,-0.2536988854408264,-0.24853017926216125,-0.1347110503115232,-0.308432400226593,-0.25455331802368164,-0.1545254223742063,-0.07405400276184082,-0.17919662594795227,-0.08561821363349509,-0.19625157117843628,-0.18793049454689026,-0.12264549813647818,-0.2715068459510803,-0.19382116198539734,-0.14116459421296668,-0.3330767750740051,-0.20063689351081848,-0.1574028067984159,-0.06524151563644409,-0.10997498035430908,-0.10065104148765158,-0.17441660165786743,-0.07728517055511475,-0.12853138975282263,-0.15391063690185547,-0.0617600679397583,-0.11879226646800589,-0.12142693996429443,-0.06739142537117004,-0.1113670327462728,-0.061720192432403564,-0.03962087631225586,-0.11624661169429373,-0.14945638179779053,-0.022156625986099243,-0.13418825797219824,-0.13593339920043945,-0.014528512954711914,-0.12053717009206366,-0.10545170307159424,-0.02485784888267517,-0.109870226005512
H,0.0,0.0,0.0,-0.041767895221710205,-0.08437743782997131,-0.006501399860468382,-0.10256671905517578,-0.13224127888679504,-0.03117308387973594,-0.169380784034729,-0.12489062547683716,-0.056840274431493754,-0.2210264503955841,-0.11986121535301208,-0.08515045786717224,-0.08025163412094116,-0.23512208461761475,-0.0643169655881195,-0.18036454916000366,-0.25145629048347473,-0.10196322197535324,-0.2432500720024109,-0.2567140758037567,-0.12786944950440216,-0.2966533303260803,-0.26358762383461,-0.1465872600159912,-0.0678589940071106,-0.18645817041397095,-0.08294317866184997,-0.19009745121002197,-0.19669055938720703,-0.11889199907400894,-0.2643204927444458,-0.20336508750915527,-0.13700639451363372,-0.3252466320991516,-0.21030786633491516,-0.15280280257084655,-0.059355199337005615,-0.11825981736183167,-0.09873966867544937,-0.16755765676498413,-0.0829138457775116,-0.12723053241589355,-0.14554214477539062,-0.06615811586380005,-0.11918212468245315,-0.11293160915374756,-0.07033342123031616,-0.11260119075396346,-0.05753219127655029,-0.04753980040550232,-0.11487422878363418,-0.14476394653320312,-0.026409000158309937,-0.1351070627055435,-0.13216257095336914,-0.01722213625907898,-0.12384919072010803,-0.10328793525695801,-0.027196168899536133,-0.11449928576567459
H,0.0,0.0,0.0,-0.041230738162994385,-0.08649635314941406,-0.007343365534723034,-0.10162621736526489,-0.13527673482894897,-0.03214395763683342,-0.16838860511779785,-0.12390735745429993,-0.057715300194502106,-0.21869689226150513,-0.1101972758769989,-0.08662451776075386,-0.08040738105773926,-0.23115289211273193,-0.06604120852756523,-0.17635202407836914,-0.24929293990135193,-0.10316310795354866,-0.23731502890586853,-0.2539903223514557,-0.12862117560911202,-0.2898305058479309,-0.2597029507160187,-0.1469944712738993,-0.06586480140686035,-0.17935878038406372,-0.08432764532375359,-0.18621236085891724,-0.19180873036384583,-0.11980664702463173,-0.25818800926208496,-0.1986776888370514,-0.13770338865327858,-0.31754595041275024,-0.20551460981369019,-0.15342481406736397,-0.056601643562316895,-0.11021149158477783,-0.09979294212865852,-0.16684937477111816,-0.07931184768676758,-0.12902840944337868,-0.1463492512702942,-0.06254297494888306,-0.12215564372348808,-0.11469382047653198,-0.06559956073760986,-0.11617306592273735,-0.05445599555969238,-0.040854573249816895,-0.11537843169975304,-0.14436572790145874,-0.024203896522521973,-0.13617378445673012,-0.13114464282989502,-0.016366183757781982,-0.12508632215070747,-0.10090970993041992,-0.02516758441925049,-0.11577127846288704
H,0.0,0.0,0.0,-0.0403141975402832,-0.08897662162780762,-0.004338270406179845,-0.10165834426879883,-0.14161735773086548,-0.025463718342535913,-0.1682758331298828,-0.13378575444221497,-0.04784616397594732,-0.2157873511314392,-0.12081155180931091,-0.07358213083719534,-0.07626670598983765,-0.23407071828842163,-0.05744067894195837,-0.1697201132774353,-0.2553679049015045,-0.09079367237066549,-0.22990959882736206,-0.26023945212364197,-0.11339927779411596,-0.28190016746520996,-0.2663430869579315,-0.12947456108307165,-0.06518036127090454,-0.18249917030334473,-0.07623605744814199,-0.18351715803146362,-0.19841980934143066,-0.10682640539383215,-0.25387442111968994,-0.20712584257125854,-0.12302979396557134,-0.3114238381385803,-0.21591204404830933,-0.1373944984552793,-0.05862998962402344,-0.1133173406124115,-0.0921373845813207,-0.16671347618103027,-0.08771687746047974,-0.11948998587106985,-0.147222638130188,-0.07339030504226685,-0.11451351212238592,-0.11684244871139526,-0.0770648717880249,-0.10947264300560278,-0.05830550193786621,-0.042165905237197876,-0.10771133320307058,-0.1456659436225891,-0.030371248722076416,-0.12831444607948583,-0.13186389207839966,-0.02406632900238037,-0.11792005168175024,-0.10154515504837036,-0.03124895691871643,-0.10853347496961874
H,0.0,0.0,0.0,-0.03229165077209473,-0.09025189280509949,-0.004595337737598015,-0.09198993444442749,-0.14318335056304932,-0.026629169773556782,-0.1616668701171875,-0.12562745809555054,-0.049878350761034085,-0.21173489093780518,-0.10594278573989868,-0.07634351339588363,-0.07237976789474487,-0.22944238781929016,-0.05973676901707847,-0.16804730892181396,-0.24871838092803955,-0.09288740840206344,-0.22758817672729492,-0.2540539503097534,-0.11592239823589523,-0.27841559052467346,-0.2620184123516083,-0.1332775050068875,-0.06243693828582764,-0.17393630743026733,-0.07972460922250946,-0.18026131391525269,-0.1952836811542511,-0.1126059958005925,-0.25032809376716614,-0.2067835032939911,-0.13064154919634063,-0.3087243437767029,-0.2150132656097412,-0.14678634640226562,-0.056135714054107666,-0.10491117835044861,-0.09660577711115081,-0.16272664070129395,-0.08668887615203857,-0.12482219126472671,-0.14002954959869385,-0.0711020827293396,-0.11787708785782058,-0.10833710432052612,-0.0708971917629242,-0.11181831296930511,-0.05568283796310425,-0.035143911838531494,-0.11335032370338638,-0.14314305782318115,-0.03261980414390564,-0.13308066066751678,-0.12605512142181396,-0.02415555715560913,-0.1205408045316716,-0.09445112943649292,-0.025713205337524414,-0.11032478448400695
H,0.0,0.0,0.0,-0.034083008766174316,-0.09119054675102234,-0.004280436988366887,-0.09720635414123535,-0.14823374152183533,-0.024679721071763083,-0.1688758134841919,-0.13891401886940002,-0.04649203896467213,-0.21744602918624878,-0.11771726608276367,-0.07175265878383641,-0.06827199459075928,-0.2295399308204651,-0.05432055398766522,-0.16390305757522583,-0.2509716749191284,-0.08436485260669713,-0.22241705656051636,-0.2601829767227173,-0.10478655129615788,-0.2726844847202301,-0.27126091718673706,-0.12051959216539387,-0.060807645320892334,-0.17524895071983337,-0.07450176656190877,-0.17765259742736816,-0.19896674156188965,-0.1016729909176064,-0.24518218636512756,-0.21173113584518433,-0.11634873479549412,-0.3015725016593933,-0.22110620141029358,-0.13052117705289845,-0.05712556838989258,-0.10452401638031006,-0.09213422864620213,-0.16269034147262573,-0.08969885110855103,-0.11914323151056294,-0.1395130157470703,-0.07749804854393005,-0.11530226349775319,-0.10831695795059204,-0.07643961906433105,-0.11133200555984502,-0.059013545513153076,-0.032379150390625,-0.10939869910423283,-0.14423000812530518,-0.03477203845977783,-0.13186053812448506,-0.12830108404159546,-0.028179466724395752,-0.1232176634663773,-0.09838581085205078,-0.027797043323516846,-0.11533096313421254
H,0.0,0.0,0.0,-0.03264474868774414,-0.08747780323028564,-0.006074850549232735,-0.09660220146179199,-0.14271587133407593,-0.028333699432444348,-0.168856680393219,-0.13285470008850098,-0.05167051414890267,-0.21957683563232422,-0.11493265628814697,-0.07855147506041504,-0.07127922773361206,-0.2272205352783203,-0.05982252593083359,-0.16707199811935425,-0.2497752606868744,-0.09311563159270264,-0.2266179323196411,-0.2590078115463257,-0.11557770158095337,-0.2774050831794739,-0.2684829831123352,-0.1322673373941896,-0.06256520748138428,-0.17174023389816284,-0.07972155894083954,-0.1803579330444336,-0.1978667676448822,-0.11004712070269562,-0.24870240688323975,-0.21113508939743042,-0.12495997930808045,-0.30601966381073,-0.21980908513069153,-0.1385227554563997,-0.05746138095855713,-0.09989592432975769,-0.09725760306162812,-0.16413414478302002,-0.08319473266601562,-0.1259904020552156,-0.14242947101593018,-0.07208240032196045,-0.12051774199051835,-0.1120268702507019,-0.07286548614501953,-0.11487254883093811,-0.058558642864227295,-0.026901066303253174,-0.11462466801447846,-0.14661723375320435,-0.02661871910095215,-0.1376527362589357,-0.13299137353897095,-0.02088940143585205,-0.12784285481018998,-0.1047666072845459,-0.02227640151977539,-0.11885054792208649
H,0.0,0.0,0.0,-0.02915811538696289,-0.0947522521018982,-0.007464427036438792,-0.09254521131515503,-0.15193501114845276,-0.031882932410780995,-0.16669189929962158,-0.14256736636161804,-0.057212086395566075,-0.21625608205795288,-0.11816397309303284,-0.08647678978854856,-0.06678116321563721,-0.2280723750591278,-0.06535481847936353,-0.164478600025177,-0.2516573965549469,-0.0998286101978465,-0.22550737857818604,-0.26138293743133545,-0.12263863720113477,-0.2777175009250641,-0.2716990113258362,-0.13953110016996106,-0.05954086780548096,-0.1711101233959198,-0.08498518355304441,-0.17784732580184937,-0.19849473237991333,-0.11620551534110746,-0.24932324886322021,-0.2128974199295044,-0.13119162060434064,-0.3079376220703125,-0.22176912426948547,-0.14518173970395765,-0.05587363243103027,-0.09910261631011963,-0.1019149515789195,-0.16423946619033813,-0.08560168743133545,-0.13033227063829145,-0.14143317937850952,-0.07501518726348877,-0.12427144684011182,-0.10815173387527466,-0.0752713680267334,-0.11859306879455289,-0.05772584676742554,-0.027730464935302734,-0.1188958007853671,-0.14528822898864746,-0.028029680252075195,-0.14122418500596723,-0.1299191117286682,-0.022961854934692383,-0.13111923076326093,-0.0991816520690918,-0.02499568462371826,-0.12221220322066983
H,0.0,0.0,0.0,-0.03222048282623291,-0.09254270792007446,-0.006790580421615289,-0.09915852546691895,-0.14660847187042236,-0.03209638568379347,-0.17482173442840576,-0.13345065712928772,-0.057758148487586425,-0.22633707523345947,-0.1125902533531189,-0.087842259284038,-0.07178497314453125,-0.23312583565711975,-0.07131446498252814,-0.1715761423110962,-0.2519795894622803,-0.1072863076887316,-0.23419249057769775,-0.2601565420627594,-0.1312348281107134,-0.28630733489990234,-0.2690739035606384,-0.14930604743577902,-0.0617789626121521,-0.17354154586791992,-0.0911223922929949,-0.18352097272872925,-0.19463777542114258,-0.1238420863709635,-0.255372017621994,-0.20849058032035828,-0.13967921185113852,-0.31412649154663086,-0.21673130989074707,-0.15504348623372977,-0.056979596614837646,-0.09805339574813843,-0.10776524591066305,-0.1713712215423584,-0.08058488368988037,-0.13616858768083517,-0.15064531564712524,-0.07073205709457397,-0.12947032200910513,-0.11801791191101074,-0.07192927598953247,-0.12425858127691214,-0.05810213088989258,-0.02360910177230835,-0.12418042468645041,-0.15302366018295288,-0.021897315979003906,-0.14746238636590903,-0.1401960849761963,-0.01869875192642212,-0.13794179606058066,-0.10968124866485596,-0.022467970848083496,-0.1297334318123049
H,0.0,0.0,0.0,-0.03633350133895874,-0.09573668241500854,-0.009185179387635856,-0.10318005084991455,-0.14812234044075012,-0.03718624289096084,-0.17871606349945068,-0.13371509313583374,-0.06479812438548294,-0.23065859079360962,-0.11369621753692627,-0.09666841502249923,-0.07004451751708984,-0.23552685976028442,-0.07891008282960144,-0.1715468168258667,-0.25063252449035645,-0.11908379967272964,-0.23626041412353516,-0.25887757539749146,-0.14647018189490524,-0.290408194065094,-0.2675960659980774,-0.16662245268882003,-0.057996928691864014,-0.1731938123703003,-0.09816540802777496,-0.18344342708587646,-0.19173738360404968,-0.13406815404952255,-0.25833505392074585,-0.20626208186149597,-0.15119212145865646,-0.318387508392334,-0.21600791811943054,-0.16743322486937728,-0.052570343017578125,-0.09516018629074097,-0.11418730790675369,-0.17027270793914795,-0.08063340187072754,-0.14509487922251907,-0.15451949834823608,-0.07415902614593506,-0.13773479337752548,-0.12453734874725342,-0.07818180322647095,-0.13167380566657272,-0.05380958318710327,-0.01899707317352295,-0.13010520513117996,-0.14945393800735474,-0.019365429878234863,-0.1557675081020662,-0.14154857397079468,-0.019376754760742188,-0.14627104277671066,-0.11430937051773071,-0.025958538055419922,-0.1375654267793962
H,0.0,0.0,0.0,-0.031233608722686768,-0.09729468822479248,-0.010036250054746176,-0.09889918565750122,-0.14908641576766968,-0.04007949255397847,-0.17577648162841797,-0.13079720735549927,-0.06893763639023831,-0.22760868072509766,-0.1058117151260376,-0.1029741907863908,-0.07253283262252808,-0.22859254479408264,-0.08864216454318097,-0.17367607355117798,-0.24432021379470825,-0.12986606307318738,-0.24002766609191895,-0.25210481882095337,-0.15783698804667523,-0.29522764682769775,-0.25939324498176575,-0.1783119285850816,-0.060775935649871826,-0.16280090808868408,-0.10605595208695462,-0.18695229291915894,-0.18151524662971497,-0.14129204995921185,-0.26488426327705383,-0.1974962055683136,-0.15747345931819012,-0.32662925124168396,-0.207554429769516,-0.17402049846938183,-0.056420981884002686,-0.08357203006744385,-0.11939621664574673,-0.17351365089416504,-0.07304781675338745,-0.14565926738074353,-0.15790152549743652,-0.06726443767547607,-0.1351380641012483,-0.12624621391296387,-0.07137995958328247,-0.12861351616671612,-0.05812448263168335,-0.008628606796264648,-0.13284331507971814,-0.15292954444885254,-0.010565042495727539,-0.1535203004627519,-0.14385950565338135,-0.012589573860168457,-0.14121456392100384,-0.11485981941223145,-0.020499765872955322,-0.13163791544726422
H,0.0,0.0,0.0,-0.03453636169433594,-0.09618508815765381,-0.01199746816147762,-0.10431188344955444,-0.1444036364555359,-0.044862430865957315,-0.18353092670440674,-0.12289631366729736,-0.07615902307172018,-0.2370014190673828,-0.09976351261138916,-0.1122082102551003,-0.07326328754425049,-0.22625699639320374,-0.09590880605120855,-0.178291916847229,-0.23777461051940918,-0.14053662153620916,-0.24639713764190674,-0.24340614676475525,-0.17058306964774328,-0.30239468812942505,-0.2488178312778473,-0.19275847109694677,-0.060940563678741455,-0.15865707397460938,-0.11355207147736746,-0.18986034393310547,-0.1737004816532135,-0.15382649036784368,-0.2700668275356293,-0.18869176506996155,-0.17216283115287023,-0.33336395025253296,-0.1981419324874878,-0.19006668063540655,-0.056799352169036865,-0.07631433010101318,-0.12698394092459875,-0.1763635277748108,-0.06686341762542725,-0.1570237580194016,-0.15993165969848633,-0.06410068273544312,-0.1448826197042008,-0.12749117612838745,-0.06917864084243774,-0.13671952518363195,-0.05926775932312012,0.0005968809127807617,-0.14060574802298742,-0.15477252006530762,-0.004446089267730713,-0.1645039472236176,-0.14914613962173462,-0.009126126766204834,-0.15252852472205358,-0.12349414825439453,-0.01932060718536377,-0.14286620947261053
H,0.0,0.0,0.0,-0.034058570861816406,-0.09654080867767334,-0.011834852362154535,-0.10542148351669312,-0.1432032585144043,-0.045584848115323595,-0.18538248538970947,-0.11934643983840942,-0.07705624584305149,-0.24012869596481323,-0.09455204010009766,-0.11369945291626316,-0.07146519422531128,-0.22116968035697937,-0.10186566595184665,-0.18064802885055542,-0.23395133018493652,-0.14464000795233112,-0.25112825632095337,-0.23587968945503235,-0.17160875532972675,-0.30816879868507385,-0.23815327882766724,-0.19116472635614734,-0.05953866243362427,-0.15140247344970703,-0.11869880739796024,-0.19200152158737183,-0.16579753160476685,-0.15818024609434467,-0.274907648563385,-0.17904794216156006,-0.17475884590494495,-0.3389597535133362,-0.1868135929107666,-0.19124553535330158,-0.05637484788894653,-0.06860584020614624,-0.13045097325193744,-0.17605632543563843,-0.06208521127700806,-0.16010529730665546,-0.16551417112350464,-0.06304919719696045,-0.1486792508159862,-0.13738471269607544,-0.07005161046981812,-0.14104492400038104,-0.061001718044281006,0.007884323596954346,-0.14188648197996478,-0.1575036644935608,0.001264035701751709,-0.16509225402223926,-0.15533798933029175,-0.007467925548553467,-0.15300000641691547,-0.13195562362670898,-0.0209122896194458,-0.1433439943586574
H,0.0,0.0,0.0,-0.033656418323516846,-0.09543508291244507,-0.01511975236879426,-0.10419505834579468,-0.13964319229125977,-0.0513602518354519,-0.18221646547317505,-0.11528831720352173,-0.08466723792897302,-0.23507678508758545,-0.09036517143249512,-0.1233875402127369,-0.07177656888961792,-0.22156792879104614,-0.10860852383719521,-0.18133240938186646,-0.22929012775421143,-0.154220717481242,-0.25070613622665405,-0.23172497749328613,-0.18434123926507073,-0.3074290156364441,-0.23401150107383728,-0.20618386798249322,-0.05745196342468262,-0.15251541137695312,-0.1240201615606411,-0.18972599506378174,-0.16319540143013,-0.1657760017429455,-0.27338212728500366,-0.17422837018966675,-0.18419257037983972,-0.3380771279335022,-0.17969238758087158,-0.20249748461590844,-0.05291092395782471,-0.0698804259300232,-0.1343600624118908,-0.17674040794372559,-0.05891948938369751,-0.16434379153596002,-0.1639082431793213,-0.057021915912628174,-0.1525785648141964,-0.1312178373336792,-0.06287240982055664,-0.14537950091706353,-0.057868897914886475,0.0063988566398620605,-0.14477996759759026,-0.15761077404022217,0.0052613019943237305,-0.16866573922978478,-0.1508445143699646,0.0007025599479675293,-0.15684677892075616,-0.12058430910110474,-0.011327683925628662,-0.147639604738818
H,0.0,0.0,0.0,-0.030731141567230225,-0.09882259368896484,-0.014111866156221176,-0.10212290287017822,-0.14523738622665405,-0.04994608639425113,-0.18197113275527954,-0.11934804916381836,-0.08304507462924793,-0.23693490028381348,-0.09526336193084717,-0.12167823492235019,-0.07322651147842407,-0.2224079668521881,-0.10762282638496234,-0.18000251054763794,-0.23394829034805298,-0.15199561594671085,-0.25149160623550415,-0.2362813651561737,-0.17994703530019596,-0.30887681245803833,-0.2382661998271942,-0.19960370837396457,-0.06084418296813965,-0.14945876598358154,-0.12288859664148166,-0.19264096021652222,-0.16117477416992188,-0.1648349332684882,-0.27703654766082764,-0.17545142769813538,-0.182097719895304,-0.34189552068710327,-0.18330460786819458,-0.19850666998571231,-0.05688208341598511,-0.06642144918441772,-0.13281312762445285,-0.1774342656135559,-0.06104952096939087,-0.1630344110602744,-0.16685843467712402,-0.06294745206832886,-0.15045298813527896,-0.13770902156829834,-0.06992948055267334,-0.14140206752961948,-0.060838162899017334,0.00818789005279541,-0.14258454917615726,-0.15997105836868286,0.00018870830535888672,-0.1639070230597861,-0.15879696607589722,-0.011098802089691162,-0.14978720425313785,-0.13429254293441772,-0.02709329128265381,-0.13841352044290378
H,0.0,0.0,0.0,-0.02795475721359253,-0.09868526458740234,-0.013266811475193485,-0.10057735443115234,-0.14701497554779053,-0.048848650746083244,-0.18262982368469238,-0.11836868524551392,-0.08203380122039317,-0.23840779066085815,-0.09168696403503418,-0.12077340795848368,-0.07399237155914307,-0.2256183922290802,-0.10546784415099619,-0.18581396341323853,-0.23450088500976562,-0.14804696603868006,-0.25731539726257324,-0.23377838730812073,-0.1752791808471441,-0.31442734599113464,-0.23419088125228882,-0.1954876886234045,-0.06292861700057983,-0.1531829833984375,-0.1215101437196493,-0.19984441995620728,-0.16510123014450073,-0.1618384079560995,-0.28292667865753174,-0.17657876014709473,-0.17967052324864863,-0.3476434051990509,-0.181532621383667,-0.19761667712781428,-0.05945616960525513,-0.06904059648513794,-0.13192601069066523,-0.18233901262283325,-0.06393373012542725,-0.16034121378514765,-0.16308152675628662,-0.06378233432769775,-0.14604451819512843,-0.12930727005004883,-0.06798297166824341,-0.13703444167230128,-0.06305301189422607,0.006932675838470459,-0.14222520156953333,-0.1622246503829956,-0.0018663406372070312,-0.16275791390988825,-0.1520698070526123,-0.007466614246368408,-0.1471652494296789,-0.12262099981307983,-0.01690119504928589,-0.13559923633191584
H,0.0,0.0,0.0,-0.03241074085235596,-0.10479027032852173,-0.01263682586606052,-0.10603797435760498,-0.14765048027038574,-0.051699393852608466,-0.18900066614151,-0.11091303825378418,-0.08796260641421583,-0.24342817068099976,-0.0737181305885315,-0.130619005723851,-0.08192199468612671,-0.21270912885665894,-0.11966055767144468,-0.20031017065048218,-0.21468248963356018,-0.16294355825986173,-0.273942768573761,-0.21057724952697754,-0.18882772461976316,-0.33263182640075684,-0.2080773413181305,-0.20795953409280088,-0.07102090120315552,-0.13328015804290771,-0.1355163170536926,-0.21133971214294434,-0.13944828510284424,-0.17911341921891477,-0.29711535573005676,-0.15112197399139404,-0.1955918981274536,-0.36330899596214294,-0.1529485583305359,-0.21226325766648557,-0.06842058897018433,-0.04445010423660278,-0.14415608481969144,-0.1873193383216858,-0.045339345932006836,-0.17214767770375516,-0.1678004264831543,-0.05526936054229736,-0.15480652587022092,-0.13484805822372437,-0.0649225115776062,-0.14408943192567136,-0.07246142625808716,0.03160148859024048,-0.1523634655913284,-0.17028939723968506,0.019303500652313232,-0.17139592902268674,-0.16162461042404175,0.003986954689025879,-0.15364293889607694,-0.13418352603912354,-0.013490438461303711,-0.14083530144299772
H,0.0,0.0,0.0,-0.031358957290649414,-0.10569697618484497,-0.017801803554093,-0.10895073413848877,-0.1460288166999817,-0.05860815478364145,-0.1975141167640686,-0.10103875398635864,-0.09466808942953264,-0.25322988629341125,-0.05725342035293579,-0.13691050467888033,-0.07626456022262573,-0.2077811360359192,-0.12788952050605928,-0.19167673587799072,-0.20767107605934143,-0.17182402966419374,-0.2662290632724762,-0.20280632376670837,-0.196436054090654,-0.3271217942237854,-0.20028042793273926,-0.21369225440422213,-0.06522214412689209,-0.12440633773803711,-0.14053674695888674,-0.20446830987930298,-0.13326585292816162,-0.1843879586259476,-0.29395341873168945,-0.14075088500976562,-0.2003393983642212,-0.36176612973213196,-0.14023590087890625,-0.21599741933742678,-0.06372600793838501,-0.037747323513031006,-0.145819074491655,-0.19263839721679688,-0.04112124443054199,-0.17711379287639772,-0.178585946559906,-0.051538288593292236,-0.1624537920753113,-0.14619237184524536,-0.05808842182159424,-0.15184345004955446,-0.07228565216064453,0.03831946849822998,-0.150625324825441,-0.1767081618309021,0.020779073238372803,-0.17278318760791933,-0.1709997057914734,0.004152119159698486,-0.15809283314148104,-0.1420484185218811,-0.010710716247558594,-0.14651868400970613
H,0.0,0.0,0.0,-0.03250861167907715,-0.10439687967300415,-0.017193235602320556,-0.10824704170227051,-0.1462346911430359,-0.0562335887514962,-0.18796271085739136,-0.10379105806350708,-0.09168495624894035,-0.23753845691680908,-0.05860525369644165,-0.13357928782338035,-0.08247458934783936,-0.20176661014556885,-0.11698039263123405,-0.20306742191314697,-0.19812697172164917,-0.1590569952093972,-0.27795088291168213,-0.19021505117416382,-0.18239893406266106,-0.33586734533309937,-0.1827472448348999,-0.19757073014611137,-0.06783664226531982,-0.11915260553359985,-0.1298083254658593,-0.2097046971321106,-0.11888539791107178,-0.17135392516487968,-0.30047109723091125,-0.12641221284866333,-0.18565965085858238,-0.36762362718582153,-0.12547272443771362,-0.1985995212160958,-0.062470436096191406,-0.030462980270385742,-0.13643196612233055,-0.18848317861557007,-0.029583334922790527,-0.1690357813202752,-0.18109166622161865,-0.0454140305519104,-0.15640303879612816,-0.15331393480300903,-0.056683242321014404,-0.1450768002831353,-0.06903183460235596,0.047048985958099365,-0.14234656482571495,-0.17329716682434082,0.0342370867729187,-0.16636851817006004,-0.16818982362747192,0.014280974864959717,-0.1517461278998269,-0.13885295391082764,-0.0033626556396484375,-0.13857140034073723
H,0.0,0.0,0.0,-0.030833005905151367,-0.10591733455657959,-0.015585133990498434,-0.11045652627944946,-0.14425504207611084,-0.05612006429419125,-0.19799655675888062,-0.09442198276519775,-0.09203685838565434,-0.253946989774704,-0.04864245653152466,-0.13442093897447194,-0.08640694618225098,-0.20281314849853516,-0.12849631178960408,-0.21094125509262085,-0.19520285725593567,-0.1699899660407027,-0.2864716053009033,-0.18212467432022095,-0.19369363058194722,-0.34588101506233215,-0.1730939745903015,-0.21066478658303822,-0.07421141862869263,-0.11617588996887207,-0.1406073944626769,-0.21706360578536987,-0.11639434099197388,-0.1824379937706908,-0.30929023027420044,-0.12124490737915039,-0.19852552581414784,-0.378597617149353,-0.1174931526184082,-0.21515921521768178,-0.0710344910621643,-0.02499210834503174,-0.14450310934171284,-0.1977219581604004,-0.029004395008087158,-0.17214361596688832,-0.1809036135673523,-0.04295247793197632,-0.1566390173493346,-0.1462571620941162,-0.05022364854812622,-0.14657176304444874,-0.07864010334014893,0.05243128538131714,-0.1475939976035079,-0.17998236417770386,0.03485149145126343,-0.16748494673356618,-0.17138582468032837,0.016520917415618896,-0.1520342903195342,-0.14130240678787231,0.0005958080291748047,-0.14055707324132527
H,0.0,0.0,0.0,-0.03494739532470703,-0.10661858320236206,-0.014578925446372182,-0.11712288856506348,-0.14439648389816284,-0.05308935977588192,-0.2066604495048523,-0.09206253290176392,-0.0873095225549747,-0.2623533010482788,-0.04190593957901001,-0.12726223282585636,-0.08530926704406738,-0.20312365889549255,-0.12339839898119465,-0.2123655080795288,-0.19221216440200806,-0.1662016194320728,-0.28840184211730957,-0.18032336235046387,-0.1901879441000034,-0.3479410409927368,-0.171889066696167,-0.2066017668701221,-0.07465648651123047,-0.11439591646194458,-0.13644128851662174,-0.2197691798210144,-0.11450684070587158,-0.17909881286392704,-0.31212013959884644,-0.11783736944198608,-0.19427020661602512,-0.38045734167099,-0.11437904834747314,-0.20905889384518161,-0.07240420579910278,-0.023831844329833984,-0.14198362641106144,-0.2025841474533081,-0.02778172492980957,-0.17180752568016544,-0.18655061721801758,-0.042256295680999756,-0.15592461638222233,-0.1519572138786316,-0.05018937587738037,-0.1437953840948154,-0.07968288660049438,0.054485976696014404,-0.14683198742638126,-0.18408936262130737,0.035556793212890625,-0.16739451699028507,-0.17553550004959106,0.016268432140350342,-0.15151484124432102,-0.1449567675590515,0.000946044921875,-0.13877712003956333
H,0.0,0.0,0.0,-0.03517276048660278,-0.10551327466964722,-0.014615510417058886,-0.11866861581802368,-0.14016568660736084,-0.05407732521547359,-0.20610898733139038,-0.08516949415206909,-0.08917514031185192,-0.26197123527526855,-0.03436887264251709,-0.1302627751733212,-0.0893750786781311,-0.20209935307502747,-0.12636549567235988,-0.21656739711761475,-0.1897118091583252,-0.16805408691419643,-0.29308512806892395,-0.17522495985031128,-0.18986855243696255,-0.3519933223724365,-0.1648457646369934,-0.20474749599947017,-0.07462680339813232,-0.11399203538894653,-0.1396132389212994,-0.22574257850646973,-0.1087689995765686,-0.18389308249010128,-0.31777337193489075,-0.11166626214981079,-0.19867874478353542,-0.384983628988266,-0.10894519090652466,-0.21264126693262142,-0.06950873136520386,-0.022404491901397705,-0.14492977952016872,-0.20357412099838257,-0.0215110182762146,-0.17730739509119076,-0.18913137912750244,-0.037308335304260254,-0.1614792922641186,-0.15609627962112427,-0.04639554023742676,-0.14858120476259273,-0.0754132866859436,0.05678457021713257,-0.14911369775785488,-0.18471366167068481,0.042988598346710205,-0.17093848978532833,-0.17609935998916626,0.023079395294189453,-0.15399943088544887,-0.14410144090652466,0.007814168930053711,-0.1401237974072842
H,0.0,0.0,0.0,-0.0342220664024353,-0.10648149251937866,-0.016781842661572455,-0.11906450986862183,-0.14024674892425537,-0.05877921762831306,-0.20808911323547363,-0.08106648921966553,-0.09549454632170296,-0.2640225887298584,-0.02708137035369873,-0.13858465137846565,-0.09025347232818604,-0.19532334804534912,-0.1376225281036625,-0.2213262915611267,-0.18139827251434326,-0.18025855007536506,-0.2986660599708557,-0.16625338792800903,-0.20131816747553444,-0.3579815924167633,-0.15540271997451782,-0.2155033874786625,-0.07586061954498291,-0.10643279552459717,-0.14892786028750038,-0.22842741012573242,-0.100527822971344,-0.1957514512813816,-0.3224410116672516,-0.10288995504379272,-0.21013257685072517,-0.39047056436538696,-0.09821969270706177,-0.22347746076948738,-0.07170069217681885,-0.014674723148345947,-0.1513459760225544,-0.20711344480514526,-0.016736507415771484,-0.18328448417551613,-0.19398730993270874,-0.03415447473526001,-0.16461559417612648,-0.16120898723602295,-0.04398524761199951,-0.1499314683950672,-0.07867699861526489,0.06329059600830078,-0.15269271316893196,-0.18888312578201294,0.04746884107589722,-0.1730836558616886,-0.18121963739395142,0.024389028549194336,-0.1542952883518467,-0.14923453330993652,0.006414353847503662,-0.13926819744474983
H,0.0,0.0,0.0,-0.038659512996673584,-0.10443395376205444,-0.01730388534276983,-0.12341445684432983,-0.13735705614089966,-0.05966134314446947,-0.2134825587272644,-0.0795850157737732,-0.09690681790023348,-0.27125096321105957,-0.028286874294281006,-0.1397098297348549,-0.09014695882797241,-0.19622668623924255,-0.1360203916302254,-0.22329866886138916,-0.18291306495666504,-0.18233582322507402,-0.3016289472579956,-0.16762644052505493,-0.2068654740324547,-0.36118143796920776,-0.1559363603591919,-0.22302566413789293,-0.07660353183746338,-0.10595399141311646,-0.14838188831716081,-0.23120057582855225,-0.10251963138580322,-0.19601048474221727,-0.32544875144958496,-0.10407149791717529,-0.2108899498453667,-0.39263203740119934,-0.10055685043334961,-0.22480970566182634,-0.07254374027252197,-0.013561844825744629,-0.15271753017812273,-0.21315431594848633,-0.014816045761108398,-0.18537446801572344,-0.19866836071014404,-0.03135496377944946,-0.16597230677514574,-0.16275882720947266,-0.040526628494262695,-0.15077918713002703,-0.07952743768692017,0.0665774941444397,-0.15650653784184954,-0.19168710708618164,0.04881584644317627,-0.17853507344632646,-0.185499370098114,0.02657616138458252,-0.16055777614026567,-0.15440082550048828,0.009548366069793701,-0.1458836043348839
H,0.0,0.0,0.0,-0.036242127418518066,-0.10486364364624023,-0.014589149711341065,-0.12185078859329224,-0.1394113302230835,-0.055916875807255906,-0.21343207359313965,-0.07892853021621704,-0.09276947399756352,-0.2706584930419922,-0.025435984134674072,-0.1351300778069202,-0.09215420484542847,-0.20171695947647095,-0.1329512598194782,-0.22524073719978333,-0.18738484382629395,-0.17689864358088414,-0.3026735186576843,-0.1714056134223938,-0.19977425059458653,-0.36237633228302,-0.1600744128227234,-0.2156011166252796,-0.08010458946228027,-0.11194431781768799,-0.1466112436928455,-0.2367209792137146,-0.1059650182723999,-0.19316662868639867,-0.3294588327407837,-0.1071729063987732,-0.20848013481280248,-0.3973517417907715,-0.10289871692657471,-0.2231752427496616,-0.07640719413757324,-0.018513858318328857,-0.15165993591925542,-0.21453756093978882,-0.019001483917236328,-0.1828966738857929,-0.1931525468826294,-0.035794854164123535,-0.16299285015246312,-0.15608960390090942,-0.0437244176864624,-0.14803828319689671,-0.08234453201293945,0.062200069427490234,-0.15587386509558598,-0.19123154878616333,0.04449361562728882,-0.17617273351332585,-0.1792541742324829,0.02407008409500122,-0.15691594800135533,-0.14722996950149536,0.010294020175933838,-0.14186500033518712
H,0.0,0.0,0.0,-0.04095196723937988,-0.10314363241195679,-0.015789380894204896,-0.12759870290756226,-0.13359999656677246,-0.05703807495643787,-0.2182636260986328,-0.07342177629470825,-0.09402245901634387,-0.2768175005912781,-0.020578622817993164,-0.13670139633228473,-0.09803569316864014,-0.19647091627120972,-0.1291381927590578,-0.23043176531791687,-0.17992419004440308,-0.17460801325847797,-0.30983346700668335,-0.16340678930282593,-0.19958478830864124,-0.370700478553772,-0.15116596221923828,-0.2165010335307329,-0.08557826280593872,-0.10809117555618286,-0.14281024657299213,-0.23874172568321228,-0.09872490167617798,-0.18905372046043567,-0.3341769874095917,-0.09783077239990234,-0.20522994421531848,-0.4042905569076538,-0.0915600061416626,-0.2205134245019167,-0.08066654205322266,-0.016390621662139893,-0.14878951631595783,-0.21870118379592896,-0.009235799312591553,-0.1807647409301012,-0.20113003253936768,-0.025931239128112793,-0.16394995771457843,-0.16501694917678833,-0.03684777021408081,-0.15111292027046375,-0.08532941341400146,0.06461071968078613,-0.15415999911834888,-0.1957939863204956,0.05643665790557861,-0.17574524007847003,-0.18693965673446655,0.03387176990509033,-0.15907128773739032,-0.15530508756637573,0.014144539833068848,-0.14578900359680347
H,0.0,0.0,0.0,-0.04155147075653076,-0.09965682029724121,-0.01475289452339723,-0.12784302234649658,-0.1285991072654724,-0.05481917492564037,-0.2182132601737976,-0.06735700368881226,-0.09109884581978633,-0.2757630944252014,-0.01594841480255127,-0.13281940750296428,-0.09966164827346802,-0.19594445824623108,-0.126058780471638,-0.2311078906059265,-0.17955034971237183,-0.16932842961962535,-0.30816683173179626,-0.16169148683547974,-0.1921886437338145,-0.3681500554084778,-0.14925962686538696,-0.20777425996477916,-0.087535560131073,-0.10838782787322998,-0.14037694863493755,-0.24144262075424194,-0.09766465425491333,-0.1852776490848811,-0.3354976177215576,-0.0962517261505127,-0.2016868673961909,-0.4066627621650696,-0.08999514579772949,-0.21709104708845928,-0.08235502243041992,-0.017009079456329346,-0.1467983656328471,-0.22089117765426636,-0.00826871395111084,-0.17907781235392406,-0.19970232248306274,-0.027320444583892822,-0.16343463293726757,-0.1637670397758484,-0.03828233480453491,-0.15117441944296672,-0.08702981472015381,0.06488847732543945,-0.15236619941408946,-0.19576746225357056,0.05774569511413574,-0.17463662556822612,-0.18334275484085083,0.03579890727996826,-0.15856304101164653,-0.15147489309310913,0.01861751079559326,-0.1456183277767451
H,0.0,0.0,0.0,-0.04636943340301514,-0.10383176803588867,-0.015250508982973088,-0.13413697481155396,-0.13351976871490479,-0.05692064234270333,-0.22307416796684265,-0.07298427820205688,-0.09431827285541772,-0.2787134051322937,-0.01972895860671997,-0.13681032725824593,-0.09735143184661865,-0.20302194356918335,-0.132690305199759,-0.22963270545005798,-0.1838780641555786,-0.18000211783899545,-0.30855512619018555,-0.164808988571167,-0.20499602922453164,-0.3696346879005432,-0.15088891983032227,-0.22143341073049783,-0.08208715915679932,-0.11197155714035034,-0.14713993140711068,-0.23991483449935913,-0.09879589080810547,-0.19607549377931832,-0.33708620071411133,-0.09683495759963989,-0.21233085760130166,-0.40790286660194397,-0.09196853637695312,-0.22687754997267007,-0.07603955268859863,-0.01705533266067505,-0.1536113268996644,-0.2211255133152008,-0.011889338493347168,-0.18853766688360452,-0.20614629983901978,-0.03222823143005371,-0.17010151812090157,-0.1716064214706421,-0.044437289237976074,-0.1546169019605088,-0.08063894510269165,0.06684219837188721,-0.15933606990827798,-0.1929692029953003,0.05371904373168945,-0.1827921963597703,-0.18899208307266235,0.028340637683868408,-0.16557521590246438,-0.1621164083480835,0.007544398307800293,-0.15092779168142556
H,0.0,0.0,0.0,-0.04711097478866577,-0.10274821519851685,-0.014589149528461576,-0.13670223951339722,-0.1326894760131836,-0.05636131579549897,-0.22744974493980408,-0.07115012407302856,-0.09432779441149819,-0.2845330834388733,-0.017269492149353027,-0.1379255447772323,-0.10590106248855591,-0.20109781622886658,-0.13010343352826226,-0.23601356148719788,-0.18126899003982544,-0.17780292967827904,-0.3154006004333496,-0.1633690595626831,-0.2045940701154052,-0.37704116106033325,-0.14912688732147217,-0.22281565705807793,-0.08979213237762451,-0.11040574312210083,-0.1455139909175216,-0.24464267492294312,-0.09901988506317139,-0.19533088246853936,-0.34201449155807495,-0.09821522235870361,-0.21334666947396386,-0.4130837023258209,-0.09208762645721436,-0.22947430054219353,-0.08159410953521729,-0.01473546028137207,-0.15300428310902703,-0.22307711839675903,-0.010369956493377686,-0.18788292447598565,-0.20473891496658325,-0.0287286639213562,-0.16905766169102776,-0.16789603233337402,-0.04026806354522705,-0.15382655898602593,-0.08371144533157349,0.06995606422424316,-0.15980137328179467,-0.19550162553787231,0.057878196239471436,-0.1832663808253585,-0.18850737810134888,0.03400009870529175,-0.1651999894765197,-0.15913474559783936,0.013455986976623535,-0.15021772126229394
H,0.0,0.0,0.0,-0.047914206981658936,-0.10241574048995972,-0.010909995304018594,-0.13833940029144287,-0.1315210461616516,-0.04924331536290083,-0.22939735651016235,-0.07207190990447998,-0.08472754737135801,-0.2860739827156067,-0.01989513635635376,-0.12546280702349577,-0.10595142841339111,-0.20157131552696228,-0.12110425462719832,-0.236860990524292,-0.18146073818206787,-0.16562006553408537,-0.3154596984386444,-0.1615317463874817,-0.19009595295187864,-0.3776896595954895,-0.14716356992721558,-0.20697238227126036,-0.09136468172073364,-0.11061716079711914,-0.13847523113486204,-0.24817314743995667,-0.09757119417190552,-0.18300368567702208,-0.3455171585083008,-0.09332698583602905,-0.19976983150240812,-0.4185192584991455,-0.08543616533279419,-0.2157686122297946,-0.08364760875701904,-0.015225350856781006,-0.14810974081751738,-0.22581622004508972,-0.004089772701263428,-0.18082674523589048,-0.20528501272201538,-0.02318131923675537,-0.16435699840781126,-0.1686456799507141,-0.03536832332611084,-0.15122615476843748,-0.08517158031463623,0.06999152898788452,-0.15674889763590727,-0.19571179151535034,0.06223630905151367,-0.18016371806857023,-0.18726223707199097,0.03951519727706909,-0.16402592440840635,-0.15925252437591553,0.02088254690170288,-0.15063615819212828
H,0.0,0.0,0.0,-0.0485227108001709,-0.10454750061035156,-0.013891616599636336,-0.14061671495437622,-0.13467973470687866,-0.05389156448282506,-0.23193052411079407,-0.0746990442276001,-0.0906578924004009,-0.28692561388015747,-0.01999044418334961,-0.13258099811710622,-0.10637235641479492,-0.20478063821792603,-0.1254341180864742,-0.23755481839179993,-0.18406164646148682,-0.171030747467654,-0.3168376386165619,-0.16361600160598755,-0.19524486618675496,-0.3795838952064514,-0.15076732635498047,-0.21189321833290364,-0.09292149543762207,-0.11350059509277344,-0.14211808400787618,-0.25167229771614075,-0.09921759366989136,-0.18851822870411183,-0.3496348261833191,-0.09619784355163574,-0.20534749584831502,-0.4227888286113739,-0.08970922231674194,-0.2209505166355541,-0.08563262224197388,-0.016285479068756104,-0.15111378091015126,-0.22933423519134521,-0.007036805152893066,-0.1856925215069225,-0.20790651440620422,-0.02747046947479248,-0.16825913148559835,-0.17013192176818848,-0.038266777992248535,-0.1536762292925289,-0.08702528476715088,0.0705992579460144,-0.1593733008448055,-0.20034313201904297,0.059189796447753906,-0.18398536997474935,-0.19131547212600708,0.035817861557006836,-0.16712342458404805,-0.16134417057037354,0.01990664005279541,-0.15266119199432637
H,0.0,0.0,0.0,-0.04638171195983887,-0.10288161039352417,-0.014178140976042641,-0.13603675365447998,-0.13645321130752563,-0.05586097291907777,-0.22908106446266174,-0.08092367649078369,-0.09475139803490151,-0.28525641560554504,-0.02819955348968506,-0.13834900683960427,-0.1059982180595398,-0.20897933840751648,-0.12604859001240243,-0.23876029253005981,-0.191331684589386,-0.1746750128944825,-0.3183446526527405,-0.17320024967193604,-0.20137556917271127,-0.3813891112804413,-0.16135025024414062,-0.21988132125935067,-0.09302204847335815,-0.11912304162979126,-0.14405126399597634,-0.25418585538864136,-0.10540258884429932,-0.19341049618324746,-0.35170090198516846,-0.10387974977493286,-0.21163731343349923,-0.42433497309684753,-0.09953951835632324,-0.22821686691841592,-0.08578634262084961,-0.021313488483428955,-0.15463375575146188,-0.22931313514709473,-0.011527657508850098,-0.19024756080708016,-0.20446044206619263,-0.030360102653503418,-0.16975721246799935,-0.16591620445251465,-0.0407291054725647,-0.15310111171802987,-0.0866813063621521,0.06605428457260132,-0.16490637785992135,-0.19847244024276733,0.05343770980834961,-0.19005964226326455,-0.18811172246932983,0.03142833709716797,-0.17156108743748177,-0.15996599197387695,0.016037940979003906,-0.15585891432365884
H,0.0,0.0,0.0,-0.0451045036315918,-0.10704642534255981,-0.014525885335615385,-0.13679850101470947,-0.1393246054649353,-0.05558887553911518,-0.2287173867225647,-0.08120548725128174,-0.09343890903096508,-0.2836945056915283,-0.02245354652404785,-0.13669159320693325,-0.1053202748298645,-0.2110919952392578,-0.12735713330607723,-0.23877891898155212,-0.19300642609596252,-0.17384166327815365,-0.3179316520690918,-0.17701104283332825,-0.19934751895766567,-0.38128286600112915,-0.16726848483085632,-0.21731134561400722,-0.09096705913543701,-0.1200440526008606,-0.14445536640982937,-0.25351011753082275,-0.10676532983779907,-0.1909590145717175,-0.35109856724739075,-0.10554325580596924,-0.2075125953326733,-0.42470747232437134,-0.1008405089378357,-0.22342028526168178,-0.08320224285125732,-0.022885262966156006,-0.15400401560168575,-0.22787222266197205,-0.013664007186889648,-0.18852730897765468,-0.20206555724143982,-0.03332078456878662,-0.1699466338525326,-0.1616465449333191,-0.0443575382232666,-0.1551410189042599,-0.08433562517166138,0.06382507085800171,-0.1630928298602612,-0.1985781192779541,0.05325508117675781,-0.18847271112304043,-0.18440759181976318,0.03249901533126831,-0.17096712497573208,-0.15093672275543213,0.017587125301361084,-0.15633239654403042
H,0.0,0.0,0.0,-0.04635608196258545,-0.1045493483543396,-0.012920237492465958,-0.13616591691970825,-0.1373177170753479,-0.053588596518778786,-0.22889691591262817,-0.08051174879074097,-0.09215571114017962,-0.28616172075271606,-0.02578413486480713,-0.13593802728846072,-0.10984945297241211,-0.21203607320785522,-0.12115805723860262,-0.24493348598480225,-0.19445505738258362,-0.16953460254862307,-0.3256840109825134,-0.17868217825889587,-0.197588169362092,-0.3899519443511963,-0.1672951579093933,-0.21699991204931735,-0.09536659717559814,-0.12043154239654541,-0.14031826832487582,-0.2576323449611664,-0.1085922122001648,-0.1884767500419855,-0.3562949001789093,-0.10756832361221313,-0.2072002527971506,-0.4308599531650543,-0.10239726305007935,-0.2243140427131891,-0.08723312616348267,-0.02327597141265869,-0.15252190211012362,-0.23165953159332275,-0.012054026126861572,-0.18874908366396426,-0.20483288168907166,-0.028367698192596436,-0.17087493219568728,-0.1638363003730774,-0.0382227897644043,-0.15611315646364687,-0.0880780816078186,0.06323009729385376,-0.16430930175974368,-0.20180457830429077,0.05385851860046387,-0.19011927523806094,-0.1861577033996582,0.03544652462005615,-0.1720415441055536,-0.15216755867004395,0.021881520748138428,-0.1567418364544153
H,0.0,0.0,0.0,-0.048889338970184326,-0.10555142164230347,-0.014275818198555612,-0.13766717910766602,-0.14100974798202515,-0.054462676934534215,-0.22862303256988525,-0.09038066864013672,-0.09191060259156814,-0.2861814498901367,-0.042027950286865234,-0.13414661034160247,-0.10652536153793335,-0.21628177165985107,-0.12300927384906402,-0.23925986886024475,-0.20175141096115112,-0.1749180500131189,-0.321401983499527,-0.18679335713386536,-0.20596460445933928,-0.3874732553958893,-0.17564499378204346,-0.22727947875075927,-0.09279149770736694,-0.12641984224319458,-0.14168312593513122,-0.25316596031188965,-0.11755990982055664,-0.18957815512233367,-0.352810800075531,-0.11459869146347046,-0.20798932953887572,-0.42873209714889526,-0.10781443119049072,-0.22553994699531188,-0.08521050214767456,-0.030304789543151855,-0.1540456806045114,-0.23162207007408142,-0.01652216911315918,-0.18994582637363067,-0.2057172954082489,-0.03247648477554321,-0.17235519929938903,-0.16343003511428833,-0.04428601264953613,-0.15837950452380767,-0.08633989095687866,0.05727386474609375,-0.16638414009624114,-0.19959920644760132,0.048701345920562744,-0.19432581409030547,-0.18597939610481262,0.030633866786956787,-0.17879415496402373,-0.15295195579528809,0.015629589557647705,-0.16521843715720763
H,0.0,0.0,0.0,-0.043898046016693115,-0.10613363981246948,-0.015665754063917348,-0.13358938694000244,-0.1411488652229309,-0.059141879289342114,-0.22668537497520447,-0.08344054222106934,-0.09971681734819526,-0.28295719623565674,-0.02818244695663452,-0.14628784856100197,-0.11041253805160522,-0.2186802625656128,-0.13095111152429695,-0.24663913249969482,-0.20174655318260193,-0.18081439039011116,-0.3274211287498474,-0.18721646070480347,-0.20929895838995094,-0.3908933401107788,-0.17733490467071533,-0.2292992224385273,-0.09429466724395752,-0.12920445203781128,-0.1486562987257969,-0.2579917907714844,-0.11609965562820435,-0.19916537901659126,-0.3561636209487915,-0.11462801694869995,-0.2180386980463993,-0.42996594309806824,-0.10907977819442749,-0.23556361099977607,-0.08458644151687622,-0.03220963478088379,-0.15888171395559425,-0.23129037022590637,-0.014875710010528564,-0.19473484656114692,-0.20312049984931946,-0.02901548147201538,-0.17499208947916145,-0.1608421802520752,-0.03954190015792847,-0.1597433437993061,-0.08393710851669312,0.05424070358276367,-0.16891479989786262,-0.19968751072883606,0.04787343740463257,-0.1942074050595295,-0.18236202001571655,0.03229987621307373,-0.17509018382330055,-0.14635765552520752,0.019539952278137207,-0.15946734449167366
H,0.0,0.0,0.0,-0.04322880506515503,-0.11125797033309937,-0.016224558941630107,-0.13222551345825195,-0.14970636367797852,-0.059142525784281474,-0.22596663236618042,-0.09564542770385742,-0.09911753936818002,-0.2842593193054199,-0.04541748762130737,-0.14458332910349725,-0.10540926456451416,-0.22613534331321716,-0.12900756254008172,-0.24280884861946106,-0.21532243490219116,-0.18158258452227471,-0.3258153200149536,-0.20116925239562988,-0.21235562815478204,-0.38967451453208923,-0.19008660316467285,-0.23328864528944848,-0.09124863147735596,-0.1373283863067627,-0.1465634848099029,-0.25418907403945923,-0.13047516345977783,-0.19811269595435022,-0.35396379232406616,-0.12940752506256104,-0.21790769650748132,-0.4287274181842804,-0.12371402978897095,-0.23600195302775262,-0.08346778154373169,-0.041676998138427734,-0.15721972241213678,-0.23362362384796143,-0.027369439601898193,-0.19371667458823083,-0.2062780261039734,-0.03892016410827637,-0.17432165100386499,-0.1631578803062439,-0.048506319522857666,-0.1592156286459243,-0.0841599702835083,0.04430943727493286,-0.16789245559981225,-0.20239481329917908,0.03841447830200195,-0.19303359045794366,-0.18525046110153198,0.02532374858856201,-0.1736720050792968,-0.14787107706069946,0.013195574283599854,-0.15782554402163385
H,0.0,0.0,0.0,-0.04006463289260864,-0.11056989431381226,-0.01412108161983383,-0.12985682487487793,-0.14844071865081787,-0.05355412041333807,-0.22431623935699463,-0.0979347825050354,-0.09097651665595663,-0.2849949598312378,-0.05125117301940918,-0.13382239168075216,-0.10772377252578735,-0.22312769293785095,-0.11531682585862768,-0.2444130778312683,-0.21351641416549683,-0.16442963009265554,-0.32695847749710083,-0.20194971561431885,-0.19414373760608328,-0.3913407027721405,-0.19338726997375488,-0.2144018066444744,-0.09691482782363892,-0.13475948572158813,-0.13397044961837423,-0.2578676640987396,-0.12883228063583374,-0.1785225821056713,-0.35692930221557617,-0.12892192602157593,-0.19568882410911215,-0.4328325688838959,-0.12467718124389648,-0.21227319066909445,-0.08924704790115356,-0.039831578731536865,-0.14691122894672048,-0.23177024722099304,-0.0246773362159729,-0.18169246142295492,-0.20611417293548584,-0.036047279834747314,-0.16697097843078268,-0.1639268398284912,-0.04510551691055298,-0.1551703465500225,-0.08948922157287598,0.047147929668426514,-0.1597249460735668,-0.2016216516494751,0.03964132070541382,-0.1864234757938732,-0.18551838397979736,0.027038514614105225,-0.17094806855109823,-0.1493108868598938,0.015254795551300049,-0.15769586985496176
H,0.0,0.0,0.0,-0.0403401255607605,-0.11068552732467651,-0.01786049423702707,-0.12989205121994019,-0.15166857838630676,-0.05876751026102056,-0.22594517469406128,-0.1015360951423645,-0.0963580549318408,-0.2866339087486267,-0.05722546577453613,-0.13901085561104765,-0.10154873132705688,-0.22789070010185242,-0.12341530030556669,-0.23664748668670654,-0.21963465213775635,-0.17363659447022428,-0.31944477558135986,-0.20963048934936523,-0.2031518757898425,-0.3853904604911804,-0.20355075597763062,-0.22320247596093168,-0.09023630619049072,-0.1384134292602539,-0.13993928736039152,-0.25132352113723755,-0.1344304084777832,-0.18682540362664213,-0.35250192880630493,-0.13728302717208862,-0.20520913010426511,-0.43040016293525696,-0.13499027490615845,-0.22247227435894956,-0.0840340256690979,-0.0432741641998291,-0.15033098464795103,-0.2295663058757782,-0.027810513973236084,-0.18679706161805143,-0.20452061295509338,-0.04019880294799805,-0.1713935375768756,-0.16293036937713623,-0.04921001195907593,-0.15853694980927457,-0.08664613962173462,0.04418301582336426,-0.16073500519581785,-0.20070964097976685,0.036412954330444336,-0.18816698497124662,-0.18497222661972046,0.022746622562408447,-0.17243369823285093,-0.14944100379943848,0.010689198970794678,-0.15868600612469663
H,0.0,0.0,0.0,-0.03708946704864502,-0.10795462131500244,-0.01624430942800359,-0.1253812313079834,-0.14577770233154297,-0.05887276347246484,-0.22090280055999756,-0.0955740213394165,-0.09824135194983796,-0.2829675078392029,-0.049990177154541016,-0.14362034242120103,-0.09881258010864258,-0.22227880358695984,-0.12986952106919603,-0.2366485297679901,-0.21650975942611694,-0.18178498785462693,-0.320789098739624,-0.2053547203540802,-0.21258683543172197,-0.38700878620147705,-0.19610130786895752,-0.23351579945054368,-0.08755463361740112,-0.1359696388244629,-0.1468725059505971,-0.24959683418273926,-0.1336747407913208,-0.19520622532334642,-0.35004156827926636,-0.13473832607269287,-0.21297964494195298,-0.4266548156738281,-0.12961751222610474,-0.23000904958215074,-0.08208996057510376,-0.042322397232055664,-0.1571702067133458,-0.22538787126541138,-0.03010714054107666,-0.19252859096494035,-0.20358622074127197,-0.042182981967926025,-0.1760845635410817,-0.16318142414093018,-0.050984859466552734,-0.16356964449849443,-0.08588176965713501,0.043181002140045166,-0.16728591959443406,-0.19984367489814758,0.03535735607147217,-0.19379840831723527,-0.18802335858345032,0.01982790231704712,-0.17765072028603868,-0.1534886360168457,0.004784107208251953,-0.16423396806683854
H,0.0,0.0,0.0,-0.04108518362045288,-0.10940587520599365,-0.01656171289940289,-0.12621599435806274,-0.1576879620552063,-0.059247754343942916,-0.22307997941970825,-0.11101645231246948,-0.09871147555966786,-0.28355711698532104,-0.06853002309799194,-0.1430616451587241,-0.09920525550842285,-0.23613035678863525,-0.12925542128940037,-0.23052087426185608,-0.2353954315185547,-0.18267013860602788,-0.31418269872665405,-0.23119521141052246,-0.21407883597274235,-0.3804459273815155,-0.2268725037574768,-0.2358806057061713,-0.08967936038970947,-0.14711928367614746,-0.1464604808177512,-0.25209683179855347,-0.15154710412025452,-0.19979291392226628,-0.3530219793319702,-0.1616782248020172,-0.22204146517177037,-0.4296605587005615,-0.163272887468338,-0.24164997769256047,-0.08624786138534546,-0.04884636402130127,-0.1563806159581702,-0.22909194231033325,-0.040324389934539795,-0.1927549017753165,-0.19992327690124512,-0.05111449956893921,-0.17188560200591496,-0.15757697820663452,-0.06027209758758545,-0.15536344779391698,-0.0898125171661377,0.039423346519470215,-0.16641930473704747,-0.20234224200248718,0.02620398998260498,-0.1909248156632941,-0.18422535061836243,0.012667834758758545,-0.17123902572055272,-0.14804738759994507,0.0008962154388427734,-0.1549300922240775
H,0.0,0.0,0.0,-0.04337501525878906,-0.10619324445724487,-0.01599183082052491,-0.1287115216255188,-0.15211710333824158,-0.05947918220826409,-0.22345158457756042,-0.10936582088470459,-0.10075844972797654,-0.2871015965938568,-0.07151937484741211,-0.14777817725607179,-0.09895145893096924,-0.2346951961517334,-0.1271800041145923,-0.23169568181037903,-0.2400890588760376,-0.1804874330706241,-0.3157975673675537,-0.23735663294792175,-0.21183388828703187,-0.3813626170158386,-0.2348545491695404,-0.2331581056065204,-0.08690810203552246,-0.15108337998390198,-0.14622693657346986,-0.24722301959991455,-0.15793505311012268,-0.19822574555345795,-0.34898513555526733,-0.16608530282974243,-0.21965172290273927,-0.42564061284065247,-0.16835102438926697,-0.23848744630285523,-0.0817381739616394,-0.057006239891052246,-0.1585593014902713,-0.22885572910308838,-0.04152023792266846,-0.1950307577795627,-0.20577195286750793,-0.046486616134643555,-0.17690313755937837,-0.16450703144073486,-0.05444347858428955,-0.1626402229017856,-0.08623957633972168,0.03013789653778076,-0.1709627598471286,-0.20340442657470703,0.02769768238067627,-0.19577471315332673,-0.19086503982543945,0.017616748809814453,-0.17717851101824067,-0.15520042181015015,0.00486987829208374,-0.16172327994772218
H,0.0,0.0,0.0,-0.04146075248718262,-0.10754293203353882,-0.013365514604856799,-0.12580710649490356,-0.15838778018951416,-0.05346371329437716,-0.21891045570373535,-0.12185323238372803,-0.09225033692132456,-0.2808055579662323,-0.0843319296836853,-0.136449893033614,-0.0981898307800293,-0.2446099817752838,-0.11464573166381342,-0.23083049058914185,-0.25292736291885376,-0.16542624405633433,-0.3135177791118622,-0.25399255752563477,-0.19536762408029062,-0.3784548044204712,-0.2553090453147888,-0.21575370899449808,-0.08741933107376099,-0.16279035806655884,-0.13543679288636667,-0.24882537126541138,-0.172256737947464,-0.18471299580346567,-0.34879663586616516,-0.1820189356803894,-0.2049383567930363,-0.4253998100757599,-0.1855931580066681,-0.22225405744325144,-0.08226525783538818,-0.06920170783996582,-0.15034485331784708,-0.22738951444625854,-0.055286705493927,-0.1878320472599171,-0.20249417424201965,-0.05806100368499756,-0.171933074510207,-0.16113054752349854,-0.0629509687423706,-0.1578775840164326,-0.08596312999725342,0.019314110279083252,-0.16513747445355875,-0.20357242226600647,0.012766778469085693,-0.19131789079915507,-0.1901150941848755,0.004017293453216553,-0.1738028871179722,-0.15442007780075073,-0.005690217018127441,-0.15825573078404886
H,0.0,0.0,0.0,-0.033017635345458984,-0.1104167103767395,-0.014598572419366462,-0.11637401580810547,-0.16480129957199097,-0.05559460611768685,-0.21068033576011658,-0.13059264421463013,-0.0948713438374611,-0.2751656472682953,-0.09816080331802368,-0.1399077864153,-0.09262216091156006,-0.25577107071876526,-0.11655452267952882,-0.2288006842136383,-0.26535820960998535,-0.16696895079441987,-0.31177961826324463,-0.26457035541534424,-0.19660944657155,-0.37842005491256714,-0.26313963532447815,-0.21671816127129517,-0.08438056707382202,-0.1745164394378662,-0.13703293518849335,-0.24871036410331726,-0.18474629521369934,-0.1851651163560959,-0.347348690032959,-0.19152003526687622,-0.20420792119332276,-0.42462483048439026,-0.1930466890335083,-0.22083421962090455,-0.07947993278503418,-0.08148342370986938,-0.15177747027703248,-0.22254207730293274,-0.06196099519729614,-0.18973846154042207,-0.19487836956977844,-0.06140458583831787,-0.17604185061284028,-0.15297603607177734,-0.06713676452636719,-0.16429086940117799,-0.08261233568191528,0.007398664951324463,-0.1662424744827362,-0.1962014138698578,0.006271839141845703,-0.19341633634396516,-0.1778043508529663,0.002547919750213623,-0.1763758005363556,-0.13985437154769897,-0.0073964595794677734,-0.16165531592198334
H,0.0,0.0,0.0,-0.03756076097488403,-0.11042535305023193,-0.016249163339871586,-0.12024635076522827,-0.162591814994812,-0.06132086020244998,-0.21367427706718445,-0.12986025214195251,-0.10404380064739627,-0.27598199248313904,-0.0948406457901001,-0.1535090993000452,-0.09344381093978882,-0.2581619918346405,-0.13264832299484652,-0.23081758618354797,-0.268875390291214,-0.18891539078487796,-0.31453055143356323,-0.26769453287124634,-0.2241211871458475,-0.38318920135498047,-0.26682600378990173,-0.24839955967201632,-0.07913970947265625,-0.17655730247497559,-0.15268618267311496,-0.24453204870224,-0.18566226959228516,-0.20672755342258853,-0.34587645530700684,-0.19560691714286804,-0.22942607503666324,-0.4249044954776764,-0.2000456154346466,-0.24962267678512973,-0.0713580846786499,-0.08158701658248901,-0.16592066388859195,-0.2203940749168396,-0.06474745273590088,-0.20417538684143466,-0.20000651478767395,-0.06433302164077759,-0.18924206894173068,-0.15995091199874878,-0.07112669944763184,-0.1781365017248575,-0.07392138242721558,0.006120800971984863,-0.17908688288463992,-0.19265863299369812,0.004706621170043945,-0.2056917439056818,-0.1817057728767395,-0.0007497668266296387,-0.18814327221645755,-0.14528429508209229,-0.014685988426208496,-0.17388864260448855
H,0.0,0.0,0.0,-0.03846001625061035,-0.11058205366134644,-0.01672766105908252,-0.12116152048110962,-0.16046631336212158,-0.06307563492733337,-0.21287724375724792,-0.12768301367759705,-0.10705910185057022,-0.27571243047714233,-0.09690225124359131,-0.1577412963815341,-0.092792809009552,-0.25637462735176086,-0.13684365460354186,-0.23427501320838928,-0.27127450704574585,-0.1978593648381839,-0.32003965973854065,-0.273797869682312,-0.23769755968529083,-0.3912282884120941,-0.2730761170387268,-0.2650368393369327,-0.07852929830551147,-0.17573362588882446,-0.1573479951329837,-0.2411351501941681,-0.1884842813014984,-0.21433879742103912,-0.3442433476448059,-0.19944292306900024,-0.23899418422657348,-0.42661330103874207,-0.20273926854133606,-0.2612509013124118,-0.0712813138961792,-0.08076924085617065,-0.17130634495693542,-0.219882994890213,-0.06210523843765259,-0.20973134347874023,-0.1983373463153839,-0.06029963493347168,-0.19382074782329894,-0.15671855211257935,-0.06780445575714111,-0.18311922559219695,-0.07414329051971436,0.006755709648132324,-0.18559308657127715,-0.19347518682479858,0.006714582443237305,-0.21223426172214843,-0.18237876892089844,0.002171754837036133,-0.19445626744705535,-0.14536786079406738,-0.012584030628204346,-0.18078679153400756
H,0.0,0.0,0.0,-0.03284263610839844,-0.11416208744049072,-0.01626914288892678,-0.11419689655303955,-0.16364315152168274,-0.061569373272799766,-0.20752573013305664,-0.1307266652584076,-0.10419341098561219,-0.27365630865097046,-0.10027426481246948,-0.1531036041308873,-0.09304732084274292,-0.25856533646583557,-0.13346132557883195,-0.23211371898651123,-0.27313169836997986,-0.19295045655264786,-0.31711387634277344,-0.2759680151939392,-0.23254042785658768,-0.3886757493019104,-0.27665290236473083,-0.2600750319291585,-0.08135342597961426,-0.1760980784893036,-0.15303204875483445,-0.2456035017967224,-0.1889268457889557,-0.20826686840548447,-0.3473876714706421,-0.20077276229858398,-0.23292803686156205,-0.4278019368648529,-0.20558300614356995,-0.2557892791558736,-0.07584786415100098,-0.08039391040802002,-0.16598632853522233,-0.22123032808303833,-0.06335568428039551,-0.20210117023482255,-0.19847270846366882,-0.06112796068191528,-0.18536524396433762,-0.15737634897232056,-0.06886649131774902,-0.17474900107874802,-0.0793459415435791,0.0071027278900146484,-0.17931567054285935,-0.19605815410614014,0.007384777069091797,-0.20331041436686448,-0.18269240856170654,0.004164636135101318,-0.18424384217753342,-0.14530175924301147,-0.009201586246490479,-0.17019554894461564
H,0.0,0.0,0.0,-0.03305548429489136,-0.11430895328521729,-0.016535969556780827,-0.11456155776977539,-0.16579708456993103,-0.0623171218796692,-0.20979547500610352,-0.13244414329528809,-0.10540342714032747,-0.27629396319389343,-0.10331577062606812,-0.1546487921043358,-0.09127253293991089,-0.26040318608283997,-0.13502636189899064,-0.23074832558631897,-0.2744098901748657,-0.19470761354407884,-0.3163306713104248,-0.27756160497665405,-0.23357125754794694,-0.38854730129241943,-0.2779846489429474,-0.2606176548763237,-0.0813102126121521,-0.17806902527809143,-0.1545928382440529,-0.24477291107177734,-0.1922743320465088,-0.2111194097562752,-0.3478114604949951,-0.20416250824928284,-0.235877376155468,-0.42938634753227234,-0.20787596702575684,-0.25850025947532274,-0.07708632946014404,-0.0821334719657898,-0.16733286912879564,-0.22183170914649963,-0.06619322299957275,-0.2045593374534569,-0.19713786244392395,-0.06505167484283447,-0.1869283878370247,-0.15490901470184326,-0.07366907596588135,-0.17534608777007676,-0.0815611481666565,0.006181180477142334,-0.18038634593925096,-0.1963658332824707,0.005592763423919678,-0.20502283807239152,-0.18079602718353271,0.0017101168632507324,-0.18550027544936754,-0.14228034019470215,-0.012989282608032227,-0.17097553248843766
H,0.0,0.0,0.0,-0.03844106197357178,-0.11075368523597717,-0.015617655667469421,-0.1214599609375,-0.1600792407989502,-0.061693834218189636,-0.21532300114631653,-0.12460392713546753,-0.10515939638297311,-0.28064069151878357,-0.09444457292556763,-0.15493736610095254,-0.09264087677001953,-0.25877732038497925,-0.13653720364253275,-0.23195847868919373,-0.27071863412857056,-0.19656532451789133,-0.31698429584503174,-0.27316510677337646,-0.23568035111109964,-0.38839784264564514,-0.27279672026634216,-0.2631605808464741,-0.07810992002487183,-0.17594900727272034,-0.15744971677939645,-0.24314507842063904,-0.18810725212097168,-0.21409958049933664,-0.3453131318092346,-0.1984965205192566,-0.23856610998790018,-0.4265078604221344,-0.20160025358200073,-0.2612466757027363,-0.07109665870666504,-0.07946902513504028,-0.17153380260150186,-0.2211955189704895,-0.06000298261642456,-0.20893091902415506,-0.19930535554885864,-0.058733463287353516,-0.19119877562205545,-0.15799236297607422,-0.06876718997955322,-0.1798533891169285,-0.07393419742584229,0.008619308471679688,-0.18584484800975076,-0.19434607028961182,0.01061701774597168,-0.21141297564189188,-0.18325579166412354,0.0055315494537353516,-0.1927095000473713,-0.14670515060424805,-0.011236250400543213,-0.17888913497607462
H,0.0,0.0,0.0,-0.035913825035095215,-0.11133205890655518,-0.014662675448654738,-0.11797541379928589,-0.1591997742652893,-0.061155171954034415,-0.21172818541526794,-0.1214781105518341,-0.10537070583641395,-0.27769795060157776,-0.08714032173156738,-0.1561152840787159,-0.0925140380859375,-0.25524941086769104,-0.1377129311496006,-0.2344670295715332,-0.2681025564670563,-0.19759268116295203,-0.3192407488822937,-0.2707146108150482,-0.23582172941505775,-0.3912097215652466,-0.2715302109718323,-0.2629696781569706,-0.07991909980773926,-0.17207619547843933,-0.1593113894397007,-0.24978500604629517,-0.182725727558136,-0.21710403811275825,-0.35046786069869995,-0.1937340795993805,-0.24008893024265632,-0.4295850098133087,-0.19781097769737244,-0.2612796182566868,-0.07379919290542603,-0.07339012622833252,-0.17392986070453986,-0.22069686651229858,-0.05566239356994629,-0.212131729238628,-0.1954701542854309,-0.058224499225616455,-0.19269720267593726,-0.15279310941696167,-0.06935149431228638,-0.17984715651810035,-0.07644480466842651,0.016634762287139893,-0.18867379974663123,-0.19370561838150024,0.015407979488372803,-0.21575253259479865,-0.1782679557800293,0.008024215698242188,-0.1962141300374256,-0.1393946409225464,-0.008330047130584717,-0.18138249766170844
H,0.0,0.0,0.0,-0.033843815326690674,-0.11548012495040894,-0.016456282290107538,-0.11590147018432617,-0.16568565368652344,-0.06416933663416557,-0.21379676461219788,-0.1260789930820465,-0.108760316448695,-0.2822960913181305,-0.0879126787185669,-0.15987367607880287,-0.09132862091064453,-0.2566254436969757,-0.14325235463905983,-0.23312628269195557,-0.2683926224708557,-0.20264123060036354,-0.3189299702644348,-0.26964446902275085,-0.24078963376808815,-0.3913272023200989,-0.27030155062675476,-0.26793916203308754,-0.07956331968307495,-0.16942045092582703,-0.16260265983868294,-0.24859139323234558,-0.18016207218170166,-0.22023717738915138,-0.3504630923271179,-0.19284674525260925,-0.2437383351497715,-0.42932331562042236,-0.19702833890914917,-0.2658218858413761,-0.07516932487487793,-0.06968200206756592,-0.17423931934166603,-0.22281301021575928,-0.058035969734191895,-0.21042434551048927,-0.19959449768066406,-0.061981379985809326,-0.18925241805840187,-0.15810900926589966,-0.07087498903274536,-0.17566010035801582,-0.08009284734725952,0.018980681896209717,-0.18617182649899178,-0.19817155599594116,0.011334002017974854,-0.21002697624493294,-0.18507370352745056,0.002972900867462158,-0.18840834178257637,-0.14701992273330688,-0.011555075645446777,-0.17248814977932625
H,0.0,0.0,0.0,-0.036046385765075684,-0.1168329119682312,-0.015158123438723692,-0.11757558584213257,-0.16563424468040466,-0.06389475903428377,-0.21244391798973083,-0.12741419672966003,-0.1100844918838817,-0.2801247537136078,-0.09307670593261719,-0.16261142781890214,-0.09040844440460205,-0.2626613974571228,-0.14276357284701646,-0.2329227328300476,-0.2743048369884491,-0.205333951031335,-0.32028862833976746,-0.27605175971984863,-0.24672849765933336,-0.39317411184310913,-0.2754662334918976,-0.27578054658091844,-0.07667207717895508,-0.17545032501220703,-0.16401601127303422,-0.24668648838996887,-0.18669220805168152,-0.22341993740714372,-0.35117048025131226,-0.1979295015335083,-0.2484902023426372,-0.4313267469406128,-0.2014821469783783,-0.27179189315951646,-0.07084250450134277,-0.07521677017211914,-0.1777637629858333,-0.2233411967754364,-0.06260871887207031,-0.21433022907889665,-0.2016277015209198,-0.06397855281829834,-0.19269334069407762,-0.15865975618362427,-0.07286083698272705,-0.17907339624083818,-0.07488876581192017,0.014346003532409668,-0.19194250098384202,-0.19601935148239136,0.010343432426452637,-0.21558240345633806,-0.18449047207832336,0.003953337669372559,-0.19343191674865068,-0.14609253406524658,-0.012119412422180176,-0.17721426776564897
H,0.0,0.0,0.0,-0.03717505931854248,-0.1145639419555664,-0.014147465906976464,-0.11716550588607788,-0.16219079494476318,-0.062420433245538476,-0.21059349179267883,-0.12377160787582397,-0.10829284214222312,-0.277586966753006,-0.0919460654258728,-0.16024775975191474,-0.08966636657714844,-0.2630457580089569,-0.14172050528967262,-0.23459061980247498,-0.27783095836639404,-0.20434802942716956,-0.32219409942626953,-0.2816374897956848,-0.2457099276109922,-0.3952986001968384,-0.2832353115081787,-0.2748777436538923,-0.07369720935821533,-0.17796891927719116,-0.16359688513719917,-0.24321922659873962,-0.18880555033683777,-0.22428430788957954,-0.3466421365737915,-0.1998743712902069,-0.24909755759680152,-0.42650672793388367,-0.2034984827041626,-0.27173622124636054,-0.06587743759155273,-0.078701913356781,-0.1780936139150846,-0.21719908714294434,-0.0628475546836853,-0.21603852682554603,-0.19780415296554565,-0.062855064868927,-0.19463960998499275,-0.15699422359466553,-0.07286286354064941,-0.1809329556747663,-0.0681871771812439,0.009427011013031006,-0.19288195841753364,-0.18853169679641724,0.008337676525115967,-0.21762393587076545,-0.17882707715034485,0.003282487392425537,-0.195439236096977,-0.14200341701507568,-0.013081789016723633,-0.17894491725408912
