label,x0,y0,z0,x1,y1,z1,x2,y2,z2,x3,y3,z3,x4,y4,z4,x5,y5,z5,x6,y6,z6,x7,y7,z7,x8,y8,z8,x9,y9,z9,x10,y10,z10,x11,y11,z11,x12,y12,z12,x13,y13,z13,x14,y14,z14,x15,y15,z15,x16,y16,z16,x17,y17,z17,x18,y18,z18,x19,y19,z19,x20,y20,z20
I,0.0,0.0,0.0,-0.0604400634765625,-0.043664753437042236,-0.021166931312592396,-0.10208064317703247,-0.11964523792266846,-0.03557422890892781,-0.09459048509597778,-0.20467710494995117,-0.05249827116361416,-0.0468597412109375,-0.25001341104507446,-0.06269476323953427,-0.09869948029518127,-0.21671265363693237,0.005334171060411563,-0.110720694065094,-0.29332107305526733,-0.027757550995858082,-0.09553030133247375,-0.23740500211715698,-0.04705551772943295,-0.0844012200832367,-0.19469767808914185,-0.05369778111210621,-0.05474469065666199,-0.23489856719970703,0.0042484836316987185,-0.06301882863044739,-0.3135579824447632,-0.03234918549290455,-0.05351409316062927,-0.24426579475402832,-0.04606375231972493,-0.048893749713897705,-0.2038959264755249,-0.04595296218624867,-0.010605037212371826,-0.24228405952453613,-0.0029995291829720827,-0.014925241470336914,-0.3207300305366516,-0.03625698521366871,-0.019695162773132324,-0.24684923887252808,-0.032986418750198254,-0.02166074514389038,-0.18784022331237793,-0.01948625541857041,0.03422480821609497,-0.23962169885635376,-0.01265698525688208,0.03493022918701172,-0.32276713848114014,-0.027486608769805798,0.030756652355194092,-0.37585991621017456,-0.028265471976311574,0.022928059101104736,-0.42775774002075195,-0.024249432083280453
I,0.0,0.0,0.0,-0.06103518605232239,-0.03973662853240967,-0.02505106372359478,-0.10539978742599487,-0.11534065008163452,-0.04100167644742214,-0.09678557515144348,-0.20014560222625732,-0.058733592606813545,-0.04901203513145447,-0.24881428480148315,-0.06909550247314655,-0.10366323590278625,-0.21499979496002197,0.001504426490782862,-0.11665955185890198,-0.29096996784210205,-0.03284638641002857,-0.10093161463737488,-0.23159104585647583,-0.052010255731374855,-0.089846670627594,-0.190379798412323,-0.05863797558072292,-0.05922353267669678,-0.2345598340034485,0.0020756313058427622,-0.06884339451789856,-0.3109273910522461,-0.03647761685374462,-0.05920451879501343,-0.23726212978363037,-0.0497809079063245,-0.054762065410614014,-0.19832557439804077,-0.049016429908306236,-0.014744937419891357,-0.24240553379058838,-0.003958281460882063,-0.019587457180023193,-0.318481981754303,-0.039456344075233574,-0.02522420883178711,-0.24180585145950317,-0.03590781135085308,-0.028005480766296387,-0.183066725730896,-0.02165128556612217,0.030215144157409668,-0.24020689725875854,-0.012601504899294014,0.030171990394592285,-0.3225952982902527,-0.02916432438019001,0.026419222354888916,-0.3747105002403259,-0.030337202228338356,0.0188748836517334,-0.42643195390701294,-0.02619530526521885
I,0.0,0.0,0.0,-0.06023752689361572,-0.040135979652404785,-0.025120391761561223,-0.10403543710708618,-0.11382502317428589,-0.040902140801449605,-0.0993368923664093,-0.1976528763771057,-0.05880863524009783,-0.053660809993743896,-0.24699687957763672,-0.06950709900786478,-0.10484850406646729,-0.21335762739181519,0.0040429115578035635,-0.11895111203193665,-0.28630703687667847,-0.03048037855853636,-0.1020658016204834,-0.22988379001617432,-0.04961908540656168,-0.08869779109954834,-0.19106066226959229,-0.05608871138622362,-0.060613930225372314,-0.23332834243774414,0.004177815961043052,-0.06940469145774841,-0.3076440691947937,-0.03497965565850336,-0.059928059577941895,-0.23535162210464478,-0.04884653470446665,-0.05492702126502991,-0.19985073804855347,-0.04825911602904398,-0.015850543975830078,-0.24163293838500977,-0.0025945359558363634,-0.018345773220062256,-0.31622254848480225,-0.039976346557637044,-0.02525395154953003,-0.2374265193939209,-0.037818703120251485,-0.02949845790863037,-0.17905151844024658,-0.02391202121009428,0.02959275245666504,-0.23995983600616455,-0.011941503984530755,0.02938544750213623,-0.32069146633148193,-0.0299464625023802,0.02607065439224243,-0.3728731870651245,-0.03209708563019831,0.0198441743850708,-0.42634317278862,-0.028293336992760487
I,0.0,0.0,0.0,-0.05807289481163025,-0.03654170036315918,-0.02555993626370423,-0.10439532995223999,-0.11406582593917847,-0.04100295396997922,-0.10084539651870728,-0.20066463947296143,-0.057387115978741576,-0.0518917441368103,-0.24567389488220215,-0.06611500176146023,-0.10583367943763733,-0.21556919813156128,-0.000764680814569374,-0.11518284678459167,-0.29012393951416016,-0.033419317179465224,-0.09926670789718628,-0.2292594313621521,-0.05079068111731999,-0.09076911211013794,-0.19181472063064575,-0.05700358244135373,-0.06131863594055176,-0.23513281345367432,0.00042595531780875717,-0.06792548298835754,-0.3096528649330139,-0.035772292488360335,-0.058435142040252686,-0.23629575967788696,-0.046546234362864425,-0.057310551404953,-0.2050788402557373,-0.045177763872885635,-0.016778230667114258,-0.24210965633392334,-0.00493911847948425,-0.019646167755126953,-0.31739896535873413,-0.0394306206937074,-0.025157630443572998,-0.23927664756774902,-0.03523514288022511,-0.029849529266357422,-0.18209350109100342,-0.021556845479750564,0.02859663963317871,-0.23935645818710327,-0.012912431345426967,0.029879271984100342,-0.32199162244796753,-0.030155240171694686,0.0265657901763916,-0.3755803108215332,-0.03256347271158688,0.018745124340057373,-0.4306955337524414,-0.029894877770090034
I,0.0,0.0,0.0,-0.0602717399597168,-0.03900253772735596,-0.027404929182864635,-0.103759765625,-0.11297488212585449,-0.0444298280844464,-0.10028403997421265,-0.19863420724868774,-0.0627512565324082,-0.053940802812576294,-0.2474806308746338,-0.07350185573790213,-0.10476815700531006,-0.21494507789611816,-9.65476783107988e-05,-0.11447262763977051,-0.28986114263534546,-0.034751091755367725,-0.09913694858551025,-0.22993654012680054,-0.053512085832096545,-0.09080812335014343,-0.1912543773651123,-0.059921600527502505,-0.06035888195037842,-0.23344838619232178,0.0011103873630986527,-0.06732243299484253,-0.3095223307609558,-0.03804249749276778,-0.058593690395355225,-0.23821532726287842,-0.05151500613186499,-0.05729880928993225,-0.20392924547195435,-0.051059973097778766,-0.01577860116958618,-0.24072265625,-0.004576540689356534,-0.019761979579925537,-0.3171190619468689,-0.041652568287588565,-0.02563166618347168,-0.24087685346603394,-0.039600432522036044,-0.03058689832687378,-0.1833520531654358,-0.026239157325960605,0.028164327144622803,-0.23789620399475098,-0.012934610850550143,0.029656529426574707,-0.32099437713623047,-0.030867759741283862,0.02596825361251831,-0.37527406215667725,-0.03371823639366767,0.018304526805877686,-0.4289158880710602,-0.030759923763014285
I,0.0,0.0,0.0,-0.06215822696685791,-0.04156684875488281,-0.02457499952512876,-0.10755503177642822,-0.11592757701873779,-0.04054752068120138,-0.10327139496803284,-0.2007918357849121,-0.05811866076189176,-0.05526193976402283,-0.24818700551986694,-0.06837976799803869,-0.10698577761650085,-0.2140965461730957,0.002220382387832842,-0.11922290921211243,-0.2913486957550049,-0.031504248096524634,-0.10323727130889893,-0.23256921768188477,-0.05094966740804807,-0.09276297688484192,-0.19337618350982666,-0.05823068024116651,-0.06165575981140137,-0.2342432737350464,0.0028586889943937877,-0.07031098008155823,-0.31209325790405273,-0.03502283321219579,-0.06094899773597717,-0.23880493640899658,-0.04856179357963697,-0.05769100785255432,-0.20070427656173706,-0.048298702402888694,-0.016765713691711426,-0.24320507049560547,-0.003039838806643047,-0.0215473473072052,-0.32022154331207275,-0.037362725301562705,-0.027312874794006348,-0.24359041452407837,-0.03438421787220136,-0.030076295137405396,-0.18372416496276855,-0.021033522500573554,0.02876192331314087,-0.2419949769973755,-0.011582684530793586,0.02944856882095337,-0.3245472311973572,-0.027924214317380347,0.024654626846313477,-0.3783782720565796,-0.03021987603503362,0.015989720821380615,-0.4310626685619354,-0.02722959482568399
I,0.0,0.0,0.0,-0.06335282325744629,-0.03977489471435547,-0.02417161788912381,-0.10836422443389893,-0.11131519079208374,-0.04074625212820138,-0.10379916429519653,-0.19579744338989258,-0.05931357953818406,-0.05689668655395508,-0.24705010652542114,-0.07080857370169724,-0.10594141483306885,-0.21172797679901123,0.0025089005182508117,-0.12182700634002686,-0.28672462701797485,-0.03227051261933411,-0.10480836033821106,-0.23058980703353882,-0.05247446436555947,-0.09217342734336853,-0.19060057401657104,-0.059678006061631095,-0.062181442975997925,-0.23279833793640137,0.002591766806972373,-0.07243731617927551,-0.3088321089744568,-0.03555257160337533,-0.06298738718032837,-0.2403043508529663,-0.050004947074967276,-0.059290140867233276,-0.20457899570465088,-0.050522587337809455,-0.017556428909301758,-0.24254602193832397,-0.003948612680005681,-0.022630959749221802,-0.31859737634658813,-0.039444654324370276,-0.028662532567977905,-0.240958571434021,-0.037053874769526374,-0.03225180506706238,-0.1807856559753418,-0.023790280410366904,0.027287960052490234,-0.2424921989440918,-0.013033215963559996,0.02786850929260254,-0.32588082551956177,-0.02997714568050469,0.023646414279937744,-0.3802955150604248,-0.03210233438881005,0.015267014503479004,-0.43390148878097534,-0.02877165850372876
I,0.0,0.0,0.0,-0.06308263540267944,-0.033810317516326904,-0.023244168769394946,-0.11092987656593323,-0.10688865184783936,-0.038569186042821,-0.10773491859436035,-0.19269347190856934,-0.056141756634985995,-0.05818229913711548,-0.2385689616203308,-0.0671491363754626,-0.10832682251930237,-0.2077786922454834,0.002245280964473295,-0.1208239495754242,-0.28363317251205444,-0.03085844234732349,-0.10482442378997803,-0.22811782360076904,-0.04929348097351749,-0.09261521697044373,-0.18718379735946655,-0.05547513083723743,-0.06431210041046143,-0.22899752855300903,0.0017844438116867423,-0.07280820608139038,-0.30677956342697144,-0.03655902312306125,-0.06263557076454163,-0.23919570446014404,-0.05019949020055492,-0.05650532245635986,-0.19807922840118408,-0.04922399685887058,-0.019251078367233276,-0.2395595908164978,-0.005014613430773807,-0.025228351354599,-0.3160082697868347,-0.04014987514523227,-0.02899545431137085,-0.2389519214630127,-0.03815079123882015,-0.030680149793624878,-0.17790132761001587,-0.0246793368568774,0.02538132667541504,-0.23978668451309204,-0.014250639054750991,0.02604091167449951,-0.3215012550354004,-0.031065613191401553,0.02235311269760132,-0.3755364418029785,-0.033807493906294894,0.014699935913085938,-0.42995399236679077,-0.030824415545737338
I,0.0,0.0,0.0,-0.06254330277442932,-0.03712916374206543,-0.024351679430253625,-0.10989347100257874,-0.11260807514190674,-0.039675718814976335,-0.10731106996536255,-0.19823211431503296,-0.05695624154890311,-0.05743217468261719,-0.24552470445632935,-0.06721996393883956,-0.10752692818641663,-0.21356022357940674,0.004546681708745837,-0.12045228481292725,-0.287090003490448,-0.028542593763120294,-0.10550236701965332,-0.23263674974441528,-0.046470164031632066,-0.09378376603126526,-0.19340044260025024,-0.051890863747246385,-0.06433096528053284,-0.2333562970161438,0.004900697908453822,-0.072002112865448,-0.3093222379684448,-0.03349076834405196,-0.0648992657661438,-0.24207621812820435,-0.04656754312003386,-0.06104514002799988,-0.20508408546447754,-0.04485679668272269,-0.019359588623046875,-0.24219560623168945,-0.0014697966993821865,-0.024645358324050903,-0.31883400678634644,-0.03718215477550757,-0.030650943517684937,-0.24152761697769165,-0.0344740065642668,-0.03333142399787903,-0.18173140287399292,-0.01995883014882338,0.025641024112701416,-0.24107998609542847,-0.01040418044561875,0.026486694812774658,-0.32383227348327637,-0.026897233621127725,0.022002458572387695,-0.37810957431793213,-0.028721124575383783,0.014156341552734375,-0.432647168636322,-0.02463642944479716
I,0.0,0.0,0.0,-0.06226816773414612,-0.034397661685943604,-0.02363553961362186,-0.11172997951507568,-0.10888350009918213,-0.03886731659616771,-0.11210364103317261,-0.19613003730773926,-0.05612368082250896,-0.06322187185287476,-0.2439037561416626,-0.06675574874128642,-0.11095806956291199,-0.2119339108467102,0.0037448921557938775,-0.1235852837562561,-0.28818029165267944,-0.028619342870968012,-0.10783657431602478,-0.23411840200424194,-0.046936664186375765,-0.09550663828849792,-0.19198644161224365,-0.05288537164773288,-0.06668370962142944,-0.23234891891479492,0.0038626863006925305,-0.07526981830596924,-0.3095349073410034,-0.034411936454432634,-0.0658787190914154,-0.2421787977218628,-0.04882346411790195,-0.0592038631439209,-0.1982235312461853,-0.04792818745221439,-0.021130740642547607,-0.24270141124725342,-0.002336266372310547,-0.027433842420578003,-0.3206973075866699,-0.03704541494693103,-0.032828569412231445,-0.2464677095413208,-0.03657193427528682,-0.03565150499343872,-0.18600213527679443,-0.02397178804125133,0.023514986038208008,-0.24246925115585327,-0.010899844966786532,0.024162888526916504,-0.3241034150123596,-0.02742749025668445,0.019695639610290527,-0.37874090671539307,-0.03092146051670852,0.011647224426269531,-0.4333791136741638,-0.028304052926557688
I,0.0,0.0,0.0,-0.06395864486694336,-0.03649049997329712,-0.023144172762243898,-0.1121748685836792,-0.10937726497650146,-0.03806122604450479,-0.11010998487472534,-0.1954636573791504,-0.055005574856608064,-0.0610845685005188,-0.24211269617080688,-0.06501439798316255,-0.11054199934005737,-0.2119154930114746,0.0031697076962302617,-0.12445738911628723,-0.2848889231681824,-0.0302518552883555,-0.10620051622390747,-0.22810500860214233,-0.048719240610211045,-0.09390833973884583,-0.19094234704971313,-0.05509493712028757,-0.06587067246437073,-0.23277056217193604,0.002798741425664275,-0.07528921961784363,-0.30631691217422485,-0.03535953748664156,-0.06399306654930115,-0.23536312580108643,-0.04804527971586481,-0.058739691972732544,-0.19723409414291382,-0.04673212606152788,-0.020503342151641846,-0.24314242601394653,-0.0040968142232884475,-0.026922106742858887,-0.3177849054336548,-0.039339540783970506,-0.030741363763809204,-0.24002236127853394,-0.036342786882727296,-0.03373590111732483,-0.18126839399337769,-0.022385569547026307,0.02435070276260376,-0.24337786436080933,-0.013466522355287225,0.02405768632888794,-0.3249157667160034,-0.030622240413634927,0.01987314224243164,-0.3779519200325012,-0.03296437699040666,0.011509478092193604,-0.4321070611476898,-0.029572977010815293
I,0.0,0.0,0.0,-0.062289148569107056,-0.035829126834869385,-0.02389501561131624,-0.11010110378265381,-0.111752450466156,-0.038872277035380876,-0.10978314280509949,-0.19951999187469482,-0.055861608727838075,-0.06046700477600098,-0.2469043731689453,-0.06557018090691713,-0.11007419228553772,-0.2119346261024475,0.0030384639771625643,-0.1236201822757721,-0.28761792182922363,-0.02989537608530668,-0.10625302791595459,-0.23022949695587158,-0.046967306776906526,-0.0940919816493988,-0.19306451082229614,-0.05207887445297388,-0.06606489419937134,-0.23222100734710693,0.00308700241427573,-0.07515200972557068,-0.3097129464149475,-0.03517224420514253,-0.06523588299751282,-0.24073666334152222,-0.04723084126320032,-0.060439467430114746,-0.20395833253860474,-0.04490047474112657,-0.02042090892791748,-0.24223536252975464,-0.0034204860189959163,-0.027192115783691406,-0.319175660610199,-0.03877383996453432,-0.03108707070350647,-0.24189519882202148,-0.03564052064623979,-0.033274680376052856,-0.18378973007202148,-0.02108245310094503,0.02474963665008545,-0.24244612455368042,-0.01244278219249395,0.024425506591796875,-0.32585668563842773,-0.02916004475858358,0.019991815090179443,-0.3806898593902588,-0.03153784353938249,0.01219165325164795,-0.4359383285045624,-0.02794818361010698
I,0.0,0.0,0.0,-0.06518855690956116,-0.03482431173324585,-0.022194676571302807,-0.1133115291595459,-0.11318176984786987,-0.036030943044238484,-0.10984444618225098,-0.19932079315185547,-0.05250128219347516,-0.061993151903152466,-0.24712342023849487,-0.06213084096532384,-0.10874998569488525,-0.21186596155166626,0.004020794756002033,-0.12377709150314331,-0.2867124676704407,-0.029907877095752156,-0.1074306070804596,-0.22872775793075562,-0.04795814538817922,-0.09511271119117737,-0.19066792726516724,-0.05370297888737241,-0.06430572271347046,-0.23165559768676758,0.002523749596662128,-0.07477658987045288,-0.3108612298965454,-0.03769880766492406,-0.06594479084014893,-0.24017292261123657,-0.05123087997060338,-0.060168057680130005,-0.20006096363067627,-0.049535768576674855,-0.018653661012649536,-0.24112766981124878,-0.00546105299588362,-0.02579483389854431,-0.31874704360961914,-0.042340277232938206,-0.03180548548698425,-0.24099832773208618,-0.03992231050949613,-0.03450736403465271,-0.18162697553634644,-0.025587967135720646,0.02717989683151245,-0.24138540029525757,-0.015852177985721028,0.027320444583892822,-0.32512587308883667,-0.03340152511816541,0.021477699279785156,-0.37959355115890503,-0.03593598911982099,0.012608170509338379,-0.4341620206832886,-0.03248720849376241
I,0.0,0.0,0.0,-0.06630021333694458,-0.03824198246002197,-0.023777147709921564,-0.11573189496994019,-0.11302286386489868,-0.038727801248029436,-0.11367115378379822,-0.1991245150566101,-0.056270897343353,-0.06301325559616089,-0.24809247255325317,-0.06679477538128253,-0.11108124256134033,-0.2143065333366394,0.006908267315878902,-0.12463819980621338,-0.2868448495864868,-0.025706555649236407,-0.10981249809265137,-0.2276902198791504,-0.0429167970563924,-0.09828397631645203,-0.19138264656066895,-0.048244662537769045,-0.06753933429718018,-0.23506855964660645,0.006277763329848085,-0.07581713795661926,-0.3113974332809448,-0.03399192537327167,-0.06839188933372498,-0.24127095937728882,-0.04783145333786365,-0.06278717517852783,-0.2020213007926941,-0.04570319499035236,-0.02180132269859314,-0.24586552381515503,-0.0011647131308620828,-0.027239471673965454,-0.32104599475860596,-0.03861492122669574,-0.03358730673789978,-0.2412922978401184,-0.03728519003053066,-0.03668266534805298,-0.181022047996521,-0.022832598492101397,0.023812949657440186,-0.24693763256072998,-0.011067988305882182,0.024301588535308838,-0.3293159008026123,-0.028586544051364626,0.02007138729095459,-0.3837078809738159,-0.03147119651694652,0.012578904628753662,-0.4389946758747101,-0.02777314740379211
I,0.0,0.0,0.0,-0.0602269172668457,-0.03399217128753662,-0.022936055741297423,-0.11503705382347107,-0.10454773902893066,-0.03758936778365296,-0.11888721585273743,-0.1883171796798706,-0.05448460609375161,-0.06830102205276489,-0.2369096279144287,-0.0651214498346917,-0.11193576455116272,-0.20868778228759766,0.00018900536917954014,-0.1259685456752777,-0.28199827671051025,-0.032165848023282706,-0.11262977123260498,-0.21985691785812378,-0.04889654771147889,-0.10265961289405823,-0.18182867765426636,-0.0545643161302678,-0.06670710444450378,-0.2268877625465393,-0.0014243426984421603,-0.07516944408416748,-0.3023131489753723,-0.04201729998646897,-0.0715981125831604,-0.22889626026153564,-0.05552835792957467,-0.06799295544624329,-0.1842573881149292,-0.05373067439256829,-0.020167618989944458,-0.23573410511016846,-0.009266945838021456,-0.02620801329612732,-0.30251747369766235,-0.04737686396299523,-0.03769591450691223,-0.22514677047729492,-0.047596067494737326,-0.04439851641654968,-0.16733765602111816,-0.03461135581790131,0.02423819899559021,-0.23541474342346191,-0.019247399947630583,0.02517417073249817,-0.31966978311538696,-0.038419727540599524,0.02328982949256897,-0.376262903213501,-0.04262799055038613,0.02076128125190735,-0.43212246894836426,-0.040123287892924964
I,0.0,0.0,0.0,-0.062255024909973145,-0.026693284511566162,-0.023764833055452073,-0.12306490540504456,-0.10287821292877197,-0.03672628401966449,-0.12440705299377441,-0.1909855604171753,-0.05066656991095897,-0.07118487358093262,-0.23739981651306152,-0.05684686004371997,-0.11566317081451416,-0.21126216650009155,-0.003741035416737759,-0.1338540017604828,-0.2802208662033081,-0.034716422848418915,-0.1182238757610321,-0.2099071741104126,-0.04836012347789165,-0.10786661505699158,-0.18522906303405762,-0.05404847040028926,-0.06983375549316406,-0.23185986280441284,-0.004607729792610371,-0.08352535963058472,-0.29893290996551514,-0.042130648337320054,-0.07895985245704651,-0.2183588743209839,-0.047769515953973496,-0.07578074932098389,-0.19236785173416138,-0.04259462579341289,-0.023396819829940796,-0.23821306228637695,-0.012247563518599236,-0.03224128484725952,-0.30354344844818115,-0.04841268359871265,-0.04334619641304016,-0.22176718711853027,-0.04151396005602237,-0.05015534162521362,-0.172440767288208,-0.0258714474663293,0.022076725959777832,-0.23644375801086426,-0.02245657815785762,0.024936527013778687,-0.3210981488227844,-0.043791960172370636,0.02217024564743042,-0.3758969306945801,-0.04776180087776538,0.017557919025421143,-0.43546468019485474,-0.04566802381725665
I,0.0,0.0,0.0,-0.06353422999382019,-0.026639878749847412,-0.021820018113061224,-0.12370851635932922,-0.10375267267227173,-0.03428202685753945,-0.12836745381355286,-0.1902073621749878,-0.04865056467096451,-0.07636576890945435,-0.23718082904815674,-0.056229962081118856,-0.11470791697502136,-0.21494132280349731,0.0002913544725799966,-0.13190248608589172,-0.28412872552871704,-0.032288005620642934,-0.12064874172210693,-0.21797609329223633,-0.04751682099740151,-0.10988032817840576,-0.183088481426239,-0.052168270618125234,-0.06848838925361633,-0.2329464554786682,-0.0018037507994392854,-0.0824805498123169,-0.30586856603622437,-0.043547635943099294,-0.08153900504112244,-0.22645753622055054,-0.05402258974353913,-0.0770493745803833,-0.18300646543502808,-0.04926392626802567,-0.020702838897705078,-0.239484965801239,-0.010293730579718385,-0.03278794884681702,-0.30482327938079834,-0.049519510984822546,-0.0460374653339386,-0.22335582971572876,-0.04692645189206246,-0.052013903856277466,-0.16642272472381592,-0.03147509139816407,0.025532662868499756,-0.23640543222427368,-0.02088236254493836,0.025718599557876587,-0.32293152809143066,-0.041724113792582784,0.022648751735687256,-0.3803413510322571,-0.045843480199977193,0.01978728175163269,-0.43887996673583984,-0.04274086099903229
I,0.0,0.0,0.0,-0.06614908576011658,-0.01699596643447876,-0.020022229148764836,-0.1324809491634369,-0.09245049953460693,-0.030677928446550595,-0.14204218983650208,-0.18258363008499146,-0.04360271510364555,-0.0909181535243988,-0.22892171144485474,-0.05021804836275123,-0.12141802906990051,-0.21025222539901733,0.003939764716903937,-0.1397564709186554,-0.2809842824935913,-0.024888143731971013,-0.12948405742645264,-0.21970123052597046,-0.039162299453039395,-0.11888006329536438,-0.18279504776000977,-0.04396597561122917,-0.0771263837814331,-0.2303704023361206,0.0015551918449432378,-0.09289360046386719,-0.3050571084022522,-0.03667648401739143,-0.09237506985664368,-0.23069745302200317,-0.04786497992159866,-0.08712312579154968,-0.18299484252929688,-0.044344133554716336,-0.030599653720855713,-0.2387467622756958,-0.006831282607038247,-0.0453951358795166,-0.3043018579483032,-0.04336603250982307,-0.057942479848861694,-0.2257366180419922,-0.0426575232732489,-0.06256520748138428,-0.16708141565322876,-0.029394321932215917,0.014892160892486572,-0.2370477318763733,-0.017149654074330556,0.01575338840484619,-0.32176584005355835,-0.03713840883852981,0.01312980055809021,-0.3786274194717407,-0.04229156938077949,0.01028016209602356,-0.4354932904243469,-0.04056292664887451
I,0.0,0.0,0.0,-0.06776389479637146,-0.015567004680633545,-0.020585844352154936,-0.1342231035232544,-0.09585964679718018,-0.031191766320972647,-0.1431531012058258,-0.18953830003738403,-0.043563840969710554,-0.08833304047584534,-0.235629141330719,-0.04890081478586694,-0.12356120347976685,-0.21363872289657593,0.0015001277781436784,-0.1456088423728943,-0.28269731998443604,-0.028700150608329977,-0.130731999874115,-0.21816855669021606,-0.04203395737638971,-0.11710381507873535,-0.18484467267990112,-0.04564349917998811,-0.07811048626899719,-0.23392832279205322,-0.0002854238853444713,-0.09579014778137207,-0.3082684278488159,-0.0397889894091179,-0.09145945310592651,-0.22794651985168457,-0.04836698068609735,-0.08390671014785767,-0.18250131607055664,-0.042000128015189375,-0.03166434168815613,-0.24228674173355103,-0.008283089905290808,-0.04656359553337097,-0.30668652057647705,-0.044972440286784376,-0.057999759912490845,-0.22608810663223267,-0.042594594939856734,-0.062287360429763794,-0.16936993598937988,-0.027770508139639105,0.013745278120040894,-0.24070429801940918,-0.018217148318200316,0.014826536178588867,-0.327081561088562,-0.0366582777940323,0.012705177068710327,-0.38355880975723267,-0.04085292486777803,0.009879052639007568,-0.4417842626571655,-0.03832161246171495
I,0.0,0.0,0.0,-0.06694918870925903,-0.01842951774597168,-0.01845844377112371,-0.13225704431533813,-0.09403222799301147,-0.02833061393630487,-0.14549541473388672,-0.18316853046417236,-0.04121431250405294,-0.0965660810470581,-0.23306190967559814,-0.048814538012265984,-0.12275218963623047,-0.2141212821006775,0.008727969524443324,-0.13956224918365479,-0.28488677740097046,-0.02056857113075239,-0.13255047798156738,-0.2323366403579712,-0.037272426377057855,-0.1221914291381836,-0.18942028284072876,-0.04287330720853788,-0.07859298586845398,-0.2346096634864807,0.005470239014357503,-0.09397110342979431,-0.31355684995651245,-0.035063481966972176,-0.09469395875930786,-0.24206984043121338,-0.05131737057399732,-0.08846667408943176,-0.18493974208831787,-0.04970243487787229,-0.03120744228363037,-0.24482274055480957,-0.0035490948548613233,-0.04572421312332153,-0.3130874037742615,-0.04196097616386396,-0.0595860481262207,-0.23567098379135132,-0.04607090268564207,-0.06484416127204895,-0.1718546748161316,-0.03464576516580564,0.015615016222000122,-0.24361461400985718,-0.014095590527176682,0.016707956790924072,-0.3300431966781616,-0.034033152352094476,0.011578947305679321,-0.38740211725234985,-0.0401470205588339,0.005463719367980957,-0.44259583950042725,-0.03855927948188764
I,0.0,0.0,0.0,-0.06797721982002258,-0.016168951988220215,-0.020418719084517534,-0.13622108101844788,-0.09044003486633301,-0.03147351990784841,-0.14869540929794312,-0.18131345510482788,-0.044909118370668466,-0.09998124837875366,-0.23310798406600952,-0.05306324239219862,-0.12700635194778442,-0.21119219064712524,0.004758397886945431,-0.1462356448173523,-0.28291696310043335,-0.025633330152885492,-0.1381399929523468,-0.23208564519882202,-0.043031687544242914,-0.127120703458786,-0.19127023220062256,-0.04934331278647619,-0.08203715085983276,-0.23391193151474,0.0019065145882279921,-0.09860634803771973,-0.315410315990448,-0.04003506775345045,-0.10016342997550964,-0.24463802576065063,-0.05685793484892088,-0.094963937997818,-0.187358558177948,-0.05558304737652975,-0.03436762094497681,-0.24481827020645142,-0.006787868378268058,-0.04906308650970459,-0.31427210569381714,-0.04634014393533903,-0.06516242027282715,-0.2385687232017517,-0.05155037965025144,-0.07279083132743835,-0.17575258016586304,-0.040961089239971216,0.012653887271881104,-0.24379682540893555,-0.01709180387999254,0.01338493824005127,-0.3302333950996399,-0.03848317141975599,0.008042484521865845,-0.38845497369766235,-0.045904914544479425,0.0017338693141937256,-0.4444345235824585,-0.04525746281589704
I,0.0,0.0,0.0,-0.06715008616447449,-0.020488262176513672,-0.019568420064132397,-0.13499560952186584,-0.09526550769805908,-0.030468923088591282,-0.14994406700134277,-0.1836581826210022,-0.04413465694753427,-0.10231173038482666,-0.23599374294281006,-0.05201257304517526,-0.12687638401985168,-0.21547508239746094,0.006425415582526739,-0.14951547980308533,-0.2859354615211487,-0.023396733265798275,-0.13958832621574402,-0.2292999029159546,-0.03993312553731698,-0.127387136220932,-0.18952018022537231,-0.0458699642237832,-0.08250579237937927,-0.23757684230804443,0.0035311739868859604,-0.10184767842292786,-0.3141780495643616,-0.03701129094926614,-0.10100066661834717,-0.2401711344718933,-0.05217898921338815,-0.09387966990470886,-0.1866176724433899,-0.05040439130036134,-0.03506577014923096,-0.24852359294891357,-0.005275609951894467,-0.05159136652946472,-0.31858891248703003,-0.042807146024387066,-0.06467360258102417,-0.24048155546188354,-0.04504766599504251,-0.06969130039215088,-0.17743605375289917,-0.03326505706874627,0.011814892292022705,-0.24809378385543823,-0.015927043792288487,0.012272387742996216,-0.33471423387527466,-0.03556067035762567,0.005652070045471191,-0.3918636441230774,-0.04152816073266763,-0.002693355083465576,-0.4477674961090088,-0.04021920548049707
I,0.0,0.0,0.0,-0.06734281778335571,-0.023303329944610596,-0.02003808603697621,-0.13295981287956238,-0.09431684017181396,-0.03184437290840947,-0.148553729057312,-0.18154233694076538,-0.046767211566503875,-0.10445234179496765,-0.23696434497833252,-0.05587437287979924,-0.12594658136367798,-0.2105596661567688,0.00744788437074817,-0.14742782711982727,-0.2848433256149292,-0.023862849036987654,-0.13741999864578247,-0.22892296314239502,-0.041651277850206725,-0.12580996751785278,-0.18876582384109497,-0.048294155905779235,-0.08190250396728516,-0.2329980731010437,0.004492618561897643,-0.09950056672096252,-0.3116753101348877,-0.03754100487643086,-0.09764689207077026,-0.23889315128326416,-0.05454903007560574,-0.09115901589393616,-0.186398446559906,-0.05421959147864186,-0.03491070866584778,-0.24603283405303955,-0.004553733906533353,-0.05002027750015259,-0.32335376739501953,-0.04296084032469594,-0.062283873558044434,-0.24790912866592407,-0.046043238649900786,-0.06768974661827087,-0.18542426824569702,-0.03504108176642262,0.01146477460861206,-0.24788331985473633,-0.015536007518704764,0.012357145547866821,-0.3342883586883545,-0.03601585612707936,0.005928725004196167,-0.39089518785476685,-0.04278661967330777,-0.002754807472229004,-0.44615963101387024,-0.04207765595131718
I,0.0,0.0,0.0,-0.06789055466651917,-0.023724019527435303,-0.01834689474435436,-0.13275960087776184,-0.09639817476272583,-0.029733078766184917,-0.14619821310043335,-0.18052631616592407,-0.04449692017169582,-0.1034356951713562,-0.23816615343093872,-0.053704571190792194,-0.12305450439453125,-0.21320855617523193,0.007001561366450915,-0.14668703079223633,-0.2827759385108948,-0.023972815114575496,-0.13826361298561096,-0.2261475920677185,-0.04145182690353977,-0.1268203854560852,-0.1847618818283081,-0.04776655531259166,-0.07993742823600769,-0.23460602760314941,0.0032216343306572526,-0.09897741675376892,-0.3084414005279541,-0.03707935682268726,-0.09994027018547058,-0.2372426986694336,-0.05303079283567058,-0.09388238191604614,-0.1855078935623169,-0.05267490840287792,-0.033552348613739014,-0.24543440341949463,-0.006479753393250576,-0.050132304430007935,-0.31626731157302856,-0.044002279851156345,-0.06394919753074646,-0.2395837903022766,-0.045810420278030506,-0.06880152225494385,-0.1773618459701538,-0.034369211855846515,0.011389732360839844,-0.24530470371246338,-0.0180058947089492,0.013366550207138062,-0.33164656162261963,-0.038234915796238056,0.006768912076950073,-0.3884825110435486,-0.04402537292571651,-0.0014808475971221924,-0.4442344307899475,-0.04269761985869991
I,0.0,0.0,0.0,-0.06661954522132874,-0.027159571647644043,-0.02007725886031153,-0.13058030605316162,-0.09638041257858276,-0.03347364678009512,-0.14670494198799133,-0.17908573150634766,-0.04986336692198279,-0.10575622320175171,-0.23996764421463013,-0.06042167036756041,-0.12282431125640869,-0.2103845477104187,0.004092411557593323,-0.14647814631462097,-0.2822721600532532,-0.028108044107995056,-0.14058917760849,-0.22701364755630493,-0.04594446583612921,-0.1313031017780304,-0.18766504526138306,-0.05264740674718382,-0.0800827145576477,-0.23078089952468872,0.0009568647485309612,-0.09965863823890686,-0.3031485676765442,-0.03969366340859892,-0.10232082009315491,-0.2328999638557434,-0.0549638891123152,-0.09780693054199219,-0.18595021963119507,-0.054685244848570846,-0.03404736518859863,-0.24056357145309448,-0.008335139182946705,-0.05153334140777588,-0.31234920024871826,-0.046748841693244,-0.06633055210113525,-0.23551040887832642,-0.04784984751566412,-0.07152214646339417,-0.17503339052200317,-0.036184644838414215,0.010523051023483276,-0.24026167392730713,-0.01955926283224585,0.012697577476501465,-0.32705116271972656,-0.040925113996109985,0.005968034267425537,-0.38408124446868896,-0.04695925353988173,-0.0022044479846954346,-0.44087883830070496,-0.045834957202515625
I,0.0,0.0,0.0,-0.0690673291683197,-0.029519200325012207,-0.020608451280168083,-0.13149219751358032,-0.09818422794342041,-0.03449962666945794,-0.1445411741733551,-0.1801421046257019,-0.0513773970933471,-0.1060812771320343,-0.24303698539733887,-0.062260191950372246,-0.12450084090232849,-0.21325433254241943,0.0039318920416917535,-0.1481199562549591,-0.28219616413116455,-0.028891844737700012,-0.14070743322372437,-0.22431021928787231,-0.047066122356227424,-0.13083091378211975,-0.18496519327163696,-0.053892396453193214,-0.0806327760219574,-0.23343425989151,0.0006238271553229424,-0.10003706812858582,-0.301971435546875,-0.041658721926978615,-0.1006314754486084,-0.22878175973892212,-0.05826150632219651,-0.09501680731773376,-0.1798034906387329,-0.05851979932504037,-0.03354305028915405,-0.24341773986816406,-0.00882067071961501,-0.049835801124572754,-0.31380903720855713,-0.04823563626723626,-0.06514576077461243,-0.23670578002929688,-0.04983687034564355,-0.07215112447738647,-0.1749650239944458,-0.038253471318057564,0.011906087398529053,-0.24296903610229492,-0.020163355457953003,0.013330399990081787,-0.3283781409263611,-0.04206574714498856,0.007286518812179565,-0.38433390855789185,-0.047958400163224724,-0.0011582374572753906,-0.43998458981513977,-0.046388026389649895
I,0.0,0.0,0.0,-0.07038140296936035,-0.02938920259475708,-0.02073347887971977,-0.13352510333061218,-0.10194039344787598,-0.03425276040115932,-0.14729562401771545,-0.1866673231124878,-0.05063818900862316,-0.10509270429611206,-0.24921518564224243,-0.060767439594656025,-0.12850677967071533,-0.2100408673286438,0.005246136402547563,-0.15174011886119843,-0.2796686291694641,-0.02774825639107803,-0.13920006155967712,-0.22119927406311035,-0.046202929159790074,-0.1274888515472412,-0.1804371476173401,-0.052681082328945195,-0.08462116122245789,-0.23098009824752808,0.0025932097992154013,-0.10217493772506714,-0.30341511964797974,-0.03723271324315647,-0.10018908977508545,-0.23348623514175415,-0.052447596034198796,-0.0962202250957489,-0.1845388412475586,-0.05231030046024898,-0.037477731704711914,-0.241644024848938,-0.006523819575249945,-0.052023857831954956,-0.31236594915390015,-0.04405696450749019,-0.06402850151062012,-0.2388157844543457,-0.044834868451744114,-0.0702325701713562,-0.17807090282440186,-0.03324601559916118,0.007811903953552246,-0.24250531196594238,-0.017650443529873883,0.009342342615127563,-0.3272314667701721,-0.03718309982696155,0.004551291465759277,-0.3831414580345154,-0.04180792479792217,-0.0038760006427764893,-0.4372389018535614,-0.03990553080120662
I,0.0,0.0,0.0,-0.07000350952148438,-0.0272865891456604,-0.020869690770837224,-0.1343318223953247,-0.09865456819534302,-0.03440347112211839,-0.14715665578842163,-0.18348538875579834,-0.0505935082534279,-0.107847660779953,-0.24914687871932983,-0.060408478448721326,-0.12748003005981445,-0.21004682779312134,0.004645690475967967,-0.15108497440814972,-0.2824214696884155,-0.02845508217308179,-0.14186325669288635,-0.2272942066192627,-0.04736699707302705,-0.13090509176254272,-0.1852167844772339,-0.05451426453385011,-0.0847536027431488,-0.2307986617088318,0.0020364966852639554,-0.10256630182266235,-0.3029235601425171,-0.03945561296734468,-0.10120061039924622,-0.23329466581344604,-0.05603304303679124,-0.09621775150299072,-0.18220502138137817,-0.056507536987396634,-0.03803852200508118,-0.24126261472702026,-0.006734174056532538,-0.05359530448913574,-0.3196828365325928,-0.04403552583846704,-0.06582775712013245,-0.24565476179122925,-0.04369118608030931,-0.07182237505912781,-0.1832905411720276,-0.03153712100777284,0.007182210683822632,-0.23927313089370728,-0.01771137475464002,0.009582102298736572,-0.32378333806991577,-0.038638787190052426,0.0038100481033325195,-0.37989920377731323,-0.04366573117169992,-0.005078911781311035,-0.4366437792778015,-0.041643539289566434
I,0.0,0.0,0.0,-0.07060986757278442,-0.02914583683013916,-0.020875845409221938,-0.13383132219314575,-0.10082727670669556,-0.03490924493152647,-0.1457664966583252,-0.18577641248703003,-0.051602378792352965,-0.10505551099777222,-0.25129103660583496,-0.06153533265668898,-0.12746605277061462,-0.20662295818328857,0.003914970134161422,-0.15046566724777222,-0.28457510471343994,-0.029260225898809722,-0.14092588424682617,-0.2270066738128662,-0.04683455855328589,-0.12979915738105774,-0.18737280368804932,-0.052987128800936034,-0.08414867520332336,-0.22806906700134277,0.0012898762223869653,-0.10134568810462952,-0.30269962549209595,-0.040540073371715835,-0.10104459524154663,-0.22943603992462158,-0.055292703516073516,-0.09653645753860474,-0.181169331073761,-0.05422596291381865,-0.03697672486305237,-0.2396407127380371,-0.007618071350492528,-0.05285531282424927,-0.3166700601577759,-0.045042991942949584,-0.06550341844558716,-0.23942983150482178,-0.04342380941588431,-0.07150429487228394,-0.1782863736152649,-0.030164845592565825,0.00848400592803955,-0.2403150200843811,-0.018708354166932395,0.009854316711425781,-0.32468274235725403,-0.038796503401584914,0.003601670265197754,-0.3792816400527954,-0.04296569556672125,-0.005461364984512329,-0.43515244126319885,-0.040359754420109084
I,0.0,0.0,0.0,-0.07082152366638184,-0.03116750717163086,-0.019939378332111346,-0.1345486342906952,-0.10542970895767212,-0.03273513955971907,-0.1493697166442871,-0.19583499431610107,-0.048267059456321704,-0.10603752732276917,-0.25864219665527344,-0.05656354172131728,-0.12887972593307495,-0.21408915519714355,0.007238238156077159,-0.15144988894462585,-0.28870463371276855,-0.026400724854084956,-0.1385120451450348,-0.23065757751464844,-0.04449880911013793,-0.12794405221939087,-0.19367456436157227,-0.050894186328861224,-0.08612892031669617,-0.23467034101486206,0.004229066930946601,-0.10240805149078369,-0.30988752841949463,-0.03688512412807654,-0.10017117857933044,-0.23926925659179688,-0.05137915207049559,-0.09994310140609741,-0.19542747735977173,-0.05041996059915732,-0.03936505317687988,-0.24474310874938965,-0.005259211137655484,-0.05353647470474243,-0.3216326832771301,-0.042593211363765704,-0.06509456038475037,-0.24575084447860718,-0.0404894430746765,-0.07388052344322205,-0.1862577199935913,-0.026965663265201556,0.006676167249679565,-0.2434765100479126,-0.01689320472976874,0.006239145994186401,-0.32832470536231995,-0.035879534166070925,0.0014035999774932861,-0.3821389973163605,-0.0389526751448841,-0.0075830817222595215,-0.4371459186077118,-0.035632394682380664
I,0.0,0.0,0.0,-0.0718538761138916,-0.03407597541809082,-0.020601423910875383,-0.13288751244544983,-0.10750293731689453,-0.03425088197650439,-0.14741909503936768,-0.1953102946281433,-0.05100122139515406,-0.1066804826259613,-0.2578623294830322,-0.06088444263400561,-0.12418869137763977,-0.21361935138702393,0.007496561401467261,-0.14836597442626953,-0.2899801731109619,-0.02701273605885035,-0.13861337304115295,-0.23285430669784546,-0.04549916879000193,-0.12763607501983643,-0.195331871509552,-0.05179347515763766,-0.08233252167701721,-0.23322755098342896,0.004276531294863162,-0.10084700584411621,-0.30957990884780884,-0.03888228208484179,-0.100128173828125,-0.2391405701637268,-0.05447324783267504,-0.0963173508644104,-0.19265317916870117,-0.053433903015275064,-0.036300063133239746,-0.24381625652313232,-0.005686828388888898,-0.05207541584968567,-0.3224622905254364,-0.04499962226213938,-0.06600883603096008,-0.24836111068725586,-0.04520662174286372,-0.07464209198951721,-0.18810760974884033,-0.03253639162244326,0.008589982986450195,-0.24332290887832642,-0.017735219082851472,0.008098244667053223,-0.32850170135498047,-0.03763065905036456,0.0023119449615478516,-0.38310110569000244,-0.04205903828801638,-0.007166028022766113,-0.43830856680870056,-0.039527379429955545
I,0.0,0.0,0.0,-0.07136937975883484,-0.031230568885803223,-0.020104637535041547,-0.13157722353935242,-0.1046862006187439,-0.03355454670054314,-0.14625951647758484,-0.1921757459640503,-0.04990080760580895,-0.10545352101325989,-0.25452637672424316,-0.059701979325836874,-0.12257805466651917,-0.20846563577651978,0.006617895627641701,-0.145804762840271,-0.2851208448410034,-0.026540830896919942,-0.13642537593841553,-0.23223179578781128,-0.045105781571692205,-0.12536144256591797,-0.19632339477539062,-0.052041433917111135,-0.081653892993927,-0.22725075483322144,0.003997217698270106,-0.09978559613227844,-0.3043637275695801,-0.03778712095481751,-0.09901309013366699,-0.23895180225372314,-0.05398435534698365,-0.09335705637931824,-0.19462519884109497,-0.05407404171091912,-0.03675568103790283,-0.23808270692825317,-0.004862438121563173,-0.0510842502117157,-0.31905966997146606,-0.04158713312608597,-0.06469875574111938,-0.24814319610595703,-0.04138638095719216,-0.0710943341255188,-0.1889217495918274,-0.02932026253802178,0.007897883653640747,-0.23848819732666016,-0.015944715754812933,0.006750673055648804,-0.32238316535949707,-0.03453061001164315,-0.00022324919700622559,-0.37672871351242065,-0.038857672529047704,-0.009446412324905396,-0.4304966330528259,-0.03672546909911034
I,0.0,0.0,0.0,-0.07041600346565247,-0.03350818157196045,-0.019343486085318773,-0.13052496314048767,-0.10785913467407227,-0.03253422680475637,-0.14345425367355347,-0.19671934843063354,-0.04900762069203779,-0.1002742350101471,-0.2574472427368164,-0.059057869046711176,-0.11989212036132812,-0.21069496870040894,0.008659050770319254,-0.14204585552215576,-0.29081445932388306,-0.02563653330483362,-0.13390004634857178,-0.2349463701248169,-0.0452544167933695,-0.12408345937728882,-0.19291436672210693,-0.05230105671265051,-0.07751250267028809,-0.22906547784805298,0.0053993309552140545,-0.0944887101650238,-0.30958694219589233,-0.03808156031348631,-0.09479358792304993,-0.23976010084152222,-0.05514305460431501,-0.09065580368041992,-0.18799763917922974,-0.054726429313205927,-0.031934887170791626,-0.23955506086349487,-0.004256732325785606,-0.04721271991729736,-0.3199259340763092,-0.04197225350119993,-0.06123313307762146,-0.24713671207427979,-0.042200129508756845,-0.06853967905044556,-0.18473398685455322,-0.029587402969383447,0.01267579197883606,-0.23931539058685303,-0.016032258078240602,0.011622369289398193,-0.3227781653404236,-0.034698400676035135,0.004958927631378174,-0.37691932916641235,-0.038877029001497476,-0.004461348056793213,-0.4303259253501892,-0.036261044472240656
I,0.0,0.0,0.0,-0.07194733619689941,-0.03693884611129761,-0.018908972828427295,-0.12898164987564087,-0.11061751842498779,-0.03240517431382273,-0.1405581533908844,-0.2010672688484192,-0.04995708072070215,-0.10018137097358704,-0.2645028233528137,-0.06065962740663622,-0.12120795249938965,-0.21557247638702393,0.014828166016599198,-0.14426106214523315,-0.2935974895954132,-0.021863956912199,-0.1337929666042328,-0.2386718988418579,-0.04318370574597452,-0.12275615334510803,-0.19885820150375366,-0.05032111608866785,-0.07877832651138306,-0.23329567909240723,0.011248447024485131,-0.09554597735404968,-0.3110390901565552,-0.03373454415682886,-0.09298723936080933,-0.23997777700424194,-0.0522334305334482,-0.0891132652759552,-0.19256001710891724,-0.05201171243075464,-0.03365609049797058,-0.24343448877334595,0.0006275793074053126,-0.04593101143836975,-0.3236802816390991,-0.038699741451779346,-0.05881547927856445,-0.2516852021217346,-0.03976981618885134,-0.06671419739723206,-0.1936599612236023,-0.0268368692833576,0.010905355215072632,-0.24338126182556152,-0.012052052630821208,0.008543670177459717,-0.3262981176376343,-0.030122735514083843,0.002051055431365967,-0.37871605157852173,-0.03353695848468874,-0.006633967161178589,-0.4312549829483032,-0.029744653939047794
I,0.0,0.0,0.0,-0.07033896446228027,-0.03850632905960083,-0.018940647190447635,-0.12433785200119019,-0.11210459470748901,-0.032769491022463626,-0.13332471251487732,-0.20022350549697876,-0.0510675060208996,-0.09443536400794983,-0.2622455656528473,-0.062172842269774264,-0.12043198943138123,-0.21791040897369385,0.012941136898461991,-0.14305680990219116,-0.2973025441169739,-0.02706940012240011,-0.13004210591316223,-0.2434680163860321,-0.05071415851080019,-0.11769500374794006,-0.2005922794342041,-0.05892561475002367,-0.07802993059158325,-0.2349957823753357,0.008133890980843717,-0.08935678005218506,-0.318703293800354,-0.03970774362051088,-0.08713880181312561,-0.2532690167427063,-0.05998125026189882,-0.08550512790679932,-0.20634162425994873,-0.06090526381694872,-0.032892823219299316,-0.24323809146881104,-0.0038631023485322658,-0.037682801485061646,-0.3263658881187439,-0.044378426915045566,-0.04872533679008484,-0.2574498951435089,-0.04370752075874407,-0.05834227800369263,-0.20236486196517944,-0.029504015168186015,0.012410640716552734,-0.24147123098373413,-0.018220114579435176,0.011628180742263794,-0.3233325481414795,-0.03721759194695551,0.00742793083190918,-0.3747478723526001,-0.0394233549591263,5.692243576049805e-06,-0.42631393671035767,-0.034318258112307376
I,0.0,0.0,0.0,-0.06926074624061584,-0.03369498252868652,-0.020395405506803854,-0.12236288189888,-0.10867226123809814,-0.034888179889037474,-0.12755325436592102,-0.19731849431991577,-0.05297678886921631,-0.08680987358093262,-0.2573331892490387,-0.06447011037738548,-0.12298423051834106,-0.21523112058639526,0.006918878378257887,-0.14394551515579224,-0.2973826229572296,-0.033102853139951094,-0.13084164261817932,-0.25139981508255005,-0.05756471856506096,-0.1176149845123291,-0.2093711495399475,-0.06630101605327354,-0.079842209815979,-0.23261606693267822,0.0033781296479560297,-0.0879262387752533,-0.3184354305267334,-0.04248316391380058,-0.08605927228927612,-0.25817257165908813,-0.061820184728219374,-0.08399519324302673,-0.21376216411590576,-0.06267744853170143,-0.03459545969963074,-0.239766925573349,-0.0069409035240255434,-0.03374716639518738,-0.3160058259963989,-0.0462350900378965,-0.046536654233932495,-0.24658572673797607,-0.045195681890561445,-0.056979864835739136,-0.19316530227661133,-0.031024329280569418,0.010719627141952515,-0.2368352711200714,-0.01958306870432125,0.009717732667922974,-0.31712663173675537,-0.0381922516134523,0.00492781400680542,-0.3673129677772522,-0.03900593697102295,-0.0018414855003356934,-0.41769492626190186,-0.03286908372314201
I,0.0,0.0,0.0,-0.06842708587646484,-0.03730642795562744,-0.025581998086011026,-0.11911380290985107,-0.10941237211227417,-0.043379464453494165,-0.12030142545700073,-0.19840764999389648,-0.06414390102628431,-0.0806865394115448,-0.26171159744262695,-0.07850538686517439,-0.12589120864868164,-0.22403937578201294,0.005513526232505228,-0.13770723342895508,-0.3037570118904114,-0.035723717218672846,-0.12440118193626404,-0.2565076947212219,-0.06257141128781996,-0.11125865578651428,-0.21431976556777954,-0.07288250074390135,-0.08161082863807678,-0.23879662156105042,0.003842772183531906,-0.08014112710952759,-0.3239864110946655,-0.0432478648484107,-0.07718726992607117,-0.262338787317276,-0.06532473609451017,-0.07490244507789612,-0.21476596593856812,-0.06746465460065565,-0.0352570116519928,-0.24447882175445557,-0.005126856068557117,-0.025506407022476196,-0.32218021154403687,-0.04511180639866552,-0.03696709871292114,-0.2550269365310669,-0.04714302093390188,-0.047498464584350586,-0.20053458213806152,-0.034597137278353784,0.010866999626159668,-0.23778420686721802,-0.016790571889316652,0.011680811643600464,-0.31693315505981445,-0.034963076269662,0.007739633321762085,-0.36534005403518677,-0.03609308720234594,0.0018377304077148438,-0.4140445590019226,-0.029839060536062334
I,0.0,0.0,0.0,-0.06996971368789673,-0.03929978609085083,-0.01975669862466134,-0.1204264760017395,-0.1100226640701294,-0.034634995849302186,-0.11902907490730286,-0.19870173931121826,-0.0531344186677245,-0.08368298411369324,-0.2617718577384949,-0.06538182833926953,-0.12585586309432983,-0.2129685878753662,0.00711423473669015,-0.14154812693595886,-0.2977980375289917,-0.03110790775852479,-0.1257796585559845,-0.2517751157283783,-0.05521023237841405,-0.11335578560829163,-0.2079440951347351,-0.06390577891605176,-0.08209189772605896,-0.22782623767852783,0.0037144842860641347,-0.08697998523712158,-0.3100946545600891,-0.03903745451705731,-0.07959020137786865,-0.24809980392456055,-0.058251462520530595,-0.07639691233634949,-0.20237016677856445,-0.059951748342683686,-0.03630751371383667,-0.2358919084072113,-0.006157726624479665,-0.03279513120651245,-0.31267523765563965,-0.04264904895561017,-0.04003190994262695,-0.2503412365913391,-0.04310114273565091,-0.04676026105880737,-0.19951480627059937,-0.03130288013952054,0.00974234938621521,-0.2335931658744812,-0.018341621027758492,0.01102718710899353,-0.3113582730293274,-0.03483451494710721,0.006096929311752319,-0.3599315285682678,-0.03541265764968671,-0.0015792548656463623,-0.40836721658706665,-0.029892732964327706
I,0.0,0.0,0.0,-0.06560945510864258,-0.04634571075439453,-0.016912419337955953,-0.10959771275520325,-0.12322688102722168,-0.028842337418524266,-0.10420981049537659,-0.21551373600959778,-0.045114651311365606,-0.06570863723754883,-0.2718164920806885,-0.055679764587608815,-0.11547645926475525,-0.2066691517829895,0.012092140514226912,-0.12692120671272278,-0.29840195178985596,-0.022165508929816724,-0.11497873067855835,-0.2449992299079895,-0.043640531588522435,-0.10626015067100525,-0.19621577858924866,-0.05144254117104197,-0.07241708040237427,-0.22124996781349182,0.008258455443950652,-0.07648316025733948,-0.30665403604507446,-0.03041047229262972,-0.06801155209541321,-0.2442798614501953,-0.048373639572588445,-0.06274977326393127,-0.1993103325366974,-0.050419017661539556,-0.028988242149353027,-0.23154878616333008,-0.0017675694433876288,-0.027271240949630737,-0.3136281967163086,-0.034361902613369466,-0.03155192732810974,-0.25517696142196655,-0.035415098060099126,-0.034620195627212524,-0.20417413115501404,-0.025270838279453756,0.01386311650276184,-0.23369237780570984,-0.014069222834137918,0.01226094365119934,-0.3124343156814575,-0.027348220337358953,0.009783536195755005,-0.36038416624069214,-0.027750413853851796,0.006935536861419678,-0.40472477674484253,-0.023282449681488515
I,0.0,0.0,0.0,-0.0672224760055542,-0.04782998561859131,-0.014378828821435263,-0.10736575722694397,-0.1269972324371338,-0.02438734647418528,-0.09846034646034241,-0.21805334091186523,-0.03880408954407244,-0.05792814493179321,-0.271939754486084,-0.048175008861079505,-0.10770362615585327,-0.19994357228279114,0.016199855240330407,-0.1270383894443512,-0.2852369546890259,-0.014019721081211856,-0.11258888244628906,-0.24204081296920776,-0.035685444144263556,-0.09876757860183716,-0.19855496287345886,-0.04413907778049975,-0.06792914867401123,-0.21708005666732788,0.012323225954816053,-0.0762602686882019,-0.2997072637081146,-0.02186758805598288,-0.06637683510780334,-0.24209654331207275,-0.0413061435201314,-0.05872800946235657,-0.1982100009918213,-0.04512045335556536,-0.027174293994903564,-0.22845607995986938,0.00310199532125921,-0.027271777391433716,-0.3123907744884491,-0.025224702326312354,-0.03154608607292175,-0.25678929686546326,-0.02646120999540358,-0.03178110718727112,-0.20618334412574768,-0.017148738620534232,0.013635754585266113,-0.2304072380065918,-0.008235296128049185,0.011480987071990967,-0.31037384271621704,-0.018491040808811476,0.005388379096984863,-0.3603048324584961,-0.017800155920639327,-0.0002397298812866211,-0.4052855372428894,-0.012990103928103736
I,0.0,0.0,0.0,-0.06380465626716614,-0.0458528995513916,-0.017336501578114394,-0.10347682237625122,-0.12591850757598877,-0.02777001338662899,-0.0924605131149292,-0.21764019131660461,-0.041861566553137664,-0.05107992887496948,-0.2712221145629883,-0.050186007121823195,-0.10487085580825806,-0.19191387295722961,0.013205608514823552,-0.12317660450935364,-0.2812903821468353,-0.01870815905394352,-0.10650116205215454,-0.2372206449508667,-0.04016546795728004,-0.09225663542747498,-0.19330653548240662,-0.04780084903003967,-0.06506615877151489,-0.20889803767204285,0.010924168092884656,-0.07096704840660095,-0.29422932863235474,-0.024165653461835745,-0.060404807329177856,-0.23766517639160156,-0.04260668794276512,-0.053909242153167725,-0.19492194056510925,-0.04552125448944366,-0.02445235848426819,-0.22082674503326416,0.0027424939197828735,-0.022207021713256836,-0.30608099699020386,-0.026781153703353766,-0.026321232318878174,-0.2507144808769226,-0.028032013053319815,-0.02746182680130005,-0.20065605640411377,-0.0183969706541518,0.015240669250488281,-0.22381561994552612,-0.00780642156141198,0.014509797096252441,-0.30235564708709717,-0.019024186605832938,0.008422136306762695,-0.3533482551574707,-0.019371407876036528,0.0024500489234924316,-0.3985399007797241,-0.015260801488778952
I,0.0,0.0,0.0,-0.06245717406272888,-0.04809689521789551,-0.022385310130886182,-0.10020029544830322,-0.13064044713974,-0.03339995605008994,-0.08791965246200562,-0.22588056325912476,-0.04671365928905402,-0.04511633515357971,-0.27890175580978394,-0.05363316622631942,-0.10260841250419617,-0.1978822648525238,0.0135143653203329,-0.11778175830841064,-0.2864767611026764,-0.01900294956820403,-0.10247421264648438,-0.24026638269424438,-0.04055348944919501,-0.09094947576522827,-0.19697287678718567,-0.04782982704298888,-0.060904502868652344,-0.2148207724094391,0.014378189360030547,-0.06798923015594482,-0.30116719007492065,-0.021510129543713674,-0.05881589651107788,-0.24043554067611694,-0.03972249639289771,-0.05373165011405945,-0.19776099920272827,-0.04139515918748771,-0.019787728786468506,-0.2248450219631195,0.008594007482059851,-0.02002936601638794,-0.30590561032295227,-0.021432965743116483,-0.024692773818969727,-0.24854037165641785,-0.02289416057126914,-0.025717079639434814,-0.19860905408859253,-0.012631227011553392,0.020266175270080566,-0.2259056568145752,5.352581840156745e-05,0.017840147018432617,-0.30504924058914185,-0.010621487843565092,0.011373281478881836,-0.35614776611328125,-0.011064738715759859,0.004774987697601318,-0.4016343653202057,-0.006713971244863615
I,0.0,0.0,0.0,-0.059510499238967896,-0.047164320945739746,-0.027646060202386025,-0.09788328409194946,-0.13296449184417725,-0.04108475251879895,-0.08630555868148804,-0.22782862186431885,-0.05564997075882161,-0.04180362820625305,-0.2797399163246155,-0.06309417738404477,-0.106303870677948,-0.20173728466033936,0.006996767960373518,-0.12174853682518005,-0.29195430874824524,-0.028102000344659928,-0.09960311651229858,-0.2473594844341278,-0.05010492085304463,-0.08417531847953796,-0.2059805989265442,-0.056961004722978714,-0.06337320804595947,-0.2187393605709076,0.009955147180590984,-0.07016927003860474,-0.31045180559158325,-0.02805076642718518,-0.05435091257095337,-0.25394901633262634,-0.04599341108288968,-0.04676958918571472,-0.21131819486618042,-0.0464305440970918,-0.021015048027038574,-0.22703459858894348,0.005769001684967634,-0.02332329750061035,-0.30573952198028564,-0.02571050739672387,-0.02154940366744995,-0.25351548194885254,-0.027899202991392258,-0.019976496696472168,-0.2086506187915802,-0.01731175659980977,0.020647823810577393,-0.22601285576820374,-0.001507548483203891,0.01616048812866211,-0.30390578508377075,-0.012625002402927521,0.011167585849761963,-0.35518884658813477,-0.01376745207991803,0.004594147205352783,-0.4015461206436157,-0.009711575795080307
I,0.0,0.0,0.0,-0.05977696180343628,-0.05428659915924072,-0.022766176830515406,-0.09304723143577576,-0.14106398820877075,-0.03374699711380913,-0.07841011881828308,-0.23396480083465576,-0.04747717290698006,-0.03415936231613159,-0.2824144959449768,-0.055080926265105745,-0.10387057065963745,-0.20251378417015076,0.015881687183394888,-0.11613595485687256,-0.2924134135246277,-0.01620001740334942,-0.09582006931304932,-0.2531820833683014,-0.037852497990712664,-0.08087682723999023,-0.2131335735321045,-0.0448678193944545,-0.0608849823474884,-0.21975940465927124,0.01645870857359455,-0.0655188262462616,-0.3114040791988373,-0.020533653195485613,-0.04944723844528198,-0.2508949637413025,-0.0395739956158252,-0.04207956790924072,-0.20514535903930664,-0.040225116755351564,-0.01891392469406128,-0.22913795709609985,0.010251913931682566,-0.020724177360534668,-0.307727575302124,-0.020431442405566713,-0.016387104988098145,-0.2540716230869293,-0.023414887707218668,-0.012606263160705566,-0.20754843950271606,-0.012978222440466425,0.02204430103302002,-0.22904619574546814,0.0013597862697167784,0.021354079246520996,-0.30777689814567566,-0.007834707606122038,0.018872976303100586,-0.35767263174057007,-0.007773265927568218,0.014134585857391357,-0.40283340215682983,-0.002878188607752463
I,0.0,0.0,0.0,-0.05958780646324158,-0.04777932167053223,-0.026276703181338235,-0.0941041111946106,-0.1366732120513916,-0.03866612464435093,-0.07887211441993713,-0.23238950967788696,-0.05224230066187374,-0.033071279525756836,-0.28304344415664673,-0.05900465995318882,-0.10105431079864502,-0.1988922357559204,0.010870714483189658,-0.11217090487480164,-0.29274022579193115,-0.019774980100464745,-0.09691837430000305,-0.24867990612983704,-0.039297486844134255,-0.08541268110275269,-0.2104840874671936,-0.04543927982695095,-0.058764517307281494,-0.21632879972457886,0.014018643458712177,-0.06272494792938232,-0.3152088522911072,-0.02294812090940468,-0.0529518723487854,-0.25383463501930237,-0.04110762775189869,-0.04750877618789673,-0.20945358276367188,-0.041304889323782845,-0.017494678497314453,-0.22590425610542297,0.0106128508200527,-0.020062506198883057,-0.30759352445602417,-0.018567719685506745,-0.020374953746795654,-0.2526320517063141,-0.020198979603719636,-0.01740288734436035,-0.20626845955848694,-0.009428579548966809,0.02343463897705078,-0.22665724158287048,0.004215660781937913,0.020731985569000244,-0.3040553331375122,-0.003810322799381538,0.015618979930877686,-0.3556063175201416,-0.0038007283142178494,0.009824216365814209,-0.40300676226615906,0.00045024389737591264
I,0.0,0.0,0.0,-0.059678107500076294,-0.05232584476470947,-0.02934174640657261,-0.09156203269958496,-0.1403728723526001,-0.043565785797255785,-0.07451298832893372,-0.23351198434829712,-0.058677630783932955,-0.0313839316368103,-0.28664150834083557,-0.06681188038172081,-0.10510802268981934,-0.20491549372673035,0.009156228689533918,-0.1134493350982666,-0.2926514744758606,-0.025667099567073137,-0.09324955940246582,-0.2493891716003418,-0.04892245894851044,-0.07985034584999084,-0.21051988005638123,-0.05682828119577721,-0.06031918525695801,-0.2225378155708313,0.013064410252553671,-0.06324714422225952,-0.3139403462409973,-0.02597045554401234,-0.04882669448852539,-0.24979627132415771,-0.04570237016858414,-0.043490588665008545,-0.20635753870010376,-0.04668729222001389,-0.01750713586807251,-0.23123055696487427,0.009761333180648535,-0.01771920919418335,-0.3106779158115387,-0.02181526860775307,-0.015291690826416016,-0.2547670602798462,-0.02421009941579655,-0.01328200101852417,-0.207712322473526,-0.013387359032350332,0.024256467819213867,-0.23076164722442627,0.0032841495182935887,0.021657347679138184,-0.31012746691703796,-0.006235668254959137,0.018557727336883545,-0.36013728380203247,-0.005923368321674616,0.013012826442718506,-0.4062264859676361,-0.0007889140336203582
I,0.0,0.0,0.0,-0.058999061584472656,-0.05240988731384277,-0.03133744464273036,-0.09004315733909607,-0.1420663595199585,-0.045179896960206634,-0.07326281070709229,-0.2366182804107666,-0.05956751198525012,-0.029612064361572266,-0.28797808289527893,-0.06678526938910068,-0.10304993391036987,-0.20862340927124023,0.013073382926933164,-0.10948047041893005,-0.29681047797203064,-0.02027429171855033,-0.0935937762260437,-0.2559097111225128,-0.043166023651309615,-0.0837428867816925,-0.2167096734046936,-0.05094910875911296,-0.05899173021316528,-0.2254880666732788,0.0181954624409002,-0.05975586175918579,-0.31623125076293945,-0.021139983991332656,-0.04753929376602173,-0.25505396723747253,-0.04270832330936969,-0.04435300827026367,-0.21207565069198608,-0.04428516046161235,-0.017291545867919922,-0.23367944359779358,0.015709764351896638,-0.016820967197418213,-0.3130798637866974,-0.015389424720950728,-0.013690412044525146,-0.2690894603729248,-0.021011912236161834,-0.0112571120262146,-0.23161664605140686,-0.012600994641132957,0.02358102798461914,-0.23275482654571533,0.00992568491940915,0.02207028865814209,-0.31082719564437866,0.001229763408019835,0.020634770393371582,-0.3608490824699402,0.0005731916449178698,0.016957581043243408,-0.408423513174057,0.004843109780750865
I,0.0,0.0,0.0,-0.05662757158279419,-0.051224708557128906,-0.0339598130239267,-0.08577460050582886,-0.1438925862312317,-0.04801087787282654,-0.06359297037124634,-0.2394787073135376,-0.06137657871377655,-0.016115665435791016,-0.2883893549442291,-0.06744105702173897,-0.09908780455589294,-0.20721691846847534,0.006555552520779884,-0.10373193025588989,-0.29657426476478577,-0.02534728644323536,-0.08440166711807251,-0.25190383195877075,-0.04642378872168251,-0.0751693844795227,-0.2139502763748169,-0.05377536227834412,-0.053869009017944336,-0.22643378376960754,0.014128285852251565,-0.05440032482147217,-0.31905433535575867,-0.023026950265290225,-0.03812068700790405,-0.2510661482810974,-0.041906769926669085,-0.03578609228134155,-0.2093256711959839,-0.04240437185299584,-0.012625038623809814,-0.2343740165233612,0.014451657813964403,-0.012326836585998535,-0.3120444715023041,-0.014761999788703406,-0.006403923034667969,-0.2596217393875122,-0.01746156958770939,-0.004413247108459473,-0.21949046850204468,-0.007591981048705065,0.027154207229614258,-0.23236322402954102,0.01130688974726013,0.02691096067428589,-0.31074759364128113,0.0033339617503713725,0.02804642915725708,-0.3593572974205017,0.0034192655431013463,0.024406075477600098,-0.40666794776916504,0.00787174554633907
I,0.0,0.0,0.0,-0.05581742525100708,-0.04832953214645386,-0.03231460305556766,-0.08820784091949463,-0.13635307550430298,-0.04748644384250156,-0.06799542903900146,-0.23140913248062134,-0.06237968879446498,-0.02146899700164795,-0.28219541907310486,-0.0708277009676408,-0.10342895984649658,-0.21143299341201782,0.003793832774533712,-0.1048574447631836,-0.2948937714099884,-0.02813105362162105,-0.08718299865722656,-0.2545790374279022,-0.049735837454647935,-0.07711407542228699,-0.21645814180374146,-0.0577593751500558,-0.05794930458068848,-0.23003095388412476,0.009699111965744578,-0.0551224946975708,-0.31799423694610596,-0.026266003797502435,-0.04045325517654419,-0.25267547369003296,-0.04419450911387912,-0.03720080852508545,-0.2089247703552246,-0.04492440896734706,-0.015121877193450928,-0.23740124702453613,0.00874625535055884,-0.013492405414581299,-0.31384581327438354,-0.020941360692233957,-0.008093833923339844,-0.25986915826797485,-0.023285330111832536,-0.006372570991516113,-0.2162221074104309,-0.013435856277794755,0.025269687175750732,-0.2333354353904724,0.004581815724520766,0.02490389347076416,-0.31255990266799927,-0.005513045775444425,0.025111079216003418,-0.360911101102829,-0.005747448025942958,0.021296381950378418,-0.4083137512207031,-0.001403609245755888
I,0.0,0.0,0.0,-0.05648529529571533,-0.05069929361343384,-0.03667424195296576,-0.08754578232765198,-0.13437163829803467,-0.055172360919783614,-0.06501883268356323,-0.22674834728240967,-0.07276641898639014,-0.01999974250793457,-0.27938464283943176,-0.0820780130553942,-0.10856109857559204,-0.22021692991256714,0.00045783240497598854,-0.10338485240936279,-0.29678764939308167,-0.03647241317517569,-0.08639633655548096,-0.239341139793396,-0.05965934269912054,-0.08007246255874634,-0.20095372200012207,-0.06864309632069876,-0.060855090618133545,-0.23690301179885864,0.0071422630470294735,-0.05719923973083496,-0.31642913818359375,-0.033138278358052276,-0.04512321949005127,-0.24117106199264526,-0.04891131021864226,-0.04382514953613281,-0.2032758593559265,-0.047774318091938994,-0.01654917001724243,-0.24184924364089966,0.005750362343718507,-0.013610780239105225,-0.3139684498310089,-0.02776944772190859,-0.011508285999298096,-0.2523583173751831,-0.02565525979585459,-0.012155294418334961,-0.20942312479019165,-0.012054490343103907,0.025855720043182373,-0.23537927865982056,0.00048180607413428334,0.02712041139602661,-0.3134934902191162,-0.013198396608601115,0.027692735195159912,-0.35964906215667725,-0.012847743414710067,0.023952364921569824,-0.4082218408584595,-0.0069905849624376515
I,0.0,0.0,0.0,-0.054025471210479736,-0.0517268180847168,-0.03788898578397948,-0.08122199773788452,-0.13671088218688965,-0.056963328928873125,-0.05969583988189697,-0.22899949550628662,-0.07519608056657034,-0.017551898956298828,-0.28268900513648987,-0.08537107771746832,-0.0950903594493866,-0.21908193826675415,-0.0020161659505220086,-0.09672486782073975,-0.30409732460975647,-0.039106015772745195,-0.08408099412918091,-0.253162682056427,-0.06174478373043257,-0.07854968309402466,-0.21080619096755981,-0.0696526474367829,-0.049969255924224854,-0.23612922430038452,0.005429080496355709,-0.04789525270462036,-0.32093822956085205,-0.033966370583698335,-0.038163959980010986,-0.2513577342033386,-0.049591940553114,-0.038116276264190674,-0.21319961547851562,-0.048669622005149904,-0.008056282997131348,-0.24150896072387695,0.004773329752310929,-0.005192160606384277,-0.3141360282897949,-0.02800525604300219,-0.006137192249298096,-0.2579633593559265,-0.026741887168213907,-0.0075609683990478516,-0.2161731719970703,-0.014345379271730963,0.03344303369522095,-0.23760104179382324,4.172329306584288e-05,0.035867393016815186,-0.31944307684898376,-0.01220874274633843,0.03639000654220581,-0.36824506521224976,-0.011566933901235643,0.033177971839904785,-0.4156284034252167,-0.00614156499989349
I,0.0,0.0,0.0,-0.05562371015548706,-0.05248337984085083,-0.03941778775731564,-0.08549767732620239,-0.13498592376708984,-0.060571774211325646,-0.05824291706085205,-0.22475457191467285,-0.08021543484608173,-0.007868707180023193,-0.273978054523468,-0.0914362997976923,-0.0998372733592987,-0.2268558144569397,-0.007499460898884536,-0.09305119514465332,-0.3056652545928955,-0.04739013251344204,-0.07650595903396606,-0.2432922124862671,-0.07183346461931706,-0.07083535194396973,-0.20303583145141602,-0.08079167020002842,-0.05149656534194946,-0.2409237027168274,-0.0002511357128014424,-0.042330801486968994,-0.32303211092948914,-0.04262895074168682,-0.03244602680206299,-0.2460557222366333,-0.05900423165837765,-0.03241080045700073,-0.20548027753829956,-0.05769151013771534,-0.006675660610198975,-0.24425101280212402,-0.0009358229111740002,0.002039611339569092,-0.3112916946411133,-0.03526678245941639,0.0017257928848266602,-0.24681365489959717,-0.03362450685779095,-0.0016509294509887695,-0.202275812625885,-0.019620969262518884,0.03506511449813843,-0.23624074459075928,-0.0056420525764906415,0.03737354278564453,-0.3179106116294861,-0.017536924522914887,0.03711289167404175,-0.36682218313217163,-0.015801213052668572,0.03263932466506958,-0.41536206007003784,-0.008954312954642774
I,0.0,0.0,0.0,-0.055316925048828125,-0.05673038959503174,-0.03626364346891364,-0.08333241939544678,-0.13810813426971436,-0.05687516432553252,-0.05427676439285278,-0.2246273159980774,-0.07671598222404441,-0.005479633808135986,-0.2740558981895447,-0.08854248997121772,-0.09614843130111694,-0.21989750862121582,-0.0077282052330645,-0.09308186173439026,-0.30510175228118896,-0.048009342218932716,-0.07397687435150146,-0.2453661561012268,-0.07381010677963218,-0.06768769025802612,-0.20373284816741943,-0.08419734861999473,-0.04800760746002197,-0.23570209741592407,-0.0023969231948228753,-0.04343754053115845,-0.3251454830169678,-0.0437216560199829,-0.03053063154220581,-0.2521236538887024,-0.06146624934225997,-0.02901703119277954,-0.21212881803512573,-0.0626803400769802,-0.0035393834114074707,-0.24084806442260742,-0.004606703932580558,0.0015856623649597168,-0.3117782473564148,-0.03768950205594024,0.0018291473388671875,-0.24790644645690918,-0.03634364407807311,-0.00104445219039917,-0.20069223642349243,-0.023834076414999572,0.03864520788192749,-0.23475128412246704,-0.01079099130183181,0.04128706455230713,-0.31944552063941956,-0.023286695297059623,0.04213762283325195,-0.3698716163635254,-0.022831205914911834,0.037751078605651855,-0.41767627000808716,-0.01782231469005069
I,0.0,0.0,0.0,-0.05498403310775757,-0.055483341217041016,-0.03891075969377766,-0.0847821831703186,-0.13508760929107666,-0.06079410210887204,-0.058224260807037354,-0.22299283742904663,-0.08171465442219983,-0.00908958911895752,-0.2727925777435303,-0.0937418137554289,-0.09358745813369751,-0.233909010887146,-0.007605833547955854,-0.08859336376190186,-0.3095273971557617,-0.04881176546851407,-0.07425320148468018,-0.24447596073150635,-0.07209357813636075,-0.06974124908447266,-0.206182062625885,-0.08027587280312787,-0.046768128871917725,-0.2461402416229248,-0.0015790669357613751,-0.03815346956253052,-0.3222929835319519,-0.044029621488249404,-0.030071139335632324,-0.24413549900054932,-0.057078091508543594,-0.030430078506469727,-0.21112483739852905,-0.05440320641437779,-0.0023190975189208984,-0.24717170000076294,-0.004130158188587529,0.0075768232345581055,-0.3118034601211548,-0.04108485401312123,0.003597557544708252,-0.24330031871795654,-0.03662142351905118,-0.0022963881492614746,-0.20071852207183838,-0.020794134667909248,0.04065203666687012,-0.23793089389801025,-0.010836553840732677,0.04470062255859375,-0.32196933031082153,-0.02638376139739762,0.04545480012893677,-0.373004674911499,-0.025048004544174773,0.0426025390625,-0.42511558532714844,-0.018074363550937278
I,0.0,0.0,0.0,-0.05792129039764404,-0.055968284606933594,-0.03190383412010078,-0.08947259187698364,-0.13759344816207886,-0.05124234877592926,-0.06233733892440796,-0.226800799369812,-0.07134068109161262,-0.008229851722717285,-0.27185189723968506,-0.0836550528562725,-0.0925912857055664,-0.23159152269363403,-0.0019275658211768132,-0.09046784043312073,-0.31060898303985596,-0.03980673201448326,-0.07545042037963867,-0.24633795022964478,-0.06324059613115196,-0.0679507851600647,-0.20508414506912231,-0.07270564235813026,-0.0454026460647583,-0.2464141845703125,0.0004891251067533631,-0.04041200876235962,-0.3294145464897156,-0.042050582394665525,-0.0295446515083313,-0.2519158124923706,-0.05850081242687111,-0.026198148727416992,-0.20620179176330566,-0.05825512208110695,-0.00018900632858276367,-0.2510283589363098,-0.004479474891638802,0.005676925182342529,-0.3291761875152588,-0.03932039164072876,0.005516707897186279,-0.25821518898010254,-0.03628013752467041,0.0036860108375549316,-0.20294004678726196,-0.021851389706796454,0.04327934980392456,-0.24304264783859253,-0.013176931106215761,0.04891538619995117,-0.3268287777900696,-0.027074982450074003,0.049863457679748535,-0.37857770919799805,-0.027142961547440336,0.04594242572784424,-0.4290543794631958,-0.02216151826149826
I,0.0,0.0,0.0,-0.05757111310958862,-0.052915334701538086,-0.03709677997611038,-0.08940216898918152,-0.13553762435913086,-0.05752912181995384,-0.06352514028549194,-0.2273067831993103,-0.07789863664291374,-0.009570598602294922,-0.2761216163635254,-0.09024003166339867,-0.0951729416847229,-0.23085588216781616,-0.003125805823202654,-0.09392675757408142,-0.3124772310256958,-0.04158895853541367,-0.07801318168640137,-0.248915433883667,-0.06552344578884117,-0.07002824544906616,-0.2075023055076599,-0.0749973954596328,-0.04817605018615723,-0.24675709009170532,0.001839409632538036,-0.042729079723358154,-0.3324517607688904,-0.04210480320833199,-0.03190845251083374,-0.2550904154777527,-0.06163841876767151,-0.029644012451171875,-0.2104817032814026,-0.06319925207279198,-0.0030472874641418457,-0.2513759136199951,-0.000978564560483619,0.0036795735359191895,-0.3291015028953552,-0.03785456362746231,0.002919614315032959,-0.2573322653770447,-0.038794640634279176,0.0001519918441772461,-0.20183312892913818,-0.0264567585625457,0.039880335330963135,-0.24346160888671875,-0.007671575244586393,0.04626256227493286,-0.32827818393707275,-0.022529237154941484,0.04775035381317139,-0.3816394805908203,-0.02475511859736912,0.04445141553878784,-0.43316471576690674,-0.02118170279644005
I,0.0,0.0,0.0,-0.06016671657562256,-0.054455339908599854,-0.03115908216128105,-0.0927283763885498,-0.13546162843704224,-0.049195321010444104,-0.0675598680973053,-0.22731757164001465,-0.06872006292829269,-0.01262509822845459,-0.2712497115135193,-0.08056517477521652,-0.09247550368309021,-0.2288951277732849,0.0035613235421294576,-0.09438773989677429,-0.3149269223213196,-0.03393262411842102,-0.08232474327087402,-0.25014543533325195,-0.05615486364254707,-0.07469835877418518,-0.2067887783050537,-0.0639474445153212,-0.04604065418243408,-0.24534964561462402,0.005868160432186187,-0.043346107006073,-0.3304121494293213,-0.03694249104151481,-0.036560773849487305,-0.251664936542511,-0.05388167660126442,-0.0336226224899292,-0.20727545022964478,-0.053217636154982983,-0.001174628734588623,-0.25169700384140015,0.0004398481731584525,0.002928316593170166,-0.3306703567504883,-0.036008355872723996,-0.001032412052154541,-0.25700920820236206,-0.03475291441569084,-0.003701508045196533,-0.20072925090789795,-0.020422037424538075,0.04187542200088501,-0.24704217910766602,-0.008490677656624257,0.04712861776351929,-0.3324202299118042,-0.022691342713329732,0.048220038414001465,-0.3855608105659485,-0.023425768794510304,0.04612010717391968,-0.43721508979797363,-0.018400836469623982
I,0.0,0.0,0.0,-0.06098669767379761,-0.05639350414276123,-0.03223830227935309,-0.09113851189613342,-0.13728517293930054,-0.052134109187960576,-0.06214079260826111,-0.2264333963394165,-0.0728944665678739,-0.009235858917236328,-0.27492082118988037,-0.08575590466344352,-0.09190991520881653,-0.23470419645309448,-0.0008349355702250705,-0.08872416615486145,-0.3174915909767151,-0.04204622795069213,-0.07849955558776855,-0.2487470507621765,-0.06784676526868338,-0.07334977388381958,-0.2023199200630188,-0.07770890508973594,-0.043998122215270996,-0.24859005212783813,0.0016465127774552002,-0.03929555416107178,-0.33134496212005615,-0.04339694743239875,-0.03428065776824951,-0.25179433822631836,-0.0621658503004312,-0.0323101282119751,-0.2085179090499878,-0.062885438550353,0.0018842220306396484,-0.25190162658691406,-0.0036419876777529225,0.010347068309783936,-0.32708311080932617,-0.0412966734656095,0.0028870105743408203,-0.2534368634223938,-0.04088394110286231,-0.0036542415618896484,-0.19848370552062988,-0.027400578830480526,0.04551553726196289,-0.2440001368522644,-0.012435784090399693,0.0519791841506958,-0.3307175636291504,-0.027691315386533688,0.04979509115219116,-0.38444146513938904,-0.028612153131604146,0.04335033893585205,-0.43693655729293823,-0.0237093507238626
I,0.0,0.0,0.0,-0.059642255306243896,-0.05205690860748291,-0.03326494690105619,-0.09552907943725586,-0.1326860785484314,-0.05434984039590063,-0.0711435079574585,-0.22193193435668945,-0.0762135691575736,-0.014495551586151123,-0.2645733952522278,-0.09011667292639913,-0.09036138653755188,-0.23297899961471558,-0.007431705725196025,-0.09187647700309753,-0.316297709941864,-0.04736770015284719,-0.08241552114486694,-0.24337679147720337,-0.07000235539004507,-0.077416330575943,-0.19862878322601318,-0.0783682249121398,-0.04363042116165161,-0.24876713752746582,-0.005026606154444835,-0.0417637825012207,-0.32998549938201904,-0.04890607368275823,-0.03639781475067139,-0.24516695737838745,-0.06463319134041967,-0.03458106517791748,-0.20265042781829834,-0.06405966054722967,0.001850903034210205,-0.2540409564971924,-0.010001769066604993,0.0075498223304748535,-0.3345017433166504,-0.046956871413442514,0.0004892945289611816,-0.257213830947876,-0.04464975070283117,-0.005921542644500732,-0.1994379758834839,-0.030526936762782952,0.04548674821853638,-0.24790894985198975,-0.018504773043844125,0.04845929145812988,-0.33566683530807495,-0.03385488387272062,0.048394083976745605,-0.38846996426582336,-0.03481238033697309,0.04540073871612549,-0.4389616847038269,-0.030288123302909753
I,0.0,0.0,0.0,-0.06162646412849426,-0.053534746170043945,-0.03420110589436831,-0.09755077958106995,-0.13340741395950317,-0.055640419782918116,-0.07597768306732178,-0.22331517934799194,-0.07767084038428607,-0.019098103046417236,-0.26550471782684326,-0.09164028412274661,-0.09313395619392395,-0.23294299840927124,-0.004963872326385399,-0.09649291634559631,-0.3160855174064636,-0.045107954950850626,-0.08344539999961853,-0.2468496561050415,-0.06882255321912112,-0.07704442739486694,-0.1993483304977417,-0.07740063762835803,-0.04555487632751465,-0.2502899169921875,-0.0020546664724463426,-0.045969367027282715,-0.33430975675582886,-0.045327054174464365,-0.03709983825683594,-0.25157302618026733,-0.06310068613461794,-0.036774396896362305,-0.20987170934677124,-0.06432650780848803,0.0005645751953125,-0.2560539245605469,-0.006682317076098343,0.005058765411376953,-0.34105342626571655,-0.043972389610331675,-0.0001856684684753418,-0.26764047145843506,-0.0436327548938209,-0.007008075714111328,-0.20931029319763184,-0.031050419272702356,0.045500755310058594,-0.24930059909820557,-0.014812391089122912,0.047059834003448486,-0.3385031223297119,-0.029895204888504168,0.04706752300262451,-0.39358341693878174,-0.03138925305179896,0.0426865816116333,-0.44515568017959595,-0.02758230252734961
I,0.0,0.0,0.0,-0.06216368079185486,-0.05405968427658081,-0.03236090097070132,-0.0995258092880249,-0.13450956344604492,-0.053299412908558,-0.08039060235023499,-0.2270892858505249,-0.07458935010672008,-0.02414572238922119,-0.27108556032180786,-0.08742710280657207,-0.09408071637153625,-0.2382226586341858,-0.003894557556662903,-0.09943592548370361,-0.3235763907432556,-0.042808440359834776,-0.08567854762077332,-0.25617778301239014,-0.06567268896341716,-0.07808786630630493,-0.20858222246170044,-0.07389178949833308,-0.04665231704711914,-0.2552782893180847,-0.0008486804059373299,-0.04993656277656555,-0.340106725692749,-0.0407130800509492,-0.039768755435943604,-0.2573639154434204,-0.05586000237107669,-0.03905278444290161,-0.21974694728851318,-0.05647268224001323,-0.000896155834197998,-0.26016032695770264,-0.00516384312376772,0.0013593435287475586,-0.3441334366798401,-0.03998485657811557,-0.004355132579803467,-0.2686738967895508,-0.03647828924894725,-0.010590970516204834,-0.20903939008712769,-0.022811991008524046,0.0449906587600708,-0.2525683641433716,-0.01297097078949605,0.04650616645812988,-0.34343641996383667,-0.027478298949603186,0.046501994132995605,-0.401089072227478,-0.028024249556068526,0.04212236404418945,-0.4553625285625458,-0.023914818497900114
I,0.0,0.0,0.0,-0.06376487016677856,-0.04926419258117676,-0.03298862077608078,-0.1027650237083435,-0.12985914945602417,-0.053918624150895766,-0.08597585558891296,-0.22196131944656372,-0.07574964486374824,-0.031302034854888916,-0.2690717577934265,-0.08983633838906258,-0.09835368394851685,-0.23893636465072632,-0.002591529016712002,-0.10384029150009155,-0.322192907333374,-0.040950475114726714,-0.08889436721801758,-0.25781726837158203,-0.06393575094952553,-0.07771366834640503,-0.2136518359184265,-0.0725565644384858,-0.05032193660736084,-0.2546190619468689,-0.0002802341474250625,-0.05141487717628479,-0.34151965379714966,-0.044029092270278625,-0.04319322109222412,-0.2650173306465149,-0.06289839916243523,-0.039771080017089844,-0.22191107273101807,-0.0645824836970803,-0.0029645562171936035,-0.2591344714164734,-0.005236945434802465,0.0012290477752685547,-0.344939649105072,-0.043861659097814254,-0.006656944751739502,-0.26704883575439453,-0.043932838219546966,-0.013835132122039795,-0.205555260181427,-0.03093584984853237,0.043144285678863525,-0.25172102451324463,-0.013518564257168464,0.046717166900634766,-0.3409058451652527,-0.030583895597004584,0.045916616916656494,-0.399553120136261,-0.03321686931266754,0.04102832078933716,-0.45785465836524963,-0.0297414733500716
I,0.0,0.0,0.0,-0.06532812118530273,-0.05111271142959595,-0.02996572343275261,-0.10331115126609802,-0.1372578740119934,-0.04917007548377228,-0.08511757850646973,-0.23066139221191406,-0.06929451835915756,-0.029897332191467285,-0.2754436135292053,-0.08106642080113602,-0.0983181893825531,-0.24206548929214478,-0.0014714136823670287,-0.10550427436828613,-0.3269907832145691,-0.03961364788577271,-0.08935630321502686,-0.2590996026992798,-0.06243776766226006,-0.0806734561920166,-0.21313095092773438,-0.07134413582846832,-0.04979011416435242,-0.2615613341331482,0.00026246543981756076,-0.0533369779586792,-0.34721845388412476,-0.039468767620775225,-0.041941702365875244,-0.2622801661491394,-0.05457640675470543,-0.043570756912231445,-0.22695106267929077,-0.05572612819835854,-0.003659069538116455,-0.26713430881500244,-0.005262185853126766,-0.0027704834938049316,-0.3494049310684204,-0.04031477732226563,-0.008092284202575684,-0.26992684602737427,-0.03630197656914902,-0.01410442590713501,-0.208687424659729,-0.02284827319547844,0.04384666681289673,-0.26063913106918335,-0.014142194330844404,0.04833173751831055,-0.35263198614120483,-0.029303243883106234,0.04791289567947388,-0.41092193126678467,-0.030133147291991236,0.041272103786468506,-0.4671576917171478,-0.026777010910365107
I,0.0,0.0,0.0,-0.06741958856582642,-0.04900002479553223,-0.03250319540268265,-0.10745900869369507,-0.13383233547210693,-0.05244662269717537,-0.08744734525680542,-0.23290759325027466,-0.07340891688829743,-0.029750406742095947,-0.28160160779953003,-0.08569900721079193,-0.10225087404251099,-0.24332153797149658,0.0007404081360391501,-0.10828810930252075,-0.3326241970062256,-0.0381924177683004,-0.0928618311882019,-0.2615087032318115,-0.06069739565020882,-0.08267238736152649,-0.21467208862304688,-0.0688097777939447,-0.05209881067276001,-0.26250159740448,0.0034260534984014157,-0.055175602436065674,-0.35370129346847534,-0.040018406060994494,-0.044689297676086426,-0.26748257875442505,-0.056468822357715,-0.04211205244064331,-0.22511762380599976,-0.05630070745712601,-0.0043468475341796875,-0.26937997341156006,-0.001683462939695346,-0.002662360668182373,-0.3564249873161316,-0.03927309095627152,-0.008490443229675293,-0.27440792322158813,-0.03607673227554642,-0.01374506950378418,-0.21147030591964722,-0.021162798923910486,0.043031394481658936,-0.2643779516220093,-0.010374008973599302,0.047241389751434326,-0.35595792531967163,-0.026176287156999933,0.04659402370452881,-0.4149724245071411,-0.02763002395397507,0.04063493013381958,-0.47311142086982727,-0.02365140273934685
I,0.0,0.0,0.0,-0.06624835729598999,-0.05007237195968628,-0.03234051669144833,-0.10691261291503906,-0.13491970300674438,-0.05354855710768902,-0.08941656351089478,-0.23152369260787964,-0.07573957124853337,-0.03213721513748169,-0.28064924478530884,-0.08968450257683003,-0.10217902064323425,-0.24449551105499268,-0.003923876100571988,-0.11032146215438843,-0.3320760130882263,-0.043802393024208186,-0.09517914056777954,-0.2615925073623657,-0.06697348633909428,-0.08401361107826233,-0.2132025957107544,-0.07570718357467854,-0.053364187479019165,-0.26355141401290894,-0.002217501524256704,-0.05768543481826782,-0.3537648320198059,-0.04560515413189137,-0.04708033800125122,-0.26975661516189575,-0.061893311684372065,-0.04324895143508911,-0.227863609790802,-0.062431195174696086,-0.005208909511566162,-0.26986122131347656,-0.007991047931255935,-0.005669534206390381,-0.3584331274032593,-0.045646095072271464,-0.009994804859161377,-0.276391863822937,-0.04216311255598271,-0.013880252838134766,-0.2132229208946228,-0.027783009578826068,0.042231082916259766,-0.2636749744415283,-0.01731736155355179,0.04597669839859009,-0.3556605577468872,-0.03389646614098751,0.04531574249267578,-0.4149736762046814,-0.03547025973105633,0.03926819562911987,-0.4741552174091339,-0.031982940976860164
I,0.0,0.0,0.0,-0.06812435388565063,-0.05027151107788086,-0.03341326888750018,-0.11141425371170044,-0.13751351833343506,-0.054483682178954496,-0.0929831862449646,-0.23710405826568604,-0.07620947461674632,-0.035297930240631104,-0.288072407245636,-0.08911536287615718,-0.10731995105743408,-0.24597930908203125,-0.002923720545197739,-0.11598193645477295,-0.33873677253723145,-0.042614281439284696,-0.099789559841156,-0.2673211097717285,-0.06575607907126368,-0.08871155977249146,-0.2170696258544922,-0.07444738995383204,-0.05667382478713989,-0.26697778701782227,-9.916385880615053e-05,-0.06199994683265686,-0.36188167333602905,-0.04306820806215228,-0.05010521411895752,-0.27207058668136597,-0.05937158715079249,-0.04735010862350464,-0.22950279712677002,-0.05988344203780116,-0.00860220193862915,-0.27469760179519653,-0.004939752426992072,-0.008564233779907227,-0.3657929301261902,-0.04173905056069316,-0.013379573822021484,-0.2827386260032654,-0.03805492844531955,-0.01747429370880127,-0.21767443418502808,-0.02375011917303027,0.04007810354232788,-0.2688468098640442,-0.013472335674862279,0.04361891746520996,-0.3625832796096802,-0.029334679507712735,0.0427590012550354,-0.42250964045524597,-0.031087922194103612,0.03622019290924072,-0.4816083014011383,-0.02797120835731448
I,0.0,0.0,0.0,-0.06863781809806824,-0.05210965871810913,-0.03406586256031119,-0.1114233136177063,-0.1434609293937683,-0.05495407562855803,-0.09408336877822876,-0.24666422605514526,-0.07627840098146521,-0.033477842807769775,-0.29515600204467773,-0.08861487861875617,-0.1090661883354187,-0.254397988319397,-0.0010718392689170742,-0.11667817831039429,-0.34642893075942993,-0.041221348011532655,-0.09978312253952026,-0.27528101205825806,-0.06529362257722937,-0.08953478932380676,-0.2268139123916626,-0.07466471698288046,-0.05822828412055969,-0.27512484788894653,0.0022829520500806666,-0.06209444999694824,-0.3680264949798584,-0.040648875200787415,-0.04970419406890869,-0.2799685001373291,-0.05686525758508765,-0.04736137390136719,-0.2387046217918396,-0.05722339209322058,-0.00910937786102295,-0.28247904777526855,-0.002341177688578,-0.008027851581573486,-0.3725828528404236,-0.039010470175782075,-0.013275444507598877,-0.29031187295913696,-0.03546175491217696,-0.01865828037261963,-0.22604900598526,-0.021174713411966195,0.040051162242889404,-0.27685731649398804,-0.010764211790302625,0.04320108890533447,-0.37085169553756714,-0.026648932510653367,0.042703211307525635,-0.4316043257713318,-0.028539675661960473,0.03691643476486206,-0.4912424385547638,-0.025284854137936463
I,0.0,0.0,0.0,-0.07070267200469971,-0.051830828189849854,-0.03422207842990588,-0.11124074459075928,-0.14230996370315552,-0.05505457605644892,-0.09183767437934875,-0.24292683601379395,-0.07768229480311106,-0.035569727420806885,-0.29920196533203125,-0.09178662385269831,-0.10872095823287964,-0.25520139932632446,0.0036351951636390822,-0.11492687463760376,-0.3449862003326416,-0.038309917705504404,-0.0970611572265625,-0.27295535802841187,-0.06408552910610865,-0.08490121364593506,-0.22678732872009277,-0.0740145378880186,-0.05674922466278076,-0.27258187532424927,0.005190078248830332,-0.05740010738372803,-0.3680747151374817,-0.044716984885184274,-0.04802578687667847,-0.2840418815612793,-0.0665767126850767,-0.04415327310562134,-0.23456233739852905,-0.06817286546751689,-0.005891144275665283,-0.2790253162384033,-0.0015781737532449824,-0.0029979944229125977,-0.37461280822753906,-0.04381711866184901,-0.009125173091888428,-0.2927621603012085,-0.04421147416755389,-0.014407992362976074,-0.22782444953918457,-0.029906264426557527,0.04318094253540039,-0.27401959896087646,-0.012086314069478021,0.048003554344177246,-0.36845266819000244,-0.03003007444962691,0.04574614763259888,-0.42914390563964844,-0.0328707666270418,0.038942933082580566,-0.48965275287628174,-0.028992284940926538
I,0.0,0.0,0.0,-0.0696907639503479,-0.053343355655670166,-0.03678643101645207,-0.11114844679832458,-0.14257198572158813,-0.0603926754911015,-0.09229975938796997,-0.24354881048202515,-0.08451590830279088,-0.03416365385055542,-0.2980891466140747,-0.09987295562220311,-0.11060383915901184,-0.253853440284729,-0.00588430095282888,-0.11713165044784546,-0.3477221131324768,-0.049239264370925184,-0.09845972061157227,-0.27401041984558105,-0.07612210655403828,-0.0879095196723938,-0.2240304946899414,-0.08731380993319249,-0.058051466941833496,-0.2740500569343567,-0.0031162284203389845,-0.06055605411529541,-0.37086158990859985,-0.049187114032037016,-0.04851424694061279,-0.28166836500167847,-0.06939814382982945,-0.04732626676559448,-0.2401236891746521,-0.07288509750557637,-0.007342875003814697,-0.28134262561798096,-0.008447119535929914,-0.004403889179229736,-0.3747433125972748,-0.04774817595077252,-0.010510921478271484,-0.29270148277282715,-0.0475859507341454,-0.017473697662353516,-0.22831803560256958,-0.03572683552098965,0.04307126998901367,-0.27531611919403076,-0.017699027003772017,0.046494483947753906,-0.3722931742668152,-0.034910412075049635,0.04517173767089844,-0.43412840366363525,-0.038328745903498884,0.03781193494796753,-0.4939330518245697,-0.036591881455905195
I,0.0,0.0,0.0,-0.07092785835266113,-0.05261850357055664,-0.036955084912278835,-0.11174485087394714,-0.14031779766082764,-0.06033558424542207,-0.09572270512580872,-0.24376565217971802,-0.08424132343361634,-0.03884410858154297,-0.2995513677597046,-0.09952579464743394,-0.11022287607192993,-0.2554689049720764,-0.0019683891719068924,-0.11823895573616028,-0.3515251874923706,-0.04424373086521882,-0.10007050633430481,-0.2826358675956726,-0.07121520515511293,-0.08842900395393372,-0.22934216260910034,-0.08216391529867906,-0.058535248041152954,-0.27715903520584106,0.0017982832810048421,-0.06293180584907532,-0.3740156292915344,-0.04221202086637277,-0.049194931983947754,-0.28980553150177,-0.06329579677412767,-0.04689997434616089,-0.2478387951850891,-0.06774180408547181,-0.00842130184173584,-0.28508472442626953,-0.0026880107166107337,-0.007061004638671875,-0.37822914123535156,-0.04088183891008157,-0.011453211307525635,-0.2972331643104553,-0.0421029443664338,-0.017107844352722168,-0.2310810089111328,-0.03143157836029786,0.04155230522155762,-0.2790221571922302,-0.011091543622114841,0.04433721303939819,-0.3744271397590637,-0.02785211641321439,0.043372154235839844,-0.4362531304359436,-0.032248161993720714,0.03616631031036377,-0.4955277442932129,-0.03133640091846246
I,0.0,0.0,0.0,-0.06977877020835876,-0.05224132537841797,-0.036163443980001375,-0.1123497486114502,-0.14321208000183105,-0.05853886744120018,-0.09667536616325378,-0.24924540519714355,-0.08165076589324372,-0.03692460060119629,-0.303678035736084,-0.09629757916667359,-0.10898387432098389,-0.2572377920150757,-0.0015339060232122392,-0.11838194727897644,-0.35493338108062744,-0.04282072773315804,-0.10013541579246521,-0.2859649658203125,-0.06872373288609879,-0.0874299705028534,-0.231364905834198,-0.07888394808509247,-0.057752519845962524,-0.2770201563835144,0.0017812578694815784,-0.06271001696586609,-0.3763192296028137,-0.04264218947031395,-0.04891014099121094,-0.2928828001022339,-0.06338958656527893,-0.043936967849731445,-0.24607694149017334,-0.06695211148002045,-0.007534682750701904,-0.2838703989982605,-0.0029304591484446973,-0.0061789751052856445,-0.3815215229988098,-0.04108600905277626,-0.010273635387420654,-0.29957258701324463,-0.04139983123280899,-0.015032589435577393,-0.23164069652557373,-0.029543720466278955,0.04218775033950806,-0.27734869718551636,-0.011522640754662916,0.04460817575454712,-0.37372276186943054,-0.027809031588219568,0.043808579444885254,-0.4366694688796997,-0.03132508909442322,0.03772163391113281,-0.4974360466003418,-0.029534573015951082
I,0.0,0.0,0.0,-0.07140803337097168,-0.05012387037277222,-0.03807198923951205,-0.11497539281845093,-0.14026403427124023,-0.06103724163895663,-0.09896141290664673,-0.24420398473739624,-0.0850188128364664,-0.042259931564331055,-0.30407750606536865,-0.10029154193526324,-0.11546981334686279,-0.2579823136329651,5.6980296534447916e-05,-0.12128889560699463,-0.3529284596443176,-0.042534060002623164,-0.10235914587974548,-0.28237301111221313,-0.06912121099358615,-0.0897921621799469,-0.23285692930221558,-0.07970127385979708,-0.06218069791793823,-0.2776065468788147,0.0033215811295974618,-0.06346499919891357,-0.3775511085987091,-0.04667825919514712,-0.051711201667785645,-0.295562207698822,-0.06978613060837802,-0.046392202377319336,-0.24298155307769775,-0.0725528664601427,-0.009885609149932861,-0.2851194739341736,-0.0019554378644954795,-0.007983148097991943,-0.3820847272872925,-0.044635146082697474,-0.012173116207122803,-0.30066967010498047,-0.04689006057506617,-0.01693958044052124,-0.23416393995285034,-0.03407569524770793,0.040189385414123535,-0.28021061420440674,-0.011192199000475966,0.04470252990722656,-0.3745373487472534,-0.03030795154100474,0.04305851459503174,-0.4364091753959656,-0.03525158685570773,0.03561276197433472,-0.49805986881256104,-0.03313661289340075
I,0.0,0.0,0.0,-0.07307395339012146,-0.05353832244873047,-0.03788116948078368,-0.11580604314804077,-0.1453031301498413,-0.06068967656563018,-0.09879821538925171,-0.2509997487068176,-0.08439318836997245,-0.0408787727355957,-0.30968570709228516,-0.09882482887576316,-0.11400273442268372,-0.26300305128097534,0.0010530101009180726,-0.12044686079025269,-0.35955530405044556,-0.04243619368742202,-0.10091763734817505,-0.2853040099143982,-0.06931467355559562,-0.09044957160949707,-0.23449599742889404,-0.0797844231254885,-0.06021764874458313,-0.2834075689315796,0.004540591953741568,-0.06346678733825684,-0.381328284740448,-0.04418341444204543,-0.04927581548690796,-0.29511070251464844,-0.06586633623908256,-0.0460851788520813,-0.24780064821243286,-0.06837369502852653,-0.00841289758682251,-0.29091495275497437,-0.0008014158937612592,-0.007617354393005371,-0.3867327570915222,-0.0425793901212046,-0.01006990671157837,-0.3010309934616089,-0.042533084762794715,-0.015157461166381836,-0.23298418521881104,-0.02866384947071765,0.042153000831604004,-0.2860718369483948,-0.010219965142709952,0.04499363899230957,-0.38268953561782837,-0.028101202113134605,0.044129133224487305,-0.4440430998802185,-0.031361687941057426,0.036688804626464844,-0.5051073431968689,-0.028314823297364455
I,0.0,0.0,0.0,-0.07361796498298645,-0.05409306287765503,-0.03619744006911674,-0.11683270335197449,-0.1459006667137146,-0.05873014156142631,-0.0971674919128418,-0.25079864263534546,-0.0824314032904283,-0.038878798484802246,-0.30959922075271606,-0.09731959302345672,-0.11679768562316895,-0.2633780837059021,0.0003869739778394887,-0.12296175956726074,-0.35989493131637573,-0.04209851224342742,-0.10435286164283752,-0.28840452432632446,-0.06917261828104415,-0.09371519088745117,-0.23716318607330322,-0.08026174206653991,-0.06243622303009033,-0.2842717170715332,0.002690487705223177,-0.06454449892044067,-0.3829008936882019,-0.046219972263969566,-0.05270695686340332,-0.29850947856903076,-0.0696019207350389,-0.0497317910194397,-0.2469819188117981,-0.0733456512204782,-0.009551942348480225,-0.29232460260391235,-0.0032271447814480325,-0.007622361183166504,-0.3886488378047943,-0.044649967294134285,-0.01303321123123169,-0.3062618374824524,-0.046634772162832405,-0.019949257373809814,-0.2389780879020691,-0.03439410526672759,0.041098594665527344,-0.28715330362319946,-0.012978837195731785,0.04593425989151001,-0.38422346115112305,-0.031279587488569405,0.04477357864379883,-0.44642174243927,-0.03551422927895942,0.03758925199508667,-0.5069960057735443,-0.03320246685663619
I,0.0,0.0,0.0,-0.07240480184555054,-0.05312848091125488,-0.03740516624912971,-0.1162751317024231,-0.14673465490341187,-0.05966692365274184,-0.10084986686706543,-0.2550843358039856,-0.08259399927720779,-0.04264181852340698,-0.3139336109161377,-0.09646912611589187,-0.11467266082763672,-0.2661491632461548,0.0004913473405281366,-0.12391629815101624,-0.3643919825553894,-0.041638396154496604,-0.10485148429870605,-0.29447197914123535,-0.06775979645118468,-0.09263214468955994,-0.24197876453399658,-0.0779044399367308,-0.061483174562454224,-0.2865423560142517,0.004094569538381165,-0.06588512659072876,-0.3865976929664612,-0.04199979029164069,-0.052641868591308594,-0.3035776615142822,-0.06289417244062179,-0.04869818687438965,-0.258342444896698,-0.06589744187459701,-0.009392321109771729,-0.2930213212966919,-0.0008791123962623715,-0.0076348185539245605,-0.3914499282836914,-0.040789208780381614,-0.01200723648071289,-0.3075874447822571,-0.04059963993296378,-0.017486572265625,-0.23979049921035767,-0.02767622790798896,0.04159188270568848,-0.28621166944503784,-0.009922839175317222,0.04513818025588989,-0.3849356174468994,-0.027473225663754874,0.04420560598373413,-0.4495994448661804,-0.031116034309718543,0.037622034549713135,-0.5129386484622955,-0.02888397074804061
I,0.0,0.0,0.0,-0.0740976333618164,-0.054237544536590576,-0.03744646249108996,-0.11867642402648926,-0.14765340089797974,-0.0609180153697082,-0.10251331329345703,-0.25539857149124146,-0.08559586567574229,-0.04267430305480957,-0.3161792755126953,-0.1014576972811767,-0.11694920063018799,-0.265842080116272,0.0009069291990897455,-0.1259317696094513,-0.3646719455718994,-0.04278591735058512,-0.10650110244750977,-0.2958691716194153,-0.07003785384588923,-0.09303408861160278,-0.24366545677185059,-0.08063883049183573,-0.06309688091278076,-0.28647512197494507,0.003909196762805323,-0.06614276766777039,-0.38869816064834595,-0.044622902700240274,-0.05302321910858154,-0.30635714530944824,-0.06718836439543452,-0.04815763235092163,-0.25862735509872437,-0.07061819446974482,-0.010152459144592285,-0.2937939763069153,-0.001795825606706103,-0.007477879524230957,-0.3936847448348999,-0.04378726420694079,-0.012993276119232178,-0.3079437017440796,-0.045051966735655924,-0.018992960453033447,-0.23796290159225464,-0.03223483724289622,0.041763126850128174,-0.2880929708480835,-0.011502353416318556,0.04580110311508179,-0.38646364212036133,-0.029932952427799364,0.044097185134887695,-0.450595498085022,-0.03431576950245585,0.0366436243057251,-0.5131390988826752,-0.032260765263373514
I,0.0,0.0,0.0,-0.07679909467697144,-0.05429649353027344,-0.0412141669795858,-0.11957967281341553,-0.14442890882492065,-0.06602723042229286,-0.10497301816940308,-0.2508399486541748,-0.09198700527409187,-0.04845207929611206,-0.313950777053833,-0.1089733604596006,-0.11914810538291931,-0.26809394359588623,0.0031468618406904625,-0.12757748365402222,-0.36432260274887085,-0.04313036690214744,-0.10828590393066406,-0.29531776905059814,-0.07285355667332283,-0.09508475661277771,-0.24120235443115234,-0.08419543395498863,-0.06443679332733154,-0.28886473178863525,0.006971146140898554,-0.06801995635032654,-0.3901020288467407,-0.04566001037815681,-0.054631948471069336,-0.308474063873291,-0.07270077506760231,-0.05016970634460449,-0.25846195220947266,-0.07787092665890327,-0.011292815208435059,-0.2964034080505371,0.0013144003904415058,-0.00963658094406128,-0.3920753002166748,-0.045329349885975034,-0.015093624591827393,-0.3064182996749878,-0.05107202271679512,-0.021273314952850342,-0.23554366827011108,-0.039542245517765195,0.04100006818771362,-0.29076552391052246,-0.008474604997132928,0.04489850997924805,-0.3888814449310303,-0.028875308881794126,0.043211519718170166,-0.45293736457824707,-0.03496621439913383,0.03551393747329712,-0.5146086812019348,-0.03336786742070785
I,0.0,0.0,0.0,-0.07454308867454529,-0.05521422624588013,-0.03880765210936943,-0.1183958649635315,-0.15098083019256592,-0.06244303207944313,-0.10399618744850159,-0.26287949085235596,-0.08685146194051185,-0.04467862844467163,-0.3243098855018616,-0.1018522001440374,-0.11739471554756165,-0.2739138603210449,0.0016619156477304386,-0.12646633386611938,-0.3722110986709595,-0.04282470341871658,-0.1057136058807373,-0.29843902587890625,-0.07004816752026954,-0.09368309378623962,-0.24506038427352905,-0.08022712838004509,-0.06268766522407532,-0.2953285574913025,0.005877344253406136,-0.06843358278274536,-0.395483136177063,-0.041087201946481855,-0.052399516105651855,-0.3066510558128357,-0.06131993901084343,-0.049587786197662354,-0.26394927501678467,-0.06352555673669258,-0.010040462017059326,-0.30207788944244385,0.0008970718145633327,-0.009718000888824463,-0.4002404510974884,-0.040871179812654646,-0.012047350406646729,-0.3106918931007385,-0.03991984870384613,-0.016706883907318115,-0.2404104471206665,-0.02577671516786495,0.04276120662689209,-0.29536694288253784,-0.008206898496553094,0.04467880725860596,-0.39656877517700195,-0.0260209787274448,0.04445326328277588,-0.46097826957702637,-0.029144243487223775,0.03773897886276245,-0.524558037519455,-0.026267870479330213
I,0.0,0.0,0.0,-0.0762413740158081,-0.05249786376953125,-0.04012716164194785,-0.12248951196670532,-0.14758598804473877,-0.06424535413586341,-0.10709601640701294,-0.25702017545700073,-0.0897263323267623,-0.04901248216629028,-0.32211554050445557,-0.10590348740421973,-0.12055990099906921,-0.27287495136260986,0.0009774821965322644,-0.12868976593017578,-0.37219250202178955,-0.04445823629700385,-0.10845434665679932,-0.2988421320915222,-0.07219440837704383,-0.09533911943435669,-0.24355781078338623,-0.0825426091750785,-0.06507954001426697,-0.29412639141082764,0.004519700321026221,-0.06803178787231445,-0.3965529501438141,-0.04678183769189559,-0.05488818883895874,-0.3102094531059265,-0.07025094678007804,-0.05092734098434448,-0.2597004175186157,-0.07339204450451575,-0.0110054612159729,-0.30219221115112305,-0.0012878723054825514,-0.009553194046020508,-0.4011925160884857,-0.0475929563244506,-0.014757812023162842,-0.3109428882598877,-0.04976072137557708,-0.020127534866333008,-0.2385631799697876,-0.03607645978533469,0.0418514609336853,-0.297194242477417,-0.011186869566671476,0.046315670013427734,-0.39767444133758545,-0.032390191902749166,0.04413115978240967,-0.4629232883453369,-0.03755627175175391,0.03608351945877075,-0.5269290804862976,-0.035321041693322286
I,0.0,0.0,0.0,-0.07531854510307312,-0.05628776550292969,-0.036741898274527784,-0.12212860584259033,-0.15374672412872314,-0.05951346538077473,-0.10708802938461304,-0.26487255096435547,-0.0835284412563908,-0.04760712385177612,-0.32712388038635254,-0.09785490936647534,-0.12160274386405945,-0.27936869859695435,0.0009437624872532524,-0.1308613419532776,-0.37981605529785156,-0.04334556764970898,-0.10986191034317017,-0.3027186989784241,-0.07053719914566159,-0.09798306226730347,-0.24935728311538696,-0.08164602971683621,-0.06481921672821045,-0.30229705572128296,0.0035173530964982547,-0.07049468159675598,-0.40342459082603455,-0.043776293164597746,-0.05523109436035156,-0.3110901117324829,-0.06366286880384564,-0.053021013736724854,-0.2682560086250305,-0.066306357151376,-0.010063767433166504,-0.3102576732635498,-0.0028591774129438363,-0.009489357471466064,-0.40958356857299805,-0.04484685218940854,-0.01334226131439209,-0.3183804750442505,-0.04260997182737469,-0.01850980520248413,-0.247425377368927,-0.028212717613683935,0.04470634460449219,-0.30425775051116943,-0.013331908612059351,0.04740762710571289,-0.4069140553474426,-0.03280385292183041,0.04568356275558472,-0.4717094600200653,-0.03622051036964535,0.037118732929229736,-0.5355199873447418,-0.033743400937424894
I,0.0,0.0,0.0,-0.07702562212944031,-0.056403934955596924,-0.040739147525187036,-0.1240268349647522,-0.15458279848098755,-0.0653686025849538,-0.10864928364753723,-0.26739412546157837,-0.09094662458812763,-0.04623788595199585,-0.3287559747695923,-0.10667926312601139,-0.12318804860115051,-0.2843242883682251,0.000455996565847272,-0.13218677043914795,-0.38723990321159363,-0.046725901376362344,-0.11118727922439575,-0.31070977449417114,-0.07557641209280064,-0.09804213047027588,-0.25452226400375366,-0.08639145882045796,-0.06563317775726318,-0.3057857155799866,0.004044500578288535,-0.06979307532310486,-0.41101306676864624,-0.0483141267410474,-0.05524510145187378,-0.31921547651290894,-0.07173408062374165,-0.05125075578689575,-0.2690303921699524,-0.07442249597227146,-0.009697914123535156,-0.3123331665992737,-0.0017804434261279312,-0.007272839546203613,-0.4139519929885864,-0.0474925735703664,-0.01250004768371582,-0.3225768804550171,-0.04840733350431492,-0.018952369689941406,-0.25036025047302246,-0.03387391806757023,0.04534858465194702,-0.30420827865600586,-0.011869552146549722,0.04853290319442749,-0.4078120291233063,-0.03180964530622532,0.04714381694793701,-0.4743797779083252,-0.03587315843617489,0.039936602115631104,-0.5396093428134918,-0.03272512422120144
I,0.0,0.0,0.0,-0.07740569114685059,-0.0552639365196228,-0.042071444677787895,-0.12416410446166992,-0.15265297889709473,-0.06778820394225704,-0.11018252372741699,-0.2662384510040283,-0.09454317181058514,-0.0474129319190979,-0.33038777112960815,-0.11191089241452801,-0.12198233604431152,-0.28842735290527344,0.0018085973601387195,-0.13016900420188904,-0.38609927892684937,-0.04487187578030216,-0.11045697331428528,-0.31259745359420776,-0.07387077598519909,-0.09724974632263184,-0.2581325173377991,-0.08487028418727505,-0.06464272737503052,-0.30877065658569336,0.00583285861961258,-0.0675528347492218,-0.41108065843582153,-0.04742537974067318,-0.0551946759223938,-0.32471764087677,-0.07211608229823696,-0.05059373378753662,-0.2726898789405823,-0.07515997229762661,-0.008333206176757812,-0.3141307830810547,0.00026371085863274857,-0.005539953708648682,-0.4140390157699585,-0.04702353640146839,-0.013212382793426514,-0.3216075897216797,-0.04945360659309017,-0.021532297134399414,-0.24809366464614868,-0.035217826950031395,0.04636681079864502,-0.30564332008361816,-0.009503673526126022,0.05008774995803833,-0.40775540471076965,-0.030336199092346305,0.04864424467086792,-0.47470390796661377,-0.03484260081000912,0.04129916429519653,-0.5417606234550476,-0.03162659867354023
I,0.0,0.0,0.0,-0.07957136631011963,-0.06049346923828125,-0.03836676085529689,-0.12489515542984009,-0.1582009196281433,-0.06230617666778926,-0.10699498653411865,-0.2702205777168274,-0.08772799724874858,-0.04563319683074951,-0.33366918563842773,-0.10378986204204921,-0.12149149179458618,-0.2865821123123169,0.003958945365866384,-0.1298600733280182,-0.38845890760421753,-0.041637431626895705,-0.11096084117889404,-0.3150256276130676,-0.0710525175386465,-0.0991973876953125,-0.2580835819244385,-0.08291217291889552,-0.06379950046539307,-0.3081069588661194,0.006596529593934974,-0.06884145736694336,-0.4122278690338135,-0.043621822988370695,-0.05486494302749634,-0.32476961612701416,-0.06815040463743571,-0.05115467309951782,-0.27448850870132446,-0.07297461087046031,-0.007686018943786621,-0.3150639533996582,4.493486221690546e-05,-0.0072095394134521484,-0.419196218252182,-0.04422427321014766,-0.012256026268005371,-0.3299930691719055,-0.045497707819322386,-0.0183638334274292,-0.2557065486907959,-0.03240291381416682,0.047778964042663574,-0.30749428272247314,-0.010675308091322222,0.051448702812194824,-0.4116789698600769,-0.030614875053743162,0.05043148994445801,-0.47984468936920166,-0.034990895336250105,0.04242980480194092,-0.5464471280574799,-0.032758995687345305
I,0.0,0.0,0.0,-0.07814991474151611,-0.06038343906402588,-0.039298922145349025,-0.12423938512802124,-0.15963393449783325,-0.06378048690555715,-0.1073741614818573,-0.2731732130050659,-0.08935146811006689,-0.0447688102722168,-0.3350358009338379,-0.10543548347948217,-0.12118086218833923,-0.28752559423446655,0.000844813794287802,-0.12951284646987915,-0.3909766674041748,-0.04514980348346853,-0.1104590892791748,-0.31513136625289917,-0.07417430760858679,-0.09954860806465149,-0.25651252269744873,-0.08563671293256903,-0.06344491243362427,-0.30838286876678467,0.003974683260935308,-0.0686463713645935,-0.4134042263031006,-0.04570924150345945,-0.054065585136413574,-0.32255369424819946,-0.06914357873199606,-0.05103099346160889,-0.2731529474258423,-0.07349593969581747,-0.007480800151824951,-0.314426064491272,-0.001956495778244971,-0.006547749042510986,-0.4186328053474426,-0.045491710627061366,-0.011257052421569824,-0.32749706506729126,-0.04556619408128881,-0.018163084983825684,-0.25334227085113525,-0.03199459644554281,0.047799646854400635,-0.30568552017211914,-0.012095072628540038,0.05094707012176514,-0.4110141396522522,-0.03101084599791193,0.050572752952575684,-0.4791978895664215,-0.0344306978821578,0.042973458766937256,-0.5462184548377991,-0.03179834070203924
I,0.0,0.0,0.0,-0.0792173445224762,-0.053511619567871094,-0.04021714444181157,-0.12849083542823792,-0.15380394458770752,-0.06436056460162831,-0.11309534311294556,-0.26871949434280396,-0.0897165965559168,-0.051776230335235596,-0.33508139848709106,-0.10555675442239476,-0.1272021234035492,-0.2851009964942932,0.0012924780333207764,-0.1356896162033081,-0.38951531052589417,-0.043938895714489945,-0.11509287357330322,-0.31784021854400635,-0.07207894141694737,-0.10170319676399231,-0.26393258571624756,-0.08318038846275044,-0.06932049989700317,-0.30691176652908325,0.004461588310988418,-0.0720776915550232,-0.4145185351371765,-0.047656374079195984,-0.05945992469787598,-0.3353731632232666,-0.07248016263267232,-0.05498945713043213,-0.2842714786529541,-0.07664438153526021,-0.011753439903259277,-0.31435132026672363,-0.0016178870843930326,-0.010724365711212158,-0.4182708263397217,-0.048220073831288346,-0.017084956169128418,-0.3273389935493469,-0.051006911349503525,-0.023997008800506592,-0.2525651454925537,-0.03775176222345067,0.04378652572631836,-0.3084399700164795,-0.01182093753388358,0.048695147037506104,-0.41138312220573425,-0.03392858992239667,0.0469508171081543,-0.48029154539108276,-0.04012799079438878,0.03870344161987305,-0.5490081608295441,-0.03863833661100102
I,0.0,0.0,0.0,-0.07993483543395996,-0.05880635976791382,-0.03663202026754675,-0.12727996706962585,-0.16265904903411865,-0.0588879364159709,-0.10986271500587463,-0.2796524167060852,-0.0829009118106967,-0.04566538333892822,-0.3428654074668884,-0.09723069542914686,-0.12320679426193237,-0.2929126024246216,0.007738447507023238,-0.13155144453048706,-0.3955100476741791,-0.03810616234213171,-0.11047062277793884,-0.3229018449783325,-0.06694403314858732,-0.09735846519470215,-0.26662033796310425,-0.07795186364919005,-0.06498980522155762,-0.3149563670158386,0.009897117261886024,-0.06857526302337646,-0.41917598247528076,-0.04138687277108488,-0.05456268787384033,-0.3339802026748657,-0.06482835138112364,-0.051513731479644775,-0.28451913595199585,-0.06790599251061735,-0.008832037448883057,-0.3209987282752991,0.00257284728914442,-0.007351338863372803,-0.42021098732948303,-0.04303242290288267,-0.013126552104949951,-0.32660889625549316,-0.04267643043667135,-0.02017068862915039,-0.2517053484916687,-0.02734784247249422,0.047220706939697266,-0.31397706270217896,-0.008774959723353959,0.05166357755661011,-0.4188465178012848,-0.028764257448614217,0.05063343048095703,-0.487120658159256,-0.031747643145621396,0.04237455129623413,-0.5551016628742218,-0.027977541330159283
I,0.0,0.0,0.0,-0.07904469966888428,-0.056418001651763916,-0.04225980183795741,-0.129146546125412,-0.1598212718963623,-0.06745479694322398,-0.1150992214679718,-0.2782675623893738,-0.093973573956049,-0.05405646562576294,-0.3464442491531372,-0.11049528858379176,-0.1288573443889618,-0.29354071617126465,0.0028216480674529976,-0.13792270421981812,-0.3988909125328064,-0.045986038360155135,-0.11672544479370117,-0.3233187794685364,-0.0756743817658787,-0.10278335213661194,-0.2666696310043335,-0.08656418016866496,-0.06946814060211182,-0.31588315963745117,0.0065334944917196935,-0.07219135761260986,-0.4239461421966553,-0.04756049132660678,-0.05836588144302368,-0.33750295639038086,-0.07218122175649455,-0.0555347204208374,-0.2883914113044739,-0.07532526246026805,-0.01158207654953003,-0.32286471128463745,8.423297154536158e-05,-0.008115887641906738,-0.42709171772003174,-0.048827514711177855,-0.012830853462219238,-0.3353853225708008,-0.05171345240191272,-0.020170092582702637,-0.26237356662750244,-0.037816771033561736,0.044944167137145996,-0.31611061096191406,-0.010653254303491622,0.049482643604278564,-0.4204771816730499,-0.03288540309981158,0.047392427921295166,-0.48946839570999146,-0.03869334301666072,0.03798574209213257,-0.5586065649986267,-0.03669330543593219
I,0.0,0.0,0.0,-0.08080479502677917,-0.0606158971786499,-0.03968344495345377,-0.12866175174713135,-0.16456997394561768,-0.06335042283583903,-0.11317789554595947,-0.2868104577064514,-0.08837787673522257,-0.045009613037109375,-0.35200414061546326,-0.10363433376599573,-0.12407490611076355,-0.2954963445663452,0.00941230862687803,-0.13496169447898865,-0.40232130885124207,-0.03537509084392809,-0.11513900756835938,-0.33132535219192505,-0.06439507619191431,-0.1012566089630127,-0.2725505828857422,-0.07587174937773966,-0.06545060873031616,-0.3191571831703186,0.013250493847834832,-0.07117199897766113,-0.4301343560218811,-0.03711623937536501,-0.05699431896209717,-0.3414367437362671,-0.06251980230857157,-0.05311375856399536,-0.2910037040710449,-0.06749404833365702,-0.009851992130279541,-0.32619088888168335,0.007402979706483848,-0.007537961006164551,-0.4324849247932434,-0.036939451998961204,-0.014406025409698486,-0.33861982822418213,-0.03815245494891428,-0.02125096321105957,-0.2610435485839844,-0.024573671228182548,0.04738759994506836,-0.31904101371765137,-0.0028225386672886543,0.050468504428863525,-0.4263240098953247,-0.021308992586028808,0.050608932971954346,-0.49743419885635376,-0.025357513285172217,0.044136881828308105,-0.5671975910663605,-0.023173524594795936
I,0.0,0.0,0.0,-0.0772305428981781,-0.05939137935638428,-0.04458526326749279,-0.12747135758399963,-0.16447770595550537,-0.07225577710602238,-0.11483383178710938,-0.28781598806381226,-0.10026113866302921,-0.047351181507110596,-0.3562585115432739,-0.11791503606769993,-0.12605535984039307,-0.3025673031806946,-0.0018062385771031586,-0.1360090672969818,-0.40815770626068115,-0.050258980974888345,-0.11571395397186279,-0.3313850164413452,-0.07972925333712055,-0.10116004943847656,-0.274100124835968,-0.09154256610605671,-0.06681013107299805,-0.32532525062561035,0.0035272797994707616,-0.07110077142715454,-0.43420839309692383,-0.04635897083613827,-0.05885046720504761,-0.33859783411026,-0.06769035188887074,-0.05748480558395386,-0.29870831966400146,-0.07121454356644108,-0.009574711322784424,-0.33053624629974365,-0.0012594011187161414,-0.005612432956695557,-0.43930783867836,-0.04572212128374531,-0.01375734806060791,-0.34271854162216187,-0.044257940635418436,-0.0221865177154541,-0.26781153678894043,-0.030170276671981355,0.04790002107620239,-0.32076895236968994,-0.010853174984788438,0.05112481117248535,-0.43067672848701477,-0.0310532412532325,0.05011153221130371,-0.5020342171192169,-0.03595617218348934,0.04272705316543579,-0.5728873312473297,-0.03485532654855206
I,0.0,0.0,0.0,-0.08019125461578369,-0.06150245666503906,-0.040855170584109146,-0.1296890377998352,-0.16562402248382568,-0.06710631529131206,-0.1128508448600769,-0.2863249182701111,-0.09437024722137721,-0.04675394296646118,-0.3528512120246887,-0.11180934438743861,-0.12703898549079895,-0.2995460629463196,-0.0014435355624300428,-0.13658636808395386,-0.4059410095214844,-0.04997695738711627,-0.11660796403884888,-0.3303465247154236,-0.0803891209725407,-0.10363870859146118,-0.27005481719970703,-0.09294914583006175,-0.06675457954406738,-0.32226264476776123,0.0015438792688655667,-0.07178342342376709,-0.4306557774543762,-0.049829711562779266,-0.057508766651153564,-0.3334392309188843,-0.07350526878872188,-0.055167198181152344,-0.2868996262550354,-0.07869019488134654,-0.008838057518005371,-0.3282760977745056,-0.004803488387551624,-0.00494837760925293,-0.4398989677429199,-0.04995628575125011,-0.012392938137054443,-0.34355807304382324,-0.04878295341768535,-0.021368801593780518,-0.2668113112449646,-0.03494361916818889,0.04900938272476196,-0.3188275098800659,-0.01557858975866111,0.05188870429992676,-0.42915838956832886,-0.0363539358440903,0.05165010690689087,-0.5007496774196625,-0.040419401026156265,0.04470640420913696,-0.5714997947216034,-0.03861020261683734
I,0.0,0.0,0.0,-0.07948598265647888,-0.06434446573257446,-0.042797019473511,-0.12824195623397827,-0.16650211811065674,-0.07018806575914027,-0.11328917741775513,-0.28809887170791626,-0.09881705581327083,-0.04611724615097046,-0.35392922163009644,-0.11771420925040843,-0.12760597467422485,-0.30412453413009644,0.003961303037357311,-0.13935154676437378,-0.409026563167572,-0.044415188721615095,-0.11822617053985596,-0.3400961756706238,-0.07533113448997142,-0.10280570387840271,-0.2801065444946289,-0.0874582880653918,-0.06715506315231323,-0.3277924656867981,0.008217905879718046,-0.07298201322555542,-0.4371865391731262,-0.04276410653372409,-0.05681973695755005,-0.34393882751464844,-0.0674729028262675,-0.05324012041091919,-0.29874593019485474,-0.07235616981168391,-0.008927524089813232,-0.33397233486175537,0.0023704662441730306,-0.004826962947845459,-0.4435531795024872,-0.04308174713631274,-0.01213693618774414,-0.3483443856239319,-0.04439321695943477,-0.020843684673309326,-0.27019983530044556,-0.031163392356830855,0.049789369106292725,-0.3238455057144165,-0.008115373320180197,0.05250364542007446,-0.43465322256088257,-0.028508241988021155,0.052154362201690674,-0.5083704590797424,-0.03408211632748248,0.04527890682220459,-0.579506903886795,-0.03288336261292102
I,0.0,0.0,0.0,-0.07846829295158386,-0.06240493059158325,-0.043722634028654284,-0.1290927529335022,-0.16561776399612427,-0.07020793930814762,-0.11485013365745544,-0.28630363941192627,-0.09798370377347965,-0.04770845174789429,-0.35541754961013794,-0.11550419853256244,-0.13069060444831848,-0.30532699823379517,0.002609415154893213,-0.13919168710708618,-0.4109064042568207,-0.04567186982558269,-0.11851367354393005,-0.3343925476074219,-0.07494097278640766,-0.10452917218208313,-0.27527058124542236,-0.08582127169893283,-0.06923884153366089,-0.32791775465011597,0.007031786430616194,-0.07276010513305664,-0.4363224506378174,-0.047821120183925814,-0.058562517166137695,-0.34207963943481445,-0.0726554475836565,-0.053326189517974854,-0.2882206439971924,-0.0759125955514719,-0.008847713470458984,-0.3345538377761841,0.0014107447937021789,-0.005058407783508301,-0.44518107175827026,-0.04838416055963535,-0.011411905288696289,-0.345217227935791,-0.04979709983990688,-0.018644869327545166,-0.26482564210891724,-0.034409613173465914,0.050098955631256104,-0.32644903659820557,-0.008609846990566439,0.05483895540237427,-0.4356486201286316,-0.031412151467065996,0.05331277847290039,-0.5062038898468018,-0.03672961221263904,0.04542410373687744,-0.5759749710559845,-0.03396844939516086
I,0.0,0.0,0.0,-0.07870107889175415,-0.06469559669494629,-0.040878993417436504,-0.12865674495697021,-0.16903597116470337,-0.0664658071057147,-0.11262550950050354,-0.28813350200653076,-0.0938674406663722,-0.04698580503463745,-0.35651612281799316,-0.11200223579567137,-0.1282220482826233,-0.3078393340110779,0.00548546765435276,-0.13627135753631592,-0.4112786054611206,-0.041338236029559994,-0.11623984575271606,-0.34165632724761963,-0.07154719993036451,-0.10184597969055176,-0.284363329410553,-0.08339885338705244,-0.06819534301757812,-0.3291466236114502,0.008273690049236393,-0.06884360313415527,-0.4366326928138733,-0.04590028613370123,-0.056582748889923096,-0.3519688844680786,-0.07344794734876814,-0.05264812707901001,-0.2981392741203308,-0.07863017633121672,-0.007791697978973389,-0.33494675159454346,0.0015362149986231088,-0.002762138843536377,-0.44502246379852295,-0.046798505778724575,-0.009750664234161377,-0.3491038680076599,-0.050504577304536724,-0.018432140350341797,-0.26955974102020264,-0.03690207838576498,0.05048525333404541,-0.32605183124542236,-0.009354324969763184,0.05578315258026123,-0.43497008085250854,-0.031124242539817715,0.05492675304412842,-0.5063422918319702,-0.03641830846231642,0.04755091667175293,-0.5775007605552673,-0.033756890292579556
I,0.0,0.0,0.0,-0.0803426206111908,-0.06220144033432007,-0.04165194337579692,-0.12923818826675415,-0.16729015111923218,-0.06754269977423633,-0.1140323281288147,-0.2885999083518982,-0.09515563180062259,-0.04947549104690552,-0.3572613000869751,-0.11304218848559344,-0.12838605046272278,-0.3048746585845947,0.00656471480291998,-0.1365056335926056,-0.41044729948043823,-0.04148596306654895,-0.11827319860458374,-0.3396143913269043,-0.07196035017582858,-0.10530745983123779,-0.2815033197402954,-0.0836417429647156,-0.06828486919403076,-0.3263489007949829,0.00988889611002719,-0.0693061351776123,-0.43499556183815,-0.04437272777173007,-0.05885833501815796,-0.3492892384529114,-0.07054021735999072,-0.05687814950942993,-0.29739058017730713,-0.07472235490891421,-0.008837223052978516,-0.33267343044281006,0.003145980505763646,-0.0038442015647888184,-0.4423768222332001,-0.0449478827914902,-0.012714803218841553,-0.3487597703933716,-0.04770519738409007,-0.021745264530181885,-0.2707623839378357,-0.03380596046659434,0.04921400547027588,-0.3251478672027588,-0.007983418790132646,0.054561078548431396,-0.4328623414039612,-0.02965533514830554,0.05303722620010376,-0.5044087171554565,-0.03522094493123973,0.04545968770980835,-0.5746628940105438,-0.032964853247136716
I,0.0,0.0,0.0,-0.07776987552642822,-0.06111544370651245,-0.039180942497210935,-0.12668874859809875,-0.1661887764930725,-0.0641470743929915,-0.11332195997238159,-0.28515392541885376,-0.09130419479961915,-0.049283504486083984,-0.35455751419067383,-0.10960191177483125,-0.12414133548736572,-0.3008264899253845,0.006092388031078144,-0.13278526067733765,-0.4044915735721588,-0.040199455491261915,-0.11581361293792725,-0.3374754786491394,-0.07022399144526048,-0.10221436619758606,-0.2813153862953186,-0.08221811490412279,-0.06621682643890381,-0.3219848871231079,0.00815580350999312,-0.0659947395324707,-0.4314453899860382,-0.04541349472756906,-0.05743342638015747,-0.3542035222053528,-0.07274790542479082,-0.05423945188522339,-0.30156272649765015,-0.07828153359051271,-0.006970465183258057,-0.3280598521232605,0.0008678011591598533,-0.002606630325317383,-0.4395174980163574,-0.04684894966240449,-0.011933684349060059,-0.34423112869262695,-0.050148647896008924,-0.020424187183380127,-0.2634497284889221,-0.036768239608960585,0.049890875816345215,-0.3196558952331543,-0.010537223576562837,0.05614882707595825,-0.42603614926338196,-0.03260461302753015,0.05445200204849243,-0.4979150891304016,-0.03833094300981088,0.0470542311668396,-0.5692994296550751,-0.03634283753390832
I,0.0,0.0,0.0,-0.0791548490524292,-0.05826842784881592,-0.04106778287649604,-0.1270466446876526,-0.16094356775283813,-0.06619810321689101,-0.11354374885559082,-0.2773122787475586,-0.09308179476619216,-0.05218505859375,-0.3472609221935272,-0.11067033567786666,-0.1240282654762268,-0.29458045959472656,0.0042307697297587765,-0.1314893662929535,-0.40025174617767334,-0.04468714082003089,-0.11453211307525635,-0.32906168699264526,-0.07535844304919692,-0.10145360231399536,-0.2712758183479309,-0.08660734453559371,-0.06493663787841797,-0.3138766288757324,0.007515095087285317,-0.06424260139465332,-0.4257988929748535,-0.048905555245880805,-0.05748468637466431,-0.34464898705482483,-0.07627785214543792,-0.05477631092071533,-0.2896100878715515,-0.08035801359773131,-0.0062285661697387695,-0.3200324773788452,0.001074582600551821,-0.0008142590522766113,-0.42494457960128784,-0.04945480832219573,-0.014113128185272217,-0.3272579312324524,-0.05296219521522971,-0.02488607168197632,-0.24715131521224976,-0.03806534045696708,0.05028080940246582,-0.31335359811782837,-0.009457557549183093,0.055817246437072754,-0.41941696405410767,-0.03208566093206855,0.05413717031478882,-0.49075716733932495,-0.0371085890507743,0.04742830991744995,-0.5615717172622681,-0.033709883776907645
I,0.0,0.0,0.0,-0.07898733019828796,-0.05576920509338379,-0.04456272412798512,-0.12884297966957092,-0.1583712100982666,-0.07152318273446667,-0.11627566814422607,-0.27757978439331055,-0.09934708540103543,-0.05177712440490723,-0.3450911343097687,-0.11761730973384488,-0.12606626749038696,-0.29538416862487793,0.00021866889429134062,-0.1359466314315796,-0.3991398215293884,-0.04769990284702885,-0.11878198385238647,-0.3298559784889221,-0.0763860649313699,-0.10471731424331665,-0.27419763803482056,-0.08666767989060986,-0.06720724701881409,-0.316183865070343,0.005278680298857807,-0.06926900148391724,-0.4237578809261322,-0.04942958493492711,-0.06026571989059448,-0.34087955951690674,-0.07431244914195645,-0.05690497159957886,-0.2902261018753052,-0.07740983431003201,-0.008499681949615479,-0.32170408964157104,0.00036673684363108805,-0.005938231945037842,-0.42936867475509644,-0.048751056834674955,-0.016259312629699707,-0.3324229121208191,-0.05094135244152653,-0.025654971599578857,-0.25411027669906616,-0.03611709986589062,0.04785585403442383,-0.31355637311935425,-0.008948296017564417,0.05334120988845825,-0.4196251630783081,-0.03131012682578671,0.0516929030418396,-0.4907059967517853,-0.03706257481834996,0.04400765895843506,-0.5617887377738953,-0.03466405038497555
I,0.0,0.0,0.0,-0.07881110906600952,-0.061666786670684814,-0.04036104636881532,-0.1265619993209839,-0.16234880685806274,-0.06513128759954157,-0.11315667629241943,-0.2779812812805176,-0.09131557824704828,-0.04970163106918335,-0.34311139583587646,-0.10732532622907343,-0.12073910236358643,-0.2959912419319153,0.003758404826186279,-0.13233143091201782,-0.3966478407382965,-0.04398141386602106,-0.11346468329429626,-0.32256484031677246,-0.07211646022889795,-0.10019701719284058,-0.26785534620285034,-0.08228189828489008,-0.06259092688560486,-0.3167312741279602,0.007244174325279573,-0.0663873553276062,-0.4179179072380066,-0.0448435577997941,-0.05672872066497803,-0.3269094228744507,-0.06710498365256967,-0.055870652198791504,-0.2841418981552124,-0.07009690585229578,-0.005242288112640381,-0.32183754444122314,0.0007907763504420018,4.774332046508789e-05,-0.4232834577560425,-0.04734943764898958,-0.01310962438583374,-0.3261137008666992,-0.04728289651367845,-0.02558082342147827,-0.25229889154434204,-0.03234922471139612,0.051444053649902344,-0.3127293586730957,-0.009889754044451138,0.05754196643829346,-0.4174686372280121,-0.032091311688162705,0.056834518909454346,-0.4860275089740753,-0.03651496353242578,0.04997658729553223,-0.555191308259964,-0.033721603030897995
I,0.0,0.0,0.0,-0.0764060914516449,-0.056716322898864746,-0.03486430953614672,-0.1257176399230957,-0.15367388725280762,-0.056271600829290946,-0.11848163604736328,-0.26457679271698,-0.08057224314086397,-0.058002859354019165,-0.32741624116897583,-0.09629278938643893,-0.11977016925811768,-0.2788892388343811,0.00767675664849321,-0.13418734073638916,-0.3762485980987549,-0.03579579602353533,-0.11708122491836548,-0.30865049362182617,-0.060381840275454124,-0.1007319986820221,-0.2599772810935974,-0.0683513612615343,-0.06594020128250122,-0.3014240860939026,0.009161404973042409,-0.06956857442855835,-0.3994435667991638,-0.04123395990006884,-0.06128436326980591,-0.31444764137268066,-0.061523943500446876,-0.053825825452804565,-0.26739758253097534,-0.06193478341572245,-0.010093867778778076,-0.3098785877227783,0.001429121649039189,-0.0062683820724487305,-0.4059576392173767,-0.04609814222328623,-0.018703460693359375,-0.31038492918014526,-0.04723516042702158,-0.027086973190307617,-0.23877990245819092,-0.03178118477933367,0.04412353038787842,-0.30605506896972656,-0.009876293422507842,0.04983729124069214,-0.4066242575645447,-0.03125185828082522,0.04824954271316528,-0.47256189584732056,-0.03533604304664095,0.043582260608673096,-0.5402626991271973,-0.03164398233764132
I,0.0,0.0,0.0,-0.07472744584083557,-0.05489075183868408,-0.0376669446268636,-0.1265658140182495,-0.14797598123550415,-0.060631112966831324,-0.12157753109931946,-0.25536608695983887,-0.08539437300353825,-0.06431737542152405,-0.3217155933380127,-0.10107096827417195,-0.1228196918964386,-0.278672456741333,0.0029281912574958824,-0.13353747129440308,-0.3704639673233032,-0.041044441823061106,-0.1128062903881073,-0.3023911714553833,-0.06610508060842335,-0.09740614891052246,-0.25413137674331665,-0.07462127304464161,-0.06736627221107483,-0.29876238107681274,0.005644139993790986,-0.07066598534584045,-0.39122655987739563,-0.04602623156100094,-0.06191810965538025,-0.310543417930603,-0.06743361598640263,-0.057254910469055176,-0.2613655924797058,-0.06856862253337681,-0.010698497295379639,-0.3057544231414795,-0.0008275693544703699,-0.009632110595703125,-0.399364709854126,-0.04966873100786984,-0.01915532350540161,-0.3065704107284546,-0.051408579412992594,-0.027573049068450928,-0.23550426959991455,-0.036087276253994105,0.043608903884887695,-0.3004564642906189,-0.010868539873655436,0.04981386661529541,-0.3988569378852844,-0.03416489980011761,0.048815369606018066,-0.46310898661613464,-0.03904028407126248,0.04245102405548096,-0.529472142457962,-0.03544692492872059
I,0.0,0.0,0.0,-0.07596173882484436,-0.05385005474090576,-0.033127197300217404,-0.12772107124328613,-0.15080338716506958,-0.053443809275648846,-0.11916369199752808,-0.25656867027282715,-0.07584331673862721,-0.06255573034286499,-0.3188999891281128,-0.08943590265991475,-0.11843818426132202,-0.2761482000350952,0.002799893493630634,-0.1302625834941864,-0.3676906228065491,-0.039036126111767544,-0.11353829503059387,-0.29560112953186035,-0.0625815067935207,-0.10007613897323608,-0.2490856647491455,-0.07102527213575627,-0.06352737545967102,-0.29415202140808105,0.0037021227151683433,-0.06870770454406738,-0.38676130771636963,-0.0461587023484924,-0.06411203742027283,-0.302226722240448,-0.06511444342615391,-0.058678507804870605,-0.25288766622543335,-0.06512764585497166,-0.00768512487411499,-0.30025815963745117,-0.003911683105997099,-0.006937384605407715,-0.3960075080394745,-0.04977437597992207,-0.021647989749908447,-0.3045583963394165,-0.049230692212603344,-0.03137439489364624,-0.23406630754470825,-0.033598014389298214,0.046055614948272705,-0.29440897703170776,-0.014916802060923828,0.05148226022720337,-0.394096314907074,-0.0372431997704723,0.04782348871231079,-0.45870062708854675,-0.04147851583840634,0.04100519418716431,-0.5244709551334381,-0.03795799729707028
I,0.0,0.0,0.0,-0.0753968358039856,-0.052043020725250244,-0.029882897948880327,-0.12603574991226196,-0.14664310216903687,-0.04900216064419283,-0.11660009622573853,-0.2501002550125122,-0.07087245336737169,-0.05984616279602051,-0.30872011184692383,-0.08493211618628038,-0.11531049013137817,-0.2659589648246765,0.00419513103548752,-0.12715789675712585,-0.3617883622646332,-0.03744848943318857,-0.11155638098716736,-0.29594045877456665,-0.06233250102962984,-0.09863883256912231,-0.24530380964279175,-0.07159568122591509,-0.061857372522354126,-0.2835956811904907,0.0036062981467352984,-0.06528395414352417,-0.3818538188934326,-0.04434889308180345,-0.05902332067489624,-0.3061061501502991,-0.06525507322515978,-0.053171366453170776,-0.25754618644714355,-0.06771863750185503,-0.007298290729522705,-0.2892032265663147,-0.005040808441151512,-0.0033043622970581055,-0.38738304376602173,-0.048646659916300905,-0.017454564571380615,-0.3009369969367981,-0.050020483648438585,-0.02744358777999878,-0.2311612367630005,-0.03688439852561487,0.04591977596282959,-0.2822725772857666,-0.016913584759493006,0.05166393518447876,-0.37944841384887695,-0.03821665919389261,0.04936873912811279,-0.4443768858909607,-0.04339396706785692,0.04435378313064575,-0.509734719991684,-0.04140927768315805
I,0.0,0.0,0.0,-0.07542082667350769,-0.052604854106903076,-0.026801685648280227,-0.1261202096939087,-0.145338237285614,-0.044408568026739204,-0.11615371704101562,-0.24719232320785522,-0.06506504568667992,-0.059851646423339844,-0.30399787425994873,-0.0780806213936387,-0.11394935846328735,-0.26357901096343994,0.0064889222064437035,-0.12711292505264282,-0.35197317600250244,-0.0325224630853711,-0.11142730712890625,-0.2872641086578369,-0.05587635639520272,-0.09912717342376709,-0.24132972955703735,-0.06474623534293755,-0.061824649572372437,-0.28151386976242065,0.004999730890375531,-0.06709906458854675,-0.3728020191192627,-0.040310364993530357,-0.06260687112808228,-0.30200469493865967,-0.0595503866991578,-0.05925366282463074,-0.2570018768310547,-0.061533112855869376,-0.008140027523040771,-0.28767186403274536,-0.004105066260564172,-0.00819694995880127,-0.37916696071624756,-0.045767974885421836,-0.02192145586013794,-0.29322195053100586,-0.045190253140646064,-0.03204593062400818,-0.22475266456604004,-0.0312097229382573,0.04399847984313965,-0.28168827295303345,-0.016210400345045173,0.05013030767440796,-0.37644582986831665,-0.036262404950576865,0.04717099666595459,-0.4396195411682129,-0.03959082144709214,0.03990483283996582,-0.5035102367401123,-0.03639742809744462
I,0.0,0.0,0.0,-0.076131671667099,-0.051103949546813965,-0.025600793037995118,-0.1265629529953003,-0.14022666215896606,-0.04216127489922883,-0.11974582076072693,-0.2412380576133728,-0.061751689959749,-0.0653526782989502,-0.2979472875595093,-0.07413569112537743,-0.11558231711387634,-0.25385648012161255,0.009494152653530818,-0.13063302636146545,-0.3444938659667969,-0.027972603414639252,-0.1137951910495758,-0.2901134490966797,-0.051543452043517846,-0.09890469908714294,-0.2426503300666809,-0.06039673854826333,-0.06551423668861389,-0.27313196659088135,0.008264412905589325,-0.07079339027404785,-0.3683706521987915,-0.034180548239930886,-0.06274431943893433,-0.30556321144104004,-0.05407104288457276,-0.05712175369262695,-0.2608330249786377,-0.057195846189245,-0.01336526870727539,-0.28079426288604736,-0.0004996439907358763,-0.014423787593841553,-0.37662652134895325,-0.03970626016376855,-0.024413228034973145,-0.2953360080718994,-0.040247641701682824,-0.029971420764923096,-0.22542959451675415,-0.027692677651032227,0.03861719369888306,-0.27596521377563477,-0.012262820464059132,0.04508405923843384,-0.36952662467956543,-0.03138078768967034,0.04314786195755005,-0.43279892206192017,-0.03564690818308236,0.03752380609512329,-0.4955672025680542,-0.03356062640665414
I,0.0,0.0,0.0,-0.0742294192314148,-0.04575324058532715,-0.02749017534858922,-0.12629958987236023,-0.13486790657043457,-0.04395344389683942,-0.12006494402885437,-0.2361241579055786,-0.06269505528814534,-0.06423741579055786,-0.2906567454338074,-0.07418494580394963,-0.11328482627868652,-0.24859631061553955,0.005766240860452854,-0.12835729122161865,-0.3371906876564026,-0.030208687317440308,-0.11196684837341309,-0.2796785235404968,-0.05180115161545018,-0.09771490097045898,-0.23499023914337158,-0.059914602917501725,-0.06378352642059326,-0.2673725485801697,0.005659195109387838,-0.06898704171180725,-0.3610323667526245,-0.0377119174421523,-0.0630839467048645,-0.29601025581359863,-0.056808612328836716,-0.05840235948562622,-0.24883747100830078,-0.05888710824854115,-0.012735486030578613,-0.2747967839241028,-0.0017932127424273858,-0.014796912670135498,-0.36645588278770447,-0.04170669524080495,-0.026282072067260742,-0.28589385747909546,-0.042734487932989396,-0.0330888032913208,-0.21796125173568726,-0.030192838069865502,0.03750687837600708,-0.26987892389297485,-0.012223717776009835,0.043692052364349365,-0.3619590401649475,-0.031648109686443604,0.041241586208343506,-0.42434632778167725,-0.03636085895902852,0.035067856311798096,-0.486317902803421,-0.03456024734384755
I,0.0,0.0,0.0,-0.07339012622833252,-0.04589337110519409,-0.028133525469201004,-0.12481608986854553,-0.1344570517539978,-0.04503394565810481,-0.12045368552207947,-0.23512130975723267,-0.06447832188834468,-0.06621474027633667,-0.2933792471885681,-0.07679833374251643,-0.11465811729431152,-0.24779659509658813,0.008365291214687431,-0.13140451908111572,-0.33386558294296265,-0.028490482785599625,-0.11473679542541504,-0.2840767502784729,-0.05118586397995273,-0.09840360283851624,-0.2409411072731018,-0.05948785594929973,-0.06537449359893799,-0.2674708366394043,0.008653626821143234,-0.07178834080696106,-0.35932111740112305,-0.036129443862336075,-0.06515645980834961,-0.2954968810081482,-0.05665473169912616,-0.05910283327102661,-0.2473158836364746,-0.05863558403481761,-0.014311790466308594,-0.2759503126144409,0.0013761285665907508,-0.017947852611541748,-0.3676404356956482,-0.03929443559874812,-0.02818429470062256,-0.2875440716743469,-0.040497499474184906,-0.032470107078552246,-0.21856606006622314,-0.027082650878327286,0.03628760576248169,-0.27229732275009155,-0.008991920345323479,0.04220986366271973,-0.3637109398841858,-0.02819525166680137,0.03940767049789429,-0.4254978597164154,-0.032392176755564606,0.03319042921066284,-0.48598504066467285,-0.0295782787286214
I,0.0,0.0,0.0,-0.07157140970230103,-0.04739391803741455,-0.02635301169297577,-0.12367260456085205,-0.13727939128875732,-0.041690650249933014,-0.11983838677406311,-0.23739933967590332,-0.05954594057342888,-0.06397563219070435,-0.2885643243789673,-0.0702108096732843,-0.11202001571655273,-0.24637603759765625,0.008232883323813667,-0.12763306498527527,-0.3348213732242584,-0.027195426489328156,-0.11167457699775696,-0.2794901132583618,-0.048573019768213044,-0.09681862592697144,-0.23488867282867432,-0.0564001527085054,-0.06316626071929932,-0.2652270793914795,0.008031247329796543,-0.0697430968284607,-0.359747976064682,-0.03541606929442764,-0.06268438696861267,-0.29308658838272095,-0.05425476920149208,-0.056123286485672,-0.24295246601104736,-0.05532640483519913,-0.012864828109741211,-0.27369505167007446,0.0005156953417611021,-0.0161779522895813,-0.36689507961273193,-0.03822066154620529,-0.026209384202957153,-0.28945547342300415,-0.039230468536828766,-0.030987024307250977,-0.22167366743087769,-0.02644706223449589,0.036966919898986816,-0.2700476050376892,-0.010002410824512253,0.042314887046813965,-0.36095088720321655,-0.028041659708236466,0.03945958614349365,-0.42182955145835876,-0.03253265362522484,0.03351461887359619,-0.48083633184432983,-0.03049511540970684
I,0.0,0.0,0.0,-0.07031333446502686,-0.046140193939208984,-0.026185907164631317,-0.12012600898742676,-0.12997251749038696,-0.043183043340263794,-0.11702808737754822,-0.22626692056655884,-0.06271468077045483,-0.06426721811294556,-0.281063437461853,-0.07548657033783002,-0.11079305410385132,-0.23928087949752808,0.003985728861721327,-0.1277913749217987,-0.324773907661438,-0.032363202163992355,-0.11044532060623169,-0.2697821855545044,-0.05440036926609082,-0.09460940957069397,-0.22492527961730957,-0.06267718944889111,-0.0627986490726471,-0.2581785321235657,0.0032267167958934806,-0.07112118601799011,-0.34804052114486694,-0.03896246452075047,-0.06328561902046204,-0.2834244966506958,-0.05777544502359433,-0.05662357807159424,-0.23608970642089844,-0.060146741310177276,-0.012870311737060547,-0.26647818088531494,-0.004533111324576566,-0.016037404537200928,-0.35725295543670654,-0.04313439849954648,-0.025805234909057617,-0.2809123992919922,-0.04444894913774533,-0.03139457106590271,-0.21506720781326294,-0.03274483580332799,0.03627294301986694,-0.263175904750824,-0.015089655967472027,0.040565669536590576,-0.3530219793319702,-0.0335997750256638,0.038432180881500244,-0.4129093289375305,-0.03782438833457036,0.0328177809715271,-0.4708949029445648,-0.03590897072297139
I,0.0,0.0,0.0,-0.07024389505386353,-0.04557597637176514,-0.026223708045705507,-0.1194601058959961,-0.12909936904907227,-0.04260832267723913,-0.1158113181591034,-0.22599774599075317,-0.06148740845642919,-0.0628528892993927,-0.2789984345436096,-0.07315288680516119,-0.1115349531173706,-0.2374749779701233,0.007953489097729971,-0.12789815664291382,-0.32282206416130066,-0.02885063561521406,-0.10975539684295654,-0.2688656449317932,-0.051393905756100366,-0.09444290399551392,-0.22433042526245117,-0.059556318548544596,-0.0635574460029602,-0.256692111492157,0.007968874546662619,-0.07113686203956604,-0.34398186206817627,-0.034393387016876886,-0.062045663595199585,-0.27687281370162964,-0.052890019592865656,-0.05697840452194214,-0.2313329577445984,-0.054413793710097025,-0.014662951231002808,-0.2650526762008667,0.0005549623896001776,-0.01743137836456299,-0.352461040019989,-0.03771649870000715,-0.02553468942642212,-0.2744213938713074,-0.03781895908437605,-0.03054484724998474,-0.20888924598693848,-0.024798812446221064,0.03413069248199463,-0.2618185877799988,-0.009807857786341856,0.03814321756362915,-0.3492361903190613,-0.027448650551065157,0.03617900609970093,-0.407279908657074,-0.03085818338118429,0.03033214807510376,-0.46427756547927856,-0.02800008664749498
I,0.0,0.0,0.0,-0.071094810962677,-0.04739809036254883,-0.025547949420882787,-0.11824154853820801,-0.12937003374099731,-0.04213528876252326,-0.11431825160980225,-0.2267281413078308,-0.06098446791119727,-0.06197977066040039,-0.2803950905799866,-0.07197805290169867,-0.11329951882362366,-0.23725175857543945,0.008080737841652308,-0.12883469462394714,-0.32227623462677,-0.02932250854618701,-0.11042183637619019,-0.26434069871902466,-0.05199396406359824,-0.09705862402915955,-0.21872544288635254,-0.06034485419340285,-0.06475991010665894,-0.25771963596343994,0.008200269368813906,-0.07294082641601562,-0.3413901925086975,-0.03331398760028037,-0.06221359968185425,-0.2663860321044922,-0.050289762961341467,-0.0599227249622345,-0.2241734266281128,-0.05158035253234061,-0.016484320163726807,-0.2665095925331116,0.0008652266132287423,-0.01883113384246826,-0.35172897577285767,-0.037106538015081014,-0.026795297861099243,-0.2713528871536255,-0.03498952259369048,-0.03264272212982178,-0.2066892385482788,-0.021137513043953504,0.03274160623550415,-0.2637389898300171,-0.009343541982246961,0.03673601150512695,-0.35171765089035034,-0.026945266696287717,0.0360599160194397,-0.40855303406715393,-0.029202652918769445,0.030752182006835938,-0.4647831916809082,-0.025680735530926313
I,0.0,0.0,0.0,-0.06896698474884033,-0.047854721546173096,-0.02552975404765334,-0.11420896649360657,-0.12629497051239014,-0.042548185845276976,-0.10767114162445068,-0.2192608118057251,-0.06192681070174899,-0.056405723094940186,-0.2717645764350891,-0.0744033927818748,-0.10567024350166321,-0.2315167784690857,0.00457588846106205,-0.11975681781768799,-0.3148282766342163,-0.032064403106829786,-0.10412412881851196,-0.25698161125183105,-0.054290233810803556,-0.09146192669868469,-0.2118346095085144,-0.06258255492653575,-0.05895790457725525,-0.2499401569366455,0.0040631176183012485,-0.066456139087677,-0.3355230391025543,-0.03746227051820483,-0.05772799253463745,-0.2642689347267151,-0.05507792036738124,-0.05253803730010986,-0.21858155727386475,-0.05683730792011943,-0.01157379150390625,-0.25800204277038574,-0.0034801284106436015,-0.01365622878074646,-0.34411725401878357,-0.04065962757672992,-0.02131056785583496,-0.2672213912010193,-0.04006619255747523,-0.025913536548614502,-0.2037866711616516,-0.027555507307312155,0.035220980644226074,-0.25432002544403076,-0.01388463627304759,0.03968924283981323,-0.3413649797439575,-0.030777827536127234,0.03758519887924194,-0.397983193397522,-0.03343649830426898,0.03134894371032715,-0.4532749652862549,-0.030567542349359655
I,0.0,0.0,0.0,-0.0667550265789032,-0.04913485050201416,-0.028331835456526733,-0.10956910252571106,-0.12683886289596558,-0.04731338907066629,-0.10251840949058533,-0.2170913815498352,-0.06815971124950693,-0.05200988054275513,-0.269913911819458,-0.08130836177650735,-0.10629013180732727,-0.23270082473754883,0.0030266717724884984,-0.11638188362121582,-0.314106285572052,-0.03541104558888719,-0.09958934783935547,-0.2521796226501465,-0.05839455936137483,-0.08931142091751099,-0.20596706867218018,-0.06680460710111902,-0.059045493602752686,-0.25167179107666016,0.0037800707571591374,-0.06346365809440613,-0.33314812183380127,-0.039079778530037856,-0.05350235104560852,-0.2570769190788269,-0.05696187604252145,-0.05299019813537598,-0.21469277143478394,-0.05870745766941354,-0.011871010065078735,-0.2593802213668823,-0.0028393426261459354,-0.012817084789276123,-0.3394165337085724,-0.04178061772171304,-0.018945246934890747,-0.2577627897262573,-0.040497758128083206,-0.024981796741485596,-0.1934429407119751,-0.026907092593944526,0.0349898636341095,-0.2549072504043579,-0.012458332516587234,0.040572553873062134,-0.34050658345222473,-0.030231690667903877,0.04092851281166077,-0.39580321311950684,-0.032440853007472015,0.035060733556747437,-0.4510444402694702,-0.02885611232403562
I,0.0,0.0,0.0,-0.06800815463066101,-0.05235254764556885,-0.02786506892149987,-0.10812968015670776,-0.12901288270950317,-0.04725687944298329,-0.09778255224227905,-0.21726781129837036,-0.0683142393172318,-0.04428336024284363,-0.2632495164871216,-0.08183775835638585,-0.1020825207233429,-0.23135614395141602,0.0020916427675103932,-0.11348852515220642,-0.3109802007675171,-0.036310698771529815,-0.09764450788497925,-0.25093746185302734,-0.059584762835555694,-0.08685550093650818,-0.20563280582427979,-0.06862325959806981,-0.05529594421386719,-0.25029945373535156,0.002871345328486541,-0.061132073402404785,-0.32931387424468994,-0.03722180419569554,-0.0504019558429718,-0.25114303827285767,-0.052682202243858,-0.050590693950653076,-0.21467310190200806,-0.05434337624316754,-0.009433537721633911,-0.25727176666259766,-0.00381393700806143,-0.0108262300491333,-0.3365299701690674,-0.04071648039823117,-0.016525298357009888,-0.2560560703277588,-0.037211812967115065,-0.021276652812957764,-0.1924886703491211,-0.02360866025989594,0.03713405132293701,-0.2519879937171936,-0.013673165747576377,0.04341679811477661,-0.33773380517959595,-0.030757205495291373,0.045510947704315186,-0.3936556279659271,-0.032333288276248595,0.04155600070953369,-0.4493263363838196,-0.029111728006654403
I,0.0,0.0,0.0,-0.0658332109451294,-0.050153374671936035,-0.027552553412675707,-0.10488015413284302,-0.1228894591331482,-0.047569862527012674,-0.09214204549789429,-0.20803982019424438,-0.06933891676104054,-0.03935930132865906,-0.25146448612213135,-0.08401663504278645,-0.09887087345123291,-0.22619712352752686,-0.001401270350612549,-0.10896068811416626,-0.30291640758514404,-0.04088442302978024,-0.0930432379245758,-0.24254494905471802,-0.06502807043230519,-0.08309903740882874,-0.19734984636306763,-0.07471983782684788,-0.052180707454681396,-0.24463647603988647,-0.0011064685715211908,-0.05797722935676575,-0.32000041007995605,-0.04124946050083622,-0.04679250717163086,-0.23970699310302734,-0.05630322448647007,-0.046427369117736816,-0.20285874605178833,-0.05798324845468983,-0.006901144981384277,-0.2509629726409912,-0.008153546561658231,-0.007164955139160156,-0.32696157693862915,-0.04501756556069836,-0.01336205005645752,-0.24722075462341309,-0.04194534100329861,-0.019225329160690308,-0.1855800747871399,-0.02891438357269749,0.03800475597381592,-0.24479931592941284,-0.018285549205899088,0.04492276906967163,-0.3290373980998993,-0.03611833877599224,0.04737061262130737,-0.38347333669662476,-0.038327488077044336,0.04418367147445679,-0.43759316205978394,-0.03554481543338284
I,0.0,0.0,0.0,-0.06363323330879211,-0.04860574007034302,-0.031044253891508333,-0.1020645797252655,-0.125241219997406,-0.05218233149329876,-0.08739444613456726,-0.21104544401168823,-0.07378049921075558,-0.034662604331970215,-0.2509616017341614,-0.08763416837732052,-0.09466591477394104,-0.22584044933319092,-0.007928374966780893,-0.10257962346076965,-0.30208852887153625,-0.04591792803088879,-0.08991143107414246,-0.24119126796722412,-0.06666311602870678,-0.08144858479499817,-0.19887971878051758,-0.07458543013612484,-0.04767364263534546,-0.24498480558395386,-0.005720563044945948,-0.05270957946777344,-0.3192777633666992,-0.042347937634389154,-0.044863373041152954,-0.23752939701080322,-0.05280610900203442,-0.047574400901794434,-0.21376436948776245,-0.05279387514869427,-0.0031089186668395996,-0.25103628635406494,-0.010961673965852015,-0.001553654670715332,-0.32595640420913696,-0.0453450938669846,-0.009635597467422485,-0.24650651216506958,-0.03936643134633755,-0.016536355018615723,-0.18748527765274048,-0.026048347165982477,0.04165700078010559,-0.24437254667282104,-0.01974939163605427,0.049584776163101196,-0.32944345474243164,-0.036924622764985315,0.05227199196815491,-0.38459140062332153,-0.0389596519974873,0.049635082483291626,-0.4395868182182312,-0.03696362655441021
I,0.0,0.0,0.0,-0.061843425035476685,-0.04957449436187744,-0.03080927596229799,-0.09903454780578613,-0.12251317501068115,-0.05273241379100568,-0.08346125483512878,-0.20539438724517822,-0.0756859389765907,-0.030693620443344116,-0.24686455726623535,-0.09148127415019758,-0.09101727604866028,-0.2250414490699768,-0.006152903351818395,-0.09815767407417297,-0.29685550928115845,-0.045855393789594245,-0.08458864688873291,-0.23745328187942505,-0.06846769728500135,-0.07492226362228394,-0.19326817989349365,-0.0767806974871803,-0.04508101940155029,-0.24263161420822144,-0.004333840839450431,-0.04855164885520935,-0.31351831555366516,-0.04360310562688596,-0.0405193567276001,-0.23267191648483276,-0.05618899517494924,-0.041415899991989136,-0.20250999927520752,-0.056297635815923286,-0.0008087456226348877,-0.24804383516311646,-0.010099808841829372,0.0016715526580810547,-0.32048994302749634,-0.04698264428216703,-0.006957024335861206,-0.24094200134277344,-0.04280596800882108,-0.014700621366500854,-0.1812199354171753,-0.029198995016400886,0.0428643524646759,-0.24128514528274536,-0.019216403521483016,0.04974272847175598,-0.3247452676296234,-0.037348428897445274,0.052478522062301636,-0.3794342875480652,-0.039366291992251945,0.0501229465007782,-0.43479323387145996,-0.036463489912335945
I,0.0,0.0,0.0,-0.06006366014480591,-0.04593092203140259,-0.0311861885307394,-0.09827634692192078,-0.11912930011749268,-0.052191740792807195,-0.0807293951511383,-0.20206642150878906,-0.07373481891733036,-0.02750954031944275,-0.24240821599960327,-0.08789663664680347,-0.08967682719230652,-0.22249960899353027,-0.008042341989096258,-0.09737464785575867,-0.292452335357666,-0.045944019180353735,-0.08467891812324524,-0.23173266649246216,-0.06692308090310917,-0.07537296414375305,-0.19206875562667847,-0.07490516356807575,-0.044202834367752075,-0.24099785089492798,-0.005964106839712713,-0.047438979148864746,-0.3091816306114197,-0.04453621707540378,-0.041349202394485474,-0.23122847080230713,-0.05611132733207569,-0.04251012206077576,-0.20227175951004028,-0.05572151668053493,-8.079409599304199e-05,-0.24597495794296265,-0.01131217457037792,0.0022031962871551514,-0.31613102555274963,-0.04740034319144115,-0.007485181093215942,-0.23877906799316406,-0.04284436903577671,-0.015597164630889893,-0.18203359842300415,-0.029290580150302503,0.04285910725593567,-0.23903053998947144,-0.02001966625135765,0.05169913172721863,-0.3216385841369629,-0.03856899492126331,0.05403551459312439,-0.3759315311908722,-0.04108848698120937,0.05126646161079407,-0.43118488788604736,-0.038523956161554906
I,0.0,0.0,0.0,-0.057797253131866455,-0.04522097110748291,-0.030246969666052337,-0.09423211216926575,-0.11797118186950684,-0.05174425465958166,-0.07653465867042542,-0.19796901941299438,-0.07322928903596448,-0.023192256689071655,-0.23505663871765137,-0.08763410745160627,-0.08403968811035156,-0.21809500455856323,-0.014601001869607444,-0.092498779296875,-0.2849334478378296,-0.05255657283561277,-0.07948547601699829,-0.2224324345588684,-0.0733370393325572,-0.07036897540092468,-0.18112480640411377,-0.08153454808490324,-0.039782822132110596,-0.2371807098388672,-0.012404645215440269,-0.04453912377357483,-0.30374619364738464,-0.04803593305842924,-0.03577780723571777,-0.21986371278762817,-0.057132644932437415,-0.038122594356536865,-0.19465148448944092,-0.05694621277945089,0.0023159682750701904,-0.24183976650238037,-0.01698738558189916,0.0037128329277038574,-0.3088502287864685,-0.05069269834058332,-0.003061145544052124,-0.2305203080177307,-0.04412015749113607,-0.009495764970779419,-0.17452579736709595,-0.031062832455802436,0.045432478189468384,-0.23369359970092773,-0.024829622711706634,0.053951531648635864,-0.3178602457046509,-0.04236485658185529,0.05837133526802063,-0.3719050884246826,-0.04416394082801389,0.05691114068031311,-0.42673319578170776,-0.0422764293660407
I,0.0,0.0,0.0,-0.056659549474716187,-0.04710906744003296,-0.031099156684376794,-0.09094005823135376,-0.1152724027633667,-0.05410265663931568,-0.07218816876411438,-0.19229191541671753,-0.07689433286259373,-0.020242780447006226,-0.2310197353363037,-0.0928788457281371,-0.07906848192214966,-0.21450334787368774,-0.01850117484400471,-0.08705803751945496,-0.2806902229785919,-0.056108986235358316,-0.07678249478340149,-0.21795201301574707,-0.07628006974528034,-0.06886860728263855,-0.1737472414970398,-0.08396195361683567,-0.03585350513458252,-0.23272645473480225,-0.015850634521939355,-0.04067349433898926,-0.2977350354194641,-0.0515318710572501,-0.03393137454986572,-0.21591538190841675,-0.0611945625610133,-0.035997092723846436,-0.18845504522323608,-0.061492719895341,0.005983144044876099,-0.2379748821258545,-0.019604542500474054,0.006273418664932251,-0.30300411581993103,-0.05269597584674557,-0.0012063086032867432,-0.225538432598114,-0.046790835655428964,-0.007965326309204102,-0.16889595985412598,-0.034400117791392404,0.047689348459243774,-0.23010313510894775,-0.026622521898843843,0.05708029866218567,-0.31358760595321655,-0.044003346211411554,0.06202003359794617,-0.3680780529975891,-0.04611568266818722,0.060873180627822876,-0.4224800765514374,-0.04449803123543461
I,0.0,0.0,0.0,-0.05706244707107544,-0.04383057355880737,-0.032583613894757946,-0.09331831336021423,-0.10922008752822876,-0.05572033768135043,-0.07165151834487915,-0.18279850482940674,-0.07907494997220965,-0.02041006088256836,-0.21991115808486938,-0.09586542939382525,-0.08361741900444031,-0.21581441164016724,-0.016554766349372585,-0.08712342381477356,-0.2777920365333557,-0.054869950763759334,-0.07459291815757751,-0.21499228477478027,-0.07658269350963565,-0.06652697920799255,-0.17206525802612305,-0.08504558449226352,-0.03832763433456421,-0.23244458436965942,-0.01491440927225085,-0.03772708773612976,-0.29411962628364563,-0.05572129880624743,-0.029814600944519043,-0.2146592140197754,-0.0696282023711774,-0.029733508825302124,-0.17611408233642578,-0.0702649513407323,0.006266295909881592,-0.23595666885375977,-0.019928975976881702,0.011451661586761475,-0.29825347661972046,-0.05706926902371379,0.005533397197723389,-0.219953715801239,-0.054288175903138836,-0.0025655925273895264,-0.16162896156311035,-0.04132784252601596,0.047955602407455444,-0.22647333145141602,-0.028221921078738887,0.05835101008415222,-0.30710721015930176,-0.047544975779828746,0.0646413266658783,-0.3601759672164917,-0.05009658356743785,0.06510898470878601,-0.41430148482322693,-0.04714031984644862
I,0.0,0.0,0.0,-0.05646428465843201,-0.043450891971588135,-0.03379888646892937,-0.09252026677131653,-0.11071538925170898,-0.05772201903752716,-0.07087552547454834,-0.18631380796432495,-0.08158439584664734,-0.016068488359451294,-0.22167760133743286,-0.09919520654372604,-0.07861015200614929,-0.2155497670173645,-0.018354035919827538,-0.08543789386749268,-0.27567192912101746,-0.0584313403873864,-0.07296636700630188,-0.21759533882141113,-0.08060699888162048,-0.0631951093673706,-0.17577743530273438,-0.08861150779418381,-0.035530298948287964,-0.23288875818252563,-0.01606378518633278,-0.03560313582420349,-0.2957099676132202,-0.05873850174836548,-0.02705371379852295,-0.21575993299484253,-0.07211719640187653,-0.027567356824874878,-0.1769612431526184,-0.07114883699111374,0.007048249244689941,-0.23692375421524048,-0.020658962434453088,0.010517388582229614,-0.2959020435810089,-0.05936558731488617,0.006405442953109741,-0.21896839141845703,-0.056817790499252396,-0.00042825937271118164,-0.16204679012298584,-0.04301506840280922,0.04760855436325073,-0.22695904970169067,-0.028585840022486764,0.05959111452102661,-0.30862927436828613,-0.04848787002853783,0.06711655855178833,-0.36269721388816833,-0.051288032910150605,0.06875485181808472,-0.4162827730178833,-0.04804788344196709
I,0.0,0.0,0.0,-0.054927706718444824,-0.04280334711074829,-0.034709330921060655,-0.09200188517570496,-0.10748523473739624,-0.05981058282125673,-0.06842437386512756,-0.180292010307312,-0.08356114131677828,-0.016110539436340332,-0.21606791019439697,-0.10045785856712541,-0.07920238375663757,-0.21611624956130981,-0.02717492011655054,-0.08402243256568909,-0.27309128642082214,-0.06622315597999773,-0.07197213172912598,-0.20674508810043335,-0.08754606944788179,-0.0652717649936676,-0.16501861810684204,-0.09656550389993868,-0.03469160199165344,-0.23362034559249878,-0.024074679513461206,-0.03651455044746399,-0.292295902967453,-0.06254806024301729,-0.027421623468399048,-0.2046351432800293,-0.07261532199848375,-0.029009729623794556,-0.1726973056793213,-0.07257174355257234,0.007205545902252197,-0.2363203763961792,-0.027279554207808587,0.009433925151824951,-0.2922966778278351,-0.06162288439739427,0.0054142773151397705,-0.2120339274406433,-0.05551455569732866,-0.001453399658203125,-0.1561669111251831,-0.04259230596292696,0.04753535985946655,-0.2242412567138672,-0.03398282480705461,0.05830341577529907,-0.30717504024505615,-0.05304418904054842,0.06653833389282227,-0.35928022861480713,-0.05525290993321619,0.06810468435287476,-0.41249871253967285,-0.05323472273815355
I,0.0,0.0,0.0,-0.0547642707824707,-0.04245418310165405,-0.037879565028049456,-0.08981791138648987,-0.10326451063156128,-0.06451462325225066,-0.06620249152183533,-0.17219781875610352,-0.08956295367846678,-0.01566147804260254,-0.20860344171524048,-0.10760134574542235,-0.07914265990257263,-0.21773213148117065,-0.030958536309697138,-0.08037906885147095,-0.2682380974292755,-0.07135076936850737,-0.06664139032363892,-0.19880741834640503,-0.09234270569453429,-0.061631590127944946,-0.15622437000274658,-0.10047225025067519,-0.03307279944419861,-0.23372775316238403,-0.027150529665448175,-0.03201928734779358,-0.2869439125061035,-0.06974359717736434,-0.021574676036834717,-0.19672328233718872,-0.08188504096636962,-0.024604707956314087,-0.15904146432876587,-0.08167573925624083,0.01050412654876709,-0.23618823289871216,-0.02976499986419867,0.01468554139137268,-0.2832510471343994,-0.06876269843945693,0.01207059621810913,-0.1993979811668396,-0.06537059810528945,0.003224402666091919,-0.142494797706604,-0.05213073384533118,0.05128708481788635,-0.2245246171951294,-0.035759487418033586,0.061156123876571655,-0.3062521815299988,-0.056868137089111315,0.07081189751625061,-0.3577878475189209,-0.05967446160087775,0.07308807969093323,-0.4099865257740021,-0.05690336715946387
I,0.0,0.0,0.0,-0.054315149784088135,-0.04365897178649902,-0.0356345123034032,-0.08831050992012024,-0.10102134943008423,-0.06165599658899623,-0.06550434231758118,-0.16731810569763184,-0.08659357040934879,-0.01631149649620056,-0.20549941062927246,-0.10545419364981967,-0.07745680212974548,-0.21205300092697144,-0.02943599991314727,-0.08574315905570984,-0.2634488642215729,-0.06765062570386249,-0.07265493273735046,-0.21320050954818726,-0.08644572853856403,-0.06231775879859924,-0.17111104726791382,-0.09240166306310016,-0.03298693895339966,-0.22846490144729614,-0.026613274810841858,-0.03252488374710083,-0.2833501696586609,-0.0697601830940755,-0.024188905954360962,-0.2048097848892212,-0.08316165417247134,-0.025470346212387085,-0.1620081663131714,-0.08259679585509616,0.010637164115905762,-0.23106074333190918,-0.02963145658188182,0.01498904824256897,-0.27839553356170654,-0.07025224178843814,0.01007169485092163,-0.1984771490097046,-0.06848702788167316,0.001532137393951416,-0.14021515846252441,-0.05485425725393611,0.05115821957588196,-0.21930724382400513,-0.03565855905227977,0.06312468647956848,-0.3006075918674469,-0.05860658570938426,0.07205066084861755,-0.35508331656455994,-0.061984049377969086,0.07468989491462708,-0.4087302088737488,-0.05850373416953403
I,0.0,0.0,0.0,-0.051546841859817505,-0.04003709554672241,-0.0415456097050253,-0.08539623022079468,-0.0978384017944336,-0.06975681590276395,-0.06209787726402283,-0.1623227596282959,-0.09563993173080121,-0.015482544898986816,-0.20063430070877075,-0.11428536730247174,-0.08060914278030396,-0.21980005502700806,-0.03565131383376752,-0.0795239508152008,-0.26649388670921326,-0.0738397489710394,-0.06448447704315186,-0.19847339391708374,-0.09144205855565701,-0.057644814252853394,-0.15568417310714722,-0.09719938295322095,-0.03423157334327698,-0.23403775691986084,-0.030462895281488045,-0.026993900537490845,-0.2803296446800232,-0.07325136172013913,-0.01798287034034729,-0.19508647918701172,-0.0848587702436987,-0.020849496126174927,-0.15477734804153442,-0.08345498400169049,0.011487871408462524,-0.23410063982009888,-0.03163775312143002,0.021475881338119507,-0.2780495285987854,-0.07335844146447812,0.017193377017974854,-0.19393718242645264,-0.07108325021701489,0.00592002272605896,-0.13771700859069824,-0.05707243712978993,0.05327916145324707,-0.2210608720779419,-0.036066698603207215,0.06594234704971313,-0.30027925968170166,-0.059725451044613465,0.07602298259735107,-0.3524176776409149,-0.06288544344144498,0.07838261127471924,-0.4067457318305969,-0.0590236957593504
I,0.0,0.0,0.0,-0.050395578145980835,-0.03534883260726929,-0.044266379398962385,-0.0833989679813385,-0.09294676780700684,-0.07338696248616827,-0.061778903007507324,-0.15614843368530273,-0.09986021645154608,-0.0153847336769104,-0.1938190460205078,-0.11897842116441382,-0.07924765348434448,-0.21521669626235962,-0.03721336923327101,-0.07707679271697998,-0.26421457529067993,-0.07844016231383932,-0.06316089630126953,-0.1998155117034912,-0.09749139375772131,-0.05545973777770996,-0.15444141626358032,-0.10303417123641623,-0.032802194356918335,-0.23004406690597534,-0.03141987971748961,-0.024130314588546753,-0.280145525932312,-0.0789449615010227,-0.015168219804763794,-0.1973288655281067,-0.09291126854505194,-0.016750812530517578,-0.1526733636856079,-0.09113942362155569,0.013117313385009766,-0.22962695360183716,-0.03244261719073904,0.02362114191055298,-0.26853567361831665,-0.07917084820356024,0.018951714038848877,-0.18233180046081543,-0.07889057971324576,0.00791826844215393,-0.12409085035324097,-0.06393533475484503,0.05558431148529053,-0.216530442237854,-0.03676318652715338,0.06928509473800659,-0.2953248620033264,-0.0631835935243572,0.08004647493362427,-0.3486410975456238,-0.06718448824967993,0.0833478569984436,-0.4040951728820801,-0.06277374453630102
I,0.0,0.0,0.0,-0.0534135103225708,-0.04174000024795532,-0.036033107354541016,-0.08561503887176514,-0.09983450174331665,-0.06110224352707405,-0.06129440665245056,-0.1631658673286438,-0.08387032376160164,-0.013418048620223999,-0.19724929332733154,-0.09899710343708534,-0.07478627562522888,-0.21595889329910278,-0.03501000852813263,-0.07865983247756958,-0.2645532488822937,-0.07245315091242333,-0.06664648652076721,-0.19710063934326172,-0.08770440743793984,-0.060777246952056885,-0.15379613637924194,-0.09188644812931557,-0.029743969440460205,-0.22969764471054077,-0.031196097298760606,-0.02898341417312622,-0.2810327112674713,-0.0718888886414959,-0.021197348833084106,-0.19486087560653687,-0.07832477466692467,-0.02502557635307312,-0.15742874145507812,-0.07412122414936562,0.012713313102722168,-0.22930800914764404,-0.033295682086844636,0.01600465178489685,-0.2707265615463257,-0.07312446312536736,0.012733131647109985,-0.1856713891029358,-0.06540809051622887,0.006166309118270874,-0.1300448775291443,-0.04859929756750603,0.054462581872940063,-0.21671372652053833,-0.038393790289063645,0.0670609176158905,-0.29722827672958374,-0.06258405969967384,0.07776251435279846,-0.3495562672615051,-0.06446259693731804,0.08162221312522888,-0.4037742614746094,-0.05997653157939453
I,0.0,0.0,0.0,-0.052025169134140015,-0.04080355167388916,-0.03881214922321874,-0.08554691076278687,-0.09922057390213013,-0.06543127438081342,-0.06121563911437988,-0.16275030374526978,-0.08919964721454221,-0.012575536966323853,-0.1978592872619629,-0.10508766761077482,-0.07799321413040161,-0.2214266061782837,-0.03795149913085538,-0.07713612914085388,-0.2665814459323883,-0.07618526360047895,-0.06473934650421143,-0.1949082612991333,-0.0928288324738844,-0.06043010950088501,-0.15287446975708008,-0.09831228842986661,-0.03033280372619629,-0.23418474197387695,-0.03329158192528325,-0.025634318590164185,-0.28085699677467346,-0.07466527810348111,-0.018030226230621338,-0.1912928819656372,-0.08274767538560468,-0.022748470306396484,-0.15524661540985107,-0.07994466265691358,0.014772355556488037,-0.23231816291809082,-0.03455809494508344,0.021426916122436523,-0.27246230840682983,-0.07449681302560407,0.017370283603668213,-0.1850612759590149,-0.06779515733970243,0.008233428001403809,-0.1291930079460144,-0.05182866370333272,0.057227492332458496,-0.2175421118736267,-0.038989763614068806,0.07037007808685303,-0.2981607913970947,-0.06308857342256147,0.08164101839065552,-0.35082024335861206,-0.06518488368047315,0.08619457483291626,-0.40692704916000366,-0.06082113077891904
I,0.0,0.0,0.0,-0.04839026927947998,-0.03585529327392578,-0.044414997241943865,-0.08253687620162964,-0.09114718437194824,-0.0737442561905084,-0.06392011046409607,-0.15361392498016357,-0.0998355635921655,-0.015626907348632812,-0.19144117832183838,-0.11794390916034558,-0.0759093165397644,-0.2178536057472229,-0.039418038121908694,-0.07712322473526001,-0.26254802942276,-0.07896028845712522,-0.06432333588600159,-0.19181406497955322,-0.09530372559234479,-0.05797380208969116,-0.15163332223892212,-0.09969734787151197,-0.02995571494102478,-0.23141610622406006,-0.032794967434853106,-0.024396181106567383,-0.27578818798065186,-0.07755330591604093,-0.017908483743667603,-0.18993330001831055,-0.08736638366386273,-0.022008121013641357,-0.15284347534179688,-0.08388132988616803,0.015268266201019287,-0.23030626773834229,-0.03294573365852216,0.023494333028793335,-0.26280850172042847,-0.07808737098380902,0.017457038164138794,-0.17552393674850464,-0.07529717325374463,0.0057978034019470215,-0.12157231569290161,-0.05951478718921521,0.05726909637451172,-0.21794021129608154,-0.036328565470427066,0.07136213779449463,-0.295759916305542,-0.062334191195219546,0.08352243900299072,-0.34823447465896606,-0.06584339230462888,0.08822792768478394,-0.40382540225982666,-0.061399020395725756
I,0.0,0.0,0.0,-0.05099782347679138,-0.03751420974731445,-0.04185040590846256,-0.08576267957687378,-0.09275650978088379,-0.07004693446242527,-0.06489479541778564,-0.15611308813095093,-0.09493350533330158,-0.01759055256843567,-0.19415980577468872,-0.11191477177226261,-0.08271670341491699,-0.21598702669143677,-0.039776123292085686,-0.0802624523639679,-0.2634948492050171,-0.07708470819079594,-0.0661611258983612,-0.194216787815094,-0.09295381901347355,-0.060178011655807495,-0.1505022644996643,-0.09803500322186665,-0.035021454095840454,-0.23065519332885742,-0.033895461983320274,-0.028610169887542725,-0.277737021446228,-0.07558375147664265,-0.019838958978652954,-0.19217431545257568,-0.08461109844529346,-0.02286502718925476,-0.1523503065109253,-0.0819966599115105,0.011255979537963867,-0.22960221767425537,-0.03417390508138851,0.019531428813934326,-0.26989513635635376,-0.07490864691817478,0.015627950429916382,-0.18595796823501587,-0.07031903711640553,0.006535947322845459,-0.12950336933135986,-0.055328413076040306,0.0545828640460968,-0.21607762575149536,-0.03778108505093769,0.06927886605262756,-0.29570096731185913,-0.06337056604706959,0.08089455962181091,-0.3496900796890259,-0.06759325710618214,0.08546474575996399,-0.40521499514579773,-0.06446390894734577
I,0.0,0.0,0.0,-0.051390260457992554,-0.03950095176696777,-0.03903272661065671,-0.0867169201374054,-0.09530901908874512,-0.06645551982020947,-0.06756198406219482,-0.15911126136779785,-0.09155771794414136,-0.021046876907348633,-0.19847333431243896,-0.10908911290263745,-0.07893103361129761,-0.22108674049377441,-0.03504937800263974,-0.08282160758972168,-0.26725295186042786,-0.07334461721276853,-0.06821796298027039,-0.19686061143875122,-0.09093525918817136,-0.05981135368347168,-0.15520477294921875,-0.0970822638521156,-0.03261566162109375,-0.2335187792778015,-0.030776043484564752,-0.031050384044647217,-0.2792641222476959,-0.07180931332206342,-0.02341058850288391,-0.19388723373413086,-0.08062811108922574,-0.025970041751861572,-0.15629053115844727,-0.0782902381072006,0.011428266763687134,-0.23184692859649658,-0.03298406961059186,0.015366166830062866,-0.2724822759628296,-0.07288054289912793,0.010788708925247192,-0.18963342905044556,-0.0677696457753143,0.0031915009021759033,-0.13485634326934814,-0.0530085815737209,0.05311155319213867,-0.2182866334915161,-0.038488409543987245,0.06777560710906982,-0.29776155948638916,-0.06240432622527692,0.07908815145492554,-0.3506074547767639,-0.0655433228859863,0.08374512195587158,-0.4050958752632141,-0.06219881686067197
I,0.0,0.0,0.0,-0.05089631676673889,-0.03766673803329468,-0.03971293489033201,-0.0861348807811737,-0.09545320272445679,-0.06716220373803594,-0.06675592064857483,-0.16029971837997437,-0.09256932432347753,-0.020181626081466675,-0.20113855600357056,-0.11073178345853307,-0.08176520466804504,-0.22011542320251465,-0.03309237504893758,-0.07968536019325256,-0.26431888341903687,-0.07182478452617147,-0.06610959768295288,-0.19435745477676392,-0.0907843589275501,-0.059285134077072144,-0.15351629257202148,-0.09780706013137319,-0.03507709503173828,-0.23359286785125732,-0.028984609195532585,-0.029301315546035767,-0.2789033353328705,-0.07296690637761571,-0.021088331937789917,-0.1955776810646057,-0.08518819058829763,-0.022453874349594116,-0.1522045135498047,-0.08388428682977178,0.010625302791595459,-0.23226243257522583,-0.03129739607268789,0.016219913959503174,-0.2706097960472107,-0.07426791931086996,0.013080477714538574,-0.18455243110656738,-0.07198608959609487,0.0057198405265808105,-0.12625890970230103,-0.05738018373543241,0.05262002348899841,-0.218930184841156,-0.03671493301683881,0.0676027238368988,-0.29695820808410645,-0.06170457521969297,0.07915613055229187,-0.3500339388847351,-0.06550955320292928,0.08320465683937073,-0.40598636865615845,-0.061882606843056465
I,0.0,0.0,0.0,-0.05160203576087952,-0.04415488243103027,-0.04137357383112317,-0.08716824650764465,-0.10400086641311646,-0.0697657248292387,-0.07040968537330627,-0.17321276664733887,-0.09643828927616482,-0.02237454056739807,-0.21433550119400024,-0.11546054541210538,-0.07937061786651611,-0.22268807888031006,-0.031089930451315695,-0.08573824167251587,-0.27327775955200195,-0.07248418836931592,-0.06989356875419617,-0.20602267980575562,-0.0908952957306326,-0.06086412072181702,-0.1588202714920044,-0.0957240915213049,-0.03405669331550598,-0.2360212206840515,-0.025877765036028677,-0.03446778655052185,-0.28756430745124817,-0.07038791536430722,-0.0234965980052948,-0.2002691626548767,-0.08107068448404675,-0.025228023529052734,-0.16116029024124146,-0.07813601254562741,0.009279608726501465,-0.23621737957000732,-0.028044790617030912,0.011141926050186157,-0.28188788890838623,-0.07090672909359341,0.008961498737335205,-0.19862079620361328,-0.0680451473508299,0.002443939447402954,-0.1406165361404419,-0.053201445034545713,0.050322771072387695,-0.2235904335975647,-0.033730742177766615,0.06233853101730347,-0.3046503961086273,-0.058686756185096556,0.07301366329193115,-0.3585561513900757,-0.06348627864460354,0.07684147357940674,-0.41186457872390747,-0.06067692547182446
I,0.0,0.0,0.0,-0.05530130863189697,-0.04900157451629639,-0.03174634595782777,-0.08798295259475708,-0.11433053016662598,-0.05673102234871408,-0.06922823190689087,-0.18868720531463623,-0.08013880198271295,-0.019586563110351562,-0.22576022148132324,-0.0960066089537861,-0.07538259029388428,-0.20905452966690063,-0.030478137930941784,-0.08769014477729797,-0.2706562876701355,-0.06607429628641626,-0.07708901166915894,-0.21291512250900269,-0.08026020919353982,-0.06847971677780151,-0.17141175270080566,-0.0846899071839573,-0.0330299437046051,-0.2272014021873474,-0.025613102516246045,-0.040690481662750244,-0.28934937715530396,-0.05350107272536775,-0.03399759531021118,-0.20593732595443726,-0.05234545414717218,-0.040550559759140015,-0.19952994585037231,-0.048213641544890606,0.006068825721740723,-0.2324674129486084,-0.026820161765527928,0.004582345485687256,-0.2893505096435547,-0.0531688811388733,-0.000789254903793335,-0.21215391159057617,-0.03934168761045953,-0.004942536354064941,-0.15885233879089355,-0.024907927414488995,0.04739639163017273,-0.2238268256187439,-0.031756530901503766,0.05979987978935242,-0.30980342626571655,-0.04996855874927064,0.06834527850151062,-0.3669106364250183,-0.0525360139218094,0.07197991013526917,-0.42098963260650635,-0.05233488177330514
I,0.0,0.0,0.0,-0.0563301146030426,-0.047994256019592285,-0.03299767700534062,-0.09135469794273376,-0.11307400465011597,-0.05645881024699406,-0.07259252667427063,-0.18744271993637085,-0.07969964472155766,-0.0231611430644989,-0.22629404067993164,-0.09590500769715504,-0.08192375302314758,-0.213952898979187,-0.017383754156043096,-0.09207075834274292,-0.2769772708415985,-0.05459549827079968,-0.07886108756065369,-0.220350980758667,-0.07314023552041249,-0.06713271141052246,-0.175586998462677,-0.07879723039965825,-0.03827899694442749,-0.23218369483947754,-0.014080575569977327,-0.043016135692596436,-0.2957344949245453,-0.05211686892013745,-0.03575617074966431,-0.2187829613685608,-0.06266699162821965,-0.036561787128448486,-0.18890386819839478,-0.06156300929885106,0.004369825124740601,-0.23736441135406494,-0.01757873957555489,0.005399465560913086,-0.29725024104118347,-0.05401661051016049,-0.002324700355529785,-0.2189221978187561,-0.05004670274954037,-0.009367167949676514,-0.15984344482421875,-0.036508181966354414,0.046022772789001465,-0.23004120588302612,-0.024364221743752523,0.0564383864402771,-0.3132186233997345,-0.04470031885009007,0.06331318616867065,-0.37009739875793457,-0.04857173366050915,0.06505978107452393,-0.42476555705070496,-0.04657334638338284
I,0.0,0.0,0.0,-0.057117998600006104,-0.04855084419250488,-0.0291005991898885,-0.09126833081245422,-0.1176532506942749,-0.05317978230644371,-0.07600808143615723,-0.1957334280014038,-0.07662897599269058,-0.026169270277023315,-0.23388171195983887,-0.09257420939732697,-0.08044677972793579,-0.21299117803573608,-0.024749217977415583,-0.09277939796447754,-0.2787718176841736,-0.06283488911915924,-0.08248746395111084,-0.22216516733169556,-0.07949473751116898,-0.07165825366973877,-0.17855793237686157,-0.08470016015101578,-0.037941575050354004,-0.2317482829093933,-0.020893784662376902,-0.04661175608634949,-0.29744309186935425,-0.049115643327724,-0.03943035006523132,-0.21365833282470703,-0.047517627900134585,-0.04438820481300354,-0.2067682147026062,-0.04237123621035721,0.0019463598728179932,-0.23741692304611206,-0.023501111616980097,-0.00040861964225769043,-0.3000155985355377,-0.04933334184218552,-0.00602346658706665,-0.22151607275009155,-0.032834265803586504,-0.009085029363632202,-0.16663819551467896,-0.016129300420772097,0.04433417320251465,-0.22882920503616333,-0.02995053348470833,0.05293262004852295,-0.31430166959762573,-0.04665759248067047,0.058071255683898926,-0.3703818917274475,-0.04713580054570343,0.0595393180847168,-0.4250861704349518,-0.04510682118464615
I,0.0,0.0,0.0,-0.05729210376739502,-0.04711425304412842,-0.029331539887579083,-0.09184712171554565,-0.12080353498458862,-0.05373668963054001,-0.07944464683532715,-0.20106321573257446,-0.07754973242023766,-0.02850934863090515,-0.23867923021316528,-0.09386051366070092,-0.08186540007591248,-0.21295005083084106,-0.02275338875094235,-0.0941496193408966,-0.2819194793701172,-0.061262584421427846,-0.08445605635643005,-0.22576022148132324,-0.07918327221611321,-0.07381722331047058,-0.18567562103271484,-0.08545547643640816,-0.040084630250930786,-0.2324298620223999,-0.018287367317469716,-0.04887160658836365,-0.3001263439655304,-0.044823735151084065,-0.041169673204422,-0.2173517942428589,-0.04262483784893334,-0.04679673910140991,-0.21655642986297607,-0.03750171059706986,-0.0008597075939178467,-0.23873090744018555,-0.020476914140971303,-0.004187673330307007,-0.3058612048625946,-0.04402785295584977,-0.008852094411849976,-0.2281472086906433,-0.026467361617477536,-0.010645478963851929,-0.17360782623291016,-0.009675785097869039,0.04170382022857666,-0.2308540940284729,-0.02665893839636624,0.049150705337524414,-0.31683239340782166,-0.041066198739798665,0.05326956510543823,-0.3729054927825928,-0.040610614362748265,0.05397593975067139,-0.42792049050331116,-0.03840466881135285
I,0.0,0.0,0.0,-0.059685707092285156,-0.04805058240890503,-0.030027599999471022,-0.09402391314506531,-0.12266314029693604,-0.054909897962375,-0.08149725198745728,-0.2052396535873413,-0.0796148460300401,-0.030963391065597534,-0.24344080686569214,-0.0966267045529321,-0.08729830384254456,-0.212816059589386,-0.019607942545576407,-0.10093212127685547,-0.2862548530101776,-0.05896771512345822,-0.08966153860092163,-0.23302173614501953,-0.07727439514712842,-0.07826301455497742,-0.1898043155670166,-0.08310582301930936,-0.0447106659412384,-0.233659565448761,-0.014739148312969519,-0.05421718955039978,-0.30358827114105225,-0.0408725421817735,-0.04481416940689087,-0.22222363948822021,-0.03938787243680508,-0.050926387310028076,-0.22304880619049072,-0.03467862121181042,-0.004945278167724609,-0.24095845222473145,-0.016977474087639166,-0.008708208799362183,-0.3091684579849243,-0.03977077640013249,-0.012114346027374268,-0.23261374235153198,-0.023137398058338476,-0.013539940118789673,-0.1778610348701477,-0.007065020030154301,0.037974387407302856,-0.2339208722114563,-0.023415738710923506,0.045253604650497437,-0.3192487955093384,-0.03666901029066594,0.047787100076675415,-0.3753037452697754,-0.03689994848684819,0.04616430401802063,-0.4294856786727905,-0.03538644126967938
I,0.0,0.0,0.0,-0.06106102466583252,-0.04486989974975586,-0.030497435300475217,-0.09908515214920044,-0.11901390552520752,-0.052091410203701116,-0.08504670858383179,-0.20478028059005737,-0.07455012370539293,-0.034417033195495605,-0.2479040026664734,-0.08913868088913546,-0.09625294804573059,-0.21555286645889282,-0.004191024980372049,-0.10640954971313477,-0.29172319173812866,-0.04163325001192675,-0.09129577875137329,-0.23819226026535034,-0.06143440101934061,-0.07817918062210083,-0.19456303119659424,-0.06775745172691927,-0.05131620168685913,-0.23509204387664795,-0.001383921650102593,-0.05607613921165466,-0.3089505136013031,-0.03665795345497713,-0.046429067850112915,-0.23501086235046387,-0.04600628633690462,-0.04753696918487549,-0.2136472463607788,-0.044483648433214285,-0.008770138025283813,-0.24198216199874878,-0.00631598504898534,-0.007933646440505981,-0.31541916728019714,-0.03930989076090441,-0.014098137617111206,-0.23867583274841309,-0.032198047085529424,-0.018625766038894653,-0.18057769536972046,-0.017638392566567518,0.03550255298614502,-0.23747050762176514,-0.014852952963536836,0.04145854711532593,-0.3189529776573181,-0.03067733515692339,0.04297506809234619,-0.3741854429244995,-0.032120177342420675,0.039424359798431396,-0.4294033646583557,-0.02941836398733244
I,0.0,0.0,0.0,-0.061777979135513306,-0.04506272077560425,-0.030877287157409228,-0.10074043273925781,-0.1180567741394043,-0.05111114367150549,-0.09145587682723999,-0.20500034093856812,-0.0725407457282472,-0.04205557703971863,-0.25153058767318726,-0.08595731168293241,-0.09868976473808289,-0.21800780296325684,-0.0006270344090353319,-0.10708865523338318,-0.2920283377170563,-0.03999877034925703,-0.09319010376930237,-0.23067009449005127,-0.06091747491859678,-0.0824909508228302,-0.1889551281929016,-0.06736515521311048,-0.05424502491950989,-0.2368408441543579,0.001740887637652122,-0.0598883330821991,-0.31188419461250305,-0.03952273785375837,-0.049748897552490234,-0.23334169387817383,-0.05137708097004179,-0.047540098428726196,-0.2007741928100586,-0.04896285071276907,-0.010866731405258179,-0.24423623085021973,-0.003924617667280472,-0.013463526964187622,-0.3208666443824768,-0.04234614654683355,-0.016323000192642212,-0.24151092767715454,-0.03679679393076185,-0.01790216565132141,-0.18343836069107056,-0.020553537302248515,0.03300905227661133,-0.2406722903251648,-0.012912573881976641,0.03837686777114868,-0.3222540020942688,-0.030276127748720683,0.03910195827484131,-0.37412071228027344,-0.031018550165526904,0.03408902883529663,-0.4278891682624817,-0.026387256227963007
I,0.0,0.0,0.0,-0.0649917721748352,-0.04832351207733154,-0.025166465901179436,-0.10163494944572449,-0.12395691871643066,-0.04428985808078778,-0.09298771619796753,-0.21295946836471558,-0.06501218024675381,-0.044189780950546265,-0.2568652033805847,-0.07789751980487836,-0.09826034307479858,-0.21793508529663086,0.0038887439292238923,-0.10829627513885498,-0.2949509024620056,-0.03356276918236745,-0.0958532989025116,-0.23695164918899536,-0.055400860496206406,-0.08663919568061829,-0.19448190927505493,-0.06357625965063107,-0.054026901721954346,-0.23831522464752197,0.00585292512516844,-0.0627807080745697,-0.3121364116668701,-0.02476868126575482,-0.0511164665222168,-0.23197877407073975,-0.0317993955690099,-0.0547393262386322,-0.21643978357315063,-0.03031108621541989,-0.012631922960281372,-0.24614691734313965,0.0001251329664455625,-0.016017407178878784,-0.3202987015247345,-0.027483255602760437,-0.017841339111328125,-0.24189317226409912,-0.016556489281697395,-0.019055724143981934,-0.18472784757614136,-0.0013944254027364877,0.03173339366912842,-0.24171102046966553,-0.009113392792983177,0.03487759828567505,-0.32392460107803345,-0.020519142039461258,0.035335659980773926,-0.37571436166763306,-0.018944581039590958,0.030432701110839844,-0.4277999699115753,-0.015151911415500763
I,0.0,0.0,0.0,-0.06539949774742126,-0.046090543270111084,-0.02460840621657212,-0.10298848152160645,-0.1208648681640625,-0.042086808920572594,-0.09467628598213196,-0.2090476155281067,-0.06158912831611474,-0.04959350824356079,-0.2605080008506775,-0.0733646629161342,-0.10418733954429626,-0.21561163663864136,0.006473448149193928,-0.1141921877861023,-0.29633408784866333,-0.02988814653522809,-0.09787210822105408,-0.24025923013687134,-0.05200442576474984,-0.08642596006393433,-0.19494622945785522,-0.060094594002436,-0.059311509132385254,-0.23556017875671387,0.007115967593421146,-0.06558048725128174,-0.31534844636917114,-0.02817935215003331,-0.053114354610443115,-0.24237877130508423,-0.0419368734366401,-0.052602142095565796,-0.21203571557998657,-0.04337166154451211,-0.016459792852401733,-0.24392002820968628,0.0005894206913978906,-0.017668306827545166,-0.3224499821662903,-0.031440700382660225,-0.019712328910827637,-0.2463873028755188,-0.026166074887584045,-0.021164268255233765,-0.18761837482452393,-0.012812927343617275,0.028727859258651733,-0.2403009533882141,-0.009004130006502464,0.032316893339157104,-0.3210880160331726,-0.022683798313806847,0.03201833367347717,-0.3727680444717407,-0.022795359582374886,0.025942713022232056,-0.42488789558410645,-0.019242866874407127
I,0.0,0.0,0.0,-0.06549888849258423,-0.04509878158569336,-0.027172287814721585,-0.1052236258983612,-0.1203417181968689,-0.04442489694844198,-0.09811240434646606,-0.21075040102005005,-0.063050517701015,-0.05139535665512085,-0.2601412534713745,-0.07370533969293547,-0.10566878318786621,-0.2181546688079834,0.005944317783757924,-0.1179761290550232,-0.29804763197898865,-0.029972813912138463,-0.10078051686286926,-0.2420247197151184,-0.05095501791726065,-0.08848726749420166,-0.19801169633865356,-0.057977551483020306,-0.06113547086715698,-0.2370063066482544,0.007778430003270387,-0.06972372531890869,-0.3156726062297821,-0.028854453824862958,-0.05713534355163574,-0.24549567699432373,-0.04229986097703886,-0.05434751510620117,-0.21317166090011597,-0.04233243864069891,-0.017622381448745728,-0.24429196119308472,0.0021210102080999604,-0.02099376916885376,-0.32351183891296387,-0.031219132133230687,-0.02233254909515381,-0.24977272748947144,-0.026419423409208775,-0.02305540442466736,-0.193365216255188,-0.012266734503612042,0.027269601821899414,-0.24071478843688965,-0.0067825604979248055,0.02965611219406128,-0.3213871717453003,-0.020859440677270413,0.0286751389503479,-0.37213730812072754,-0.0209251100946517,0.02286505699157715,-0.42333847284317017,-0.01656882453750086
I,0.0,0.0,0.0,-0.06591662764549255,-0.04509609937667847,-0.02678430723315728,-0.10659438371658325,-0.12151700258255005,-0.043504142112198,-0.10183316469192505,-0.21234965324401855,-0.06185454586810124,-0.05617433786392212,-0.2641833424568176,-0.07224229807323468,-0.10716447234153748,-0.22016602754592896,0.007413650953111528,-0.11957430839538574,-0.2999260425567627,-0.027861799023213507,-0.1020960807800293,-0.2430567741394043,-0.048585520035686613,-0.09023934602737427,-0.1994175910949707,-0.05557145634955418,-0.06308799982070923,-0.23831725120544434,0.008957566783664106,-0.07138383388519287,-0.31712913513183594,-0.02823737720316899,-0.05758237838745117,-0.24555456638336182,-0.042570815331401946,-0.054193079471588135,-0.210604727268219,-0.04287702674335492,-0.01945742964744568,-0.2453116774559021,0.0031171437323962436,-0.022662967443466187,-0.3258499205112457,-0.031011964104237677,-0.023044317960739136,-0.2527013421058655,-0.027022237799229742,-0.0236818790435791,-0.19644856452941895,-0.013042610979738356,0.025921404361724854,-0.24155300855636597,-0.005811293519201399,0.02744239568710327,-0.32271483540534973,-0.02026613513297093,0.026285648345947266,-0.37372446060180664,-0.020418996832432867,0.020280182361602783,-0.4252074956893921,-0.01591319488650811
I,0.0,0.0,0.0,-0.06812989711761475,-0.04195481538772583,-0.020746883513879766,-0.1100013256072998,-0.1200748085975647,-0.03388984365994929,-0.10621243715286255,-0.21046942472457886,-0.04999378933246135,-0.06382879614830017,-0.26517051458358765,-0.059372520583224286,-0.10582172870635986,-0.21501648426055908,0.012829988685894023,-0.12205594778060913,-0.29758113622665405,-0.020446261900019636,-0.10556334257125854,-0.24830907583236694,-0.04208764671022891,-0.09122791886329651,-0.20314252376556396,-0.05012796311314105,-0.062363237142562866,-0.23286157846450806,0.011766188269007216,-0.0723721981048584,-0.31840288639068604,-0.024848737331581106,-0.06118065118789673,-0.25673168897628784,-0.04231079159910678,-0.055608510971069336,-0.2152092456817627,-0.04497518627579211,-0.01912778615951538,-0.24117392301559448,0.004081639883565913,-0.02354031801223755,-0.3267238438129425,-0.028710479425740232,-0.027085423469543457,-0.25721973180770874,-0.026776340367746343,-0.027509570121765137,-0.1971379518508911,-0.014523657547783841,0.025958359241485596,-0.23880064487457275,-0.006259912202608575,0.028303325176239014,-0.32059699296951294,-0.02051510526473521,0.025728344917297363,-0.37277406454086304,-0.021441216158223142,0.01925480365753174,-0.4238286018371582,-0.017796583982658376
I,0.0,0.0,0.0,-0.0687350332736969,-0.039318084716796875,-0.024539165089208836,-0.11190614104270935,-0.11929291486740112,-0.038174738997895474,-0.11053827404975891,-0.2108769416809082,-0.05427825253673291,-0.06800329685211182,-0.2666672468185425,-0.06381009321876263,-0.10540658235549927,-0.21442443132400513,0.014384582748334651,-0.12050729990005493,-0.2953804135322571,-0.017941528821665997,-0.10569801926612854,-0.250832736492157,-0.039932140970904584,-0.0922451913356781,-0.209791898727417,-0.048542549724061246,-0.061534345149993896,-0.23178136348724365,0.014982011278789287,-0.06841164827346802,-0.3207681179046631,-0.024641111383516545,-0.0628090500831604,-0.2668657898902893,-0.04624600138731694,-0.05875542759895325,-0.22144818305969238,-0.050509551430423016,-0.01753765344619751,-0.24014008045196533,0.00857305817089582,-0.02084171772003174,-0.3284435272216797,-0.026501502732116933,-0.02969500422477722,-0.2617645263671875,-0.03006811615296101,-0.03315824270248413,-0.19983774423599243,-0.020378630498726125,0.027006149291992188,-0.23771679401397705,-0.0006092312464716088,0.03135788440704346,-0.3185287415981293,-0.016267567763406987,0.027912616729736328,-0.37236499786376953,-0.020842321107465978,0.02131664752960205,-0.4241422414779663,-0.019436068723280187
I,0.0,0.0,0.0,-0.06810861825942993,-0.037474095821380615,-0.025272320621482436,-0.11558359861373901,-0.1185530424118042,-0.03880082782434613,-0.11478045582771301,-0.2095872163772583,-0.05456561934279591,-0.07125353813171387,-0.26511895656585693,-0.06399961527513653,-0.10656905174255371,-0.2166423201560974,0.012339766471811231,-0.12304136157035828,-0.29518038034439087,-0.019528353252283637,-0.11099594831466675,-0.25460976362228394,-0.040913674645892684,-0.0992700457572937,-0.21587234735488892,-0.049541912638417784,-0.06274926662445068,-0.23471510410308838,0.012851099818178113,-0.0706816017627716,-0.32108214497566223,-0.026622268968097274,-0.06853851675987244,-0.2683327794075012,-0.04760531675147206,-0.06658348441123962,-0.22429615259170532,-0.051555826925508086,-0.017926841974258423,-0.2422628402709961,0.006347339469172653,-0.021798163652420044,-0.32874608039855957,-0.029317358174196784,-0.03435680270195007,-0.2632487416267395,-0.03325343471097142,-0.04102754592895508,-0.20375239849090576,-0.023896095939747397,0.026959359645843506,-0.23865467309951782,-0.002960410565904681,0.031492412090301514,-0.31828629970550537,-0.02038937587367684,0.028330445289611816,-0.3710554540157318,-0.025733990260235373,0.023110628128051758,-0.4224890470504761,-0.024570446126929824
I,0.0,0.0,0.0,-0.06786668300628662,-0.039357662200927734,-0.021516462147445736,-0.11761325597763062,-0.12595105171203613,-0.03203546936831003,-0.12032872438430786,-0.21904665231704712,-0.045122801616997776,-0.07693329453468323,-0.2746688723564148,-0.052518568292470036,-0.10347110033035278,-0.22316187620162964,0.016249309003143253,-0.11889198422431946,-0.30387014150619507,-0.01238193671426302,-0.1123766303062439,-0.26690250635147095,-0.03215061064085489,-0.10485851764678955,-0.2301696538925171,-0.04045358608684069,-0.05939003825187683,-0.23940706253051758,0.01528622087815279,-0.06851133704185486,-0.3270675241947174,-0.02248635451516634,-0.07316344976425171,-0.27758628129959106,-0.04352245415768152,-0.07480210065841675,-0.23180663585662842,-0.0474280298801375,-0.014550000429153442,-0.24501162767410278,0.007719022396742048,-0.021609127521514893,-0.3287549316883087,-0.026456344232173024,-0.04068073630332947,-0.2690246105194092,-0.03275131370148188,-0.05149361491203308,-0.21173375844955444,-0.025308125943155346,0.030617237091064453,-0.23978227376937866,-0.0022067765819144824,0.03553497791290283,-0.3217765986919403,-0.01937615248581892,0.03386586904525757,-0.37653636932373047,-0.026338075578422604,0.031081736087799072,-0.42763933539390564,-0.02659114013633257
I,0.0,0.0,0.0,-0.06968104839324951,-0.04092139005661011,-0.022026896424009124,-0.11922502517700195,-0.12852030992507935,-0.03305768588872127,-0.12286904454231262,-0.22338765859603882,-0.04611730942816905,-0.077633798122406,-0.280157208442688,-0.053418341971351424,-0.09706324338912964,-0.22251415252685547,0.015199116483913144,-0.11308079957962036,-0.30911391973495483,-0.011036463029100219,-0.11006438732147217,-0.27478504180908203,-0.029530292324139396,-0.10608923435211182,-0.2388266921043396,-0.037725109554244796,-0.05407857894897461,-0.2380596399307251,0.015067825146601876,-0.061070531606674194,-0.3294464647769928,-0.019287511653615752,-0.07088115811347961,-0.2895175814628601,-0.03988671670050792,-0.07763132452964783,-0.24822455644607544,-0.045260988123132506,-0.010169655084609985,-0.24284106492996216,0.008499083161936483,-0.01720789074897766,-0.3297808766365051,-0.023388747073127547,-0.04135969281196594,-0.2716553807258606,-0.03014477337093524,-0.05543982982635498,-0.21329164505004883,-0.02434014151187114,0.034099578857421875,-0.23671561479568481,-0.00046680373453966695,0.04172098636627197,-0.3187263011932373,-0.017054930276586333,0.04049098491668701,-0.3761444687843323,-0.025030614755465308,0.03845268487930298,-0.4293855130672455,-0.026941187627031127
I,0.0,0.0,0.0,-0.06705877184867859,-0.043796002864837646,-0.023773762441422264,-0.11751449108123779,-0.1311039924621582,-0.03737399824633769,-0.12530189752578735,-0.22520345449447632,-0.0530466856874483,-0.07809355854988098,-0.28066331148147583,-0.06348431952967815,-0.09362411499023438,-0.2314050793647766,0.01371875773445197,-0.10741689801216125,-0.3130118250846863,-0.012883831790830413,-0.10877391695976257,-0.28499269485473633,-0.03101145014836959,-0.10884231328964233,-0.25354552268981934,-0.03866027393117122,-0.050662875175476074,-0.24462467432022095,0.013863516927514752,-0.056306540966033936,-0.330463707447052,-0.020636650777603904,-0.0686081051826477,-0.2913353443145752,-0.04011698164715938,-0.07816872000694275,-0.2517779469490051,-0.04398401179089717,-0.0063246190547943115,-0.24644696712493896,0.00731031359434553,-0.013576745986938477,-0.3287935256958008,-0.025924562520529548,-0.040344446897506714,-0.2706671953201294,-0.03365157642140559,-0.05775842070579529,-0.21393758058547974,-0.027506160593773643,0.03712034225463867,-0.23682701587677002,-0.0015360626133116284,0.0463184118270874,-0.3184879422187805,-0.018883607394243995,0.04695528745651245,-0.3763994574546814,-0.02746344641521148,0.046006739139556885,-0.43050625920295715,-0.029193055859948913
