label,x0,y0,z0,x1,y1,z1,x2,y2,z2,x3,y3,z3,x4,y4,z4,x5,y5,z5,x6,y6,z6,x7,y7,z7,x8,y8,z8,x9,y9,z9,x10,y10,z10,x11,y11,z11,x12,y12,z12,x13,y13,z13,x14,y14,z14,x15,y15,z15,x16,y16,z16,x17,y17,z17,x18,y18,z18,x19,y19,z19,x20,y20,z20
J,0.0,0.0,0.0,-0.06903186440467834,-0.028934776782989502,-0.028805900961174302,-0.11816149950027466,-0.11251312494277954,-0.03827098257841044,-0.1091458797454834,-0.21012097597122192,-0.047990190461291604,-0.06384274363517761,-0.2537958025932312,-0.04940483592451983,-0.13231685757637024,-0.15504580736160278,0.01450770381836719,-0.15872690081596375,-0.24585339426994324,-0.014436410404755406,-0.12726086378097534,-0.19924777746200562,-0.03131607420743876,-0.11109566688537598,-0.16388124227523804,-0.03547561414541178,-0.09215009212493896,-0.1822824478149414,0.021793146952973075,-0.10966163873672485,-0.26847872138023376,-0.010817166082574659,-0.08454033732414246,-0.2062135934829712,-0.023950419053448968,-0.07811442017555237,-0.17125016450881958,-0.02097776219250136,-0.0544564425945282,-0.20059877634048462,0.02142862170933313,-0.06225058436393738,-0.2668741047382355,-0.0021213569119709064,-0.05432572960853577,-0.21045798063278198,-0.0013836092688279678,-0.0513380765914917,-0.16870099306106567,0.009837979786084361,-0.015889763832092285,-0.2155483365058899,0.01748390808700151,-0.029631584882736206,-0.28211474418640137,0.014874663539217181,-0.041140615940093994,-0.3244760036468506,0.0167334613948924,-0.052744656801223755,-0.3621729612350464,0.021788933649645514
J,0.0,0.0,0.0,-0.06879746913909912,-0.030012428760528564,-0.02832381896894276,-0.11594778299331665,-0.11284232139587402,-0.03639905996840298,-0.10756689310073853,-0.21075499057769775,-0.044675027059724925,-0.06427562236785889,-0.2546346187591553,-0.044348833190611,-0.13216042518615723,-0.15560311079025269,0.018960983452984692,-0.1571958363056183,-0.24750298261642456,-0.008742319459429382,-0.1263589859008789,-0.20070666074752808,-0.02551557593267262,-0.11193960905075073,-0.16533446311950684,-0.02985143758576214,-0.09173211455345154,-0.18231457471847534,0.026573800442406537,-0.11018067598342896,-0.26917165517807007,-0.005598720668217538,-0.08506342768669128,-0.2063310146331787,-0.020323664920738338,-0.08006387948989868,-0.17188435792922974,-0.018623889463356136,-0.05457296967506409,-0.19950169324874878,0.026468397078701855,-0.06218063831329346,-0.26581114530563354,0.0027334540687888875,-0.054671525955200195,-0.2078620195388794,0.0023753724132120624,-0.05274087190628052,-0.16597753763198853,0.012956568000504376,-0.015810370445251465,-0.2135106325149536,0.02287777788717449,-0.02828332781791687,-0.28068459033966064,0.020058422309944035,-0.038593024015426636,-0.3238980174064636,0.021157999483534695,-0.05009448528289795,-0.3626997470855713,0.0257014715649575
J,0.0,0.0,0.0,-0.06643292307853699,-0.025751769542694092,-0.023520070857927067,-0.11591753363609314,-0.10408687591552734,-0.03312762433998273,-0.11101943254470825,-0.2011241316795349,-0.04430307427756475,-0.06698164343833923,-0.24436044692993164,-0.04780647883526967,-0.12829181551933289,-0.15876340866088867,0.01204476991333081,-0.1569041609764099,-0.24793824553489685,-0.018187945507094128,-0.1264793872833252,-0.19889289140701294,-0.03556929881088422,-0.11088228225708008,-0.1634804606437683,-0.040825236387178165,-0.09012630581855774,-0.18482714891433716,0.014936232209578293,-0.11019808053970337,-0.2714855670928955,-0.01882372403852628,-0.08592230081558228,-0.20970267057418823,-0.03134451041333364,-0.0794413685798645,-0.17517638206481934,-0.028751628271862728,-0.05337709188461304,-0.20199644565582275,0.010956514828279751,-0.06401428580284119,-0.27182137966156006,-0.014065027035400135,-0.056011736392974854,-0.21375828981399536,-0.010947246834263069,-0.05374452471733093,-0.1720496416091919,0.0014695881087334328,-0.014937758445739746,-0.21460247039794922,0.0037312619075180464,-0.02883976697921753,-0.28144145011901855,-0.001974624147266013,-0.037385016679763794,-0.32257381081581116,5.231839313069031e-05,-0.04643860459327698,-0.3607802987098694,0.005379358508065479
J,0.0,0.0,0.0,-0.06520992517471313,-0.02869206666946411,-0.019175877343059256,-0.11536845564842224,-0.10953176021575928,-0.02743315092766352,-0.10877063870429993,-0.2045900821685791,-0.03805514938676424,-0.0635358989238739,-0.24701929092407227,-0.04093739904010363,-0.12599101662635803,-0.16708552837371826,0.011833534096240328,-0.1520681083202362,-0.25580477714538574,-0.01861189819419451,-0.12285646796226501,-0.20318138599395752,-0.03524354613864489,-0.10800409317016602,-0.16823458671569824,-0.04056934408390589,-0.08704730868339539,-0.1912735104560852,0.012050464269577787,-0.10560217499732971,-0.27635473012924194,-0.02177637956583567,-0.08238518238067627,-0.21136760711669922,-0.03156910977804728,-0.0769999623298645,-0.1786963939666748,-0.027736935312987043,-0.04926067590713501,-0.20581579208374023,0.005709920064418839,-0.05978432297706604,-0.2768138647079468,-0.019940148587465956,-0.05132710933685303,-0.213375985622406,-0.012858797344506456,-0.04880237579345703,-0.1696171760559082,0.0017933109634213906,-0.009802103042602539,-0.21579992771148682,-0.0037179908390498895,-0.02030891180038452,-0.283772349357605,-0.011785835507453157,-0.028050869703292847,-0.3245090842247009,-0.00935345563584633,-0.03759133815765381,-0.3651193082332611,-0.0036881975970572967
J,0.0,0.0,0.0,-0.06195122003555298,-0.028096795082092285,-0.019020075880348486,-0.11515927314758301,-0.11078119277954102,-0.027196214504897398,-0.10971042513847351,-0.20748716592788696,-0.03750750140136461,-0.06146895885467529,-0.24754798412322998,-0.04006118790096025,-0.12298420071601868,-0.16642791032791138,0.007767177682012516,-0.15084481239318848,-0.25670409202575684,-0.021841869660079283,-0.12132948637008667,-0.2029784917831421,-0.03720537663286905,-0.10668683052062988,-0.1701865792274475,-0.042296201892554564,-0.08424660563468933,-0.19053536653518677,0.008073255449176031,-0.1030803918838501,-0.27708661556243896,-0.02576534540241937,-0.08111193776130676,-0.2109423279762268,-0.03408484251087884,-0.07562780380249023,-0.17836928367614746,-0.029440385260045332,-0.04646947979927063,-0.20563632249832153,0.002231400722280341,-0.05723389983177185,-0.27885520458221436,-0.02228726536816339,-0.05016106367111206,-0.2144620418548584,-0.013425365060925287,-0.04773721098899841,-0.1703384518623352,0.001860395103335577,-0.00735628604888916,-0.21630769968032837,-0.006762607459336323,-0.018197715282440186,-0.2831873893737793,-0.014164807245492739,-0.025423437356948853,-0.3239250183105469,-0.011222114757060808,-0.03369462490081787,-0.36493515968322754,-0.005610772844761414
J,0.0,0.0,0.0,-0.06404724717140198,-0.026138722896575928,-0.02196429349643836,-0.11795914173126221,-0.10896414518356323,-0.030731585399934147,-0.11432057619094849,-0.20839089155197144,-0.041170783864089344,-0.06719392538070679,-0.24907955527305603,-0.0435401243732656,-0.12599322199821472,-0.16981172561645508,0.009690980835131313,-0.15176993608474731,-0.2605908513069153,-0.020467190595098828,-0.12256023287773132,-0.20581847429275513,-0.03645248763425002,-0.10874426364898682,-0.17148667573928833,-0.041631624625750874,-0.08659482002258301,-0.19394969940185547,0.011637933960429336,-0.1046280562877655,-0.2809464931488037,-0.022657154651113842,-0.0820782482624054,-0.21361446380615234,-0.03212240390641341,-0.07821261882781982,-0.1807803511619568,-0.02793827705247054,-0.04875949025154114,-0.20802944898605347,0.0068317832781588095,-0.05846160650253296,-0.28206533193588257,-0.019334551470109318,-0.051111847162246704,-0.21748048067092896,-0.01267925422800431,-0.050572216510772705,-0.17357122898101807,0.0016849474639286655,-0.008818745613098145,-0.21758770942687988,-0.0011759815381253702,-0.019070208072662354,-0.2854735851287842,-0.00955298409027705,-0.02561900019645691,-0.32706305384635925,-0.00817444879723439,-0.034385889768600464,-0.3697066307067871,-0.0034031866227621776
J,0.0,0.0,0.0,-0.06466180086135864,-0.02926039695739746,-0.015988385345707457,-0.11542704701423645,-0.11359298229217529,-0.023329254280696432,-0.10800057649612427,-0.20861464738845825,-0.03367147226251177,-0.060123175382614136,-0.24390816688537598,-0.0370719246975284,-0.12142649292945862,-0.16892999410629272,0.012181364890267332,-0.1479012668132782,-0.2600461542606354,-0.017021406482825796,-0.12250608205795288,-0.20945274829864502,-0.033593568991790335,-0.10738858580589294,-0.17335379123687744,-0.03974727917827181,-0.08240330219268799,-0.19263553619384766,0.010363072116007288,-0.10128083825111389,-0.2849004864692688,-0.024288583587775747,-0.0816371738910675,-0.22070097923278809,-0.03491809968269877,-0.07499846816062927,-0.18305760622024536,-0.031737614463935415,-0.04370561242103577,-0.20697122812271118,0.0026300439667750197,-0.05596014857292175,-0.2872246503829956,-0.022919049527416746,-0.04985225200653076,-0.22426536679267883,-0.015589667525063078,-0.04651418328285217,-0.17691701650619507,-0.0011654107774745626,-0.003193497657775879,-0.21603143215179443,-0.008040384430358927,-0.012945353984832764,-0.2857472896575928,-0.0176135860792499,-0.019854247570037842,-0.32989031076431274,-0.016530955251226942,-0.028004199266433716,-0.3743249773979187,-0.012192347127864878
J,0.0,0.0,0.0,-0.06454026699066162,-0.028719842433929443,-0.019313752421652453,-0.11426734924316406,-0.11006516218185425,-0.028078183302199022,-0.10793757438659668,-0.20519626140594482,-0.03938189498475708,-0.060982316732406616,-0.24366936087608337,-0.0431536806314341,-0.12075638771057129,-0.17522567510604858,0.013231051383996828,-0.14436662197113037,-0.2605280876159668,-0.01747316099098839,-0.11988884210586548,-0.20478051900863647,-0.034381367036615984,-0.10587066411972046,-0.1696338653564453,-0.03992009139946617,-0.08140015602111816,-0.19697684049606323,0.012895204356397016,-0.09929868578910828,-0.28107792139053345,-0.0228878257363192,-0.08053353428840637,-0.21289175748825073,-0.03328162781289734,-0.07394629716873169,-0.17918217182159424,-0.029210665964995997,-0.043016672134399414,-0.2089131474494934,0.005840859605456217,-0.05389624834060669,-0.28255054354667664,-0.02203699178389229,-0.04949098825454712,-0.21633806824684143,-0.015097371072982924,-0.047260552644729614,-0.17122578620910645,0.00021481827971570056,-0.002552330493927002,-0.21588346362113953,-0.004303111465191023,-0.010581016540527344,-0.2857736051082611,-0.013946307593499796,-0.01805064082145691,-0.3281732499599457,-0.012173951373910086,-0.026904910802841187,-0.37252306938171387,-0.0066512560038916035
J,0.0,0.0,0.0,-0.06351324915885925,-0.02848827838897705,-0.01745143742979849,-0.11195674538612366,-0.10885244607925415,-0.026768479735864048,-0.10683256387710571,-0.20204663276672363,-0.03865033039571131,-0.06039625406265259,-0.2400943636894226,-0.04398652190090502,-0.1158437728881836,-0.17842340469360352,0.010571553132223244,-0.1387617290019989,-0.2620178461074829,-0.018081544206751232,-0.11935418844223022,-0.2137153148651123,-0.034851379932177906,-0.10550636053085327,-0.17609989643096924,-0.04105700203896845,-0.07742249965667725,-0.19926297664642334,0.009156697190093155,-0.09477820992469788,-0.28313520550727844,-0.024655549095285778,-0.08075672388076782,-0.22370660305023193,-0.03682159656406725,-0.07397821545600891,-0.18656253814697266,-0.035580076516879444,-0.039001286029815674,-0.21073538064956665,0.0018600311528018665,-0.05161774158477783,-0.2878732681274414,-0.024759223924291973,-0.051002293825149536,-0.22487974166870117,-0.020131714881671314,-0.04987338185310364,-0.17559188604354858,-0.00771777402357543,0.0009641647338867188,-0.2156972885131836,-0.008214304463280087,-0.004849493503570557,-0.28604987263679504,-0.019075267256511097,-0.012444794178009033,-0.3301662802696228,-0.019655823947204,-0.021553069353103638,-0.37499722838401794,-0.016571881489170437
J,0.0,0.0,0.0,-0.06485840678215027,-0.030151963233947754,-0.017589356218053354,-0.1130569577217102,-0.11465311050415039,-0.02620331144757415,-0.10593193769454956,-0.20829784870147705,-0.037392597113324655,-0.05917471647262573,-0.2449955940246582,-0.04155294916458274,-0.11538717150688171,-0.18321049213409424,0.012741192776189791,-0.13796010613441467,-0.2688212990760803,-0.016169117231441987,-0.11745139956474304,-0.21702563762664795,-0.03308992407150413,-0.10419782996177673,-0.17937201261520386,-0.03935421204991485,-0.07579201459884644,-0.20493590831756592,0.011871706295238482,-0.09452113509178162,-0.2898727357387543,-0.02148299611039306,-0.08004403114318848,-0.2279861867427826,-0.03306813112325813,-0.074013352394104,-0.19252020120620728,-0.03127778268284942,-0.037057071924209595,-0.2163628339767456,0.004869069970624196,-0.05020231008529663,-0.29549354314804077,-0.021105538521482003,-0.04948344826698303,-0.2324775755405426,-0.015397197966052545,-0.048059552907943726,-0.1838763952255249,-0.002126202386392606,0.003876030445098877,-0.22131502628326416,-0.004996218186391843,-0.0017469525337219238,-0.29311567544937134,-0.01509748532302524,-0.008993268013000488,-0.33687299489974976,-0.014921810877098096,-0.018337219953536987,-0.38096144795417786,-0.011080237504614843
J,0.0,0.0,0.0,-0.06512519717216492,-0.03295677900314331,-0.01655657868738558,-0.10893535614013672,-0.11259657144546509,-0.026441047898487113,-0.10012060403823853,-0.2015378475189209,-0.03936825599427607,-0.05566948652267456,-0.24416792392730713,-0.04614934977050211,-0.11001837253570557,-0.1834978461265564,0.010303193704231717,-0.13082540035247803,-0.2690209448337555,-0.01911833789105799,-0.1125786304473877,-0.22028177976608276,-0.03727859910483744,-0.09953069686889648,-0.18100935220718384,-0.04455125983710673,-0.06951141357421875,-0.20281893014907837,0.00790278427396629,-0.08690795302391052,-0.2901204228401184,-0.0269704135125437,-0.07360082864761353,-0.23088285326957703,-0.04174524079914477,-0.06665778160095215,-0.19103401899337769,-0.0426023220634022,-0.03046661615371704,-0.21349549293518066,-2.6723432682729253e-05,-0.043073952198028564,-0.2952527701854706,-0.0276269083833256,-0.042998433113098145,-0.23514452576637268,-0.024801182559684776,-0.04126143455505371,-0.1847134828567505,-0.01361092179919865,0.010301351547241211,-0.21654358506202698,-0.010531240141943954,0.005541086196899414,-0.28859829902648926,-0.02209431026037123,-0.00039702653884887695,-0.3338811695575714,-0.02328938897605326,-0.008460909128189087,-0.3781126141548157,-0.02066890243347075
J,0.0,0.0,0.0,-0.06397312879562378,-0.03263211250305176,-0.017993833812141702,-0.11069044470787048,-0.11410897970199585,-0.028135927336478517,-0.10095912218093872,-0.2041243314743042,-0.04070625448431997,-0.05315971374511719,-0.2440551519393921,-0.046751774789953515,-0.10962724685668945,-0.1876353621482849,0.007986835261618808,-0.13031816482543945,-0.27045002579689026,-0.02116735273804693,-0.111977219581604,-0.22065040469169617,-0.03861683601346044,-0.09813222289085388,-0.1834125518798828,-0.0455710775574687,-0.06908363103866577,-0.20695263147354126,0.006514898558890536,-0.08534911274909973,-0.2920738756656647,-0.027478517906928346,-0.07302933931350708,-0.232336163520813,-0.03942180046644239,-0.06560459733009338,-0.19393962621688843,-0.038148965629005716,-0.02962350845336914,-0.2159915566444397,-0.0006926617940905544,-0.042007118463516235,-0.2958815097808838,-0.027558391856217668,-0.042325347661972046,-0.23344337940216064,-0.021845526935720727,-0.03962588310241699,-0.18315833806991577,-0.008591921011174009,0.011359870433807373,-0.2169056534767151,-0.010720256658458993,0.008068203926086426,-0.28920334577560425,-0.022348752187753007,0.0018892884254455566,-0.3340461850166321,-0.022447043972277925,-0.005807161331176758,-0.3793444037437439,-0.018772406446004197
J,0.0,0.0,0.0,-0.06602585315704346,-0.03352326154708862,-0.01717267541283718,-0.1113361120223999,-0.11350661516189575,-0.027118047532383116,-0.10223838686943054,-0.20302462577819824,-0.03964971548015228,-0.055583804845809937,-0.24210447072982788,-0.045754382219854506,-0.10895571112632751,-0.19206809997558594,0.009637952017840234,-0.12947118282318115,-0.27340513467788696,-0.01941203123027435,-0.11241522431373596,-0.22555816173553467,-0.03678373789483658,-0.0993257462978363,-0.18913787603378296,-0.043573880401197584,-0.06892052292823792,-0.2111971378326416,0.007893708701487867,-0.08477044105529785,-0.2932708263397217,-0.02569225786322704,-0.07382366061210632,-0.23382452130317688,-0.03763749620014778,-0.0676625669002533,-0.19637614488601685,-0.03671705147320381,-0.029993951320648193,-0.21972888708114624,0.0003035523328094314,-0.040622979402542114,-0.29658427834510803,-0.027629710566941412,-0.04373985528945923,-0.23376432061195374,-0.023131994363609465,-0.04383796453475952,-0.18349695205688477,-0.0105749562575852,0.010473489761352539,-0.21987783908843994,-0.009877105076554926,0.008796334266662598,-0.2937789261341095,-0.02235480194980255,0.00429302453994751,-0.3404809236526489,-0.02319997159833065,-0.0019990205764770508,-0.38699984550476074,-0.019954699855986746
J,0.0,0.0,0.0,-0.06432551145553589,-0.03249579668045044,-0.016795803146948174,-0.10958915948867798,-0.11197417974472046,-0.027061302500356987,-0.10075730085372925,-0.1991679072380066,-0.0398084114366668,-0.05395844578742981,-0.23730143904685974,-0.04702124400674279,-0.10497626662254333,-0.19085729122161865,0.006846331705759212,-0.1252938210964203,-0.27177274227142334,-0.020861756342043236,-0.11023178696632385,-0.22788184881210327,-0.038454201357950524,-0.0972491204738617,-0.18986397981643677,-0.04599163709818299,-0.06479570269584656,-0.2088608741760254,0.004638954711566612,-0.07900050282478333,-0.2934426963329315,-0.028140325384725884,-0.07196173071861267,-0.2399905025959015,-0.04207045240937646,-0.06582912802696228,-0.19973242282867432,-0.04338517068563874,-0.024867266416549683,-0.21732276678085327,-0.0028137451098757538,-0.034224241971969604,-0.29718899726867676,-0.029706700059165314,-0.041937798261642456,-0.23719444870948792,-0.02760037063299592,-0.04463595151901245,-0.18499541282653809,-0.017589869263161972,0.015395551919937134,-0.21727240085601807,-0.012767947564412907,0.014058202505111694,-0.2913265526294708,-0.025613388332118348,0.008945256471633911,-0.3399045765399933,-0.028011078300465897,0.002841949462890625,-0.38732683658599854,-0.026496978762139634
J,0.0,0.0,0.0,-0.06433698534965515,-0.029235005378723145,-0.018968966435494394,-0.11433514952659607,-0.10957038402557373,-0.029554445873799295,-0.1071319580078125,-0.19862031936645508,-0.04208231588810918,-0.059075504541397095,-0.23659130930900574,-0.04874950891345975,-0.1091102659702301,-0.19339168071746826,0.005492041707185535,-0.12978234887123108,-0.2719862461090088,-0.02145804522544381,-0.11465960741043091,-0.228970468044281,-0.038380640204849215,-0.10142993927001953,-0.19285237789154053,-0.045806436445417376,-0.06927981972694397,-0.21251094341278076,0.004354937821773319,-0.08386296033859253,-0.2935349643230438,-0.02691098174065587,-0.07656311988830566,-0.24094855785369873,-0.03921779489130017,-0.0707046389579773,-0.202134907245636,-0.039657241310777636,-0.02954035997390747,-0.2204534411430359,-0.002352815931516261,-0.03980410099029541,-0.2983926832675934,-0.02805931365102765,-0.04643923044204712,-0.23934918642044067,-0.024983743782939882,-0.04818969964981079,-0.1881788969039917,-0.014639602620007963,0.011011183261871338,-0.2193722128868103,-0.011842657457890482,0.009593665599822998,-0.2929339110851288,-0.02456299645811555,0.004119873046875,-0.341477632522583,-0.027077720146479578,-0.0019125938415527344,-0.3890448808670044,-0.025689343567790957
J,0.0,0.0,0.0,-0.06489294767379761,-0.03039771318435669,-0.01710871016263127,-0.11145785450935364,-0.10921472311019897,-0.026828052155963178,-0.10489392280578613,-0.19654101133346558,-0.03903991697012543,-0.060711443424224854,-0.2348785400390625,-0.04584001717745423,-0.10791459679603577,-0.19056761264801025,0.008967819012411837,-0.12937432527542114,-0.2717362344264984,-0.01780453478573918,-0.11543560028076172,-0.23247110843658447,-0.03584972364484429,-0.10273250937461853,-0.19365108013153076,-0.043803702719799276,-0.06814992427825928,-0.20988059043884277,0.006798245332845454,-0.08454093337059021,-0.29712849855422974,-0.02460324545978665,-0.07948973774909973,-0.25097978115081787,-0.04030111772596001,-0.07488512992858887,-0.21043896675109863,-0.04333311659871697,-0.028124183416366577,-0.2185654640197754,-0.000757103989656116,-0.03971433639526367,-0.29975783824920654,-0.02684977618633866,-0.048863112926483154,-0.24417227506637573,-0.027110641502133603,-0.05232304334640503,-0.19211310148239136,-0.019109829940191503,0.012953847646713257,-0.21845495700836182,-0.010876946762493844,0.011156171560287476,-0.2938310503959656,-0.02364409682928681,0.005563586950302124,-0.3430998623371124,-0.02736220290540814,-0.0008864998817443848,-0.3890424370765686,-0.027089757524720426
J,0.0,0.0,0.0,-0.06589579582214355,-0.03019803762435913,-0.01711168992670764,-0.11370265483856201,-0.11080002784729004,-0.027041099177324668,-0.10371369123458862,-0.19769740104675293,-0.039283453629934684,-0.05628058314323425,-0.23600363731384277,-0.046076326774084464,-0.1075177788734436,-0.1907259225845337,0.0055932289421321,-0.1285085678100586,-0.2718064785003662,-0.020840711103403464,-0.11340400576591492,-0.2304474115371704,-0.038118912981474296,-0.1004907488822937,-0.19303768873214722,-0.045855096684420005,-0.06771138310432434,-0.210066556930542,0.0033686839475990382,-0.08320760726928711,-0.29681673645973206,-0.027099187628948584,-0.0759885311126709,-0.24827441573143005,-0.040908097432577506,-0.0704495906829834,-0.20910543203353882,-0.04292233954521407,-0.027960628271102905,-0.21838992834091187,-0.003970740971737996,-0.039196133613586426,-0.29946160316467285,-0.02855326342734088,-0.045011311769485474,-0.24278369545936584,-0.026356593848788634,-0.045726507902145386,-0.1912420392036438,-0.017135198371136084,0.013080447912216187,-0.218128502368927,-0.013998768435442344,0.01183900237083435,-0.2944917380809784,-0.025957242728793517,0.006629198789596558,-0.34393763542175293,-0.02839956167491664,0.0007165968418121338,-0.3904682993888855,-0.027347299413406745
J,0.0,0.0,0.0,-0.06604009866714478,-0.029247403144836426,-0.017471944097025016,-0.11282950639724731,-0.10835975408554077,-0.02743049815629206,-0.1049967110157013,-0.19514071941375732,-0.039708268943769554,-0.06013837456703186,-0.23308491706848145,-0.04642435267899714,-0.10833171010017395,-0.19028884172439575,0.008104384761708161,-0.12945052981376648,-0.2709908187389374,-0.018614783066851714,-0.11486935615539551,-0.230787992477417,-0.036830091032726386,-0.10209357738494873,-0.19256633520126343,-0.04507625207637034,-0.06848004460334778,-0.20934265851974487,0.006127160393106124,-0.08361217379570007,-0.29515340924263,-0.025210042599184135,-0.07724860310554504,-0.2480902075767517,-0.04076470166776858,-0.07250303030014038,-0.20813173055648804,-0.04390410065983019,-0.02869439125061035,-0.21764004230499268,-0.0012137053986691626,-0.04002782702445984,-0.29728826880455017,-0.026809436384183982,-0.04754069447517395,-0.2410607933998108,-0.026392596888882736,-0.049774616956710815,-0.18889331817626953,-0.018220207769019225,0.011967390775680542,-0.2173725962638855,-0.011206388588590244,0.0120449960231781,-0.29316699504852295,-0.02367593638930998,0.007389932870864868,-0.34329310059547424,-0.027167818624121765,0.001616746187210083,-0.390394926071167,-0.02693979360495291
J,0.0,0.0,0.0,-0.06489259004592896,-0.030368685722351074,-0.018302372654517285,-0.11388590931892395,-0.11050021648406982,-0.029269757678349606,-0.10383734107017517,-0.19729411602020264,-0.04224601480885326,-0.05542093515396118,-0.23615527153015137,-0.049486883913715474,-0.108731210231781,-0.19244986772537231,0.003964350561062702,-0.1307889223098755,-0.2715548276901245,-0.02348584588392555,-0.11537778377532959,-0.227433443069458,-0.041413021271665684,-0.10266324877738953,-0.18962311744689941,-0.04973924997969448,-0.06857377290725708,-0.21133244037628174,0.0022954409964484057,-0.0842975378036499,-0.2922769784927368,-0.029716868882616154,-0.07736051082611084,-0.23867762088775635,-0.04382471460624515,-0.072508305311203,-0.198941171169281,-0.04598097223563968,-0.02845698595046997,-0.2191947102546692,-0.004689435937990538,-0.03942510485649109,-0.2957899272441864,-0.030633003448684804,-0.04781779646873474,-0.23470523953437805,-0.02881351392491638,-0.051100850105285645,-0.18109315633773804,-0.01975344773157417,0.01221957802772522,-0.2184726595878601,-0.01434375718011438,0.012056440114974976,-0.2934550642967224,-0.027640867044766537,0.007570594549179077,-0.3422672748565674,-0.031114907001693837,0.002197563648223877,-0.3890265226364136,-0.030718103980262867
J,0.0,0.0,0.0,-0.06440675258636475,-0.02988821268081665,-0.018603873768768153,-0.11340731382369995,-0.10912805795669556,-0.029445731410703502,-0.10610997676849365,-0.197498619556427,-0.04223657152982696,-0.05822867155075073,-0.23798328638076782,-0.04895708463521942,-0.11017203330993652,-0.1940079927444458,0.004980947027036109,-0.13068950176239014,-0.273295134305954,-0.022608190173230014,-0.11482369899749756,-0.2284766435623169,-0.04012125111552223,-0.10187500715255737,-0.1923513412475586,-0.048170463511667094,-0.06956136226654053,-0.21294188499450684,0.003348627962225237,-0.08545485138893127,-0.29493460059165955,-0.028886649155936084,-0.07769748568534851,-0.24071216583251953,-0.04194853953453048,-0.07179531455039978,-0.20236116647720337,-0.043111347923002086,-0.02898639440536499,-0.22071480751037598,-0.003798628089896283,-0.04042142629623413,-0.3002711236476898,-0.030456490212998233,-0.04681643843650818,-0.24009785056114197,-0.027550067150912128,-0.048308759927749634,-0.18850374221801758,-0.017386655652842364,0.012277483940124512,-0.2195860743522644,-0.013648523347399077,0.011961281299591064,-0.29498031735420227,-0.027492289761028132,0.007123887538909912,-0.34401047229766846,-0.03056917093130096,0.0010405182838439941,-0.3917531371116638,-0.029592522749624095
J,0.0,0.0,0.0,-0.06337141990661621,-0.03097754716873169,-0.018896059087268213,-0.11352679133415222,-0.11303520202636719,-0.029128217092505793,-0.10597458481788635,-0.20339202880859375,-0.041223055637232164,-0.05676281452178955,-0.24312078952789307,-0.04705027765666614,-0.11015355587005615,-0.19940590858459473,0.005412229382642408,-0.12990009784698486,-0.2774335443973541,-0.02165340348219047,-0.1139238178730011,-0.23059821128845215,-0.03841747618352542,-0.10197797417640686,-0.19595485925674438,-0.046132917470089296,-0.06960636377334595,-0.2183847427368164,0.004139948216476341,-0.08506369590759277,-0.2993389964103699,-0.027445119759789804,-0.07755902409553528,-0.24424833059310913,-0.03942419490849147,-0.07265987992286682,-0.20760291814804077,-0.03981308541332851,-0.02903500199317932,-0.2254282832145691,-0.0027944209992654123,-0.0405920147895813,-0.30207914113998413,-0.029198833695403437,-0.04614371061325073,-0.2406490445137024,-0.025906856125942568,-0.04743504524230957,-0.18984544277191162,-0.015416300809732775,0.012161225080490112,-0.22363263368606567,-0.012494197069457869,0.012390464544296265,-0.29902029037475586,-0.02621713928019176,0.008022218942642212,-0.34720563888549805,-0.02939842729901443,0.002268195152282715,-0.39492419362068176,-0.028470150149217943
J,0.0,0.0,0.0,-0.06479620933532715,-0.03433758020401001,-0.017898329686033776,-0.11242341995239258,-0.11657488346099854,-0.027548854391682198,-0.10407432913780212,-0.20728611946105957,-0.03965219591151481,-0.05578169226646423,-0.24589860439300537,-0.04570918266068702,-0.10923916101455688,-0.19977784156799316,0.010551860403609226,-0.1290777623653412,-0.28201332688331604,-0.016453690047967484,-0.11421981453895569,-0.23829466104507446,-0.03409086648713355,-0.10138365626335144,-0.20031672716140747,-0.041735512356865456,-0.0683315098285675,-0.2184007167816162,0.00894449449737067,-0.08405813574790955,-0.3044004440307617,-0.023262855749237588,-0.076934814453125,-0.25012117624282837,-0.0376160118390203,-0.07105356454849243,-0.2085026502609253,-0.03885397050868278,-0.027909576892852783,-0.22644102573394775,0.0016012654745622967,-0.03918588161468506,-0.3085681200027466,-0.02460772652517562,-0.04547387361526489,-0.25046196579933167,-0.023426220904696038,-0.047017961740493774,-0.19890350103378296,-0.013875907439398816,0.013153880834579468,-0.2253434658050537,-0.00845441330562835,0.01295652985572815,-0.30135059356689453,-0.020733202960002473,0.00839969515800476,-0.3498994708061218,-0.024001947756516984,0.002792924642562866,-0.3962852954864502,-0.023035648431289246
J,0.0,0.0,0.0,-0.06392773985862732,-0.03282880783081055,-0.019073245550998763,-0.11214640736579895,-0.11697471141815186,-0.029247996832737044,-0.10311761498451233,-0.20800930261611938,-0.04160389254570873,-0.05323752760887146,-0.2445240020751953,-0.04761528546691807,-0.10825192928314209,-0.20053565502166748,0.007555754419854566,-0.12738573551177979,-0.2822909951210022,-0.020124550412901954,-0.11099359393119812,-0.23434358835220337,-0.037266198049792365,-0.09908723831176758,-0.1985662579536438,-0.04490224222422512,-0.06725436449050903,-0.21896439790725708,0.0062070703436347685,-0.0817858874797821,-0.3036339282989502,-0.026582695047864036,-0.0736585259437561,-0.2466757893562317,-0.03945526803613575,-0.0690205991268158,-0.20835644006729126,-0.03991946900964649,-0.026444464921951294,-0.22619086503982544,-0.0009844826697644748,-0.03668016195297241,-0.30635350942611694,-0.02766867304922016,-0.04245471954345703,-0.24592286348342896,-0.024798480297931746,-0.045195430517196655,-0.1956687569618225,-0.014317938562044219,0.014573484659194946,-0.22489023208618164,-0.01102487134517105,0.015019088983535767,-0.3008303642272949,-0.023856091748484687,0.010827809572219849,-0.3495180606842041,-0.026705109949716643,0.004680424928665161,-0.39728134870529175,-0.02554705130637558
J,0.0,0.0,0.0,-0.0637093186378479,-0.03371244668960571,-0.0173049138767567,-0.1101638674736023,-0.1138070821762085,-0.028276426522239717,-0.09989279508590698,-0.20042431354522705,-0.041677376059993776,-0.05116209387779236,-0.23602157831192017,-0.04927137660811809,-0.10499158501625061,-0.1967604160308838,0.005119290398255316,-0.12435519695281982,-0.2794651985168457,-0.02290544266830352,-0.11104419827461243,-0.23064303398132324,-0.040558857647880586,-0.10033756494522095,-0.1934528350830078,-0.04884212630818752,-0.06446647644042969,-0.21341753005981445,0.002453127372831432,-0.07830950617790222,-0.2980438768863678,-0.031095389081343683,-0.0733913779258728,-0.23961687088012695,-0.044976642159923585,-0.06991413235664368,-0.20034199953079224,-0.04657686295936969,-0.02404847741127014,-0.22006863355636597,-0.005508812414660724,-0.03360414505004883,-0.29988184571266174,-0.03225907850097087,-0.04321160912513733,-0.2386530637741089,-0.029905872224077257,-0.0477927029132843,-0.18721610307693481,-0.02030435557495025,0.01641276478767395,-0.21871709823608398,-0.01609085108171371,0.016732782125473022,-0.2947108745574951,-0.029520939840182336,0.013156920671463013,-0.3443939685821533,-0.03273132610152629,0.009078830480575562,-0.3924245238304138,-0.0320809909982529
J,0.0,0.0,0.0,-0.06262674927711487,-0.035117506980895996,-0.016259554795340136,-0.10844093561172485,-0.1161760687828064,-0.026693342275336818,-0.09867402911186218,-0.19938582181930542,-0.03949114309938295,-0.05227327346801758,-0.23523974418640137,-0.046956609956339435,-0.0993921160697937,-0.2022850513458252,0.0033815651914324008,-0.11798560619354248,-0.28201305866241455,-0.02302180419059141,-0.10666164755821228,-0.23746567964553833,-0.03971632572205408,-0.0967153012752533,-0.20000684261322021,-0.04762471469433649,-0.0590972900390625,-0.2172343134880066,0.00026888881262721043,-0.0721248984336853,-0.2998672127723694,-0.031576547793463305,-0.07054859399795532,-0.24646848440170288,-0.04512578996212824,-0.06805625557899475,-0.20667970180511475,-0.04719026761443956,-0.018441379070281982,-0.22148549556732178,-0.007771108786926106,-0.0278739333152771,-0.3003785014152527,-0.03457282485754831,-0.039988964796066284,-0.2399224042892456,-0.0329408906617914,-0.04530376195907593,-0.18693500757217407,-0.02397293413372381,0.022060275077819824,-0.21691757440567017,-0.01818879137130125,0.025976121425628662,-0.29408544301986694,-0.03288545834215029,0.023366332054138184,-0.344778835773468,-0.03681286054046495,0.019825637340545654,-0.3936857581138611,-0.03665139528305872
J,0.0,0.0,0.0,-0.06214091181755066,-0.03556269407272339,-0.017622566432152098,-0.10762214660644531,-0.11997747421264648,-0.02748186758199722,-0.09540125727653503,-0.20318007469177246,-0.0397046866122821,-0.048244208097457886,-0.23547351360321045,-0.04627703374663383,-0.09571242332458496,-0.20852047204971313,0.005286242231335336,-0.11240088939666748,-0.28794828057289124,-0.020517316297087973,-0.1031307578086853,-0.23994538187980652,-0.0358672240976432,-0.0942038893699646,-0.20128780603408813,-0.042566085815821,-0.05530288815498352,-0.22146999835968018,0.0029125121660342757,-0.06650650501251221,-0.30155113339424133,-0.0285363463912347,-0.06665873527526855,-0.24603337049484253,-0.0409588279430011,-0.06454876065254211,-0.2060467004776001,-0.041808238834533995,-0.014300286769866943,-0.22343039512634277,-0.004954539355281895,-0.022738635540008545,-0.30098089575767517,-0.03237276768723518,-0.03673899173736572,-0.24003919959068298,-0.031226169899497336,-0.043707698583602905,-0.1879090666770935,-0.02210460475126297,0.025562763214111328,-0.21699190139770508,-0.015322153106723135,0.03233146667480469,-0.2934189438819885,-0.030861896112952536,0.03257471323013306,-0.34435582160949707,-0.035827862680349654,0.03229707479476929,-0.39436203241348267,-0.036042934865150755
J,0.0,0.0,0.0,-0.059106677770614624,-0.04145866632461548,-0.016884178956246387,-0.10189706087112427,-0.12564003467559814,-0.027357095022892963,-0.08762258291244507,-0.20728462934494019,-0.04000707632789613,-0.03841009736061096,-0.23371097445487976,-0.04664515620956422,-0.08741253614425659,-0.21533358097076416,0.0011852637545928246,-0.10124731063842773,-0.2930223345756531,-0.02606923608968259,-0.09309029579162598,-0.236910879611969,-0.04068581676969529,-0.08662250638008118,-0.20082968473434448,-0.047297663157081615,-0.04588291049003601,-0.22540998458862305,-0.002155653768426191,-0.055681586265563965,-0.3006591200828552,-0.03476178563127519,-0.05824398994445801,-0.236260324716568,-0.044399923746681225,-0.05833593010902405,-0.20004183053970337,-0.043673168038225185,-0.004254281520843506,-0.22368919849395752,-0.010957411592102062,-0.010568737983703613,-0.2959216833114624,-0.04041722333917619,-0.027822107076644897,-0.2304326891899109,-0.03785568020234109,-0.03863418102264404,-0.18105340003967285,-0.02779704435656072,0.03554493188858032,-0.21390306949615479,-0.02198535493502618,0.047589778900146484,-0.2892254889011383,-0.0401246129621029,0.05270254611968994,-0.33796292543411255,-0.04569596714267732,0.056393444538116455,-0.38869622349739075,-0.04600654086956979
J,0.0,0.0,0.0,-0.05523413419723511,-0.04591137170791626,-0.018858213548639924,-0.09407919645309448,-0.12580466270446777,-0.03149227482555261,-0.07577770948410034,-0.20163244009017944,-0.045761973236778886,-0.02663746476173401,-0.2257431149482727,-0.0539140148210322,-0.07970079779624939,-0.2201923131942749,-0.0052919253828918045,-0.09014460444450378,-0.29749011993408203,-0.033748705511072785,-0.08113899827003479,-0.24230623245239258,-0.048830248986462266,-0.07435697317123413,-0.20536041259765625,-0.055962280009964616,-0.036290138959884644,-0.22714364528656006,-0.008067719278017194,-0.04317045211791992,-0.30328723788261414,-0.04130279329893938,-0.04521834850311279,-0.23886725306510925,-0.05037704539773813,-0.04514646530151367,-0.20160752534866333,-0.049627725605944306,0.006427019834518433,-0.22146928310394287,-0.016267480899671227,0.0038583874702453613,-0.29482436180114746,-0.04637009335039011,-0.0129910409450531,-0.2334650456905365,-0.0444094730663096,-0.024083316326141357,-0.18626469373703003,-0.03518061396954408,0.04638972878456116,-0.20686471462249756,-0.026722487633207948,0.06619879603385925,-0.2808488607406616,-0.04748746809838167,0.0779356062412262,-0.3283824324607849,-0.05519010928748003,0.0876455008983612,-0.3773844838142395,-0.05687231627581468
J,0.0,0.0,0.0,-0.05108633637428284,-0.04633718729019165,-0.023329753443590562,-0.08815258741378784,-0.12656837701797485,-0.037672378137699525,-0.0706900954246521,-0.19833636283874512,-0.0525575019568123,-0.019643515348434448,-0.21397465467453003,-0.060661606505505006,-0.06845089793205261,-0.22935962677001953,-0.009728954188517491,-0.07643982768058777,-0.298819363117218,-0.039274089053265016,-0.07309439778327942,-0.24025821685791016,-0.05392079056798593,-0.06722551584243774,-0.20419949293136597,-0.060919310912481706,-0.023768991231918335,-0.23155486583709717,-0.010725460030130307,-0.028952598571777344,-0.3010248839855194,-0.04658558593689577,-0.035838544368743896,-0.23522084951400757,-0.054587014034382264,-0.03478294610977173,-0.1975342035293579,-0.05230018870531694,0.019449055194854736,-0.2188282608985901,-0.01770432667433397,0.018844902515411377,-0.28516507148742676,-0.051183648422352235,-0.0005322396755218506,-0.22425410151481628,-0.04910889269410745,-0.011438369750976562,-0.17860430479049683,-0.039032951012245576,0.058841705322265625,-0.1952701210975647,-0.02719524504243509,0.08647197484970093,-0.26204174757003784,-0.051693022266022126,0.10423779487609863,-0.305948942899704,-0.061200752869240205,0.1203082799911499,-0.35434484481811523,-0.06341568754612581
J,0.0,0.0,0.0,-0.050046294927597046,-0.04654186964035034,-0.024481971336939523,-0.08532828092575073,-0.1207016110420227,-0.040577494128086755,-0.06941843032836914,-0.18406277894973755,-0.05632195673737783,-0.023534119129180908,-0.199288010597229,-0.06496615014825124,-0.06524002552032471,-0.22541972994804382,-0.01801816239807863,-0.06812098622322083,-0.2972413897514343,-0.04956995375309248,-0.06723898649215698,-0.23576727509498596,-0.06440956197533865,-0.06328129768371582,-0.19840294122695923,-0.07152188621316213,-0.01972883939743042,-0.2245645523071289,-0.01855718582723398,-0.019083738327026367,-0.2931145131587982,-0.055437110884525964,-0.028288990259170532,-0.22471585869789124,-0.0627825712398078,-0.028634488582611084,-0.18706047534942627,-0.060483072473147104,0.023374229669570923,-0.20935988426208496,-0.024841642527320573,0.02928200364112854,-0.2727171778678894,-0.05810822971020002,0.009082823991775513,-0.2198132872581482,-0.057279889060595224,-0.0025183260440826416,-0.18119704723358154,-0.04920315794501562,0.06207209825515747,-0.18329358100891113,-0.03353529102955122,0.09837597608566284,-0.2440221607685089,-0.06087547220144529,0.12197482585906982,-0.28541865944862366,-0.0735371043518569,0.14386767148971558,-0.3302564024925232,-0.07807441852841634
J,0.0,0.0,0.0,-0.04721468687057495,-0.04528975486755371,-0.026825352123069024,-0.08203151822090149,-0.1161685585975647,-0.0450106230732672,-0.06769368052482605,-0.1785053014755249,-0.06229679707257674,-0.01724940538406372,-0.18986421823501587,-0.07211837220756934,-0.05974781513214111,-0.2227468490600586,-0.023856478294419503,-0.060891032218933105,-0.2950825095176697,-0.05561170030205176,-0.06125158071517944,-0.23183155059814453,-0.06878402132360861,-0.058186084032058716,-0.19397974014282227,-0.07501246828405783,-0.014120042324066162,-0.21951621770858765,-0.02360306914715693,-0.011868208646774292,-0.2857796251773834,-0.06170101512043402,-0.022450804710388184,-0.21701014041900635,-0.06865803200571463,-0.02461203932762146,-0.17947596311569214,-0.0663014729675524,0.02891141176223755,-0.2030085325241089,-0.029051198175238824,0.03630995750427246,-0.2662816047668457,-0.06437853026955054,0.015000075101852417,-0.21702557802200317,-0.06626436162559912,0.00040474534034729004,-0.18121588230133057,-0.060192443912910676,0.06661096215248108,-0.17545843124389648,-0.03675968620746062,0.10670199990272522,-0.2291947603225708,-0.067216508572983,0.13386157155036926,-0.26611366868019104,-0.08358841437666342,0.1581811010837555,-0.30679741501808167,-0.09062721628515646
J,0.0,0.0,0.0,-0.04822126030921936,-0.046073317527770996,-0.02888565592090231,-0.08031576871871948,-0.11269247531890869,-0.04886234446982485,-0.06113320589065552,-0.16579079627990723,-0.06714108481625658,-0.009967982769012451,-0.16871213912963867,-0.07772266760090929,-0.0531998872756958,-0.22141516208648682,-0.03136578097561937,-0.05351206660270691,-0.28699594736099243,-0.0625379522107039,-0.05538782477378845,-0.21860313415527344,-0.07388652011374575,-0.05384156107902527,-0.18407505750656128,-0.07955300703267199,-0.006822705268859863,-0.2150169014930725,-0.03019381209830385,-0.00586014986038208,-0.27108150720596313,-0.06777363165835482,-0.018132835626602173,-0.19861078262329102,-0.07292996242264849,-0.021178841590881348,-0.16558891534805298,-0.07015567913273912,0.035614967346191406,-0.19522207975387573,-0.03438789665321451,0.04181048274040222,-0.2474098801612854,-0.07081142708281618,0.01924198865890503,-0.19400417804718018,-0.07188525691250902,0.003727734088897705,-0.15979570150375366,-0.06527187570551973,0.07233136892318726,-0.16512566804885864,-0.040739639546671924,0.11394554376602173,-0.21407175064086914,-0.07303318276623827,0.1432453989982605,-0.24554556608200073,-0.08936621144036394,0.1691611409187317,-0.2827664613723755,-0.09605142369488817
J,0.0,0.0,0.0,-0.047176867723464966,-0.04525333642959595,-0.03079089991621231,-0.07840609550476074,-0.10263991355895996,-0.051673728077332726,-0.060677945613861084,-0.14708858728408813,-0.07003147065512394,-0.013355761766433716,-0.15297818183898926,-0.08056823074690556,-0.047492772340774536,-0.21513748168945312,-0.03756965234748577,-0.04923155903816223,-0.2717265784740448,-0.06875832289330219,-0.053081363439559937,-0.20466667413711548,-0.0801474219547913,-0.0511929988861084,-0.1734490990638733,-0.08652667611710285,-0.00046384334564208984,-0.20854026079177856,-0.03550586387387966,0.0009087622165679932,-0.2541056275367737,-0.07074263602368092,-0.015266329050064087,-0.18187105655670166,-0.07356224119536137,-0.018069952726364136,-0.15571022033691406,-0.0706750890599892,0.040285736322402954,-0.18587177991867065,-0.038809529541651955,0.050789862871170044,-0.2241726517677307,-0.07538722365967487,0.023835808038711548,-0.16826093196868896,-0.07386969685427403,0.007380694150924683,-0.13655197620391846,-0.06613852739207005,0.07482799887657166,-0.1525859832763672,-0.04449988439552044,0.11855944991111755,-0.19507300853729248,-0.08014851719013905,0.14821097254753113,-0.22021573781967163,-0.09611146062485432,0.17631295323371887,-0.2501707375049591,-0.10192351698748325
J,0.0,0.0,0.0,-0.04703584313392639,-0.04419606924057007,-0.03308644006935424,-0.07363495230674744,-0.09419041872024536,-0.05637325952736205,-0.053341954946517944,-0.12336969375610352,-0.07615879411784476,-0.009030908346176147,-0.12373602390289307,-0.08820625628320045,-0.034269779920578,-0.21890509128570557,-0.044704856825745765,-0.04352328181266785,-0.25574931502342224,-0.07501434768525428,-0.04893994331359863,-0.1846863031387329,-0.08429376269666022,-0.04360920190811157,-0.1573132872581482,-0.08983870829430884,0.011365175247192383,-0.20847493410110474,-0.0427063466140396,0.002775818109512329,-0.2427029311656952,-0.07915769006100959,-0.014221787452697754,-0.16420555114746094,-0.08079097653714484,-0.010871797800064087,-0.1395556926727295,-0.07661941136208839,0.04980096220970154,-0.18012553453445435,-0.04571840773311919,0.053035080432891846,-0.20789331197738647,-0.08434986556855506,0.026050090789794922,-0.15088766813278198,-0.08260172839251823,0.014221906661987305,-0.12324798107147217,-0.07438134635773963,0.08214041590690613,-0.14110499620437622,-0.05112682889190978,0.12464037537574768,-0.17648541927337646,-0.08961377526608771,0.15528032183647156,-0.1949779987335205,-0.10581787909356422,0.18619784712791443,-0.22065889835357666,-0.11121792579976386
J,0.0,0.0,0.0,-0.04510688781738281,-0.04279458522796631,-0.03683318933789792,-0.07344040274620056,-0.09042435884475708,-0.06232696390097203,-0.05655583739280701,-0.11528939008712769,-0.08221001541559758,-0.011410415172576904,-0.1115567684173584,-0.09361859774534764,-0.02844071388244629,-0.23428401350975037,-0.04878436392490926,-0.04270973801612854,-0.2526819109916687,-0.0781644544595963,-0.048025429248809814,-0.1806269884109497,-0.08789191013519826,-0.043597131967544556,-0.1529911756515503,-0.09436802929585042,0.019239306449890137,-0.22195065021514893,-0.04491925603096547,0.004419147968292236,-0.23421457409858704,-0.07662206506674352,-0.012219905853271484,-0.15863299369812012,-0.07710498189871373,-0.00870215892791748,-0.14039826393127441,-0.07394726937954488,0.05675935745239258,-0.18465012311935425,-0.04609129941408696,0.055797040462493896,-0.19241774082183838,-0.08123802757208409,0.02889913320541382,-0.1415664553642273,-0.07896452760641637,0.017368674278259277,-0.12291586399078369,-0.07233611857836308,0.08582919836044312,-0.13519251346588135,-0.049967843949247026,0.12360715866088867,-0.15573352575302124,-0.0887949801081902,0.1537594199180603,-0.16670846939086914,-0.10497188931648793,0.18449634313583374,-0.1889866590499878,-0.11072933292334142
J,0.0,0.0,0.0,-0.04435354471206665,-0.03869539499282837,-0.04640602955144857,-0.07178333401679993,-0.07707685232162476,-0.07999336981696104,-0.05081561207771301,-0.08656454086303711,-0.10583349579495405,-0.0045671164989471436,-0.07284313440322876,-0.1228130038968942,-0.01851212978363037,-0.2380780577659607,-0.06623572373312925,-0.04229390621185303,-0.2188614010810852,-0.09392161929530118,-0.04816892743110657,-0.1492900848388672,-0.09971517586630796,-0.04307878017425537,-0.1295199990272522,-0.10477032029551481,0.030985891819000244,-0.22333651781082153,-0.05909681209844564,0.00386086106300354,-0.1940462589263916,-0.08656082564515089,-0.017405450344085693,-0.11963456869125366,-0.08168347442072843,-0.010514885187149048,-0.11620163917541504,-0.07714606338662122,0.0668768584728241,-0.17978370189666748,-0.0566925507180116,0.055520206689834595,-0.1601572036743164,-0.08932683879059766,0.026579737663269043,-0.10985666513442993,-0.08153876924437498,0.018471211194992065,-0.09653377532958984,-0.07331402116936658,0.09119251370429993,-0.12302833795547485,-0.05822645762485479,0.12257781624794006,-0.1257128119468689,-0.09879298025292371,0.1522482931613922,-0.12769901752471924,-0.11273149663132642,0.18577489256858826,-0.14329707622528076,-0.11674426758212064
J,0.0,0.0,0.0,-0.037908852100372314,-0.03567284345626831,-0.04567523949644681,-0.06777244806289673,-0.06819170713424683,-0.07939169087312337,-0.055951833724975586,-0.07436603307723999,-0.1057231900920641,-0.017015933990478516,-0.06259441375732422,-0.12415984549424763,-0.0193365216255188,-0.23134556412696838,-0.06740761079690571,-0.0409826934337616,-0.20515447854995728,-0.09805517175099965,-0.04586762189865112,-0.1383644938468933,-0.10808760949275609,-0.04491168260574341,-0.11784803867340088,-0.11503962703845616,0.030819237232208252,-0.2152702808380127,-0.06009730600617047,0.005558401346206665,-0.17713183164596558,-0.0876657543411028,-0.015135198831558228,-0.10442501306533813,-0.08509698786637898,-0.013265401124954224,-0.09473788738250732,-0.0822953907480013,0.06668835878372192,-0.16923558712005615,-0.057260322355247695,0.05281004309654236,-0.13928121328353882,-0.09107435026071187,0.02368137240409851,-0.08975547552108765,-0.08525191523931142,0.011751681566238403,-0.0727226734161377,-0.07749554791352864,0.08914333581924438,-0.1104540228843689,-0.05789335721037503,0.11679017543792725,-0.10521841049194336,-0.09840754696033116,0.14488095045089722,-0.10050743818283081,-0.11161461003921147,0.17542558908462524,-0.1077837347984314,-0.11456961461207982
J,0.0,0.0,0.0,-0.03677210211753845,-0.0265313982963562,-0.043228491517368184,-0.06875556707382202,-0.04885333776473999,-0.07672113862878405,-0.06953546404838562,-0.05183207988739014,-0.10354161945230089,-0.03849878907203674,-0.039368391036987305,-0.12344352838641726,-0.014645397663116455,-0.2086554765701294,-0.06983511087543093,-0.04524719715118408,-0.17164719104766846,-0.10125549820310198,-0.05227375030517578,-0.10742944478988647,-0.11090400007611834,-0.05090853571891785,-0.08734387159347534,-0.11633314129954897,0.033055901527404785,-0.1876789927482605,-0.06411515859014116,0.0011632442474365234,-0.13790780305862427,-0.09060321685916506,-0.0222662091255188,-0.071003258228302,-0.0879417875135573,-0.02079591155052185,-0.06695067882537842,-0.08508250054961763,0.06701317429542542,-0.14002078771591187,-0.06223973942047678,0.04794037342071533,-0.09849733114242554,-0.09598408577090822,0.01579982042312622,-0.05456840991973877,-0.09115869489556871,0.001872330904006958,-0.04421365261077881,-0.08428966936713778,0.08771374821662903,-0.07996833324432373,-0.06358981070167147,0.1107347309589386,-0.06752383708953857,-0.10402037140971743,0.13776615262031555,-0.05835890769958496,-0.11624580559379183,0.16887488961219788,-0.060216665267944336,-0.11811808434373461
J,0.0,0.0,0.0,-0.03838425874710083,-0.028515219688415527,-0.03912539737588361,-0.06681737303733826,-0.048032164573669434,-0.07122824298507169,-0.07142740488052368,-0.042994916439056396,-0.0971562709129472,-0.05539870262145996,-0.02871793508529663,-0.11722538577681973,-0.012046486139297485,-0.2025248408317566,-0.07218427913552716,-0.0472777783870697,-0.15375858545303345,-0.10411192434197858,-0.0543789267539978,-0.09338569641113281,-0.1142270039237161,-0.05247586965560913,-0.0751035213470459,-0.12024832474357083,0.03394663333892822,-0.17930561304092407,-0.0685257236874719,-0.0023139119148254395,-0.12148076295852661,-0.09513085292941525,-0.026709556579589844,-0.05822885036468506,-0.0935089360392709,-0.025265544652938843,-0.05393165349960327,-0.09235295610791638,0.06510689854621887,-0.1303141713142395,-0.06782891558772519,0.03897446393966675,-0.08301335573196411,-0.10215871738559201,0.004888385534286499,-0.03841501474380493,-0.09893746631509259,-0.008919447660446167,-0.027285873889923096,-0.0939945648825784,0.08063587546348572,-0.06966990232467651,-0.06980524914628461,0.09966453909873962,-0.04586529731750488,-0.1127989734924455,0.1254936158657074,-0.03224897384643555,-0.1270884643710275,0.15677794814109802,-0.030226469039916992,-0.130763373843493
J,0.0,0.0,0.0,-0.03804457187652588,-0.02276545763015747,-0.04226863429979488,-0.06846317648887634,-0.03437846899032593,-0.07894313753680393,-0.07504057884216309,-0.020436644554138184,-0.10976035566167042,-0.05989760160446167,0.010830223560333252,-0.13575227976874515,-0.011667072772979736,-0.17303591966629028,-0.08109233201579258,-0.06034466624259949,-0.12064141035079956,-0.11322566540078327,-0.07284948229789734,-0.06414306163787842,-0.12205645115212604,-0.06993177533149719,-0.04994291067123413,-0.1273266565902631,0.03405630588531494,-0.14802908897399902,-0.07872471631602451,-0.015602707862854004,-0.08376437425613403,-0.10748301119641468,-0.04015481472015381,-0.02876138687133789,-0.10803392947749302,-0.03856810927391052,-0.027802228927612305,-0.10816106618479893,0.06564363837242126,-0.09954047203063965,-0.07861617625788853,0.02525380253791809,-0.043627142906188965,-0.11448058159188435,-0.006441682577133179,-0.003505110740661621,-0.11327956290082142,-0.01782858371734619,0.004263401031494141,-0.10954424412087604,0.08182063698768616,-0.04096335172653198,-0.08143636257485554,0.08772894740104675,0.004205107688903809,-0.1219867882235448,0.10577884316444397,0.025769948959350586,-0.13365790666178867,0.13088509440422058,0.034385502338409424,-0.1357712936504285
J,0.0,0.0,0.0,-0.04131746292114258,-0.015262007713317871,-0.04056136360171081,-0.07600387930870056,-0.029726624488830566,-0.0752436374664569,-0.08745890855789185,-0.0215151309967041,-0.10508199086191894,-0.06295624375343323,0.015583217144012451,-0.13131978412869216,-0.007529348134994507,-0.15993773937225342,-0.06805042972567321,-0.06728696823120117,-0.09938329458236694,-0.10481219788792373,-0.0869193971157074,-0.04515892267227173,-0.12219413419964553,-0.08036443591117859,-0.04036092758178711,-0.13361107608082534,0.02515619993209839,-0.15495961904525757,-0.06876896371844055,-0.045182496309280396,-0.08830785751342773,-0.10144626399281265,-0.06961548328399658,-0.03113579750061035,-0.10339252700808288,-0.06075698137283325,-0.024004638195037842,-0.10276214083435775,0.04402133822441101,-0.12479126453399658,-0.0728126694798732,-0.021812021732330322,-0.057915449142456055,-0.10545174082520248,-0.045472532510757446,-0.010993123054504395,-0.09567330082657577,-0.03799775242805481,-0.005107104778289795,-0.08598503520491363,0.054265111684799194,-0.08173501491546631,-0.08111676623823882,0.012574881315231323,-0.022605836391448975,-0.10670076360705139,8.335709571838379e-05,0.011226296424865723,-0.10289889624121429,0.009669274091720581,0.020214080810546875,-0.09552424451115371
J,0.0,0.0,0.0,-0.03559574484825134,-0.023924648761749268,-0.029045981080400907,-0.0708584189414978,-0.0397111177444458,-0.05639418093966242,-0.09709495306015015,-0.016478419303894043,-0.07997435955809351,-0.10223016142845154,0.031600236892700195,-0.10284507154034372,-0.034597039222717285,-0.16334447264671326,-0.0625524881343722,-0.10374590754508972,-0.11766231060028076,-0.09257608531521555,-0.11303392052650452,-0.05918937921524048,-0.10487784324692484,-0.10337787866592407,-0.03655886650085449,-0.1118138941984057,0.0014122426509857178,-0.13383179903030396,-0.06495093433665033,-0.07070484757423401,-0.06724762916564941,-0.09211639939354654,-0.08617246150970459,-0.008976578712463379,-0.09529646365450617,-0.0830872654914856,0.004073679447174072,-0.09607296316431757,0.02696073055267334,-0.08307701349258423,-0.06848844020174738,-0.04003101587295532,-0.01708221435546875,-0.09756058333920237,-0.06504032015800476,0.029748380184173584,-0.09427290289210077,-0.06754720211029053,0.040138185024261475,-0.08910153685616251,0.042711615562438965,-0.027982115745544434,-0.07393222926663157,-0.004063904285430908,0.02859419584274292,-0.10037314771221872,-0.020744502544403076,0.06898260116577148,-0.10029382138060328,-0.017894834280014038,0.08734136819839478,-0.09560466437147852
J,0.0,0.0,0.0,-0.05233794450759888,-0.031582534313201904,-0.03079716105091279,-0.09343817830085754,-0.056797564029693604,-0.05996647279786771,-0.11410948634147644,-0.03256040811538696,-0.08523949038314527,-0.10848551988601685,0.014652073383331299,-0.1095624024801225,-0.04681199789047241,-0.18433904647827148,-0.06605285208749478,-0.12480470538139343,-0.13008511066436768,-0.09655955236482328,-0.1266888976097107,-0.07098549604415894,-0.10870197963046735,-0.10770842432975769,-0.05292642116546631,-0.11563513230609601,-0.009775280952453613,-0.15388202667236328,-0.0690653378896684,-0.09683200716972351,-0.08873015642166138,-0.09727985959577268,-0.10096913576126099,-0.029635250568389893,-0.09966596763658231,-0.08462443947792053,-0.020535051822662354,-0.1001365910105676,0.014004260301589966,-0.0983075499534607,-0.07356439333486264,-0.06470257043838501,-0.037587106227874756,-0.10198257666158383,-0.07618984580039978,0.00753098726272583,-0.09581430059003537,-0.06477579474449158,0.013560235500335693,-0.08872331481504148,0.02844378352165222,-0.03868246078491211,-0.08020915638732617,-0.027181953191757202,0.0009947419166564941,-0.10252655845212644,-0.040399521589279175,0.031755149364471436,-0.09864706348704999,-0.03247201442718506,0.04141116142272949,-0.09203577589320844
J,0.0,0.0,0.0,-0.051764726638793945,-0.03855264186859131,-0.027254315653010508,-0.09640410542488098,-0.06510460376739502,-0.05397865790979495,-0.12297806143760681,-0.0431937575340271,-0.07711156327383151,-0.12323826551437378,-0.0006237626075744629,-0.09981237221614947,-0.04707568883895874,-0.17827385663986206,-0.06708934772865405,-0.12446326017379761,-0.12434202432632446,-0.09571742136137118,-0.12945646047592163,-0.06515836715698242,-0.10497335214273562,-0.1155107319355011,-0.04271960258483887,-0.10981247443811526,-0.006183505058288574,-0.14115792512893677,-0.0711662383760654,-0.09748294949531555,-0.07616603374481201,-0.10018856693164935,-0.10727787017822266,-0.019940674304962158,-0.10278347004310717,-0.09890767931938171,-0.0070288777351379395,-0.10328026730672946,0.019721567630767822,-0.08099102973937988,-0.0762297274555408,-0.06573858857154846,-0.02185237407684326,-0.10471896696941485,-0.08260944485664368,0.01261758804321289,-0.10070390123979678,-0.0795309841632843,0.01594245433807373,-0.09528035540239443,0.03293740749359131,-0.01774996519088745,-0.08265382666246524,-0.033256322145462036,0.019516468048095703,-0.10434727240459551,-0.056037187576293945,0.0402752161026001,-0.10149567443983187,-0.06033360958099365,0.045374929904937744,-0.09644314516441455
J,0.0,0.0,0.0,-0.05888164043426514,-0.04707813262939453,-0.023341467311638553,-0.10666912794113159,-0.07786297798156738,-0.04875645757283564,-0.1398417353630066,-0.06489574909210205,-0.07098242983784075,-0.14095556735992432,-0.0241013765335083,-0.09221422270502444,-0.05733981728553772,-0.19544437527656555,-0.06600979313816424,-0.1386389434337616,-0.15054941177368164,-0.09307768539156314,-0.1465528905391693,-0.0877576470375061,-0.0986014713403165,-0.13552343845367432,-0.05824917554855347,-0.10086632863249179,-0.015235424041748047,-0.15545278787612915,-0.07236598775352832,-0.1097072958946228,-0.1020820140838623,-0.1006369327064931,-0.1226830780506134,-0.0429568886756897,-0.10021747246946688,-0.11667460203170776,-0.019906342029571533,-0.09829431370462771,0.011395514011383057,-0.09182453155517578,-0.07947402790750857,-0.07126671075820923,-0.04487842321395874,-0.11069985077347155,-0.0895242989063263,-0.010333538055419922,-0.10821552917923327,-0.08923202753067017,-0.0014409422874450684,-0.10348040953840609,0.02547740936279297,-0.02370387315750122,-0.08716790721382495,-0.022259145975112915,0.01763308048248291,-0.11293054715360995,-0.03728225827217102,0.04740309715270996,-0.11273587093319293,-0.03960698843002319,0.06134730577468872,-0.10922564909424182
J,0.0,0.0,0.0,-0.054774194955825806,-0.05520784854888916,-0.020020237350735215,-0.11222168803215027,-0.08928543329238892,-0.044841712498936204,-0.15561333298683167,-0.07197856903076172,-0.06691719048646405,-0.15644845366477966,-0.027819037437438965,-0.08750543200400784,-0.060191601514816284,-0.2012845277786255,-0.061907673412832764,-0.14923390746116638,-0.16966456174850464,-0.08664164149192288,-0.16055577993392944,-0.10554647445678711,-0.08902882241633847,-0.1471378207206726,-0.07677716016769409,-0.08951553159383252,-0.024602174758911133,-0.15859180688858032,-0.0684281831326814,-0.12531590461730957,-0.11587047576904297,-0.09450778567222073,-0.13395851850509644,-0.06494700908660889,-0.09234560483125165,-0.12250816822052002,-0.0532604455947876,-0.09063374453214124,-0.0026743412017822266,-0.09556347131729126,-0.07542035185721829,-0.08956852555274963,-0.05754697322845459,-0.10584710740474179,-0.10357725620269775,-0.024569332599639893,-0.10433804445889905,-0.10310888290405273,-0.021816551685333252,-0.10151512377885297,0.009582161903381348,-0.027925193309783936,-0.08244867079881146,-0.038943856954574585,0.0032772421836853027,-0.10760956459668591,-0.05016589164733887,0.03516364097595215,-0.10788519137528851,-0.05249860882759094,0.049331486225128174,-0.10587636583474591
J,0.0,0.0,0.0,-0.05224442481994629,-0.057057857513427734,-0.014036415625952259,-0.10145902633666992,-0.08900946378707886,-0.03858170147671558,-0.13924536108970642,-0.07371652126312256,-0.06178654219641544,-0.1549866795539856,-0.038960814476013184,-0.08512663330569126,-0.05329588055610657,-0.1935877799987793,-0.06451881911291935,-0.14521920680999756,-0.17046505212783813,-0.0925187939001546,-0.15463337302207947,-0.1150481104850769,-0.09732038017048694,-0.13931438326835632,-0.0864943265914917,-0.09893366183771946,-0.02019965648651123,-0.15484917163848877,-0.07554766025080539,-0.11879438161849976,-0.12667548656463623,-0.1051368587805257,-0.12885615229606628,-0.07724738121032715,-0.10357664014830448,-0.11986014246940613,-0.05928713083267212,-0.10156113888754703,0.0003758668899536133,-0.0935710072517395,-0.08662376042141773,-0.08560380339622498,-0.07379013299942017,-0.11951587583556034,-0.09923341870307922,-0.04342144727706909,-0.11855671044125415,-0.0985596776008606,-0.037615954875946045,-0.11627493288054325,0.012578129768371582,-0.02652209997177124,-0.09680025513901569,-0.042591989040374756,0.0027457475662231445,-0.12666913356318332,-0.059377819299697876,0.029863178730010986,-0.12981500710978366,-0.0649062991142273,0.03878146409988403,-0.12974559750094272
J,0.0,0.0,0.0,-0.049387216567993164,-0.05832195281982422,-0.01634911358411273,-0.09455820918083191,-0.09053647518157959,-0.042943353802513684,-0.13098320364952087,-0.07337749004364014,-0.06768756642992457,-0.14897802472114563,-0.03847813606262207,-0.09275903090889415,-0.04040297865867615,-0.18767422437667847,-0.07057172343189677,-0.12722048163414001,-0.1732783317565918,-0.09941694423611125,-0.14892882108688354,-0.11871880292892456,-0.10360610768253764,-0.14419782161712646,-0.0832018256187439,-0.10453418925459346,-0.011313021183013916,-0.14827382564544678,-0.08066746130640468,-0.10712099075317383,-0.13821685314178467,-0.11251496061737498,-0.1308225393295288,-0.08904421329498291,-0.1118147028988119,-0.13259828090667725,-0.06205737590789795,-0.10970951154882869,0.005970656871795654,-0.08760809898376465,-0.09057501241619548,-0.07941383123397827,-0.07966578006744385,-0.12477771475965937,-0.10421353578567505,-0.05028015375137329,-0.12501879319603404,-0.11324647068977356,-0.03830564022064209,-0.12308202967102488,0.01432579755783081,-0.02198052406311035,-0.09965166732723674,-0.03267529606819153,-0.0034921765327453613,-0.13035117372925242,-0.054543107748031616,0.017746925354003906,-0.13486668750698527,-0.0671420693397522,0.026314139366149902,-0.13584164068157634
J,0.0,0.0,0.0,-0.03796064853668213,-0.061755239963531494,-0.01653147896186624,-0.07769876718521118,-0.09765738248825073,-0.042037919511955124,-0.11314457654953003,-0.08674061298370361,-0.06562489305989061,-0.1341109573841095,-0.05265778303146362,-0.08874745701805864,-0.021210551261901855,-0.18552446365356445,-0.07173290883557115,-0.11325854063034058,-0.17785555124282837,-0.10108261590258394,-0.13580143451690674,-0.12564033269882202,-0.10273968463198457,-0.1310482621192932,-0.08666914701461792,-0.10113615577475343,0.004331231117248535,-0.1441594958305359,-0.08085195755020891,-0.09875980019569397,-0.1378745436668396,-0.11566931044117723,-0.12016561627388,-0.08639603853225708,-0.111884728422325,-0.11782956123352051,-0.0565800666809082,-0.10552457009808336,0.018761813640594482,-0.0836297869682312,-0.09006386285082613,-0.07266244292259216,-0.08501607179641724,-0.1251039135958365,-0.09795233607292175,-0.0573580265045166,-0.1206207502390555,-0.10477888584136963,-0.0446012020111084,-0.11390513961569582,0.024637341499328613,-0.018544912338256836,-0.09872965549485002,-0.021974027156829834,-0.007184624671936035,-0.1315751004721335,-0.04552179574966431,0.004195511341094971,-0.13698368554369722,-0.05798298120498657,0.007493436336517334,-0.13710669462935243
J,0.0,0.0,0.0,-0.04263201355934143,-0.059130311012268066,-0.013990747064980269,-0.07989203929901123,-0.09807759523391724,-0.03603258661243558,-0.11602023243904114,-0.09285300970077515,-0.05661921507928014,-0.1429474651813507,-0.0662381649017334,-0.0758955024859631,-0.024791300296783447,-0.19457471370697021,-0.0643915899774754,-0.11763530969619751,-0.18510252237319946,-0.09177832982751966,-0.13961952924728394,-0.12862437963485718,-0.09174647114488721,-0.13721591234207153,-0.08811694383621216,-0.08861581168386579,0.0012403130531311035,-0.15569555759429932,-0.07359010658475995,-0.10576879978179932,-0.1474887728691101,-0.10506157509300351,-0.12472012639045715,-0.08812117576599121,-0.0979703732511723,-0.11949378252029419,-0.05797743797302246,-0.08833017132494092,0.014092743396759033,-0.09581464529037476,-0.08309827677223325,-0.08256837725639343,-0.09437119960784912,-0.11494047872039914,-0.10613623261451721,-0.060713887214660645,-0.10664781860324979,-0.10807231068611145,-0.04859912395477295,-0.09657525948497891,0.017414867877960205,-0.03042393922805786,-0.09223751656028867,-0.036073386669158936,-0.015179097652435303,-0.12332096628162503,-0.058249592781066895,-0.004133284091949463,-0.12713567844841123,-0.0662347674369812,-0.002209484577178955,-0.12493661723348737
J,0.0,0.0,0.0,-0.03781646490097046,-0.05751931667327881,-0.016790248422466902,-0.0754576325416565,-0.09373950958251953,-0.041511781482540755,-0.11445492506027222,-0.09267938137054443,-0.06478793543442407,-0.145737886428833,-0.06993424892425537,-0.08793469142779031,-0.013199567794799805,-0.1859942078590393,-0.06209657338126817,-0.09859567880630493,-0.19109463691711426,-0.09059618037804285,-0.13170340657234192,-0.14143145084381104,-0.09682935845717111,-0.13542607426643372,-0.10420191287994385,-0.09914857518538156,0.009569287300109863,-0.1454838514328003,-0.07096071165665307,-0.08919504284858704,-0.15692776441574097,-0.10326782238348642,-0.12385183572769165,-0.10600030422210693,-0.10346377265318552,-0.1265927255153656,-0.07668542861938477,-0.1005157120214335,0.02038174867630005,-0.08716273307800293,-0.08033714812859216,-0.0706091821193695,-0.09734135866165161,-0.11190064620836893,-0.1041310727596283,-0.07233530282974243,-0.10989783328636804,-0.10990211367607117,-0.06414932012557983,-0.10570464652641931,0.022211968898773193,-0.02478313446044922,-0.08963238817318597,-0.030342936515808105,-0.021479547023773193,-0.11702921610935846,-0.05537968873977661,-0.01313936710357666,-0.12013848495348611,-0.06261858344078064,-0.01228487491607666,-0.11934461068972269
J,0.0,0.0,0.0,-0.029582560062408447,-0.06177687644958496,-0.011926737876905236,-0.06063464283943176,-0.10292685031890869,-0.03536935828842047,-0.09718978404998779,-0.11690354347229004,-0.058638154791964325,-0.12579599022865295,-0.11514443159103394,-0.08394440941728476,0.01075071096420288,-0.16190552711486816,-0.051932714211119446,-0.04491075873374939,-0.19432508945465088,-0.08292804591573599,-0.08609411120414734,-0.2084641456604004,-0.10090825639881018,-0.1145058274269104,-0.2112516164779663,-0.11195639454044226,0.018296658992767334,-0.12623584270477295,-0.061587034987582,-0.06286230683326721,-0.15758395195007324,-0.09044549547351721,-0.10765337944030762,-0.13637667894363403,-0.09217812054075125,-0.1281127631664276,-0.11613935232162476,-0.09116021476901892,0.012954890727996826,-0.07794189453125,-0.07216586105741385,-0.06450134515762329,-0.11600714921951294,-0.09746476941026572,-0.09771484136581421,-0.10463899374008179,-0.08833388172305945,-0.10838496685028076,-0.08942794799804688,-0.07885981284297827,-0.002223968505859375,-0.027889490127563477,-0.08352386884607199,-0.053171306848526,-0.0597071647644043,-0.10874327950395468,-0.08156627416610718,-0.07807546854019165,-0.10935363851703528,-0.09406399726867676,-0.09116548299789429,-0.10576096855319861
J,0.0,0.0,0.0,-0.02920699119567871,-0.06331616640090942,-0.009341940019169215,-0.05378758907318115,-0.10776662826538086,-0.028789706263580683,-0.08474895358085632,-0.1291462779045105,-0.04821458618704355,-0.11249005794525146,-0.1429964303970337,-0.06938104118768251,0.01906973123550415,-0.15788805484771729,-0.04480616535607851,-0.042717039585113525,-0.19118273258209229,-0.07105747397605455,-0.08608639240264893,-0.19102227687835693,-0.08411226953927553,-0.1140676736831665,-0.18177002668380737,-0.09225629057351625,0.02350485324859619,-0.12479513883590698,-0.05521672006312883,-0.054311543703079224,-0.16658443212509155,-0.08392958875361956,-0.09855762124061584,-0.14485907554626465,-0.08736522283021486,-0.12196111679077148,-0.12534648180007935,-0.0867668965047983,0.015794694423675537,-0.07808637619018555,-0.06623390849296129,-0.0470883846282959,-0.1274280548095703,-0.09379527505103624,-0.07430437207221985,-0.12834709882736206,-0.09114098336164034,-0.08604967594146729,-0.12707775831222534,-0.08596536304418123,-0.0016324520111083984,-0.03022325038909912,-0.07700789507094896,-0.04378312826156616,-0.061694324016571045,-0.10619076128665483,-0.06946030259132385,-0.08794975280761719,-0.11254531677428758,-0.08423718810081482,-0.1132553219795227,-0.1132249065822748
J,0.0,0.0,0.0,-0.008797287940979004,-0.06802195310592651,-0.00865048015783998,-0.030039548873901367,-0.11815100908279419,-0.026947516336250033,-0.06466063857078552,-0.14189034700393677,-0.04534932537298175,-0.09424775838851929,-0.15391391515731812,-0.06574163152198764,0.018229186534881592,-0.14256036281585693,-0.04766387058715793,-0.040928781032562256,-0.18039757013320923,-0.07284393472890827,-0.07736819982528687,-0.1917753517627716,-0.08437919182996723,-0.10248756408691406,-0.19725540280342102,-0.09135105027179691,0.014878988265991211,-0.105796217918396,-0.05704910992007228,-0.05322369933128357,-0.15174561738967896,-0.07965397401075336,-0.08527570962905884,-0.15805882215499878,-0.08024406744461032,-0.10383641719818115,-0.16536766290664673,-0.08041103495578739,0.00021588802337646484,-0.06447535753250122,-0.0668006346962926,-0.06179404258728027,-0.11119985580444336,-0.0898704783461568,-0.08494028449058533,-0.12536698579788208,-0.08371791554908725,-0.09654957056045532,-0.13681894540786743,-0.07761314822654697,-0.022583603858947754,-0.02665477991104126,-0.07675384296398136,-0.0631406307220459,-0.06336826086044312,-0.10305565161924335,-0.08406457304954529,-0.09552854299545288,-0.10725637091617557,-0.09699645638465881,-0.12495839595794678,-0.10698544545392963
J,0.0,0.0,0.0,-0.026977062225341797,-0.05524468421936035,-0.008866729310625487,-0.04500967264175415,-0.10723727941513062,-0.022403447984629565,-0.06463536620140076,-0.138258159160614,-0.03518547779219716,-0.08427125215530396,-0.1619824767112732,-0.049190594910555774,0.016041934490203857,-0.14738398790359497,-0.036342620014124805,-0.03431093692779541,-0.1863088607788086,-0.05994252776997655,-0.07063007354736328,-0.20361661911010742,-0.07584844073551267,-0.09885704517364502,-0.2112206518650055,-0.08577754637497037,0.017916500568389893,-0.11987084150314331,-0.04387959754365056,-0.038329899311065674,-0.16863036155700684,-0.06266480228202909,-0.07354164123535156,-0.18707799911499023,-0.07012085160511106,-0.10010141134262085,-0.19786688685417175,-0.07629018565910428,0.007949352264404297,-0.08463460206985474,-0.05194204962151616,-0.046054720878601074,-0.1342204213142395,-0.07092085769670575,-0.0773165225982666,-0.1580013632774353,-0.0725619225789842,-0.10010430216789246,-0.17405545711517334,-0.07309915414350598,-0.01173180341720581,-0.045876145362854004,-0.060238170533352786,-0.05108526349067688,-0.08688205480575562,-0.0808794154812631,-0.0752459466457367,-0.11733394861221313,-0.08575336924093335,-0.09264135360717773,-0.14307117462158203,-0.08720652302997678
J,0.0,0.0,0.0,-0.01999497413635254,-0.05171811580657959,-0.01613960265581227,-0.04206746816635132,-0.10119891166687012,-0.033842472726746564,-0.07067471742630005,-0.134479820728302,-0.049132334435626035,-0.09449654817581177,-0.1631704568862915,-0.06494961901967145,0.015602469444274902,-0.13795292377471924,-0.047699967766448026,-0.035607337951660156,-0.18298077583312988,-0.07357210143868542,-0.07215255498886108,-0.20126423239707947,-0.09032330139939404,-0.10033613443374634,-0.21206605434417725,-0.10104458257023907,0.015176713466644287,-0.11288660764694214,-0.05160976051752186,-0.041321754455566406,-0.16192340850830078,-0.07267614677016354,-0.07598960399627686,-0.18204903602600098,-0.08083506151501751,-0.10311943292617798,-0.19648733735084534,-0.08816379531685925,0.003124058246612549,-0.08165872097015381,-0.0562897570378027,-0.050481319427490234,-0.12616807222366333,-0.07762102260653592,-0.08041873574256897,-0.1512565016746521,-0.08042207583253003,-0.10348066687583923,-0.1696881651878357,-0.08195232077900982,-0.017689645290374756,-0.04850912094116211,-0.06161413937275029,-0.05518019199371338,-0.08977913856506348,-0.08488918318812466,-0.07871231436729431,-0.120006263256073,-0.09174404516284085,-0.09691131114959717,-0.1439896821975708,-0.09465766921107388
J,0.0,0.0,0.0,-0.011762738227844238,-0.055311739444732666,-0.010746884666119172,-0.03277719020843506,-0.10974061489105225,-0.02473802356395538,-0.06355312466621399,-0.14507639408111572,-0.03708889386031444,-0.08858910202980042,-0.17193865776062012,-0.05033097839329059,0.01834207773208618,-0.13539469242095947,-0.03748725405309017,-0.03601044416427612,-0.18190225958824158,-0.05935328876945789,-0.07321527600288391,-0.20048391819000244,-0.07345914891335781,-0.09977886080741882,-0.21208471059799194,-0.082159594207738,0.015629470348358154,-0.10756063461303711,-0.041709006339047505,-0.044780433177948,-0.15350580215454102,-0.05957257798287685,-0.07895374298095703,-0.1741868257522583,-0.06731718084189708,-0.10345232486724854,-0.18900945782661438,-0.07420963844630535,0.002274453639984131,-0.07745158672332764,-0.04624566858980472,-0.0547252893447876,-0.12052959203720093,-0.06370241990659053,-0.0853150486946106,-0.14665406942367554,-0.06642516753051098,-0.10694828629493713,-0.16600722074508667,-0.06802152892920788,-0.017908036708831787,-0.04862654209136963,-0.05089829540226276,-0.059566497802734375,-0.08818894624710083,-0.06859562596652324,-0.08200585842132568,-0.11535036563873291,-0.07326234927747066,-0.09766238927841187,-0.1377413272857666,-0.07514648190114315
J,0.0,0.0,0.0,-0.034470587968826294,-0.05730295181274414,-0.012016745292697806,-0.05217573046684265,-0.11153256893157959,-0.025163630032096762,-0.06919848918914795,-0.14513027667999268,-0.03711313010111894,-0.08439922332763672,-0.17699390649795532,-0.049398526557837386,0.024748802185058594,-0.14455455541610718,-0.030758881949935812,-0.025565385818481445,-0.18496793508529663,-0.05197878182784166,-0.061545372009277344,-0.20333778858184814,-0.06867190451279725,-0.08840006589889526,-0.21653729677200317,-0.07985511423007097,0.02558380365371704,-0.11877351999282837,-0.035406410702620406,-0.03165078163146973,-0.1611226201057434,-0.052398987122927565,-0.06692087650299072,-0.18237417936325073,-0.0628410130824193,-0.09320235252380371,-0.20060867071151733,-0.0718357041563138,0.01515728235244751,-0.08946067094802856,-0.041026197382365126,-0.040482521057128906,-0.13176167011260986,-0.058218613275442976,-0.07214200496673584,-0.1577662229537964,-0.06225732342258539,-0.09532374143600464,-0.17825746536254883,-0.06476666034117784,-0.003680586814880371,-0.05868685245513916,-0.04726672173396196,-0.04625973105430603,-0.10125845670700073,-0.06504193694249238,-0.07092630863189697,-0.12850308418273926,-0.06964323670521821,-0.08826589584350586,-0.15052419900894165,-0.07123561949387636
J,0.0,0.0,0.0,-0.02462667226791382,-0.060093462467193604,-0.01074981928823604,-0.04305949807167053,-0.1210210919380188,-0.021679125325960058,-0.0669630765914917,-0.15908581018447876,-0.03220003803281202,-0.08660906553268433,-0.19142618775367737,-0.04322427098659887,0.022568106651306152,-0.14955472946166992,-0.022739907326382536,-0.030368447303771973,-0.18862414360046387,-0.04154351686148061,-0.06693446636199951,-0.20607906579971313,-0.05606659461764707,-0.09200602769851685,-0.21656498312950134,-0.0657212245932044,0.02027839422225952,-0.12199240922927856,-0.02745372389463796,-0.0376511812210083,-0.1641485095024109,-0.04217616056112661,-0.0732114315032959,-0.1858966052532196,-0.05154328380731954,-0.09972894191741943,-0.20426732301712036,-0.059612940596622366,0.008242309093475342,-0.09061259031295776,-0.03357648809461011,-0.04792076349258423,-0.1338014006614685,-0.05029995699433698,-0.0801500678062439,-0.16159063577651978,-0.05467939709333791,-0.1034732460975647,-0.18510624766349792,-0.05723939050940885,-0.011343240737915039,-0.05893605947494507,-0.04020406265763654,-0.05373162031173706,-0.10129612684249878,-0.05828175281195058,-0.0780232846736908,-0.12882274389266968,-0.0636627409329833,-0.09495103359222412,-0.1523573398590088,-0.06574039493708028
J,0.0,0.0,0.0,-0.030806422233581543,-0.06071662902832031,-0.01095080913108859,-0.049872636795043945,-0.11969214677810669,-0.022414579773965215,-0.0732482373714447,-0.1561378836631775,-0.03370950908464465,-0.09242463111877441,-0.18656432628631592,-0.04516137556237254,0.019868671894073486,-0.15599125623703003,-0.022332306737723684,-0.031218230724334717,-0.19518381357192993,-0.04268064142269168,-0.06599247455596924,-0.2127533257007599,-0.05886204333108935,-0.09097316861152649,-0.2255043089389801,-0.06991083339852366,0.019368648529052734,-0.13323962688446045,-0.027596542398157453,-0.039395153522491455,-0.17255443334579468,-0.04511761085194621,-0.07311466336250305,-0.19232690334320068,-0.05619641930860553,-0.09833735227584839,-0.21121448278427124,-0.06512882725400004,0.009555518627166748,-0.10439616441726685,-0.034607199738445615,-0.04794341325759888,-0.14668995141983032,-0.053515059659901,-0.0799219012260437,-0.17393046617507935,-0.05908341870707545,-0.10298788547515869,-0.19835257530212402,-0.061970038125934934,-0.00842064619064331,-0.07376980781555176,-0.04233130232495341,-0.048498839139938354,-0.11787921190261841,-0.06253829018277202,-0.0722595751285553,-0.14913618564605713,-0.06978973166150126,-0.08884042501449585,-0.17778444290161133,-0.07294698224467311
J,0.0,0.0,0.0,-0.01962834596633911,-0.0630144476890564,-0.015184688022145565,-0.03808540105819702,-0.12473952770233154,-0.02963329536260062,-0.06675785779953003,-0.16361111402511597,-0.04311630000711375,-0.0899253785610199,-0.19889497756958008,-0.057352642169007595,0.026374876499176025,-0.1585369110107422,-0.030860746850976284,-0.026906251907348633,-0.19440048933029175,-0.053029703547963436,-0.06397563219070435,-0.21108591556549072,-0.07016753648758822,-0.09037986397743225,-0.22371965646743774,-0.0827592263126462,0.02454400062561035,-0.12770986557006836,-0.03575262670756274,-0.037568598985672,-0.16513311862945557,-0.056617556711444195,-0.0733138918876648,-0.18053340911865234,-0.06979763006211215,-0.09902414679527283,-0.19470876455307007,-0.08128561322928363,0.01328355073928833,-0.09036803245544434,-0.04243403916598254,-0.04847532510757446,-0.12985163927078247,-0.06562709306717807,-0.08327159285545349,-0.14989274740219116,-0.07346176599503451,-0.10732436180114746,-0.1660822033882141,-0.07833288108349734,-0.00564122200012207,-0.05354869365692139,-0.04974743594766551,-0.04906842112541199,-0.09882056713104248,-0.0745928684377759,-0.07559946179389954,-0.1306213140487671,-0.08499167357922488,-0.09366041421890259,-0.15890908241271973,-0.09105890487671786
J,0.0,0.0,0.0,-0.028051316738128662,-0.06215965747833252,-0.016229624460891046,-0.04777631163597107,-0.11940830945968628,-0.03196188115651921,-0.07323330640792847,-0.15678143501281738,-0.04642041453297452,-0.09105876088142395,-0.1946796178817749,-0.06128681131775693,0.026559948921203613,-0.15539228916168213,-0.03133302607710675,-0.027862071990966797,-0.19636458158493042,-0.05429331266458348,-0.06545954942703247,-0.21454423666000366,-0.07188798540408925,-0.09055620431900024,-0.2260153889656067,-0.08374460839803533,0.027126729488372803,-0.12735390663146973,-0.035234518881395616,-0.034026533365249634,-0.17152345180511475,-0.055051714714124955,-0.0712805986404419,-0.19297432899475098,-0.06773884647662953,-0.09787511825561523,-0.21046069264411926,-0.07822702133233861,0.016869664192199707,-0.09443843364715576,-0.040928859795883454,-0.04297098517417908,-0.1385096311569214,-0.061668411429479875,-0.07766604423522949,-0.1667373776435852,-0.06843178027446584,-0.10219979286193848,-0.19094079732894897,-0.07274410181815938,-0.0014523863792419434,-0.060567498207092285,-0.04747733899529294,-0.04538774490356445,-0.10165274143218994,-0.06839051895912007,-0.07005849480628967,-0.13010525703430176,-0.07562860154683904,-0.0865340530872345,-0.15538042783737183,-0.07924854808624104
J,0.0,0.0,0.0,-0.03011167049407959,-0.06394720077514648,-0.012037190658816144,-0.05034375190734863,-0.12276232242584229,-0.02530150493032579,-0.07472476363182068,-0.16100728511810303,-0.03795152721352224,-0.09319695830345154,-0.19710677862167358,-0.051159111833044335,0.025258958339691162,-0.15480303764343262,-0.028370998849936768,-0.030320584774017334,-0.1947389841079712,-0.048891050791212365,-0.06793376803398132,-0.21153852343559265,-0.06426521581954603,-0.09275978803634644,-0.2213292121887207,-0.0751925129944766,0.024400055408477783,-0.12781333923339844,-0.03372026053614263,-0.0392356812953949,-0.16888153553009033,-0.05169692826814298,-0.07498055696487427,-0.1857990026473999,-0.0625112373883212,-0.1000785231590271,-0.20087429881095886,-0.07227464956588392,0.013136684894561768,-0.09501570463180542,-0.04057194111294393,-0.04924112558364868,-0.1383097767829895,-0.06067242292112951,-0.0835176408290863,-0.1644449234008789,-0.06702553672141676,-0.10765513777732849,-0.18736010789871216,-0.07164970976657514,-0.006203114986419678,-0.06147283315658569,-0.04789655101842527,-0.04835778474807739,-0.10522693395614624,-0.07089774501866941,-0.07219839096069336,-0.13808465003967285,-0.08067112607307081,-0.08823928236961365,-0.16912400722503662,-0.08638701034135465
J,0.0,0.0,0.0,-0.024749577045440674,-0.05636858940124512,-0.024815701033219284,-0.046374738216400146,-0.11205130815505981,-0.04270584703539271,-0.07535052299499512,-0.15160083770751953,-0.057548372159942573,-0.09320923686027527,-0.19237762689590454,-0.07228410066221613,0.023582279682159424,-0.147705078125,-0.04048833445762057,-0.030967354774475098,-0.19171035289764404,-0.06439329506014246,-0.06843999028205872,-0.21164649724960327,-0.08175331176374812,-0.09498926997184753,-0.22550910711288452,-0.09394300551269907,0.020621657371520996,-0.12283885478973389,-0.0400542338297214,-0.0412449836730957,-0.16593044996261597,-0.06238548279856104,-0.07732793688774109,-0.18658983707427979,-0.07638550371979136,-0.10353511571884155,-0.20446524024009705,-0.08818268598173518,0.008185207843780518,-0.09210765361785889,-0.04197104097460169,-0.05270525813102722,-0.1311570405960083,-0.06522749931667704,-0.08693709969520569,-0.15222948789596558,-0.07397528560017008,-0.11179769039154053,-0.1715303659439087,-0.07971945227239985,-0.011046409606933594,-0.06084942817687988,-0.045481989245161,-0.0527348518371582,-0.09386414289474487,-0.06919964225147623,-0.07759678363800049,-0.11649900674819946,-0.07968843550537485,-0.0956794023513794,-0.13795101642608643,-0.08597401351784129
J,0.0,0.0,0.0,-0.028045594692230225,-0.057955920696258545,-0.01956182504599724,-0.048415303230285645,-0.11363226175308228,-0.03560191738014851,-0.07266160845756531,-0.1519320011138916,-0.049301434034163094,-0.08888059854507446,-0.19242680072784424,-0.06308473246699009,0.02673208713531494,-0.14844608306884766,-0.03514971556668911,-0.027216315269470215,-0.18966370820999146,-0.05673867064123783,-0.06468909978866577,-0.20773351192474365,-0.07280730056172047,-0.09040212631225586,-0.22038471698760986,-0.08372070240383778,0.02787923812866211,-0.12182962894439697,-0.03613192188149128,-0.032889991998672485,-0.16099369525909424,-0.05468472438460026,-0.06929221749305725,-0.17965835332870483,-0.06583537506466541,-0.09544152021408081,-0.19384461641311646,-0.07544768201714191,0.01808840036392212,-0.09087038040161133,-0.038895133608633614,-0.04131022095680237,-0.1270262598991394,-0.05774961012011204,-0.07527607679367065,-0.15120995044708252,-0.06359611051684055,-0.10013708472251892,-0.1715068817138672,-0.06770114200716648,0.00048613548278808594,-0.05929100513458252,-0.04288412603145275,-0.04438617825508118,-0.09172379970550537,-0.0626831387222353,-0.06961345672607422,-0.11531424522399902,-0.06995856361990604,-0.08721193671226501,-0.13589078187942505,-0.07372521209126148
J,0.0,0.0,0.0,-0.02422994375228882,-0.057450175285339355,-0.011989288749191473,-0.0466267466545105,-0.11895591020584106,-0.02379104753026695,-0.07317698001861572,-0.159812331199646,-0.03458789621481628,-0.09375748038291931,-0.19452005624771118,-0.04567889009604187,0.019515275955200195,-0.15033572912216187,-0.024789497973415564,-0.033166587352752686,-0.19345161318778992,-0.04337634031662674,-0.06953832507133484,-0.21224650740623474,-0.0576242606807682,-0.09562313556671143,-0.2227802872657776,-0.06701556478628845,0.016533493995666504,-0.12519288063049316,-0.028561950447056006,-0.04059353470802307,-0.1721438765525818,-0.0424400705564949,-0.0751849114894867,-0.1956835687160492,-0.05087351684460373,-0.10164546966552734,-0.21351242065429688,-0.058420981066319655,0.0037551522254943848,-0.0955878496170044,-0.03371182714590759,-0.051069825887680054,-0.14232200384140015,-0.04911279936322899,-0.08197388052940369,-0.17235440015792847,-0.05236388255843849,-0.10481423139572144,-0.196852445602417,-0.05449897308835716,-0.01676321029663086,-0.06488466262817383,-0.03952318315396042,-0.05816471576690674,-0.10868632793426514,-0.05731610839256973,-0.0805327296257019,-0.13832658529281616,-0.062296977983805846,-0.09604808688163757,-0.16320288181304932,-0.06406392042526932
J,0.0,0.0,0.0,-0.012478113174438477,-0.06225532293319702,-0.01680072445459757,-0.03227478265762329,-0.11762470006942749,-0.03285803508050833,-0.06386938691139221,-0.15404975414276123,-0.04749914120920096,-0.08728402853012085,-0.18814301490783691,-0.0628428445387641,0.022701621055603027,-0.15090715885162354,-0.03279073398597632,-0.03068995475769043,-0.19062519073486328,-0.05623951789029036,-0.06761473417282104,-0.2083488404750824,-0.07430530201681051,-0.09304007887840271,-0.2225286364555359,-0.08682665091045294,0.018020331859588623,-0.12115591764450073,-0.03636072065718565,-0.04347065091133118,-0.16047990322113037,-0.05697357516773138,-0.07831233739852905,-0.18296563625335693,-0.07037328045852576,-0.10276824235916138,-0.20293334126472473,-0.08184334497936163,0.004438340663909912,-0.08652174472808838,-0.041773105524853804,-0.055408596992492676,-0.12347835302352905,-0.06269466739185248,-0.08716750144958496,-0.1505630612373352,-0.07030750673301611,-0.10945457220077515,-0.17479676008224487,-0.07555564355142508,-0.015401303768157959,-0.052502989768981934,-0.04806370522864256,-0.05857411026954651,-0.08584201335906982,-0.06841467183120642,-0.08192002773284912,-0.11063981056213379,-0.07594557713754568,-0.09840303659439087,-0.1339464783668518,-0.08040623229034338
J,0.0,0.0,0.0,-0.023495852947235107,-0.06110429763793945,-0.010640038798158002,-0.04416164755821228,-0.1196555495262146,-0.02322470551968081,-0.07061302661895752,-0.15656936168670654,-0.035199358748798204,-0.0925714373588562,-0.18954259157180786,-0.047922596024875475,0.017486274242401123,-0.1513751745223999,-0.02804706587136252,-0.034760475158691406,-0.19094282388687134,-0.04767334802687628,-0.07106280326843262,-0.2093304693698883,-0.06207673965633376,-0.09687960147857666,-0.22213426232337952,-0.07211047752440436,0.01629054546356201,-0.1227266788482666,-0.033597666459684206,-0.04309055209159851,-0.16379451751708984,-0.04997924311697943,-0.07745781540870667,-0.18267983198165894,-0.05874156548321707,-0.10206052660942078,-0.19894075393676758,-0.06662973357975943,0.00423663854598999,-0.08900600671768188,-0.04031381725013716,-0.05351176857948303,-0.13022702932357788,-0.05836421965301497,-0.08509770035743713,-0.15579241514205933,-0.062328174399738145,-0.10747843980789185,-0.1775692105293274,-0.0648864392811106,-0.01613551378250122,-0.054827749729156494,-0.04739101945102675,-0.059411704540252686,-0.09271246194839478,-0.06696450306714041,-0.08368685841560364,-0.11940246820449829,-0.07293948872626288,-0.10038471221923828,-0.14275133609771729,-0.07571904702723486
J,0.0,0.0,0.0,-0.0172044038772583,-0.060076773166656494,-0.012424506864093132,-0.03715208172798157,-0.11340218782424927,-0.027465603931389637,-0.0659281313419342,-0.1476028561592102,-0.041545550955973454,-0.0896134078502655,-0.17783135175704956,-0.05655409736796457,0.020209848880767822,-0.14654898643493652,-0.033320165856324024,-0.03335988521575928,-0.1879660189151764,-0.05641218988462526,-0.07066366076469421,-0.20642220973968506,-0.07317924468084414,-0.09755158424377441,-0.21959525346755981,-0.08447588948770601,0.01886826753616333,-0.11805516481399536,-0.03882227806612093,-0.04250448942184448,-0.16115015745162964,-0.058709095849238224,-0.07757028937339783,-0.1794772744178772,-0.06945200233026583,-0.10227563977241516,-0.1936168670654297,-0.07873151419921953,0.006867051124572754,-0.08456331491470337,-0.04558464108272631,-0.05218788981437683,-0.1270776391029358,-0.0657514330582245,-0.084605872631073,-0.15144461393356323,-0.07082673130794603,-0.1071343719959259,-0.17172962427139282,-0.07419105587764818,-0.012840569019317627,-0.05073428153991699,-0.05280237613483507,-0.05533704161643982,-0.08808332681655884,-0.07291175393625338,-0.07916334271430969,-0.11459368467330933,-0.0794170123176201,-0.09548899531364441,-0.13854557275772095,-0.08294562218948442
J,0.0,0.0,0.0,-0.016495466232299805,-0.05481189489364624,-0.016660135661936692,-0.039080142974853516,-0.11159557104110718,-0.03190803942618459,-0.06962692737579346,-0.14867651462554932,-0.045011517083025865,-0.09282797574996948,-0.18156683444976807,-0.05847442937431424,0.01623016595840454,-0.14715176820755005,-0.03485903186140149,-0.0346871018409729,-0.18971747159957886,-0.05640505296526044,-0.07165992259979248,-0.2080647349357605,-0.07154578012762158,-0.0980730652809143,-0.22025218605995178,-0.08117497754631131,0.01489943265914917,-0.12039995193481445,-0.03645086330709546,-0.043886035680770874,-0.16200530529022217,-0.0529532697552213,-0.07789987325668335,-0.1822981834411621,-0.060463242655373506,-0.10264834761619568,-0.198586106300354,-0.06689900202093213,0.0030921101570129395,-0.08913666009902954,-0.03954874393878072,-0.0542488694190979,-0.12774807214736938,-0.055955436503268174,-0.08280405402183533,-0.1508888602256775,-0.0571264330798158,-0.10298818349838257,-0.17029452323913574,-0.05736387935814946,-0.015607059001922607,-0.05726420879364014,-0.04370884639558881,-0.05812516808509827,-0.09386742115020752,-0.06127495360908597,-0.08029177784919739,-0.11740189790725708,-0.0648425225668916,-0.09591749310493469,-0.13725048303604126,-0.06529369992551892
J,0.0,0.0,0.0,-0.008198857307434082,-0.05592387914657593,-0.01332452762355274,-0.028773069381713867,-0.10972654819488525,-0.0290793884493894,-0.06417810916900635,-0.14219391345977783,-0.04331593550224966,-0.09314534068107605,-0.16970878839492798,-0.05849569625635809,0.021815896034240723,-0.1427585482597351,-0.03719459063788122,-0.03282344341278076,-0.1863189935684204,-0.05915806777258581,-0.07035607099533081,-0.20478284358978271,-0.07376263252874082,-0.09734585881233215,-0.2173767387866974,-0.08368457816024488,0.017864882946014404,-0.11440211534500122,-0.041714012245137155,-0.044483959674835205,-0.15836352109909058,-0.06186715103169149,-0.07781928777694702,-0.17673659324645996,-0.07207680455823606,-0.10198289155960083,-0.19065281748771667,-0.08077169917007154,0.003026425838470459,-0.08193087577819824,-0.047074962029654444,-0.056415557861328125,-0.1255757212638855,-0.06770415566344923,-0.08642491698265076,-0.15166014432907104,-0.07299848608155912,-0.10740315914154053,-0.17237085103988647,-0.07609367332835859,-0.019430041313171387,-0.050958335399627686,-0.05267810038705534,-0.06180483102798462,-0.09179025888442993,-0.07390481940885252,-0.08458477258682251,-0.12174004316329956,-0.08138295225282377,-0.1002206802368164,-0.14837008714675903,-0.0852917876042909
J,0.0,0.0,0.0,-0.024254560470581055,-0.05253612995147705,-0.01756340036529025,-0.048354536294937134,-0.11033928394317627,-0.03294954220193347,-0.0773938000202179,-0.14889752864837646,-0.04594816038745364,-0.09991753101348877,-0.18583250045776367,-0.05893869469302615,0.0165749192237854,-0.1482069492340088,-0.03405542070406398,-0.03525608777999878,-0.19091367721557617,-0.05494448313849887,-0.0723285973072052,-0.20849406719207764,-0.07023319000738582,-0.09906768798828125,-0.21986502408981323,-0.08022122973936519,0.01538020372390747,-0.12129080295562744,-0.03532266760605296,-0.04427081346511841,-0.16234862804412842,-0.05165606508391818,-0.07749578356742859,-0.18295776844024658,-0.060203028418001736,-0.10168546438217163,-0.2009410262107849,-0.06765160853403529,0.0032348036766052246,-0.09032195806503296,-0.03817431027430018,-0.05458277463912964,-0.1307969093322754,-0.0548400222732397,-0.08353790640830994,-0.15635478496551514,-0.05801701689499339,-0.10436424612998962,-0.17910224199295044,-0.05982535848754367,-0.016406476497650146,-0.05873650312423706,-0.042058659292635525,-0.05996885895729065,-0.09891897439956665,-0.059896235860762204,-0.08263829350471497,-0.12531906366348267,-0.06478480393427333,-0.0977482795715332,-0.14815372228622437,-0.06648595774906596
J,0.0,0.0,0.0,-0.011006414890289307,-0.0603485107421875,-0.009220776910353834,-0.03007596731185913,-0.1180543303489685,-0.02232348343210333,-0.05829694867134094,-0.1544560194015503,-0.03497348522620314,-0.08323737978935242,-0.18197256326675415,-0.048723766411114866,0.023620426654815674,-0.14946633577346802,-0.03279013728575819,-0.031346023082733154,-0.18684405088424683,-0.0544394346125614,-0.068756103515625,-0.20263671875,-0.06877502968387716,-0.09425485134124756,-0.21407175064086914,-0.07869126072006338,0.02211761474609375,-0.11936444044113159,-0.03917012905554884,-0.04294535517692566,-0.15599149465560913,-0.05871727859454268,-0.07773056626319885,-0.17148417234420776,-0.06775500049667471,-0.10166409611701965,-0.18653523921966553,-0.07588053664045447,0.009828627109527588,-0.08480936288833618,-0.04637206515150183,-0.051952630281448364,-0.12336522340774536,-0.06736263057069891,-0.08438390493392944,-0.14875030517578125,-0.07222867181377524,-0.10647037625312805,-0.16893017292022705,-0.07516924461202734,-0.009990811347961426,-0.051013410091400146,-0.05358317663745993,-0.053720057010650635,-0.09047180414199829,-0.07603676786499136,-0.0787142813205719,-0.12123763561248779,-0.08456660231428259,-0.09589815139770508,-0.14833331108093262,-0.08919152041750067
J,0.0,0.0,0.0,-0.007742822170257568,-0.06662684679031372,-0.007592831628642216,-0.03108978271484375,-0.12827545404434204,-0.02194901637943758,-0.0658825933933258,-0.1678871512413025,-0.03594580188604368,-0.09683498740196228,-0.19436809420585632,-0.05161176517816557,0.007506012916564941,-0.15114343166351318,-0.03979184746953024,-0.04744577407836914,-0.19184443354606628,-0.06212276861282362,-0.08476996421813965,-0.20603495836257935,-0.07272558555217756,-0.11237883567810059,-0.21046799421310425,-0.07890058949800505,0.005189776420593262,-0.11652582883834839,-0.04759220674844755,-0.06375983357429504,-0.16337227821350098,-0.06768206402870192,-0.10195103287696838,-0.16156893968582153,-0.07042256638618483,-0.12214994430541992,-0.156330406665802,-0.07281740650745405,-0.007549643516540527,-0.07586508989334106,-0.05556853011461271,-0.0725574791431427,-0.12366896867752075,-0.07647112652870192,-0.10637474060058594,-0.12855613231658936,-0.07499431714626326,-0.1231229305267334,-0.12694144248962402,-0.07288944617124571,-0.02745509147644043,-0.03672081232070923,-0.06315046444746031,-0.0799378752708435,-0.07470941543579102,-0.08419246122451796,-0.10969126224517822,-0.09426724910736084,-0.08764829382511152,-0.12758973240852356,-0.10750043392181396,-0.08802039817186369
J,0.0,0.0,0.0,-0.009868621826171875,-0.06357216835021973,-0.006979832632595162,-0.03817480802536011,-0.12220579385757446,-0.023122951129579405,-0.07518911361694336,-0.1574307084083557,-0.03836270023336397,-0.10918721556663513,-0.17833596467971802,-0.055362470189237456,0.0027931928634643555,-0.15609604120254517,-0.04962756086339937,-0.05454832315444946,-0.1925491988658905,-0.07494319949498163,-0.09499046206474304,-0.20099493861198425,-0.08631414894213663,-0.12503120303153992,-0.20015594363212585,-0.09408631149878488,0.004009068012237549,-0.12041300535202026,-0.059853639194869857,-0.07375851273536682,-0.16279953718185425,-0.0869640332852839,-0.11585956811904907,-0.14390027523040771,-0.09065671239247308,-0.1382557451725006,-0.12783008813858032,-0.0928989795242785,-0.00768589973449707,-0.07547307014465332,-0.06971415851464258,-0.08648177981376648,-0.11642450094223022,-0.0971273702775477,-0.12107387185096741,-0.1058194637298584,-0.09545748654952035,-0.13556399941444397,-0.09560894966125488,-0.09248200033059106,-0.0278511643409729,-0.03070390224456787,-0.07877779726138101,-0.09179311990737915,-0.06131941080093384,-0.1069191393648623,-0.12980160117149353,-0.07936513423919678,-0.11400596026530252,-0.15289658308029175,-0.09561854600906372,-0.11686106000294672
J,0.0,0.0,0.0,-0.015040993690490723,-0.06126272678375244,-0.009459419082531895,-0.04503646492958069,-0.11221277713775635,-0.028400370757708515,-0.08294504880905151,-0.1431174874305725,-0.046767324115762676,-0.11631244421005249,-0.16053175926208496,-0.06566719328952786,0.004593551158905029,-0.1619856357574463,-0.050094853993186916,-0.06518027186393738,-0.1952473521232605,-0.07569694137168881,-0.10577109456062317,-0.17809510231018066,-0.08395377164674755,-0.12404987215995789,-0.1547645926475525,-0.08834053939176556,0.00902622938156128,-0.12593436241149902,-0.05979974558545109,-0.07795864343643188,-0.166192889213562,-0.08850364005161282,-0.11521190404891968,-0.12976473569869995,-0.08948476975751873,-0.12360775470733643,-0.10141092538833618,-0.0879638305862045,0.0005767345428466797,-0.07892310619354248,-0.06959882741762158,-0.08528485894203186,-0.11918002367019653,-0.09794237082792279,-0.12041589617729187,-0.0976489782333374,-0.09335900461269375,-0.1280936598777771,-0.0800371766090393,-0.08697410291028973,-0.016307532787322998,-0.031096458435058594,-0.07894497727943417,-0.08483120799064636,-0.05889219045639038,-0.10635306304288861,-0.12276297807693481,-0.07067954540252686,-0.11102072512699124,-0.1415732204914093,-0.08159410953521729,-0.11107081538034436
J,0.0,0.0,0.0,-0.002655327320098877,-0.06671839952468872,-0.009860737918415907,-0.029210031032562256,-0.12014490365982056,-0.027344164176383856,-0.06760075688362122,-0.1504662036895752,-0.04328362710634792,-0.0994570255279541,-0.16274875402450562,-0.059449412597814444,0.007808983325958252,-0.16006183624267578,-0.05807043306390369,-0.06642335653305054,-0.18457400798797607,-0.08059356056014622,-0.10928511619567871,-0.1636643409729004,-0.08219717137376392,-0.13055968284606934,-0.13814634084701538,-0.08221622250835026,0.008156120777130127,-0.12223172187805176,-0.0675841390327605,-0.07921311259269714,-0.1647312045097351,-0.09504225544492328,-0.11527144908905029,-0.12694472074508667,-0.0900530859069022,-0.1247011125087738,-0.09487348794937134,-0.08369578115502918,-0.0026547908782958984,-0.0750190019607544,-0.07673850349942768,-0.08661654591560364,-0.11726617813110352,-0.10562810741225803,-0.11833646893501282,-0.09542971849441528,-0.09713875196734989,-0.12527424097061157,-0.07502233982086182,-0.0875687941149863,-0.02083146572113037,-0.026446104049682617,-0.08523581616441334,-0.08353862166404724,-0.05102139711380005,-0.11512478135387028,-0.12045133113861084,-0.06469422578811646,-0.11908033929626072,-0.14212816953659058,-0.07657051086425781,-0.11805850706855381
J,0.0,0.0,0.0,-0.005074024200439453,-0.06576240062713623,-0.014259235219014954,-0.034457504749298096,-0.1300017237663269,-0.031143740967763733,-0.07214546203613281,-0.16949623823165894,-0.04508292603577502,-0.10295870900154114,-0.19628828763961792,-0.05997705388153918,0.0036699771881103516,-0.1544201374053955,-0.059405095160855126,-0.06168195605278015,-0.18272334337234497,-0.08205062079514391,-0.10355532169342041,-0.17761266231536865,-0.08585815060223467,-0.1302529275417328,-0.16585934162139893,-0.08805572915161974,0.004850149154663086,-0.11314195394515991,-0.0657661401041878,-0.08200651407241821,-0.14400643110275269,-0.09203082251633532,-0.11832612752914429,-0.10735303163528442,-0.08869329023445971,-0.12944340705871582,-0.07805275917053223,-0.08530988472784884,-0.004231691360473633,-0.06322336196899414,-0.07227788049067385,-0.08776313066482544,-0.09226363897323608,-0.09993480074490435,-0.12166696786880493,-0.07603245973587036,-0.09468214887465365,-0.1324498951435089,-0.06257343292236328,-0.08904011476124651,-0.019156813621520996,-0.01412421464920044,-0.07842227000082858,-0.08296582102775574,-0.030376732349395752,-0.10493134635771639,-0.11827549338340759,-0.037944138050079346,-0.10913947153176196,-0.1372736692428589,-0.045330941677093506,-0.11021897125328906
J,0.0,0.0,0.0,-0.009799957275390625,-0.06355571746826172,-0.010490918574248553,-0.0390239953994751,-0.12617504596710205,-0.023555471604083777,-0.0730682909488678,-0.16585636138916016,-0.03585039735338569,-0.1022101640701294,-0.18637466430664062,-0.05027457610270858,-0.0005810856819152832,-0.15966135263442993,-0.04320885152122855,-0.05965989828109741,-0.1850903034210205,-0.06651005059978843,-0.09997615218162537,-0.19238942861557007,-0.07584312469265342,-0.12701869010925293,-0.19159412384033203,-0.08196320295832038,0.003041505813598633,-0.11902689933776855,-0.05164764732620597,-0.08053785562515259,-0.14689314365386963,-0.07828923970959067,-0.12044984102249146,-0.11152952909469604,-0.08066440284750342,-0.13461515307426453,-0.08437657356262207,-0.08056769431135535,-0.0017548799514770508,-0.06756079196929932,-0.0607982417990911,-0.08535987138748169,-0.09322172403335571,-0.09076827675602317,-0.12496387958526611,-0.07193034887313843,-0.09149266690513969,-0.13916009664535522,-0.05401349067687988,-0.08854848057529807,-0.011801064014434814,-0.015189766883850098,-0.06938889533779502,-0.08106952905654907,-0.02863609790802002,-0.09755954802534461,-0.1231529712677002,-0.03557860851287842,-0.10494105428955436,-0.14616790413856506,-0.0416722297668457,-0.10764736593267799
J,0.0,0.0,0.0,-0.007537424564361572,-0.06810867786407471,-0.01009348318245884,-0.04187938570976257,-0.13091295957565308,-0.025836006778149567,-0.08142778277397156,-0.16954994201660156,-0.0396463359173822,-0.11354690790176392,-0.1856897473335266,-0.05446173347797867,-0.0014632940292358398,-0.15864139795303345,-0.05645863808956619,-0.06574010848999023,-0.18511903285980225,-0.07758059077229973,-0.10532456636428833,-0.1905166506767273,-0.07903235875335213,-0.13250911235809326,-0.18609833717346191,-0.07985902302232262,0.0022252798080444336,-0.11565148830413818,-0.06376147739854332,-0.09133255481719971,-0.13507938385009766,-0.08783881835904594,-0.11801159381866455,-0.08912146091461182,-0.0791825922605085,-0.11897462606430054,-0.06382405757904053,-0.07243866943088051,-0.0047640204429626465,-0.06320708990097046,-0.07114758067098137,-0.09466627240180969,-0.08821243047714233,-0.10001532458034035,-0.12105119228363037,-0.05878239870071411,-0.09226137869325157,-0.12346234917640686,-0.038732171058654785,-0.08478618137803551,-0.015972435474395752,-0.01171964406967163,-0.07766200326648232,-0.08970305323600769,-0.025046944618225098,-0.10882068150010582,-0.13244450092315674,-0.03145885467529297,-0.11604359470572945,-0.15602591633796692,-0.0379982590675354,-0.1189579042073774
J,0.0,0.0,0.0,-0.015798568725585938,-0.06843686103820801,-0.013338923250074686,-0.044841229915618896,-0.1280542016029358,-0.030374456924135984,-0.07873442769050598,-0.16211068630218506,-0.04636253302984983,-0.10843497514724731,-0.17297738790512085,-0.06352110466056615,-0.0012160539627075195,-0.16942250728607178,-0.04929940661483556,-0.06788218021392822,-0.18766456842422485,-0.07489754518562108,-0.10754942893981934,-0.16923069953918457,-0.08291238805347234,-0.1280246376991272,-0.1492348313331604,-0.08715816846185476,0.00935429334640503,-0.12641966342926025,-0.05767099445753843,-0.07629653811454773,-0.14749616384506226,-0.08463119229369909,-0.1135716438293457,-0.09952205419540405,-0.08187964072519094,-0.12167969346046448,-0.0693395733833313,-0.0772250767617777,0.00960540771484375,-0.07092362642288208,-0.06721710672670156,-0.07478591799736023,-0.08939182758331299,-0.09623815378242284,-0.11431044340133667,-0.06439512968063354,-0.09173190107637197,-0.12606611847877502,-0.04743087291717529,-0.08520829191499502,0.003884434700012207,-0.014320611953735352,-0.07670551797443181,-0.06822788715362549,-0.01647472381591797,-0.10367262622409612,-0.11180731654167175,-0.015618383884429932,-0.1075249265699938,-0.13390600681304932,-0.016973674297332764,-0.1072507303028658
J,0.0,0.0,0.0,0.0035005807876586914,0.004816830158233643,-0.046801365137554285,-0.02097448706626892,-0.005761921405792236,-0.0825756706003915,-0.0747290551662445,-0.023093342781066895,-0.10897456777141201,-0.11993366479873657,-0.03959321975708008,-0.13389480036542523,0.024399101734161377,-0.1136743426322937,-0.0934062666897546,-0.03898322582244873,-0.1428425908088684,-0.12700776678369152,-0.07937216758728027,-0.1264185905456543,-0.13676395934865582,-0.1022186279296875,-0.11302125453948975,-0.14087067467019665,0.01196897029876709,-0.12680506706237793,-0.08431497883842098,-0.0674697756767273,-0.14784306287765503,-0.11804480773255932,-0.09482842683792114,-0.08785700798034668,-0.11441606205747235,-0.09195005893707275,-0.057035863399505615,-0.10744423341796505,-0.009470045566558838,-0.11810481548309326,-0.07710063380048382,-0.0890333354473114,-0.13176721334457397,-0.11059903276012051,-0.11024123430252075,-0.07614845037460327,-0.09820315164373028,-0.10700112581253052,-0.042059481143951416,-0.08435811024949658,-0.03280863165855408,-0.09618592262268066,-0.07233881872937786,-0.09059137105941772,-0.09317982196807861,-0.10327010524318325,-0.11498057842254639,-0.06278938055038452,-0.10048550289914715,-0.12086376547813416,-0.041372716426849365,-0.09158836227700817
J,0.0,0.0,0.0,-0.003334224224090576,0.035911619663238525,-0.07266844135840955,-0.02315199375152588,0.048810601234436035,-0.11980452460368696,-0.058237284421920776,0.049937307834625244,-0.14942652803977552,-0.09373781085014343,0.04631972312927246,-0.1789673201473576,0.012059032917022705,-0.05600440502166748,-0.144123040858112,-0.04288133978843689,-0.0841524600982666,-0.17686732930263105,-0.07915562391281128,-0.09274476766586304,-0.1887605868013722,-0.10946878790855408,-0.09864181280136108,-0.1963364712627751,0.003919661045074463,-0.0971447229385376,-0.11813046855052534,-0.057422488927841187,-0.1163705587387085,-0.15137008649428907,-0.08958190679550171,-0.0984082818031311,-0.15726729554256025,-0.10678762197494507,-0.07923269271850586,-0.1612175188692433,-0.01322987675666809,-0.11437207460403442,-0.09111799371560636,-0.07352867722511292,-0.12178707122802734,-0.11912567985375944,-0.09583497047424316,-0.08306896686553955,-0.11764048111756864,-0.10376638174057007,-0.05186188220977783,-0.11568876427730146,-0.03294917941093445,-0.11580848693847656,-0.06820676547607007,-0.0801050066947937,-0.10657453536987305,-0.09700316262563291,-0.09696483612060547,-0.07893186807632446,-0.10163461488803449,-0.1009775698184967,-0.05463910102844238,-0.10131485086997571
J,0.0,0.0,0.0,0.013629794120788574,0.0353243350982666,-0.06978281717844936,0.005765318870544434,0.05521291494369507,-0.11815352868386242,-0.03259417414665222,0.061253130435943604,-0.14943973105498287,-0.0735127329826355,0.05722057819366455,-0.1789387701088998,0.03183096647262573,-0.04835057258605957,-0.1435042409236047,0.0105665922164917,-0.06455498933792114,-0.18328956645079586,-0.021606892347335815,-0.05452084541320801,-0.1963030485446069,-0.05509990453720093,-0.04692387580871582,-0.2020865915352914,0.00912630558013916,-0.09366059303283691,-0.11988762896605465,-0.04918283224105835,-0.09865444898605347,-0.1561893759305093,-0.07032206654548645,-0.04694086313247681,-0.15445801001139614,-0.0713132917881012,-0.012865126132965088,-0.15128141027041409,-0.019154250621795654,-0.11331623792648315,-0.09662386905499432,-0.07792329788208008,-0.11486101150512695,-0.12827146928854916,-0.08788567781448364,-0.06267625093460083,-0.11677032094546291,-0.0824975073337555,-0.028059959411621094,-0.10644611101695034,-0.04532819986343384,-0.11508142948150635,-0.07724158596344921,-0.08941650390625,-0.11057865619659424,-0.10449008029051754,-0.10149776935577393,-0.0757402777671814,-0.1009518293673608,-0.09817475080490112,-0.05000191926956177,-0.09414820503540966
J,0.0,0.0,0.0,-0.0040902793407440186,-0.0010641813278198242,-0.040533027374380026,-0.016862332820892334,0.005127906799316406,-0.07947801309191505,-0.053637683391571045,0.014025092124938965,-0.11288937436901847,-0.09507784247398376,0.02940845489501953,-0.14426558720433036,-0.0035440921783447266,-0.14071297645568848,-0.08443246292435447,-0.07872748374938965,-0.1393771767616272,-0.12343091773354331,-0.10298600792884827,-0.08660399913787842,-0.13561240839325706,-0.10558992624282837,-0.05584156513214111,-0.13988169538342277,0.002011716365814209,-0.13992619514465332,-0.08443083124720374,-0.07764706015586853,-0.1208336353302002,-0.1180305581029586,-0.09608715772628784,-0.055040597915649414,-0.11433147149645606,-0.08839818835258484,-0.033377110958099365,-0.10801879572235862,-0.001983642578125,-0.10797196626663208,-0.08703409391009131,-0.07403644919395447,-0.08490979671478271,-0.11910358326994697,-0.09122803807258606,-0.029567599296569824,-0.10325829940401832,-0.08213305473327637,-0.009898006916046143,-0.08864815043770591,-0.007260799407958984,-0.06290394067764282,-0.09267158316933433,-0.06081053614616394,-0.02861398458480835,-0.11902225273215095,-0.08192276954650879,0.006253182888031006,-0.11176503705345908,-0.07944390177726746,0.02162647247314453,-0.10120515035950461
J,0.0,0.0,0.0,-0.033519744873046875,-0.023104190826416016,-0.01950394064442662,-0.06475648283958435,-0.04106062650680542,-0.042025613414807594,-0.09131330251693726,-0.0451352596282959,-0.06264834739522485,-0.12257418036460876,-0.0356026291847229,-0.08490558602170495,-0.03490164875984192,-0.14372092485427856,-0.05618784465150384,-0.08582746982574463,-0.1533592939376831,-0.08460897095756081,-0.11647063493728638,-0.1433941125869751,-0.10095279552297143,-0.1369158923625946,-0.12902754545211792,-0.11053009219722298,-0.008621245622634888,-0.1275312304496765,-0.061607769506736076,-0.07404598593711853,-0.09821134805679321,-0.08373800553636102,-0.09448587894439697,-0.05557185411453247,-0.08453895785169152,-0.0939645767211914,-0.03585958480834961,-0.08418759592132119,0.00865161418914795,-0.08594036102294922,-0.06786300130443124,-0.055630624294281006,-0.04556816816329956,-0.08721021451310662,-0.07584142684936523,-0.010829448699951172,-0.07786304392175225,-0.07434394955635071,0.004478275775909424,-0.07075272389010934,0.019141077995300293,-0.03786438703536987,-0.0760638479168847,-0.03334859013557434,-0.004761099815368652,-0.09321357943372277,-0.0556178092956543,0.0193556547164917,-0.08635582663373498,-0.058063358068466187,0.03328549861907959,-0.07883287854747323
J,0.0,0.0,0.0,-0.03567764163017273,-0.028559386730194092,-0.015842504209956587,-0.06435078382492065,-0.041424453258514404,-0.03739100263186401,-0.09025582671165466,-0.035926997661590576,-0.05885225102969116,-0.1189274787902832,-0.019366443157196045,-0.08168360904522842,-0.03848278522491455,-0.15027213096618652,-0.04501567722030586,-0.0804789662361145,-0.14936423301696777,-0.07654850498505539,-0.10841375589370728,-0.1355634331703186,-0.0977245302564711,-0.13078022003173828,-0.11846590042114258,-0.11079729662009186,-0.0037266314029693604,-0.13379120826721191,-0.054582856006106795,-0.0619831383228302,-0.09294843673706055,-0.08227068499394363,-0.08580169081687927,-0.040160536766052246,-0.08923760370083755,-0.09302026033401489,-0.017270565032958984,-0.09250475034781402,0.023897171020507812,-0.09021055698394775,-0.06558671162196106,-0.02805805206298828,-0.04600560665130615,-0.09157080516882843,-0.053822606801986694,-0.004891157150268555,-0.08779646024771637,-0.06364616751670837,0.011899471282958984,-0.08295322523184723,0.04410290718078613,-0.03581953048706055,-0.07805524334975189,0.005754441022872925,0.00022035837173461914,-0.10048957482644028,-0.020922839641571045,0.026156723499298096,-0.09736803487606949,-0.03267389535903931,0.03829687833786011,-0.0916180940038771
J,0.0,0.0,0.0,-0.03180083632469177,-0.024315834045410156,-0.03322298178548522,-0.056992948055267334,-0.031984031200408936,-0.06595799425716109,-0.08088159561157227,-0.030856430530548096,-0.0946115637766809,-0.11017361283302307,-0.021376609802246094,-0.12134388187999434,-0.0388563871383667,-0.16531658172607422,-0.07148180255765624,-0.09533342719078064,-0.14443260431289673,-0.11044080654258437,-0.10940620303153992,-0.08712446689605713,-0.12646976212138838,-0.10861891508102417,-0.05466759204864502,-0.13301484385604567,0.002689868211746216,-0.14688026905059814,-0.07405012944812484,-0.060202181339263916,-0.10553711652755737,-0.10628103563661284,-0.07857826352119446,-0.03792339563369751,-0.10534790257091231,-0.07648083567619324,-0.023181915283203125,-0.10133310506219573,0.031284064054489136,-0.09960925579071045,-0.07921391824359603,-0.025966942310333252,-0.0524897575378418,-0.10993553796882338,-0.05083540081977844,0.0013933181762695312,-0.09761616686458296,-0.05123162269592285,0.013071537017822266,-0.08552077511424727,0.048534780740737915,-0.043054044246673584,-0.08703556010598845,0.0007200241088867188,0.004125833511352539,-0.109646783267209,-0.027994304895401,0.037521421909332275,-0.10234358260507292,-0.03432184457778931,0.04883688688278198,-0.09271793166274733
J,0.0,0.0,0.0,-0.019734352827072144,0.0021778345108032227,-0.040442170779726894,-0.036056727170944214,0.006914973258972168,-0.07593903897287646,-0.05438992381095886,0.02122318744659424,-0.10671366212847033,-0.071989506483078,0.03774893283843994,-0.13514125553848544,-0.03237321972846985,-0.1497907042503357,-0.06677922813179293,-0.09512636065483093,-0.1211392879486084,-0.10465223548891345,-0.10625886917114258,-0.06851184368133545,-0.12001872269394198,-0.09755834937095642,-0.05083554983139038,-0.1268591901469449,-0.0026926398277282715,-0.1494423747062683,-0.06718479303600589,-0.06173264980316162,-0.10758751630783081,-0.10067057071211138,-0.07797276973724365,-0.04022824764251709,-0.10061320869209567,-0.07430875301361084,-0.028461217880249023,-0.09591499922754565,0.015978604555130005,-0.11844378709793091,-0.07156173346521655,-0.03439438343048096,-0.07614684104919434,-0.10772047398569384,-0.053408801555633545,-0.013801515102386475,-0.097611019592307,-0.05045691132545471,-0.002315819263458252,-0.08521498946430484,0.028636902570724487,-0.07547318935394287,-0.07910772619726458,-0.012199550867080688,-0.017428278923034668,-0.10707047788383761,-0.03848409652709961,0.03518432378768921,-0.1020549630928258,-0.044971197843551636,0.05354785919189453,-0.0929258486438016
J,0.0,0.0,0.0,-0.02980506420135498,-0.010145306587219238,-0.03339133165434305,-0.049911320209503174,-0.006544053554534912,-0.07042269162491266,-0.06565484404563904,0.01984429359436035,-0.1036390414054722,-0.08992347121238708,0.04367166757583618,-0.1375750576670498,-0.023687362670898438,-0.1283351182937622,-0.0835591828043789,-0.07613804936408997,-0.12245142459869385,-0.1304487412388653,-0.10681876540184021,-0.08480346202850342,-0.15325441710308496,-0.12275382876396179,-0.05435258150100708,-0.1639749681170315,0.003999978303909302,-0.11341619491577148,-0.08951832107857172,-0.04692971706390381,-0.07677960395812988,-0.13190528504208032,-0.06982788443565369,-0.013775348663330078,-0.13480658583000604,-0.07341623306274414,0.008146405220031738,-0.13121971241787378,0.019726842641830444,-0.06924116611480713,-0.09806006155565683,-0.031897902488708496,-0.029067575931549072,-0.13915742687538568,-0.05694499611854553,0.01939922571182251,-0.12907196335152094,-0.061554938554763794,0.02966409921646118,-0.11613014839247171,0.025121480226516724,-0.016386091709136963,-0.10865164301947061,-0.018396615982055664,0.03022700548171997,-0.14109131447628442,-0.04309290647506714,0.06651067733764648,-0.13506979994133417,-0.048002809286117554,0.07534712553024292,-0.12486974648788873
J,0.0,0.0,0.0,-0.03441736102104187,-0.03199499845504761,-0.031140426278938094,-0.05606326460838318,-0.05583035945892334,-0.05737533430837516,-0.07336664199829102,-0.06075078248977661,-0.08030981580995444,-0.09620264172554016,-0.05468034744262695,-0.10429904620431785,-0.02548116445541382,-0.1371922492980957,-0.06500832747005347,-0.07094919681549072,-0.13591933250427246,-0.10841164748453025,-0.09704679250717163,-0.11959809064865112,-0.1358243228056324,-0.11599954962730408,-0.1025882363319397,-0.15050891052268867,0.009226500988006592,-0.11410528421401978,-0.06784986715101127,-0.035245150327682495,-0.06840121746063232,-0.10569947223447684,-0.061260879039764404,-0.024607062339782715,-0.11359912912629966,-0.0720650851726532,-0.007729589939117432,-0.1153227762439144,0.033889949321746826,-0.06595778465270996,-0.07385806749843482,-0.009083449840545654,-0.017988383769989014,-0.1099580005862606,-0.035639673471450806,0.016653478145599365,-0.10421817760251884,-0.04596269130706787,0.029190123081207275,-0.09523972879432563,0.04897719621658325,-0.01392132043838501,-0.08243949721835975,0.018806934356689453,0.027079641819000244,-0.11042984585546378,-0.0044231414794921875,0.05372285842895508,-0.10540730516694907,-0.012938380241394043,0.06541264057159424,-0.09676767151140098
J,0.0,0.0,0.0,-0.033896833658218384,-0.009451746940612793,-0.042282399328271936,-0.049476295709609985,-0.01660996675491333,-0.07809933701328475,-0.049337685108184814,0.002384364604949951,-0.10877468863300521,-0.05861687660217285,0.023661673069000244,-0.14091593453458984,-0.022132843732833862,-0.13606876134872437,-0.08202233591846664,-0.06061506271362305,-0.14097553491592407,-0.13399084338716705,-0.08589291572570801,-0.12138575315475464,-0.1689434839206143,-0.10813391208648682,-0.10322344303131104,-0.18850717374853332,0.01735815405845642,-0.12330728769302368,-0.08267167636923034,-0.015930235385894775,-0.08392667770385742,-0.12985253760389526,-0.043475061655044556,-0.03164064884185791,-0.14416087100080688,-0.062184810638427734,-0.012045204639434814,-0.14892660507730682,0.046223342418670654,-0.08195441961288452,-0.08664169588855941,0.014845669269561768,-0.029949605464935303,-0.1290209485011502,-0.01281324028968811,0.018638312816619873,-0.12493120560220916,-0.027669429779052734,0.03217923641204834,-0.11589759269527633,0.06452977657318115,-0.03280860185623169,-0.09397859552673538,0.04158550500869751,0.01623624563217163,-0.12423473277858932,0.01834353804588318,0.05446779727935791,-0.11823406496814926,0.007332950830459595,0.06785726547241211,-0.10828283855489929
J,0.0,0.0,0.0,-0.026810169219970703,-0.01262587308883667,-0.03695699680046971,-0.04207855463027954,-0.026205718517303467,-0.06909092623190816,-0.040745556354522705,-0.016504406929016113,-0.09752927082972462,-0.03238570690155029,0.0029334425926208496,-0.1245182614346021,-0.021844476461410522,-0.1660427451133728,-0.054139082463549926,-0.06569510698318481,-0.14929264783859253,-0.0965869288464063,-0.07226961851119995,-0.09487760066986084,-0.12264442551331456,-0.06438615918159485,-0.0708080530166626,-0.13647841024594243,0.02182510495185852,-0.1545923948287964,-0.056677349986600234,-0.011729001998901367,-0.11855369806289673,-0.09318411457734044,-0.028846770524978638,-0.05689537525177002,-0.10314104068474705,-0.03347960114479065,-0.04066121578216553,-0.10528294849591191,0.05451822280883789,-0.115936279296875,-0.06363364416556294,0.028043359518051147,-0.07387495040893555,-0.10452824938492711,0.0028702616691589355,-0.016283273696899414,-0.1038217704315656,-0.008977800607681274,-0.0012673735618591309,-0.09648306030230458,0.0786057710647583,-0.06625336408615112,-0.07319685179190571,0.058281004428863525,-0.008513092994689941,-0.10365942973093922,0.03217428922653198,0.04220569133758545,-0.10115589308934148,0.0161798894405365,0.06241708993911743,-0.09324800330595906
J,0.0,0.0,0.0,-0.03598141670227051,-0.010756373405456543,-0.046784445549434395,-0.06742879748344421,-0.03472733497619629,-0.08113431548613903,-0.06340819597244263,-0.04378628730773926,-0.10920333480376598,-0.02344796061515808,-0.03693723678588867,-0.13228164231318829,-0.03305017948150635,-0.1987350583076477,-0.05760547509331104,-0.06686142086982727,-0.17740923166275024,-0.10065482919949886,-0.06809774041175842,-0.11388224363327026,-0.12400925522584316,-0.0596318244934082,-0.09060800075531006,-0.1363653800441682,0.01757115125656128,-0.19525498151779175,-0.05488263061184284,-0.009559303522109985,-0.15319514274597168,-0.0906648225142419,-0.024138838052749634,-0.07887512445449829,-0.09712183093566296,-0.02519086003303528,-0.06813675165176392,-0.09693421786565182,0.05603274703025818,-0.16172903776168823,-0.0579625851466119,0.03604307770729065,-0.11350435018539429,-0.09896444892424938,0.014400362968444824,-0.04676318168640137,-0.09466421222228405,0.006424129009246826,-0.03397107124328613,-0.08536281054753658,0.08431234955787659,-0.11265760660171509,-0.06507635479707119,0.06720110774040222,-0.04832732677459717,-0.09973261123437283,0.04552474617958069,0.007926881313323975,-0.09923062091607449,0.03357499837875366,0.026642262935638428,-0.09193720286626217
J,0.0,0.0,0.0,-0.03643098473548889,-0.016149044036865234,-0.042896766122339614,-0.06417933106422424,-0.044795870780944824,-0.07572433343148077,-0.056103795766830444,-0.05061233043670654,-0.1035933568141445,-0.01431235671043396,-0.042820632457733154,-0.1265367790124401,-0.02453872561454773,-0.2141513228416443,-0.049526803102253325,-0.05421307682991028,-0.18774360418319702,-0.09159210314965094,-0.056540101766586304,-0.12210118770599365,-0.11446499070143545,-0.050493985414505005,-0.09851258993148804,-0.12613744279360617,0.02440306544303894,-0.20550990104675293,-0.049357093777416594,-0.0010717809200286865,-0.1661483645439148,-0.08478181054806555,-0.016381412744522095,-0.09222537279129028,-0.09147228291249121,-0.01630672812461853,-0.07992285490036011,-0.09108851840710486,0.061836034059524536,-0.1695951223373413,-0.05505239209151114,0.04612568020820618,-0.12746739387512207,-0.09553498020386542,0.022422969341278076,-0.05853831768035889,-0.09011581530785406,0.013882458209991455,-0.042640626430511475,-0.07958492627358282,0.0889374315738678,-0.11908614635467529,-0.06470328560089911,0.07913264632225037,-0.06250566244125366,-0.09760718038296545,0.05588623881340027,-0.004963576793670654,-0.09530985346054877,0.04192712903022766,0.015906155109405518,-0.086592413391827
J,0.0,0.0,0.0,-0.036310672760009766,-0.005414187908172607,-0.045022946814981424,-0.07144582271575928,-0.02319890260696411,-0.07786145902701946,-0.06324800848960876,-0.022582650184631348,-0.10424436725207897,-0.01963496208190918,-0.013053476810455322,-0.12534108109304043,-0.043745338916778564,-0.18033480644226074,-0.059932501087871515,-0.06549713015556335,-0.1720828413963318,-0.09736999965736004,-0.06510776281356812,-0.1098749041557312,-0.11260886586734387,-0.061865270137786865,-0.07718122005462646,-0.11950294024774166,0.007485300302505493,-0.18302267789840698,-0.05619885123797985,-0.005665093660354614,-0.14596235752105713,-0.08897116131612393,-0.017412543296813965,-0.0701291561126709,-0.09178267515727612,-0.02226307988166809,-0.053932368755340576,-0.08985166348048779,0.047826409339904785,-0.1554749608039856,-0.05762738830873104,0.04118579626083374,-0.11080741882324219,-0.09883923179933163,0.022311747074127197,-0.04048466682434082,-0.09474249280521008,0.0110434889793396,-0.021534621715545654,-0.08554215825625988,0.07782626152038574,-0.11304807662963867,-0.06215028561183544,0.07220542430877686,-0.05803823471069336,-0.09948859460183712,0.056147098541259766,0.0024332404136657715,-0.10027182943650814,0.04438406229019165,0.0269700288772583,-0.09380611873694988
J,0.0,0.0,0.0,-0.033899933099746704,0.0026450157165527344,-0.04370364690410611,-0.06538432836532593,-0.0027934908866882324,-0.07814739788162228,-0.05814778804779053,0.007597625255584717,-0.1081158458648872,-0.021474123001098633,0.016421854496002197,-0.13546317214357373,-0.04663735628128052,-0.146245539188385,-0.05800766268956181,-0.06313639879226685,-0.15341120958328247,-0.10067357266532895,-0.0710030198097229,-0.12321561574935913,-0.1211815118251991,-0.07583373785018921,-0.09437137842178345,-0.13051364714490887,0.00014543533325195312,-0.15555065870285034,-0.05701429913031575,-0.0013683736324310303,-0.12482261657714844,-0.09678224617826459,-0.016085952520370483,-0.05321240425109863,-0.10204973960506436,-0.025453954935073853,-0.033821284770965576,-0.09894225144969937,0.0396457314491272,-0.13358086347579956,-0.06200941795694348,0.04405790567398071,-0.08940303325653076,-0.11047964686738965,0.024139106273651123,-0.01785045862197876,-0.10893127465831753,0.009480565786361694,0.005327582359313965,-0.0986321508346748,0.07060986757278442,-0.09590739011764526,-0.069916085845108,0.07460522651672363,-0.03530949354171753,-0.11292327339040753,0.0594327449798584,0.02612227201461792,-0.11625540400135037,0.0468982458114624,0.050675928592681885,-0.11013192082035062
J,0.0,0.0,0.0,-0.027576148509979248,0.006113111972808838,-0.036767038010722786,-0.05021488666534424,0.008003473281860352,-0.06807741006529966,-0.04004189372062683,0.03335213661193848,-0.09628278245843092,-0.010100483894348145,0.04956537485122681,-0.12389677246726194,-0.035883933305740356,-0.1166117787361145,-0.05611835276401678,-0.05587071180343628,-0.11485576629638672,-0.09715065588868299,-0.0616266131401062,-0.07785689830780029,-0.12098161359942594,-0.0657021701335907,-0.048910439014434814,-0.13326299419320264,0.008836954832077026,-0.12423288822174072,-0.05850312715089956,0.008348941802978516,-0.09042829275131226,-0.09653360625422636,-0.0034856200218200684,-0.02535146474838257,-0.10731121381438413,-0.01543465256690979,-0.0020702481269836426,-0.10947361072219053,0.045523494482040405,-0.1010737419128418,-0.0652035795680348,0.05371883511543274,-0.058988213539123535,-0.11106261839783826,0.03934803605079651,0.010265648365020752,-0.11353285094416776,0.02518787980079651,0.03638279438018799,-0.10683620949900785,0.07280156016349792,-0.06399291753768921,-0.07386162360823789,0.07936808466911316,-0.0076583027839660645,-0.11330215116656461,0.06820514798164368,0.05135297775268555,-0.11545195659316221,0.05813142657279968,0.07669275999069214,-0.10960197677529493
J,0.0,0.0,0.0,-0.03124004602432251,0.00267946720123291,-0.03959528264454093,-0.056299954652786255,-0.004860341548919678,-0.07171234023621764,-0.04199662804603577,0.010432064533233643,-0.09942093026688781,-0.001991361379623413,0.023327350616455078,-0.12476354372552123,-0.037595003843307495,-0.1322576403617859,-0.05959032383611884,-0.05539920926094055,-0.12482988834381104,-0.10032566171935287,-0.057216376066207886,-0.06857568025588989,-0.12155947369387832,-0.05464401841163635,-0.03924238681793213,-0.1324283508663484,0.007616698741912842,-0.13640296459197998,-0.0605069128876039,0.005253583192825317,-0.11005455255508423,-0.09774403554251876,-0.007652550935745239,-0.04121267795562744,-0.106962668717415,-0.015196114778518677,-0.02213376760482788,-0.10880168807557311,0.044671207666397095,-0.1126670241355896,-0.06579913479140487,0.05158504843711853,-0.08060890436172485,-0.11137820315411773,0.03438517451286316,-0.010942935943603516,-0.11339231115630355,0.02350291609764099,0.008344888687133789,-0.10735974741032805,0.07420650124549866,-0.07505619525909424,-0.0731758428817102,0.08062049746513367,-0.024526894092559814,-0.11124476325562682,0.06824871897697449,0.033970654010772705,-0.11317945551923003,0.060731858015060425,0.05515545606613159,-0.10807726067355361
J,0.0,0.0,0.0,-0.02969720959663391,-0.0020299553871154785,-0.039052675172442264,-0.05278339982032776,-0.019527018070220947,-0.06971132259046442,-0.04324176907539368,-0.021247804164886475,-0.09622178475534326,-0.01239478588104248,-0.016170620918273926,-0.12100085864936716,-0.039889127016067505,-0.15553224086761475,-0.05169040213500864,-0.05953076481819153,-0.17106413841247559,-0.08558983604585535,-0.06899243593215942,-0.14291471242904663,-0.10259053359901316,-0.07321998476982117,-0.1181764006614685,-0.11114087204610712,0.0011785626411437988,-0.16578888893127441,-0.05117084707295305,0.003899216651916504,-0.14714378118515015,-0.08464788149272806,-0.009134739637374878,-0.07935798168182373,-0.09089721243059046,-0.017476171255111694,-0.05922490358352661,-0.08901268492614633,0.03647688031196594,-0.1451781988143921,-0.055041583880537814,0.04780641198158264,-0.11673539876937866,-0.09632861863052256,0.0335710346698761,-0.05207735300064087,-0.09567494939243204,0.024996429681777954,-0.034069180488586426,-0.08705578993236429,0.06588247418403625,-0.10985422134399414,-0.06115746001874811,0.07819864153862,-0.06924116611480713,-0.09529714535152323,0.0691240131855011,-0.014083325862884521,-0.09403520326291925,0.06296840310096741,0.005202651023864746,-0.08575940380966074
J,0.0,0.0,0.0,-0.02409285306930542,0.0005029439926147461,-0.04368361724494818,-0.04443427920341492,-0.01216113567352295,-0.07637559143780592,-0.032148271799087524,-0.021191000938415527,-0.10431331662415388,0.0007875263690948486,-0.027128100395202637,-0.12935064254282835,-0.04013705253601074,-0.15281957387924194,-0.05071758372663382,-0.0538792610168457,-0.1712138056755066,-0.08452417222737196,-0.060236454010009766,-0.1540921926498413,-0.10098824916361693,-0.059993237257003784,-0.134249746799469,-0.10887404052494887,-0.0009472668170928955,-0.1687915325164795,-0.046881391535986694,0.008906006813049316,-0.15255099534988403,-0.07719337461470488,-0.0029926300048828125,-0.0870436429977417,-0.07972285417794112,-0.009801626205444336,-0.0714147686958313,-0.0757226821589363,0.033590614795684814,-0.15416419506072998,-0.048396783750046524,0.04993480443954468,-0.1298404335975647,-0.08509395537852171,0.03579568862915039,-0.06729733943939209,-0.079385998527993,0.02733016014099121,-0.05042797327041626,-0.06808835534333113,0.06138420104980469,-0.12366741895675659,-0.053286495487679275,0.07664269208908081,-0.09111148118972778,-0.08314762530802611,0.07155364751815796,-0.043711841106414795,-0.07984241364477995,0.06807595491409302,-0.027989625930786133,-0.07047955213068846
J,0.0,0.0,0.0,-0.019751012325286865,0.0025827884674072266,-0.03945792657026104,-0.03300788998603821,-0.009297072887420654,-0.0694420282233601,-0.023370832204818726,-0.01889026165008545,-0.09422478270419887,0.002190321683883667,-0.02535843849182129,-0.11639861953147701,-0.0393846333026886,-0.1316555142402649,-0.05341068100818447,-0.057842373847961426,-0.14935821294784546,-0.08663145643361858,-0.06257584691047668,-0.14114618301391602,-0.09997323346027187,-0.058768510818481445,-0.1296495795249939,-0.10545794856437496,-0.008351743221282959,-0.15356212854385376,-0.04987466153391651,9.360909461975098e-05,-0.1435719132423401,-0.08333846372255138,-0.007844030857086182,-0.07590669393539429,-0.08197155785449795,-0.010511338710784912,-0.0570186972618103,-0.07334959697612575,0.01911991834640503,-0.14926517009735107,-0.05113355260976604,0.033548831939697266,-0.12392884492874146,-0.0889035258878117,0.021624267101287842,-0.061745524406433105,-0.07919436138757519,0.017354458570480347,-0.04700732231140137,-0.06408677440770916,0.04274243116378784,-0.13107740879058838,-0.055227505086744344,0.05252969264984131,-0.09735614061355591,-0.08304953020700268,0.042695820331573486,-0.05137509107589722,-0.07726339441427044,0.03670692443847656,-0.040094614028930664,-0.06621073377021602
J,0.0,0.0,0.0,-0.04138827323913574,-0.027703523635864258,-0.04782081692121665,-0.0726763904094696,-0.06412827968597412,-0.07957053853772322,-0.05160000920295715,-0.09553730487823486,-0.10560565366051833,-0.00828579068183899,-0.11130982637405396,-0.12299524916909377,-0.06595912575721741,-0.2260359525680542,-0.048598415391666094,-0.0617009699344635,-0.23510801792144775,-0.08025231881640593,-0.06338796019554138,-0.16421151161193848,-0.09446297510169188,-0.0656881332397461,-0.12428402900695801,-0.10225399507783095,-0.011397063732147217,-0.22285878658294678,-0.04206078796289603,-0.007444024085998535,-0.23492968082427979,-0.07097309752009551,-0.017344504594802856,-0.15006232261657715,-0.07675771339438597,-0.023024827241897583,-0.1221320629119873,-0.0783857323100392,0.031850844621658325,-0.19894659519195557,-0.04041143803499381,0.04001423716545105,-0.2124233841896057,-0.07192551268838088,0.022275060415267944,-0.1364566683769226,-0.06115823163293044,0.00585523247718811,-0.10415869951248169,-0.04925825371049086,0.06622198224067688,-0.15684360265731812,-0.04293905495308081,0.07599171996116638,-0.1754390001296997,-0.06401476933262984,0.06911596655845642,-0.13700902462005615,-0.055914613591653506,0.059310585260391235,-0.1190798282623291,-0.04636466054819266
J,0.0,0.0,0.0,-0.03988516330718994,-0.03192538022994995,-0.04665943582064358,-0.06603920459747314,-0.07248193025588989,-0.07649984930164067,-0.04442647099494934,-0.1063530445098877,-0.10192858402139393,-0.0008337795734405518,-0.11558634042739868,-0.11919549826986042,-0.05415719747543335,-0.20938140153884888,-0.03972494204050747,-0.06360316276550293,-0.2398790717124939,-0.07240236524945942,-0.0621870756149292,-0.1809929609298706,-0.08394078884727207,-0.051106274127960205,-0.14922302961349487,-0.08812977347976414,-0.007387816905975342,-0.21077752113342285,-0.03280094612843243,-0.010726243257522583,-0.24094027280807495,-0.06499943856603352,-0.017751425504684448,-0.1631253957748413,-0.063857026141946,-0.0133323073387146,-0.1468631625175476,-0.05558478061563221,0.03503751754760742,-0.19057631492614746,-0.03293347705609051,0.03990525007247925,-0.2199057936668396,-0.06610655013925282,0.02570784091949463,-0.15392029285430908,-0.05337690536386219,0.022413790225982666,-0.12997472286224365,-0.03600909535295216,0.07308948040008545,-0.15585488080978394,-0.0376525853992149,0.08989608287811279,-0.18844640254974365,-0.05918535937077252,0.08038365840911865,-0.16915518045425415,-0.053185242903296626,0.07480448484420776,-0.16251713037490845,-0.042395461094443476
J,0.0,0.0,0.0,-0.04347309470176697,-0.03495490550994873,-0.04544434815785792,-0.07101064920425415,-0.0770033597946167,-0.07260851308843996,-0.0482250452041626,-0.11265444755554199,-0.09448255345365908,-0.0037188827991485596,-0.12188780307769775,-0.10717333600065615,-0.06434240937232971,-0.21093368530273438,-0.03709770858428385,-0.06441447138786316,-0.24575912952423096,-0.06908248111746218,-0.06256049871444702,-0.17736738920211792,-0.08111729964754488,-0.05428263545036316,-0.14777499437332153,-0.0866501306011429,-0.014070481061935425,-0.21260285377502441,-0.028043040336584113,-0.012386858463287354,-0.24620193243026733,-0.060695563705181144,-0.02215474843978882,-0.16380220651626587,-0.05976195007703211,-0.019541054964065552,-0.1455402970314026,-0.0522185687734833,0.02812039852142334,-0.19169306755065918,-0.02624767020485308,0.036760032176971436,-0.2217845320701599,-0.059215412737344764,0.017148852348327637,-0.1593887209892273,-0.04843380421540644,0.011000216007232666,-0.13404947519302368,-0.03255015358469393,0.06559962034225464,-0.15768247842788696,-0.02879753641924765,0.08408188819885254,-0.19291794300079346,-0.053821430803751014,0.08813649415969849,-0.20416027307510376,-0.05549038693449404,0.09616166353225708,-0.22370201349258423,-0.05010503649852183
J,0.0,0.0,0.0,-0.04417029023170471,-0.029315173625946045,-0.04140068950309228,-0.07604596018791199,-0.07685303688049316,-0.06541959555997323,-0.05742272734642029,-0.11961096525192261,-0.08489597203387689,-0.013164788484573364,-0.1350867748260498,-0.09536960335626077,-0.0720084011554718,-0.2059275507926941,-0.03612190099610757,-0.07495996356010437,-0.2503144145011902,-0.06725167097701501,-0.06737861037254333,-0.18113189935684204,-0.07744499655618142,-0.05889961123466492,-0.14916378259658813,-0.0808206311072297,-0.02362629771232605,-0.21093547344207764,-0.028904694935221187,-0.02279794216156006,-0.25317132472991943,-0.06276505800141763,-0.025949925184249878,-0.17248308658599854,-0.06352682771338891,-0.025242149829864502,-0.1465807557106018,-0.05628373461021852,0.020079582929611206,-0.19462919235229492,-0.028220014518041125,0.02727791666984558,-0.2333042025566101,-0.06332730116500329,0.012888193130493164,-0.16388607025146484,-0.055474951734680644,0.0041401684284210205,-0.13207602500915527,-0.04035567479385804,0.0594153106212616,-0.1652960181236267,-0.030950086062688342,0.07574453949928284,-0.21144378185272217,-0.056944876780647746,0.08561685681343079,-0.23724216222763062,-0.060595169534821025,0.09562024474143982,-0.27179306745529175,-0.05646238090648126
J,0.0,0.0,0.0,-0.04624456167221069,-0.03183150291442871,-0.038786679276284985,-0.08158046007156372,-0.08321970701217651,-0.06119205034619313,-0.06417137384414673,-0.1337754726409912,-0.07945694006329518,-0.017152518033981323,-0.15257972478866577,-0.08825312531834584,-0.07735756039619446,-0.2053202986717224,-0.03303381032591801,-0.08166417479515076,-0.26109808683395386,-0.0649404597962473,-0.07165259122848511,-0.19112062454223633,-0.07518520928269368,-0.06321841478347778,-0.15968501567840576,-0.07848118967658024,-0.02899309992790222,-0.21225064992904663,-0.025988068201598935,-0.030283570289611816,-0.2624817490577698,-0.05952639854794484,-0.03037315607070923,-0.17950445413589478,-0.05775300762897473,-0.02949202060699463,-0.15665572881698608,-0.04907438135987263,0.014391064643859863,-0.2002134919166565,-0.025808227949795537,0.01822441816329956,-0.24236565828323364,-0.05913302279358845,0.007047861814498901,-0.17233353853225708,-0.04805754474645596,0.0010612308979034424,-0.1380208134651184,-0.03145665279870968,0.0545005202293396,-0.1776847243309021,-0.02917229733711224,0.07242345809936523,-0.23539823293685913,-0.054288610585985,0.07926928997039795,-0.2717384696006775,-0.058206029006299786,0.08440154790878296,-0.31350499391555786,-0.05504650599604588
J,0.0,0.0,0.0,-0.047930389642715454,-0.033225178718566895,-0.0421573759930709,-0.08573275804519653,-0.08589249849319458,-0.06753674689107925,-0.06983116269111633,-0.14062988758087158,-0.0887259894924739,-0.021364063024520874,-0.16056889295578003,-0.10025378111177474,-0.08660545945167542,-0.20225048065185547,-0.03523076492720634,-0.09111428260803223,-0.265755832195282,-0.0696672925668338,-0.0798327624797821,-0.19674557447433472,-0.08197597953849822,-0.07167485356330872,-0.16466116905212402,-0.08657532724910766,-0.03829231858253479,-0.2112332582473755,-0.02745473738187343,-0.04040950536727905,-0.2686308026313782,-0.06155706364089042,-0.03879973292350769,-0.18755817413330078,-0.060850394697723686,-0.0385744571685791,-0.17159342765808105,-0.05392097476297408,0.0051908791065216064,-0.203471839427948,-0.027139562921462357,0.00979962944984436,-0.2559893727302551,-0.05968279931121856,-0.0009212791919708252,-0.18932873010635376,-0.04903227630430251,-0.007170617580413818,-0.15406960248947144,-0.03398063573413879,0.046263664960861206,-0.18581539392471313,-0.031011419178781807,0.060192376375198364,-0.2504212260246277,-0.054628519149360955,0.06517311930656433,-0.2935940623283386,-0.059501619817552864,0.0693836510181427,-0.33937931060791016,-0.058380288811264336
J,0.0,0.0,0.0,-0.05065712332725525,-0.035779356956481934,-0.03832488423242353,-0.09003141522407532,-0.08832693099975586,-0.06289169481053136,-0.07516792416572571,-0.14580631256103516,-0.08433700641646169,-0.024352729320526123,-0.16778022050857544,-0.09679217180266164,-0.08971253037452698,-0.20489680767059326,-0.03260769611253522,-0.09533023834228516,-0.2698594927787781,-0.06826417436852239,-0.08379256725311279,-0.19751381874084473,-0.08221274903073095,-0.07710188627243042,-0.16656434535980225,-0.08767795106425069,-0.041885167360305786,-0.21530795097351074,-0.02730166269495271,-0.04559329152107239,-0.27279138565063477,-0.06331803938402913,-0.04361855983734131,-0.19258010387420654,-0.06485257586493276,-0.04386705160140991,-0.1733730435371399,-0.05915801515831731,0.002588242292404175,-0.20998287200927734,-0.02914696289255403,0.004842102527618408,-0.26446545124053955,-0.06312821349158071,-0.006279498338699341,-0.19795215129852295,-0.0546247280205705,-0.014592885971069336,-0.1625126600265503,-0.04044508105172895,0.04425781965255737,-0.1956549882888794,-0.03470738148345731,0.056569814682006836,-0.2678568363189697,-0.05772696351661466,0.06017601490020752,-0.3153933882713318,-0.06258731624140523,0.06195026636123657,-0.3652786612510681,-0.06141574597015165
J,0.0,0.0,0.0,-0.05191075801849365,-0.03489816188812256,-0.03753740119873328,-0.09226676821708679,-0.08937960863113403,-0.061923326581108995,-0.07895329594612122,-0.14950412511825562,-0.08370395529209418,-0.028240084648132324,-0.17349016666412354,-0.09683739173351569,-0.09439504146575928,-0.20463413000106812,-0.029529589816320367,-0.10183480381965637,-0.27151602506637573,-0.06666886585890097,-0.08780398964881897,-0.19991320371627808,-0.0833081580990438,-0.07939505577087402,-0.16619223356246948,-0.0900522969955091,-0.04691556096076965,-0.21647560596466064,-0.024745339184391923,-0.05219575762748718,-0.27611321210861206,-0.06254111009775443,-0.04742485284805298,-0.1957576870918274,-0.06725118088661475,-0.046661823987960815,-0.1703358292579651,-0.06323560851751608,-0.002303987741470337,-0.2135562300682068,-0.027111976995456644,-0.0018429756164550781,-0.27053362131118774,-0.06203106942712111,-0.010774105787277222,-0.20254307985305786,-0.05550049769817633,-0.017790615558624268,-0.16270923614501953,-0.04207199218808455,0.03944873809814453,-0.2017604112625122,-0.0330527179235105,0.049336373805999756,-0.2760722041130066,-0.05478042516051573,0.05131125450134277,-0.3256685137748718,-0.05939096736847205,0.050787925720214844,-0.37676966190338135,-0.058230237691986986
J,0.0,0.0,0.0,-0.05187612771987915,-0.03145289421081543,-0.03955772295461202,-0.09328418970108032,-0.08335566520690918,-0.0649830155061295,-0.08310279250144958,-0.14524489641189575,-0.08792444094882512,-0.03637564182281494,-0.17580795288085938,-0.10202286913857961,-0.09722065925598145,-0.19933927059173584,-0.030891051142077686,-0.10927346348762512,-0.26858723163604736,-0.07054921015964055,-0.09384766221046448,-0.1989574432373047,-0.08793607130513692,-0.08405670523643494,-0.16477447748184204,-0.09421247765288854,-0.051374346017837524,-0.2138630747795105,-0.025235488636951686,-0.05841568112373352,-0.27511274814605713,-0.06468835249410176,-0.05105409026145935,-0.1948261260986328,-0.06920060291753316,-0.050281375646591187,-0.17149895429611206,-0.06451107337937856,-0.007519185543060303,-0.2136383056640625,-0.027173764629822017,-0.008291900157928467,-0.27034175395965576,-0.06412710025773549,-0.014435768127441406,-0.20013362169265747,-0.056899586318593265,-0.02060598134994507,-0.1608085036277771,-0.04232375472651029,0.03415462374687195,-0.20526069402694702,-0.0328969486044457,0.04161003232002258,-0.2800590991973877,-0.05537293627725148,0.04159083962440491,-0.32887697219848633,-0.05945779532061124,0.03867873549461365,-0.37941598892211914,-0.05751073136792684
J,0.0,0.0,0.0,-0.05360952019691467,-0.033517658710479736,-0.033035579832727535,-0.09572750329971313,-0.08540171384811401,-0.05497553175919734,-0.0868382453918457,-0.1469479203224182,-0.07543496018880091,-0.0425562858581543,-0.1803741455078125,-0.08803894347184382,-0.10079020261764526,-0.19797152280807495,-0.025618262352878673,-0.1149359941482544,-0.2659539580345154,-0.06388498074048243,-0.09727135300636292,-0.1976516842842102,-0.08257375633948527,-0.08582267165184021,-0.16237670183181763,-0.090156815710003,-0.05476352572441101,-0.21260398626327515,-0.022538941117460354,-0.06370559334754944,-0.2747499942779541,-0.06076861149304591,-0.054156094789505005,-0.19684386253356934,-0.0676229742788621,-0.05219730734825134,-0.1696276068687439,-0.06542532122367106,-0.010531425476074219,-0.21310526132583618,-0.026209961386854275,-0.013145148754119873,-0.2735661268234253,-0.061427317323619945,-0.01855766773223877,-0.20401442050933838,-0.05558437457912646,-0.023343205451965332,-0.15998131036758423,-0.042832791569168194,0.03179734945297241,-0.2048216462135315,-0.03302377066248141,0.03762340545654297,-0.281180739402771,-0.05521276942127429,0.03607279062271118,-0.3315078616142273,-0.06007010093563281,0.031441688537597656,-0.3825607895851135,-0.05925111076467715
J,0.0,0.0,0.0,-0.05370783805847168,-0.030757009983062744,-0.03184539020841726,-0.09713858366012573,-0.08644717931747437,-0.05271434352582105,-0.09167343378067017,-0.1505424976348877,-0.07261763081734784,-0.04943627119064331,-0.18513822555541992,-0.08454928115790494,-0.10404515266418457,-0.1984291672706604,-0.022326787345463117,-0.12009459733963013,-0.2674655318260193,-0.06025432363932737,-0.10111558437347412,-0.2002275586128235,-0.07834474311059125,-0.08834272623062134,-0.16494256258010864,-0.08510998950188764,-0.058706134557724,-0.2130749225616455,-0.019949625589305242,-0.06877264380455017,-0.2775358557701111,-0.05886337474768766,-0.059578388929367065,-0.20216816663742065,-0.06608975992386945,-0.057577669620513916,-0.17275679111480713,-0.06323758826439985,-0.014423996210098267,-0.21402829885482788,-0.02436712139135011,-0.018410861492156982,-0.2777988910675049,-0.05978539527242788,-0.024710118770599365,-0.2104029655456543,-0.054347775288277944,-0.03102359175682068,-0.167422354221344,-0.04123367310350545,0.027837634086608887,-0.20666658878326416,-0.031903474934750875,0.03150278329849243,-0.2837178111076355,-0.053262631751948675,0.02850860357284546,-0.33352482318878174,-0.0576161699075044,0.02282571792602539,-0.3841870427131653,-0.05609057784860738
J,0.0,0.0,0.0,-0.053670912981033325,-0.030746817588806152,-0.03251572300132466,-0.09691616892814636,-0.08491003513336182,-0.054357140999400144,-0.09232372045516968,-0.14963597059249878,-0.0753312853389616,-0.052999675273895264,-0.1880139708518982,-0.08876826588448239,-0.10792660713195801,-0.19540494680404663,-0.022609879937135702,-0.12286221981048584,-0.26655155420303345,-0.06011062834795666,-0.10267078876495361,-0.20346856117248535,-0.07869468603666974,-0.08950009942054749,-0.16466522216796875,-0.08555402581032467,-0.06318095326423645,-0.21153074502944946,-0.02020149279769612,-0.07313224673271179,-0.2792236804962158,-0.06007927630480481,-0.061141639947891235,-0.20638173818588257,-0.07047528002794934,-0.05792996287345886,-0.1715695858001709,-0.06931652848061276,-0.019066572189331055,-0.21467912197113037,-0.024276159446799284,-0.023155808448791504,-0.2805069088935852,-0.060172412287556654,-0.02724316716194153,-0.21688741445541382,-0.058177791278922086,-0.03348827362060547,-0.17364472150802612,-0.04715909038122845,0.023248016834259033,-0.20878934860229492,-0.031318183731400495,0.02465033531188965,-0.28566044569015503,-0.05174724359449101,0.021515727043151855,-0.3348802328109741,-0.05645196114119244,0.014645636081695557,-0.3845810890197754,-0.055311519395672804
J,0.0,0.0,0.0,-0.053918302059173584,-0.03189444541931152,-0.030932013536528302,-0.09899711608886719,-0.09011369943618774,-0.0518056849340951,-0.09437009692192078,-0.16005855798721313,-0.0724532591502225,-0.04988798499107361,-0.1989944577217102,-0.08537717036409731,-0.10941624641418457,-0.19513654708862305,-0.017939970488384915,-0.1257016956806183,-0.26886439323425293,-0.05556125439210291,-0.1046006977558136,-0.20545971393585205,-0.07409866772098894,-0.09205901622772217,-0.16964507102966309,-0.0809528740446126,-0.06490907073020935,-0.21212482452392578,-0.016301051373318387,-0.07586744427680969,-0.2829258441925049,-0.056532888333038045,-0.06375157833099365,-0.2115374207496643,-0.06611613057060595,-0.060528963804244995,-0.17727601528167725,-0.06380187592907305,-0.020763099193572998,-0.21646833419799805,-0.021392500619128896,-0.027372241020202637,-0.28581947088241577,-0.056870813141301824,-0.030486732721328735,-0.22170913219451904,-0.053259244779781056,-0.03549224138259888,-0.17744886875152588,-0.04067487887544985,0.021323710680007935,-0.2118564248085022,-0.029536001975372983,0.02162453532218933,-0.28875255584716797,-0.04928732163710947,0.01718965172767639,-0.33860862255096436,-0.053396070967153264,0.009420961141586304,-0.38855135440826416,-0.05157422147198076
J,0.0,0.0,0.0,-0.053990572690963745,-0.03189724683761597,-0.032122731596302856,-0.09983271360397339,-0.08687502145767212,-0.054415513217520584,-0.09715327620506287,-0.15550631284713745,-0.07633615696437346,-0.054033637046813965,-0.1974855661392212,-0.09077245408303725,-0.11079901456832886,-0.19680309295654297,-0.019004412382912506,-0.12753835320472717,-0.2658689022064209,-0.056740925103497375,-0.10590696334838867,-0.2028180956840515,-0.07607184761769759,-0.09286993741989136,-0.16843998432159424,-0.08368428462750899,-0.0657438337802887,-0.21236461400985718,-0.017391335606646408,-0.07755929231643677,-0.2831074595451355,-0.059080820918154586,-0.06533056497573853,-0.21272629499435425,-0.07059130483872877,-0.061042964458465576,-0.1765456199645996,-0.06921796911962019,-0.021001368761062622,-0.21575552225112915,-0.02246490159637915,-0.02841365337371826,-0.2830919623374939,-0.05923674666888701,-0.03225797414779663,-0.21974533796310425,-0.05756406524784552,-0.03741291165351868,-0.17523068189620972,-0.04583562576777922,0.021587789058685303,-0.21027231216430664,-0.030588118746948112,0.020776093006134033,-0.2865273952484131,-0.05091767796881186,0.015725791454315186,-0.3365577161312103,-0.055795897185873855,0.0073403120040893555,-0.38700443506240845,-0.054412942767214645
J,0.0,0.0,0.0,-0.054462045431137085,-0.032812297344207764,-0.03259217042020168,-0.098116934299469,-0.08843368291854858,-0.055119053009065055,-0.09406673908233643,-0.15586483478546143,-0.07722248930028286,-0.05184867978096008,-0.19804811477661133,-0.09203579324773159,-0.10799112915992737,-0.19554322957992554,-0.019745985525759124,-0.12331822514533997,-0.26551371812820435,-0.05764383498123493,-0.10273253917694092,-0.20345032215118408,-0.07728287625602093,-0.09048527479171753,-0.1672319769859314,-0.08506716835788097,-0.06275889277458191,-0.21129703521728516,-0.018047463628562355,-0.07351461052894592,-0.28207099437713623,-0.05993989903024044,-0.06241288781166077,-0.21268874406814575,-0.07242828655532207,-0.0587410032749176,-0.17548084259033203,-0.07185383189013805,-0.01797586679458618,-0.21487027406692505,-0.02299379232815113,-0.024517446756362915,-0.2831224203109741,-0.059973698589118385,-0.02979859709739685,-0.22032618522644043,-0.05940702605536785,-0.036149442195892334,-0.17511141300201416,-0.048564751180919075,0.024470031261444092,-0.20926350355148315,-0.030998735237034225,0.02404719591140747,-0.2851216793060303,-0.051783290240081215,0.018606722354888916,-0.3348352313041687,-0.05732079643300381,0.010089516639709473,-0.3847236931324005,-0.056461293730052375
J,0.0,0.0,0.0,-0.05404344201087952,-0.02721536159515381,-0.03309319040738501,-0.10078507661819458,-0.08404850959777832,-0.054659730410207885,-0.09758999943733215,-0.15377593040466309,-0.07537545508705534,-0.05507725477218628,-0.19517910480499268,-0.08843471354805388,-0.11202371120452881,-0.1964724063873291,-0.01994282624684729,-0.12745428085327148,-0.26623421907424927,-0.05704543984495558,-0.10693636536598206,-0.20368224382400513,-0.07580524927936949,-0.09384322166442871,-0.1670001745223999,-0.0830812404211656,-0.06656339764595032,-0.21324968338012695,-0.0173704853560821,-0.07690468430519104,-0.28190428018569946,-0.05798686540686049,-0.06615477800369263,-0.2110547423362732,-0.06873392558657088,-0.06229501962661743,-0.17423802614212036,-0.0671246672328607,-0.021684885025024414,-0.21648657321929932,-0.021576155563820976,-0.02783694863319397,-0.28410446643829346,-0.05775738007389464,-0.03323438763618469,-0.22046762704849243,-0.05613681918941893,-0.03940573334693909,-0.17567837238311768,-0.04479057959281363,0.021048367023468018,-0.20989787578582764,-0.028885013079275268,0.021508097648620605,-0.2858694791793823,-0.049743278538812774,0.016588807106018066,-0.3349819481372833,-0.05529490358196654,0.008683502674102783,-0.38508671522140503,-0.05440143368207373
J,0.0,0.0,0.0,-0.05512019991874695,-0.03189253807067871,-0.03259478269407623,-0.1008310317993164,-0.0897284746170044,-0.05448212607095115,-0.09551584720611572,-0.15957117080688477,-0.07569528131077163,-0.05091533064842224,-0.19907695055007935,-0.08914747594187133,-0.11108440160751343,-0.20164084434509277,-0.018686118929480244,-0.1261730194091797,-0.2701665163040161,-0.05633772297093742,-0.10463005304336548,-0.20615154504776,-0.07607649771759384,-0.09208595752716064,-0.17110925912857056,-0.08418791501114242,-0.06518664956092834,-0.21806848049163818,-0.016496076642368962,-0.07587876915931702,-0.2860947251319885,-0.05711493401119583,-0.0639660656452179,-0.21427196264266968,-0.06807706265041702,-0.06041920185089111,-0.17943447828292847,-0.06677795706579559,-0.020381450653076172,-0.2212216854095459,-0.02113339809963577,-0.026635408401489258,-0.28762608766555786,-0.056779806895946194,-0.031183719635009766,-0.22211194038391113,-0.054488179667686154,-0.036952823400497437,-0.17664718627929688,-0.04276893047878616,0.021978437900543213,-0.21437638998031616,-0.028962956203912427,0.022733867168426514,-0.2906392812728882,-0.04914565516898506,0.018222153186798096,-0.3392897844314575,-0.05410042165109985,0.01050424575805664,-0.38873064517974854,-0.0528098469812619
J,0.0,0.0,0.0,-0.05591824650764465,-0.03130108118057251,-0.030686671804346588,-0.10145753622055054,-0.08952546119689941,-0.05148747652367547,-0.09638294577598572,-0.15716660022735596,-0.0721850925643821,-0.054654210805892944,-0.1964702606201172,-0.08561721533135369,-0.10998815298080444,-0.19801539182662964,-0.01804764099017575,-0.12584936618804932,-0.270304799079895,-0.05539900153473809,-0.10639181733131409,-0.20693498849868774,-0.07457801788643792,-0.09368997812271118,-0.16925114393234253,-0.08208571463421777,-0.06433409452438354,-0.2137097716331482,-0.016879240940966156,-0.07532542943954468,-0.2852146029472351,-0.05827904581622079,-0.06528514623641968,-0.21408730745315552,-0.0698967510421653,-0.06147930026054382,-0.1757105588912964,-0.06865174412325814,-0.019641399383544922,-0.21660804748535156,-0.02226054198638394,-0.026194095611572266,-0.286548912525177,-0.05808951049641564,-0.031561464071273804,-0.22382062673568726,-0.05668388768629029,-0.03757733106613159,-0.17886823415756226,-0.04552668794588044,0.022549688816070557,-0.209952712059021,-0.0306545504887481,0.02345120906829834,-0.2859877943992615,-0.05115351914957955,0.018871426582336426,-0.3349685072898865,-0.056655802722730186,0.011220812797546387,-0.38476431369781494,-0.05575179397658303
J,0.0,0.0,0.0,-0.05617967247962952,-0.033676743507385254,-0.03194760426237053,-0.10088688135147095,-0.09231877326965332,-0.053166835450667804,-0.09612634778022766,-0.1612917184829712,-0.07436182617499298,-0.05259120464324951,-0.19801557064056396,-0.08787664293600983,-0.1084354817867279,-0.20032382011413574,-0.016162455895084804,-0.12359529733657837,-0.2728300094604492,-0.054558674686688846,-0.10358792543411255,-0.20839202404022217,-0.07399893819643921,-0.09140363335609436,-0.1720108985900879,-0.08126574277235932,-0.06292778253555298,-0.21492379903793335,-0.01453506748481459,-0.07387852668762207,-0.2864847183227539,-0.05725490941955513,-0.06305128335952759,-0.21529072523117065,-0.06902292638375229,-0.05927655100822449,-0.17904990911483765,-0.06728895276143021,-0.01830047369003296,-0.2177097201347351,-0.019936359369296497,-0.025088965892791748,-0.28522783517837524,-0.057728311860103076,-0.029808759689331055,-0.2206236720085144,-0.056524812125701374,-0.03526949882507324,-0.17566955089569092,-0.04449469863726563,0.02430856227874756,-0.21177351474761963,-0.028458294340509838,0.025225400924682617,-0.28812599182128906,-0.04905344068362183,0.020332694053649902,-0.3371289372444153,-0.054285547577876514,0.012474358081817627,-0.3864139914512634,-0.0528706376190371
J,0.0,0.0,0.0,-0.054730385541915894,-0.03165072202682495,-0.032963868000507546,-0.0984487533569336,-0.08828151226043701,-0.055457405515909386,-0.09381663799285889,-0.1541140079498291,-0.07757788128495235,-0.05209919810295105,-0.19267290830612183,-0.09219736582875271,-0.10683378577232361,-0.19783663749694824,-0.02053896128475685,-0.12044408917427063,-0.26948273181915283,-0.05880152411103268,-0.10149681568145752,-0.2053523063659668,-0.07787021226525326,-0.08996519446372986,-0.1692744493484497,-0.08514264948010464,-0.06099250912666321,-0.2115868330001831,-0.01875785528957863,-0.0701325535774231,-0.282622754573822,-0.06142238877058048,-0.060633718967437744,-0.2117416262626648,-0.07325159735322018,-0.05803230404853821,-0.17525440454483032,-0.07208882994294186,-0.01588815450668335,-0.21375954151153564,-0.02370281121969242,-0.021652638912200928,-0.28173959255218506,-0.061511225768327904,-0.027140796184539795,-0.2169487476348877,-0.060149702944755745,-0.03383198380470276,-0.17176562547683716,-0.04853821522831936,0.026578128337860107,-0.20711499452590942,-0.031747866191864205,0.028701186180114746,-0.28284722566604614,-0.05264276243090649,0.02526545524597168,-0.3320828080177307,-0.057740218707323265,0.01817452907562256,-0.38251978158950806,-0.056509148099422646
J,0.0,0.0,0.0,-0.053641438484191895,-0.03121846914291382,-0.03267275562586747,-0.09799286723136902,-0.08988511562347412,-0.054532792624854665,-0.09017130732536316,-0.15700197219848633,-0.07535936703982316,-0.043614327907562256,-0.19044584035873413,-0.08849814554753266,-0.10188469290733337,-0.20301741361618042,-0.023549888488673787,-0.11486977338790894,-0.27655112743377686,-0.06011954715552292,-0.09847146272659302,-0.21058207750320435,-0.07769284417929612,-0.08879125118255615,-0.1724400520324707,-0.08457397690119706,-0.055799633264541626,-0.21611493825912476,-0.021676155012869458,-0.06452706456184387,-0.2870860695838928,-0.061543651130818944,-0.057026952505111694,-0.21452313661575317,-0.07041188350024186,-0.05521741509437561,-0.1772068738937378,-0.06798061003985367,-0.010242819786071777,-0.2159551978111267,-0.02632748728694878,-0.014965265989303589,-0.28221774101257324,-0.06199482848944626,-0.02128961682319641,-0.21918529272079468,-0.0592873955339428,-0.027611970901489258,-0.17468422651290894,-0.047650523689412694,0.0324137806892395,-0.20638900995254517,-0.03408759852948151,0.0389443039894104,-0.2836609482765198,-0.05557740500273667,0.04021251201629639,-0.33370763063430786,-0.06116827597918473,0.039062321186065674,-0.38331907987594604,-0.060393307563685994
J,0.0,0.0,0.0,-0.0520225465297699,-0.03729790449142456,-0.03468932327265861,-0.08949944376945496,-0.09588009119033813,-0.05838477727408531,-0.07846197485923767,-0.15666788816452026,-0.08050726097459915,-0.03161868453025818,-0.18247807025909424,-0.09415062260265472,-0.09178870916366577,-0.20237499475479126,-0.029696786072207715,-0.10281497240066528,-0.2811077833175659,-0.06853207689161422,-0.0877363383769989,-0.21296995878219604,-0.08571631949777725,-0.08045095205307007,-0.1736878752708435,-0.09215083461637619,-0.04415583610534668,-0.21372783184051514,-0.027052271407200124,-0.05139699578285217,-0.28297561407089233,-0.06691875797147873,-0.04504767060279846,-0.20881736278533936,-0.07311174016828659,-0.04643434286117554,-0.17697137594223022,-0.06957258772487762,0.0015104711055755615,-0.21149957180023193,-0.031248850043965604,-0.002287149429321289,-0.2718948721885681,-0.06721901636953476,-0.005817115306854248,-0.20868325233459473,-0.06170458089943054,-0.011516064405441284,-0.1679213047027588,-0.04882734757299545,0.043940722942352295,-0.20083343982696533,-0.038846560981227185,0.058593153953552246,-0.27356255054473877,-0.06196433421607139,0.0683256983757019,-0.3186798691749573,-0.06723578762645843,0.07319885492324829,-0.3640875220298767,-0.0662002016269696
J,0.0,0.0,0.0,-0.05015423893928528,-0.036458611488342285,-0.0336495777768846,-0.08429905772209167,-0.08708101511001587,-0.05816529227325873,-0.06816941499710083,-0.1360783576965332,-0.0811218386692758,-0.026537925004959106,-0.16173475980758667,-0.09641153274009184,-0.07923772931098938,-0.20482373237609863,-0.035048405657505555,-0.0863548219203949,-0.2689247727394104,-0.07319656668136076,-0.07332420349121094,-0.20181310176849365,-0.09084106890389876,-0.06598368287086487,-0.16506648063659668,-0.09841066507527785,-0.030974596738815308,-0.2131980061531067,-0.03336084915230231,-0.03377661108970642,-0.26938629150390625,-0.07139889804551558,-0.028913408517837524,-0.19375532865524292,-0.07757384983727889,-0.02946731448173523,-0.16595357656478882,-0.07532808838317351,0.014239579439163208,-0.2063482403755188,-0.03783900944421248,0.01558944582939148,-0.25322407484054565,-0.07528754232356505,0.012420326471328735,-0.1854422688484192,-0.07076225338408904,0.007921814918518066,-0.14427798986434937,-0.05882243720719771,0.05590304732322693,-0.19029462337493896,-0.04524466304013686,0.07839497923851013,-0.2561556100845337,-0.07175699530074553,0.09376105666160583,-0.2930925488471985,-0.07738402394483046,0.10396882891654968,-0.33149254322052,-0.0761692663831468
J,0.0,0.0,0.0,-0.04988974332809448,-0.03547769784927368,-0.0370146981265691,-0.08303260803222656,-0.08789151906967163,-0.06211863223578007,-0.059611499309539795,-0.13048040866851807,-0.08389438826705486,-0.012741059064865112,-0.1456395983695984,-0.09743937987948925,-0.06695261597633362,-0.2176816463470459,-0.04262017224098713,-0.07312998175621033,-0.26566851139068604,-0.0776442452159074,-0.06553322076797485,-0.1948266625404358,-0.09240211684371502,-0.058610737323760986,-0.16498500108718872,-0.1004077060904649,-0.01796334981918335,-0.22082436084747314,-0.03920457277561695,-0.019080013036727905,-0.2600451707839966,-0.07526694376136334,-0.0212976336479187,-0.17878425121307373,-0.0775895132508424,-0.02032703161239624,-0.16042709350585938,-0.07403767991925747,0.026213467121124268,-0.2049720287322998,-0.04194833103682072,0.03401744365692139,-0.24188512563705444,-0.07982956756021053,0.022243499755859375,-0.17033052444458008,-0.07355992633964092,0.015650033950805664,-0.13420122861862183,-0.06146203864480526,0.06622076034545898,-0.1783950924873352,-0.04780334372188122,0.09901255369186401,-0.23554778099060059,-0.08058116722966702,0.12050068378448486,-0.2682238817214966,-0.08971593666936428,0.1390131115913391,-0.3075193762779236,-0.09039367873336346
J,0.0,0.0,0.0,-0.04878309369087219,-0.039187490940093994,-0.03770494697860727,-0.08163347840309143,-0.0873485803604126,-0.06564689664415368,-0.05633923411369324,-0.11965179443359375,-0.08873378722242364,-0.007284611463546753,-0.12751388549804688,-0.10337415574363717,-0.05484586954116821,-0.24245738983154297,-0.048320616169490904,-0.06400421261787415,-0.2598896026611328,-0.07823550937942514,-0.05969354510307312,-0.18886792659759521,-0.09164598820976266,-0.052776604890823364,-0.15797191858291626,-0.10110849378875741,-0.006917446851730347,-0.24247539043426514,-0.044738939537324995,-0.011609405279159546,-0.2531782388687134,-0.07278315959743509,-0.017451882362365723,-0.17424559593200684,-0.07268162308506021,-0.015111297369003296,-0.15650683641433716,-0.07063707946113595,0.035061806440353394,-0.2155054807662964,-0.04632818563155183,0.04024377465248108,-0.22760725021362305,-0.07594081996253976,0.023368865251541138,-0.16424864530563354,-0.06805884329847345,0.014319628477096558,-0.13266873359680176,-0.058933804317035765,0.07262244820594788,-0.17324316501617432,-0.051640591158189864,0.10861900448799133,-0.21278339624404907,-0.08435990153125772,0.1352684199810028,-0.23532134294509888,-0.09468005089334497,0.1599145233631134,-0.2639683485031128,-0.09699772535137186
J,0.0,0.0,0.0,-0.047052234411239624,-0.03882640600204468,-0.03657835656304087,-0.07763245701789856,-0.08238351345062256,-0.06274205380577769,-0.04992055892944336,-0.10442715883255005,-0.08232687348026957,-0.002484947443008423,-0.1003807783126831,-0.09363830768961634,-0.048494160175323486,-0.23759347200393677,-0.05442932927508082,-0.04738259315490723,-0.24607199430465698,-0.08087627524037089,-0.04673382639884949,-0.1800593137741089,-0.09039784157175745,-0.04962429404258728,-0.1472177505493164,-0.09802680396933283,0.0024173855781555176,-0.23643946647644043,-0.04996827551622118,0.004535198211669922,-0.23604446649551392,-0.07449117237229075,-0.004912883043289185,-0.16199731826782227,-0.07354876333374705,-0.008237689733505249,-0.14704358577728271,-0.0726413496722671,0.04483571648597717,-0.20570975542068481,-0.04956179419059481,0.05623325705528259,-0.20502382516860962,-0.07612895899910654,0.03553697466850281,-0.15375709533691406,-0.07161242449183192,0.01946684718132019,-0.1330329179763794,-0.06744570964474406,0.08002391457557678,-0.15849757194519043,-0.05228985407848086,0.11942890286445618,-0.18595832586288452,-0.08911662483114924,0.15038606524467468,-0.2038218379020691,-0.10445940428871836,0.17903581261634827,-0.23082691431045532,-0.11097416961092677
J,0.0,0.0,0.0,-0.0476478636264801,-0.03298300504684448,-0.042442535002479076,-0.07806050777435303,-0.06741738319396973,-0.07295686094904852,-0.04771319031715393,-0.07918727397918701,-0.0961771541729064,-0.000559687614440918,-0.07727599143981934,-0.11092425226117086,-0.04751536250114441,-0.23791050910949707,-0.062263895709762096,-0.05101197957992554,-0.2208375334739685,-0.09188602208043051,-0.05310705304145813,-0.1624792218208313,-0.1021290430321784,-0.05659016966819763,-0.13361632823944092,-0.10905394791508627,0.00390547513961792,-0.23934346437454224,-0.055963129688748836,0.0028690099716186523,-0.197398841381073,-0.08164443164015722,-0.010852783918380737,-0.12874114513397217,-0.08026758669758749,-0.01345476508140564,-0.12345260381698608,-0.07894203900242758,0.04628622531890869,-0.2068570852279663,-0.053957813371667385,0.052973926067352295,-0.16836172342300415,-0.08415950178051901,0.029329240322113037,-0.11549830436706543,-0.0778619953885169,0.015130162239074707,-0.09802734851837158,-0.07142140804673147,0.07945376634597778,-0.15628862380981445,-0.05571101321721983,0.11544638872146606,-0.15458428859710693,-0.0951267266168685,0.14447057247161865,-0.16084504127502441,-0.10760592757607412,0.17254382371902466,-0.17978572845458984,-0.1104177319898696
J,0.0,0.0,0.0,-0.04539835453033447,-0.03150540590286255,-0.04514401009937785,-0.07576209306716919,-0.059141337871551514,-0.079052548619714,-0.052731096744537354,-0.05673551559448242,-0.10532640269657634,-0.007383406162261963,-0.041710495948791504,-0.12440669140478633,-0.03703543543815613,-0.23774510622024536,-0.06966610601803325,-0.047157466411590576,-0.19302839040756226,-0.10204516700169108,-0.05131882429122925,-0.12735146284103394,-0.11500545940062068,-0.05533784627914429,-0.1063041090965271,-0.12378789833447001,0.017159998416900635,-0.22631478309631348,-0.0634786670531895,0.005481600761413574,-0.16550135612487793,-0.09075415483376048,-0.013951778411865234,-0.09395992755889893,-0.0904431079950001,-0.01685395836830139,-0.08900141716003418,-0.08989730826279185,0.05882823467254639,-0.18255162239074707,-0.06150579056402705,0.05546367168426514,-0.12876486778259277,-0.09309672168156169,0.027306199073791504,-0.08040231466293335,-0.0896985863771107,0.013738512992858887,-0.06943637132644653,-0.08533158502241633,0.08833640813827515,-0.12376391887664795,-0.06327240517994426,0.11493664979934692,-0.10910403728485107,-0.10279224416872523,0.14072424173355103,-0.10701966285705566,-0.11534720263144038,0.16997754573822021,-0.11840939521789551,-0.1182504480209019
J,0.0,0.0,0.0,-0.04115283489227295,-0.030711650848388672,-0.04667986806536817,-0.07101047039031982,-0.05986189842224121,-0.0814163113763442,-0.04833030700683594,-0.049438297748565674,-0.10923205565715932,0.0012729167938232422,-0.02228158712387085,-0.1300143400957694,-0.01973995566368103,-0.23762965202331543,-0.06834642838741445,-0.03964132070541382,-0.1819171905517578,-0.10464388381744527,-0.0497320294380188,-0.11700212955474854,-0.11992241691852712,-0.052121132612228394,-0.10015314817428589,-0.12902701895738744,0.034654319286346436,-0.22056162357330322,-0.06299824517274999,0.013462364673614502,-0.14878380298614502,-0.09270163875127935,-0.01323765516281128,-0.07978343963623047,-0.09222191821838521,-0.014104455709457397,-0.08127355575561523,-0.09001774590517186,0.07401973009109497,-0.1722174882888794,-0.06278572481180333,0.06155461072921753,-0.10247200727462769,-0.0962451944878211,0.02614504098892212,-0.059031128883361816,-0.09251664083505773,0.011532127857208252,-0.05567348003387451,-0.08659884583259725,0.09864926338195801,-0.11058229207992554,-0.06703327100778722,0.11739480495452881,-0.07911038398742676,-0.1060175771644225,0.13789671659469604,-0.06693661212921143,-0.1171715359022727,0.166248619556427,-0.06753396987915039,-0.1181335399677863
J,0.0,0.0,0.0,-0.03571969270706177,-0.025919616222381592,-0.050167362229785795,-0.07029706239700317,-0.05048900842666626,-0.08796402721281993,-0.06654644012451172,-0.03359299898147583,-0.11840799360152232,-0.0223006010055542,0.002455770969390869,-0.14214984981890666,-0.008443355560302734,-0.2076197862625122,-0.07754664032336223,-0.04137948155403137,-0.13880521059036255,-0.11705351530190455,-0.051491379737854004,-0.07891309261322021,-0.13284207789774882,-0.051293909549713135,-0.07072854042053223,-0.14202226607676494,0.04257631301879883,-0.18108928203582764,-0.07140302567358958,0.00858992338180542,-0.09927308559417725,-0.10492344109889018,-0.019470632076263428,-0.03887355327606201,-0.10471299944993007,-0.019107937812805176,-0.052780330181121826,-0.10231576769228923,0.0775902271270752,-0.12823188304901123,-0.0701440265643214,0.056815922260284424,-0.05738401412963867,-0.10890854059334742,0.020805299282073975,-0.018166840076446533,-0.1013836106526469,0.005491495132446289,-0.020618855953216553,-0.09124868272419917,0.09666663408279419,-0.06569266319274902,-0.07354579775210368,0.11194652318954468,-0.02887493371963501,-0.11833067892666804,0.13303178548812866,-0.010056912899017334,-0.1283112308251475,0.16138619184494019,-0.006246745586395264,-0.12678471116896617
J,0.0,0.0,0.0,-0.03690388798713684,-0.018937349319458008,-0.056051514614239295,-0.07340133190155029,-0.031505465507507324,-0.09898541079820689,-0.07335221767425537,-0.010882794857025146,-0.1335218320971876,-0.0353703498840332,0.028022170066833496,-0.1606868426686674,-0.009502232074737549,-0.19016873836517334,-0.09101162062944468,-0.047935664653778076,-0.11299169063568115,-0.13118591116727885,-0.06218618154525757,-0.05676543712615967,-0.1453478555566221,-0.0600583553314209,-0.051889240741729736,-0.1546840439921766,0.0412752628326416,-0.16092342138290405,-0.08307763146223124,0.003982186317443848,-0.07122087478637695,-0.11844848798574503,-0.030269533395767212,-0.013562023639678955,-0.11707712667049464,-0.02735099196434021,-0.029495537281036377,-0.1148302923327833,0.07439512014389038,-0.10903096199035645,-0.0796907539850622,0.04795581102371216,-0.025322437286376953,-0.11875953482450541,0.006190896034240723,0.011994898319244385,-0.10927785145105418,-0.00929194688796997,0.00778883695602417,-0.09908924953998621,0.09184283018112183,-0.04765719175338745,-0.08165451841415461,0.10377901792526245,0.0051000118255615234,-0.12737209307016428,0.1194300651550293,0.030974745750427246,-0.13788811074556406,0.1432066559791565,0.04319053888320923,-0.13769464896978434
J,0.0,0.0,0.0,-0.04038843512535095,-0.021368026733398438,-0.04829732382998486,-0.07878762483596802,-0.03484809398651123,-0.08751320520744343,-0.08062782883644104,-0.004624903202056885,-0.12108012715683003,-0.04604098200798035,0.043134868144989014,-0.15073588917360325,-0.011738598346710205,-0.17756211757659912,-0.0678858948718073,-0.06070294976234436,-0.09905850887298584,-0.11320535520420094,-0.07509458065032959,-0.04149150848388672,-0.14209621081457158,-0.06872600317001343,-0.03093695640563965,-0.1592981709013941,0.03633737564086914,-0.14296215772628784,-0.06517494896755238,-0.014274418354034424,-0.05784440040588379,-0.09759489873752614,-0.04239055514335632,-0.004559576511383057,-0.10374882499084492,-0.04211816191673279,-0.010295689105987549,-0.1073199329744341,0.06803888082504272,-0.09014266729354858,-0.06775773743495961,0.024061858654022217,-0.009490013122558594,-0.09974472651586552,-0.012241780757904053,0.026597142219543457,-0.09219271371469517,-0.022599637508392334,0.02020949125289917,-0.08366944322690983,0.08700287342071533,-0.031939923763275146,-0.07559678385362645,0.05309945344924927,0.024329721927642822,-0.09711487273082753,0.02245163917541504,0.04866623878479004,-0.0910501746307375,0.009717762470245361,0.048628151416778564,-0.08289079794988652
J,0.0,0.0,0.0,-0.04205802083015442,-0.027054786682128906,-0.03992270944320353,-0.07949435710906982,-0.04027742147445679,-0.0724969085832754,-0.09314313530921936,-0.007116734981536865,-0.10022596535884531,-0.07209447026252747,0.046479880809783936,-0.12449410078727396,-0.01521158218383789,-0.1583116054534912,-0.06474197176896723,-0.08618098497390747,-0.09735351800918579,-0.10073644188844355,-0.09467291831970215,-0.037127792835235596,-0.11963514504634531,-0.07833963632583618,-0.024792373180389404,-0.13168240604602488,0.028466224670410156,-0.12056392431259155,-0.06486635921203288,-0.05132848024368286,-0.0397719144821167,-0.09331826386653574,-0.0692625641822815,0.015147387981414795,-0.09715042529307993,-0.05821862816810608,0.009646296501159668,-0.09940264640056284,0.055645525455474854,-0.06387001276016235,-0.06839534906350764,-0.015583634376525879,0.01539522409439087,-0.09585511205398234,-0.04133409261703491,0.050172388553619385,-0.08645655480825098,-0.039291203022003174,0.043140530586242676,-0.07800089833938273,0.06957423686981201,-0.0036893486976623535,-0.07637929437362345,0.01831841468811035,0.05530738830566406,-0.09955031690799387,-0.001011490821838379,0.08232271671295166,-0.09497613725864085,0.0009693503379821777,0.08820438385009766,-0.08765598652564677
J,0.0,0.0,0.0,-0.04566681385040283,-0.036354243755340576,-0.03942185825150091,-0.08577752113342285,-0.05570173263549805,-0.07570537737052518,-0.10997644066810608,-0.028307855129241943,-0.10622633060853559,-0.10110899806022644,0.03645205497741699,-0.13450775852840025,-0.01388925313949585,-0.16285234689712524,-0.08361030182283002,-0.09188598394393921,-0.10634171962738037,-0.11592979541461546,-0.10096621513366699,-0.05125933885574341,-0.12599095514457304,-0.08812090754508972,-0.03648233413696289,-0.13256521335284788,0.027341783046722412,-0.12234604358673096,-0.08541434815566618,-0.054443955421447754,-0.04812884330749512,-0.1162087153498419,-0.07323282957077026,0.003796219825744629,-0.11785473486821729,-0.06813329458236694,0.0019745826721191406,-0.11838617733161527,0.053763747215270996,-0.06450080871582031,-0.08844432792108137,-0.015089929103851318,0.006990373134613037,-0.12280066123645383,-0.04316398501396179,0.04024320840835571,-0.11694723925035078,-0.04781496524810791,0.03250616788864136,-0.11118433436791975,0.06717091798782349,-0.002887129783630371,-0.09459397754113752,0.03645491600036621,0.06762391328811646,-0.1294957231585272,0.031267523765563965,0.11609882116317749,-0.13113389721553403,0.04211020469665527,0.13674122095108032,-0.12735335341136533
J,0.0,0.0,0.0,-0.05016124248504639,-0.06117510795593262,-0.02559505633473691,-0.0882270336151123,-0.10020947456359863,-0.05579731657564935,-0.11497247219085693,-0.07569068670272827,-0.08296332179963883,-0.1128653883934021,-0.009769439697265625,-0.10909106999099549,-0.020541012287139893,-0.21160465478897095,-0.06752287268102464,-0.10263627767562866,-0.16245979070663452,-0.0943958726471692,-0.112826406955719,-0.10761117935180664,-0.10509763329685029,-0.10227003693580627,-0.08125871419906616,-0.11228000789344605,0.016315579414367676,-0.16934597492218018,-0.07495877563417253,-0.07690936326980591,-0.10571116209030151,-0.09866554706752595,-0.09166058897972107,-0.05555868148803711,-0.10252946286857423,-0.0844414234161377,-0.03706163167953491,-0.10635305612743196,0.04017704725265503,-0.10569620132446289,-0.08260985880554017,-0.043111562728881836,-0.04631155729293823,-0.10741126208961305,-0.0679386556148529,-0.016235649585723877,-0.10764199912011918,-0.07153904438018799,-0.007801532745361328,-0.10827731757819947,0.052031099796295166,-0.03735238313674927,-0.09230703532159623,0.008677840232849121,0.014617443084716797,-0.11554497152030763,-0.0034580230712890625,0.05304139852523804,-0.11639331697881516,3.3974647521972656e-05,0.07596540451049805,-0.11472317248046693
J,0.0,0.0,0.0,-0.0511322021484375,-0.05386924743652344,-0.027010466787373844,-0.09276437759399414,-0.09116482734680176,-0.05458203319028598,-0.12492433190345764,-0.07599389553070068,-0.07788573938921672,-0.1238332986831665,-0.02645343542098999,-0.10009586799458248,-0.024666309356689453,-0.20943403244018555,-0.07023762899950725,-0.10791021585464478,-0.16694533824920654,-0.09584279346779567,-0.11686691641807556,-0.10536617040634155,-0.10232515621498806,-0.10357743501663208,-0.07986873388290405,-0.10604763019398433,0.017742276191711426,-0.16744178533554077,-0.07364548731163723,-0.08476635813713074,-0.11014211177825928,-0.0968812851937173,-0.09207355976104736,-0.055127739906311035,-0.09572365868405086,-0.07858264446258545,-0.04373276233673096,-0.09528968471602184,0.04205900430679321,-0.10089004039764404,-0.07755357760504467,-0.047650039196014404,-0.04878950119018555,-0.1042958496840356,-0.059587955474853516,-0.019478678703308105,-0.10275554645374996,-0.052524060010910034,-0.017928123474121094,-0.10058612364844066,0.053380489349365234,-0.031072378158569336,-0.08258203405455333,0.0010001063346862793,0.014923095703125,-0.10562799114302379,-0.010551750659942627,0.04979407787322998,-0.10524031508282405,-0.007752895355224609,0.06725364923477173,-0.1024064196975587
J,0.0,0.0,0.0,-0.05382424592971802,-0.06554323434829712,-0.01982401378080567,-0.1000916063785553,-0.10578763484954834,-0.04392554863915166,-0.13815858960151672,-0.08811229467391968,-0.06550580516085347,-0.14009517431259155,-0.03918689489364624,-0.0858183230422469,-0.022825777530670166,-0.21263569593429565,-0.05755792066082677,-0.10447797179222107,-0.188379168510437,-0.07703419282660207,-0.125046968460083,-0.13202589750289917,-0.0785386662147971,-0.12224966287612915,-0.10428428649902344,-0.07930079355463704,0.014943301677703857,-0.16178756952285767,-0.06423485532030782,-0.08918732404708862,-0.11952799558639526,-0.0819668050073119,-0.10083848237991333,-0.07241904735565186,-0.08064881220087727,-0.09357333183288574,-0.06332165002822876,-0.08152015760168752,0.03524094820022583,-0.091280996799469,-0.0709802384637328,-0.05565759539604187,-0.051703572273254395,-0.0946604262255164,-0.07409867644309998,-0.026003658771514893,-0.09612201407179555,-0.08079308271408081,-0.027850091457366943,-0.09731773540005406,0.042339324951171875,-0.01860058307647705,-0.07811443015560826,-0.010363936424255371,0.019301950931549072,-0.09861859187111577,-0.02958357334136963,0.05273061990737915,-0.09815696879849156,-0.04218322038650513,0.06875711679458618,-0.09649134680256566
J,0.0,0.0,0.0,-0.0504642128944397,-0.07669317722320557,-0.02412369711120732,-0.09989255666732788,-0.12866413593292236,-0.05015734074433453,-0.14498761296272278,-0.12199985980987549,-0.07350006935914166,-0.1503058671951294,-0.07413977384567261,-0.09397612003405698,-0.02485942840576172,-0.23989099264144897,-0.055580018589097335,-0.12228339910507202,-0.21581542491912842,-0.07874620942195065,-0.1352626085281372,-0.1511048674583435,-0.0826344066651643,-0.12037473917007446,-0.12445694208145142,-0.08479351786692746,0.01100391149520874,-0.18902069330215454,-0.060647896060544326,-0.10866469144821167,-0.14546549320220947,-0.08293777195532925,-0.1136125922203064,-0.09167861938476562,-0.08050766078551419,-0.09477385878562927,-0.08213895559310913,-0.07890819994528897,0.028464019298553467,-0.11874663829803467,-0.06699954954703458,-0.07833075523376465,-0.08109277486801147,-0.09115727482159741,-0.0868237316608429,-0.045451462268829346,-0.08581180361827023,-0.0774211585521698,-0.04201239347457886,-0.08067485181410916,0.03576928377151489,-0.04406088590621948,-0.0749735334308923,-0.03273957967758179,-0.01399904489517212,-0.09467305479367383,-0.054335057735443115,0.014853358268737793,-0.09162053702195294,-0.06402745842933655,0.028156936168670654,-0.08649939534981854
J,0.0,0.0,0.0,-0.04854816198348999,-0.07816195487976074,-0.014897444687449024,-0.09791454672813416,-0.12718582153320312,-0.03631107735600381,-0.1492171287536621,-0.1176227331161499,-0.05783744755353837,-0.1679387092590332,-0.07922399044036865,-0.07948833185400872,-0.02065110206604004,-0.22904181480407715,-0.04259727749195008,-0.0851806104183197,-0.23050779104232788,-0.06512028950419335,-0.11991533637046814,-0.20521163940429688,-0.07437245774235635,-0.13591977953910828,-0.19154691696166992,-0.08075373101200967,0.005221545696258545,-0.178192138671875,-0.05120767506923585,-0.09499675035476685,-0.15540248155593872,-0.07295620667900948,-0.1177646815776825,-0.11275249719619751,-0.0754072763320437,-0.11572745442390442,-0.09749048948287964,-0.07728979217972665,0.01690042018890381,-0.10852724313735962,-0.06069154146280198,-0.07299694418907166,-0.09229177236557007,-0.0863964952823153,-0.09862282872200012,-0.06305485963821411,-0.08765851187672524,-0.10645368695259094,-0.053601741790771484,-0.08640264201130776,0.01912212371826172,-0.03535228967666626,-0.07053391116824059,-0.039541423320770264,-0.020770490169525146,-0.09381829428639321,-0.07088154554367065,0.0013655424118041992,-0.09518540877070336,-0.08968198299407959,0.01608884334564209,-0.0930328689810267
J,0.0,0.0,0.0,-0.04301422834396362,-0.07704752683639526,-0.01626831196441003,-0.08492833375930786,-0.12885630130767822,-0.03873443506850549,-0.12919801473617554,-0.12390279769897461,-0.06048552967800447,-0.15715664625167847,-0.09007000923156738,-0.08301387258066484,-0.010373532772064209,-0.22038263082504272,-0.05246519200696298,-0.09211337566375732,-0.22278863191604614,-0.08119891859783479,-0.1255701184272766,-0.1807219386100769,-0.09398621596588441,-0.13354703783988953,-0.15305233001708984,-0.10154615618480989,0.013979673385620117,-0.16817569732666016,-0.06194797806634256,-0.0788736343383789,-0.1693856120109558,-0.08850173182977983,-0.11448937654495239,-0.12809377908706665,-0.09326897092356035,-0.12464874982833862,-0.10639268159866333,-0.09700055696262666,0.024882197380065918,-0.0985642671585083,-0.07231764771236726,-0.0544281005859375,-0.10203397274017334,-0.10282971240772554,-0.09539645910263062,-0.07553768157958984,-0.10523515470518419,-0.11578696966171265,-0.060993313789367676,-0.10476962752832719,0.025641441345214844,-0.025314927101135254,-0.08270098544849702,-0.02459883689880371,-0.029895424842834473,-0.10931711919798204,-0.06186497211456299,-0.014421343803405762,-0.11152352668537446,-0.08549326658248901,-0.0020676851272583008,-0.11049686648144075
J,0.0,0.0,0.0,-0.02976912260055542,-0.08274984359741211,-0.01872354285143274,-0.05976766347885132,-0.13938963413238525,-0.04647906781457323,-0.09892553091049194,-0.16267704963684082,-0.07165511609338182,-0.13332176208496094,-0.15688467025756836,-0.09581838459990877,0.022447407245635986,-0.1966814398765564,-0.07612025649569887,-0.06363672018051147,-0.22603285312652588,-0.10959745110295671,-0.10277029871940613,-0.20009255409240723,-0.11456268192551988,-0.11397707462310791,-0.16514182090759277,-0.11503271670363802,0.03345930576324463,-0.14822804927825928,-0.08519036234639543,-0.07589805126190186,-0.1871623396873474,-0.12291034222863573,-0.1118074357509613,-0.14886146783828735,-0.11862125904582399,-0.11477518081665039,-0.11742866039276123,-0.11196894855521577,0.03091210126876831,-0.08559691905975342,-0.0948238214971866,-0.06724247336387634,-0.1301385760307312,-0.13200904340766328,-0.09909164905548096,-0.11121553182601929,-0.12249325127623933,-0.10326462984085083,-0.09276825189590454,-0.11135280789159197,0.017823517322540283,-0.02167576551437378,-0.10474723489306825,-0.04186439514160156,-0.054970383644104004,-0.14497761340163606,-0.07672932744026184,-0.08058172464370728,-0.1535757324220981,-0.09427893161773682,-0.10028046369552612,-0.15416057319663423
J,0.0,0.0,0.0,-0.024412155151367188,-0.08271181583404541,-0.012407465531651951,-0.050825417041778564,-0.13711291551589966,-0.03146639156264541,-0.09024110436439514,-0.15223050117492676,-0.05046916070503471,-0.12364768981933594,-0.14306777715682983,-0.07062545853776214,0.02185434103012085,-0.18187057971954346,-0.048219662784759976,-0.05010956525802612,-0.21915137767791748,-0.07282092112225769,-0.09221440553665161,-0.2186855673789978,-0.08233034300727127,-0.115907222032547,-0.21242135763168335,-0.08824175286216018,0.030449092388153076,-0.13662827014923096,-0.05739742579979179,-0.06242102384567261,-0.17883652448654175,-0.08182209420127151,-0.10011562705039978,-0.16503357887268066,-0.08417301314992187,-0.11190158128738403,-0.15605854988098145,-0.08537842768353698,0.023862898349761963,-0.07929772138595581,-0.06716418701333282,-0.05933547019958496,-0.12236142158508301,-0.093219947694962,-0.088163822889328,-0.12173134088516235,-0.09117373514098404,-0.0947374701499939,-0.1223149299621582,-0.08747941690606353,0.007661163806915283,-0.022992730140686035,-0.07720908212584732,-0.050936996936798096,-0.05362546443939209,-0.10443043398780105,-0.08345180749893188,-0.07524299621582031,-0.10888914453906295,-0.10136216878890991,-0.09195518493652344,-0.1087744652025151
J,0.0,0.0,0.0,-0.023885607719421387,-0.07726794481277466,-0.013624210493361488,-0.048486530780792236,-0.12990862131118774,-0.03600638697454883,-0.08523023128509521,-0.14867770671844482,-0.05812610650966121,-0.12214359641075134,-0.14769995212554932,-0.08134000713536693,0.017869114875793457,-0.17801237106323242,-0.055854964652752415,-0.0491214394569397,-0.21437060832977295,-0.08475935424277736,-0.09259885549545288,-0.2166394591331482,-0.09495557064721538,-0.11869445443153381,-0.2116776704788208,-0.10087022150466396,0.026613712310791016,-0.1338813304901123,-0.06649679655740215,-0.06447690725326538,-0.1814272403717041,-0.0973959710688348,-0.10779726505279541,-0.15833568572998047,-0.09750976378629161,-0.12161999940872192,-0.14089667797088623,-0.09547393734166576,0.020103156566619873,-0.07838612794876099,-0.07806666905591442,-0.07062423229217529,-0.1266556978225708,-0.10825254733273937,-0.10711371898651123,-0.11634993553161621,-0.10248260165164425,-0.11590045690536499,-0.108193039894104,-0.09556373918960048,0.0029253363609313965,-0.023076951503753662,-0.09025131131122066,-0.054719626903533936,-0.057057857513427734,-0.12160022521922542,-0.08918583393096924,-0.08077377080917358,-0.12684610451171352,-0.10712361335754395,-0.09987646341323853,-0.12688533926913692
J,0.0,0.0,0.0,-0.02828526496887207,-0.07193195819854736,-0.012879802655618278,-0.0488889217376709,-0.12288486957550049,-0.03260583784077653,-0.07913258671760559,-0.14141803979873657,-0.05270612593386659,-0.11098667979240417,-0.1435774564743042,-0.07454198207352647,0.022341609001159668,-0.16622060537338257,-0.04447732101772317,-0.03471553325653076,-0.20528173446655273,-0.07372342403624543,-0.07910984754562378,-0.21427464485168457,-0.0902710666844655,-0.10718220472335815,-0.21602940559387207,-0.10055946167204866,0.031596243381500244,-0.12695550918579102,-0.05494741331432351,-0.04402261972427368,-0.1768363118171692,-0.0835378056356717,-0.09133288264274597,-0.17052185535430908,-0.09001246448252687,-0.11394363641738892,-0.16379302740097046,-0.09321198220942506,0.0261533260345459,-0.07685571908950806,-0.06680162604544648,-0.04960387945175171,-0.1222112774848938,-0.09401462580655107,-0.0898599624633789,-0.12630218267440796,-0.09313326682541856,-0.10594895482063293,-0.12983828783035278,-0.09003254379723558,0.009991347789764404,-0.0270577073097229,-0.07942329700682649,-0.040286242961883545,-0.060721755027770996,-0.10444069262240419,-0.0732802152633667,-0.08527010679244995,-0.10785287227128038,-0.09171119332313538,-0.10559481382369995,-0.10761846955512056
J,0.0,0.0,0.0,-0.021701812744140625,-0.06769704818725586,-0.010547107147942825,-0.03957110643386841,-0.12110680341720581,-0.028230805012356086,-0.06867951154708862,-0.1457872986793518,-0.04677957488871698,-0.09568417072296143,-0.1554238200187683,-0.0677959528443921,0.023698747158050537,-0.15857332944869995,-0.03885064466572885,-0.026974618434906006,-0.20443063974380493,-0.06648784695840959,-0.06858623027801514,-0.222730815410614,-0.08464913635231142,-0.09916806221008301,-0.2298240065574646,-0.09493811993576173,0.026557207107543945,-0.121734619140625,-0.04827670572973375,-0.029946863651275635,-0.17437654733657837,-0.06974112807489519,-0.07672786712646484,-0.1887860894203186,-0.07595569460369234,-0.10731369256973267,-0.19581234455108643,-0.07990775822378282,0.015859365463256836,-0.07644534111022949,-0.058816781329880996,-0.04135972261428833,-0.12761706113815308,-0.07962701289631013,-0.08238771557807922,-0.14287012815475464,-0.07877544878698473,-0.10590961575508118,-0.1485190987586975,-0.07623158960319643,-0.005426466464996338,-0.032446205615997314,-0.06992117880560045,-0.04827547073364258,-0.07482343912124634,-0.08886863111234788,-0.0752364993095398,-0.09928548336029053,-0.08924551873184328,-0.09062674641609192,-0.1133604645729065,-0.08676296292520647
J,0.0,0.0,0.0,-0.03407829999923706,-0.06278985738754272,-0.012704679477607783,-0.0556720495223999,-0.10575336217880249,-0.031684502694403704,-0.08475390076637268,-0.12462067604064941,-0.0510101278457995,-0.11053287982940674,-0.13542628288269043,-0.0723157783184405,0.02500218152999878,-0.15590232610702515,-0.03638315919378954,-0.023699700832366943,-0.20008385181427002,-0.06410957473853784,-0.06258317828178406,-0.21932381391525269,-0.08459127295354563,-0.09227722883224487,-0.22973114252090454,-0.09726676690915781,0.033139169216156006,-0.12499147653579712,-0.045119620594775256,-0.020765066146850586,-0.17587292194366455,-0.06690000343660074,-0.06196480989456177,-0.19105494022369385,-0.07703739750722605,-0.09160071611404419,-0.20023274421691895,-0.08445797461608606,0.027076423168182373,-0.08240258693695068,-0.0553397570882197,-0.024983882904052734,-0.12743788957595825,-0.07593924153188425,-0.05858856439590454,-0.14556914567947388,-0.07864734876493173,-0.08144047856330872,-0.15825152397155762,-0.0795578767691012,0.00950634479522705,-0.038051724433898926,-0.06651392925122934,-0.027069091796875,-0.07091182470321655,-0.08604997742513376,-0.04989081621170044,-0.09922581911087036,-0.08966904479602533,-0.06491369009017944,-0.12498140335083008,-0.09031621712783533
J,0.0,0.0,0.0,-0.025175094604492188,-0.061249494552612305,-0.01348082925423455,-0.04114311933517456,-0.1063275933265686,-0.03065075277581286,-0.06420427560806274,-0.13296127319335938,-0.04787150881483626,-0.08205804228782654,-0.15552645921707153,-0.0664161864598043,0.030818462371826172,-0.14547109603881836,-0.0342656571347959,-0.015939056873321533,-0.19081377983093262,-0.06187912560298514,-0.05370792746543884,-0.21186071634292603,-0.08251005149676871,-0.08292174339294434,-0.22371578216552734,-0.09529763198688102,0.03826773166656494,-0.11503100395202637,-0.04212607554390502,-0.01350778341293335,-0.16445821523666382,-0.06485271937444281,-0.05415534973144531,-0.18380993604660034,-0.07661153859689307,-0.08416807651519775,-0.19575434923171997,-0.08512622601583075,0.032202303409576416,-0.07604485750198364,-0.05178827903463912,-0.019730985164642334,-0.11958730220794678,-0.07425480819537711,-0.05498203635215759,-0.143499493598938,-0.0795292977173574,-0.08013269305229187,-0.15881305932998657,-0.08198484516933036,0.016218960285186768,-0.03569978475570679,-0.0622795831341989,-0.023175358772277832,-0.07207155227661133,-0.08304887748553824,-0.04911378026008606,-0.09876453876495361,-0.087832008667732,-0.06797876954078674,-0.11873716115951538,-0.08923665917708945
J,0.0,0.0,0.0,-0.03189957141876221,-0.06503748893737793,-0.012836395742709783,-0.04738503694534302,-0.11592572927474976,-0.02828160112571254,-0.06798958778381348,-0.14754480123519897,-0.04309051854383483,-0.08616435527801514,-0.17597681283950806,-0.05922238526713386,0.023403942584991455,-0.15199875831604004,-0.03844550622474685,-0.026534855365753174,-0.19789791107177734,-0.0653696395255281,-0.06392565369606018,-0.21586692333221436,-0.08438541365634933,-0.09392708539962769,-0.22637391090393066,-0.09643029047023788,0.03054642677307129,-0.12139958143234253,-0.04601614175211921,-0.023664891719818115,-0.17030471563339233,-0.06885964048873916,-0.06498599052429199,-0.1871853470802307,-0.08047394079935088,-0.0955057144165039,-0.19832491874694824,-0.0897778905726625,0.024371862411499023,-0.08079993724822998,-0.05498498676192298,-0.02583444118499756,-0.12670111656188965,-0.07789706064235702,-0.0640726089477539,-0.1519950032234192,-0.08409703893434539,-0.09156984090805054,-0.17019027471542358,-0.08797097576629653,0.007119297981262207,-0.038158118724823,-0.06458834184181228,-0.02406144142150879,-0.07557922601699829,-0.08772585911523834,-0.04490017890930176,-0.10793685913085938,-0.09591838342916503,-0.06022524833679199,-0.13552212715148926,-0.10030086709033981
