label,x0,y0,z0,x1,y1,z1,x2,y2,z2,x3,y3,z3,x4,y4,z4,x5,y5,z5,x6,y6,z6,x7,y7,z7,x8,y8,z8,x9,y9,z9,x10,y10,z10,x11,y11,z11,x12,y12,z12,x13,y13,z13,x14,y14,z14,x15,y15,z15,x16,y16,z16,x17,y17,z17,x18,y18,z18,x19,y19,z19,x20,y20,z20
M,0.0,0.0,0.0,-0.05551499128341675,-0.06553870439529419,-0.031080037849534392,-0.06763049960136414,-0.15728509426116943,-0.04059380156039083,-0.028053700923919678,-0.2548943758010864,-0.05129096892713392,0.0016217231750488281,-0.328482061624527,-0.05769408729909742,-0.11758884787559509,-0.21226751804351807,0.02631608719886458,-0.12373733520507812,-0.31974905729293823,-0.002850410324100494,-0.09941679239273071,-0.27941185235977173,-0.03266082939742887,-0.08178582787513733,-0.22306394577026367,-0.04831208524345243,-0.0673208236694336,-0.2360350489616394,0.027875480679284692,-0.08131971955299377,-0.3641741871833801,-0.0002794175227620599,-0.0636286735534668,-0.30748772621154785,-0.02991376680373037,-0.05490058660507202,-0.24998348951339722,-0.04216812786697233,-0.019819438457489014,-0.2384282350540161,0.021586238843809724,-0.024310648441314697,-0.33917099237442017,-0.004839822678405881,-0.022741377353668213,-0.2753385305404663,-0.017958509298551917,-0.025416135787963867,-0.21502703428268433,-0.019601928564298987,0.026592016220092773,-0.22220063209533691,0.0118647548085562,0.011362910270690918,-0.2816143035888672,-0.0019214171036594507,0.004355669021606445,-0.23647546768188477,-0.0009566950896271464,-0.004285454750061035,-0.1937209963798523,0.002923055523496032
M,0.0,0.0,0.0,-0.06039905548095703,-0.06398487091064453,-0.02981590439267734,-0.07529062032699585,-0.154449462890625,-0.04107414518185237,-0.03416109085083008,-0.2510751485824585,-0.05411869992204288,-0.0003840923309326172,-0.3241414427757263,-0.06326869089789966,-0.11821559071540833,-0.20990997552871704,0.022130154476684538,-0.1255219280719757,-0.3148622512817383,-0.010154218009489568,-0.10139575600624084,-0.2743437886238098,-0.04141269583888629,-0.08376222848892212,-0.21773159503936768,-0.057784329696374925,-0.06837591528892517,-0.23323458433151245,0.022023816065114943,-0.0822702944278717,-0.3597301244735718,-0.00980660372115949,-0.06458711624145508,-0.30339515209198,-0.03982443694658855,-0.055660098791122437,-0.2430756688117981,-0.05193889845796207,-0.02026534080505371,-0.23565787076950073,0.014311872826141325,-0.02591174840927124,-0.3412474989891052,-0.015807276188212427,-0.024389982223510742,-0.2757251262664795,-0.02881417383142093,-0.02735382318496704,-0.21162962913513184,-0.029495721279459985,0.026536405086517334,-0.2202908992767334,0.0034358114313306487,0.009541153907775879,-0.28001904487609863,-0.013668407282608541,0.0026994943618774414,-0.23542124032974243,-0.013651161051171812,-0.004613637924194336,-0.19240689277648926,-0.009745858206230196
M,0.0,0.0,0.0,-0.058393657207489014,-0.06045258045196533,-0.03287701753654915,-0.07447695732116699,-0.15117013454437256,-0.04331740436830955,-0.036641597747802734,-0.24754053354263306,-0.054620214530615385,-0.007030308246612549,-0.31770622730255127,-0.06160514874139267,-0.12100762128829956,-0.20627868175506592,0.02058218347153229,-0.1282605528831482,-0.312652051448822,-0.010783076078979548,-0.10311096906661987,-0.27087175846099854,-0.04075257180014091,-0.0853641927242279,-0.21457356214523315,-0.05605033857503372,-0.07139790058135986,-0.2317676544189453,0.023095655462356035,-0.08511930704116821,-0.3586367964744568,-0.00892960166314083,-0.06583061814308167,-0.300251841545105,-0.038311549255041655,-0.056479692459106445,-0.24046242237091064,-0.049250040927319105,-0.024637877941131592,-0.23635751008987427,0.01778083408495945,-0.029129862785339355,-0.3399668037891388,-0.01271885426470476,-0.025677144527435303,-0.27264314889907837,-0.02565187474468189,-0.02767544984817505,-0.20943981409072876,-0.025403919422416266,0.021256089210510254,-0.22331345081329346,0.009130997790606443,0.007920920848846436,-0.28413593769073486,-0.007364327346323307,0.0035570859909057617,-0.24031579494476318,-0.00726480575033861,-0.002581000328063965,-0.19843602180480957,-0.002929142934618767
M,0.0,0.0,0.0,-0.05874410271644592,-0.05598771572113037,-0.03185125967394242,-0.0749770998954773,-0.14345109462738037,-0.043945101703513956,-0.037604451179504395,-0.2412990927696228,-0.05690942114125619,-0.008275628089904785,-0.3129792809486389,-0.0656507477713717,-0.12022921442985535,-0.20533031225204468,0.01585400695074668,-0.12773439288139343,-0.31128937005996704,-0.01663219524454007,-0.10404884815216064,-0.2701271176338196,-0.0467133686495913,-0.08568093180656433,-0.21396160125732422,-0.06193137695919404,-0.07068172097206116,-0.2322176694869995,0.017511967887173796,-0.086600661277771,-0.3590543270111084,-0.014664344171990251,-0.06907704472541809,-0.30100786685943604,-0.04284309750329385,-0.05917966365814209,-0.24152469635009766,-0.05301289787422547,-0.02385401725769043,-0.23791152238845825,0.01183900641370883,-0.030435502529144287,-0.34070444107055664,-0.017494426722635126,-0.02721506357192993,-0.27386152744293213,-0.028408122862686014,-0.02742898464202881,-0.2116760015487671,-0.02722775904368291,0.023160874843597412,-0.22481495141983032,0.0028376808306234125,0.008120059967041016,-0.28629934787750244,-0.012082461881448125,0.0023976564407348633,-0.24476498365402222,-0.010624373945404386,-0.0041351318359375,-0.20559990406036377,-0.00559114353637824
M,0.0,0.0,0.0,-0.05622208118438721,-0.056762754917144775,-0.03268217649414851,-0.07162252068519592,-0.14696639776229858,-0.04411113988712145,-0.03675752878189087,-0.24516701698303223,-0.05589018371060206,-0.007733047008514404,-0.3167845606803894,-0.06324879806592776,-0.11711141467094421,-0.20738554000854492,0.016003892010900245,-0.12401431798934937,-0.31370729207992554,-0.015025998280492558,-0.10050949454307556,-0.27286475896835327,-0.04428926091745211,-0.08304610848426819,-0.21593588590621948,-0.05919764172389819,-0.06803056597709656,-0.23339909315109253,0.01869613509521173,-0.08415403962135315,-0.3599740266799927,-0.011224064790752664,-0.06626227498054504,-0.30326199531555176,-0.03856640290572955,-0.057108074426651,-0.2452440857887268,-0.048954129033830895,-0.021859288215637207,-0.23809504508972168,0.014063329621109233,-0.02785801887512207,-0.3409426808357239,-0.01372553296491219,-0.02465575933456421,-0.27636444568634033,-0.024126920663860574,-0.025629818439483643,-0.21481412649154663,-0.023444723152664437,0.02450251579284668,-0.22409403324127197,0.006040660384002194,0.00979536771774292,-0.28640544414520264,-0.008292118833509221,0.005120515823364258,-0.24540692567825317,-0.006484504138228431,-0.0012587904930114746,-0.20574486255645752,-0.0016773056016461396
M,0.0,0.0,0.0,-0.05584236979484558,-0.059560954570770264,-0.033681064692416385,-0.07038816809654236,-0.15239882469177246,-0.04472422957150002,-0.03280442953109741,-0.2504345774650574,-0.05585220068422814,-0.00396960973739624,-0.3249956965446472,-0.06236207097498436,-0.11760008335113525,-0.2071009874343872,0.01770281993123035,-0.12424463033676147,-0.31562232971191406,-0.012345541116872027,-0.0995175838470459,-0.27362924814224243,-0.04130964711038132,-0.08147671818733215,-0.21648931503295898,-0.056416343745866016,-0.06771349906921387,-0.2325766682624817,0.020642548951229855,-0.0822870135307312,-0.3613206744194031,-0.009324393083431914,-0.06318062543869019,-0.30313462018966675,-0.037540566024460986,-0.05356279015541077,-0.24387353658676147,-0.04857569545237084,-0.0213889479637146,-0.23611128330230713,0.01602706700833778,-0.025264203548431396,-0.33719202876091003,-0.012928557430484489,-0.02216804027557373,-0.2696136236190796,-0.02504142917422314,-0.023874938488006592,-0.2065044641494751,-0.025361120549121097,0.023617029190063477,-0.2225741744041443,0.00801261902125816,0.008556842803955078,-0.2771521210670471,-0.008457446319141582,0.003943026065826416,-0.23017311096191406,-0.00827383793620129,-0.0014078617095947266,-0.18706560134887695,-0.004435406846084788
M,0.0,0.0,0.0,-0.0583459734916687,-0.058812856674194336,-0.03191893333865892,-0.07319861650466919,-0.15229171514511108,-0.042863705850379574,-0.03266876935958862,-0.2509869933128357,-0.05420879433228265,-0.002416670322418213,-0.3251497149467468,-0.061354910678403485,-0.11906680464744568,-0.20815610885620117,0.01771384505258311,-0.12569302320480347,-0.31450051069259644,-0.013309709451334584,-0.10131251811981201,-0.27085602283477783,-0.042677813864486325,-0.08434736728668213,-0.21354752779006958,-0.05797431776596795,-0.0698474645614624,-0.23291230201721191,0.01888596666680087,-0.0847020149230957,-0.3611310124397278,-0.011337262301879036,-0.06689316034317017,-0.30279868841171265,-0.03897098610474359,-0.058060407638549805,-0.2433854341506958,-0.04951092386914979,-0.02274930477142334,-0.23563039302825928,0.012525989019138706,-0.027786970138549805,-0.3354809284210205,-0.01601774031593095,-0.02619647979736328,-0.2694661021232605,-0.027277650035159695,-0.029410481452941895,-0.2097582221031189,-0.027499627045528996,0.02362680435180664,-0.2194344401359558,0.002832454905671966,0.00858241319656372,-0.273009717464447,-0.013410890198485959,0.0012715458869934082,-0.22295522689819336,-0.012252181491987812,-0.007416367530822754,-0.17923980951309204,-0.007967003344731438
M,0.0,0.0,0.0,-0.057530224323272705,-0.05773305892944336,-0.03439083529610798,-0.07244980335235596,-0.14798998832702637,-0.04700394181509182,-0.03662937879562378,-0.24643397331237793,-0.06011889336605236,-0.007076621055603027,-0.31872087717056274,-0.06841789765258,-0.11543029546737671,-0.20387661457061768,0.014500247109936026,-0.12433108687400818,-0.31180340051651,-0.018282097037626954,-0.099789559841156,-0.2713582515716553,-0.04810097275276348,-0.0826147198677063,-0.21501612663269043,-0.06283029003043339,-0.06653189659118652,-0.23229187726974487,0.018365911934779433,-0.08311694860458374,-0.3603435754776001,-0.014054802451028081,-0.06450891494750977,-0.30319249629974365,-0.04242640195388958,-0.055997222661972046,-0.24361437559127808,-0.052615801077081414,-0.021528899669647217,-0.23996442556381226,0.014646586757407931,-0.028227627277374268,-0.3399924635887146,-0.014436284284784051,-0.02373439073562622,-0.27558761835098267,-0.025497349183751794,-0.023451685905456543,-0.21331638097763062,-0.024038527365519258,0.02384316921234131,-0.23069816827774048,0.007308369297788886,0.010372519493103027,-0.2952418327331543,-0.005876871030523034,0.007894396781921387,-0.2641613483428955,-0.004687045439823123,0.003123462200164795,-0.23021429777145386,-3.322923021187307e-05
M,0.0,0.0,0.0,-0.058549851179122925,-0.0580253005027771,-0.032072589750981706,-0.07272908091545105,-0.14859700202941895,-0.041673772986627,-0.03490865230560303,-0.24634933471679688,-0.051494994219041246,-0.005351245403289795,-0.31852540373802185,-0.05716887956450023,-0.11614900827407837,-0.20244932174682617,0.02086337933351956,-0.12347319722175598,-0.30850088596343994,-0.0064859073791865285,-0.10081711411476135,-0.26640939712524414,-0.03352176120469608,-0.08409106731414795,-0.21058034896850586,-0.04766432290861644,-0.06838449835777283,-0.22689378261566162,0.023878478426837546,-0.08575472235679626,-0.3533693850040436,-0.003283502552307027,-0.06796902418136597,-0.2967531681060791,-0.030272419582701104,-0.05781048536300659,-0.2394217848777771,-0.04120663648436107,-0.022443413734436035,-0.23097765445709229,0.01947301344981156,-0.030047893524169922,-0.33896729350090027,-0.007621398679560798,-0.027562439441680908,-0.27454423904418945,-0.02011339647660293,-0.02876567840576172,-0.21305334568023682,-0.02155571339616813,0.02259063720703125,-0.21783548593521118,0.011882647853695971,0.004384160041809082,-0.27335792779922485,-0.004957771412676948,0.0004069209098815918,-0.22754591703414917,-0.0058765802715186055,-0.0033069849014282227,-0.18576568365097046,-0.003054920835069197
M,0.0,0.0,0.0,-0.05877849459648132,-0.059712350368499756,-0.029393823929638074,-0.07438838481903076,-0.1538858413696289,-0.04060184780558984,-0.032862305641174316,-0.24942517280578613,-0.052237970866769956,-0.0005181431770324707,-0.3225824236869812,-0.06018952850303094,-0.11638280749320984,-0.20910143852233887,0.015608603953808142,-0.1247701346874237,-0.31303173303604126,-0.013274671622127698,-0.10174340009689331,-0.2707728147506714,-0.04139302868446748,-0.08452832698822021,-0.21445268392562866,-0.05674639914235513,-0.06818735599517822,-0.23155426979064941,0.015293971523135497,-0.08524546027183533,-0.3559727668762207,-0.011535552442580865,-0.0683041512966156,-0.3027917146682739,-0.03864859987100999,-0.05806446075439453,-0.24611705541610718,-0.050790352859110044,-0.02076900005340576,-0.23177748918533325,0.008174873776226832,-0.02803117036819458,-0.3374653458595276,-0.018315242715686963,-0.026693344116210938,-0.27955150604248047,-0.0317043756326143,-0.027394890785217285,-0.22093617916107178,-0.0353151467820112,0.02644282579421997,-0.2143051028251648,-0.0017956263577048048,0.005567967891693115,-0.26230543851852417,-0.019561138116330312,-0.0005639791488647461,-0.21436840295791626,-0.020962679870933698,-0.0051223039627075195,-0.17087256908416748,-0.019211830683559583
M,0.0,0.0,0.0,-0.05864077806472778,-0.06099510192871094,-0.032726902901998756,-0.07392704486846924,-0.15205448865890503,-0.04383768179999947,-0.03766930103302002,-0.25014281272888184,-0.0555357862411654,-0.0070688724517822266,-0.3250840902328491,-0.06264780873047471,-0.11986956000328064,-0.20939403772354126,0.021569819733628037,-0.12669029831886292,-0.3131207227706909,-0.00972812940912604,-0.10140976309776306,-0.27134644985198975,-0.04016860985743165,-0.0838823914527893,-0.2149733304977417,-0.05578772017346978,-0.06977924704551697,-0.233925461769104,0.02398442810786605,-0.08425116539001465,-0.36091703176498413,-0.008164777807763812,-0.06605631113052368,-0.30280447006225586,-0.03769363129126191,-0.057143181562423706,-0.2415103316307068,-0.04853322395669579,-0.022375285625457764,-0.23692560195922852,0.018617488056548837,-0.02654862403869629,-0.33523398637771606,-0.012086308017245528,-0.023263871669769287,-0.2672784924507141,-0.024668744221202132,-0.024012625217437744,-0.20334511995315552,-0.024018224716058967,0.024617552757263184,-0.22336304187774658,0.009932192586489919,0.009619355201721191,-0.27791452407836914,-0.006512533329299686,0.0027812719345092773,-0.23280644416809082,-0.006001497540495393,-0.004653215408325195,-0.19039219617843628,-0.0012720057655712935
M,0.0,0.0,0.0,-0.05724817514419556,-0.06022530794143677,-0.03344187373807017,-0.07209974527359009,-0.15024715662002563,-0.04451681906868998,-0.03539097309112549,-0.24921554327011108,-0.056231039115687054,-0.006641387939453125,-0.323914110660553,-0.06356802443553988,-0.11841028928756714,-0.20576834678649902,0.02118143764744218,-0.12764966487884521,-0.31240522861480713,-0.008872133219142597,-0.10360580682754517,-0.27063804864883423,-0.038179504224558514,-0.08693218231201172,-0.21438109874725342,-0.05325195426632945,-0.06979143619537354,-0.23089271783828735,0.02408203621814664,-0.08647394180297852,-0.35891836881637573,-0.005244692792643946,-0.06858319044113159,-0.3022845387458801,-0.03393306443979327,-0.05973583459854126,-0.24366331100463867,-0.04519170383503024,-0.023271560668945312,-0.23525893688201904,0.019138788333634693,-0.030272603034973145,-0.3358490467071533,-0.00848101871599738,-0.027306318283081055,-0.27158600091934204,-0.021439133682747524,-0.028593003749847412,-0.21001911163330078,-0.022477696189184826,0.022753596305847168,-0.22208553552627563,0.010676057538489658,0.007099568843841553,-0.2794938087463379,-0.004106460144271296,0.002084791660308838,-0.2351536750793457,-0.003942498942365091,-0.003991425037384033,-0.19120419025421143,-0.00027086822012734046
M,0.0,0.0,0.0,-0.05702283978462219,-0.05655074119567871,-0.033545909042317135,-0.07324594259262085,-0.14721029996871948,-0.04563291516419099,-0.03477919101715088,-0.24681425094604492,-0.058108636702257854,-0.0036062002182006836,-0.32208335399627686,-0.06644222658391641,-0.11883988976478577,-0.21101254224777222,0.015568130125444668,-0.12662583589553833,-0.3173432946205139,-0.015958126227218372,-0.10246053338050842,-0.27511096000671387,-0.045562976564127666,-0.08438313007354736,-0.217190682888031,-0.06055044528361009,-0.06914785504341125,-0.23695635795593262,0.017818371241133946,-0.08526501059532166,-0.36560922861099243,-0.012475281546670658,-0.067929208278656,-0.30801141262054443,-0.03984583314772294,-0.05852159857749939,-0.24772197008132935,-0.04958464723344491,-0.021817564964294434,-0.24032807350158691,0.012570513819497364,-0.027346432209014893,-0.33772334456443787,-0.0159097365688865,-0.024107158184051514,-0.27042025327682495,-0.026238040591437084,-0.024510681629180908,-0.20927047729492188,-0.0249109729778354,0.02521038055419922,-0.22454231977462769,0.00386932323422684,0.00993359088897705,-0.28449463844299316,-0.011240798572856647,0.0048247575759887695,-0.23672014474868774,-0.00844585389162944,-0.0011984705924987793,-0.1924196481704712,-0.0023668904908333843
M,0.0,0.0,0.0,-0.061135947704315186,-0.06100153923034668,-0.0330245669564988,-0.07680118083953857,-0.15342003107070923,-0.043833519109227836,-0.03866058588027954,-0.2544981837272644,-0.05558144558284539,-0.00774914026260376,-0.32741767168045044,-0.06271544728491563,-0.12009841203689575,-0.2140454649925232,0.023161758891603768,-0.12710624933242798,-0.32249462604522705,-0.0077879892295982245,-0.10329177975654602,-0.28303152322769165,-0.03780960921261567,-0.08629113435745239,-0.22413355112075806,-0.05247497443173188,-0.06971356272697449,-0.24037694931030273,0.027075565642974198,-0.08418896794319153,-0.3687096834182739,-0.0036497616774227026,-0.06570026278495789,-0.3113710880279541,-0.03270738456461686,-0.05679446458816528,-0.24925678968429565,-0.0430367614707734,-0.022667646408081055,-0.2463499903678894,0.023107006437442124,-0.028043925762176514,-0.34583646059036255,-0.0053038254945363406,-0.023965895175933838,-0.2795923352241516,-0.01707019914005059,-0.02334541082382202,-0.21464234590530396,-0.015761873461940468,0.02444082498550415,-0.2353258728981018,0.01566242542054397,0.010556817054748535,-0.2988399267196655,0.0026141116296116707,0.0057724714279174805,-0.25926733016967773,0.004637648108712256,-0.00024211406707763672,-0.217490553855896,0.010460000708064854
M,0.0,0.0,0.0,-0.06217396259307861,-0.05967700481414795,-0.03094894319090713,-0.07668513059616089,-0.14969491958618164,-0.04148856803092826,-0.038188636302948,-0.25037509202957153,-0.05371769397768844,-0.00661921501159668,-0.3255503177642822,-0.062290846102570185,-0.11979317665100098,-0.21226900815963745,0.023658839321996084,-0.12660548090934753,-0.3179783225059509,-0.008671170764301905,-0.10319876670837402,-0.27782613039016724,-0.03959708540949691,-0.0857149064540863,-0.22065401077270508,-0.054686787270640025,-0.06939804553985596,-0.23478859663009644,0.024705400026704183,-0.08374449610710144,-0.36440539360046387,-0.007881759398316035,-0.06706053018569946,-0.30683988332748413,-0.03766343995246757,-0.057727277278900146,-0.24391841888427734,-0.04780437677416671,-0.021431684494018555,-0.2370375394821167,0.017984594486023298,-0.026372790336608887,-0.3321346044540405,-0.012751347117756495,-0.02347046136856079,-0.26081931591033936,-0.024685336940621028,-0.024798929691314697,-0.1966942548751831,-0.022780134075020442,0.025115489959716797,-0.22146481275558472,0.008071265450979581,0.009787440299987793,-0.2841731905937195,-0.006321517948691735,0.003590404987335205,-0.2372327446937561,-0.0029421995511995647,-0.004185616970062256,-0.19287991523742676,0.004116744536275974
M,0.0,0.0,0.0,-0.06007671356201172,-0.05778789520263672,-0.030405529986637703,-0.0766575038433075,-0.15329372882843018,-0.04142683486224996,-0.03724771738052368,-0.25135689973831177,-0.05329448844076978,-0.006651401519775391,-0.3229365944862366,-0.06125969926597463,-0.12217029929161072,-0.21616995334625244,0.01431345918445004,-0.1287863850593567,-0.3225886821746826,-0.018500690560358635,-0.10340255498886108,-0.2782464623451233,-0.047633667688387504,-0.08582824468612671,-0.21959275007247925,-0.06174178163291799,-0.06995582580566406,-0.23899376392364502,0.014095196288508305,-0.0832597017288208,-0.3704896569252014,-0.01898680182875978,-0.06526291370391846,-0.30950474739074707,-0.045356230090874305,-0.056012868881225586,-0.2442355751991272,-0.053034068297165504,-0.020165860652923584,-0.23925936222076416,0.006798706271183619,-0.02361476421356201,-0.33557164669036865,-0.02568214314760553,-0.020757079124450684,-0.2605120539665222,-0.03474075461508619,-0.02223217487335205,-0.19509989023208618,-0.030719076495188347,0.027537763118743896,-0.2212265133857727,-0.0033846962987809093,0.010815203189849854,-0.27513134479522705,-0.021024207796472183,0.005224645137786865,-0.22092998027801514,-0.017128848682659736,0.0002853870391845703,-0.17445826530456543,-0.00914920701416122
M,0.0,0.0,0.0,-0.06303626298904419,-0.056235313415527344,-0.031029762328870447,-0.07930010557174683,-0.15186268091201782,-0.043809847534902246,-0.03445136547088623,-0.25302255153656006,-0.057681450248963984,0.00010418891906738281,-0.3269256353378296,-0.06749661043406263,-0.11990594863891602,-0.21335351467132568,0.014071620440773813,-0.12872815132141113,-0.32064127922058105,-0.01929959803939596,-0.10280442237854004,-0.27331894636154175,-0.04893042668820158,-0.08535057306289673,-0.21486830711364746,-0.06391031816721693,-0.06985223293304443,-0.23810124397277832,0.014115605874650328,-0.08610689640045166,-0.3680530786514282,-0.0182204894733502,-0.06673330068588257,-0.30597198009490967,-0.04460671693206564,-0.057847797870635986,-0.2431333065032959,-0.053810948134668024,-0.021205544471740723,-0.24152535200119019,0.006825451644800751,-0.02715909481048584,-0.3498488664627075,-0.023850652949221285,-0.023488521575927734,-0.27809303998947144,-0.0329348087322785,-0.025528669357299805,-0.21231579780578613,-0.030661573262221964,0.026374399662017822,-0.22762495279312134,-0.0037209006038381176,0.009452402591705322,-0.2850955128669739,-0.02167117558539644,0.003913700580596924,-0.23508334159851074,-0.02001884542525545,-0.0021451711654663086,-0.19058257341384888,-0.014541110583849104
M,0.0,0.0,0.0,-0.05739426612854004,-0.05014955997467041,-0.03438500883024176,-0.07536733150482178,-0.14639610052108765,-0.04744929643314322,-0.03623771667480469,-0.2488863468170166,-0.060579640883617,-0.005297362804412842,-0.32279837131500244,-0.06899736272137602,-0.12422430515289307,-0.2179936170578003,0.008185629640109937,-0.13163703680038452,-0.3297905921936035,-0.02631891714375456,-0.10560846328735352,-0.2808811664581299,-0.05506739588420828,-0.0883173942565918,-0.22125542163848877,-0.06874156938832243,-0.07193851470947266,-0.2459787130355835,0.01008581547100107,-0.08653226494789124,-0.3807887136936188,-0.023430004808716376,-0.06871402263641357,-0.31559139490127563,-0.04770504878800352,-0.06149488687515259,-0.2524282932281494,-0.054005229938439925,-0.023573338985443115,-0.2493993639945984,0.004583084863014619,-0.02752828598022461,-0.34798282384872437,-0.027146393526010115,-0.023866236209869385,-0.2714771032333374,-0.03351210998337706,-0.025554418563842773,-0.20852130651474,-0.027995050046257575,0.024181067943572998,-0.23272788524627686,-0.004389135259799559,0.011638402938842773,-0.2937842011451721,-0.021276222634725173,0.007039666175842285,-0.242886483669281,-0.016860757115892966,0.0005723237991333008,-0.20010489225387573,-0.008722153585068781
M,0.0,0.0,0.0,-0.057253241539001465,-0.054827749729156494,-0.033506835719833816,-0.0736086368560791,-0.15109235048294067,-0.04581090333152815,-0.03404033184051514,-0.25287342071533203,-0.05847737090874716,-0.001586318016052246,-0.3261086940765381,-0.06601013886023566,-0.12410634756088257,-0.22121268510818481,0.012787231335153137,-0.1306895911693573,-0.3358408212661743,-0.02008488113273188,-0.10454851388931274,-0.2903817296028137,-0.04936586590696379,-0.08683890104293823,-0.22977375984191895,-0.06343245404053732,-0.07217532396316528,-0.251090943813324,0.015642005109896218,-0.08553051948547363,-0.3856580853462219,-0.01630072938490912,-0.06642186641693115,-0.3219122886657715,-0.0426880669801335,-0.05788087844848633,-0.2576584815979004,-0.051011796018372024,-0.024414002895355225,-0.25760191679000854,0.011120231913139378,-0.028925597667694092,-0.357230544090271,-0.016959280615935768,-0.023463785648345947,-0.28787267208099365,-0.025671529492626632,-0.021950960159301758,-0.22520649433135986,-0.02266516247976824,0.02399730682373047,-0.24533873796463013,0.002981190893535768,0.013152658939361572,-0.3135080337524414,-0.008727515956650223,0.009732961654663086,-0.27797943353652954,-0.0050381528234879625,0.0039463043212890625,-0.24281734228134155,0.0013120945987452615
M,0.0,0.0,0.0,-0.059456586837768555,-0.05667930841445923,-0.034925369320859545,-0.0760616660118103,-0.15673089027404785,-0.04736947432016336,-0.035427212715148926,-0.26034146547317505,-0.06007576525067293,-0.003892958164215088,-0.3378232717514038,-0.06781917601679766,-0.12383323907852173,-0.22351187467575073,0.015221504719505674,-0.13156691193580627,-0.3367982506752014,-0.017505690230478876,-0.10736387968063354,-0.290854275226593,-0.047572346179237,-0.08879151940345764,-0.23003017902374268,-0.06263381033991777,-0.07299673557281494,-0.25186359882354736,0.018620381356726057,-0.08922618627548218,-0.38736727833747864,-0.013318848571231001,-0.07051616907119751,-0.32495319843292236,-0.041252681760539645,-0.05937474966049194,-0.26083725690841675,-0.05110388040398561,-0.024704813957214355,-0.2582598328590393,0.014245981575498945,-0.03247427940368652,-0.37059885263442993,-0.014231038986196154,-0.029211997985839844,-0.3052254915237427,-0.025682760177602404,-0.028446197509765625,-0.2407711148262024,-0.02535230643903219,0.024161815643310547,-0.2468935251235962,0.0062231051191190545,0.0101357102394104,-0.31364965438842773,-0.008498972988178366,0.005778789520263672,-0.2741866707801819,-0.007953966742803686,0.0009670257568359375,-0.23384028673171997,-0.003843759660099977
M,0.0,0.0,0.0,-0.06133830547332764,-0.05658864974975586,-0.03165478441678715,-0.0782848596572876,-0.15710270404815674,-0.04364937726222706,-0.03546077013015747,-0.2607707977294922,-0.05661608461105061,-0.001982271671295166,-0.33924680948257446,-0.06559895906411839,-0.12276509404182434,-0.23137062788009644,0.016045222098000522,-0.13111090660095215,-0.33934974670410156,-0.01654887940549088,-0.10814356803894043,-0.28768330812454224,-0.04668483692967129,-0.09016519784927368,-0.22588509321212769,-0.062173688745133404,-0.07155376672744751,-0.25531965494155884,0.015994254538782116,-0.08771884441375732,-0.38719284534454346,-0.014583175962798123,-0.07107579708099365,-0.32144081592559814,-0.04143731105887127,-0.06017482280731201,-0.2574084997177124,-0.05121855992638302,-0.021043062210083008,-0.256064236164093,0.008469794915981765,-0.027649879455566406,-0.36641573905944824,-0.020096698736779217,-0.026624321937561035,-0.2951538562774658,-0.030671959703795437,-0.02705848217010498,-0.23060286045074463,-0.03048812035285664,0.029190778732299805,-0.23721152544021606,-0.00234007808194292,0.01139599084854126,-0.29870831966400146,-0.018928414171568875,0.004438877105712891,-0.2451586127281189,-0.017168329989544873,-0.0004158616065979004,-0.19744718074798584,-0.01223280928843451
M,0.0,0.0,0.0,-0.05964231491088867,-0.055407941341400146,-0.0350361260920522,-0.07775312662124634,-0.15906786918640137,-0.04716079117355321,-0.03619229793548584,-0.26491546630859375,-0.05919529677925084,-0.0042327046394348145,-0.3452538251876831,-0.06648902775344823,-0.13041827082633972,-0.23205506801605225,0.013605068497383854,-0.13842451572418213,-0.34321480989456177,-0.02027266280350659,-0.11166837811470032,-0.29173415899276733,-0.05061938793954823,-0.09273684024810791,-0.2284833788871765,-0.06595353962478612,-0.07699882984161377,-0.26045680046081543,0.015234520718479416,-0.092110276222229,-0.39302337169647217,-0.01671906182167504,-0.07445365190505981,-0.3262832760810852,-0.042866198286390045,-0.06548112630844116,-0.2605002522468567,-0.051522264197444656,-0.02565079927444458,-0.262459933757782,0.0089759119451287,-0.03252500295639038,-0.3684723973274231,-0.021756442204093673,-0.030639469623565674,-0.2935195565223694,-0.030208043694472053,-0.03127926588058472,-0.22826188802719116,-0.02770377317068551,0.025240957736968994,-0.24376630783081055,-0.0009418752728720392,0.01001971960067749,-0.2978340983390808,-0.019880326405143478,0.004130721092224121,-0.2429046630859375,-0.017573323041176536,-0.0005617737770080566,-0.19741415977478027,-0.011345533594464996
M,0.0,0.0,0.0,-0.05871313810348511,-0.05365169048309326,-0.034213550216179556,-0.07794713973999023,-0.1563124656677246,-0.04828619194648809,-0.033456385135650635,-0.2601986527442932,-0.06241863576195783,0.0013865232467651367,-0.33612626791000366,-0.07201838103554792,-0.12632876634597778,-0.2315019965171814,0.005528843202966982,-0.13689517974853516,-0.3490051031112671,-0.02979573217652387,-0.11179494857788086,-0.29624074697494507,-0.05952471849940366,-0.09351992607116699,-0.23198670148849487,-0.07428757456563062,-0.07331955432891846,-0.26090073585510254,0.006073851776648098,-0.08930391073226929,-0.4013743996620178,-0.027306936508637136,-0.07292884588241577,-0.33322954177856445,-0.05158058909199781,-0.06462091207504272,-0.2644159197807312,-0.05856383202097959,-0.022654354572296143,-0.26347535848617554,-0.0006703255950810671,-0.030339837074279785,-0.37644511461257935,-0.030188327482562727,-0.028934717178344727,-0.3015784025192261,-0.0364056302370841,-0.029508471488952637,-0.23504143953323364,-0.03263797966263837,0.028555989265441895,-0.24603110551834106,-0.01113595423720426,0.013738930225372314,-0.30397874116897583,-0.028056366196494764,0.006784260272979736,-0.2517789602279663,-0.02444399130962438,0.0012971758842468262,-0.20777732133865356,-0.01769139600418157
M,0.0,0.0,0.0,-0.05911761522293091,-0.05465012788772583,-0.03578634872943098,-0.0773078203201294,-0.15923810005187988,-0.0523299904158705,-0.031003117561340332,-0.2642143964767456,-0.06855639383107359,0.005140185356140137,-0.3441128730773926,-0.08052625819951231,-0.12592089176177979,-0.2364453673362732,-0.0026490531014644603,-0.13477301597595215,-0.35301268100738525,-0.041141621171533416,-0.10874301195144653,-0.2942366600036621,-0.07205868825226958,-0.09082990884780884,-0.2291550636291504,-0.08756820425301726,-0.07072257995605469,-0.26283615827560425,-0.003588473060204933,-0.08579504489898682,-0.40466761589050293,-0.03922252297311957,-0.06994402408599854,-0.3333263397216797,-0.06370260134249861,-0.06141692399978638,-0.26358628273010254,-0.0708812953522795,-0.01716899871826172,-0.26150035858154297,-0.01159341294228966,-0.024299681186676025,-0.37136173248291016,-0.04397505462080176,-0.02438068389892578,-0.2910013794898987,-0.05035172715693648,-0.027342677116394043,-0.22433990240097046,-0.04656585991293127,0.033710598945617676,-0.23831921815872192,-0.023190188556014846,0.016941606998443604,-0.2892078161239624,-0.0424197682729357,0.008105874061584473,-0.23014318943023682,-0.03874469116240675,0.0016765594482421875,-0.1840348243713379,-0.03194655045777495
M,0.0,0.0,0.0,-0.06389796733856201,-0.05101633071899414,-0.03565341746246986,-0.08442115783691406,-0.1579805612564087,-0.050979090386988446,-0.03742790222167969,-0.26387810707092285,-0.06601240997946434,0.0010686516761779785,-0.3410415053367615,-0.07617643242514305,-0.1327270269393921,-0.24037957191467285,0.001394709923317805,-0.1405189037322998,-0.360701322555542,-0.03447627043163948,-0.11322349309921265,-0.304394006729126,-0.06430209940111808,-0.09530705213546753,-0.23839443922042847,-0.07963601266777687,-0.07601958513259888,-0.270136296749115,0.0020134660899771006,-0.0923691987991333,-0.41259530186653137,-0.030321448573829457,-0.07354265451431274,-0.3416453003883362,-0.05373351042902641,-0.06467938423156738,-0.27245354652404785,-0.06142921512758903,-0.021699905395507812,-0.27208924293518066,-0.004552901254953667,-0.029750287532806396,-0.3911844491958618,-0.03448927169478111,-0.028328418731689453,-0.3113058805465698,-0.04053887491858177,-0.030103862285614014,-0.23976874351501465,-0.03755933185851745,0.03306788206100464,-0.2531651258468628,-0.014850045086802766,0.01609283685684204,-0.30973994731903076,-0.03389841457641296,0.006688475608825684,-0.2512272000312805,-0.03164590662157707,-0.0014557242393493652,-0.20113635063171387,-0.026174630502225682
M,0.0,0.0,0.0,-0.06548255681991577,-0.05329442024230957,-0.03694703102380004,-0.08544892072677612,-0.16367316246032715,-0.051790468844473025,-0.03863322734832764,-0.2755836844444275,-0.0667346832183,-0.000982820987701416,-0.35859304666519165,-0.07685045570403304,-0.13703414797782898,-0.24119997024536133,0.005232439392358401,-0.14503145217895508,-0.3617020845413208,-0.031788107457458636,-0.11702489852905273,-0.3016209602355957,-0.0623764996257421,-0.09895527362823486,-0.23443138599395752,-0.07776295811206069,-0.08092254400253296,-0.2732551097869873,0.006247880418897012,-0.09700936079025269,-0.4172511398792267,-0.03012097113102641,-0.07674092054367065,-0.34115880727767944,-0.05601898625761237,-0.06749272346496582,-0.26826226711273193,-0.06363520443707671,-0.026276111602783203,-0.2781304121017456,-0.0003668921549149218,-0.034674763679504395,-0.3981058597564697,-0.035103727581798694,-0.03134709596633911,-0.3107190728187561,-0.042344071420728824,-0.03389871120452881,-0.23566347360610962,-0.0378657881942388,0.028116583824157715,-0.26149165630340576,-0.010593262019455096,0.011940240859985352,-0.32352203130722046,-0.03227431744605269,0.00374448299407959,-0.262573778629303,-0.029910151365101,-0.004839003086090088,-0.21151065826416016,-0.02306995399564471
M,0.0,0.0,0.0,-0.05990803241729736,-0.05680882930755615,-0.03837183476380801,-0.07707196474075317,-0.16664379835128784,-0.052514955261273144,-0.031924307346343994,-0.2797505259513855,-0.06629645810417628,0.002592802047729492,-0.36624252796173096,-0.07545052454761958,-0.13839009404182434,-0.24916398525238037,0.00831446251876855,-0.1453140377998352,-0.3706182837486267,-0.026319468253774403,-0.11646312475204468,-0.31250089406967163,-0.05740012587003207,-0.09729558229446411,-0.24500972032546997,-0.07372540221504664,-0.08022302389144897,-0.280220627784729,0.009792975290196182,-0.09596669673919678,-0.42453423142433167,-0.022857144334835766,-0.07510495185852051,-0.3494963049888611,-0.050330038973612545,-0.06568479537963867,-0.2790377736091614,-0.06008973703674769,-0.023954570293426514,-0.28255313634872437,0.003530105250405313,-0.030337989330291748,-0.39919668436050415,-0.027917221048397778,-0.02615302801132202,-0.31522560119628906,-0.03735196203879809,-0.028784215450286865,-0.24412095546722412,-0.035871855774445294,0.031407713890075684,-0.26052725315093994,-0.006415053130609749,0.015608787536621094,-0.3247392177581787,-0.02568068527571654,0.008814096450805664,-0.2618645429611206,-0.022851088875455616,0.0003751516342163086,-0.20947492122650146,-0.016803337120933293
M,0.0,0.0,0.0,-0.06356346607208252,-0.05380713939666748,-0.03921555031377011,-0.08557897806167603,-0.16775715351104736,-0.056625836084663206,-0.03661751747131348,-0.28074175119400024,-0.07310686681705647,0.0015059113502502441,-0.3695756196975708,-0.08523115936952763,-0.14108741283416748,-0.25412875413894653,-0.002687878462552362,-0.1495630443096161,-0.3741191625595093,-0.04139861513215237,-0.1210142970085144,-0.3123699426651001,-0.0742008206649416,-0.10049712657928467,-0.24201196432113647,-0.09177160684305363,-0.08319765329360962,-0.2843888998031616,-0.002878682709365421,-0.10119134187698364,-0.4305458962917328,-0.03788914207655125,-0.08260512351989746,-0.3562137484550476,-0.06517880086141759,-0.0725243091583252,-0.28377610445022583,-0.07559056256252461,-0.025724828243255615,-0.28431791067123413,-0.01042785730498963,-0.03430658578872681,-0.41215699911117554,-0.04387622747856312,-0.03308987617492676,-0.3305683135986328,-0.05394970674353772,-0.035592496395111084,-0.2572365403175354,-0.05398101408320599,0.030810534954071045,-0.2598516345024109,-0.0216332101477974,0.010383427143096924,-0.3086032271385193,-0.045177873711168104,0.0017453432083129883,-0.24687689542770386,-0.04552473921614819,-0.005261242389678955,-0.1976293921470642,-0.04187504995900326
M,0.0,0.0,0.0,-0.06941503286361694,-0.05146992206573486,-0.037250516414417234,-0.09337460994720459,-0.16613495349884033,-0.05396468698955914,-0.04253232479095459,-0.2812930941581726,-0.07050068810559651,-0.0033565163612365723,-0.37041205167770386,-0.08292953804112813,-0.14419376850128174,-0.25361382961273193,-0.00037737025041906236,-0.15492698550224304,-0.37623876333236694,-0.04043110966659924,-0.12817692756652832,-0.31300437450408936,-0.07328645274020573,-0.10802030563354492,-0.24137181043624878,-0.09016859665490529,-0.08512437343597412,-0.28486496210098267,-0.002116688471062389,-0.10368245840072632,-0.43581974506378174,-0.039610905051006284,-0.08766472339630127,-0.35861945152282715,-0.06618953630305668,-0.07848179340362549,-0.2816234230995178,-0.07452329382277867,-0.02680504322052002,-0.2849918603897095,-0.011366155408097711,-0.03736060857772827,-0.4095720648765564,-0.046770275980009046,-0.03750485181808472,-0.3216017484664917,-0.0544906048474445,-0.040035903453826904,-0.24616599082946777,-0.051425804793609586,0.030912399291992188,-0.2608258128166199,-0.024221403002513853,0.00872790813446045,-0.3109394907951355,-0.04773764818884274,-0.000824272632598877,-0.2440773844718933,-0.045321905463708845,-0.00786435604095459,-0.1922493577003479,-0.03888480871893307
M,0.0,0.0,0.0,-0.07050716876983643,-0.055898189544677734,-0.04149849742475453,-0.09293633699417114,-0.18255692720413208,-0.05889404967251721,-0.03889268636703491,-0.3089151978492737,-0.07518205076280537,0.0045871734619140625,-0.40618664026260376,-0.08660263597789708,-0.15101981163024902,-0.27613502740859985,0.0006298086902916111,-0.16490143537521362,-0.40754222869873047,-0.0404977875930399,-0.1360483169555664,-0.34130793809890747,-0.07418448507610265,-0.1148838996887207,-0.26270854473114014,-0.09100337356153432,-0.08933854103088379,-0.30730748176574707,0.0009910846658840455,-0.11138027906417847,-0.46141958236694336,-0.03784532502118054,-0.0917590856552124,-0.38298189640045166,-0.06687133788886968,-0.07836610078811646,-0.30126821994781494,-0.07596107601943913,-0.027045845985412598,-0.3062690496444702,-0.006781769747021826,-0.038674235343933105,-0.44521474838256836,-0.04586784198704663,-0.0376739501953125,-0.3555532693862915,-0.05815468385640088,-0.039053380489349365,-0.27241426706314087,-0.05704408541146222,0.03643012046813965,-0.2816196084022522,-0.0181991349143118,0.017031311988830566,-0.3295142650604248,-0.049767639784249695,0.005783200263977051,-0.2593335509300232,-0.053416502026948365,-0.0038602352142333984,-0.2016986608505249,-0.04937148123804036
M,0.0,0.0,0.0,-0.07489275932312012,-0.06190532445907593,-0.04075101032182715,-0.09956622123718262,-0.18664199113845825,-0.05821250020787261,-0.04594123363494873,-0.3138001561164856,-0.07563573508784316,-0.0045400261878967285,-0.41634541749954224,-0.08887049942538283,-0.1604638695716858,-0.27992677688598633,0.004542587182669422,-0.17273744940757751,-0.4123263359069824,-0.03808010383770011,-0.141646146774292,-0.3513947129249573,-0.07545555024668715,-0.11511331796646118,-0.2728193402290344,-0.09483398138806365,-0.09567731618881226,-0.3125591278076172,0.0030024676557616203,-0.11779755353927612,-0.47235745191574097,-0.03592473655268691,-0.09734457731246948,-0.3972799777984619,-0.06888962178751967,-0.08088457584381104,-0.31764715909957886,-0.08149291961714766,-0.029512107372283936,-0.31156617403030396,-0.006882303536684731,-0.041424334049224854,-0.4554879665374756,-0.04574434845969222,-0.041600942611694336,-0.36702919006347656,-0.06037716209218047,-0.043215036392211914,-0.28658515214920044,-0.061567917608471134,0.035633087158203125,-0.28328317403793335,-0.0202014224164202,0.008278489112854004,-0.3492432236671448,-0.04854799448773406,-0.0025672316551208496,-0.2810753583908081,-0.04977825298234961,-0.010001659393310547,-0.22492766380310059,-0.045196421586723545
M,0.0,0.0,0.0,-0.0772295594215393,-0.06190967559814453,-0.03940302063580248,-0.10377776622772217,-0.18877136707305908,-0.057547762290198534,-0.0547175407409668,-0.3169030547142029,-0.07678767223711702,-0.011751353740692139,-0.41683417558670044,-0.09118998725767824,-0.161575049161911,-0.2748868465423584,0.0017441486720031207,-0.17798322439193726,-0.41224849224090576,-0.04473077808376047,-0.14271044731140137,-0.35146772861480713,-0.08300828118677828,-0.116568922996521,-0.2712271809577942,-0.1016980551635811,-0.09881460666656494,-0.31243306398391724,9.599727621889542e-05,-0.12330198287963867,-0.4759058952331543,-0.04342080582733843,-0.09751671552658081,-0.39893990755081177,-0.07701760460491869,-0.08089601993560791,-0.31560415029525757,-0.08855171431656572,-0.03421425819396973,-0.31850194931030273,-0.009661338523585528,-0.047586143016815186,-0.46688055992126465,-0.0500906587099621,-0.04038429260253906,-0.37639129161834717,-0.0626825608765671,-0.039397358894348145,-0.2903892397880554,-0.06066003744359705,0.030481278896331787,-0.2975817918777466,-0.022964968577582567,0.008326172828674316,-0.37186741828918457,-0.048751215681988924,0.003411412239074707,-0.326835572719574,-0.049528661415536135,-0.0027730464935302734,-0.28694993257522583,-0.04435114492531511
M,0.0,0.0,0.0,-0.07981091737747192,-0.07212358713150024,-0.03594930429196097,-0.10277706384658813,-0.19697773456573486,-0.053089391032216326,-0.04703730344772339,-0.32252925634384155,-0.07183739129638411,-0.002918720245361328,-0.42300108075141907,-0.08706864301299788,-0.1647765040397644,-0.2861534357070923,0.009722762217762693,-0.18092525005340576,-0.41942259669303894,-0.0340002212319348,-0.14855492115020752,-0.3607785105705261,-0.07387332204913832,-0.12001752853393555,-0.28070491552352905,-0.09517642442321517,-0.09948718547821045,-0.3174254894256592,0.004510717874410375,-0.1254594922065735,-0.47780176997184753,-0.03611664805745818,-0.10328328609466553,-0.4072853922843933,-0.07377894554471709,-0.08507943153381348,-0.32629716396331787,-0.09031670872306563,-0.031949400901794434,-0.31571120023727417,-0.008709525281545893,-0.04697012901306152,-0.4696526825428009,-0.049639965930936114,-0.045346617698669434,-0.3887280225753784,-0.0696335989627812,-0.04523593187332153,-0.30585920810699463,-0.0747215781006787,0.03525698184967041,-0.28732287883758545,-0.02476989250814654,0.002408742904663086,-0.3519119620323181,-0.05584989447331168,-0.008723974227905273,-0.29314374923706055,-0.061272032150981204,-0.01675117015838623,-0.2422284483909607,-0.05995568592285849
M,0.0,0.0,0.0,-0.08201175928115845,-0.0681338906288147,-0.03570023987907689,-0.10565811395645142,-0.19985783100128174,-0.05471026961225789,-0.0452195405960083,-0.32643187046051025,-0.07444623549002927,0.0005424618721008301,-0.43027549982070923,-0.09115417737979215,-0.16406577825546265,-0.2919880151748657,-0.0012920403946168335,-0.18376880884170532,-0.42425990104675293,-0.04405517939943593,-0.15324655175209045,-0.3594331741333008,-0.08133940089959424,-0.1251099705696106,-0.2755138874053955,-0.1012742488505296,-0.09797364473342896,-0.32247471809387207,-0.007557685193603447,-0.12498033046722412,-0.48038041591644287,-0.04537193168420117,-0.10556262731552124,-0.4059079885482788,-0.0789547755243234,-0.08874225616455078,-0.32262498140335083,-0.09401715238112729,-0.028637468814849854,-0.31893837451934814,-0.021213653204029015,-0.04429525136947632,-0.4739964008331299,-0.059396934402172974,-0.0452730655670166,-0.3904576897621155,-0.07756454188842099,-0.04630392789840698,-0.30807608366012573,-0.08348677743691724,0.03808760643005371,-0.2883583903312683,-0.037542906296437195,0.00011229515075683594,-0.3454478979110718,-0.06852190632838528,-0.012784123420715332,-0.27621376514434814,-0.07384527165908139,-0.019177615642547607,-0.21957838535308838,-0.07345949549693387
M,0.0,0.0,0.0,-0.08552378416061401,-0.0680498480796814,-0.036563759594571366,-0.11165326833724976,-0.20142853260040283,-0.05395379841269232,-0.05161285400390625,-0.33162206411361694,-0.0722053068870423,-0.003634929656982422,-0.4358891248703003,-0.08678293406904913,-0.17057237029075623,-0.288152813911438,0.00526426088123344,-0.18999439477920532,-0.42822426557540894,-0.037105882465255036,-0.15997734665870667,-0.362179696559906,-0.07462700635136343,-0.13376188278198242,-0.27600282430648804,-0.09456149667443015,-0.10370707511901855,-0.32080501317977905,0.0005270477436738474,-0.1310112476348877,-0.4833354353904724,-0.03754426345170714,-0.1109967827796936,-0.40779733657836914,-0.07228123575390555,-0.09506368637084961,-0.3236495852470398,-0.08773334503115393,-0.034699857234954834,-0.3202590346336365,-0.012157042435717358,-0.051299870014190674,-0.4812384843826294,-0.050347438007008805,-0.05125147104263306,-0.3977108895778656,-0.06874286562145926,-0.051917850971221924,-0.31318098306655884,-0.0743541139358399,0.03247785568237305,-0.29329854249954224,-0.027758758440029396,-0.006497681140899658,-0.3562237620353699,-0.05836132347525336,-0.017567038536071777,-0.2874196171760559,-0.06357743024767615,-0.02240002155303955,-0.22922265529632568,-0.06282506316841818
M,0.0,0.0,0.0,-0.08000707626342773,-0.07187199592590332,-0.04199794507110255,-0.10654813051223755,-0.20782041549682617,-0.059273643554092814,-0.05141317844390869,-0.34724533557891846,-0.07691474086129801,-0.008826196193695068,-0.4612295925617218,-0.08987492150151866,-0.18204939365386963,-0.2980290651321411,0.014657225324867795,-0.20017331838607788,-0.43735969066619873,-0.031722689182402064,-0.1653403639793396,-0.3784600496292114,-0.0755044130095257,-0.13358163833618164,-0.2961689829826355,-0.09921937263095515,-0.11038631200790405,-0.33181989192962646,0.011426053806303571,-0.1367442011833191,-0.5001472234725952,-0.030689373747350146,-0.11413508653640747,-0.4230818748474121,-0.07035642689550059,-0.09790647029876709,-0.34169113636016846,-0.08789474344337123,-0.039277493953704834,-0.32895076274871826,-0.001239166264326741,-0.0510411262512207,-0.47893989086151123,-0.04398685893499987,-0.05102109909057617,-0.38664907217025757,-0.06125240600192683,-0.05256730318069458,-0.3023837208747864,-0.0644437578924908,0.031480491161346436,-0.2970081567764282,-0.017693421007038523,0.0006179213523864746,-0.3718888759613037,-0.04842920428598063,-0.008832812309265137,-0.2950858473777771,-0.048704190314651896,-0.01676177978515625,-0.23130178451538086,-0.04385850405776637
M,0.0,0.0,0.0,-0.08014404773712158,-0.06667506694793701,-0.0430305271644329,-0.10906541347503662,-0.2029392123222351,-0.06286398388931502,-0.05660945177078247,-0.34147727489471436,-0.08274693854639281,-0.018046975135803223,-0.4553171396255493,-0.0977444208461975,-0.1757698357105255,-0.30274343490600586,0.0030219992853517397,-0.19700440764427185,-0.4446563720703125,-0.04478763483950843,-0.16662389039993286,-0.37265080213546753,-0.08621212162563552,-0.1363006830215454,-0.2864544987678528,-0.10833140530178298,-0.10669171810150146,-0.3391895294189453,-0.0006360746689324515,-0.13524824380874634,-0.5116047263145447,-0.04435813121983756,-0.11800575256347656,-0.4245898425579071,-0.0791957832176422,-0.10116493701934814,-0.3361697196960449,-0.09303613074609984,-0.03694462776184082,-0.3380895256996155,-0.013424683106336488,-0.05335545539855957,-0.49484044313430786,-0.05464901470134009,-0.05651277303695679,-0.39920365810394287,-0.0685364163715576,-0.05468875169754028,-0.3117281198501587,-0.07025320895502318,0.03366541862487793,-0.3079519271850586,-0.030359700997564687,-0.0008612871170043945,-0.3727089762687683,-0.05954606898615111,-0.013148367404937744,-0.2971739172935486,-0.06047281690428008,-0.0180627703666687,-0.236034095287323,-0.056749828835222615
M,0.0,0.0,0.0,-0.08640986680984497,-0.06881582736968994,-0.041347928430298,-0.1182624101638794,-0.20770227909088135,-0.05987803273961845,-0.062178075313568115,-0.34601521492004395,-0.07886624717281165,-0.018236219882965088,-0.4586866497993469,-0.09310855352447334,-0.1803857982158661,-0.3001992702484131,0.007209271107456061,-0.2019461989402771,-0.44582849740982056,-0.03705522054002586,-0.16803792119026184,-0.3784489035606384,-0.0774543248967916,-0.13864076137542725,-0.292694091796875,-0.09970953696534934,-0.11261928081512451,-0.3368895649909973,0.004234899215987298,-0.1424235701560974,-0.5085554122924805,-0.0338873454289228,-0.12073647975921631,-0.4266267716884613,-0.06845255577133003,-0.10376179218292236,-0.33965110778808594,-0.08433344596193137,-0.04216486215591431,-0.3382178544998169,-0.007786479398021129,-0.06211274862289429,-0.5006910562515259,-0.044481173242786554,-0.06168848276138306,-0.4099695682525635,-0.06050554298923316,-0.059854984283447266,-0.32097333669662476,-0.06579730295703712,0.02883976697921753,-0.31164485216140747,-0.023858267899015573,-0.006883740425109863,-0.374311625957489,-0.05218249195382896,-0.017659544944763184,-0.2992001175880432,-0.05572767936752143,-0.021621227264404297,-0.23543274402618408,-0.05495135867164436
M,0.0,0.0,0.0,-0.08764177560806274,-0.07190299034118652,-0.03920002885803342,-0.11724907159805298,-0.21062111854553223,-0.05747606464370847,-0.0590474009513855,-0.34967005252838135,-0.07661545508250356,-0.016406595706939697,-0.4632781744003296,-0.091257008246032,-0.18527954816818237,-0.30030542612075806,0.008385601931365727,-0.2063942551612854,-0.44530627131462097,-0.03815560646995664,-0.17042279243469238,-0.3794216513633728,-0.08012853794440389,-0.13655143976211548,-0.29319995641708374,-0.10279277198657155,-0.1147889494895935,-0.33660537004470825,0.002804553846942781,-0.14351636171340942,-0.511725902557373,-0.03861530356749654,-0.1182854175567627,-0.4313308000564575,-0.0761115797673142,-0.0979456901550293,-0.34455615282058716,-0.09277992182120443,-0.042771339416503906,-0.33730387687683105,-0.011564254282859565,-0.05850118398666382,-0.4974993169307709,-0.05140053712472081,-0.05536764860153198,-0.40961334109306335,-0.06881120287522435,-0.053817570209503174,-0.3238210678100586,-0.07381657742604375,0.029124557971954346,-0.3085932731628418,-0.029478272876588107,-0.005721628665924072,-0.3752362132072449,-0.05809837438806653,-0.014430403709411621,-0.30011260509490967,-0.0597856328700459,-0.020169317722320557,-0.23621255159378052,-0.057354415289012195
M,0.0,0.0,0.0,-0.0871652364730835,-0.0656501054763794,-0.04256206148716046,-0.1212649941444397,-0.20404642820358276,-0.059956473796091814,-0.06781166791915894,-0.34678781032562256,-0.07870741331430509,-0.027527570724487305,-0.4584641456604004,-0.09186719500871732,-0.1882191002368927,-0.2949867248535156,0.011646575728036623,-0.2111073136329651,-0.4476417899131775,-0.036860962896071214,-0.17400264739990234,-0.37885338068008423,-0.07881435894819333,-0.14097237586975098,-0.29307687282562256,-0.10044032478185727,-0.11930304765701294,-0.33634090423583984,0.008435325199343424,-0.15000450611114502,-0.5166236758232117,-0.03703962781878545,-0.12437772750854492,-0.42927220463752747,-0.07386305326076581,-0.10535585880279541,-0.34079599380493164,-0.08762016290279462,-0.04962378740310669,-0.3433094024658203,-0.004613947621010084,-0.06690216064453125,-0.5040668845176697,-0.046662503419838686,-0.0624043345451355,-0.40403854846954346,-0.06040468209835126,-0.06179070472717285,-0.3135942816734314,-0.06019539901467397,0.02162790298461914,-0.32092565298080444,-0.022104329927287836,-0.007718145847320557,-0.4007400870323181,-0.0489617004379852,-0.014803171157836914,-0.32609933614730835,-0.0480815298244579,-0.02111959457397461,-0.2621409296989441,-0.04255565398784711
M,0.0,0.0,0.0,-0.08698678016662598,-0.06665843725204468,-0.04158978588782247,-0.12064152956008911,-0.20202088356018066,-0.06078980170093473,-0.06824731826782227,-0.34279805421829224,-0.08112726785145696,-0.027004361152648926,-0.45457327365875244,-0.09648450888596471,-0.18642014265060425,-0.29447418451309204,0.006444012225642837,-0.2119201123714447,-0.44559019804000854,-0.042329252286776864,-0.17517441511154175,-0.3794078230857849,-0.08512840844593939,-0.14132553339004517,-0.2940329909324646,-0.10764608956776556,-0.11728227138519287,-0.3351818323135376,0.0022419320335984594,-0.14941102266311646,-0.5186267793178558,-0.042257119490727746,-0.12555932998657227,-0.4351893365383148,-0.07923785276614126,-0.1058470606803894,-0.34465283155441284,-0.0939631951590627,-0.04701495170593262,-0.339962363243103,-0.011143477222844922,-0.06728804111480713,-0.5005258917808533,-0.05103916726909574,-0.06427997350692749,-0.408259779214859,-0.06626843340598043,-0.06048417091369629,-0.3196384310722351,-0.06860399670802053,0.025018632411956787,-0.3157023787498474,-0.02876194991074499,-0.008752286434173584,-0.3879286050796509,-0.05457899771533903,-0.017088592052459717,-0.31609129905700684,-0.05471014656029638,-0.020689189434051514,-0.2527351975440979,-0.05084421537719663
M,0.0,0.0,0.0,-0.08715873956680298,-0.06341063976287842,-0.040842662292845944,-0.1252690553665161,-0.19750505685806274,-0.058396151948102215,-0.07667213678359985,-0.3392418622970581,-0.07807355626238177,-0.03564184904098511,-0.45011258125305176,-0.0924937675775368,-0.19415733218193054,-0.2869846820831299,0.012627753701679012,-0.21984443068504333,-0.44121500849723816,-0.037402602571376065,-0.18370133638381958,-0.3792043626308441,-0.0816253895939667,-0.14994174242019653,-0.2942969799041748,-0.10482063396585772,-0.12496918439865112,-0.3289083242416382,0.00838628624813964,-0.1570836305618286,-0.5124524831771851,-0.03927801801575015,-0.13232451677322388,-0.43006759881973267,-0.07900456591261218,-0.1137627363204956,-0.34107816219329834,-0.09493488325489352,-0.05526018142700195,-0.33736735582351685,-0.00543967094955633,-0.07304137945175171,-0.49995121359825134,-0.04844562216413806,-0.068550705909729,-0.4037189185619354,-0.06424051775348971,-0.0670366883277893,-0.312372624874115,-0.06554716332567523,0.016946136951446533,-0.31761419773101807,-0.023550835165508488,-0.012165844440460205,-0.40110257267951965,-0.05030633388770411,-0.01892077922821045,-0.3323495388031006,-0.05066213263881991,-0.024817347526550293,-0.27050524950027466,-0.0464393558980305
M,0.0,0.0,0.0,-0.08118617534637451,-0.06971549987792969,-0.04241822724583244,-0.11044234037399292,-0.21105659008026123,-0.05871579860689735,-0.059500157833099365,-0.35489290952682495,-0.07568470825793838,-0.021032989025115967,-0.46528947353363037,-0.08745993365886306,-0.1878976821899414,-0.3066546320915222,0.01648573885319138,-0.2095639407634735,-0.456875741481781,-0.029539393907214162,-0.17446690797805786,-0.39260998368263245,-0.07316184481027221,-0.14024454355239868,-0.3069149851799011,-0.09662484814765548,-0.11506521701812744,-0.3459368348121643,0.01359768333492184,-0.14403414726257324,-0.5272217988967896,-0.03008159687163925,-0.12142026424407959,-0.4433324337005615,-0.07017083158137893,-0.10293960571289062,-0.3542866110801697,-0.08649959107282257,-0.04410296678543091,-0.3485954999923706,0.0010379636019592908,-0.05834859609603882,-0.5070796608924866,-0.037711777439142224,-0.05545401573181152,-0.4176432490348816,-0.055086695303941724,-0.05227178335189819,-0.3327004313468933,-0.05880541046502685,0.02868133783340454,-0.32098931074142456,-0.015898995747591016,-0.0025334954261779785,-0.4034045934677124,-0.04027262022140121,-0.011029958724975586,-0.3310050964355469,-0.040191453596378324,-0.01871037483215332,-0.2686893939971924,-0.03637379099967575
M,0.0,0.0,0.0,-0.09080588817596436,-0.0689157247543335,-0.040636255339450145,-0.1256474256515503,-0.2108801007270813,-0.059803641334838176,-0.06927067041397095,-0.35035866498947144,-0.07986255635387352,-0.025028526782989502,-0.46353793144226074,-0.09558424998886039,-0.18911564350128174,-0.2916327714920044,0.002737134062954283,-0.2148951292037964,-0.4484308958053589,-0.044622822598284984,-0.17944499850273132,-0.3855837881565094,-0.08648604054815223,-0.14670449495315552,-0.2975419759750366,-0.10926813532478263,-0.11957991123199463,-0.3321947455406189,-0.002507481424800062,-0.14983981847763062,-0.518124908208847,-0.04624126006729057,-0.12542784214019775,-0.43947774171829224,-0.08527540315753868,-0.10693961381912231,-0.34829628467559814,-0.1033531417406266,-0.047527015209198,-0.33850687742233276,-0.016313041493958735,-0.06782877445220947,-0.5162692964076996,-0.05745183204180648,-0.06418412923812866,-0.43113628029823303,-0.07748068024284294,-0.061197638511657715,-0.3404656648635864,-0.08483178068763664,0.02547818422317505,-0.3166605234146118,-0.033722910032338405,-0.013317704200744629,-0.3865297734737396,-0.0646130209124749,-0.021794259548187256,-0.31546473503112793,-0.07015961308843544,-0.025350511074066162,-0.2512337565422058,-0.07088281114465644
M,0.0,0.0,0.0,-0.08902907371520996,-0.07471895217895508,-0.03789448485645153,-0.11900043487548828,-0.21606242656707764,-0.05587132395180561,-0.06096309423446655,-0.35846567153930664,-0.07574561358364917,-0.016132771968841553,-0.4737103581428528,-0.09133105100067951,-0.1854802668094635,-0.2963157892227173,0.012512633307551368,-0.21010804176330566,-0.4486459493637085,-0.03528522447618343,-0.17636284232139587,-0.38559338450431824,-0.07835806281241275,-0.14353668689727783,-0.29999840259552,-0.10156831265362598,-0.11480194330215454,-0.3345092535018921,0.005192767559265121,-0.14486682415008545,-0.5194581747055054,-0.040429675289715306,-0.12211775779724121,-0.4393255114555359,-0.08063131690892078,-0.10372895002365112,-0.34929710626602173,-0.09803275139006473,-0.04289746284484863,-0.337344765663147,-0.011214490318025128,-0.05970919132232666,-0.5048964023590088,-0.05411066980036594,-0.05745822191238403,-0.41686078906059265,-0.07305204243334629,-0.05528515577316284,-0.32967162132263184,-0.07805795342596866,0.03053361177444458,-0.3118016719818115,-0.031115616941178814,-0.007609903812408447,-0.3875750005245209,-0.05988571167858936,-0.016513407230377197,-0.3136144280433655,-0.0615059484628091,-0.021985292434692383,-0.24918657541275024,-0.059090205737675205
M,0.0,0.0,0.0,-0.08636265993118286,-0.07340347766876221,-0.041531698054029675,-0.11607766151428223,-0.21265703439712524,-0.05911693463320944,-0.06295967102050781,-0.35407209396362305,-0.0782799024343035,-0.020619332790374756,-0.4677742123603821,-0.09289076665635321,-0.18313193321228027,-0.2930489778518677,0.013330093377874164,-0.20703768730163574,-0.4434604048728943,-0.03461514527197096,-0.17318174242973328,-0.38326114416122437,-0.0780749891161463,-0.14015334844589233,-0.2980784773826599,-0.10102363417144034,-0.11333781480789185,-0.33295130729675293,0.009239828938291339,-0.1431218981742859,-0.5155909359455109,-0.03681210169787619,-0.12082606554031372,-0.4354744851589203,-0.07804237047429297,-0.10280877351760864,-0.3453671932220459,-0.09542129675145361,-0.04277193546295166,-0.3376980423927307,-0.004266365638329717,-0.06060910224914551,-0.49946320056915283,-0.0472161483227751,-0.05936849117279053,-0.4073970913887024,-0.06660791972871039,-0.05829882621765137,-0.3172731399536133,-0.07096347699160788,0.02950829267501831,-0.31430113315582275,-0.021759337952687474,-0.0053688883781433105,-0.38868892192840576,-0.04914195204372618,-0.013869047164916992,-0.31939274072647095,-0.051126499867393704,-0.018988966941833496,-0.25828659534454346,-0.048461706584646436
M,0.0,0.0,0.0,-0.08885425329208374,-0.0680088996887207,-0.04313028920569195,-0.12246745824813843,-0.21172142028808594,-0.06244505886115803,-0.06669700145721436,-0.3552532196044922,-0.08139430675782933,-0.023758649826049805,-0.4724253714084625,-0.0956337222842194,-0.18744874000549316,-0.2973841428756714,0.004598350355990988,-0.2116137444972992,-0.4471476972103119,-0.04177945051469578,-0.17779067158699036,-0.38346558809280396,-0.08373372946061863,-0.14470577239990234,-0.29640233516693115,-0.10666765216865315,-0.1184607744216919,-0.3358381986618042,0.0015351995580203948,-0.1482226848602295,-0.5174498558044434,-0.04125896785535588,-0.1263018250465393,-0.43821853399276733,-0.07923161182679905,-0.107541024684906,-0.3473876118659973,-0.09637784157075657,-0.047348082065582275,-0.33860349655151367,-0.01057216562458052,-0.06589078903198242,-0.5107483863830566,-0.051610804536721844,-0.0643916130065918,-0.4250257611274719,-0.07155495826282277,-0.061217308044433594,-0.3364187479019165,-0.07883781138934864,0.02596491575241089,-0.3143981695175171,-0.02647007014729752,-0.009839057922363281,-0.37927907705307007,-0.05783196855463757,-0.019368767738342285,-0.3037331700325012,-0.06367088798560872,-0.0234527587890625,-0.23922443389892578,-0.06450159046926274
M,0.0,0.0,0.0,-0.08651882410049438,-0.07700246572494507,-0.03947324781017869,-0.11656773090362549,-0.21941572427749634,-0.05702012507515519,-0.06237602233886719,-0.3598428964614868,-0.07574413074451058,-0.02078258991241455,-0.47519564628601074,-0.09017410977082818,-0.18465614318847656,-0.3011770248413086,0.01278284461898238,-0.20888960361480713,-0.44641366600990295,-0.03534537656503289,-0.1762276291847229,-0.3854804039001465,-0.07984295590119928,-0.14218860864639282,-0.2978729009628296,-0.10374796493249505,-0.11475229263305664,-0.33933573961257935,0.006676595562225884,-0.14628219604492188,-0.5198363065719604,-0.03971405057507127,-0.12399882078170776,-0.44173550605773926,-0.08172030104594796,-0.1028909683227539,-0.34866249561309814,-0.09992629392343133,-0.0427972674369812,-0.3416624069213867,-0.008482008336955005,-0.060997068881988525,-0.5101141333580017,-0.05243225125866502,-0.05864584445953369,-0.42483285069465637,-0.0735538612146911,-0.053571879863739014,-0.33531367778778076,-0.0797983269234237,0.03108423948287964,-0.3150831460952759,-0.027139660998159343,-0.006092846393585205,-0.38151660561561584,-0.058041830642991954,-0.015433549880981445,-0.30717188119888306,-0.06187693132358163,-0.0194166898727417,-0.24259352684020996,-0.06048913775282472
M,0.0,0.0,0.0,-0.08557754755020142,-0.07454663515090942,-0.04218055883893612,-0.11454010009765625,-0.22046911716461182,-0.06052703613886479,-0.05610007047653198,-0.36309272050857544,-0.07877738977322224,-0.012407004833221436,-0.4785615801811218,-0.09274972433695439,-0.1805146336555481,-0.30345994234085083,0.008203805251923768,-0.2030133605003357,-0.4525030255317688,-0.03521337936172131,-0.17119556665420532,-0.38842228055000305,-0.07656408304819706,-0.14032524824142456,-0.3027946949005127,-0.10019750351557377,-0.11185705661773682,-0.33838820457458496,0.004856928544995753,-0.14419525861740112,-0.5176500082015991,-0.034447321840616496,-0.1226993203163147,-0.43944141268730164,-0.073001438924166,-0.1040610671043396,-0.35182327032089233,-0.09223615581640843,-0.040376365184783936,-0.33857131004333496,-0.00752088398212436,-0.060325026512145996,-0.5126696228981018,-0.04593526030430439,-0.06046605110168457,-0.43045032024383545,-0.06887293810495976,-0.05918264389038086,-0.3428630828857422,-0.07997002656111363,0.03269696235656738,-0.31123560667037964,-0.02363530004868153,-0.002955019474029541,-0.37603074312210083,-0.054907908835502894,-0.015506386756896973,-0.2997337579727173,-0.06344277615198735,-0.02316218614578247,-0.23241138458251953,-0.0673578401888335
M,0.0,0.0,0.0,-0.08805519342422485,-0.07301241159439087,-0.03943984464007144,-0.11708229780197144,-0.22032397985458374,-0.05765513956743007,-0.056727468967437744,-0.3600916266441345,-0.07652868583994632,-0.013634800910949707,-0.47696399688720703,-0.09186412647562747,-0.180138498544693,-0.309098482131958,0.005049955358629177,-0.2032184600830078,-0.4561271071434021,-0.039328737856919815,-0.1741265058517456,-0.3901015818119049,-0.07975263402062183,-0.14237231016159058,-0.3011113405227661,-0.10210686430531268,-0.10999894142150879,-0.34460020065307617,-0.001527828604082515,-0.13790684938430786,-0.5242488086223602,-0.041954318733985474,-0.12046581506729126,-0.44638821482658386,-0.08056785419779544,-0.1021881103515625,-0.3564716577529907,-0.09925624236660724,-0.037014544010162354,-0.3431391716003418,-0.01665000125962024,-0.051520586013793945,-0.5196088552474976,-0.05656245604353671,-0.05400305986404419,-0.439253032207489,-0.08005518719750171,-0.051773250102996826,-0.35292190313339233,-0.09097387895184283,0.035846710205078125,-0.3126593828201294,-0.03486985966759448,-0.0032230019569396973,-0.3782144784927368,-0.06568298742371326,-0.01641291379928589,-0.3028886318206787,-0.07262492433386569,-0.021288633346557617,-0.2376689314842224,-0.07516414180594211
M,0.0,0.0,0.0,-0.09204220771789551,-0.07838451862335205,-0.032310282131504664,-0.12693017721176147,-0.21745413541793823,-0.04727281375772918,-0.0730898380279541,-0.3548179268836975,-0.06549155830390418,-0.027065277099609375,-0.45888859033584595,-0.07954235493190254,-0.18245863914489746,-0.2917638421058655,0.019484680825996747,-0.21006137132644653,-0.4479750394821167,-0.024972643023204455,-0.1805267333984375,-0.38258540630340576,-0.06548778085954154,-0.1527445912361145,-0.2958723306655884,-0.08710866539723838,-0.11551612615585327,-0.32882213592529297,0.012369946325350156,-0.1478247046470642,-0.5088217854499817,-0.02838766693122352,-0.12981384992599487,-0.4301304221153259,-0.06631290285832847,-0.11385047435760498,-0.3422602415084839,-0.08342974006183113,-0.04516690969467163,-0.33374345302581787,-0.0035560066065158935,-0.06560200452804565,-0.5039129257202148,-0.04153229786999191,-0.06722700595855713,-0.4180522859096527,-0.06281675516612495,-0.06613004207611084,-0.3282543420791626,-0.0705642339492556,0.025120854377746582,-0.31321388483047485,-0.02278619191594089,-0.014972567558288574,-0.37396448850631714,-0.052122292360138545,-0.027286946773529053,-0.30642253160476685,-0.06040061010963882,-0.030433952808380127,-0.24634259939193726,-0.06258402883059944
M,0.0,0.0,0.0,-0.09063917398452759,-0.07600045204162598,-0.03412092003014777,-0.11729705333709717,-0.2152336835861206,-0.048784996298820715,-0.05678755044937134,-0.3509271740913391,-0.0653672245421717,-0.01139223575592041,-0.45759809017181396,-0.07875056835797523,-0.1794663667678833,-0.2987622022628784,0.020883492278187532,-0.20213466882705688,-0.44144484400749207,-0.019553945315749388,-0.17387494444847107,-0.3828229010105133,-0.06063508885887359,-0.1429373323917389,-0.2987266182899475,-0.08406987312224601,-0.11025506258010864,-0.33229154348373413,0.013748446563511152,-0.1411130726337433,-0.5034645199775696,-0.024610861120493155,-0.12365204095840454,-0.43272292613983154,-0.0669093233623812,-0.10588675737380981,-0.3483872413635254,-0.08854777636912559,-0.03895831108093262,-0.33114349842071533,-0.001777845583603721,-0.05629444122314453,-0.502837061882019,-0.039928044108421545,-0.06069570779800415,-0.4294763505458832,-0.06699388745215629,-0.05982697010040283,-0.3460039496421814,-0.0802411315121958,0.031618475914001465,-0.3029036521911621,-0.020060009238989096,-0.012235701084136963,-0.36672794818878174,-0.04993475127008651,-0.02426624298095703,-0.3006129264831543,-0.05883805352237914,-0.02771449089050293,-0.24387586116790771,-0.06261131438401435
M,0.0,0.0,0.0,-0.09179681539535522,-0.07147586345672607,-0.03502709985366437,-0.1209639310836792,-0.21148806810379028,-0.0498074647842941,-0.0617716908454895,-0.34580641984939575,-0.06592544362536046,-0.01793074607849121,-0.4515557289123535,-0.07883454308500859,-0.1788121461868286,-0.2998097538948059,0.01732924945065406,-0.204438716173172,-0.4400535225868225,-0.02224938393226239,-0.177642822265625,-0.3822391629219055,-0.06142806456080052,-0.1460714042186737,-0.2990039587020874,-0.08345941648474309,-0.11080628633499146,-0.3335513472557068,0.011347122410029442,-0.14250603318214417,-0.5050196647644043,-0.02584093817165467,-0.12781226634979248,-0.4353156089782715,-0.06569832012644383,-0.10965186357498169,-0.3501492738723755,-0.08551135853520009,-0.04095757007598877,-0.3324776887893677,-0.003021991193577378,-0.056075453758239746,-0.5047571659088135,-0.0399614256679115,-0.06157100200653076,-0.4374822974205017,-0.06804076776495549,-0.06002575159072876,-0.35651859641075134,-0.08227265820494267,0.02745598554611206,-0.3043747544288635,-0.02016985610714528,-0.013456344604492188,-0.36640629172325134,-0.050593784159332245,-0.028432071208953857,-0.30101799964904785,-0.06196485654106709,-0.03433901071548462,-0.24127733707427979,-0.06745162800541493
M,0.0,0.0,0.0,-0.0926598310470581,-0.07317906618118286,-0.03292836462679816,-0.1269214153289795,-0.2056189775466919,-0.04688858082118941,-0.07474511861801147,-0.34039628505706787,-0.06359021951976729,-0.03057694435119629,-0.4427509605884552,-0.07677110125843001,-0.1827353537082672,-0.28601473569869995,0.021508158840504166,-0.2093626856803894,-0.4315796494483948,-0.018960539526972298,-0.18251937627792358,-0.3742305040359497,-0.058002023301753525,-0.15373945236206055,-0.2926798462867737,-0.0793597980362506,-0.1175699234008789,-0.31997865438461304,0.01552465623643684,-0.14861130714416504,-0.4914811849594116,-0.022168230540785316,-0.13364377617835999,-0.42210066318511963,-0.06072581773224783,-0.11743664741516113,-0.3386725187301636,-0.07906055291715575,-0.049363672733306885,-0.322945237159729,0.0009129214024028443,-0.06888359785079956,-0.48664310574531555,-0.03525133272233916,-0.0744849443435669,-0.41306912899017334,-0.060254825554522995,-0.07421660423278809,-0.3303455710411072,-0.0713152497035594,0.0178070068359375,-0.30031776428222656,-0.016760207988056663,-0.02202242612838745,-0.36218857765197754,-0.04459340711656523,-0.035486817359924316,-0.3013154864311218,-0.054096957944068436,-0.03917473554611206,-0.2454279661178589,-0.05769645263973189
M,0.0,0.0,0.0,-0.08984315395355225,-0.07296121120452881,-0.03305075712765415,-0.11867889761924744,-0.19999921321868896,-0.04806808032358845,-0.06364941596984863,-0.33214032649993896,-0.06501712672675808,-0.021159350872039795,-0.43447571992874146,-0.07875102781022747,-0.17451754212379456,-0.2833482027053833,0.019455514622080727,-0.19826561212539673,-0.4197670519351959,-0.019753542023551063,-0.17359066009521484,-0.361769437789917,-0.05820615239704807,-0.14483609795570374,-0.28216689825057983,-0.0793581458207484,-0.10935038328170776,-0.3150007724761963,0.013080675860095425,-0.13947409391403198,-0.4810107350349426,-0.023038028034221725,-0.12494984269142151,-0.411482572555542,-0.060509711730134086,-0.1080276370048523,-0.32937175035476685,-0.07843883358205517,-0.04174840450286865,-0.31400901079177856,-0.0016241836061965387,-0.058560311794281006,-0.47168201208114624,-0.03692838572229107,-0.0630527138710022,-0.39949530363082886,-0.060162347036254005,-0.06179231405258179,-0.32119321823120117,-0.07041252427066524,0.025263071060180664,-0.28676021099090576,-0.01918008759881218,-0.01397484540939331,-0.35219040513038635,-0.04517002053822239,-0.026222527027130127,-0.2860376238822937,-0.051037635880362586,-0.030743539333343506,-0.227414071559906,-0.052569594460379676
M,0.0,0.0,0.0,-0.08733367919921875,-0.07191479206085205,-0.034135141096669486,-0.11638203263282776,-0.200778067111969,-0.046813186876136115,-0.06339412927627563,-0.3310644030570984,-0.061546032003718665,-0.022973477840423584,-0.4297240674495697,-0.07302741395648127,-0.17424798011779785,-0.27782028913497925,0.023478501789611528,-0.19747185707092285,-0.41520917415618896,-0.014998511097985556,-0.17099705338478088,-0.3579713702201843,-0.053433415166693976,-0.14249083399772644,-0.2810204029083252,-0.07468233691866999,-0.10918456315994263,-0.3080260753631592,0.018769962095063875,-0.13825705647468567,-0.47429367899894714,-0.01737761186774378,-0.12494903802871704,-0.4035342335700989,-0.05545087965543871,-0.11034181714057922,-0.3257322311401367,-0.07331817286427622,-0.04358482360839844,-0.3075885772705078,0.005296731680971334,-0.059503912925720215,-0.4579542279243469,-0.029719260207969,-0.06551915407180786,-0.38383665680885315,-0.05365367295559054,-0.06574451923370361,-0.30789411067962646,-0.06385108517821436,0.020803749561309814,-0.2814571261405945,-0.011379028357225707,-0.015616536140441895,-0.35070210695266724,-0.03689932139928942,-0.028033077716827393,-0.28399866819381714,-0.04333913388069277,-0.033447325229644775,-0.22543025016784668,-0.045119602851229956
M,0.0,0.0,0.0,-0.08824390172958374,-0.07427334785461426,-0.029942834247265182,-0.11561393737792969,-0.20280981063842773,-0.04260578515044244,-0.06064265966415405,-0.32730698585510254,-0.058311359454307876,-0.01731199026107788,-0.41965049505233765,-0.0713369897197822,-0.16560491919517517,-0.27267271280288696,0.021470889951672234,-0.19306743144989014,-0.40801411867141724,-0.016387765724573455,-0.16901418566703796,-0.35374969244003296,-0.05275524171105417,-0.14204132556915283,-0.280609130859375,-0.0728262788247207,-0.10446751117706299,-0.30406105518341064,0.013978542331244626,-0.13527056574821472,-0.4696616530418396,-0.02175434069744142,-0.12302646040916443,-0.40275970101356506,-0.05821936341038736,-0.10868072509765625,-0.32679593563079834,-0.07560499521008524,-0.040638744831085205,-0.3056252598762512,-0.0017183471567818742,-0.05784785747528076,-0.4621717929840088,-0.03688208149782213,-0.06534111499786377,-0.3903225362300873,-0.06078058989754709,-0.06604516506195068,-0.3143565058708191,-0.07123971493950876,0.022941887378692627,-0.283161997795105,-0.020184438173089347,-0.01493614912033081,-0.3480815887451172,-0.04535085098854097,-0.02747654914855957,-0.2869265675544739,-0.052721293140564285,-0.030852973461151123,-0.23313957452774048,-0.055569579322252594
M,0.0,0.0,0.0,-0.08507049083709717,-0.07343858480453491,-0.029516112162696118,-0.11138373613357544,-0.1992587447166443,-0.04089554595850586,-0.05911850929260254,-0.32385438680648804,-0.05476125898860573,-0.018160581588745117,-0.4191979765892029,-0.06592745530508637,-0.16371235251426697,-0.27096837759017944,0.023765496806277042,-0.18890631198883057,-0.402289479970932,-0.011445707744883293,-0.16404664516448975,-0.3486647307872772,-0.04748083475135445,-0.13697201013565063,-0.2749064564704895,-0.06789301532410263,-0.10306158661842346,-0.29862654209136963,0.017448138342274433,-0.1337040364742279,-0.4562205970287323,-0.014547677813993687,-0.11957108974456787,-0.3909996747970581,-0.05077285516165375,-0.10363593697547913,-0.3164156675338745,-0.06925100284718155,-0.03982234001159668,-0.29671579599380493,0.003128761787934309,-0.056813180446624756,-0.4466613531112671,-0.02898883271120667,-0.06318646669387817,-0.3787914514541626,-0.05347487527035355,-0.06351679563522339,-0.30509239435195923,-0.06582402634523987,0.022326231002807617,-0.270551860332489,-0.013880057363735432,-0.013872683048248291,-0.3315957188606262,-0.03932465436957955,-0.02699577808380127,-0.2689860463142395,-0.04771179529927849,-0.03198057413101196,-0.2134770154953003,-0.05168782743714928
M,0.0,0.0,0.0,-0.08472958207130432,-0.07402515411376953,-0.027448664261328304,-0.10788050293922424,-0.19769072532653809,-0.03910951952479991,-0.052575767040252686,-0.31473976373672485,-0.053469694061504924,-0.012969434261322021,-0.405105322599411,-0.06527829806350383,-0.15555515885353088,-0.26850128173828125,0.022540052579415715,-0.1803385615348816,-0.39336371421813965,-0.011947604669558132,-0.15811067819595337,-0.3385048806667328,-0.046396932406651104,-0.13122543692588806,-0.2666657567024231,-0.06572393219016703,-0.09614238142967224,-0.2954874038696289,0.015018533141983426,-0.12297740578651428,-0.4501478970050812,-0.01817319060705813,-0.11298057436943054,-0.38668322563171387,-0.05420571084164294,-0.09841763973236084,-0.31107425689697266,-0.07205843816541346,-0.03464996814727783,-0.2928808927536011,-0.0002045873573024437,-0.04846632480621338,-0.4412194490432739,-0.03285748402618083,-0.05697602033615112,-0.3803964853286743,-0.05960241223715457,-0.05717247724533081,-0.30981457233428955,-0.07331990341685923,0.02556842565536499,-0.2679203748703003,-0.017779416246639812,-0.00953298807144165,-0.3215232491493225,-0.043390343739019954,-0.02358269691467285,-0.26255184412002563,-0.05410209934257182,-0.028238296508789062,-0.20973503589630127,-0.05981033186458262
M,0.0,0.0,0.0,-0.08526727557182312,-0.06963390111923218,-0.026306215422692958,-0.11120358109474182,-0.18952566385269165,-0.038526940839830104,-0.06111401319503784,-0.30626654624938965,-0.05344844956928796,-0.02199500799179077,-0.39738160371780396,-0.06611806129151887,-0.15760913491249084,-0.2552943229675293,0.018595960242208776,-0.1816195249557495,-0.3798379898071289,-0.01673742358619279,-0.15933501720428467,-0.32866403460502625,-0.05148006950551576,-0.13368040323257446,-0.25589966773986816,-0.07097626452380723,-0.09949368238449097,-0.2830737233161926,0.011004247953650292,-0.1287723183631897,-0.4348495602607727,-0.021684787916484538,-0.11744681000709534,-0.37515419721603394,-0.057173277931752864,-0.10299640893936157,-0.3002105951309204,-0.07531898443633622,-0.03827238082885742,-0.2837059497833252,-0.003761075884568754,-0.05773800611495972,-0.43023261427879333,-0.035652275877538386,-0.06459963321685791,-0.37006640434265137,-0.06106108401948518,-0.06396549940109253,-0.2977469563484192,-0.07437788669997758,0.02277398109436035,-0.2623330354690552,-0.020771953957620326,-0.01589822769165039,-0.31031322479248047,-0.04674713288480348,-0.030704081058502197,-0.2531794309616089,-0.05773403470450944,-0.035514771938323975,-0.20072484016418457,-0.06368620668584413
M,0.0,0.0,0.0,-0.08147209882736206,-0.07261955738067627,-0.026852585837929155,-0.10710179805755615,-0.1874910593032837,-0.03722545178302994,-0.05858415365219116,-0.3011799454689026,-0.05055315093764534,-0.0196150541305542,-0.3858591318130493,-0.061480347529737855,-0.15349867939949036,-0.25497937202453613,0.02526117815008888,-0.17663589119911194,-0.3785873055458069,-0.008904835671870615,-0.15701693296432495,-0.32546988129615784,-0.04359836550125351,-0.1331096589565277,-0.25430184602737427,-0.06278105498918762,-0.09646067023277283,-0.28197216987609863,0.01893595373562107,-0.12406718730926514,-0.4293074607849121,-0.012616789431064035,-0.11449888348579407,-0.36668860912323,-0.04778642626175156,-0.10076060891151428,-0.2947092652320862,-0.0648868200338768,-0.037290334701538086,-0.280947208404541,0.004967626187266205,-0.05536776781082153,-0.4190269708633423,-0.02582645276257267,-0.06194204092025757,-0.3533754348754883,-0.049050417260019685,-0.06067538261413574,-0.28253787755966187,-0.05970196099647751,0.021050870418548584,-0.2562519311904907,-0.0116257178566741,-0.012612879276275635,-0.30996739864349365,-0.03489493997463455,-0.023968279361724854,-0.25186580419540405,-0.04246399225363007,-0.026678025722503662,-0.19993329048156738,-0.04526182310351601
M,0.0,0.0,0.0,-0.07657644152641296,-0.07530975341796875,-0.021875606372049106,-0.10473182797431946,-0.1883835792541504,-0.028707598789623034,-0.06574133038520813,-0.2983555197715759,-0.03899329666703011,-0.03294318914413452,-0.384033739566803,-0.04663983125894333,-0.1436896026134491,-0.24188023805618286,0.03302472318799232,-0.16631746292114258,-0.36390864849090576,0.004281755083212602,-0.1495952606201172,-0.32168683409690857,-0.026848133175661815,-0.1287756860256195,-0.25656068325042725,-0.044157558574369205,-0.09228643774986267,-0.2662615180015564,0.027092844725558507,-0.11785918474197388,-0.4068073034286499,0.0015096864783856745,-0.10843175649642944,-0.35824090242385864,-0.032686965062310946,-0.09652379155158997,-0.2931852340698242,-0.05145730589239861,-0.03870499134063721,-0.26644814014434814,0.013733055920312154,-0.05437225103378296,-0.39825940132141113,-0.011612309596529258,-0.06002134084701538,-0.35127928853034973,-0.037471105798175586,-0.05823105573654175,-0.28769391775131226,-0.0521769127687719,0.014970064163208008,-0.24695813655853271,-0.0018688822044339304,-0.017235100269317627,-0.2947559356689453,-0.021932217746069682,-0.031043827533721924,-0.24637740850448608,-0.03287045051067139,-0.03556567430496216,-0.1969832181930542,-0.03966647897570397
M,0.0,0.0,0.0,-0.07897242903709412,-0.06822317838668823,-0.02380995558027621,-0.10445395112037659,-0.17595112323760986,-0.0327143232655942,-0.06295758485794067,-0.28379911184310913,-0.044805289371055323,-0.03165709972381592,-0.3644125759601593,-0.05451202498201724,-0.14580443501472473,-0.23519176244735718,0.027549077631789487,-0.16624227166175842,-0.34925025701522827,-0.003238662503775913,-0.14632990956306458,-0.30308303236961365,-0.03539314599160548,-0.12429216504096985,-0.2384060025215149,-0.05328237370972033,-0.09152290225028992,-0.2599908113479614,0.022137111859279912,-0.1159161925315857,-0.3939223289489746,-0.006413071075570542,-0.10556823015213013,-0.34192121028900146,-0.04139297188643809,-0.0937926173210144,-0.27889931201934814,-0.05998578400735255,-0.03626340627670288,-0.2603355050086975,0.00951197078998689,-0.05149185657501221,-0.38932356238365173,-0.019729285625857074,-0.05813524127006531,-0.33383625745773315,-0.04587893293623324,-0.05984693765640259,-0.2675846219062805,-0.059176639778655726,0.016363859176635742,-0.24096202850341797,-0.005148022560518939,-0.01770162582397461,-0.28889191150665283,-0.028122537894290645,-0.03081691265106201,-0.2418205738067627,-0.03956629814032908,-0.036660075187683105,-0.19680827856063843,-0.04553250701550837
M,0.0,0.0,0.0,-0.07783150672912598,-0.06459307670593262,-0.025260624873880033,-0.10268282890319824,-0.16742229461669922,-0.03581133058989394,-0.05851083993911743,-0.2738058567047119,-0.04887337184274543,-0.024443626403808594,-0.3549349009990692,-0.059327177170160894,-0.14383819699287415,-0.22840815782546997,0.02370797151004922,-0.16491413116455078,-0.34317296743392944,-0.0070008937525187775,-0.1472088098526001,-0.29782694578170776,-0.03816455921852935,-0.12566888332366943,-0.23352384567260742,-0.055293261471632604,-0.09067189693450928,-0.25421857833862305,0.019158460733052607,-0.11592575907707214,-0.3889138698577881,-0.008706956568602209,-0.10781121253967285,-0.33726173639297485,-0.041477541837338094,-0.09622165560722351,-0.27473485469818115,-0.05858279711330283,-0.03637897968292236,-0.2550186514854431,0.007401486926283951,-0.052697569131851196,-0.3866015076637268,-0.021489181953910474,-0.06043776869773865,-0.33330947160720825,-0.04594484663331855,-0.060552358627319336,-0.26878345012664795,-0.058194826755169515,0.016786396503448486,-0.2361830472946167,-0.006416452515367155,-0.01776975393295288,-0.2848188877105713,-0.029255810591820364,-0.03010404109954834,-0.23691874742507935,-0.03948933950388778,-0.03316795825958252,-0.19139176607131958,-0.044522683534268026
M,0.0,0.0,0.0,-0.07635989785194397,-0.061580657958984375,-0.025392289466594775,-0.10109499096870422,-0.16386836767196655,-0.03590891995224865,-0.05797523260116577,-0.2702287435531616,-0.048921172700261195,-0.022976040840148926,-0.349465012550354,-0.05920617394838246,-0.1423143744468689,-0.22577673196792603,0.022301166125203054,-0.16271716356277466,-0.34109658002853394,-0.008130951977705081,-0.142785906791687,-0.29620280861854553,-0.03931338079962643,-0.12027221918106079,-0.23250269889831543,-0.056791701547240336,-0.08966803550720215,-0.2532689571380615,0.018049039684797208,-0.1152724027633667,-0.3866724967956543,-0.010116961046492179,-0.10434100031852722,-0.3347456753253937,-0.04380651303324612,-0.09232515096664429,-0.2734149098396301,-0.06177325286660107,-0.036469101905822754,-0.25583046674728394,0.006863273487056176,-0.05325838923454285,-0.38659441471099854,-0.021728678799604495,-0.05926129221916199,-0.33273398876190186,-0.04646476843151959,-0.05922648310661316,-0.2674509882926941,-0.05897360034975918,0.01570791006088257,-0.2386285662651062,-0.006407583325540145,-0.01883983612060547,-0.2882682979106903,-0.028535035631989558,-0.030125200748443604,-0.2446432113647461,-0.03918303289208325,-0.0327376127243042,-0.20193040370941162,-0.04466731958780201
M,0.0,0.0,0.0,-0.07723778486251831,-0.06126689910888672,-0.022294398381660585,-0.10193869471549988,-0.16762971878051758,-0.031910462289403085,-0.05444818735122681,-0.2728756070137024,-0.0440353583389026,-0.0181768536567688,-0.35243314504623413,-0.054233128189395075,-0.14318573474884033,-0.22721296548843384,0.02035520972376048,-0.16221684217453003,-0.3395484685897827,-0.009073980137060289,-0.14274385571479797,-0.2957416772842407,-0.03931730797822297,-0.12022998929023743,-0.2315106987953186,-0.05629890969331086,-0.0892932116985321,-0.2514129877090454,0.01372011007433116,-0.1126641035079956,-0.3866361081600189,-0.013400930895755891,-0.10205078125,-0.3357519209384918,-0.04503570309216798,-0.08944034576416016,-0.2723515033721924,-0.06146183422143281,-0.03448653221130371,-0.2510528564453125,0.0006777652461948946,-0.048472821712493896,-0.38232025504112244,-0.026888959094236498,-0.05371919274330139,-0.3322189450263977,-0.04968822932178796,-0.052790433168411255,-0.26972317695617676,-0.06154442018205941,0.018445134162902832,-0.23115241527557373,-0.014110154456744795,-0.017449259757995605,-0.2820280194282532,-0.03616220316226304,-0.02964228391647339,-0.2319154143333435,-0.04447509905631364,-0.03328990936279297,-0.18510675430297852,-0.04864990150863946
M,0.0,0.0,0.0,-0.07941082119941711,-0.06206214427947998,-0.023346628110715528,-0.10152095556259155,-0.1662793755531311,-0.032445161651679655,-0.053669869899749756,-0.27340131998062134,-0.0437789401522366,-0.01952415704727173,-0.35356923937797546,-0.05271596745760121,-0.1444016396999359,-0.22848421335220337,0.026194392655185084,-0.1634443998336792,-0.3379397392272949,-0.0018204125127283532,-0.14381834864616394,-0.29390576481819153,-0.032133980702468534,-0.12181806564331055,-0.22954028844833374,-0.04926716820509114,-0.0917532742023468,-0.25282973051071167,0.02110988176255546,-0.11572256684303284,-0.3833220601081848,-0.004235520075866361,-0.10431370139122009,-0.3330155313014984,-0.03596638799817242,-0.09159642457962036,-0.2708788514137268,-0.05287458286792912,-0.038128405809402466,-0.2523815631866455,0.009072905358067374,-0.05173066258430481,-0.3834022581577301,-0.01763208680958428,-0.05632889270782471,-0.334817111492157,-0.0407448662927834,-0.05518040060997009,-0.2732238173484802,-0.05306430072695889,0.014791786670684814,-0.23278993368148804,-0.004915579270431181,-0.0193326473236084,-0.2824450731277466,-0.026959584142872473,-0.030459344387054443,-0.2316572666168213,-0.035760483752795835,-0.03444206714630127,-0.18419891595840454,-0.04022737131626286
M,0.0,0.0,0.0,-0.07780170440673828,-0.06285691261291504,-0.02339312106536795,-0.10091781616210938,-0.1680266261100769,-0.03392147317694594,-0.05181765556335449,-0.27234649658203125,-0.04719530090855528,-0.01615452766418457,-0.3514400124549866,-0.058539074362983,-0.14270693063735962,-0.2250949740409851,0.020463337673078286,-0.1644010841846466,-0.33376598358154297,-0.010531576799024833,-0.14548692107200623,-0.28877192735671997,-0.04137352153824736,-0.12297415733337402,-0.2255365252494812,-0.05850777819918562,-0.09069350361824036,-0.2503852844238281,0.013908179959486233,-0.11610937118530273,-0.3823698163032532,-0.014815731422771705,-0.10584491491317749,-0.33116376399993896,-0.046822328569163574,-0.09216848015785217,-0.26874232292175293,-0.0630689863877194,-0.0364222526550293,-0.2506644129753113,0.0005474928936166634,-0.05204194784164429,-0.37870848178863525,-0.029227093310822738,-0.05867072939872742,-0.3252577483654022,-0.052674968244303955,-0.05843350291252136,-0.26302284002304077,-0.06411134496497084,0.016524851322174072,-0.2319396734237671,-0.014667488151957286,-0.01810973882675171,-0.27921557426452637,-0.03808144152330328,-0.03000938892364502,-0.22954559326171875,-0.04731313929127623,-0.03334522247314453,-0.18500906229019165,-0.05167280927466322
M,0.0,0.0,0.0,-0.07876056432723999,-0.06510281562805176,-0.02293049601442476,-0.10016730427742004,-0.17372643947601318,-0.03142484707362314,-0.05193430185317993,-0.2801933288574219,-0.04272139502293726,-0.01838618516921997,-0.3589998185634613,-0.05165539366728922,-0.1388896107673645,-0.2303180694580078,0.026829314775994817,-0.16100534796714783,-0.34060364961624146,-0.0014705463459279144,-0.14116999506950378,-0.2954440712928772,-0.03135052380687853,-0.11884656548500061,-0.23333215713500977,-0.0481083696854796,-0.08681359887123108,-0.25499773025512695,0.02139109874539713,-0.11187639832496643,-0.3870065212249756,-0.004787843782224854,-0.10231739282608032,-0.3368159532546997,-0.03679904026515146,-0.09043234586715698,-0.27669858932495117,-0.053683750904866656,-0.0335824191570282,-0.2547719478607178,0.008802469246319333,-0.047001659870147705,-0.3841478228569031,-0.019002490319081744,-0.05433806777000427,-0.3304257392883301,-0.0434922283662047,-0.056242138147354126,-0.2676282525062561,-0.05615336505300661,0.01843583583831787,-0.2360783815383911,-0.005720018982657393,-0.014020025730133057,-0.28820550441741943,-0.028005174003311595,-0.028508245944976807,-0.23850864171981812,-0.038299840517112216,-0.036254674196243286,-0.19249755144119263,-0.04376961720711847
M,0.0,0.0,0.0,-0.0786592960357666,-0.0649951696395874,-0.02219937198847788,-0.10304674506187439,-0.1667574644088745,-0.03158756920188921,-0.05798223614692688,-0.2723623514175415,-0.04434754156559961,-0.022062957286834717,-0.34907227754592896,-0.05505776607483881,-0.1413724720478058,-0.22710776329040527,0.026105616082844563,-0.16342228651046753,-0.34018850326538086,-0.004718635390105419,-0.14515700936317444,-0.29675042629241943,-0.03649758377164858,-0.12321096658706665,-0.2327287197113037,-0.05399964579433458,-0.08962252736091614,-0.25185197591781616,0.01989992319553835,-0.11407038569450378,-0.38555991649627686,-0.00803244409203785,-0.10598546266555786,-0.3359127938747406,-0.0405626652488138,-0.09464430809020996,-0.27444154024124146,-0.05731389128655451,-0.03641468286514282,-0.25257718563079834,0.006664074332860537,-0.05158209800720215,-0.38208019733428955,-0.02220816367358225,-0.05866008996963501,-0.3277907371520996,-0.04530817844957369,-0.058104485273361206,-0.2634165287017822,-0.05635878645867365,0.01606440544128418,-0.23376858234405518,-0.00856494826317089,-0.017428815364837646,-0.28601157665252686,-0.031088454807701282,-0.029400348663330078,-0.23658913373947144,-0.03987049141019838,-0.03197139501571655,-0.18931645154953003,-0.04363939368218439
M,0.0,0.0,0.0,-0.07426336407661438,-0.06324225664138794,-0.024759343005229084,-0.10188764333724976,-0.1690816879272461,-0.03449077170293435,-0.057995110750198364,-0.2727231979370117,-0.047224126867462246,-0.020048916339874268,-0.3466041088104248,-0.05793915327589616,-0.14095351099967957,-0.22917258739471436,0.02140734706122771,-0.16425830125808716,-0.34352830052375793,-0.010879324860383122,-0.14811328053474426,-0.2991788983345032,-0.04325600724618539,-0.12721866369247437,-0.23486047983169556,-0.061037108413387386,-0.09029176831245422,-0.2537872791290283,0.01596608560581103,-0.11489182710647583,-0.38943183422088623,-0.014188480674732773,-0.10920119285583496,-0.3398485481739044,-0.04883747931521043,-0.09830862283706665,-0.2777782678604126,-0.06628880288403138,-0.03781905770301819,-0.25404518842697144,0.003616470499451907,-0.05426779389381409,-0.3822091519832611,-0.02616878051262006,-0.06308388710021973,-0.3318130373954773,-0.0523359292368184,-0.06183767318725586,-0.26985567808151245,-0.06500421848099336,0.01554185152053833,-0.23524457216262817,-0.010865951068211643,-0.015378832817077637,-0.2886117696762085,-0.03404323767821893,-0.02747061848640442,-0.24563157558441162,-0.04504447814028367,-0.029579997062683105,-0.20195859670639038,-0.05018211167256936
M,0.0,0.0,0.0,-0.07416903972625732,-0.0625373125076294,-0.024547253024110205,-0.10433799028396606,-0.16881859302520752,-0.0347174911166519,-0.06384369730949402,-0.27523350715637207,-0.04898859396232069,-0.024863064289093018,-0.34856757521629333,-0.06034270882261694,-0.14126646518707275,-0.2296023964881897,0.020746256936064356,-0.16671866178512573,-0.3485986292362213,-0.015150899287590391,-0.1493096649646759,-0.3039973974227905,-0.04773810341609419,-0.12876290082931519,-0.23983007669448853,-0.06419240519059599,-0.09061157703399658,-0.25778549909591675,0.015499852377644174,-0.11653515696525574,-0.3948761224746704,-0.017489847015866644,-0.11105328798294067,-0.34289202094078064,-0.0490777140821308,-0.1014561653137207,-0.2806956171989441,-0.06247238650573195,-0.03866085410118103,-0.2608277201652527,0.002958665149009221,-0.0574268102645874,-0.38377252221107483,-0.027109638076552756,-0.0646447241306305,-0.3204613924026489,-0.044978263076671965,-0.06305056810379028,-0.2544293999671936,-0.04962485864413679,0.01371002197265625,-0.24411028623580933,-0.012441578541228182,-0.014207661151885986,-0.2996584177017212,-0.03128273993385733,-0.027532994747161865,-0.26395636796951294,-0.03668115123761595,-0.03119167685508728,-0.22865664958953857,-0.03658603340042532
M,0.0,0.0,0.0,-0.07695326209068298,-0.06459355354309082,-0.02670299157287559,-0.11081722378730774,-0.1668081283569336,-0.037422663418311686,-0.07550397515296936,-0.27569395303726196,-0.051569669393558115,-0.0371985137462616,-0.35180068016052246,-0.06293256103779754,-0.14832597970962524,-0.2226666808128357,0.02212016761515656,-0.1733531951904297,-0.337936133146286,-0.014010380839664549,-0.15909001231193542,-0.3012049198150635,-0.04802315950180969,-0.13823482394218445,-0.24067139625549316,-0.06484381377484283,-0.0990661084651947,-0.25143641233444214,0.01946652040098229,-0.1250019371509552,-0.38832634687423706,-0.014562045110125155,-0.12125760316848755,-0.3402288258075714,-0.047860599009055704,-0.10981804132461548,-0.2741524577140808,-0.0611992095389553,-0.047778964042663574,-0.257660448551178,0.009305441865961939,-0.06749561429023743,-0.3732207417488098,-0.020737972927946657,-0.07534429430961609,-0.319497287273407,-0.04175746336366615,-0.07155910134315491,-0.25499069690704346,-0.04743309587027511,0.0029653310775756836,-0.2438940405845642,-0.0037563483954556887,-0.025439053773880005,-0.30760717391967773,-0.02102775953497371,-0.036086201667785645,-0.28152763843536377,-0.02701744518961391,-0.03655672073364258,-0.24633216857910156,-0.026885698435563654
M,0.0,0.0,0.0,-0.07311743497848511,-0.05841857194900513,-0.02448284680374968,-0.10842347145080566,-0.15613394975662231,-0.038101038507903695,-0.07424485683441162,-0.26162785291671753,-0.05582416298219073,-0.0341954231262207,-0.33755970001220703,-0.07096008452006686,-0.14261910319328308,-0.21906042098999023,0.01199182161710155,-0.170373797416687,-0.33291012048721313,-0.02661331052311766,-0.1579674482345581,-0.2932965159416199,-0.06035566198059428,-0.13701313734054565,-0.2317708134651184,-0.0771281519753586,-0.09641629457473755,-0.24909818172454834,0.006519179247533202,-0.12362387776374817,-0.38198021054267883,-0.02803482542165625,-0.12282875180244446,-0.33443066477775574,-0.058247486673081994,-0.11217370629310608,-0.2711946368217468,-0.07064531984158862,-0.046976685523986816,-0.2570825219154358,-0.0057408698683332204,-0.06949347257614136,-0.37525200843811035,-0.03469272198506701,-0.0783240795135498,-0.31860941648483276,-0.050503360651219964,-0.07398837804794312,-0.2550029158592224,-0.054005494884933114,0.0046593546867370605,-0.2455967664718628,-0.020944448731626153,-0.024427831172943115,-0.30718809366226196,-0.036796076766933083,-0.036444276571273804,-0.2820184826850891,-0.03984297307559359,-0.03649187088012695,-0.2515847086906433,-0.03842151778169978
M,0.0,0.0,0.0,-0.07487252354621887,-0.057277023792266846,-0.02490530605228969,-0.11362546682357788,-0.1633991003036499,-0.037576672386251175,-0.07693696022033691,-0.26954132318496704,-0.05398712004335948,-0.039575666189193726,-0.35056453943252563,-0.06854379619272777,-0.14637750387191772,-0.2274652123451233,0.012255259093024051,-0.17643487453460693,-0.33567285537719727,-0.026694253783546174,-0.16879907250404358,-0.2943871021270752,-0.061160900395236695,-0.14938408136367798,-0.22936302423477173,-0.07862963224562236,-0.10053834319114685,-0.255260169506073,0.005378247939177072,-0.12824741005897522,-0.38559627532958984,-0.029009421121202195,-0.13408729434013367,-0.3391619026660919,-0.060672932069621766,-0.12526503205299377,-0.2725667953491211,-0.07467400724800655,-0.04886898398399353,-0.25832444429397583,-0.008576777528844559,-0.07277530431747437,-0.37778282165527344,-0.04051690245779582,-0.08822083473205566,-0.32051682472229004,-0.061506767522416794,-0.08476275205612183,-0.2556151747703552,-0.06934259529026576,0.005439788103103638,-0.24123919010162354,-0.02509730006369182,-0.029826313257217407,-0.2874029874801636,-0.048126891951881134,-0.04559910297393799,-0.24609196186065674,-0.05614215577753612,-0.044351398944854736,-0.2052655816078186,-0.05801101843627521
M,0.0,0.0,0.0,-0.07297909259796143,-0.05835622549057007,-0.018853492686815798,-0.11176323890686035,-0.16864138841629028,-0.03087400051421696,-0.07555213570594788,-0.27448421716690063,-0.047513017082877695,-0.037913352251052856,-0.35825061798095703,-0.06265859084791714,-0.13791275024414062,-0.2422422170639038,0.00895304081373638,-0.17265447974205017,-0.34590908885002136,-0.03065890225238377,-0.1687561571598053,-0.2998795509338379,-0.06387837755150372,-0.15139278769493103,-0.22927045822143555,-0.0800331287331062,-0.09446102380752563,-0.2662186026573181,-0.001590995468490064,-0.1241382360458374,-0.39097875356674194,-0.0334879994637447,-0.13355425000190735,-0.3433612585067749,-0.05893862398929173,-0.12784382700920105,-0.2738879323005676,-0.06947835313744122,-0.04311788082122803,-0.26518136262893677,-0.01884784887201363,-0.06730899214744568,-0.38117969036102295,-0.04820734786457592,-0.08502468466758728,-0.3225638270378113,-0.06273688154882961,-0.08512473106384277,-0.25773900747299194,-0.06756997632450634,0.012887686491012573,-0.24495524168014526,-0.038334762329526484,-0.022388339042663574,-0.28797805309295654,-0.05867573770350987,-0.04218679666519165,-0.23755502700805664,-0.06168157013721043,-0.04625460505485535,-0.1902318000793457,-0.06080790015525395
M,0.0,0.0,0.0,-0.07507264614105225,-0.05426216125488281,-0.01833423209177454,-0.11409127712249756,-0.17484551668167114,-0.028064410954584673,-0.07484975457191467,-0.2820296883583069,-0.04103500191854437,-0.03947362303733826,-0.36793604493141174,-0.052322687402238444,-0.14333635568618774,-0.2417183518409729,0.007988053552935526,-0.17863121628761292,-0.34723591804504395,-0.027969009995331362,-0.1761063039302826,-0.3022769093513489,-0.05767245759057005,-0.1572956144809723,-0.23329514265060425,-0.07219566573189695,-0.09796276688575745,-0.26706016063690186,-0.0012505410079484136,-0.1299852430820465,-0.3927520215511322,-0.029092512845863894,-0.14013046026229858,-0.34743189811706543,-0.05143502522992094,-0.13347142934799194,-0.2812032103538513,-0.061603611156215266,-0.04531320929527283,-0.26678210496902466,-0.01695834827410181,-0.0706566572189331,-0.3906477689743042,-0.04528153856085737,-0.08806392550468445,-0.3355531096458435,-0.05927883256958921,-0.08628013730049133,-0.2741231918334961,-0.06527525354908903,0.010374009609222412,-0.24839437007904053,-0.034405955865850046,-0.030923962593078613,-0.28616809844970703,-0.05759887193130453,-0.046166032552719116,-0.23212438821792603,-0.062446458086242274,-0.04322469234466553,-0.1869456171989441,-0.06338410247849424
M,0.0,0.0,0.0,-0.07750746607780457,-0.05398905277252197,-0.01862682302765961,-0.1207607090473175,-0.16879689693450928,-0.029606877763797,-0.08449497818946838,-0.28055280447006226,-0.043577334781218724,-0.04550909996032715,-0.3680638372898102,-0.05546494101457711,-0.14604413509368896,-0.24348366260528564,0.007695133394520326,-0.18553674221038818,-0.34979820251464844,-0.02950360899143334,-0.1806391477584839,-0.30744391679763794,-0.060216582317877965,-0.1575915813446045,-0.23986834287643433,-0.07513541628890152,-0.09967225790023804,-0.27002620697021484,-0.0017138658399176165,-0.13223415613174438,-0.3992030918598175,-0.029223869492341237,-0.14062705636024475,-0.3595666289329529,-0.05125144397192116,-0.13201117515563965,-0.29865366220474243,-0.06155355175309296,-0.046038657426834106,-0.2690160274505615,-0.017753268529702382,-0.06960222125053406,-0.39296776056289673,-0.04707981546692963,-0.0874907374382019,-0.3424893021583557,-0.061532783259679036,-0.08669537305831909,-0.2845361828804016,-0.06785442580752488,0.009607791900634766,-0.2479010820388794,-0.035441300769377904,-0.03257271647453308,-0.28890711069107056,-0.060420731951523976,-0.04810518026351929,-0.23359328508377075,-0.0654643093543541,-0.046249181032180786,-0.1864405870437622,-0.06632071634106751
M,0.0,0.0,0.0,-0.07878848910331726,-0.055549561977386475,-0.018108545583743307,-0.11990514397621155,-0.1741456389427185,-0.027013386380929205,-0.08374685049057007,-0.2882646322250366,-0.03947572853888914,-0.04860788583755493,-0.37924009561538696,-0.0501315600844805,-0.14693480730056763,-0.24587154388427734,0.015523165683191564,-0.1869901418685913,-0.353406697511673,-0.01992343809928343,-0.180271178483963,-0.3113062381744385,-0.050489322063583586,-0.15760314464569092,-0.24383175373077393,-0.06546719816054747,-0.10028523206710815,-0.2733599543571472,0.005693617961298969,-0.13383403420448303,-0.4046752452850342,-0.021223255214351866,-0.14075225591659546,-0.3619636297225952,-0.04431502964820311,-0.13344621658325195,-0.29883140325546265,-0.05489249598707602,-0.04601556062698364,-0.2722662091255188,-0.011041683857399676,-0.07293274998664856,-0.3970773220062256,-0.04056391191210196,-0.0884997546672821,-0.3398903012275696,-0.05344847660984442,-0.08662727475166321,-0.28010135889053345,-0.05818229239906714,0.010537892580032349,-0.2513425946235657,-0.029533867505449507,-0.03403046727180481,-0.2927224636077881,-0.054318771478790495,-0.04451027512550354,-0.23465502262115479,-0.05700486969675467,-0.038013756275177,-0.1894245147705078,-0.05586274784531042
M,0.0,0.0,0.0,-0.0824979841709137,-0.058680832386016846,-0.02021729224304636,-0.12789294123649597,-0.17627304792404175,-0.02990707964579542,-0.09191924333572388,-0.29428374767303467,-0.04433922492842157,-0.04986989498138428,-0.38499242067337036,-0.056052133673233584,-0.1528523564338684,-0.252377986907959,0.02070085308571379,-0.19110360741615295,-0.3644166588783264,-0.01864933990816553,-0.18649858236312866,-0.32181793451309204,-0.050448790424866274,-0.16564905643463135,-0.25603169202804565,-0.0642334858415552,-0.10289302468299866,-0.27667832374572754,0.011823608307736322,-0.1290806531906128,-0.41293972730636597,-0.020805105799240664,-0.14006677269935608,-0.36460864543914795,-0.0430634806392618,-0.13601699471473694,-0.2980571389198303,-0.048796385758919314,-0.04721763730049133,-0.2738291621208191,-0.0050156295759506975,-0.06908699870109558,-0.3794936239719391,-0.03863757126907785,-0.08521100878715515,-0.3057934641838074,-0.04684520536045511,-0.08523616194725037,-0.24043750762939453,-0.04330986388902147,0.008819609880447388,-0.2534034848213196,-0.024297692113918856,-0.03229302167892456,-0.30178260803222656,-0.04597478010634859,-0.04800119996070862,-0.24141037464141846,-0.042588770621819094,-0.047530919313430786,-0.1942598819732666,-0.03442201414088686
M,0.0,0.0,0.0,-0.08483237028121948,-0.06101137399673462,-0.019671240028429793,-0.12489071488380432,-0.18070226907730103,-0.029986315545130537,-0.08567062020301819,-0.2950294017791748,-0.04443897227614002,-0.04544574022293091,-0.38127559423446655,-0.05726521382896976,-0.14881154894828796,-0.25594812631607056,0.018103862974356844,-0.18768255412578583,-0.36611172556877136,-0.019003403511334227,-0.1856536567211151,-0.3203524351119995,-0.05149250025718288,-0.1664964258670807,-0.2518274784088135,-0.06729099820225315,-0.09996789693832397,-0.28054434061050415,0.008393774602126314,-0.13134989142417908,-0.41093116998672485,-0.022364284050155447,-0.14395645260810852,-0.3628711402416229,-0.04866434554426746,-0.13894256949424744,-0.2936035394668579,-0.05945055107443409,-0.04398751258850098,-0.2787746787071228,-0.008618984509695338,-0.07458007335662842,-0.4031151533126831,-0.03884774367182331,-0.09447866678237915,-0.3450286388397217,-0.05394241507022457,-0.09425944089889526,-0.2807706594467163,-0.05869504357545452,0.012453228235244751,-0.2577427625656128,-0.027758606847811507,-0.03687974810600281,-0.29866456985473633,-0.0514570988234766,-0.05303668975830078,-0.23938697576522827,-0.054607081365276144,-0.04950594902038574,-0.1898975968360901,-0.05280119473903255
M,0.0,0.0,0.0,-0.08809104561805725,-0.057715773582458496,-0.019668284497299737,-0.12866666913032532,-0.18092530965805054,-0.030428696117439813,-0.08335688710212708,-0.29217058420181274,-0.04474892622891957,-0.04198944568634033,-0.37746918201446533,-0.05809214121762807,-0.14958980679512024,-0.25884008407592773,0.01377556224252885,-0.1885942965745926,-0.3632524311542511,-0.023434672198334283,-0.18899773061275482,-0.31240034103393555,-0.05541802353326375,-0.16895918548107147,-0.24328160285949707,-0.07127306393448407,-0.09888404607772827,-0.28364551067352295,0.003825080887338572,-0.12969020009040833,-0.4104462265968323,-0.02897686853174264,-0.14572080969810486,-0.35494464635849,-0.05543431422773892,-0.14102128148078918,-0.28406280279159546,-0.06583368561331326,-0.04253837466239929,-0.28141719102859497,-0.013029211825767106,-0.07383421063423157,-0.407264769077301,-0.04570649719897801,-0.09639859199523926,-0.344599187374115,-0.06101455322567517,-0.0961187481880188,-0.2827303409576416,-0.06541128239695126,0.013021975755691528,-0.26091110706329346,-0.031549414313474244,-0.041669219732284546,-0.2987973690032959,-0.058241368896403856,-0.05437090992927551,-0.23641550540924072,-0.06193010292116696,-0.04399794340133667,-0.19162219762802124,-0.05989209718171651
M,0.0,0.0,0.0,-0.08959510922431946,-0.062083661556243896,-0.022188439133344673,-0.1288207471370697,-0.18073773384094238,-0.03429084001737692,-0.08176955580711365,-0.2905641794204712,-0.049397469597636245,-0.040124088525772095,-0.3759666085243225,-0.06344180657225706,-0.1516442894935608,-0.2572423815727234,0.014759593543828942,-0.1855006217956543,-0.3599415123462677,-0.021294071438489937,-0.187972292304039,-0.3110833466053009,-0.05422745003062346,-0.17134615778923035,-0.24472546577453613,-0.07137037171679594,-0.10059532523155212,-0.28009921312332153,0.006280459364177204,-0.12658804655075073,-0.40484026074409485,-0.024616257386981033,-0.14405593276023865,-0.3540847897529602,-0.05295061795669653,-0.14237788319587708,-0.286906361579895,-0.06580866231280424,-0.04426649212837219,-0.27605748176574707,-0.009162037732778572,-0.07114988565444946,-0.4000512957572937,-0.04086995227891066,-0.09502577781677246,-0.34318503737449646,-0.059210640477715515,-0.0971803367137909,-0.2835841774940491,-0.06654666467267134,0.010704994201660156,-0.25353217124938965,-0.02636913499492266,-0.0412411093711853,-0.2902042865753174,-0.05302324249106505,-0.05601796507835388,-0.22953945398330688,-0.05824322356539824,-0.049072861671447754,-0.18319487571716309,-0.057718963461695694
M,0.0,0.0,0.0,-0.08912396430969238,-0.05704766511917114,-0.024374249496389666,-0.131450355052948,-0.1774882674217224,-0.03342367067270402,-0.08833563327789307,-0.2915564477443695,-0.04553505881958131,-0.042031288146972656,-0.37119436264038086,-0.0560210208528531,-0.15240684151649475,-0.25077933073043823,0.022534345171521863,-0.1854785978794098,-0.35486459732055664,-0.012188833312023917,-0.19022789597511292,-0.3095586597919464,-0.04352190821700219,-0.17793810367584229,-0.24746954441070557,-0.058887039416362086,-0.10072970390319824,-0.2699286937713623,0.01611387067205783,-0.1204671561717987,-0.3998625874519348,-0.016141778894592562,-0.14288541674613953,-0.35199761390686035,-0.043986250751544276,-0.14795038104057312,-0.2874962091445923,-0.05426644637518052,-0.0458926260471344,-0.2642340064048767,0.0017670452474760623,-0.06648540496826172,-0.37043076753616333,-0.03298719330959443,-0.09437724947929382,-0.3123074769973755,-0.052785703086186686,-0.10198715329170227,-0.2572939395904541,-0.057902948104668894,0.008177489042282104,-0.24352794885635376,-0.014617144235302248,-0.03701043128967285,-0.28520455956459045,-0.04003724932007913,-0.053228527307510376,-0.22564905881881714,-0.043946144276191035,-0.050064921379089355,-0.1796947717666626,-0.04141680627398614
M,0.0,0.0,0.0,-0.08963316679000854,-0.055868327617645264,-0.028298801166201315,-0.13267460465431213,-0.17072927951812744,-0.03680074622967311,-0.09516769647598267,-0.28947967290878296,-0.0479038361284978,-0.05236625671386719,-0.3714335560798645,-0.056415230390811644,-0.15648704767227173,-0.24555349349975586,0.029794754105424204,-0.1858639121055603,-0.3470924496650696,-0.006923810933912478,-0.18806113302707672,-0.3138614892959595,-0.039865378645444594,-0.1761663258075714,-0.2570100426673889,-0.054889977333331785,-0.10414496064186096,-0.26497605443000793,0.02668228151163987,-0.1256645917892456,-0.3892064094543457,-0.007900285889590464,-0.14306366443634033,-0.3450489938259125,-0.036870174464965544,-0.1467326134443283,-0.2832326292991638,-0.04569444095828601,-0.049333006143569946,-0.26163819432258606,0.01459113566092185,-0.06809544563293457,-0.3515300750732422,-0.023573112097764692,-0.08992582559585571,-0.2864506244659424,-0.041082688030982695,-0.0960254967212677,-0.23045045137405396,-0.04125452077128955,0.004765748977661133,-0.24342870712280273,-6.790840267001386e-05,-0.03282129764556885,-0.282304584980011,-0.025559408945227347,-0.04683336615562439,-0.22352153062820435,-0.026527062413478575,-0.04527026414871216,-0.1789500117301941,-0.01958042791225978
M,0.0,0.0,0.0,-0.09218534827232361,-0.05326640605926514,-0.026588478999428844,-0.13135483860969543,-0.17129045724868774,-0.033567748906307315,-0.08650219440460205,-0.28623759746551514,-0.04311649495571146,-0.04120510816574097,-0.36013907194137573,-0.050757892372303104,-0.1565365493297577,-0.23409482836723328,0.03192182636053076,-0.18778735399246216,-0.3321805000305176,1.1965737257924047e-05,-0.18862047791481018,-0.29329177737236023,-0.03129354858606348,-0.17424771189689636,-0.23744994401931763,-0.047557156475477314,-0.10487398505210876,-0.25451409816741943,0.028406765369481946,-0.1327742636203766,-0.3713781237602234,-0.0031059388427365775,-0.14696340262889862,-0.3268331289291382,-0.034157466085844135,-0.14599362015724182,-0.268073171377182,-0.04719238722532282,-0.05020684003829956,-0.25257769227027893,0.01625417178661337,-0.07809233665466309,-0.3524209260940552,-0.019400203543000316,-0.10273408889770508,-0.2975638806819916,-0.04248952859848032,-0.10731670260429382,-0.2438778579235077,-0.049691684486560916,0.005438655614852905,-0.2389407753944397,0.001713689707003141,-0.04050558805465698,-0.2746850848197937,-0.027595415653877353,-0.054396480321884155,-0.21914011240005493,-0.036068160029344654,-0.05018171668052673,-0.17631691694259644,-0.0361511222442914
M,0.0,0.0,0.0,-0.08855974674224854,-0.051490604877471924,-0.02720934552945664,-0.1277053952217102,-0.16382837295532227,-0.03543191803493073,-0.08450812101364136,-0.2755694091320038,-0.04646584046878388,-0.04255223274230957,-0.35174816846847534,-0.056233465949674155,-0.15498505532741547,-0.23146244883537292,0.03246121453247497,-0.18271225690841675,-0.3219461739063263,-0.002529909181077983,-0.18716639280319214,-0.29026085138320923,-0.038285158852715995,-0.17702098190784454,-0.23869800567626953,-0.05760905174412301,-0.10353443026542664,-0.24957218766212463,0.027484528442244027,-0.1265200972557068,-0.3680982291698456,-0.008954258913774993,-0.143960103392601,-0.32926174998283386,-0.04672361938156655,-0.14649736881256104,-0.26995858550071716,-0.06372934235133698,-0.04831156134605408,-0.245785653591156,0.01385465515903661,-0.0718846321105957,-0.34368467330932617,-0.02592298788823655,-0.09665849804878235,-0.2929795980453491,-0.05562520800032189,-0.10318464040756226,-0.24063336849212646,-0.06660040123261979,0.007770359516143799,-0.2275288701057434,-0.001973565946002509,-0.030982285737991333,-0.26619553565979004,-0.033287518004556205,-0.04445457458496094,-0.21435979008674622,-0.04472672967114022,-0.04181531071662903,-0.17180126905441284,-0.04699413506187966
M,0.0,0.0,0.0,-0.09048104286193848,-0.051438212394714355,-0.024262325866374113,-0.1288355588912964,-0.16258645057678223,-0.03281556258932028,-0.0864395797252655,-0.2750054597854614,-0.04479605893627081,-0.044566810131073,-0.3535842299461365,-0.05594261179700766,-0.15172286331653595,-0.23177778720855713,0.032496163593378924,-0.18119771778583527,-0.32157546281814575,-0.0017124290161234512,-0.18407124280929565,-0.2886330187320709,-0.03640461902156744,-0.17056067287921906,-0.23586344718933105,-0.05503693039551649,-0.09978997707366943,-0.2510719299316406,0.025588819728938006,-0.1230328381061554,-0.36856740713119507,-0.010259411325904466,-0.14182543754577637,-0.3322925567626953,-0.04782003353372488,-0.14340975880622864,-0.27366751432418823,-0.06516491438284788,-0.044279396533966064,-0.24623611569404602,0.010167578207102679,-0.06902259588241577,-0.34611666202545166,-0.030687794117483236,-0.09556728601455688,-0.30089113116264343,-0.06372920985356245,-0.10222387313842773,-0.2502673864364624,-0.07707539762392912,0.009440451860427856,-0.22626996040344238,-0.006722968565526344,-0.03813105821609497,-0.2623201608657837,-0.040524458540829755,-0.05819976329803467,-0.21142762899398804,-0.05576526935234938,-0.061256855726242065,-0.16837430000305176,-0.06082761476770315
M,0.0,0.0,0.0,-0.09072250127792358,-0.0401187539100647,-0.0239084734780306,-0.13499167561531067,-0.1460181474685669,-0.03338594541079942,-0.09662625193595886,-0.26112574338912964,-0.04626881882674638,-0.05308276414871216,-0.34298357367515564,-0.05861647978551332,-0.1513769030570984,-0.22072696685791016,0.025462603269744477,-0.1864846646785736,-0.31254276633262634,-0.010368530565273204,-0.18905635178089142,-0.2833123803138733,-0.04502467990047876,-0.17313317954540253,-0.2304157316684723,-0.0633886474383587,-0.10192278027534485,-0.24654382467269897,0.018264627157378754,-0.12982767820358276,-0.36635130643844604,-0.016292409898113647,-0.14918875694274902,-0.3340318202972412,-0.04997777000195924,-0.15031807124614716,-0.27679330110549927,-0.06554193973667566,-0.04761508107185364,-0.24891138076782227,0.002749481311667523,-0.0720565915107727,-0.3635109066963196,-0.0369626152528042,-0.10094654560089111,-0.3209342360496521,-0.06541417718059961,-0.10961681604385376,-0.2672107219696045,-0.07664553254969064,0.007494479417800903,-0.2357184886932373,-0.014335768224071899,-0.03994140028953552,-0.28329187631607056,-0.04830235421783868,-0.059772998094558716,-0.23158296942710876,-0.060930060149502197,-0.06258487701416016,-0.18168136477470398,-0.06438412696249429
M,0.0,0.0,0.0,-0.08801361918449402,-0.03930342197418213,-0.02483993109080984,-0.13150176405906677,-0.13497209548950195,-0.03151156652484133,-0.09561792016029358,-0.250474214553833,-0.04239820215616419,-0.052786439657211304,-0.33052101731300354,-0.052093888556100865,-0.15618667006492615,-0.19230884313583374,0.0361032123514633,-0.19590681791305542,-0.28874510526657104,0.004302112928144197,-0.1939062476158142,-0.2728862762451172,-0.02884752202544405,-0.17731554806232452,-0.2303922176361084,-0.04603434625778391,-0.11025351285934448,-0.22545921802520752,0.03252759304132269,-0.1429077684879303,-0.34639471769332886,0.0015439334861184761,-0.15233644843101501,-0.3210751414299011,-0.03263670850310518,-0.14946356415748596,-0.27160659432411194,-0.04864372212205126,-0.06147563457489014,-0.23989039659500122,0.020113117138407688,-0.08661332726478577,-0.34935450553894043,-0.013808581901230355,-0.10799866914749146,-0.3129039704799652,-0.040380778645612736,-0.11174187064170837,-0.2627991735935211,-0.05002289909634783,-0.008978486061096191,-0.24038895964622498,0.0051839515404026315,-0.04783397912979126,-0.31004658341407776,-0.018158846457936306,-0.062149256467819214,-0.27290934324264526,-0.026489511986710568,-0.06189626455307007,-0.22631320357322693,-0.02800608511779501
M,0.0,0.0,0.0,-0.08882734179496765,-0.04298734664916992,-0.024542688425995607,-0.12744376063346863,-0.1451173722743988,-0.02932076438925435,-0.08635440468788147,-0.26425012946128845,-0.03847272231838872,-0.04220700263977051,-0.34325751662254333,-0.04535692467949559,-0.15770640969276428,-0.20099300146102905,0.044221186045191985,-0.19030749797821045,-0.29493334889411926,0.014366726357124548,-0.18618494272232056,-0.27061372995376587,-0.01744896269998719,-0.1707201898097992,-0.2226269543170929,-0.033229376223303575,-0.10776636004447937,-0.23171043395996094,0.04163035467603038,-0.1342061161994934,-0.35108502209186554,0.014618112671755057,-0.14298588037490845,-0.3164561092853546,-0.015022950280823011,-0.1439555585384369,-0.2653709948062897,-0.027494427781917352,-0.0557025671005249,-0.24261710047721863,0.029258071411035758,-0.07303950190544128,-0.34982825815677643,-0.0011430167699160165,-0.09376910328865051,-0.29651540517807007,-0.020799112540103692,-0.10196992754936218,-0.24208799004554749,-0.0254033739086168,-9.188055992126465e-05,-0.2399497926235199,0.013882342692099314,-0.031238466501235962,-0.31320053339004517,-0.004738372318811912,-0.04807421565055847,-0.2640148401260376,-0.0073542748916821665,-0.055226296186447144,-0.21163427829742432,-0.004754077211387653
M,0.0,0.0,0.0,-0.0892399251461029,-0.04718029499053955,-0.0179313568452244,-0.1268692910671234,-0.15545201301574707,-0.019909221498096485,-0.08697384595870972,-0.2706351578235626,-0.026452537445152302,-0.04915693402290344,-0.34881076216697693,-0.03232893888446142,-0.15865939855575562,-0.20796391367912292,0.04541073571351717,-0.1925373524427414,-0.2933691143989563,0.021105164842879276,-0.18506944179534912,-0.27899372577667236,-0.00828874651881506,-0.16684618592262268,-0.23756733536720276,-0.024358561081612606,-0.10846138000488281,-0.2369951605796814,0.03897031228450487,-0.13788318634033203,-0.34341880679130554,0.019767014490639667,-0.14329063892364502,-0.3289365768432617,-0.010896337037706871,-0.13956144452095032,-0.29125678539276123,-0.028167523262823124,-0.05391964316368103,-0.242773175239563,0.02402343246546934,-0.07333040237426758,-0.3497568368911743,-0.0031671105472241834,-0.09220564365386963,-0.32002541422843933,-0.029254305926883717,-0.09959647059440613,-0.2794494032859802,-0.04245927725526144,0.0032868385314941406,-0.231877863407135,0.007329813385581474,-0.031635820865631104,-0.2879786193370819,-0.016762440843308468,-0.049899011850357056,-0.23969095945358276,-0.026107661245191593,-0.059429556131362915,-0.18986478447914124,-0.029723187727654476
M,0.0,0.0,0.0,-0.08945965766906738,-0.04720568656921387,-0.01919600241794228,-0.12293544411659241,-0.14489224553108215,-0.019945106142898794,-0.07869914174079895,-0.2564087510108948,-0.024353080102940794,-0.04115208983421326,-0.330275297164917,-0.027433699602028128,-0.1592772901058197,-0.1860455870628357,0.05294609195576072,-0.19530633091926575,-0.2685374915599823,0.03645131490216613,-0.18284189701080322,-0.25964996218681335,0.009631142346421484,-0.15911346673965454,-0.22666090726852417,-0.007010501017560955,-0.11447799205780029,-0.21854162216186523,0.05008052042708755,-0.14789655804634094,-0.3163168728351593,0.03737985841021896,-0.13771110773086548,-0.3152638077735901,0.0026364092251753846,-0.11626458168029785,-0.29713284969329834,-0.02024612450017571,-0.06405246257781982,-0.23103076219558716,0.03897322840080619,-0.08508896827697754,-0.33687688410282135,0.01776834144280315,-0.07834282517433167,-0.35026249289512634,-0.015804323041578527,-0.054499536752700806,-0.34316904842853546,-0.037204271787544485,-0.005872219800949097,-0.2325216829776764,0.02617520405934215,-0.03812792897224426,-0.2878232002258301,0.005792764807353024,-0.03623303771018982,-0.2667747735977173,-0.007748599303653236,-0.022687137126922607,-0.23944735527038574,-0.016364161530276533
M,0.0,0.0,0.0,-0.07853126525878906,-0.03602689504623413,-0.019307081198213893,-0.11002689599990845,-0.13501089811325073,-0.020643512328980762,-0.0718202292919159,-0.2419065237045288,-0.02420307750058015,-0.043380916118621826,-0.3064877539873123,-0.0261506350542291,-0.15439170598983765,-0.17806628346443176,0.04262819645750682,-0.18713995814323425,-0.2652890384197235,0.02503037584769885,-0.16774672269821167,-0.2651319205760956,-0.0016836331522895875,-0.13659542798995972,-0.23039013147354126,-0.01782904805791219,-0.10915666818618774,-0.20934143662452698,0.040016477385641736,-0.13706117868423462,-0.31110116839408875,0.028471363166453045,-0.12106162309646606,-0.3140767514705658,-0.004855718074260551,-0.09950459003448486,-0.29757994413375854,-0.02739625664603551,-0.060592055320739746,-0.21835759282112122,0.03011769933450381,-0.07921692728996277,-0.32332347333431244,0.011682732420148056,-0.0725792646408081,-0.3377452790737152,-0.01920362057339986,-0.05232277512550354,-0.3288465440273285,-0.040169815143464405,-0.0024196505546569824,-0.21292179822921753,0.01869456043291251,-0.03204905986785889,-0.26420339941978455,0.000310597515770894,-0.036317527294158936,-0.23909705877304077,-0.01167390270334323,-0.033803850412368774,-0.2057057023048401,-0.020081813057778675
M,0.0,0.0,0.0,-0.07834744453430176,-0.039959073066711426,-0.015553843722045713,-0.1085028350353241,-0.1444525122642517,-0.01121297993540793,-0.06899413466453552,-0.24874725937843323,-0.009272971682548814,-0.03862708806991577,-0.3096456825733185,-0.005692849427759938,-0.1546153426170349,-0.1861726939678192,0.05086711279273004,-0.18486350774765015,-0.2671918570995331,0.03533270440220804,-0.1662966012954712,-0.2661869525909424,0.009447745486795611,-0.13425838947296143,-0.2306215763092041,-0.005973848540634208,-0.10780766606330872,-0.21654438972473145,0.04756752631783456,-0.13128823041915894,-0.3200555592775345,0.038034411586522765,-0.11642932891845703,-0.3315341919660568,0.005039302140176005,-0.09629112482070923,-0.32247069478034973,-0.017604188554287248,-0.05811616778373718,-0.2223520278930664,0.0366913177740571,-0.07399219274520874,-0.3239235281944275,0.017452488161325164,-0.0706312358379364,-0.3374878168106079,-0.016034213386774354,-0.05466046929359436,-0.3289549797773361,-0.03851715245127707,0.00020506978034973145,-0.21437928080558777,0.024744950674175925,-0.029187053442001343,-0.26556649804115295,0.0023472967759516905,-0.03709426522254944,-0.2366948425769806,-0.013591646708846383,-0.03842076659202576,-0.20131441950798035,-0.02455381446361571
M,0.0,0.0,0.0,-0.082609623670578,-0.04374563694000244,-0.01814251623037677,-0.11484497785568237,-0.14836513996124268,-0.011622132239075711,-0.0744900107383728,-0.2540374994277954,-0.007374768582316449,-0.0415518581867218,-0.318210631608963,-0.0003272337202488984,-0.16215285658836365,-0.18897593021392822,0.05548024878915925,-0.18645823001861572,-0.27716752886772156,0.03544244871553559,-0.16823247075080872,-0.2750432789325714,0.008454722846714446,-0.13945814967155457,-0.23349976539611816,-0.005468694930108597,-0.11237937211990356,-0.21677285432815552,0.05480909303840775,-0.1325545608997345,-0.3291519731283188,0.039431616226998756,-0.11873707175254822,-0.3292326182126999,0.008803193020490596,-0.10276538133621216,-0.3094977140426636,-0.008470613946350625,-0.06045562028884888,-0.2222490906715393,0.04526070834216256,-0.07029062509536743,-0.3200400620698929,0.02154944234606404,-0.06787925958633423,-0.3008020669221878,-0.004672260460587552,-0.05927145481109619,-0.2729587256908417,-0.01834293684843402,-0.0016309022903442383,-0.21262896060943604,0.03392027274784226,-0.021973639726638794,-0.2743193209171295,0.011627594503430316,-0.030104458332061768,-0.23312339186668396,0.0007062406217173134,-0.03583812713623047,-0.1907362937927246,-0.004565410287263205
M,0.0,0.0,0.0,-0.08238330483436584,-0.033393144607543945,-0.021909430073954184,-0.11779400706291199,-0.1324954628944397,-0.018996575298167784,-0.08203762769699097,-0.23737013339996338,-0.0180216705523506,-0.05414259433746338,-0.30116695165634155,-0.014161480972923357,-0.16303691267967224,-0.18346789479255676,0.0436073714770302,-0.19176971912384033,-0.2675279378890991,0.016462529627226274,-0.17540988326072693,-0.2676346004009247,-0.012487287084020693,-0.14770406484603882,-0.2274252474308014,-0.025805985005952436,-0.11309963464736938,-0.21149837970733643,0.043054657606028,-0.13336625695228577,-0.32125286757946014,0.01910967248453943,-0.12446907162666321,-0.31689906120300293,-0.010698993141211588,-0.1147470474243164,-0.28873492777347565,-0.024778318973638136,-0.06156545877456665,-0.2202787697315216,0.03341294693722574,-0.07111164927482605,-0.3069182336330414,0.0011491393340676836,-0.0678047239780426,-0.26961851119995117,-0.021461037369824965,-0.0630536675453186,-0.22887417674064636,-0.028751562731720526,-0.0058408379554748535,-0.21439412236213684,0.02177324946000425,-0.024859488010406494,-0.26968930661678314,-0.006398505913473684,-0.030218064785003662,-0.22262775897979736,-0.015943629118062574,-0.03455027937889099,-0.17572981119155884,-0.017439646097280104
M,0.0,0.0,0.0,-0.07863104343414307,-0.02244013547897339,-0.029028667599192204,-0.1211620569229126,-0.11903747916221619,-0.024294596627584042,-0.08971145749092102,-0.23012804985046387,-0.02074240194284016,-0.058210015296936035,-0.2923462688922882,-0.010917302683225216,-0.16633298993110657,-0.15596285462379456,0.04003555653966373,-0.1991206705570221,-0.25342825055122375,0.010400728791722713,-0.1669311225414276,-0.22747164964675903,-0.010617272459199967,-0.14262670278549194,-0.1865469217300415,-0.01601845072232777,-0.12162178754806519,-0.19087767601013184,0.04546345351613468,-0.1475864052772522,-0.3020417094230652,0.014550221621760784,-0.12164169549942017,-0.2675349712371826,-0.005901033520927967,-0.11229336261749268,-0.2290361523628235,-0.007741344157835783,-0.07620152831077576,-0.21435844898223877,0.04027684731758541,-0.08519074320793152,-0.29875877499580383,0.0045381751877755505,-0.06753626465797424,-0.24072442948818207,-0.006696704305937828,-0.06641727685928345,-0.19649311900138855,-0.0010323537245824355,-0.030023664236068726,-0.22793638706207275,0.03190645156777805,-0.0422324538230896,-0.2892305552959442,0.00895729149110025,-0.03541523218154907,-0.2515524625778198,0.005459284879037796,-0.034163713455200195,-0.21530526876449585,0.010718534238407074
M,0.0,0.0,0.0,-0.07605034112930298,-0.03302210569381714,-0.026663226912468474,-0.11446094512939453,-0.13206905126571655,-0.021658019999712508,-0.08155447244644165,-0.24030369520187378,-0.017813969309180777,-0.04805147647857666,-0.29915672540664673,-0.009566967281251948,-0.16466885805130005,-0.16575956344604492,0.03934102514877935,-0.19368112087249756,-0.2605425864458084,0.012718479243368108,-0.1641121208667755,-0.24816633760929108,-0.011490358876734774,-0.13790583610534668,-0.21153095364570618,-0.021282035763114493,-0.11974769830703735,-0.1985875964164734,0.04184259856238981,-0.1474069356918335,-0.30542445182800293,0.017635056843310792,-0.13596326112747192,-0.30118751525878906,-0.007611804081797402,-0.13339918851852417,-0.2840195745229721,-0.017523478622287314,-0.0719846785068512,-0.21622997522354126,0.0344207995583119,-0.0840131938457489,-0.30135905742645264,-0.0018603677383808304,-0.0690942108631134,-0.2488134801387787,-0.0217948797146974,-0.06310322880744934,-0.20401909947395325,-0.023720474819391768,-0.02242189645767212,-0.2232402265071869,0.024700399582535226,-0.039838433265686035,-0.2749740481376648,-0.005323440673500102,-0.035075604915618896,-0.2235945761203766,-0.014102680514305632,-0.030638039112091064,-0.1759674847126007,-0.013021561222821276
M,0.0,0.0,0.0,-0.07411769032478333,-0.023494452238082886,-0.02595091129633076,-0.11767563223838806,-0.11870920658111572,-0.019554636282645532,-0.09234333038330078,-0.2300471067428589,-0.014981104833804437,-0.06628909707069397,-0.2927943170070648,-0.0057635482678044525,-0.16330277919769287,-0.1532403826713562,0.04295443666187637,-0.19711285829544067,-0.2537616193294525,0.020142662497438124,-0.16901904344558716,-0.2455044984817505,0.00024600703754984465,-0.1438198685646057,-0.2104218304157257,-0.0062950107546377865,-0.1236163079738617,-0.19195011258125305,0.04692707133499496,-0.1597113311290741,-0.30273720622062683,0.022465679021753004,-0.15053701400756836,-0.30798575282096863,-0.0026288601381558863,-0.14776137471199036,-0.29363468289375305,-0.010831569162927934,-0.08035829663276672,-0.21606069803237915,0.04123173949328773,-0.09304076433181763,-0.2960668057203293,0.002484315931997827,-0.0719364583492279,-0.2360997498035431,-0.01859096701236851,-0.060351014137268066,-0.1812935173511505,-0.01860915574225075,-0.033120036125183105,-0.23257824778556824,0.03368806389180534,-0.051415979862213135,-0.2803097367286682,0.003138985410533479,-0.041015684604644775,-0.23326045274734497,-0.006291101993792125,-0.03110283613204956,-0.18817657232284546,-0.004314989624344179
M,0.0,0.0,0.0,-0.0659821629524231,-0.034194350242614746,-0.025624433042025885,-0.10577565431594849,-0.1225244402885437,-0.02743822659692796,-0.08283153176307678,-0.22712349891662598,-0.031045782820797285,-0.05772852897644043,-0.28760164976119995,-0.030392778547025046,-0.1569521427154541,-0.15786799788475037,0.020953676222347895,-0.18779325485229492,-0.26608455181121826,-0.00788253031066688,-0.15338456630706787,-0.24182277917861938,-0.030708830313301405,-0.1284751296043396,-0.19423028826713562,-0.039897409708714804,-0.11321413516998291,-0.19115790724754333,0.021777285753273645,-0.14631611108779907,-0.30672210454940796,-0.009240549498713335,-0.11359521746635437,-0.2784159779548645,-0.03355422753236326,-0.09669813513755798,-0.23488926887512207,-0.0399448885335687,-0.06717932224273682,-0.21146661043167114,0.015413432872378507,-0.07692873477935791,-0.2876877188682556,-0.018069611371970495,-0.052831947803497314,-0.22964206337928772,-0.029455888526058516,-0.04839432239532471,-0.1765243411064148,-0.026003363983249983,-0.019718527793884277,-0.21997448801994324,0.0066716205575403364,-0.03192180395126343,-0.2752837538719177,-0.01457576125255855,-0.01968318223953247,-0.22957172989845276,-0.014277778075552305,-0.015947461128234863,-0.18228784203529358,-0.007823063501632532
M,0.0,0.0,0.0,-0.06184065341949463,-0.039765894412994385,-0.03025252842995485,-0.09323480725288391,-0.12443038821220398,-0.031314942107528054,-0.07086116075515747,-0.22029823064804077,-0.032418008015483224,-0.04729115962982178,-0.27711403369903564,-0.028493876622050607,-0.15059620141983032,-0.16840806603431702,0.02357326163259188,-0.17585289478302002,-0.2743902802467346,-0.007053052128284776,-0.14833053946495056,-0.2588776648044586,-0.03096036897692045,-0.12216845154762268,-0.21331527829170227,-0.039750601218074166,-0.10520857572555542,-0.19530442357063293,0.028694153710276282,-0.12950238585472107,-0.3110273480415344,-0.006281484902828538,-0.1009671688079834,-0.279824823141098,-0.03145784424337705,-0.08268579840660095,-0.2314302921295166,-0.03587521524819692,-0.0597192645072937,-0.20873072743415833,0.025450036807924903,-0.0647655725479126,-0.2822241485118866,-0.010224860214620435,-0.04701054096221924,-0.22821471095085144,-0.02377703698071798,-0.043685078620910645,-0.1810286045074463,-0.019953833014696443,-0.013895750045776367,-0.2088223099708557,0.019343177734882033,-0.018485724925994873,-0.262280598282814,-0.004661362205624187,-0.013570725917816162,-0.2237986922264099,-0.009220448375671708,-0.017103612422943115,-0.18298089504241943,-0.004922877584576213
M,0.0,0.0,0.0,-0.05600285530090332,-0.03943502902984619,-0.031175987893874435,-0.07983142137527466,-0.1243695616722107,-0.034478737140233306,-0.056951820850372314,-0.21490934491157532,-0.03726687851005295,-0.03543573617935181,-0.27335330843925476,-0.03468700694494942,-0.13931655883789062,-0.17540377378463745,0.021091107180183144,-0.1545063555240631,-0.27688443660736084,-0.004840191086913137,-0.12590759992599487,-0.25733375549316406,-0.0281760246550391,-0.09940999746322632,-0.2125488519668579,-0.03834227668696144,-0.09425494074821472,-0.20897743105888367,0.02681747441536686,-0.1164557933807373,-0.32178013026714325,-0.00399882449411848,-0.08658868074417114,-0.2826336771249771,-0.03148224028402069,-0.06565696001052856,-0.2323736548423767,-0.03976263302021721,-0.05188560485839844,-0.224430650472641,0.025283733283941956,-0.05700540542602539,-0.30367526412010193,-0.0058781873492250725,-0.03374272584915161,-0.24665898084640503,-0.020504640514189987,-0.02165299654006958,-0.19346129894256592,-0.01924021365695694,-0.006874799728393555,-0.2251298427581787,0.020815135812227936,-0.01289910078048706,-0.29171133041381836,0.0024212453456868843,-0.0032556653022766113,-0.26655352115631104,-0.001366605498986928,-0.0020579099655151367,-0.23400035500526428,0.001404516765688868
M,0.0,0.0,0.0,-0.060940325260162354,-0.035818278789520264,-0.030919003824379843,-0.08673608303070068,-0.12171414494514465,-0.03447215218344013,-0.05785638093948364,-0.21555623412132263,-0.038319222221758764,-0.03567999601364136,-0.2735612392425537,-0.036769263039019506,-0.14423620700836182,-0.17450058460235596,0.022642497380587656,-0.16118484735488892,-0.2742248475551605,-0.007521551626410883,-0.13058388233184814,-0.2520659863948822,-0.0314480732778577,-0.10557112097740173,-0.20225268602371216,-0.03893999342122356,-0.09840932488441467,-0.20512858033180237,0.028135570173475344,-0.11815452575683594,-0.32083962857723236,-0.0067377300585178546,-0.08735305070877075,-0.28241708874702454,-0.03283854905762951,-0.06728214025497437,-0.22855567932128906,-0.03621773753562252,-0.05490517616271973,-0.22026309370994568,0.025784112920376856,-0.05261880159378052,-0.2914867550134659,-0.010820633324470919,-0.02862560749053955,-0.2238575518131256,-0.022611194814231794,-0.020935237407684326,-0.16825425624847412,-0.01473108079531471,-0.010111629962921143,-0.22094836831092834,0.02085011679432114,-0.013350605964660645,-0.2850812077522278,0.0024829240863653013,-0.005446970462799072,-0.2582775354385376,0.0038498690699668714,-0.009181380271911621,-0.2292461097240448,0.013216562045130331
M,0.0,0.0,0.0,-0.06130218505859375,-0.05713590979576111,-0.0302959256982831,-0.08062291145324707,-0.14717000722885132,-0.02981725755989828,-0.05070853233337402,-0.2394232153892517,-0.028926114103796863,-0.03147923946380615,-0.298255980014801,-0.02300389345646181,-0.14241263270378113,-0.18416523933410645,0.037701148056385136,-0.15399068593978882,-0.284747451543808,0.014867421687540627,-0.1250264048576355,-0.2730512320995331,-0.009736159368458175,-0.10083329677581787,-0.2286716103553772,-0.020650836191180133,-0.09492254257202148,-0.20787349343299866,0.04436081972062311,-0.11096638441085815,-0.32304897904396057,0.01728190247058592,-0.08210259675979614,-0.2977961301803589,-0.014565404987934016,-0.06432276964187622,-0.253106951713562,-0.026123403123619937,-0.04998493194580078,-0.2158060073852539,0.04282429393470011,-0.048835039138793945,-0.2863224446773529,0.014191386737820721,-0.03164452314376831,-0.2346859872341156,-0.005982648133340263,-0.02635514736175537,-0.18509289622306824,-0.00877956442445793,-0.005375802516937256,-0.2080766260623932,0.03842804160058222,-0.006259560585021973,-0.26375827193260193,0.021343299635645963,-0.0017071962356567383,-0.2279500663280487,0.01601217452525816,-0.006946444511413574,-0.18576708436012268,0.0177813707673522
M,0.0,0.0,0.0,-0.05821734666824341,-0.04362452030181885,-0.031785648817461265,-0.07818800210952759,-0.13255208730697632,-0.035231203342121375,-0.051544904708862305,-0.22981047630310059,-0.03796168466870142,-0.031126677989959717,-0.29007139801979065,-0.035259467119615806,-0.13890403509140015,-0.1824120581150055,0.02575845221217321,-0.15295445919036865,-0.28795063495635986,-0.00011834057586668223,-0.12206313014030457,-0.272431343793869,-0.024077853689234985,-0.09848839044570923,-0.22379520535469055,-0.03362562184993578,-0.09252852201461792,-0.2120128571987152,0.03207798624571012,-0.1125093400478363,-0.32978665828704834,0.003291131427246796,-0.0802849531173706,-0.2981286644935608,-0.023697032163184417,-0.06205552816390991,-0.24474167823791504,-0.0311009758508618,-0.04894125461578369,-0.2231242060661316,0.030805417766529786,-0.0495990514755249,-0.3002272844314575,0.0005126837284450403,-0.028241276741027832,-0.23978516459465027,-0.011798200698834194,-0.022210121154785156,-0.18075484037399292,-0.008329371491711868,-0.003706991672515869,-0.21897047758102417,0.026505620648819672,-0.006263911724090576,-0.2800007164478302,0.009323942905027138,0.00248110294342041,-0.24097701907157898,0.00993345348324226,-0.0002866387367248535,-0.19628548622131348,0.01686051996584581
M,0.0,0.0,0.0,-0.05878806114196777,-0.04904603958129883,-0.030068494256887845,-0.07673650979995728,-0.14046135544776917,-0.03211144718185466,-0.04829239845275879,-0.23596477508544922,-0.03349049377099078,-0.028371751308441162,-0.29667967557907104,-0.02943902264193099,-0.13596385717391968,-0.18745750188827515,0.02706911613389451,-0.14879697561264038,-0.2920180857181549,0.002341933438252397,-0.11735004186630249,-0.27620354294776917,-0.02181921700790923,-0.09490948915481567,-0.22672322392463684,-0.031906619545374326,-0.08859562873840332,-0.21543043851852417,0.03300174337967832,-0.10894548892974854,-0.3337371349334717,0.006827212992753573,-0.07666677236557007,-0.30480119585990906,-0.02063164661482375,-0.05980038642883301,-0.2536541223526001,-0.02957618038013976,-0.04491180181503296,-0.22391769289970398,0.031677745405282565,-0.04456758499145508,-0.29905861616134644,0.00311468367620904,-0.025385260581970215,-0.23950114846229553,-0.010019595612142496,-0.02203238010406494,-0.1801760494709015,-0.008129238959703855,-0.0006006956100463867,-0.21655911207199097,0.02749854711040456,-0.001813650131225586,-0.2775740623474121,0.010416775133158751,0.005740463733673096,-0.2394203245639801,0.01041339722618062,0.0006889104843139648,-0.19384226202964783,0.016448339570011683
M,0.0,0.0,0.0,-0.06008875370025635,-0.05593526363372803,-0.03372196851352527,-0.07668989896774292,-0.15290170907974243,-0.03061033597270324,-0.04708927869796753,-0.24643993377685547,-0.024783190321720383,-0.023272991180419922,-0.30456262826919556,-0.012806110065973542,-0.13629290461540222,-0.19420742988586426,0.03388960288783238,-0.14605173468589783,-0.2999083399772644,0.01345726663192437,-0.114280104637146,-0.28639793395996094,-0.007839623820579789,-0.09137934446334839,-0.23646095395088196,-0.015864418801463387,-0.08926475048065186,-0.21888944506645203,0.04557094352265523,-0.10696429014205933,-0.338143914937973,0.021353920939766624,-0.07290875911712646,-0.3118208646774292,-0.008179241773284218,-0.054773688316345215,-0.2631169855594635,-0.01815325764993503,-0.04654228687286377,-0.2274293601512909,0.049298625457488754,-0.04142796993255615,-0.30203694105148315,0.020394766721331337,-0.022387921810150146,-0.24301213026046753,-0.0001270167086815377,-0.019840240478515625,-0.18373188376426697,-0.0022830245835550045,-0.005008339881896973,-0.2215379774570465,0.050449714082681396,-0.0039504170417785645,-0.2799813747406006,0.030802298355304458,0.00496906042098999,-0.24259239435195923,0.023976620304786422,0.0005782246589660645,-0.19612020254135132,0.025893913600050666
M,0.0,0.0,0.0,-0.06374156475067139,-0.056677281856536865,-0.03449425928798888,-0.08085823059082031,-0.15056544542312622,-0.033847355177080374,-0.05150407552719116,-0.24437838792800903,-0.03159990989176009,-0.02607792615890503,-0.30305859446525574,-0.022931723748719435,-0.1381388008594513,-0.18469181656837463,0.032302743861997385,-0.14745628833770752,-0.2931731641292572,0.008022162238681574,-0.11467140913009644,-0.280236154794693,-0.014308928405320387,-0.09159308671951294,-0.2327638864517212,-0.02069297887889121,-0.09086000919342041,-0.21467816829681396,0.043902403781736155,-0.10933083295822144,-0.34024548530578613,0.013868598374152441,-0.07404172420501709,-0.3119990825653076,-0.017522995253479223,-0.053157269954681396,-0.25836360454559326,-0.02539837815371726,-0.04845702648162842,-0.2308962345123291,0.047495680967891474,-0.04512053728103638,-0.30704542994499207,0.013732016193294783,-0.020482957363128662,-0.24442380666732788,-0.007580082756852846,-0.012255549430847168,-0.18190208077430725,-0.005806373791223507,-0.00803673267364502,-0.2335805892944336,0.04859906352552201,-0.01083838939666748,-0.3007815480232239,0.03294919348748948,-0.001529693603515625,-0.2898901402950287,0.02823943376036908,-0.002772808074951172,-0.2629324197769165,0.03295154787095811
M,0.0,0.0,0.0,-0.05928361415863037,-0.06042337417602539,-0.03631899588654619,-0.07520556449890137,-0.1561584770679474,-0.03651747935364824,-0.04691159725189209,-0.24784275889396667,-0.03422635503957849,-0.023150086402893066,-0.3091660439968109,-0.02590385534713846,-0.13826057314872742,-0.18792280554771423,0.02864425546576399,-0.14531028270721436,-0.3004577159881592,0.006145045264560167,-0.1121864914894104,-0.29000189900398254,-0.01597229846666437,-0.08888769149780273,-0.24349218606948853,-0.02424553864548784,-0.09045577049255371,-0.21715283393859863,0.040496810442704145,-0.10612189769744873,-0.34234511852264404,0.012788058361905996,-0.0698423981666565,-0.31404921412467957,-0.019395415567856844,-0.05050128698348999,-0.2636129558086395,-0.030393120729428347,-0.04660600423812866,-0.23211964964866638,0.044591690516966764,-0.04171568155288696,-0.3089917302131653,0.014514743453759138,-0.020488440990447998,-0.251289039850235,-0.008637172997993048,-0.01714879274368286,-0.19081732630729675,-0.011988853001099642,-0.005941271781921387,-0.23204636573791504,0.04595777309586424,-0.005156338214874268,-0.29499614238739014,0.02816486648370642,0.004759490489959717,-0.2628192901611328,0.020378080299991552,0.0008297562599182129,-0.21621328592300415,0.021312854356068556
M,0.0,0.0,0.0,-0.06508928537368774,-0.06538689136505127,-0.03206183447018418,-0.08201617002487183,-0.16621142625808716,-0.025968693778665397,-0.052344441413879395,-0.2569408416748047,-0.018236628384144637,-0.025035619735717773,-0.3100394010543823,-0.0037917689185604786,-0.13764715194702148,-0.19204789400100708,0.04164923296794143,-0.148710697889328,-0.3046038746833801,0.018894859939067032,-0.11657983064651489,-0.2952526807785034,-0.003817098564283583,-0.09137636423110962,-0.24957340955734253,-0.010636222199352119,-0.09115368127822876,-0.21979939937591553,0.05379317642673698,-0.10690838098526001,-0.3462856411933899,0.02511934132799354,-0.07200449705123901,-0.3188905715942383,-0.007929999963195655,-0.05069470405578613,-0.2670803666114807,-0.017189102829249236,-0.0490412712097168,-0.23605206608772278,0.05734304280504432,-0.044946253299713135,-0.31486889719963074,0.025190792395918038,-0.023571133613586426,-0.2543773651123047,-0.0006395665694043373,-0.015501618385314941,-0.19195950031280518,-0.0025229385353640055,-0.008131027221679688,-0.24082225561141968,0.05850007326826301,-0.010363399982452393,-0.3016026020050049,0.0422642560444757,-0.0026050209999084473,-0.2831062972545624,0.032845362439005044,-0.0029889345169067383,-0.24850410223007202,0.03393714816793647
M,0.0,0.0,0.0,-0.05970203876495361,-0.06311291456222534,-0.03613964738913822,-0.07710623741149902,-0.16058441996574402,-0.035362428898299214,-0.04823958873748779,-0.2517642676830292,-0.03263993831940937,-0.02539825439453125,-0.3114888370037079,-0.023778731847489354,-0.1400812268257141,-0.19121518731117249,0.02939363670877171,-0.14770564436912537,-0.3070088326931,0.004093806812232259,-0.11497396230697632,-0.2955614924430847,-0.01829071054824638,-0.0915825366973877,-0.24861010909080505,-0.025507085869396207,-0.09169822931289673,-0.2196650207042694,0.04058690098456097,-0.10550504922866821,-0.3476380705833435,0.009886278858100894,-0.07283002138137817,-0.3209475874900818,-0.021364989603245732,-0.05396413803100586,-0.27281588315963745,-0.03003057921894836,-0.04609549045562744,-0.23255598545074463,0.043399543588673595,-0.039847493171691895,-0.30658209323883057,0.009099151095067981,-0.021947503089904785,-0.24672093987464905,-0.0141114526487236,-0.01875317096710205,-0.1892380714416504,-0.015352002257788655,-0.002875208854675293,-0.23083755373954773,0.043581073259627345,-0.0004647374153137207,-0.28246280550956726,0.02260172655216408,0.003490746021270752,-0.24655824899673462,0.014014473272180084,-0.0028682947158813477,-0.2028878927230835,0.01579841700724316
M,0.0,0.0,0.0,-0.0611271858215332,-0.060363829135894775,-0.036067938754197115,-0.07928633689880371,-0.1566447615623474,-0.036550166407462115,-0.050644636154174805,-0.24815472960472107,-0.03525463337623691,-0.026158928871154785,-0.30818814039230347,-0.028194381246205324,-0.1385827660560608,-0.18908905982971191,0.028546631014112478,-0.1454792022705078,-0.30399829149246216,0.002678654765848165,-0.11139780282974243,-0.2970116138458252,-0.021277370253439898,-0.08694308996200562,-0.25137612223625183,-0.029889503816004748,-0.09097021818161011,-0.21978068351745605,0.03934348156130696,-0.10651135444641113,-0.34530872106552124,0.007808531312409883,-0.06963121891021729,-0.3202890157699585,-0.025415711426969523,-0.049225687980651855,-0.26888129115104675,-0.03588178972327327,-0.046473145484924316,-0.23496073484420776,0.04207642530477429,-0.04300820827484131,-0.3111104965209961,0.006388902807746177,-0.020201563835144043,-0.2520986497402191,-0.017743755454059595,-0.014689445495605469,-0.18861109018325806,-0.0195090420039854,-0.004446625709533691,-0.23587366938591003,0.042288629016045576,-0.003774404525756836,-0.2926192283630371,0.01950535704768086,0.006125926971435547,-0.25851893424987793,0.010353149524096494,0.004485666751861572,-0.2107553482055664,0.01193450545347119
M,0.0,0.0,0.0,-0.05586445331573486,-0.06424415111541748,-0.032921690231745515,-0.06874632835388184,-0.16117143630981445,-0.03474052969235686,-0.03974807262420654,-0.2544555962085724,-0.03565756205338744,-0.016189157962799072,-0.3164372444152832,-0.030900923273151193,-0.1296812891960144,-0.19946175813674927,0.02856162216644975,-0.13544213771820068,-0.3114868104457855,0.0019331667864719293,-0.10176950693130493,-0.29929491877555847,-0.022978292516057763,-0.07792818546295166,-0.25008630752563477,-0.03241529662031439,-0.0823676586151123,-0.22639235854148865,0.0367084930477688,-0.09602832794189453,-0.34863734245300293,0.00560581384357306,-0.06165421009063721,-0.3200235068798065,-0.02598406161982325,-0.042944490909576416,-0.26628854870796204,-0.03589649099725989,-0.03781580924987793,-0.23659810423851013,0.037074540072495665,-0.03342854976654053,-0.3135038912296295,0.002874141355420079,-0.01370382308959961,-0.25149354338645935,-0.01687231633681563,-0.010449409484863281,-0.18618321418762207,-0.016643149516170297,0.004298269748687744,-0.2322694957256317,0.034939229750449385,0.00499415397644043,-0.28846868872642517,0.014202627615446772,0.012146353721618652,-0.24928683042526245,0.009212501609141555,0.008529484272003174,-0.19937527179718018,0.013207962998563971
M,0.0,0.0,0.0,-0.05655759572982788,-0.06917601823806763,-0.029123704865455124,-0.06699007749557495,-0.1667606234550476,-0.026557667165874932,-0.03132385015487671,-0.258048951625824,-0.02281670270848224,-0.0036452412605285645,-0.3181639313697815,-0.01328318005788276,-0.12105691432952881,-0.2142617404460907,0.03922699020814946,-0.12347763776779175,-0.3222764730453491,0.019774729400992896,-0.09310871362686157,-0.30347171425819397,-0.003474637850999329,-0.0745002031326294,-0.24989381432533264,-0.013636513598143551,-0.07162219285964966,-0.23196643590927124,0.047842983171463516,-0.08231180906295776,-0.35119807720184326,0.028208464399099853,-0.05149269104003906,-0.32090988755226135,-0.0013211550972158648,-0.03843933343887329,-0.27049538493156433,-0.01385904102015445,-0.026661038398742676,-0.23258846998214722,0.04864103348565152,-0.021179258823394775,-0.30609944462776184,0.02585956083250096,-0.007325530052185059,-0.24968978762626648,0.006485213540614154,-0.007990598678588867,-0.19065845012664795,0.00203756174643388,0.016107678413391113,-0.21927881240844727,0.04687961564970067,0.01631450653076172,-0.2812664210796356,0.03344134242844632,0.02107638120651245,-0.24422892928123474,0.029457420125723388,0.01439279317855835,-0.19659960269927979,0.03101337888848832
M,0.0,0.0,0.0,-0.05567580461502075,-0.0641481876373291,-0.03513402708521696,-0.0670623779296875,-0.1659843921661377,-0.03537811928144308,-0.03206115961074829,-0.2565026879310608,-0.03361007415405126,-0.0072975754737854,-0.3218950629234314,-0.02586825036159368,-0.12528032064437866,-0.20935416221618652,0.03245619840273051,-0.12832438945770264,-0.31910037994384766,0.009012135372547192,-0.09787005186080933,-0.30778223276138306,-0.01680232614925714,-0.07651495933532715,-0.25555819272994995,-0.027143612808497863,-0.07411891222000122,-0.233367919921875,0.043508486517755074,-0.08622783422470093,-0.3572778105735779,0.01807834550091414,-0.056204259395599365,-0.3320128321647644,-0.01645904996147962,-0.04123729467391968,-0.2793349325656891,-0.030559737539800125,-0.029279053211212158,-0.23897412419319153,0.04667411527880816,-0.026528358459472656,-0.3199470639228821,0.01956624879786162,-0.008638143539428711,-0.2654268741607666,-0.0033811471210292154,-0.0054967403411865234,-0.2023221254348755,-0.008315774916621166,0.012458562850952148,-0.22852855920791626,0.04705712727555422,0.010576784610748291,-0.29819872975349426,0.0322188489819446,0.016867101192474365,-0.2719133198261261,0.026543767818299813,0.01104724407196045,-0.22959041595458984,0.02777416787394671
M,0.0,0.0,0.0,-0.05637490749359131,-0.0548090934753418,-0.03328846986674705,-0.06975114345550537,-0.14838027954101562,-0.03820819999360481,-0.03726679086685181,-0.24349665641784668,-0.04239692385577598,-0.012324690818786621,-0.3080887496471405,-0.040862461880678325,-0.12258630990982056,-0.2087474763393402,0.0222437099061068,-0.12664169073104858,-0.3192192018032074,-0.0034018427626136827,-0.09493857622146606,-0.2949352264404297,-0.02669018353604713,-0.07595402002334595,-0.23973429203033447,-0.03542598928594032,-0.0745202898979187,-0.23580464720726013,0.029774380519157262,-0.0855257511138916,-0.35404902696609497,0.00297190448931417,-0.05476415157318115,-0.3168420195579529,-0.02443459662877956,-0.04121881723403931,-0.2608799338340759,-0.03318059291028419,-0.030022263526916504,-0.24348843097686768,0.029921488507753224,-0.021891236305236816,-0.31705260276794434,-0.0006324309300538289,-0.005256831645965576,-0.24913296103477478,-0.015610451207393794,-0.006505608558654785,-0.1837572455406189,-0.013943404287928729,0.012040853500366211,-0.23446863889694214,0.02741673369622788,0.015762686729431152,-0.29623737931251526,0.01040945541775784,0.021917641162872314,-0.25291529297828674,0.01018085204727015,0.014630019664764404,-0.20328405499458313,0.0165716853431519
M,0.0,0.0,0.0,-0.059213340282440186,-0.061880648136138916,-0.03183143985862813,-0.07245951890945435,-0.16295701265335083,-0.0324215258419045,-0.03299957513809204,-0.2584737539291382,-0.032106112962914324,-7.736682891845703e-05,-0.32505685091018677,-0.026385803049755907,-0.11917436122894287,-0.22012728452682495,0.03390569212441363,-0.11988258361816406,-0.33208855986595154,0.014311304973112726,-0.08996784687042236,-0.30669885873794556,-0.007540696574700689,-0.07241082191467285,-0.24946081638336182,-0.016919261118722773,-0.07015079259872437,-0.24306747317314148,0.041332307928847456,-0.07984334230422974,-0.36322489380836487,0.022232522913860464,-0.05284404754638672,-0.3309784531593323,-0.006343931233836031,-0.04085928201675415,-0.2807338237762451,-0.018732946640206194,-0.024989008903503418,-0.24430805444717407,0.04083406152729907,-0.01836186647415161,-0.3200697600841522,0.016229053685115957,-0.007386922836303711,-0.2600351572036743,-0.003631207900447464,-0.008912146091461182,-0.19966340065002441,-0.008562556742084837,0.01851487159729004,-0.2285776436328888,0.03776350962524333,0.017549097537994385,-0.28714191913604736,0.02167008789782443,0.0195351243019104,-0.2428532838821411,0.01766794892554202,0.012855172157287598,-0.19208186864852905,0.019534060457395697
M,0.0,0.0,0.0,-0.06180030107498169,-0.06135660409927368,-0.030595362649819435,-0.07493889331817627,-0.16466957330703735,-0.029121386350652756,-0.03415197134017944,-0.2583085298538208,-0.027061451689860405,0.0026305317878723145,-0.321310818195343,-0.01919887633766848,-0.12192201614379883,-0.21364861726760864,0.03487076936517042,-0.12432712316513062,-0.3295377194881439,0.014192844277658878,-0.09637188911437988,-0.30482661724090576,-0.006516229359021963,-0.08067667484283447,-0.24610787630081177,-0.013735701793393673,-0.07214832305908203,-0.23745590448379517,0.04293830273900312,-0.08171474933624268,-0.36251887679100037,0.021536172835567413,-0.05599260330200195,-0.3243185877799988,-0.00565099157165605,-0.045631587505340576,-0.2682132124900818,-0.014815413856467785,-0.027585268020629883,-0.24307408928871155,0.04298402322683614,-0.022657334804534912,-0.3245168626308441,0.01890156744275373,-0.011754035949707031,-0.26030462980270386,0.001761928552241443,-0.01323789358139038,-0.1989571452140808,9.29796901800728e-05,0.01520007848739624,-0.23225581645965576,0.0403053569630174,0.013878941535949707,-0.2955646812915802,0.02807101002190393,0.016915857791900635,-0.25607773661613464,0.026060666425564705,0.010743260383605957,-0.21022838354110718,0.029552213384249626
M,0.0,0.0,0.0,-0.06165611743927002,-0.06182229518890381,-0.03251546907105762,-0.07592219114303589,-0.16385310888290405,-0.03348004358687717,-0.03349941968917847,-0.2611815631389618,-0.03368054243603069,0.0056945085525512695,-0.32492753863334656,-0.028104270872262305,-0.11934229731559753,-0.21830648183822632,0.03370115247687977,-0.1221904456615448,-0.3339541256427765,0.012940515700194055,-0.09723800420761108,-0.310650497674942,-0.008185139921096152,-0.08183610439300537,-0.25123217701911926,-0.015770853560951537,-0.06861710548400879,-0.24082207679748535,0.04246281919202488,-0.07850891351699829,-0.36489611864089966,0.022183435905191118,-0.05668163299560547,-0.3283874988555908,-0.004403989825931376,-0.04667770862579346,-0.2723151743412018,-0.013485344190684145,-0.02293705940246582,-0.24369490146636963,0.04293424350342434,-0.021316587924957275,-0.32432886958122253,0.021417043107959444,-0.013715803623199463,-0.26514485478401184,0.004379655636313373,-0.014053761959075928,-0.20596039295196533,0.0019355180500326696,0.022067785263061523,-0.23019206523895264,0.040309139463516885,0.017687499523162842,-0.29172736406326294,0.030202087882372552,0.017309129238128662,-0.2566412687301636,0.027922614413711244,0.01137465238571167,-0.21360421180725098,0.030744223791572267
M,0.0,0.0,0.0,-0.06641232967376709,-0.06643718481063843,-0.02806087549570435,-0.08290112018585205,-0.16892915964126587,-0.029150535946520506,-0.039778053760528564,-0.2633522152900696,-0.03163547780159348,-0.0014340877532958984,-0.3242950737476349,-0.029221767222317396,-0.11976537108421326,-0.21810442209243774,0.038686041126219095,-0.12476754188537598,-0.3343164920806885,0.014295998366741003,-0.10100454092025757,-0.31232014298439026,-0.011392366735073267,-0.08405917882919312,-0.25496214628219604,-0.022096641024383246,-0.06916940212249756,-0.239315927028656,0.042832944879499735,-0.0797874927520752,-0.36714470386505127,0.0186845384186185,-0.06013685464859009,-0.3359249234199524,-0.011638427747222124,-0.04868072271347046,-0.2795889675617218,-0.02297333035412663,-0.02258354425430298,-0.23958730697631836,0.038681101391283335,-0.021737992763519287,-0.3310854434967041,0.012808681803015531,-0.015186786651611328,-0.27246972918510437,-0.006502428220393597,-0.014287710189819336,-0.20792704820632935,-0.00957332890275353,0.023450195789337158,-0.2231929898262024,0.03171596337315208,0.016072988510131836,-0.28293347358703613,0.016923137346473993,0.014604330062866211,-0.2470349669456482,0.013037656771210493,0.010641515254974365,-0.2015942931175232,0.015647176990476908
M,0.0,0.0,0.0,-0.0699394941329956,-0.07114267349243164,-0.026633303614680415,-0.08813604712486267,-0.17904657125473022,-0.028025968002502566,-0.03605920076370239,-0.27822959423065186,-0.032388020309035426,0.003988206386566162,-0.3395541310310364,-0.03284376114827836,-0.1249205470085144,-0.22268784046173096,0.04309757798689162,-0.13212424516677856,-0.3400121033191681,0.01516995392518794,-0.1124933660030365,-0.3158782124519348,-0.01564815268141473,-0.09488251805305481,-0.2562673091888428,-0.03090979904157365,-0.07354536652565002,-0.24514168500900269,0.044040542093689794,-0.08350807428359985,-0.3770783543586731,0.017298372460182065,-0.07049039006233215,-0.344581663608551,-0.01778973639232362,-0.06366926431655884,-0.289780855178833,-0.03466856479865754,-0.024644076824188232,-0.24576354026794434,0.035885639486487264,-0.024207472801208496,-0.35364481806755066,0.0070723509393886275,-0.02584284543991089,-0.304065465927124,-0.017918530853812342,-0.025593280792236328,-0.2378423810005188,-0.02674042061192239,0.02731388807296753,-0.23148363828659058,0.024701992047603483,0.015529453754425049,-0.29761970043182373,0.004430583675976152,0.005757331848144531,-0.2647736668586731,-0.005790261088286286,-0.001857757568359375,-0.21808558702468872,-0.00877297483605588
M,0.0,0.0,0.0,-0.06933146715164185,-0.07240903377532959,-0.02369976163132037,-0.0876990556716919,-0.18058466911315918,-0.024403344171474828,-0.03688937425613403,-0.27959883213043213,-0.027595688851903333,0.0009303092956542969,-0.3410022556781769,-0.027271851228903188,-0.12034225463867188,-0.23300766944885254,0.04283412612753068,-0.12835851311683655,-0.3476315140724182,0.02228094704227601,-0.11011573672294617,-0.3214513063430786,-0.0041559490211113825,-0.09489193558692932,-0.26248717308044434,-0.018044679688642873,-0.06772363185882568,-0.2521269917488098,0.04309912092762147,-0.07871764898300171,-0.37907665967941284,0.028069493097831355,-0.06825834512710571,-0.3538244664669037,-0.001683251380342199,-0.061133772134780884,-0.30524349212646484,-0.018473395409415616,-0.017617881298065186,-0.24787265062332153,0.03503371469454919,-0.016759634017944336,-0.3586162030696869,0.017106056881715404,-0.01896423101425171,-0.3222331404685974,-0.006642879715542449,-0.01975071430206299,-0.26571744680404663,-0.019707707019875897,0.03383368253707886,-0.2262898087501526,0.024161428881456004,0.021116018295288086,-0.2908724546432495,0.008530838152040587,0.007361888885498047,-0.25149333477020264,-0.0007476732436373368,-0.00481027364730835,-0.200262188911438,-0.005727403128872766
M,0.0,0.0,0.0,-0.065245121717453,-0.08076328039169312,-0.02061948056872609,-0.07970818877220154,-0.19687187671661377,-0.019885525736768273,-0.02756693959236145,-0.2892969250679016,-0.021851340938169983,0.009622037410736084,-0.34994763135910034,-0.020366488653976944,-0.11182600259780884,-0.24953150749206543,0.04564603355173347,-0.11832758784294128,-0.36730465292930603,0.025794475641291115,-0.10462099313735962,-0.3401431143283844,-0.0006115537144211203,-0.08981800079345703,-0.27977776527404785,-0.015143043059666184,-0.05928546190261841,-0.2672836184501648,0.04381780635957,-0.06738442182540894,-0.39671850204467773,0.029400394600074264,-0.0635412335395813,-0.3734024167060852,-0.0017317795900595456,-0.058420658111572266,-0.3249896168708801,-0.02059092249329808,-0.008629441261291504,-0.2602485418319702,0.033676657196323845,-0.008051633834838867,-0.3859107196331024,0.015379955362718079,-0.016851961612701416,-0.36409252882003784,-0.013704645145494965,-0.01986032724380493,-0.31232526898384094,-0.03206540707107308,0.04271823167800903,-0.23434144258499146,0.021378678571622345,0.02484118938446045,-0.2968917489051819,0.0024736833984064788,0.006886780261993408,-0.2593093514442444,-0.011623717542548206,-0.007138431072235107,-0.21002763509750366,-0.020894010249335793
M,0.0,0.0,0.0,-0.07156345248222351,-0.07501345872879028,-0.022796417355735343,-0.08987247943878174,-0.1840572953224182,-0.025868321538169425,-0.03702855110168457,-0.2812380790710449,-0.03224045294543032,0.003902733325958252,-0.344223290681839,-0.035491506338317436,-0.12073448300361633,-0.2382757067680359,0.044388448118965584,-0.12911808490753174,-0.35413649678230286,0.020602445348899323,-0.11309561133384705,-0.33621418476104736,-0.010166088819701713,-0.097145676612854,-0.28074443340301514,-0.027400665685732406,-0.06603795289993286,-0.25743764638900757,0.04310911637524839,-0.0788082480430603,-0.38707488775253296,0.023715599670808274,-0.0698733925819397,-0.3710295557975769,-0.013270378813345474,-0.06241002678871155,-0.3264506459236145,-0.03610780718942408,-0.015078842639923096,-0.25511831045150757,0.03370180469731565,-0.016884207725524902,-0.3783454895019531,0.0114930628312635,-0.02009207010269165,-0.3561058044433594,-0.018948285609681648,-0.019555389881134033,-0.29945141077041626,-0.03687514993568186,0.03763735294342041,-0.23602938652038574,0.02178447996060129,0.020147860050201416,-0.30516475439071655,0.00323615898172136,0.008029937744140625,-0.28181689977645874,-0.01083444222082619,-0.0005655884742736816,-0.2382412552833557,-0.019664634719688934
M,0.0,0.0,0.0,-0.06974920630455017,-0.07224833965301514,-0.020219331643048122,-0.08557921648025513,-0.18122994899749756,-0.024102147704425647,-0.03282088041305542,-0.27753424644470215,-0.03150305900580008,0.009295284748077393,-0.33781567215919495,-0.03587798405295928,-0.11540833115577698,-0.24047452211380005,0.038535442167457745,-0.12315499782562256,-0.35653364658355713,0.013987375387486622,-0.10734987258911133,-0.32659491896629333,-0.015166425181988075,-0.09260722994804382,-0.26414334774017334,-0.0309304483593138,-0.06255397200584412,-0.25797128677368164,0.03548317026489656,-0.07491078972816467,-0.3884865641593933,0.015629505702790425,-0.06783461570739746,-0.36385899782180786,-0.016843065655294254,-0.060183167457580566,-0.31194427609443665,-0.035536892747941806,-0.011883556842803955,-0.25166821479797363,0.024892492183980153,-0.013920605182647705,-0.3798021078109741,0.0028896561931190945,-0.019950270652770996,-0.3522525131702423,-0.022873560002508952,-0.021004021167755127,-0.29387402534484863,-0.03719168159967978,0.03942233324050903,-0.22811579704284668,0.01214713692807834,0.018442213535308838,-0.291149377822876,-0.0064545763083430074,0.005380749702453613,-0.2655106782913208,-0.017857633566919162,-0.0026077628135681152,-0.2256794571876526,-0.02422164570397456
M,0.0,0.0,0.0,-0.07147321105003357,-0.07329326868057251,-0.02048591929096233,-0.08716493844985962,-0.186492919921875,-0.02567688221651565,-0.028407007455825806,-0.2805485129356384,-0.034108901718440165,0.01621192693710327,-0.3417902886867523,-0.04060475746709358,-0.11404451727867126,-0.24781441688537598,0.03070051749628533,-0.1246064305305481,-0.3614353537559509,0.006099192103562245,-0.1128028929233551,-0.3318273425102234,-0.021983113461914172,-0.09872609376907349,-0.2709505558013916,-0.037494873950066676,-0.05969834327697754,-0.26338785886764526,0.025898929363307843,-0.068928062915802,-0.3914638161659241,0.006129011189756284,-0.0679890513420105,-0.36626455187797546,-0.024708057144465556,-0.06407314538955688,-0.3139147162437439,-0.04298468152600776,-0.007066667079925537,-0.25417882204055786,0.013811112059471498,-0.0056899189949035645,-0.38440895080566406,-0.009923317791702857,-0.017878741025924683,-0.3533566892147064,-0.03691096077281486,-0.022897034883499146,-0.2956467270851135,-0.05262823993879806,0.043710291385650635,-0.22697389125823975,-8.120116589793724e-05,0.017278194427490234,-0.2866973280906677,-0.022694258341374507,-0.0023041367530822754,-0.24813061952590942,-0.03586707110125076,-0.012526452541351318,-0.20117515325546265,-0.04356642658430587
M,0.0,0.0,0.0,-0.07063764333724976,-0.0732126235961914,-0.023415329982753974,-0.08872225880622864,-0.1905534863471985,-0.027712342445965987,-0.032393306493759155,-0.2896639108657837,-0.03464156307768462,0.010758638381958008,-0.35272932052612305,-0.0385950944621527,-0.11798623204231262,-0.2548428773880005,0.03303065232444169,-0.1264653205871582,-0.37379467487335205,0.008366988855186719,-0.11270344257354736,-0.3379379212856293,-0.019323795219179374,-0.09836673736572266,-0.27359431982040405,-0.03420501865934966,-0.06341201066970825,-0.26984941959381104,0.030848684604052323,-0.07202869653701782,-0.4006407856941223,0.010670447605434674,-0.06709101796150208,-0.36793065071105957,-0.018871183623787147,-0.06152203679084778,-0.3135818839073181,-0.03546847694110511,-0.010580867528915405,-0.2617882490158081,0.02077171474206807,-0.010338157415390015,-0.392957866191864,-0.0036449983019792853,-0.020244061946868896,-0.35422757267951965,-0.027473348309513312,-0.025393307209014893,-0.29267245531082153,-0.040180641343113166,0.04007530212402344,-0.2365177869796753,0.00835951312888028,0.016624927520751953,-0.3025006651878357,-0.015106067178066951,0.0005970001220703125,-0.2576354146003723,-0.026482901652570945,-0.007740497589111328,-0.20591819286346436,-0.032057299395319205
M,0.0,0.0,0.0,-0.07012990117073059,-0.07961809635162354,-0.021352127012676192,-0.08745193481445312,-0.19186508655548096,-0.02593218703276534,-0.034365296363830566,-0.28892576694488525,-0.03393961284763236,0.008475184440612793,-0.3518633246421814,-0.03935924340493102,-0.11706557869911194,-0.2540777325630188,0.03608250822418313,-0.12810617685317993,-0.3698806166648865,0.010342620494895982,-0.11787727475166321,-0.33400994539260864,-0.018973735910719824,-0.1043282151222229,-0.26950186491012573,-0.03442802448279281,-0.06293249130249023,-0.2666013240814209,0.032111888933116006,-0.07187065482139587,-0.39766842126846313,0.01225508581393342,-0.07370802760124207,-0.3704994022846222,-0.0180711017966928,-0.07040902972221375,-0.3178984820842743,-0.0352587940216722,-0.009942382574081421,-0.2549644708633423,0.02022678609483819,-0.009442269802093506,-0.3841444253921509,-0.003557869284293247,-0.023440450429916382,-0.35101544857025146,-0.02880723383731265,-0.029057174921035767,-0.2933022379875183,-0.04252055827981849,0.039529263973236084,-0.22516417503356934,0.00623523229279499,0.013722360134124756,-0.2901648283004761,-0.014960192893511248,-0.006640762090682983,-0.2496798038482666,-0.025293517676061583,-0.017098426818847656,-0.20050138235092163,-0.030424559307164145
M,0.0,0.0,0.0,-0.07182887196540833,-0.07386207580566406,-0.02241407387693073,-0.09445542097091675,-0.18719923496246338,-0.02929418586928989,-0.04217025637626648,-0.28780579566955566,-0.039213892601324574,0.0059868693351745605,-0.3519498109817505,-0.04667087324698116,-0.11910301446914673,-0.25782066583633423,0.02908976881961678,-0.13038307428359985,-0.37054258584976196,0.0010029225909278239,-0.12142795324325562,-0.338173508644104,-0.029427029721333042,-0.10796555876731873,-0.2751181721687317,-0.04558299162228252,-0.06511449813842773,-0.26968491077423096,0.024761681847380146,-0.0721137523651123,-0.3964233696460724,0.0022663100921676005,-0.07653915882110596,-0.37243571877479553,-0.028161025203658596,-0.07429671287536621,-0.31915003061294556,-0.04500177182991649,-0.011933207511901855,-0.25764650106430054,0.012644831493602737,-0.01118767261505127,-0.3797382414340973,-0.013111960671736256,-0.02725312113761902,-0.35399526357650757,-0.03982990287978794,-0.03344237804412842,-0.3002272844314575,-0.05431310885388996,0.03832274675369263,-0.2277660369873047,-0.0014959608138411795,0.011923670768737793,-0.29118478298187256,-0.024841782234503285,-0.011349141597747803,-0.2517355680465698,-0.036769282601667896,-0.02416205406188965,-0.20071429014205933,-0.04272056051333095
M,0.0,0.0,0.0,-0.07561954855918884,-0.07215946912765503,-0.02143491852964985,-0.09778550267219543,-0.18973106145858765,-0.027349621541162605,-0.041051000356674194,-0.29089468717575073,-0.03635292176093685,0.011717170476913452,-0.35390737652778625,-0.042842407263179894,-0.1179104745388031,-0.25745725631713867,0.03085765753004921,-0.1314096450805664,-0.36771833896636963,0.0032010157412685203,-0.1237659752368927,-0.3311816453933716,-0.0261998963722192,-0.1114082932472229,-0.26670902967453003,-0.04171127874340641,-0.06549441814422607,-0.2727600336074829,0.025897914060095673,-0.07352674007415771,-0.39842140674591064,0.003752207831183796,-0.08008107542991638,-0.3723333775997162,-0.02458064678992855,-0.08006834983825684,-0.3190653622150421,-0.03965852830495464,-0.013127177953720093,-0.26142072677612305,0.012881469429174786,-0.013244926929473877,-0.3835463523864746,-0.014117534756024952,-0.029483675956726074,-0.3547351360321045,-0.03964025575604069,-0.037022918462753296,-0.3024331033229828,-0.052939843870063896,0.03790828585624695,-0.23161566257476807,-0.002048641694074149,0.011099785566329956,-0.2880784273147583,-0.026887406147380943,-0.013370007276535034,-0.24222862720489502,-0.0384715986618005,-0.027882546186447144,-0.19034093618392944,-0.04397331599082577
M,0.0,0.0,0.0,-0.07598525285720825,-0.07211494445800781,-0.020770496613522482,-0.09998095035552979,-0.18638336658477783,-0.026657911873599005,-0.04461437463760376,-0.28792086243629456,-0.03570350345148654,0.0072897374629974365,-0.3520559072494507,-0.04260743122472377,-0.12142372131347656,-0.2522633671760559,0.03097903084085374,-0.1359967291355133,-0.3637230098247528,0.005096923635164785,-0.12810808420181274,-0.32990562915802,-0.023903413600464773,-0.11563727259635925,-0.26799511909484863,-0.040071305743595076,-0.06880402565002441,-0.26562774181365967,0.02622150544152646,-0.07895073294639587,-0.38912564516067505,0.005248158779750156,-0.08357429504394531,-0.36807143688201904,-0.02557706732227416,-0.08285465836524963,-0.3189884424209595,-0.043914609513421965,-0.01584649085998535,-0.2550259232521057,0.01391270112321763,-0.019858628511428833,-0.37648171186447144,-0.012165978475650263,-0.03512129187583923,-0.3523179590702057,-0.040816974750896406,-0.04263994097709656,-0.300234317779541,-0.05747836913838,0.03542196750640869,-0.22792303562164307,-0.00011540472519300238,0.004563629627227783,-0.28326416015625,-0.025622275582691145,-0.018805623054504395,-0.24155884981155396,-0.04000510360970111,-0.032046377658843994,-0.19045597314834595,-0.048168760649105025
M,0.0,0.0,0.0,-0.07582953572273254,-0.07118946313858032,-0.019206642424393294,-0.09834158420562744,-0.1914445161819458,-0.027561241080690024,-0.04035615921020508,-0.2908090054988861,-0.03839253938727438,0.014467954635620117,-0.35600653290748596,-0.04735948822431624,-0.11412596702575684,-0.26078319549560547,0.018370474437546136,-0.12863308191299438,-0.3648093342781067,-0.00878655749343693,-0.12485113739967346,-0.32859307527542114,-0.03629247403674185,-0.11438137292861938,-0.2652590870857239,-0.05116204849414885,-0.06154438853263855,-0.27185070514678955,0.01179484718508661,-0.07062479853630066,-0.3902737498283386,-0.010017513548660872,-0.0805090069770813,-0.36747226119041443,-0.037135186856318114,-0.08212819695472717,-0.3151247799396515,-0.05259991369180739,-0.008081376552581787,-0.25886237621307373,-0.0014310706357321124,-0.00812453031539917,-0.38206207752227783,-0.027655747970271705,-0.025346487760543823,-0.3607480227947235,-0.053812845861244796,-0.033093810081481934,-0.3114590644836426,-0.06885976648860037,0.04227423667907715,-0.229261577129364,-0.01586584865086138,0.007714748382568359,-0.28094369173049927,-0.04149088568024695,-0.01910555362701416,-0.236891508102417,-0.05460740930371344,-0.033488929271698,-0.18690353631973267,-0.0618503347688204
M,0.0,0.0,0.0,-0.07574862241744995,-0.06952935457229614,-0.02174820462968796,-0.09889775514602661,-0.18555879592895508,-0.031214990567235645,-0.04264029860496521,-0.28783339262008667,-0.04304677146282643,0.010740399360656738,-0.3548191785812378,-0.05280356752481907,-0.1089579164981842,-0.26166146993637085,0.018733547154994312,-0.12323892116546631,-0.3690105676651001,-0.011466087687580284,-0.12266924977302551,-0.333858847618103,-0.041057518597511944,-0.11423394083976746,-0.27007079124450684,-0.0563822900017783,-0.05652788281440735,-0.27388668060302734,0.013437643733055893,-0.06354531645774841,-0.3968932628631592,-0.011654837902455029,-0.07637885212898254,-0.373599112033844,-0.03842895003762692,-0.07960641384124756,-0.3192843794822693,-0.05200405689683407,-0.003923863172531128,-0.26153796911239624,0.0007678268870279226,-0.004792153835296631,-0.3836122751235962,-0.02795732292142361,-0.025574564933776855,-0.3575345575809479,-0.05136472257581204,-0.034628480672836304,-0.30544912815093994,-0.06284240904059857,0.046795010566711426,-0.23252171277999878,-0.01357127717491835,0.011378288269042969,-0.2889713943004608,-0.04003879326191395,-0.016386210918426514,-0.24523788690567017,-0.05125868963804692,-0.030212223529815674,-0.19442284107208252,-0.055915242906479534
M,0.0,0.0,0.0,-0.07632005214691162,-0.07350313663482666,-0.020039314537825703,-0.0958200991153717,-0.1913103461265564,-0.029613692447128415,-0.03640308976173401,-0.2909681499004364,-0.04168364046472561,0.01974588632583618,-0.3567543029785156,-0.052119385584774136,-0.10160070657730103,-0.2681886553764343,0.01902831518691528,-0.11699813604354858,-0.3714370131492615,-0.010692111350181221,-0.12016177177429199,-0.3343387544155121,-0.040186360612096905,-0.11354956030845642,-0.2701495885848999,-0.05598422898310673,-0.05057018995285034,-0.2772635221481323,0.012931381218550086,-0.06088930368423462,-0.39441192150115967,-0.01148055786597979,-0.07631778717041016,-0.3722417950630188,-0.03867001472372067,-0.08121535181999207,-0.31929686665534973,-0.05334933488029492,0.0014412999153137207,-0.2626049518585205,-0.00026233696826238884,-0.0031546950340270996,-0.387176513671875,-0.029112717270436406,-0.02703651785850525,-0.36350929737091064,-0.05343985943454754,-0.03846672177314758,-0.3133580982685089,-0.06618899865407002,0.05110114812850952,-0.23204493522644043,-0.014820768631579995,0.009240210056304932,-0.28518205881118774,-0.04335853843349469,-0.019648075103759766,-0.24078208208084106,-0.05615355087775242,-0.03275159001350403,-0.1914575695991516,-0.06191023080009472
M,0.0,0.0,0.0,-0.07586908340454102,-0.07980823516845703,-0.021870943947391197,-0.08969202637672424,-0.20942354202270508,-0.034390882818655655,-0.020626157522201538,-0.3058563470840454,-0.048387308834747955,0.04269719123840332,-0.3674347996711731,-0.0613591012048289,-0.0855482816696167,-0.28786125779151917,0.007875244834764317,-0.09486094117164612,-0.3833489418029785,-0.023776314451055214,-0.10714465379714966,-0.3486328423023224,-0.054297597377257034,-0.10728040337562561,-0.2852921783924103,-0.07125071552272288,-0.03278613090515137,-0.28972727060317993,0.001457620182378605,-0.03831660747528076,-0.3998262286186218,-0.024470339758948967,-0.06214219331741333,-0.3785197138786316,-0.0519161012458369,-0.07414001226425171,-0.32493099570274353,-0.06736971554036586,0.020023226737976074,-0.2685803174972534,-0.011609598292665169,0.01742228865623474,-0.38788682222366333,-0.04209246975059955,-0.014540135860443115,-0.3638356924057007,-0.06725832936044185,-0.031335532665252686,-0.31388843059539795,-0.08088775095220058,0.06866860389709473,-0.2321116328239441,-0.025827146365003273,0.02301567792892456,-0.2841344177722931,-0.05655818921204059,-0.01332905888557434,-0.23954856395721436,-0.07064583268638103,-0.03150716423988342,-0.1923060417175293,-0.07732025650020091
M,0.0,0.0,0.0,-0.0752558708190918,-0.08054912090301514,-0.019797490173516508,-0.09029901027679443,-0.21230924129486084,-0.029931242772875066,-0.02480754256248474,-0.3085079491138458,-0.04190677330785775,0.03520393371582031,-0.36979708075523376,-0.05240372494751,-0.08531495928764343,-0.29225292801856995,0.011987792132856612,-0.08798059821128845,-0.39208000898361206,-0.019805613169012304,-0.10382196307182312,-0.36061811447143555,-0.049427765616712804,-0.10892495512962341,-0.2991316616535187,-0.06569961012297654,-0.033527255058288574,-0.2936879098415375,0.004453736627908711,-0.03251662850379944,-0.40633660554885864,-0.023053229981599088,-0.05941113829612732,-0.38432931900024414,-0.04888228625947022,-0.0743442177772522,-0.3309287428855896,-0.06230626926713967,0.017224937677383423,-0.27179664373397827,-0.01017930191898131,0.021307826042175293,-0.3910520672798157,-0.04220801145726227,-0.010593175888061523,-0.3693033456802368,-0.0668416872709372,-0.02689218521118164,-0.32202231884002686,-0.07967138589316392,0.06430602073669434,-0.23368573188781738,-0.025937180229959722,0.019695252180099487,-0.2827513813972473,-0.05791667402678513,-0.017323464155197144,-0.23766112327575684,-0.07315799147778534,-0.03417995572090149,-0.19150549173355103,-0.08055574745827698
M,0.0,0.0,0.0,-0.07742810249328613,-0.08039098978042603,-0.01817475340016017,-0.09058952331542969,-0.21100914478302002,-0.029341601642443038,-0.02487918734550476,-0.3063777983188629,-0.04308141476161609,0.037405550479888916,-0.3650478720664978,-0.05609672224767337,-0.07140868902206421,-0.2904006838798523,0.009192940903233193,-0.07766568660736084,-0.3908969759941101,-0.02307687221713195,-0.10019305348396301,-0.3594270348548889,-0.05256012162811885,-0.10842752456665039,-0.29908105731010437,-0.06944552889711986,-0.02258870005607605,-0.2884519100189209,0.0003400419450940717,-0.025950759649276733,-0.40109115839004517,-0.028713189872576095,-0.05785459280014038,-0.3766424357891083,-0.055784483316017486,-0.0753660500049591,-0.32065168023109436,-0.0705530353511108,0.026407837867736816,-0.26572561264038086,-0.015026836531831123,0.022875964641571045,-0.38793081045150757,-0.04791815659649501,-0.015052229166030884,-0.3643125295639038,-0.07297042092926631,-0.035848915576934814,-0.31526491045951843,-0.08655745616800914,0.07216483354568481,-0.22782021760940552,-0.03129946148641238,0.02114155888557434,-0.278170108795166,-0.06447319022066722,-0.017817795276641846,-0.2359250783920288,-0.08078434399016032,-0.03583464026451111,-0.1905817985534668,-0.08918031385786662
M,0.0,0.0,0.0,-0.07746356725692749,-0.08644407987594604,-0.018389190091909313,-0.08838233351707458,-0.21918648481369019,-0.030505463957013035,-0.021608978509902954,-0.3113659918308258,-0.04460101249736681,0.03978043794631958,-0.3691559135913849,-0.05809868919772043,-0.06393802165985107,-0.2923906147480011,0.005667845708160257,-0.0700218677520752,-0.39218199253082275,-0.0267283921234025,-0.09415233135223389,-0.35702306032180786,-0.05605842965763941,-0.10356146097183228,-0.2933086156845093,-0.07290303009671106,-0.014303117990493774,-0.2885664105415344,-0.0026416231516463995,-0.02141404151916504,-0.39921507239341736,-0.03113479028564825,-0.05396765470504761,-0.37131184339523315,-0.057616528599680805,-0.07038751244544983,-0.3125614821910858,-0.07224351215285196,0.03510528802871704,-0.26394182443618774,-0.01716318774145975,0.030832886695861816,-0.3928675055503845,-0.04974370124858751,-0.0064585208892822266,-0.37046951055526733,-0.07384809154194727,-0.02570974826812744,-0.31971070170402527,-0.08695843863409891,0.08025503158569336,-0.22299599647521973,-0.032329641758622074,0.025400876998901367,-0.27851423621177673,-0.06632246869725122,-0.014755159616470337,-0.2358182668685913,-0.08222699958008661,-0.03232976794242859,-0.1877356767654419,-0.09008148360175028
M,0.0,0.0,0.0,-0.07412689924240112,-0.08683943748474121,-0.013750763420375733,-0.08126363158226013,-0.22809964418411255,-0.024310204942139535,-0.013815522193908691,-0.31820574402809143,-0.037527782652887254,0.04971536993980408,-0.3718482255935669,-0.05070848185232535,-0.04787817597389221,-0.2996012568473816,0.003908567320195289,-0.05362275242805481,-0.4000512957572937,-0.028069246370705514,-0.08295339345932007,-0.3651091456413269,-0.05608219075611487,-0.09690752625465393,-0.30063939094543457,-0.07190417665651694,0.0014917850494384766,-0.29378536343574524,-0.006997163217874913,-0.0013694167137145996,-0.40579670667648315,-0.0353420281749095,-0.04184150695800781,-0.37764108180999756,-0.05943825635722533,-0.06557899713516235,-0.31705549359321594,-0.0721871646087493,0.04966995120048523,-0.2670767903327942,-0.023449107814940362,0.046805769205093384,-0.39503082633018494,-0.054577564631017594,0.0011208057403564453,-0.3689349293708801,-0.07580099422148123,-0.0242919921875,-0.3163564205169678,-0.08727725762537375,0.09190765023231506,-0.22517329454421997,-0.04034710470250502,0.0353812575340271,-0.2838408946990967,-0.07269195634535208,-0.010534882545471191,-0.23987752199172974,-0.08693267572334662,-0.03138619661331177,-0.19225096702575684,-0.09398044068029776
M,0.0,0.0,0.0,-0.07658305764198303,-0.09580546617507935,-0.009426386670497777,-0.07890349626541138,-0.23491978645324707,-0.019075725802508714,-0.009480863809585571,-0.31902754306793213,-0.03256462013098371,0.05468764901161194,-0.37228474020957947,-0.04606833552691114,-0.04431667923927307,-0.29886406660079956,0.008636902442844985,-0.0510789155960083,-0.4031439423561096,-0.02397252676757944,-0.07905665040016174,-0.3678036630153656,-0.05251626914116514,-0.0917360782623291,-0.29882755875587463,-0.06828758736821783,0.004259437322616577,-0.29224860668182373,-0.0037193786048419497,-0.001174241304397583,-0.40771639347076416,-0.03308436518284452,-0.04041305184364319,-0.37669551372528076,-0.058447616749731424,-0.06310606002807617,-0.31220537424087524,-0.07209268828603399,0.05202016234397888,-0.2660958766937256,-0.021406686508385064,0.05308923125267029,-0.40015411376953125,-0.05231923108669889,0.010050445795059204,-0.3674970865249634,-0.07287222018214834,-0.014987081289291382,-0.30684396624565125,-0.08393549790355337,0.09385403990745544,-0.225380539894104,-0.039270243251053216,0.03651121258735657,-0.2831531763076782,-0.07037217786285055,-0.01103055477142334,-0.2400606870651245,-0.0846978934642948,-0.03449013829231262,-0.19271433353424072,-0.09203747531148565
M,0.0,0.0,0.0,-0.07487872242927551,-0.09551382064819336,-0.009456744022031671,-0.0783407986164093,-0.23400509357452393,-0.019570265501101858,-0.00990515947341919,-0.3153337836265564,-0.03402442352410162,0.056085169315338135,-0.36427152156829834,-0.04865794123645628,-0.03785666823387146,-0.30011188983917236,0.007012615375856512,-0.04382935166358948,-0.399688720703125,-0.027093506022652036,-0.07563790678977966,-0.36398983001708984,-0.05678216235276068,-0.09036695957183838,-0.29562389850616455,-0.07349780441757048,0.009967535734176636,-0.2925563454627991,-0.006140578142662889,0.00737115740776062,-0.40417003631591797,-0.03547005595203245,-0.036584556102752686,-0.37495866417884827,-0.059935315116604215,-0.06276765465736389,-0.31415751576423645,-0.07334897161956633,0.05644911527633667,-0.26366913318634033,-0.024641052424271948,0.058883070945739746,-0.39344871044158936,-0.055399096175392515,0.008837401866912842,-0.361654669046402,-0.07398808242317045,-0.021834105253219604,-0.30403995513916016,-0.08395372570987547,0.09609711170196533,-0.21863526105880737,-0.04354382173653448,0.04303187131881714,-0.28054046630859375,-0.07392393292423094,-0.00725284218788147,-0.2407456636428833,-0.08614965023036802,-0.034324198961257935,-0.1949957013130188,-0.0920558372282585
M,0.0,0.0,0.0,-0.07089674472808838,-0.09631919860839844,-0.00847629057523136,-0.07147026062011719,-0.23381006717681885,-0.01943437727447872,-0.004382610321044922,-0.31281572580337524,-0.03443863960262661,0.06167617440223694,-0.35746294260025024,-0.049503940812314795,-0.021862000226974487,-0.29925528168678284,0.0022428529774742856,-0.027388811111450195,-0.39643603563308716,-0.032744828335012244,-0.061847835779190063,-0.3633884787559509,-0.06175901713129406,-0.08024445176124573,-0.297157347202301,-0.07770498069282894,0.024862617254257202,-0.28725889325141907,-0.010830832368696974,0.020938873291015625,-0.3950645923614502,-0.04167772429343586,-0.02645990252494812,-0.36313772201538086,-0.0642572340583456,-0.05658319592475891,-0.30117955803871155,-0.07568036737200146,0.06910189986228943,-0.25665509700775146,-0.028683257943953322,0.06798169016838074,-0.37814444303512573,-0.060087922683919714,0.014667809009552002,-0.3407554030418396,-0.07481770934816723,-0.01923203468322754,-0.28091302514076233,-0.08122196020838146,0.10582980513572693,-0.21151769161224365,-0.04681964563485508,0.04646417498588562,-0.26929333806037903,-0.0759704110240591,-0.0061990320682525635,-0.22944647073745728,-0.08566904785391216,-0.034658461809158325,-0.18636775016784668,-0.08931630822178249
M,0.0,0.0,0.0,-0.06539833545684814,-0.09155386686325073,-0.008428753144755774,-0.06427213549613953,-0.23129802942276,-0.01656278853835147,-0.00043088197708129883,-0.3104260265827179,-0.028912155680075102,0.06280010938644409,-0.3575502634048462,-0.041581400461211615,-0.01480761170387268,-0.29604312777519226,0.007801309902504272,-0.020719289779663086,-0.39647793769836426,-0.024997441820516997,-0.061488330364227295,-0.36236149072647095,-0.05282051188470405,-0.08643093705177307,-0.29687806963920593,-0.06807494608284514,0.027603894472122192,-0.28557997941970825,-0.005152669526353293,0.02164354920387268,-0.39685752987861633,-0.03448508752109092,-0.029499799013137817,-0.36709481477737427,-0.057634156919732504,-0.06322517991065979,-0.30563288927078247,-0.06874919382454436,0.06961148977279663,-0.25641104578971863,-0.02315455747367423,0.06268441677093506,-0.3830907940864563,-0.05274743659020942,0.005132913589477539,-0.36095887422561646,-0.06986459789396804,-0.03539961576461792,-0.31200897693634033,-0.07847207484365981,0.10715097188949585,-0.2113107442855835,-0.04146111083747428,0.05036038160324097,-0.2722405791282654,-0.06930894104363006,-0.0020557045936584473,-0.23244708776474,-0.07853559104324859,-0.03292176127433777,-0.18590539693832397,-0.08210826364876311
M,0.0,0.0,0.0,-0.06295010447502136,-0.09696102142333984,-0.004266507109491613,-0.058585405349731445,-0.24311888217926025,-0.009387754952399519,0.003377467393875122,-0.3249530792236328,-0.019862480578808572,0.06676629185676575,-0.36957669258117676,-0.03004613344171503,-0.00587308406829834,-0.3036406338214874,0.013965527409823153,-0.0072109997272491455,-0.40620243549346924,-0.017218763125924852,-0.05072346329689026,-0.37511521577835083,-0.04264766920903185,-0.0784098207950592,-0.3132811486721039,-0.056409647805480745,0.03684607148170471,-0.2908385992050171,-0.0003481204047375286,0.03285756707191467,-0.4042302966117859,-0.02960183483162382,-0.02222806215286255,-0.3773100674152374,-0.051099928213147905,-0.05862829089164734,-0.3182600736618042,-0.06053466175296762,0.07829198241233826,-0.25978630781173706,-0.019677382079748895,0.07026055455207825,-0.3785741925239563,-0.049374619616060045,0.007904112339019775,-0.34914830327033997,-0.06390118796923616,-0.03439047932624817,-0.29611536860466003,-0.06956819642880419,0.11428579688072205,-0.21501082181930542,-0.03928198863366106,0.05636700987815857,-0.2756655514240265,-0.0660075416097925,0.0002795755863189697,-0.2405543327331543,-0.07500032533505419,-0.03264319896697998,-0.20028162002563477,-0.07808065612414339
M,0.0,0.0,0.0,-0.06303176283836365,-0.10830044746398926,-0.0021435128584812446,-0.05686771869659424,-0.24892306327819824,-0.006926641945199208,0.0015409290790557861,-0.32780441641807556,-0.01861561104323073,0.060494422912597656,-0.37512290477752686,-0.03022948667074843,-0.0011359155178070068,-0.3081860840320587,0.022016474831445976,-0.0041724443435668945,-0.4132462739944458,-0.013065531064228253,-0.05054831504821777,-0.38137030601501465,-0.041393384483114914,-0.07982787489891052,-0.31944167613983154,-0.05613668650056525,0.04104521870613098,-0.2933146059513092,0.0050409974936087565,0.0386471152305603,-0.4104240834712982,-0.03099315255548163,-0.02405029535293579,-0.3765467405319214,-0.05575133874680205,-0.06516152620315552,-0.3130510449409485,-0.06486820071603461,0.08061814308166504,-0.26284897327423096,-0.017651336413280205,0.07544243335723877,-0.3869709372520447,-0.05346016227866812,0.007650315761566162,-0.3524552285671234,-0.06912939637567206,-0.036816030740737915,-0.29495540261268616,-0.0727456176247756,0.11404955387115479,-0.22043508291244507,-0.040524870302931504,0.05543100833892822,-0.285004585981369,-0.07004043846990271,-0.0001838207244873047,-0.24723613262176514,-0.0789440759983222,-0.03067222237586975,-0.20391994714736938,-0.080363895889775
M,0.0,0.0,0.0,-0.06860202550888062,-0.11300098896026611,-0.003444806403479106,-0.06313300132751465,-0.24889951944351196,-0.009446616713887579,-0.0009115338325500488,-0.3269728124141693,-0.021561006513422853,0.06018930673599243,-0.3730204105377197,-0.0337897264035405,-0.01061159372329712,-0.3037831783294678,0.019160568284803503,-0.01355847716331482,-0.40878865122795105,-0.014476092030292875,-0.054877251386642456,-0.37569814920425415,-0.04233581429440392,-0.07990998029708862,-0.31158217787742615,-0.057506086734122164,0.0329289436340332,-0.29165035486221313,0.004204837641680115,0.02615445852279663,-0.4092531204223633,-0.028445870113557703,-0.028286099433898926,-0.37567955255508423,-0.05252231514174355,-0.06333544850349426,-0.3128627836704254,-0.06348315483052147,0.07497018575668335,-0.26334047317504883,-0.016236486342734224,0.07029354572296143,-0.38797202706336975,-0.0497697949977578,0.00820586085319519,-0.353358656167984,-0.06546224510390175,-0.03538548946380615,-0.29410073161125183,-0.07114012396056069,0.11106812953948975,-0.22136008739471436,-0.0369737171204747,0.04912480711936951,-0.2776861786842346,-0.06723086392599953,-0.00665631890296936,-0.23998993635177612,-0.07828590130526436,-0.0404643714427948,-0.19767063856124878,-0.08215372121054543
M,0.0,0.0,0.0,-0.06552454829216003,-0.10843807458877563,-0.002427983502684583,-0.05969235301017761,-0.2473897933959961,-0.007522751982151021,0.0018778741359710693,-0.32663094997406006,-0.01911534456053232,0.06256237626075745,-0.37682580947875977,-0.03051617828646158,-0.007357001304626465,-0.31083160638809204,0.0196702620621636,-0.00913819670677185,-0.41882020235061646,-0.013330740793435325,-0.05275624990463257,-0.3896964490413666,-0.0402847891066358,-0.08109316229820251,-0.3294812738895416,-0.05499887739756559,0.036419808864593506,-0.29527679085731506,0.0041410350847854716,0.02642396092414856,-0.4090111255645752,-0.0284505029533193,-0.03020918369293213,-0.37430304288864136,-0.052162798992185344,-0.0671626627445221,-0.3132646381855011,-0.06288394977786993,0.07832720875740051,-0.2642437815666199,-0.016740801683454265,0.06533828377723694,-0.3826272487640381,-0.04997893696167921,-0.0004246234893798828,-0.3429461717605591,-0.06383696099260305,-0.04500916600227356,-0.28361231088638306,-0.06800957669952368,0.11427512764930725,-0.22045308351516724,-0.037918399027375926,0.05260506272315979,-0.27965855598449707,-0.0668595348809049,-0.004240065813064575,-0.2407870888710022,-0.07582162966468786,-0.03767269849777222,-0.19863122701644897,-0.07814992865064596
M,0.0,0.0,0.0,-0.0636497437953949,-0.11305391788482666,-0.0010094298054923456,-0.057886868715286255,-0.25009340047836304,-0.006230519153689329,0.0005497336387634277,-0.32955777645111084,-0.018598244526003782,0.059430211782455444,-0.3771163821220398,-0.030507314019416754,-0.003442823886871338,-0.30711010098457336,0.02131901215710741,-0.0034130513668060303,-0.41627365350723267,-0.013275624253367369,-0.048858433961868286,-0.38779759407043457,-0.04075890872678656,-0.07692423462867737,-0.327343225479126,-0.05523303244314093,0.039343029260635376,-0.2914479374885559,0.004628682974214371,0.035193026065826416,-0.40795665979385376,-0.029861233197664205,-0.02445313334465027,-0.37515127658843994,-0.05308267939886946,-0.06251969933509827,-0.31394004821777344,-0.06250339839658636,0.07997852563858032,-0.26047074794769287,-0.017510647886012976,0.07207179069519043,-0.3781023323535919,-0.05124453175864119,0.004705637693405151,-0.3383570909500122,-0.06341942492923636,-0.03955918550491333,-0.27758142352104187,-0.065649026074027,0.1136852502822876,-0.21715128421783447,-0.04009781125984091,0.05488181114196777,-0.27609342336654663,-0.06765002850494284,-0.0015066266059875488,-0.24010497331619263,-0.07538236025771994,-0.03371995687484741,-0.19924360513687134,-0.07662959490022558
M,0.0,0.0,0.0,-0.06384381651878357,-0.1054844856262207,-0.002827971724912004,-0.05870744585990906,-0.24449169635772705,-0.008597901107862072,0.001461327075958252,-0.32384002208709717,-0.020061780715479927,0.06247895956039429,-0.3734000623226166,-0.03166442645539291,-0.007369816303253174,-0.3060761094093323,0.014068944362804814,-0.010464459657669067,-0.4121784567832947,-0.01823413466860302,-0.05530384182929993,-0.3827853798866272,-0.04379619566549309,-0.08245158195495605,-0.32103800773620605,-0.05762345624913223,0.036569684743881226,-0.2948819100856781,-0.0011053319490770264,0.026172488927841187,-0.41455334424972534,-0.031532230803861694,-0.030473947525024414,-0.38437020778656006,-0.05308772532094963,-0.06520664691925049,-0.32276690006256104,-0.06276528445829399,0.07889395952224731,-0.2656324505805969,-0.021065418625369148,0.06622576713562012,-0.39033788442611694,-0.053374479541673736,0.002343684434890747,-0.3546248972415924,-0.06760971156705864,-0.040046125650405884,-0.2947220802307129,-0.07275338379491814,0.11440682411193848,-0.22194188833236694,-0.041093139926090316,0.0489831268787384,-0.2788694202899933,-0.07113587019790657,-0.006412029266357422,-0.2388424277305603,-0.08130973486055382,-0.03796222805976868,-0.19373077154159546,-0.08464074788440712
