label,x0,y0,z0,x1,y1,z1,x2,y2,z2,x3,y3,z3,x4,y4,z4,x5,y5,z5,x6,y6,z6,x7,y7,z7,x8,y8,z8,x9,y9,z9,x10,y10,z10,x11,y11,z11,x12,y12,z12,x13,y13,z13,x14,y14,z14,x15,y15,z15,x16,y16,z16,x17,y17,z17,x18,y18,z18,x19,y19,z19,x20,y20,z20
N,0.0,0.0,0.0,-0.05777508020401001,-0.06914478540420532,-0.021437677388476573,-0.08115658164024353,-0.17044740915298462,-0.038189255466150485,-0.05255821347236633,-0.25864097476005554,-0.059198018928455554,-0.007876098155975342,-0.32414916157722473,-0.07634771691768094,-0.07144984602928162,-0.2489728331565857,-0.004791830034392319,-0.07886680960655212,-0.3556306064128876,-0.05495975988118573,-0.07990676164627075,-0.3172450065612793,-0.08660716639964505,-0.07539695501327515,-0.25618067383766174,-0.09755561577289029,-0.021580994129180908,-0.24825060367584229,-0.014319984076010428,-0.018035590648651123,-0.3722535967826843,-0.06443259196488782,-0.032481849193573,-0.33754831552505493,-0.08600923495500012,-0.03845512866973877,-0.28269922733306885,-0.08568997012584134,0.027916014194488525,-0.2292064130306244,-0.030452170242952548,0.01594609022140503,-0.28311923146247864,-0.0801237531205885,-0.007773756980895996,-0.19053077697753906,-0.0780292011996977,-0.016543924808502197,-0.12496042251586914,-0.058975529690670214,0.07594442367553711,-0.19768741726875305,-0.04835716338961049,0.05044788122177124,-0.23644188046455383,-0.07387983130423947,0.031750261783599854,-0.17511138319969177,-0.060953189452575884,0.028719663619995117,-0.132041335105896,-0.04163874762265607
N,0.0,0.0,0.0,-0.058507680892944336,-0.06841987371444702,-0.020151189098413624,-0.08100190758705139,-0.17271697521209717,-0.03505249371593777,-0.04838079214096069,-0.26517432928085327,-0.05424158325260464,-0.003304898738861084,-0.3341538608074188,-0.0697036688572723,-0.075379878282547,-0.2502210736274719,-0.002709062107186355,-0.08199793100357056,-0.3616885840892792,-0.04966990327304188,-0.08139550685882568,-0.3231174349784851,-0.07901220818823163,-0.07727327942848206,-0.2629524767398834,-0.08899303575819317,-0.025456488132476807,-0.24987190961837769,-0.012238484377320447,-0.021848082542419434,-0.3762301206588745,-0.05929376980131451,-0.03537052869796753,-0.3354211747646332,-0.07878953268593136,-0.04274994134902954,-0.27650442719459534,-0.07743433913057629,0.024282515048980713,-0.23112422227859497,-0.028215280304010548,0.015388846397399902,-0.2903826832771301,-0.07528220912283246,-0.01005697250366211,-0.19783121347427368,-0.0728487004882652,-0.021439671516418457,-0.13238215446472168,-0.05438615059321705,0.07286578416824341,-0.19891592860221863,-0.04592573320334736,0.05058544874191284,-0.24190175533294678,-0.07010921140974347,0.030126571655273438,-0.18073353171348572,-0.05750616317456547,0.024718403816223145,-0.13689643144607544,-0.03900887494748417
N,0.0,0.0,0.0,-0.05866488814353943,-0.06712466478347778,-0.020729687984356815,-0.07949650287628174,-0.1734519600868225,-0.035553404118189746,-0.04623281955718994,-0.2660659849643707,-0.05442604887045377,-0.0034503936767578125,-0.3369194567203522,-0.06939734983004087,-0.07555797696113586,-0.24835309386253357,-0.0028695429091101232,-0.08152592182159424,-0.36118707060813904,-0.05064124333418363,-0.08093491196632385,-0.3212689757347107,-0.07994532304562085,-0.0768895149230957,-0.26038071513175964,-0.08959057646549695,-0.0254095196723938,-0.24680882692337036,-0.012131781305441791,-0.021031200885772705,-0.3770752251148224,-0.0613859230533933,-0.034879088401794434,-0.3344080448150635,-0.0815771864608621,-0.0414808988571167,-0.27479904890060425,-0.07984596210278028,0.023957014083862305,-0.2280639111995697,-0.027909918676385814,0.014022767543792725,-0.28600382804870605,-0.07645514326847547,-0.011303424835205078,-0.1912418007850647,-0.07373794632709973,-0.021688401699066162,-0.128342866897583,-0.05444125178016179,0.07189500331878662,-0.19736281037330627,-0.04539794939316266,0.047473251819610596,-0.23665311932563782,-0.07013750540770047,0.028038382530212402,-0.17385125160217285,-0.05725388320840352,0.024333596229553223,-0.13316279649734497,-0.03825245144523137
N,0.0,0.0,0.0,-0.05843716859817505,-0.07145458459854126,-0.019759430853326876,-0.07795101404190063,-0.1766737699508667,-0.03424522404154118,-0.04499936103820801,-0.2673224210739136,-0.05319898699005421,-0.0043947696685791016,-0.3368740379810333,-0.06835305069168385,-0.07330036163330078,-0.24995529651641846,-0.0021409239393221924,-0.08006983995437622,-0.36077964305877686,-0.05003765721400555,-0.07965826988220215,-0.3227880001068115,-0.07987498615463551,-0.07599818706512451,-0.2611602246761322,-0.08966330562313374,-0.02256709337234497,-0.24810636043548584,-0.011710439180632193,-0.0198671817779541,-0.37502002716064453,-0.060086519760687906,-0.033154070377349854,-0.3348144292831421,-0.08056289826114948,-0.038192033767700195,-0.27598610520362854,-0.079356917483409,0.02746570110321045,-0.22810092568397522,-0.0276910395600396,0.01607900857925415,-0.28473642468452454,-0.07479266200741108,-0.008471310138702393,-0.1918945014476776,-0.07169877861221607,-0.01759326457977295,-0.12887811660766602,-0.05248906214316662,0.07602256536483765,-0.1958581507205963,-0.045430989307959635,0.05350440740585327,-0.23575946688652039,-0.06896126393755253,0.03508836030960083,-0.17680495977401733,-0.055666757119496424,0.032411813735961914,-0.13808226585388184,-0.03640563909490879
N,0.0,0.0,0.0,-0.057003676891326904,-0.06539440155029297,-0.021458624926765424,-0.07976123690605164,-0.16932308673858643,-0.03771127301212118,-0.05061107873916626,-0.25805097818374634,-0.057998987910707456,-0.006093919277191162,-0.3238852918148041,-0.0746590411936836,-0.06894034147262573,-0.2499750256538391,-0.007780947321464282,-0.0765189528465271,-0.35693997144699097,-0.05686962517853544,-0.0785565972328186,-0.31976377964019775,-0.08703680994864271,-0.07478582859039307,-0.25924208760261536,-0.09714762779827879,-0.019137799739837646,-0.24703693389892578,-0.017087855440934163,-0.016872942447662354,-0.37166666984558105,-0.06666991027947233,-0.032196104526519775,-0.33261048793792725,-0.08670046838875578,-0.03823995590209961,-0.2745347321033478,-0.08529333683605955,0.03022712469100952,-0.2262972891330719,-0.03273833828922079,0.018007099628448486,-0.28210994601249695,-0.08215663495417402,-0.007543742656707764,-0.18937820196151733,-0.07980769785996245,-0.016680538654327393,-0.12443923950195312,-0.06077079760785864,0.07809364795684814,-0.1938135027885437,-0.05003762531038092,0.05216848850250244,-0.23613035678863525,-0.07594438555594252,0.03303009271621704,-0.17564359307289124,-0.06365532341357039,0.031019866466522217,-0.13289880752563477,-0.04491182702537344
N,0.0,0.0,0.0,-0.056444525718688965,-0.06368821859359741,-0.02197527656298348,-0.08285409212112427,-0.1626247763633728,-0.03941949227791497,-0.0564233660697937,-0.25146567821502686,-0.060628709885889975,-0.01179361343383789,-0.31927889585494995,-0.07814489448409745,-0.07505244016647339,-0.24657586216926575,-0.00808635218035647,-0.08272242546081543,-0.35587602853775024,-0.057551787737423865,-0.08265963196754456,-0.31908708810806274,-0.08816577637534806,-0.07780370116233826,-0.2596498727798462,-0.0988536193404741,-0.025522232055664062,-0.24597904086112976,-0.0172876357470102,-0.024048924446105957,-0.3722176253795624,-0.06604812437635132,-0.0369647741317749,-0.32978999614715576,-0.08568711722236344,-0.042207300662994385,-0.27066856622695923,-0.08442232156139085,0.023833513259887695,-0.22637799382209778,-0.03289201626520821,0.012388229370117188,-0.2839491665363312,-0.08139543378692338,-0.011671721935272217,-0.19158709049224854,-0.07854539299350449,-0.02074754238128662,-0.12883347272872925,-0.05978944295983979,0.0720781683921814,-0.1934467852115631,-0.05022307256203362,0.04699474573135376,-0.23608100414276123,-0.07561019206386277,0.027994155883789062,-0.17459240555763245,-0.06306991869550416,0.024679601192474365,-0.13233673572540283,-0.044525796118790595
N,0.0,0.0,0.0,-0.05694425106048584,-0.06842285394668579,-0.021694616862703242,-0.07905548810958862,-0.1728000044822693,-0.037445118167568126,-0.04832655191421509,-0.2639161944389343,-0.05704870212929336,-0.006566941738128662,-0.33305588364601135,-0.07241335276620475,-0.07410943508148193,-0.250409871339798,-0.003840955189559736,-0.07889816164970398,-0.36131447553634644,-0.052734521665740886,-0.07878544926643372,-0.31955212354660034,-0.08272155139701454,-0.07513624429702759,-0.2594951093196869,-0.09274862472074119,-0.023302555084228516,-0.24845191836357117,-0.012903619074393191,-0.018974244594573975,-0.3760152757167816,-0.06373252485053627,-0.03380471467971802,-0.33346566557884216,-0.08465714518086997,-0.040561676025390625,-0.2767064869403839,-0.08306180451171485,0.026477456092834473,-0.22958633303642273,-0.028525653743315615,0.01583164930343628,-0.2887178659439087,-0.07843966547505943,-0.010020792484283447,-0.1932401955127716,-0.07585205648200599,-0.02052384614944458,-0.1305491328239441,-0.056144887098241725,0.07528311014175415,-0.19846612215042114,-0.04588545251743881,0.05108600854873657,-0.23600107431411743,-0.07169160757320014,0.03145778179168701,-0.1732882857322693,-0.05922923747556297,0.028052806854248047,-0.1342671513557434,-0.040082806238103785
N,0.0,0.0,0.0,-0.05715358257293701,-0.06323087215423584,-0.021171588304525812,-0.08385816216468811,-0.16412651538848877,-0.03742859311688562,-0.05909442901611328,-0.2514929175376892,-0.05759579487431665,-0.01752293109893799,-0.3154211640357971,-0.07361289657939096,-0.07323688268661499,-0.2500067353248596,-0.006844398419445952,-0.07979178428649902,-0.3588046729564667,-0.05555167965877672,-0.07970118522644043,-0.31871554255485535,-0.08505295761216303,-0.07425108551979065,-0.2580363154411316,-0.0947147587715449,-0.022547602653503418,-0.24765893816947937,-0.01579115338910242,-0.01855647563934326,-0.3732394576072693,-0.06467361547339578,-0.031752169132232666,-0.3380472660064697,-0.08409116216290613,-0.03617185354232788,-0.28539443016052246,-0.08255012877572199,0.026922106742858887,-0.22804489731788635,-0.031172171088940104,0.013641715049743652,-0.2854742109775543,-0.08036070116150995,-0.009822070598602295,-0.193009614944458,-0.07777606495011469,-0.01777970790863037,-0.12903457880020142,-0.058661287504321535,0.0751570463180542,-0.19723352789878845,-0.048116618621236285,0.04857057332992554,-0.23668676614761353,-0.07419617273200174,0.02924036979675293,-0.17486971616744995,-0.06221557580221315,0.0260927677154541,-0.13225090503692627,-0.04365903683293482
N,0.0,0.0,0.0,-0.0569881796836853,-0.06552058458328247,-0.02199019800892188,-0.08166509866714478,-0.1654927134513855,-0.03859124455621554,-0.05419015884399414,-0.2546736001968384,-0.058749893047121304,-0.01264965534210205,-0.32285502552986145,-0.0748864387350352,-0.0756249725818634,-0.24835127592086792,-0.007623434365001458,-0.08080071210861206,-0.3595045208930969,-0.0555329558627875,-0.08056503534317017,-0.31802064180374146,-0.0847407032923968,-0.07670935988426208,-0.2581667900085449,-0.09472615022232844,-0.02471017837524414,-0.24715527892112732,-0.016246781982687253,-0.020217955112457275,-0.3743705451488495,-0.06504174817374064,-0.03409641981124878,-0.33108216524124146,-0.08447317529490306,-0.04181903600692749,-0.27327752113342285,-0.08288943517973735,0.024821996688842773,-0.2285422384738922,-0.031147110574153203,0.013363182544708252,-0.2906310260295868,-0.08015243459513499,-0.010981321334838867,-0.19782602787017822,-0.07837522525360896,-0.021462678909301758,-0.13453614711761475,-0.060163849331644315,0.07307285070419312,-0.19747349619865417,-0.04762680951526477,0.04773622751235962,-0.23539218306541443,-0.07447674620917155,0.027019858360290527,-0.1741856336593628,-0.06385791797211482,0.021335482597351074,-0.13317370414733887,-0.04637650150826289
N,0.0,0.0,0.0,-0.059888243675231934,-0.06573748588562012,-0.021483680662299776,-0.08294758200645447,-0.17566728591918945,-0.035825154241706514,-0.04963046312332153,-0.27058616280555725,-0.05392511045613446,-0.006504237651824951,-0.34132277965545654,-0.06774338563957372,-0.07781854271888733,-0.2513470947742462,-0.0031876579956815476,-0.08464673161506653,-0.36562567949295044,-0.0504232481686131,-0.08318156003952026,-0.32223060727119446,-0.07894741227903523,-0.0783456563949585,-0.26029515266418457,-0.0879792295960442,-0.027065694332122803,-0.2498595416545868,-0.011502887551273488,-0.024611353874206543,-0.378828227519989,-0.059349576440240526,-0.03794795274734497,-0.33801546692848206,-0.07875842830219426,-0.042945146560668945,-0.2824420928955078,-0.0769619219569222,0.022793829441070557,-0.23169955611228943,-0.026470883247043275,0.011456906795501709,-0.29118674993515015,-0.07411931684293904,-0.013498067855834961,-0.19539976119995117,-0.07107328852691808,-0.02287745475769043,-0.13170099258422852,-0.05177229872026601,0.07203590869903564,-0.20232197642326355,-0.04321840262093701,0.04612976312637329,-0.24226868152618408,-0.06775910636463323,0.026735007762908936,-0.17878341674804688,-0.05504038041510739,0.023901820182800293,-0.1376887559890747,-0.036119765099670076
N,0.0,0.0,0.0,-0.05957454442977905,-0.07101643085479736,-0.020363002759552273,-0.0842660665512085,-0.17403042316436768,-0.036586360749936375,-0.056482553482055664,-0.2645975947380066,-0.05729937714073685,-0.01250612735748291,-0.3326970338821411,-0.0740630940768483,-0.0752871036529541,-0.2561379075050354,-0.002556557045465979,-0.08194100856781006,-0.36486536264419556,-0.05262249496314553,-0.08206090331077576,-0.32854899764060974,-0.08434779357645539,-0.07707244157791138,-0.27023640275001526,-0.09569196563694504,-0.024371802806854248,-0.2556608319282532,-0.012801147741413388,-0.020366668701171875,-0.38105639815330505,-0.06374398779604462,-0.03413325548171997,-0.3465435802936554,-0.08588443112108735,-0.03973674774169922,-0.29359933733940125,-0.08594498198959855,0.026102125644683838,-0.23697447776794434,-0.029697768134212765,0.014179706573486328,-0.2940128743648529,-0.08033216160271195,-0.010544657707214355,-0.19922888278961182,-0.07811178427670029,-0.020360827445983887,-0.1339622139930725,-0.058809453365540776,0.07550668716430664,-0.20550504326820374,-0.048269776371455464,0.050024330615997314,-0.24593567848205566,-0.07512724560234574,0.029993414878845215,-0.18140166997909546,-0.06261868935558823,0.025531530380249023,-0.13726967573165894,-0.0433895380470517
N,0.0,0.0,0.0,-0.05861020088195801,-0.06736767292022705,-0.02202747347729428,-0.08374041318893433,-0.17126184701919556,-0.03888003486173375,-0.054354578256607056,-0.26313722133636475,-0.05979591193573697,-0.010563135147094727,-0.3341365456581116,-0.07673152494209035,-0.07467648386955261,-0.2549455165863037,-0.005037286365052296,-0.08154696226119995,-0.3631635308265686,-0.05584388556854947,-0.08497470617294312,-0.3241612911224365,-0.08735363888519032,-0.08109870553016663,-0.26400381326675415,-0.09814871805684788,-0.023929476737976074,-0.25373348593711853,-0.014349826192130877,-0.021394550800323486,-0.37987959384918213,-0.06578396218793614,-0.03907126188278198,-0.34320735931396484,-0.08666142779367192,-0.046759188175201416,-0.28890880942344666,-0.08540119933860524,0.026622295379638672,-0.23489058017730713,-0.030472153378298117,0.013097941875457764,-0.29190677404403687,-0.08151864963548405,-0.013139486312866211,-0.19608893990516663,-0.07859285133855565,-0.02292567491531372,-0.1307429075241089,-0.05868100332992299,0.07603198289871216,-0.20306742191314697,-0.048426281241347624,0.04955512285232544,-0.24218660593032837,-0.07532158452050908,0.02739018201828003,-0.17637193202972412,-0.06253751325385792,0.022372901439666748,-0.13267159461975098,-0.04310841071384175
N,0.0,0.0,0.0,-0.060025304555892944,-0.06464028358459473,-0.020510780896813685,-0.0872010588645935,-0.16865360736846924,-0.036707454632789904,-0.05954602360725403,-0.26125961542129517,-0.05705879003909331,-0.015348196029663086,-0.3295803964138031,-0.07331569240596991,-0.07621216773986816,-0.2554492652416229,-0.005830179706038052,-0.08365747332572937,-0.36636239290237427,-0.05458701894787055,-0.0863274335861206,-0.3250494599342346,-0.08443534867075186,-0.08250737190246582,-0.2627689242362976,-0.09450257317331534,-0.025396764278411865,-0.25421032309532166,-0.015656010519535357,-0.023957371711730957,-0.381216824054718,-0.0645700220873664,-0.04041910171508789,-0.3415983021259308,-0.08398407445457678,-0.04657423496246338,-0.28323373198509216,-0.08234216765669089,0.02511054277420044,-0.2348155677318573,-0.031853725474149996,0.011439681053161621,-0.2922203540802002,-0.08055236683395606,-0.014473676681518555,-0.196489155292511,-0.07621977226045829,-0.02329963445663452,-0.13019686937332153,-0.05608327062037688,0.07469594478607178,-0.2020505666732788,-0.04975363732484084,0.04656100273132324,-0.24286913871765137,-0.0755941097548316,0.026090502738952637,-0.17732679843902588,-0.062090036731035525,0.023179829120635986,-0.13191616535186768,-0.04240244002249938
N,0.0,0.0,0.0,-0.060905247926712036,-0.06349879503250122,-0.02030214875526326,-0.09040802717208862,-0.16782540082931519,-0.03610712498016255,-0.0649423897266388,-0.2605861723423004,-0.05662559926099675,-0.022307217121124268,-0.32698601484298706,-0.07295015662498372,-0.0763435959815979,-0.2559952437877655,-0.0034761857107241667,-0.08597052097320557,-0.36999958753585815,-0.05363304376191991,-0.08881622552871704,-0.32848304510116577,-0.08408492266721623,-0.08385586738586426,-0.2660687267780304,-0.09420889079160588,-0.02560359239578247,-0.2539743185043335,-0.013838287662338189,-0.022823095321655273,-0.38483527302742004,-0.06521658062524693,-0.04148012399673462,-0.34611380100250244,-0.08529885321445363,-0.04839116334915161,-0.2901470959186554,-0.08322556525058644,0.02492135763168335,-0.2343093752861023,-0.030962990816306046,0.010603785514831543,-0.30030038952827454,-0.08167062908000844,-0.01674407720565796,-0.20356282591819763,-0.0776475018221845,-0.025218844413757324,-0.13639366626739502,-0.05677171632237332,0.07499998807907104,-0.20166489481925964,-0.049815612133215836,0.0455361008644104,-0.24692359566688538,-0.07687779724187749,0.02375471591949463,-0.1818792223930359,-0.06405993014163869,0.02074754238128662,-0.13641375303268433,-0.044386511887978486
N,0.0,0.0,0.0,-0.06065240502357483,-0.06940090656280518,-0.019574902605739908,-0.08941996097564697,-0.17222076654434204,-0.0360370926824487,-0.06486344337463379,-0.2637971043586731,-0.057561447497931795,-0.021307706832885742,-0.3304383158683777,-0.0749310232964433,-0.07361680269241333,-0.2611348032951355,-0.0026069512856281563,-0.08308124542236328,-0.3735414743423462,-0.053148487236825304,-0.08789977431297302,-0.333346962928772,-0.08422378974827893,-0.08368629217147827,-0.27390649914741516,-0.0948672496047891,-0.022784650325775146,-0.25909456610679626,-0.013733571980623083,-0.019865989685058594,-0.3882025182247162,-0.06552570837411054,-0.039597392082214355,-0.35375016927719116,-0.0862225346532739,-0.0473286509513855,-0.30218416452407837,-0.08465651946934827,0.027748823165893555,-0.2389557957649231,-0.03162042575749524,0.011207520961761475,-0.30134159326553345,-0.08310932445201047,-0.01783043146133423,-0.2065788209438324,-0.08007125335606702,-0.027440905570983887,-0.1390513777732849,-0.059680720445243196,0.07735925912857056,-0.2055242657661438,-0.051177797493068056,0.04754525423049927,-0.2502387464046478,-0.07838701980981,0.02381199598312378,-0.18504351377487183,-0.06552187132510312,0.01904064416885376,-0.13757795095443726,-0.04573470878275998
N,0.0,0.0,0.0,-0.06290817260742188,-0.06760883331298828,-0.018831118331348762,-0.09358346462249756,-0.17410868406295776,-0.03500008708337532,-0.0654841959476471,-0.2683355212211609,-0.05630314847925888,-0.019160091876983643,-0.33792537450790405,-0.07358943423727737,-0.07667309045791626,-0.263627827167511,-0.00386353777261661,-0.08594229817390442,-0.379597544670105,-0.053380185128247604,-0.09130233526229858,-0.3350676894187927,-0.08297028145292984,-0.08669102191925049,-0.27301469445228577,-0.09261796376208054,-0.025552570819854736,-0.26175591349601746,-0.015126062878465518,-0.021923840045928955,-0.39451274275779724,-0.06511107584933029,-0.042793214321136475,-0.3553221523761749,-0.08356101563671814,-0.051309406757354736,-0.3003782033920288,-0.08051591119269119,0.025896847248077393,-0.24180099368095398,-0.032983542741334304,0.0078125,-0.3067527115345001,-0.08288670083979355,-0.020849883556365967,-0.20870915055274963,-0.07823231569031464,-0.028436243534088135,-0.14018696546554565,-0.05704112103680359,0.07734203338623047,-0.20749184489250183,-0.052445807815587386,0.04667168855667114,-0.2585236728191376,-0.07829148075083481,0.02285557985305786,-0.1925181746482849,-0.06418155631521927,0.019339561462402344,-0.14445358514785767,-0.04383759698370682
N,0.0,0.0,0.0,-0.06431630253791809,-0.06780493259429932,-0.018703240862492976,-0.09419038891792297,-0.1775752305984497,-0.03333578068614429,-0.06565454602241516,-0.2738199532032013,-0.05355959195495075,-0.02059614658355713,-0.3415444791316986,-0.07007758129239505,-0.0778663158416748,-0.2671026885509491,0.000634036880541089,-0.08591768145561218,-0.383267343044281,-0.050415584778789935,-0.09164583683013916,-0.35245898365974426,-0.08176337737441486,-0.08724117279052734,-0.2939557731151581,-0.09220724362731403,-0.025870323181152344,-0.2667490839958191,-0.010826842820648608,-0.02035421133041382,-0.39887604117393494,-0.0640599485099358,-0.041802167892456055,-0.3695122003555298,-0.08552620369792407,-0.050242722034454346,-0.31877973675727844,-0.08368398059010929,0.026553571224212646,-0.24794086813926697,-0.029227521231774745,0.009172439575195312,-0.31099820137023926,-0.08169556964040225,-0.018007278442382812,-0.21136856079101562,-0.07761944640279239,-0.02429741621017456,-0.14241176843643188,-0.055607134437565264,0.07907187938690186,-0.21466177701950073,-0.049379339402918276,0.04787552356719971,-0.2599479854106903,-0.07674310166240161,0.026049911975860596,-0.1924194097518921,-0.06303699869513935,0.024626970291137695,-0.14667880535125732,-0.04220419186950153
N,0.0,0.0,0.0,-0.06495088338851929,-0.07087397575378418,-0.017866592158412686,-0.09443220496177673,-0.18288344144821167,-0.03294970770630812,-0.06745591759681702,-0.27919432520866394,-0.05389960413131689,-0.020894229412078857,-0.34943512082099915,-0.07116949488673185,-0.07639873027801514,-0.27257239818573,0.001283244343625256,-0.08348846435546875,-0.3918718695640564,-0.0495542280868051,-0.08928388357162476,-0.3618389964103699,-0.08044135500941252,-0.08577197790145874,-0.3035373389720917,-0.0904046737149713,-0.023823916912078857,-0.27118542790412903,-0.010725163158809892,-0.01829993724822998,-0.4070330262184143,-0.0643402182057855,-0.040107011795043945,-0.3767385184764862,-0.0860333659246919,-0.04893463850021362,-0.3235454857349396,-0.08398633380684828,0.028985261917114258,-0.2525199353694916,-0.02953115222308611,0.009748280048370361,-0.31804928183555603,-0.08317573298964476,-0.018378078937530518,-0.2171858549118042,-0.08012620290074324,-0.0251615047454834,-0.1451650857925415,-0.05825086240920996,0.08174926042556763,-0.22086691856384277,-0.04981684242639517,0.048840105533599854,-0.26836299896240234,-0.07861290802512144,0.02578747272491455,-0.19812870025634766,-0.06554241408858275,0.023247480392456055,-0.14801561832427979,-0.04469618504199957
N,0.0,0.0,0.0,-0.06829649209976196,-0.0672411322593689,-0.017302660111781165,-0.10069751739501953,-0.18592745065689087,-0.0299029404562674,-0.0726703405380249,-0.28697893023490906,-0.04859691842317204,-0.024061262607574463,-0.35671067237854004,-0.06397713332295041,-0.07853782176971436,-0.2744342088699341,0.004161850243363574,-0.08423221111297607,-0.39489054679870605,-0.04600997253179173,-0.09494855999946594,-0.38083750009536743,-0.07683579980253796,-0.09543853998184204,-0.32726743817329407,-0.08698335646509747,-0.026135504245758057,-0.2731570899486542,-0.007939376708563373,-0.020992755889892578,-0.41258522868156433,-0.06266992150663953,-0.04696524143218994,-0.39051151275634766,-0.08504651843428235,-0.058497071266174316,-0.33544471859931946,-0.08303904144882779,0.02645111083984375,-0.2538943588733673,-0.02695657296895604,0.007525742053985596,-0.32352086901664734,-0.0810900217187367,-0.022926509380340576,-0.22448742389678955,-0.07751767693876843,-0.031687140464782715,-0.14955508708953857,-0.055022485394474074,0.07886171340942383,-0.22183123230934143,-0.047680001546140716,0.045776307582855225,-0.27144554257392883,-0.0781397333633862,0.022743940353393555,-0.20322328805923462,-0.06605325250744443,0.020005524158477783,-0.15235286951065063,-0.04550833239078145
N,0.0,0.0,0.0,-0.06847429275512695,-0.07230740785598755,-0.01446008467510751,-0.099581778049469,-0.18974173069000244,-0.026577435149107487,-0.07218706607818604,-0.28995537757873535,-0.045239956764731915,-0.026395201683044434,-0.3614797294139862,-0.06069073238805345,-0.07540777325630188,-0.28012463450431824,0.007084416044648378,-0.08290296792984009,-0.3998470604419708,-0.04071608343556932,-0.09340324997901917,-0.38516706228256226,-0.06989621528819612,-0.09429973363876343,-0.3335273861885071,-0.07917598792747071,-0.023250997066497803,-0.2798449993133545,-0.00634668273315242,-0.01975870132446289,-0.41609957814216614,-0.05743896373942903,-0.04603809118270874,-0.39189469814300537,-0.07800686517194322,-0.058942049741744995,-0.3389883041381836,-0.07570810773805192,0.029275953769683838,-0.2612254023551941,-0.02645038971141389,0.006520450115203857,-0.3288085162639618,-0.07833282062247804,-0.023293256759643555,-0.2292686104774475,-0.07470691361859849,-0.030513286590576172,-0.1552322506904602,-0.05297798821166566,0.08122026920318604,-0.2278125286102295,-0.04795656883553079,0.0448838472366333,-0.2762868106365204,-0.07643459150031617,0.022663772106170654,-0.20798301696777344,-0.0635231749101024,0.02218496799468994,-0.15813052654266357,-0.04298927792743257
N,0.0,0.0,0.0,-0.06646290421485901,-0.07755422592163086,-0.013130008463207332,-0.09441104531288147,-0.20030301809310913,-0.02415129284972295,-0.06413203477859497,-0.30283409357070923,-0.04229158837014779,-0.01244819164276123,-0.37688392400741577,-0.05751100856477365,-0.07020354270935059,-0.284486323595047,0.01159572951829091,-0.07278397679328918,-0.4084574580192566,-0.03657599839979753,-0.08815914392471313,-0.38901567459106445,-0.06564651358539209,-0.09267836809158325,-0.3368167579174042,-0.07497034895831689,-0.0189322829246521,-0.28138652443885803,-0.002982288819197265,-0.013437747955322266,-0.42233699560165405,-0.05476858023220643,-0.04206165671348572,-0.389095664024353,-0.07448208260947808,-0.05486723780632019,-0.33257222175598145,-0.07086937058383569,0.03316617012023926,-0.2607506215572357,-0.024551981348935215,0.011997699737548828,-0.3359989523887634,-0.07680359411651239,-0.020090162754058838,-0.2338869273662567,-0.07162870395595178,-0.027394115924835205,-0.16128391027450562,-0.048759616200271694,0.08582830429077148,-0.22535830736160278,-0.04752552065664872,0.049388349056243896,-0.278536856174469,-0.07571226287299737,0.02675575017929077,-0.208340585231781,-0.06156787205154046,0.027785181999206543,-0.16067737340927124,-0.04044304716998681
N,0.0,0.0,0.0,-0.06691306829452515,-0.08285695314407349,-0.014657791248055219,-0.09158891439437866,-0.2064933180809021,-0.026467992468269586,-0.05701717734336853,-0.3077327013015747,-0.045064423708709,-0.0035625696182250977,-0.3827568590641022,-0.060524810581000565,-0.06573131680488586,-0.2901228070259094,0.012978011266795875,-0.06870776414871216,-0.4091734290122986,-0.03529727506497693,-0.08605757355690002,-0.3859773278236389,-0.06484326022723508,-0.09077933430671692,-0.3342348337173462,-0.07448087680199933,-0.015408575534820557,-0.28677675127983093,-0.0008352457177807082,-0.011430680751800537,-0.42351090908050537,-0.050450109420808076,-0.04129037261009216,-0.39005860686302185,-0.06935651647904706,-0.054487645626068115,-0.33802759647369385,-0.06612505066254926,0.03592044115066528,-0.2645901143550873,-0.022064207597168206,0.015307962894439697,-0.33602041006088257,-0.07377973246434522,-0.018938004970550537,-0.23368728160858154,-0.06841587322810483,-0.027705013751983643,-0.16102755069732666,-0.04584331858018231,0.08776640892028809,-0.22684478759765625,-0.04487972009042096,0.05246245861053467,-0.2794020175933838,-0.07199912565806699,0.02694094181060791,-0.2078152298927307,-0.05681545707443547,0.02522498369216919,-0.15789258480072021,-0.035267498819621323
N,0.0,0.0,0.0,-0.07374691963195801,-0.08397811651229858,-0.015599223164514342,-0.10259458422660828,-0.20861810445785522,-0.02812639375557069,-0.06317901611328125,-0.31288203597068787,-0.047518433382407466,-0.007544159889221191,-0.3886263966560364,-0.06427221124400262,-0.07840067148208618,-0.291037917137146,0.012745507682069501,-0.08619436621665955,-0.4093383252620697,-0.03622098391284112,-0.10174283385276794,-0.383369117975235,-0.06754404430617456,-0.103787362575531,-0.3304421007633209,-0.07854900633324746,-0.02550959587097168,-0.29029202461242676,-0.0008444501633277923,-0.024019718170166016,-0.4254659414291382,-0.048511662831202784,-0.05200514197349548,-0.3941897749900818,-0.06785210346211556,-0.06315135955810547,-0.344429612159729,-0.06612397109498147,0.02858865261077881,-0.2693191468715668,-0.0221364473306096,0.0077582597732543945,-0.33940890431404114,-0.07294535016049508,-0.025905847549438477,-0.23876363039016724,-0.06830504660834436,-0.03386172652244568,-0.16669738292694092,-0.04696909834970597,0.083065927028656,-0.2309802770614624,-0.04518092920412187,0.04761546850204468,-0.28566011786460876,-0.0716613916062272,0.021601557731628418,-0.2139185667037964,-0.056177919109956065,0.01949310302734375,-0.16235673427581787,-0.03484618415464524
N,0.0,0.0,0.0,-0.07017332315444946,-0.08374172449111938,-0.013716713347861287,-0.09981441497802734,-0.2032427191734314,-0.026647069313952443,-0.06645375490188599,-0.30593442916870117,-0.04705813602490139,-0.015958070755004883,-0.3837278485298157,-0.06454148218912792,-0.07056739926338196,-0.29486656188964844,0.013593375860324386,-0.07891711592674255,-0.41501790285110474,-0.03724297211451244,-0.09996607899665833,-0.38872501254081726,-0.0690867014317007,-0.10635358095169067,-0.33358508348464966,-0.07999873236698818,-0.01967605948448181,-0.2925957143306732,-0.002342364340478298,-0.024926841259002686,-0.4260716438293457,-0.05302269087118816,-0.058809876441955566,-0.38437220454216003,-0.0726277165202589,-0.07296010851860046,-0.32696056365966797,-0.06963484809679699,0.032148003578186035,-0.2699330449104309,-0.025919099160859105,0.004548788070678711,-0.3373120129108429,-0.07762660161537838,-0.026131123304367065,-0.2353495955467224,-0.07174889073652935,-0.029846280813217163,-0.16563630104064941,-0.049025364973971364,0.08422452211380005,-0.22972601652145386,-0.05115574673695278,0.04349929094314575,-0.28251218795776367,-0.07662388757748317,0.020319700241088867,-0.21182888746261597,-0.05955004394931507,0.023226916790008545,-0.16489845514297485,-0.036882997312972066
N,0.0,0.0,0.0,-0.06888964772224426,-0.08143448829650879,-0.014427758340104901,-0.09777697920799255,-0.20321190357208252,-0.028118729178174817,-0.06677687168121338,-0.30411940813064575,-0.04857314895497211,-0.015428751707077026,-0.38186484575271606,-0.06596154119478115,-0.06957432627677917,-0.30002909898757935,0.010488097969130195,-0.08548775315284729,-0.41328883171081543,-0.03894310962067493,-0.10780268907546997,-0.3811987638473511,-0.07033539708362468,-0.11164888739585876,-0.3216635584831238,-0.08129429217086681,-0.017972588539123535,-0.30250638723373413,-0.0039930013533080455,-0.02646017074584961,-0.43113797903060913,-0.0495516858588303,-0.06231337785720825,-0.39535093307495117,-0.06749901320443996,-0.07629868388175964,-0.34296882152557373,-0.06567061092363247,0.034035444259643555,-0.2805439233779907,-0.025827157829269254,0.00314176082611084,-0.33629411458969116,-0.07287611957298168,-0.02990567684173584,-0.23790359497070312,-0.06733361776576885,-0.03428930044174194,-0.17081928253173828,-0.04720010753379711,0.08431243896484375,-0.24080950021743774,-0.049507511366471135,0.042887330055236816,-0.28063464164733887,-0.07217282201753505,0.01818448305130005,-0.21375858783721924,-0.056242981512411916,0.019317805767059326,-0.1704859733581543,-0.035718245018586
N,0.0,0.0,0.0,-0.07621532678604126,-0.08309763669967651,-0.011113297936418576,-0.10858526825904846,-0.21013355255126953,-0.020421853099861664,-0.07510894536972046,-0.31268876791000366,-0.03727825525859885,-0.024689018726348877,-0.3919600248336792,-0.05171363968113951,-0.07843682169914246,-0.30038875341415405,0.019527504409751373,-0.09129676222801208,-0.41415247321128845,-0.02677850592593245,-0.11334928870201111,-0.39627519249916077,-0.05593291464904837,-0.11728981137275696,-0.3459022045135498,-0.06590025666812949,-0.02600046992301941,-0.30926722288131714,0.004227434474131542,-0.03699639439582825,-0.4390181303024292,-0.038208486323156876,-0.07482320070266724,-0.4087277352809906,-0.05480431932667784,-0.08821806311607361,-0.3621821105480194,-0.05229597706059508,0.0274030864238739,-0.29192066192626953,-0.018650166501203103,-0.00872349739074707,-0.3461522161960602,-0.06403849813798956,-0.037455350160598755,-0.24498587846755981,-0.05751364845494322,-0.034045904874801636,-0.1796361804008484,-0.03677754271487288,0.07944092154502869,-0.2538209557533264,-0.04331686142543845,0.03168711066246033,-0.29059696197509766,-0.06546770576099448,0.010551363229751587,-0.220084547996521,-0.04927254635552458,0.01922348141670227,-0.17818045616149902,-0.028496444036164803
N,0.0,0.0,0.0,-0.07443046569824219,-0.07730215787887573,-0.014932500534683868,-0.11319530010223389,-0.2008410096168518,-0.027884546072215244,-0.08977636694908142,-0.30538588762283325,-0.04749973058792989,-0.03674346208572388,-0.3837890326976776,-0.06374188825580518,-0.0711180567741394,-0.31439733505249023,0.013595366514294938,-0.0926201343536377,-0.4169923663139343,-0.034983131439418,-0.11777615547180176,-0.3935997486114502,-0.066776643843383,-0.12187588214874268,-0.3416295051574707,-0.07892445042821805,-0.0193159282207489,-0.32221293449401855,-0.0006236479254368987,-0.037548840045928955,-0.43797653913497925,-0.044516577721566364,-0.07616135478019714,-0.40335699915885925,-0.06164705321285169,-0.08933475613594055,-0.3553486168384552,-0.060195318759411975,0.03272426128387451,-0.3030714988708496,-0.022655810565680667,-0.0075675249099731445,-0.34242939949035645,-0.06893207445833127,-0.03922826051712036,-0.2422294020652771,-0.062219604254693195,-0.03937658667564392,-0.1754353642463684,-0.04173685178253095,0.08155584335327148,-0.26169753074645996,-0.04700444206687848,0.033387184143066406,-0.2898159623146057,-0.06930340394470136,0.009763091802597046,-0.21983206272125244,-0.053226075471371814,0.014429837465286255,-0.17579758167266846,-0.032732936889857456
N,0.0,0.0,0.0,-0.07328453660011292,-0.07405906915664673,-0.017807250698353982,-0.11554458737373352,-0.1972522735595703,-0.03174133770659182,-0.10079243779182434,-0.3023369312286377,-0.051630651434209085,-0.047468751668930054,-0.3786828815937042,-0.06729112737372134,-0.06927630305290222,-0.32874560356140137,0.013367724749002718,-0.09400376677513123,-0.42193031311035156,-0.03728626095249865,-0.12416163086891174,-0.39314350485801697,-0.0705028417010567,-0.13254299759864807,-0.33866751194000244,-0.08358326726153109,-0.018489867448806763,-0.3364582657814026,0.0005444136608616645,-0.05131453275680542,-0.44079071283340454,-0.04458176143958781,-0.0945894718170166,-0.3968229293823242,-0.061638748129155374,-0.11068227887153625,-0.34805089235305786,-0.059977764119651056,0.03222748637199402,-0.3173670172691345,-0.02059772223725531,-0.017390072345733643,-0.3426121473312378,-0.06803561918928835,-0.04879024624824524,-0.24004292488098145,-0.06108211897804949,-0.04902982711791992,-0.1742851734161377,-0.04041339628889773,0.07752552628517151,-0.27494537830352783,-0.04460609503581736,0.02287536859512329,-0.2892407774925232,-0.06815377049639437,-0.0006795823574066162,-0.21521282196044922,-0.053400354315783716,0.0035188496112823486,-0.17116087675094604,-0.033540775855328775
N,0.0,0.0,0.0,-0.07893934845924377,-0.06110429763793945,-0.022150953410744023,-0.12304100394248962,-0.19244539737701416,-0.037104613258122754,-0.10267636179924011,-0.3048105835914612,-0.056614860071420026,-0.05229178071022034,-0.3893352746963501,-0.07078256748485501,-0.08605268597602844,-0.33317190408706665,0.006018114165783572,-0.11824026703834534,-0.4343342185020447,-0.04971001215147908,-0.15121209621429443,-0.37669670581817627,-0.08257486961650784,-0.15199443697929382,-0.30487722158432007,-0.09452268771696026,-0.03172549605369568,-0.3435975909233093,-0.006237621995239806,-0.06930854916572571,-0.4547790288925171,-0.05863727547097142,-0.1155041754245758,-0.37679970264434814,-0.07353323243427212,-0.12254136800765991,-0.31029951572418213,-0.06681389652061398,0.02053949236869812,-0.32529765367507935,-0.027468853740572285,-0.031135499477386475,-0.35267066955566406,-0.0760357334451669,-0.058146536350250244,-0.24324017763137817,-0.06548389337825711,-0.047003984451293945,-0.1897910237312317,-0.0425010278062814,0.06828168034553528,-0.2858508825302124,-0.05213303409385617,0.008716791868209839,-0.2920656204223633,-0.07513761065769131,-0.010024398565292358,-0.2143588662147522,-0.059333010687112164,0.004249542951583862,-0.18336528539657593,-0.03872147492933209
N,0.0,0.0,0.0,-0.08174470067024231,-0.057357728481292725,-0.017374001802124894,-0.1337658166885376,-0.18404728174209595,-0.03038503265491954,-0.11925646662712097,-0.2989627718925476,-0.04918568617216579,-0.07167914509773254,-0.3843801021575928,-0.0631743375074052,-0.09760180115699768,-0.3325648307800293,0.009700287706039035,-0.13105183839797974,-0.44161516427993774,-0.04183837807289592,-0.1628720760345459,-0.38715898990631104,-0.07373471593967906,-0.16612350940704346,-0.3123142719268799,-0.08526369220129482,-0.04367521405220032,-0.3446270823478699,-0.0037956602267854578,-0.07963433861732483,-0.46195483207702637,-0.05014994403830997,-0.12562966346740723,-0.40232500433921814,-0.0664041194926881,-0.1385183334350586,-0.33670783042907715,-0.06284048444143764,0.009820491075515747,-0.3296920657157898,-0.02528148180357448,-0.04469531774520874,-0.3536425828933716,-0.07037992066256038,-0.06805285811424255,-0.25064653158187866,-0.06376251614204875,-0.05727654695510864,-0.19219380617141724,-0.04433874076715938,0.05918806791305542,-0.2928747534751892,-0.04956851190439693,-0.002662092447280884,-0.3029327988624573,-0.07194786554686061,-0.018618643283843994,-0.2268703579902649,-0.05750743335596553,-0.003911793231964111,-0.18746298551559448,-0.03808920121304027
N,0.0,0.0,0.0,-0.0859290063381195,-0.05913519859313965,-0.015449632962258875,-0.1381208896636963,-0.19460833072662354,-0.026674087231072008,-0.124260812997818,-0.3095684051513672,-0.044633709897311746,-0.0835379958152771,-0.39887720346450806,-0.05817342649868351,-0.106525719165802,-0.3430008888244629,0.01592584412821907,-0.14655932784080505,-0.4424022138118744,-0.037302882482322275,-0.1802549958229065,-0.38838452100753784,-0.07041032712629658,-0.18136736750602722,-0.31645190715789795,-0.08230249684027058,-0.05313947796821594,-0.3568175435066223,0.0006048286896884747,-0.09789672493934631,-0.46884626150131226,-0.04671403120926243,-0.14616093039512634,-0.4057520031929016,-0.06323654304912907,-0.15769070386886597,-0.34862518310546875,-0.05964173849395138,0.0006812810897827148,-0.34117186069488525,-0.023170503859432756,-0.06092822551727295,-0.36394792795181274,-0.07188216697147709,-0.08496254682540894,-0.25087738037109375,-0.06359669666460377,-0.07266902923583984,-0.19345098733901978,-0.04186995055249554,0.048861026763916016,-0.3024522066116333,-0.049491000433476984,-0.017970114946365356,-0.31066638231277466,-0.07362171362808567,-0.03296738862991333,-0.22998666763305664,-0.056723759581359445,-0.0157029926776886,-0.1936095952987671,-0.03496714409163815
N,0.0,0.0,0.0,-0.08754241466522217,-0.06025195121765137,-0.015023934356861446,-0.13817107677459717,-0.20074868202209473,-0.02543327275662932,-0.12052175402641296,-0.31573015451431274,-0.04218074370174918,-0.08331206440925598,-0.4059374928474426,-0.0549757933989099,-0.11097079515457153,-0.334500253200531,0.012626622170216706,-0.15054914355278015,-0.4384791851043701,-0.039716751016669605,-0.18167565762996674,-0.38860076665878296,-0.07171448756008658,-0.18059608340263367,-0.3148355484008789,-0.0825668393447927,-0.05745378136634827,-0.3500417470932007,-0.00294864217750046,-0.10200461745262146,-0.47389063239097595,-0.05031902406363997,-0.14666008949279785,-0.4063103497028351,-0.06515673238783393,-0.15392810106277466,-0.33957910537719727,-0.05945401329546485,-0.0035309195518493652,-0.3359469175338745,-0.026578587181859348,-0.06319659948348999,-0.3675733804702759,-0.07421298015862021,-0.08099782466888428,-0.25523847341537476,-0.0649560062959722,-0.06348857283592224,-0.19727766513824463,-0.04259713057427916,0.04454115033149719,-0.29944467544555664,-0.05267114255576644,-0.02154362201690674,-0.3107348084449768,-0.07687461066990409,-0.032647132873535156,-0.22960931062698364,-0.05957404587417159,-0.011768639087677002,-0.19317805767059326,-0.037543289996676776
N,0.0,0.0,0.0,-0.09136712551116943,-0.06485933065414429,-0.010916914130575606,-0.14633691310882568,-0.20097243785858154,-0.020925913277096697,-0.13391917943954468,-0.3114844560623169,-0.0385661481795978,-0.09525173902511597,-0.3961200416088104,-0.05273786773068423,-0.11670029163360596,-0.33991771936416626,0.017421938207917265,-0.16047731041908264,-0.4366111159324646,-0.03385012810213084,-0.1898614764213562,-0.3842684030532837,-0.06765264113528247,-0.18887148797512054,-0.3113855719566345,-0.08013504584414477,-0.06303286552429199,-0.3530234098434448,-0.0008140447116602445,-0.10864990949630737,-0.4741128087043762,-0.04750979532582278,-0.15294873714447021,-0.41055184602737427,-0.06528434743268008,-0.1627245545387268,-0.34399497509002686,-0.06213667084557528,-0.008140921592712402,-0.33738279342651367,-0.026646459746189066,-0.07076102495193481,-0.3711005449295044,-0.07404011328799243,-0.09057316184043884,-0.26215922832489014,-0.06743889142853732,-0.07557711005210876,-0.20049446821212769,-0.04668244932872767,0.040613800287246704,-0.2990264892578125,-0.05449979965669627,-0.02815726399421692,-0.31891489028930664,-0.07805994738919253,-0.04373776912689209,-0.23897945880889893,-0.06075767268521304,-0.02634185552597046,-0.19558179378509521,-0.03869440992457385
N,0.0,0.0,0.0,-0.08859923481941223,-0.06767970323562622,-0.009170709495322171,-0.14212512969970703,-0.20411264896392822,-0.018698802535311643,-0.13271558284759521,-0.3152232766151428,-0.03683487730182833,-0.09842085838317871,-0.40159711241722107,-0.05162432449020571,-0.10841894149780273,-0.3428059220314026,0.02224240792833143,-0.14724880456924438,-0.4407689571380615,-0.030716302190796796,-0.17719507217407227,-0.39716681838035583,-0.06586121799506373,-0.1804960072040558,-0.3253217935562134,-0.07856673033990091,-0.054185837507247925,-0.3557382822036743,0.0029516889798628654,-0.09844884276390076,-0.47721022367477417,-0.046713810731546346,-0.14302372932434082,-0.4136897325515747,-0.06630677016534037,-0.1553116738796234,-0.3453150987625122,-0.06296886535443491,0.0007792115211486816,-0.3406972289085388,-0.02416014703072733,-0.06704264879226685,-0.37581998109817505,-0.07517995717086023,-0.08681708574295044,-0.26151394844055176,-0.06907553257502741,-0.07225009799003601,-0.19567149877548218,-0.046667844374553624,0.04886898398399353,-0.30191880464553833,-0.05297524886287874,-0.02507290244102478,-0.31991446018218994,-0.07885664733208841,-0.040010422468185425,-0.24002736806869507,-0.061851356495992604,-0.02127346396446228,-0.19738471508026123,-0.03875613989390558
N,0.0,0.0,0.0,-0.09136375784873962,-0.06969660520553589,-0.010501932966121785,-0.14428994059562683,-0.2061329483985901,-0.020430909151741616,-0.12953302264213562,-0.3199211359024048,-0.038773916343757264,-0.09021145105361938,-0.4071509838104248,-0.05422915859014665,-0.10764041543006897,-0.3409980535507202,0.023789171447447188,-0.15055212378501892,-0.43824756145477295,-0.029407247582980744,-0.18416409194469452,-0.3914257287979126,-0.06512926487118875,-0.1879645437002182,-0.318733811378479,-0.07864661482960855,-0.05387502908706665,-0.3523232638835907,0.0048989619514259175,-0.1020866334438324,-0.4763053059577942,-0.04600922731549417,-0.14923030138015747,-0.4116673469543457,-0.06635697899253046,-0.16077113151550293,-0.3417671322822571,-0.06360438434273874,0.00011444091796875,-0.33634352684020996,-0.022116982991406076,-0.06855204701423645,-0.37691622972488403,-0.07575270501763498,-0.08893641829490662,-0.26029062271118164,-0.06977496264369165,-0.0732535719871521,-0.19095635414123535,-0.04704588247329866,0.047133177518844604,-0.2980891466140747,-0.050813536773034684,-0.028006047010421753,-0.32324230670928955,-0.07979320702941095,-0.041412562131881714,-0.23829305171966553,-0.06314147231967127,-0.021126508712768555,-0.191023051738739,-0.04004526851565515
N,0.0,0.0,0.0,-0.09218424558639526,-0.07439792156219482,-0.009234396307533643,-0.1466333270072937,-0.21261829137802124,-0.017484169951444528,-0.1344965100288391,-0.32437223196029663,-0.034883026531701944,-0.09406065940856934,-0.41052037477493286,-0.04941090991235342,-0.10919731855392456,-0.34244436025619507,0.028328809389108756,-0.15068262815475464,-0.4435442090034485,-0.022949902838831804,-0.1888996958732605,-0.3996589183807373,-0.058340747407441995,-0.19742494821548462,-0.326826274394989,-0.07194414412117567,-0.05707186460494995,-0.35386791825294495,0.009419135251278021,-0.10182824730873108,-0.4811519384384155,-0.04093494316077795,-0.15321725606918335,-0.42055341601371765,-0.06301150148249235,-0.16877293586730957,-0.35026538372039795,-0.06137936612105932,-0.0044307708740234375,-0.3391994535923004,-0.01756091651952829,-0.07112011313438416,-0.38554197549819946,-0.07014844243860807,-0.09328296780586243,-0.2726207375526428,-0.06598197346067991,-0.07881143689155579,-0.20178711414337158,-0.04423428004122343,0.0423947274684906,-0.30321604013442993,-0.04618303900099363,-0.030175477266311646,-0.3379001021385193,-0.07376198892927732,-0.046071767807006836,-0.25694942474365234,-0.05729598974323835,-0.027637511491775513,-0.20674139261245728,-0.034288030615812204
N,0.0,0.0,0.0,-0.08920598030090332,-0.0781179666519165,-0.009599413034777626,-0.13692767918109894,-0.2165623903274536,-0.01920931344972132,-0.12459820508956909,-0.3238128125667572,-0.037775348183970436,-0.08874881267547607,-0.40941596031188965,-0.05354480749116419,-0.09904426336288452,-0.3466447591781616,0.023610998633046165,-0.13516509532928467,-0.4477560222148895,-0.031224857327799782,-0.17446069419384003,-0.4045701026916504,-0.06723064487920283,-0.18493248522281647,-0.33069249987602234,-0.08028844302640437,-0.04625663161277771,-0.3579616844654083,0.0049588710430157334,-0.09054327011108398,-0.47972571849823,-0.04714849149928568,-0.14063529670238495,-0.41157257556915283,-0.06728971308217524,-0.15302340686321259,-0.3428186774253845,-0.06403865968928812,0.006916463375091553,-0.3427429795265198,-0.021922237483124718,-0.06238377094268799,-0.38520845770835876,-0.07628011262164591,-0.08401921391487122,-0.2677876353263855,-0.07036546921477793,-0.06707963347434998,-0.20155906677246094,-0.04749691417561053,0.0534282922744751,-0.3056046962738037,-0.05034838548050402,-0.022138595581054688,-0.33146947622299194,-0.07900985634074686,-0.03701731562614441,-0.24888676404953003,-0.062398436722617134,-0.01537516713142395,-0.20516490936279297,-0.039247605261664376
N,0.0,0.0,0.0,-0.08709314465522766,-0.08550143241882324,-0.008506264344305237,-0.13375161588191986,-0.21964645385742188,-0.018534281097799976,-0.12021476030349731,-0.3251548707485199,-0.03769402838543101,-0.08131721615791321,-0.41176652908325195,-0.05436529479220553,-0.09235000610351562,-0.34860530495643616,0.02584114783212499,-0.12890100479125977,-0.44228529930114746,-0.029264353953749378,-0.16582652926445007,-0.40181711316108704,-0.06614727414444133,-0.17721503973007202,-0.33024412393569946,-0.07977249360874339,-0.038573235273361206,-0.3603508770465851,0.007076387021243136,-0.0826164186000824,-0.47595810890197754,-0.045004865892678936,-0.13099314272403717,-0.41207355260849,-0.06609013564184352,-0.14611665904521942,-0.3409459590911865,-0.06381334997013255,0.015716880559921265,-0.3450639247894287,-0.019867409758717258,-0.054814428091049194,-0.3821103274822235,-0.07522805667713328,-0.07809290289878845,-0.2639780640602112,-0.07049187160328074,-0.06568780541419983,-0.1913350224494934,-0.047985705353767116,0.064361572265625,-0.30713531374931335,-0.04809098578289195,-0.014317363500595093,-0.32748740911483765,-0.07783611751392527,-0.03021562099456787,-0.24379777908325195,-0.06224473825886889,-0.011547595262527466,-0.19513589143753052,-0.03934647775486155
N,0.0,0.0,0.0,-0.08918371796607971,-0.08342105150222778,-0.008940345704672836,-0.13812333345413208,-0.215124249458313,-0.018001862898586296,-0.12711569666862488,-0.32343587279319763,-0.03586937962484171,-0.087715744972229,-0.40751782059669495,-0.05131461574148943,-0.093639075756073,-0.34068676829338074,0.02739202687132547,-0.13065952062606812,-0.43537622690200806,-0.025374162107823395,-0.16945412755012512,-0.39495521783828735,-0.06131445719313433,-0.18288519978523254,-0.32576221227645874,-0.07503545759630015,-0.04141226410865784,-0.3517918586730957,0.009521133169414497,-0.08476820588111877,-0.47188109159469604,-0.042663169190404915,-0.13517449796199799,-0.4132452607154846,-0.06550107626628687,-0.15308433771133423,-0.3445780873298645,-0.0642146664710026,0.011317968368530273,-0.33688920736312866,-0.016322623103974365,-0.05867931246757507,-0.3784709572792053,-0.07187853483867457,-0.08490365743637085,-0.2661784887313843,-0.06954849986743739,-0.07652604579925537,-0.19357585906982422,-0.04837590931367686,0.05972599983215332,-0.3014546036720276,-0.04332332788419535,-0.017222166061401367,-0.32476097345352173,-0.07364827869844248,-0.0341755747795105,-0.24484854936599731,-0.05969148232054522,-0.01822727918624878,-0.19565582275390625,-0.03782324223232081
N,0.0,0.0,0.0,-0.0885862410068512,-0.08156126737594604,-0.008245923141544154,-0.1349220871925354,-0.21959131956100464,-0.016842481265371134,-0.11808481812477112,-0.325472891330719,-0.034359083096092036,-0.07798731327056885,-0.40919676423072815,-0.049911305824821284,-0.0921255350112915,-0.33853375911712646,0.02369676851242275,-0.12875184416770935,-0.4319421947002411,-0.030815985570257,-0.16735690832138062,-0.3887171149253845,-0.06692151404411106,-0.18205644190311432,-0.31568899750709534,-0.08023175276309757,-0.037818193435668945,-0.348272442817688,0.005275445473785112,-0.08251893520355225,-0.46511074900627136,-0.04790959558874874,-0.13036176562309265,-0.40132367610931396,-0.07022035546094685,-0.14728012681007385,-0.328357994556427,-0.06843092716724186,0.016292542219161987,-0.331698477268219,-0.02096614293247967,-0.05669787526130676,-0.37148618698120117,-0.07703288323671131,-0.08223199844360352,-0.2565840184688568,-0.07454586453229695,-0.07491567730903625,-0.18529903888702393,-0.053553984085624506,0.06490650773048401,-0.29523763060569763,-0.04811441577464848,-0.015581339597702026,-0.3179081678390503,-0.07835018313915043,-0.030959010124206543,-0.2380383014678955,-0.06413145787507801,-0.013900339603424072,-0.19227486848831177,-0.04247236676008015
N,0.0,0.0,0.0,-0.08567139506340027,-0.08335787057876587,-0.007038973257976977,-0.1365736424922943,-0.21347415447235107,-0.01558946583895704,-0.13079369068145752,-0.3220825791358948,-0.03315952837942859,-0.09482786059379578,-0.4065542221069336,-0.04850167453764698,-0.09352982044219971,-0.3362550735473633,0.024186349953424724,-0.12808962166309357,-0.4328003525733948,-0.02770650431989452,-0.16589459776878357,-0.3931194543838501,-0.062286105458724705,-0.18232238292694092,-0.3216063380241394,-0.07497477949141285,-0.0423225462436676,-0.34329545497894287,0.0064773564365623315,-0.08765533566474915,-0.4558817148208618,-0.042910010074365346,-0.1332176923751831,-0.39479896426200867,-0.06370757192848941,-0.14934179186820984,-0.3227027654647827,-0.06236001149295589,0.011135697364807129,-0.32693618535995483,-0.018792329807865826,-0.058198779821395874,-0.3735100030899048,-0.07115060508726856,-0.08417052030563354,-0.266374409198761,-0.06863890260933658,-0.07830369472503662,-0.1930016279220581,-0.04880793437837383,0.06275877356529236,-0.2925136685371399,-0.0449916128861787,-0.012129783630371094,-0.3256682753562927,-0.07365470052241108,-0.030666768550872803,-0.25162017345428467,-0.06021559656142017,-0.0172879695892334,-0.20137661695480347,-0.03944017410753986
N,0.0,0.0,0.0,-0.0909125804901123,-0.09023034572601318,-0.002772561215579117,-0.13588592410087585,-0.2185751497745514,-0.011028851789205874,-0.11862528324127197,-0.3156280815601349,-0.029647220332890356,-0.07900470495223999,-0.39148783683776855,-0.046170019020109976,-0.08889469504356384,-0.3371613323688507,0.02892994467470089,-0.11857143044471741,-0.43305547535419464,-0.022767538611560667,-0.15854112803936005,-0.39234763383865356,-0.055839226056605185,-0.17771536111831665,-0.3236192464828491,-0.06740362237837871,-0.039712369441986084,-0.34469616413116455,0.008473937924236452,-0.08285921812057495,-0.4498710185289383,-0.040267050673037375,-0.1289042830467224,-0.37802672386169434,-0.05851126502898296,-0.14236977696418762,-0.3118971288204193,-0.054757547040253485,0.011468976736068726,-0.3293079733848572,-0.019640218873291815,-0.053858667612075806,-0.3703688383102417,-0.06933139305260738,-0.07614606618881226,-0.261484295129776,-0.06369057338383755,-0.06565931439399719,-0.19999456405639648,-0.04242215718772968,0.061016470193862915,-0.2938113808631897,-0.048638336767226065,-0.01211768388748169,-0.32153311371803284,-0.07270003150847515,-0.028710603713989258,-0.24540579319000244,-0.05591113906052669,-0.011811047792434692,-0.2046283781528473,-0.03352456580546459
N,0.0,0.0,0.0,-0.08896329998970032,-0.08191126585006714,-0.007503535366822689,-0.13643893599510193,-0.20920759439468384,-0.016394516687114447,-0.118204265832901,-0.3146228790283203,-0.03403305658252975,-0.07698172330856323,-0.3978375494480133,-0.049277886982281416,-0.09956341981887817,-0.31411492824554443,0.024353731189648897,-0.12453910708427429,-0.4205581247806549,-0.02508802362831375,-0.16092455387115479,-0.38714340329170227,-0.05633227923067352,-0.17740386724472046,-0.32134121656417847,-0.06687855371387741,-0.050853431224823,-0.3253651559352875,0.007226387270520718,-0.0848991870880127,-0.4511660486459732,-0.041498121108134,-0.1297016739845276,-0.4010411500930786,-0.06184423738272926,-0.14780393242835999,-0.3351946175098419,-0.05931442254336616,0.0017455220222473145,-0.314484179019928,-0.017213747139294355,-0.05804607272148132,-0.36520206928253174,-0.06968900212200424,-0.08116888999938965,-0.25820019841194153,-0.06803203025015137,-0.07443532347679138,-0.18823349475860596,-0.04786644526870987,0.05601903796195984,-0.285315603017807,-0.04229099326880714,-0.014310300350189209,-0.3175697326660156,-0.07058010646255752,-0.029804736375808716,-0.24217140674591064,-0.0571468586579158,-0.014542162418365479,-0.19501382112503052,-0.036145255203564375
N,0.0,0.0,0.0,-0.09192842245101929,-0.08500069379806519,-0.005467299030783579,-0.13660377264022827,-0.20762142539024353,-0.016631013838264153,-0.11286476254463196,-0.3100230097770691,-0.03700261668643634,-0.07166990637779236,-0.3916916400194168,-0.05515299470505397,-0.09883031249046326,-0.30501270294189453,0.018161726059702232,-0.11794334650039673,-0.42093896865844727,-0.03263148025951068,-0.15397322177886963,-0.38766048848629,-0.06441142515620868,-0.1725061535835266,-0.3202601373195648,-0.07529771433553378,-0.05076107382774353,-0.31373777985572815,-0.0007808440794860871,-0.0812453031539917,-0.44311995804309845,-0.046702423257443115,-0.12337645888328552,-0.3976167142391205,-0.06523454294881503,-0.1394231617450714,-0.33723020553588867,-0.06394182996234576,0.0026200711727142334,-0.3027077317237854,-0.026659135831209824,-0.05200070142745972,-0.36616620421409607,-0.07539150969466846,-0.07185947895050049,-0.2640863358974457,-0.0707999552913634,-0.0636681318283081,-0.1953645646572113,-0.05113935576162021,0.06019684672355652,-0.27437084913253784,-0.05322088779291789,-0.007774233818054199,-0.3173375427722931,-0.0788948620983092,-0.02496957778930664,-0.24168699979782104,-0.06286908046683948,-0.01151934266090393,-0.19181537628173828,-0.04148647667250316
N,0.0,0.0,0.0,-0.08976572751998901,-0.07814401388168335,-0.006442736064116161,-0.13560789823532104,-0.19766095280647278,-0.016853767608324688,-0.11802813410758972,-0.3044997751712799,-0.03646400307587783,-0.07863086462020874,-0.38663144409656525,-0.05355515440277259,-0.10042250156402588,-0.29430216550827026,0.021107069055517513,-0.1186273992061615,-0.41411811113357544,-0.0267606872814099,-0.15023478865623474,-0.3848867118358612,-0.05670869459680716,-0.16615340113639832,-0.31711044907569885,-0.06633209173850219,-0.0531059205532074,-0.3012951910495758,0.003374688864653308,-0.0758720338344574,-0.43412046134471893,-0.04026491304210822,-0.11644291877746582,-0.4016916751861572,-0.058960669835130375,-0.13601258397102356,-0.34785884618759155,-0.05809882019929091,0.0003657042980194092,-0.29013291001319885,-0.02138259929887454,-0.04764530062675476,-0.362880676984787,-0.07005662207774321,-0.06929701566696167,-0.26308855414390564,-0.06604371701649825,-0.06558176875114441,-0.18883123993873596,-0.046264507968942326,0.05913540720939636,-0.2620687782764435,-0.04676789899639289,-0.0009635984897613525,-0.31117185950279236,-0.0735390383499066,-0.017898142337799072,-0.23585957288742065,-0.05811229084901015,-0.00742766261100769,-0.18158119916915894,-0.03674424548916022
N,0.0,0.0,0.0,-0.08890068531036377,-0.07039767503738403,-0.010677023240475592,-0.1377379298210144,-0.1918150782585144,-0.02215144635096067,-0.12284976243972778,-0.30077317357063293,-0.0414921198125171,-0.08383870124816895,-0.3871491253376007,-0.058234904342441496,-0.11261138319969177,-0.2837081551551819,0.015940520531387392,-0.12886878848075867,-0.39875103533267975,-0.03364385330036157,-0.15446972846984863,-0.37773360311985016,-0.06453898587182039,-0.16625362634658813,-0.31814444065093994,-0.07471501865342134,-0.06208011507987976,-0.29487764835357666,-0.0005320931986148025,-0.0764705240726471,-0.4321984648704529,-0.048755314582138,-0.11470168828964233,-0.4051579535007477,-0.06902179160073274,-0.1341254711151123,-0.35201358795166016,-0.06752874740317338,-0.00633847713470459,-0.28551968932151794,-0.02421302759006494,-0.04775872826576233,-0.35757583379745483,-0.07673890181735032,-0.06792035698890686,-0.2556318938732147,-0.0732357505793857,-0.06367117166519165,-0.18198323249816895,-0.05212812536314004,0.05391773581504822,-0.2576107084751129,-0.04869394042447084,-0.0009275376796722412,-0.30273351073265076,-0.07750279494479173,-0.01569715142250061,-0.2270706593990326,-0.0627209846015262,-0.004295438528060913,-0.17691048979759216,-0.0411753285761165
N,0.0,0.0,0.0,-0.0892874002456665,-0.06385564804077148,-0.01013090974043962,-0.13593557476997375,-0.18661630153656006,-0.0194038222576296,-0.12024989724159241,-0.29966428875923157,-0.036712092816344466,-0.08431380987167358,-0.3894195258617401,-0.05180020770382043,-0.1097615659236908,-0.2777155935764313,0.020024229303487573,-0.12455126643180847,-0.3916160315275192,-0.027768462433925833,-0.14812719821929932,-0.3753679245710373,-0.05899604922484514,-0.15760034322738647,-0.32040005922317505,-0.07007470121931192,-0.06058892607688904,-0.28927239775657654,0.0038429107484603264,-0.07583290338516235,-0.42460790276527405,-0.04262840142797586,-0.11208152770996094,-0.402036115527153,-0.06397451600383874,-0.1294698417186737,-0.3507192134857178,-0.06422947487186548,-0.005885481834411621,-0.280764102935791,-0.01962882420372125,-0.04540112614631653,-0.3500688523054123,-0.07049580058406946,-0.06430205702781677,-0.250722736120224,-0.06809187820505258,-0.06011524796485901,-0.17790630459785461,-0.04885861790131685,0.05283799767494202,-0.25506725907325745,-0.04408143228243944,0.001302570104598999,-0.2955286502838135,-0.07287115743707773,-0.0124131441116333,-0.22093141078948975,-0.059572254776469435,-0.002192765474319458,-0.17158830165863037,-0.03962855181049463
N,0.0,0.0,0.0,-0.09081310033798218,-0.0655684769153595,-0.010160003773364679,-0.13644608855247498,-0.19325190782546997,-0.016293821840974942,-0.12238186597824097,-0.3058249354362488,-0.030448645337912694,-0.08879756927490234,-0.3893567621707916,-0.04300279168734278,-0.11301076412200928,-0.2706277072429657,0.02333058418383871,-0.12892889976501465,-0.3773162066936493,-0.02011405116269316,-0.1444673240184784,-0.3760491907596588,-0.05003013460287775,-0.14727434515953064,-0.33562056720256805,-0.06139737738618578,-0.06421244144439697,-0.2824069559574127,0.008363983609285697,-0.08159491419792175,-0.4135304391384125,-0.03432368113050188,-0.11050251126289368,-0.4091787785291672,-0.05605174227008547,-0.12330272793769836,-0.3710429221391678,-0.05847374348292078,-0.0087851881980896,-0.2750283181667328,-0.01380209064433302,-0.045022398233413696,-0.35065360367298126,-0.06366258858093943,-0.06044614315032959,-0.2566603422164917,-0.06303393094191279,-0.05558916926383972,-0.18099448084831238,-0.04539063571343149,0.05113789439201355,-0.25197675824165344,-0.03696676714668001,0.005458325147628784,-0.3025517761707306,-0.06723406164297785,-0.008616775274276733,-0.23145121335983276,-0.05628086624989237,-0.0008483827114105225,-0.1769060492515564,-0.03819632156142916
N,0.0,0.0,0.0,-0.09165754914283752,-0.06647801399230957,-0.010075655645771064,-0.13475215435028076,-0.19690895080566406,-0.01622716418568615,-0.11221268773078918,-0.31103338301181793,-0.030573238498611488,-0.06791463494300842,-0.39400480687618256,-0.043642104483289756,-0.11388584971427917,-0.2718198895454407,0.022979655423121415,-0.13134166598320007,-0.37510573863983154,-0.02030672959153179,-0.13600367307662964,-0.3794730603694916,-0.051073231614275016,-0.13033708930015564,-0.3388746976852417,-0.062480539894743004,-0.06390592455863953,-0.28427961468696594,0.008586959102110825,-0.07846063375473022,-0.4136359542608261,-0.030657394669098892,-0.09060069918632507,-0.4315861910581589,-0.05476762435500149,-0.0892564058303833,-0.41168391704559326,-0.06070089421336178,-0.006957501173019409,-0.27320581674575806,-0.012699809736652412,-0.03786146640777588,-0.3495168387889862,-0.0635813706285191,-0.05359959602355957,-0.25175172090530396,-0.06583596847121242,-0.053322017192840576,-0.1707882285118103,-0.0497956544822884,0.05425545573234558,-0.24680840969085693,-0.03428529284064297,0.010308712720870972,-0.30000537633895874,-0.0661377989417744,-0.00430181622505188,-0.22592571377754211,-0.05485805205170635,-9.053945541381836e-05,-0.16675013303756714,-0.03585664264027599
N,0.0,0.0,0.0,-0.09126946330070496,-0.0675739049911499,-0.014188087767834645,-0.13816747069358826,-0.19841957092285156,-0.02078089233386038,-0.12044107913970947,-0.31214435398578644,-0.03469366323101042,-0.07555660605430603,-0.394015908241272,-0.04776687662946699,-0.1178986132144928,-0.2636719346046448,0.019412935488944072,-0.13985341787338257,-0.3561738580465317,-0.022087780049915295,-0.13340887427330017,-0.37516258656978607,-0.0530299257849407,-0.11398324370384216,-0.36355534195899963,-0.0672753427540016,-0.06817129254341125,-0.276444673538208,0.006953820829366464,-0.0916077196598053,-0.3942129462957382,-0.03351793926107405,-0.09729444980621338,-0.41616035997867584,-0.05771764855730055,-0.08929392695426941,-0.4104904234409332,-0.06533814709531782,-0.011402815580368042,-0.2691088616847992,-0.01278343260186432,-0.042132675647735596,-0.35194963216781616,-0.06773298721658705,-0.05346858501434326,-0.25657257437705994,-0.07220613699304579,-0.04936259984970093,-0.17429417371749878,-0.05768012743341444,0.04991987347602844,-0.24651384353637695,-0.033296910337085706,0.010343879461288452,-0.3047759234905243,-0.07135268788682936,-0.005580306053161621,-0.2325945794582367,-0.065642413905735,-0.0034674108028411865,-0.16979151964187622,-0.050708760729904157
N,0.0,0.0,0.0,-0.0870199203491211,-0.0643543004989624,-0.014090838865950417,-0.13110920786857605,-0.19181674718856812,-0.02411258316190512,-0.1146666407585144,-0.29940006136894226,-0.041444520489886116,-0.07142242789268494,-0.37777380645275116,-0.05757247193308146,-0.11364132165908813,-0.2617563307285309,0.013355607143029857,-0.13952964544296265,-0.36020149290561676,-0.037085666345074486,-0.1438242793083191,-0.3569938838481903,-0.07228029428572924,-0.13535702228546143,-0.31524108350276947,-0.08584562598319323,-0.062026768922805786,-0.2706761658191681,-0.0014272179925960415,-0.07867297530174255,-0.40553417801856995,-0.05204861892910273,-0.099760502576828,-0.39792968332767487,-0.07770896612258227,-0.10550150275230408,-0.353991374373436,-0.08026879190058978,-0.00446927547454834,-0.25937676429748535,-0.023295869143321823,-0.036675870418548584,-0.3377932906150818,-0.07946859209389956,-0.053070634603500366,-0.23845124244689941,-0.07962918190808566,-0.051344454288482666,-0.1573449969291687,-0.059417317645266365,0.05519890785217285,-0.2328326404094696,-0.046121562854960274,0.013679981231689453,-0.2881459593772888,-0.07878643183560641,-0.0005244612693786621,-0.2166888415813446,-0.06639537869544299,0.00344240665435791,-0.15948882699012756,-0.04556742964835436
N,0.0,0.0,0.0,-0.08796557784080505,-0.06086385250091553,-0.014081706801079008,-0.13244137167930603,-0.19767406582832336,-0.022208724679074976,-0.10730046033859253,-0.30747371912002563,-0.03708954578789303,-0.0593896210193634,-0.381239652633667,-0.051306997002683374,-0.10862785577774048,-0.26559852063655853,0.007796696344740894,-0.1253771185874939,-0.37434016168117523,-0.03917902386339733,-0.13128423690795898,-0.36696042120456696,-0.0720140715554578,-0.12610089778900146,-0.32393473386764526,-0.08574220588954518,-0.058694303035736084,-0.27255722880363464,-0.0061102007009310455,-0.07009273767471313,-0.40565750002861023,-0.05514420247229168,-0.09408396482467651,-0.38871894776821136,-0.07947617820056507,-0.10461586713790894,-0.33849555253982544,-0.08224844238313267,-0.0023548007011413574,-0.2611715793609619,-0.026534399525843355,-0.03142085671424866,-0.34600891172885895,-0.08061409792455265,-0.04848963022232056,-0.24791884422302246,-0.08246831646712849,-0.04827204346656799,-0.16628432273864746,-0.06556822410377094,0.05695772171020508,-0.2344782054424286,-0.04797096973808834,0.016450583934783936,-0.28640492260456085,-0.08205505511315891,4.655122756958008e-05,-0.21574413776397705,-0.07403998127730915,0.003585219383239746,-0.1596846878528595,-0.05762099152954647
N,0.0,0.0,0.0,-0.0869050920009613,-0.06888246536254883,-0.010169031190315536,-0.12515050172805786,-0.20264732837677002,-0.01694475589189892,-0.09280151128768921,-0.3050333857536316,-0.03147073937449818,-0.04305899143218994,-0.37260763347148895,-0.04559832541141873,-0.09831419587135315,-0.2741560637950897,0.015606399533709236,-0.10581928491592407,-0.3761477619409561,-0.028540742675403408,-0.11763077974319458,-0.36903829872608185,-0.06230091033373242,-0.12792512774467468,-0.3246280252933502,-0.07710800049696331,-0.05005759000778198,-0.27694055438041687,0.0006084370789096738,-0.058303505182266235,-0.3963182866573334,-0.0456952723661459,-0.08396124839782715,-0.3788541853427887,-0.07169348476324444,-0.1040492057800293,-0.3257637321949005,-0.0761234807768858,0.004291534423828125,-0.26275433599948883,-0.020592446530798725,-0.024019479751586914,-0.33621786534786224,-0.07228594003115063,-0.04016485810279846,-0.24304264783859253,-0.07682964680586224,-0.04569253325462341,-0.1601944863796234,-0.06210118261967068,0.06154143810272217,-0.23388850688934326,-0.04252735255155926,0.023963332176208496,-0.2807556837797165,-0.07439798591528302,0.006673693656921387,-0.21270281076431274,-0.06645216522608166,0.0047182440757751465,-0.15275487303733826,-0.05019342256579762
N,0.0,0.0,0.0,-0.08320453763008118,-0.057518452405929565,-0.011802344766053352,-0.12185734510421753,-0.19562038779258728,-0.014990298260542545,-0.09532761573791504,-0.30404794216156006,-0.0245804322851626,-0.04995852708816528,-0.3753778040409088,-0.03349659796485582,-0.10043582320213318,-0.2685870975255966,0.015868909473923054,-0.10779136419296265,-0.36563850939273834,-0.02086680587062517,-0.11753210425376892,-0.3828657865524292,-0.04748552124628702,-0.12426966428756714,-0.3658588081598282,-0.05923747848400751,-0.051904380321502686,-0.26860378682613373,0.0034326578522296813,-0.0609360933303833,-0.38628990948200226,-0.04210726003775278,-0.08406668901443481,-0.37589016556739807,-0.065136613507363,-0.10018610954284668,-0.3317984342575073,-0.06686474587449709,0.0013072490692138672,-0.2549969106912613,-0.01478784270265976,-0.020989656448364258,-0.32837846875190735,-0.06774376537332216,-0.03850641846656799,-0.2355874478816986,-0.0706002136660544,-0.044043928384780884,-0.15522682666778564,-0.053682273436876926,0.05683553218841553,-0.22926858067512512,-0.033630995262953434,0.0241086483001709,-0.2785469889640808,-0.06836494262942949,0.007613003253936768,-0.2111421525478363,-0.06208306755551973,0.0064018964767456055,-0.15283355116844177,-0.04620512406954447
N,0.0,0.0,0.0,-0.08633393049240112,-0.06235051155090332,-0.010391139888056955,-0.12453794479370117,-0.19498491287231445,-0.013638439119645795,-0.09698203206062317,-0.29824045300483704,-0.023572897069939813,-0.053079575300216675,-0.3670332133769989,-0.032380463086852274,-0.10703182220458984,-0.25995105504989624,0.018686462662330428,-0.12109518051147461,-0.35242384672164917,-0.018147576131710252,-0.12094897031784058,-0.3563302606344223,-0.04590666060973092,-0.1141357421875,-0.32564614713191986,-0.05791809176731988,-0.05710539221763611,-0.2647813707590103,0.006876050031891623,-0.06488072872161865,-0.37476348876953125,-0.03305059810806199,-0.07842552661895752,-0.37274815142154694,-0.05561669682789727,-0.0850527286529541,-0.33835938572883606,-0.05999262770343705,-0.0028588175773620605,-0.25424590706825256,-0.011161234692522726,-0.021772027015686035,-0.32685011625289917,-0.059551154726037225,-0.036911845207214355,-0.2378351390361786,-0.06335769733119889,-0.04161158204078674,-0.15822863578796387,-0.04955014725852891,0.05400902032852173,-0.23116478323936462,-0.029834081881531915,0.025311172008514404,-0.2809700220823288,-0.06164581468034669,0.008044540882110596,-0.21496638655662537,-0.055637834125050745,0.003938734531402588,-0.1561886966228485,-0.04135641222525521
N,0.0,0.0,0.0,-0.08332467079162598,-0.060955047607421875,-0.01090585678067768,-0.12072080373764038,-0.18930906057357788,-0.01576918508109415,-0.0882234275341034,-0.293051153421402,-0.027407530277937298,-0.04366225004196167,-0.3643428534269333,-0.03794514718648756,-0.11244714260101318,-0.2539714574813843,0.015125479035109635,-0.13309431076049805,-0.3509882241487503,-0.02308914209899271,-0.126299649477005,-0.35251395404338837,-0.05148382815715635,-0.11321336030960083,-0.3155762255191803,-0.06301592248675192,-0.0599617063999176,-0.2609192728996277,0.003146666053712721,-0.06926462054252625,-0.37362563610076904,-0.03464789646860922,-0.07775551080703735,-0.37735700607299805,-0.05687348130342329,-0.07994011044502258,-0.3450399488210678,-0.0620282660722431,-0.004003465175628662,-0.24998587369918823,-0.015106604948609714,-0.020160317420959473,-0.3227063715457916,-0.06181829380986059,-0.03494149446487427,-0.23478025197982788,-0.06606614547964895,-0.04108452796936035,-0.1540607213973999,-0.05332087311145628,0.05340456962585449,-0.2265259325504303,-0.03397871139642561,0.026608705520629883,-0.279467448592186,-0.06464099842306936,0.010554850101470947,-0.21277371048927307,-0.05776171344515646,0.005253434181213379,-0.15089952945709229,-0.04309520828720892
N,0.0,0.0,0.0,-0.0828569233417511,-0.06286853551864624,-0.010261219722277115,-0.11699217557907104,-0.19265177845954895,-0.015236176346486996,-0.08078867197036743,-0.29638031125068665,-0.02666815815592427,-0.03590315580368042,-0.3689003884792328,-0.0367629926475348,-0.10996800661087036,-0.25276893377304077,0.014525694045179893,-0.1326182782649994,-0.3482138216495514,-0.022919089329487274,-0.12283799052238464,-0.3501853346824646,-0.05104688441479821,-0.10618665814399719,-0.3135946989059448,-0.0629821743639769,-0.05794847011566162,-0.25959521532058716,0.0024216945459483163,-0.06557714939117432,-0.3718777745962143,-0.03367482384765763,-0.06855267286300659,-0.3830886632204056,-0.056385802832490395,-0.06547558307647705,-0.3602479249238968,-0.06365568449819703,-0.002852916717529297,-0.24686557054519653,-0.015764412266260575,-0.017737507820129395,-0.32396262884140015,-0.06038319951022286,-0.032989680767059326,-0.23588252067565918,-0.06383877506578584,-0.04069942235946655,-0.15737754106521606,-0.052276636269933174,0.05402499437332153,-0.22218629717826843,-0.034601921943074654,0.02786320447921753,-0.2735697031021118,-0.0639911990436377,0.011851906776428223,-0.20623841881752014,-0.056949167308455895,0.005720973014831543,-0.1477990746498108,-0.043316795286780785
N,0.0,0.0,0.0,-0.08535316586494446,-0.06247788667678833,-0.01139787303799622,-0.12034127116203308,-0.19438743591308594,-0.013209973448457646,-0.08341294527053833,-0.2971874624490738,-0.021206155405881333,-0.039262354373931885,-0.36694012582302094,-0.02716343662286036,-0.1139950156211853,-0.2515712380409241,0.0212854985282398,-0.1342950463294983,-0.34767505526542664,-0.011894946904423165,-0.12310811877250671,-0.35271087288856506,-0.03748884236955874,-0.10845738649368286,-0.3176678419113159,-0.048626413555385994,-0.06145501136779785,-0.25981736183166504,0.01097185259169109,-0.07043087482452393,-0.367610365152359,-0.02473055197441809,-0.07272404432296753,-0.3728606104850769,-0.04817747137093775,-0.07192769646644592,-0.3432147800922394,-0.05540582722568743,-0.00738215446472168,-0.24834737181663513,-0.005837419988157677,-0.02303338050842285,-0.32114140689373016,-0.04959451219582789,-0.03671610355377197,-0.23498108983039856,-0.05443820169711344,-0.04582560062408447,-0.15807422995567322,-0.04377811959529154,0.04847186803817749,-0.22582361102104187,-0.023653108613135743,0.022965431213378906,-0.27356332540512085,-0.05429514309907191,0.00792306661605835,-0.20738476514816284,-0.050170792253258156,0.0006562471389770508,-0.14906644821166992,-0.03837717509412997
N,0.0,0.0,0.0,-0.0789313018321991,-0.06237778067588806,-0.013099830906387666,-0.11084416508674622,-0.18803855776786804,-0.016710753861364225,-0.07514381408691406,-0.2947329729795456,-0.02609414731293569,-0.03273588418960571,-0.3666055351495743,-0.033152533072527746,-0.11271420121192932,-0.2529160976409912,0.020884015288654467,-0.1310095489025116,-0.3510904610157013,-0.0128363541620935,-0.11709696054458618,-0.3491019308567047,-0.039337453741129735,-0.10175657272338867,-0.3100431561470032,-0.05081664894848714,-0.059248268604278564,-0.2579675018787384,0.010994775843325755,-0.06757062673568726,-0.3673214763402939,-0.024341787520345548,-0.0658496618270874,-0.36486880481243134,-0.04767015327840696,-0.06348592042922974,-0.3305399417877197,-0.05450050656824956,-0.004078507423400879,-0.24414771795272827,-0.005443534191247323,-0.014013946056365967,-0.31735944747924805,-0.04948098336487661,-0.02799856662750244,-0.22948133945465088,-0.05472557370692144,-0.03984975814819336,-0.15248945355415344,-0.044180379557904104,0.05164897441864014,-0.2190249264240265,-0.02283695277899156,0.03145003318786621,-0.2677924633026123,-0.0520459239664639,0.01663661003112793,-0.20345395803451538,-0.046783817309435705,0.007698118686676025,-0.148849219083786,-0.03441624839931379
N,0.0,0.0,0.0,-0.07807958126068115,-0.06477367877960205,-0.010403881703620499,-0.11196339130401611,-0.18173116445541382,-0.01451631720841462,-0.08448073267936707,-0.28653132915496826,-0.024743157361751145,-0.04776656627655029,-0.3582557439804077,-0.032896100466256684,-0.1102902889251709,-0.25184735655784607,0.019475876430863792,-0.1267644166946411,-0.34950146079063416,-0.010735643019085472,-0.11389324069023132,-0.35921452939510345,-0.03469048712134892,-0.10108858346939087,-0.33526894450187683,-0.04541025582433278,-0.05697011947631836,-0.2547430694103241,0.00902958035736745,-0.05825453996658325,-0.36367321014404297,-0.02239174294949109,-0.053488850593566895,-0.3752675801515579,-0.04341145503998334,-0.050965964794158936,-0.3576609492301941,-0.05049780655384595,-0.0012258291244506836,-0.24184554815292358,-0.007103684281116074,-0.010770082473754883,-0.3165604770183563,-0.0490868454027229,-0.02542734146118164,-0.23487409949302673,-0.054564955567126816,-0.03734910488128662,-0.15883782505989075,-0.0450197671699577,0.05468881130218506,-0.21787235140800476,-0.023778506477480477,0.034944772720336914,-0.268856406211853,-0.052247538154130524,0.017567336559295654,-0.20853930711746216,-0.04729932445765073,0.006942093372344971,-0.15146127343177795,-0.03553575549006993
N,0.0,0.0,0.0,-0.07633888721466064,-0.06521552801132202,-0.01337377639069004,-0.10682162642478943,-0.18834388256072998,-0.018664598516661357,-0.0722159743309021,-0.29195982217788696,-0.029425952635246944,-0.029557526111602783,-0.3602001518011093,-0.03679733169778032,-0.11004835367202759,-0.2506934404373169,0.018231263332527448,-0.12435811758041382,-0.35636791586875916,-0.016260039113003444,-0.10701924562454224,-0.34765252470970154,-0.042737277276355456,-0.09408456087112427,-0.3010863661766052,-0.053555062092382144,-0.05547827482223511,-0.2569003701210022,0.008484156750601102,-0.05807507038116455,-0.3714064806699753,-0.02619107445283575,-0.050958096981048584,-0.367009237408638,-0.049341330356437396,-0.04870712757110596,-0.3304753303527832,-0.056030692584354114,-0.0001723766326904297,-0.24339133501052856,-0.007495743739891481,-0.00810617208480835,-0.31398332118988037,-0.04771628049715204,-0.020038723945617676,-0.22816812992095947,-0.05177337122662706,-0.03328889608383179,-0.15252020955085754,-0.04128965181811495,0.05470919609069824,-0.21843257546424866,-0.024655906535226535,0.038410723209381104,-0.26283106207847595,-0.050154117919046115,0.026022672653198242,-0.2012406885623932,-0.04373971564276857,0.017243564128875732,-0.1484394669532776,-0.031044088355738353
N,0.0,0.0,0.0,-0.07215917110443115,-0.06506937742233276,-0.016098805623443013,-0.10053965449333191,-0.17968660593032837,-0.024648983883054143,-0.06986576318740845,-0.2814013957977295,-0.03754794310250986,-0.03510558605194092,-0.35664522647857666,-0.04707509736934412,-0.10927778482437134,-0.25106745958328247,0.012687787493376845,-0.11878141760826111,-0.36133530735969543,-0.026062426077515966,-0.10059690475463867,-0.33867573738098145,-0.055415951567084676,-0.09000688791275024,-0.28186529874801636,-0.06683365340748537,-0.0537257194519043,-0.25730788707733154,0.0032759114035059156,-0.05241268873214722,-0.3817468732595444,-0.03429440866628397,-0.048637330532073975,-0.35777221620082855,-0.05784117515602816,-0.05224645137786865,-0.3022516965866089,-0.0630084731749605,0.0013858675956726074,-0.24356725811958313,-0.01224724195370186,-0.0029314160346984863,-0.31670576333999634,-0.053779316054971105,-0.01603853702545166,-0.23227348923683167,-0.0593008221260618,-0.032193005084991455,-0.15831544995307922,-0.04959880645790804,0.054868340492248535,-0.2169889211654663,-0.028899616482050305,0.03886526823043823,-0.2557556629180908,-0.05427090163746584,0.022495627403259277,-0.19113221764564514,-0.04712632383623827,0.008222997188568115,-0.13683587312698364,-0.03375621970215548
N,0.0,0.0,0.0,-0.07204282283782959,-0.07220321893692017,-0.0177971269461068,-0.09864163398742676,-0.18189069628715515,-0.026088380766168484,-0.06739836931228638,-0.285849928855896,-0.038846257654086,-0.029938220977783203,-0.36175456643104553,-0.04786302852357949,-0.11295345425605774,-0.2572954595088959,0.020249786275371662,-0.1178818941116333,-0.36713531613349915,-0.018160981637493023,-0.10286262631416321,-0.3457004129886627,-0.04912693756546105,-0.09355449676513672,-0.288047730922699,-0.061574220237389454,-0.056276798248291016,-0.26007863879203796,0.011583523313447586,-0.054315805435180664,-0.385236993432045,-0.02415888155724133,-0.05051511526107788,-0.3677262216806412,-0.0489131841334256,-0.0516546368598938,-0.31733065843582153,-0.05535838338460053,-0.0010085701942443848,-0.24220016598701477,-0.003937969961270937,-0.004281282424926758,-0.3128212094306946,-0.04420700999821747,-0.017701268196105957,-0.23435470461845398,-0.04918450447644318,-0.03177100419998169,-0.16707438230514526,-0.03922116714443291,0.05341392755508423,-0.21146807074546814,-0.0209927554699334,0.03963536024093628,-0.2607486844062805,-0.04392140689219559,0.024519383907318115,-0.2000080943107605,-0.03379648136819924,0.011570453643798828,-0.14917907118797302,-0.018318295058861622
N,0.0,0.0,0.0,-0.07016217708587646,-0.07716751098632812,-0.01816251658297574,-0.09474557638168335,-0.1864241361618042,-0.027099145282278414,-0.06287693977355957,-0.289225697517395,-0.04091587074495351,-0.023101806640625,-0.3606787323951721,-0.05093287833429372,-0.10879018902778625,-0.2563070058822632,0.02086111187540496,-0.11384850740432739,-0.3668477237224579,-0.018764408011207934,-0.0987122654914856,-0.34430019557476044,-0.04980807908273732,-0.08830899000167847,-0.28593188524246216,-0.0612730474064449,-0.05376249551773071,-0.2582540214061737,0.012503711800803785,-0.050736963748931885,-0.38697052001953125,-0.023956123445401545,-0.04780685901641846,-0.368098720908165,-0.04714891098834073,-0.04777860641479492,-0.31678250432014465,-0.05104431294299161,0.0015456676483154297,-0.24075442552566528,-0.003141971243763919,-0.0007197856903076172,-0.30696702003479004,-0.04447350807882344,-0.014966785907745361,-0.22753599286079407,-0.04962353192664182,-0.02737981081008911,-0.1602831482887268,-0.03801669337249791,0.055340707302093506,-0.2103830873966217,-0.020343761597047205,0.042221784591674805,-0.2601371109485626,-0.04215164266921079,0.026162564754486084,-0.20121446251869202,-0.031179131645927782,0.0141526460647583,-0.15042048692703247,-0.014390513938138838
N,0.0,0.0,0.0,-0.0720626711845398,-0.08011150360107422,-0.013699608875597846,-0.09528720378875732,-0.18904179334640503,-0.02036755906620158,-0.05918121337890625,-0.2889710068702698,-0.03238238023796214,-0.018650174140930176,-0.35907404124736786,-0.04133747520127429,-0.10746151208877563,-0.25416305661201477,0.025870198363278973,-0.11234185099601746,-0.3628591299057007,-0.009858559837724101,-0.09766256809234619,-0.33648785948753357,-0.03902530672230853,-0.08850973844528198,-0.27511200308799744,-0.04980766775288714,-0.05380886793136597,-0.2573654055595398,0.016660932430838216,-0.053214311599731445,-0.3817159831523895,-0.015331600813354385,-0.049522340297698975,-0.359512522816658,-0.03811693938651217,-0.049948811531066895,-0.3045485317707062,-0.0431125536767496,0.0011174678802490234,-0.242227703332901,0.0007320220841364744,-0.0039029717445373535,-0.3162265121936798,-0.037056859603310954,-0.01718670129776001,-0.23965665698051453,-0.04447326438703669,-0.0290830135345459,-0.16848650574684143,-0.0359760448543085,0.054405927658081055,-0.21527472138404846,-0.01615020076015128,0.03366398811340332,-0.2638702392578125,-0.03683975713529719,0.017877697944641113,-0.20529288053512573,-0.027971077731038463,0.008924484252929688,-0.1517105996608734,-0.013476554325009715
N,0.0,0.0,0.0,-0.06799620389938354,-0.07325083017349243,-0.017123233182175568,-0.0915076732635498,-0.18085700273513794,-0.02529191191290181,-0.058785438537597656,-0.28168603777885437,-0.03789590637181561,-0.024570822715759277,-0.358554407954216,-0.047667652023775986,-0.10924273729324341,-0.25039300322532654,0.019979164349095413,-0.11387568712234497,-0.3607001304626465,-0.01734757761452954,-0.09638911485671997,-0.33593302965164185,-0.04725735600088399,-0.08424723148345947,-0.2727285325527191,-0.05789555202220242,-0.05475229024887085,-0.2573065757751465,0.012259918609814235,-0.05606234073638916,-0.38482433557510376,-0.01949730294738572,-0.05124044418334961,-0.36261582374572754,-0.04199496249650281,-0.05048948526382446,-0.3054426908493042,-0.046679537398560456,0.0006710290908813477,-0.24375921487808228,-0.0021666457222835334,-0.006425619125366211,-0.31731748580932617,-0.03914924676512044,-0.01770305633544922,-0.24055466055870056,-0.04525142501090329,-0.027830123901367188,-0.1696522831916809,-0.03626565228198331,0.053350746631622314,-0.21665483713150024,-0.017756651742203644,0.029922068119049072,-0.2668898105621338,-0.03774073312972348,0.014327287673950195,-0.20641577243804932,-0.027056736526830605,0.005261123180389404,-0.1509523093700409,-0.01129595621470969
N,0.0,0.0,0.0,-0.06494760513305664,-0.07598495483398438,-0.018295531888213645,-0.08489185571670532,-0.18131065368652344,-0.02571627849778224,-0.052486956119537354,-0.28173866868019104,-0.03773825222691585,-0.01904815435409546,-0.35831910371780396,-0.04670707861026813,-0.10855889320373535,-0.25429922342300415,0.02586983537236165,-0.11184799671173096,-0.3642086088657379,-0.011541468818393241,-0.09678727388381958,-0.34130263328552246,-0.0423409526987939,-0.08596533536911011,-0.2839336395263672,-0.053915384952631484,-0.053123295307159424,-0.25762006640434265,0.01786349547961663,-0.052753746509552,-0.38623951375484467,-0.016072906349506866,-0.05008608102798462,-0.3580140769481659,-0.04017407426675845,-0.05066394805908203,-0.30010300874710083,-0.0445319263084798,0.0019229650497436523,-0.23927932977676392,0.002572897560241927,-0.0007058382034301758,-0.3054736852645874,-0.03553643057188083,-0.011785924434661865,-0.22797778248786926,-0.041319958661404144,-0.02287471294403076,-0.16426166892051697,-0.031128968839254867,0.05475807189941406,-0.2059803009033203,-0.014281332288589965,0.040022850036621094,-0.2616095244884491,-0.03324944878062297,0.027226626873016357,-0.20388829708099365,-0.021052483265009414,0.01654750108718872,-0.1543431282043457,-0.0040307010344236005
N,0.0,0.0,0.0,-0.06780862808227539,-0.07387924194335938,-0.017369846945555878,-0.09106987714767456,-0.1828116774559021,-0.024751140868218613,-0.05683976411819458,-0.2828841209411621,-0.036901029890330506,-0.01908642053604126,-0.35452505946159363,-0.04604004616096802,-0.11040544509887695,-0.2605292499065399,0.022435477802602577,-0.11315721273422241,-0.3716258704662323,-0.014523649720402432,-0.09849488735198975,-0.34322667121887207,-0.0434577196295578,-0.08845311403274536,-0.2845537066459656,-0.05383939588621445,-0.05456411838531494,-0.26407355070114136,0.013836124779729175,-0.05417400598526001,-0.39181530475616455,-0.019060990905316544,-0.053600013256073,-0.3619752824306488,-0.04015935877517052,-0.05488443374633789,-0.3072940707206726,-0.04248098949149437,0.0015152692794799805,-0.24633631110191345,-0.0018495305133257034,-0.0012113451957702637,-0.31184810400009155,-0.03993945116356201,-0.014608621597290039,-0.22922146320343018,-0.04403770635083504,-0.026123404502868652,-0.1637841761112213,-0.032337057536395264,0.05558979511260986,-0.21275484561920166,-0.01898906300023384,0.03952866792678833,-0.26589685678482056,-0.03882747063592262,0.023416876792907715,-0.20397362112998962,-0.02639132099405117,0.01129615306854248,-0.1525549292564392,-0.008794821930976582
N,0.0,0.0,0.0,-0.06480264663696289,-0.07545173168182373,-0.0192655885451245,-0.08632028102874756,-0.18253788352012634,-0.02876060286990878,-0.05197042226791382,-0.28455379605293274,-0.043068126016180486,-0.015104055404663086,-0.36120203137397766,-0.054183501922409505,-0.1074172854423523,-0.2652193605899811,0.021165611050207644,-0.10901206731796265,-0.3787214457988739,-0.019976355307619542,-0.09578382968902588,-0.35240277647972107,-0.05172422545484778,-0.08665180206298828,-0.29193487763404846,-0.06320710497431037,-0.05135840177536011,-0.26765015721321106,0.01220925787009719,-0.04857903718948364,-0.400021493434906,-0.025287857451360196,-0.04991883039474487,-0.36560529470443726,-0.04797771962813613,-0.05334120988845825,-0.3039822280406952,-0.049872484230320424,0.004398643970489502,-0.24701595306396484,-0.004254012540798158,0.0027663111686706543,-0.3113044500350952,-0.0447712616854119,-0.011204898357391357,-0.22988730669021606,-0.048077564858715505,-0.023147642612457275,-0.1666719913482666,-0.03497989492944953,0.05833590030670166,-0.20904850959777832,-0.02246310579113242,0.044772565364837646,-0.26565808057785034,-0.042031351649086446,0.029532790184020996,-0.20632797479629517,-0.027971960776369542,0.01750558614730835,-0.15797966718673706,-0.008920069024782151
N,0.0,0.0,0.0,-0.06650674343109131,-0.0791214108467102,-0.02218662947242933,-0.09107303619384766,-0.1852484941482544,-0.03322496823793131,-0.05487465858459473,-0.2844134271144867,-0.04764443822031694,-0.01241159439086914,-0.35415568947792053,-0.058548336846882876,-0.10640561580657959,-0.2660106420516968,0.011133139023428384,-0.1074933409690857,-0.3816359043121338,-0.028046257792169627,-0.09499067068099976,-0.342357873916626,-0.057388449086005267,-0.08688640594482422,-0.2811124920845032,-0.0687869247031756,-0.049662232398986816,-0.26967161893844604,0.004375482445453827,-0.04706352949142456,-0.40321558713912964,-0.03117202035909372,-0.0476112961769104,-0.36247000098228455,-0.05222731642251688,-0.04983717203140259,-0.30276909470558167,-0.05446340329771715,0.006323814392089844,-0.2502456307411194,-0.009144190697128352,0.004981696605682373,-0.30937811732292175,-0.04818182252174097,-0.009664535522460938,-0.22839972376823425,-0.05281439609652239,-0.022419452667236328,-0.16767656803131104,-0.04172305948858934,0.05877053737640381,-0.2142903208732605,-0.024467125533277567,0.04515320062637329,-0.2618176341056824,-0.04445196501737314,0.030064523220062256,-0.2049737572669983,-0.03306312300091463,0.01866370439529419,-0.16029727458953857,-0.01654979586427885
N,0.0,0.0,0.0,-0.06258153915405273,-0.08326095342636108,-0.020828943510792897,-0.08446657657623291,-0.1809355616569519,-0.03509926963343446,-0.048861801624298096,-0.2783668637275696,-0.05354509297504251,-0.007917523384094238,-0.35268688201904297,-0.0680336931694967,-0.09971845149993896,-0.2658708989620209,0.010230293686248615,-0.099631667137146,-0.3786756992340088,-0.03385311159982507,-0.08450263738632202,-0.3403471112251282,-0.06597330216064279,-0.07492774724960327,-0.27679985761642456,-0.07757274601354425,-0.04370361566543579,-0.2699500024318695,0.0011198666903453613,-0.03818631172180176,-0.40321168303489685,-0.039325820093296215,-0.038535118103027344,-0.3597527742385864,-0.06042190808548753,-0.042690157890319824,-0.29480159282684326,-0.06092887166633432,0.011994719505310059,-0.2509690523147583,-0.015046120432458565,0.009771406650543213,-0.31671762466430664,-0.05767513978972261,-0.0059912800788879395,-0.22743681073188782,-0.058804852699182675,-0.01902681589126587,-0.16022616624832153,-0.04362711477770631,0.06317758560180664,-0.21550488471984863,-0.03290181774391954,0.04596620798110962,-0.26199015974998474,-0.053657067750833676,0.029249846935272217,-0.19970613718032837,-0.03943584281697099,0.01974797248840332,-0.15101224184036255,-0.019973119532011196
N,0.0,0.0,0.0,-0.06429862976074219,-0.0846143364906311,-0.02089676731074519,-0.08105140924453735,-0.1986892819404602,-0.032273658595926236,-0.03953754901885986,-0.298617422580719,-0.04774346672738261,0.0035753846168518066,-0.3755597472190857,-0.059744273357040356,-0.09690433740615845,-0.26729562878608704,0.013472802892380287,-0.09670573472976685,-0.383169949054718,-0.02717198342824645,-0.08296465873718262,-0.3431057929992676,-0.05850583412492938,-0.0765082836151123,-0.2757262587547302,-0.07049340852344699,-0.03926974534988403,-0.2696076035499573,0.004864488683693935,-0.03679847717285156,-0.4048236608505249,-0.03264429890359111,-0.038716256618499756,-0.3632136881351471,-0.0571756111904449,-0.043734192848205566,-0.29824021458625793,-0.06155921243870921,0.016649603843688965,-0.25012049078941345,-0.010489179797417592,0.014088928699493408,-0.3187725841999054,-0.0512907924577064,-0.0035158395767211914,-0.22826799750328064,-0.056148384742385815,-0.018063843250274658,-0.15735357999801636,-0.044728972993738125,0.06885939836502075,-0.21630644798278809,-0.027324236042744587,0.04727822542190552,-0.2682565748691559,-0.04657232858980365,0.0303838849067688,-0.20402467250823975,-0.03293722965563006,0.02156311273574829,-0.152215838432312,-0.015067659363097619
N,0.0,0.0,0.0,-0.06386643648147583,-0.06682419776916504,-0.021933767773617774,-0.0886918306350708,-0.17452925443649292,-0.039013866164197,-0.05286294221878052,-0.26844435930252075,-0.05938400311063674,-0.008015811443328857,-0.3400578200817108,-0.07607807574461845,-0.08758628368377686,-0.2540520429611206,-0.011389012277533084,-0.09332358837127686,-0.371798574924469,-0.058256659485806495,-0.08364391326904297,-0.3264103829860687,-0.08815686760138419,-0.07708817720413208,-0.26348650455474854,-0.09908032772730735,-0.032251179218292236,-0.2598547339439392,-0.02131240425299552,-0.03058171272277832,-0.4022391736507416,-0.06834185478876975,-0.03647732734680176,-0.35285893082618713,-0.08810819295834449,-0.04182082414627075,-0.28651612997055054,-0.08748301474045661,0.02138572931289673,-0.24538010358810425,-0.0369318759221926,0.012154698371887207,-0.3124051094055176,-0.08499499765824226,-0.0065114498138427734,-0.21357345581054688,-0.0836029535312548,-0.015745997428894043,-0.14130949974060059,-0.06608212349604514,0.07385438680648804,-0.21620607376098633,-0.0541052816588774,0.05088728666305542,-0.2618655562400818,-0.07988120225857642,0.03589147329330444,-0.1998702883720398,-0.06717537698935416,0.03285926580429077,-0.15232205390930176,-0.04880885762761977
N,0.0,0.0,0.0,-0.06539720296859741,-0.08271443843841553,-0.02104810268235724,-0.08585447072982788,-0.19501793384552002,-0.034745706399803566,-0.04410278797149658,-0.29318326711654663,-0.05305670030963938,0.005445659160614014,-0.36344683170318604,-0.06752287053120654,-0.08406245708465576,-0.26928597688674927,0.005073750237102104,-0.08947229385375977,-0.3838483393192291,-0.04086471178186457,-0.08390676975250244,-0.3459574580192566,-0.07253165744793932,-0.07980060577392578,-0.2822420001029968,-0.08376747571480792,-0.031278371810913086,-0.2697279453277588,-0.00425173357677977,-0.0261499285697937,-0.40074196457862854,-0.048704279741173195,-0.033779144287109375,-0.3636748790740967,-0.07108190857422869,-0.037999868392944336,-0.30230486392974854,-0.07182126693976443,0.021556973457336426,-0.24960166215896606,-0.020468346929078507,0.019314110279083252,-0.31079748272895813,-0.06562210076106112,-0.004452645778656006,-0.2180214524269104,-0.0651856830025963,-0.016701221466064453,-0.1473475694656372,-0.04754850097549479,0.07365334033966064,-0.21410220861434937,-0.03865593873513262,0.05617880821228027,-0.2642984390258789,-0.06071847506416361,0.03874117136001587,-0.20476269721984863,-0.04629779063714068,0.03396117687225342,-0.15600264072418213,-0.02594084308100264
N,0.0,0.0,0.0,-0.06315118074417114,-0.07278048992156982,-0.021071839964349692,-0.09136319160461426,-0.18511229753494263,-0.03645806375737948,-0.05904179811477661,-0.28457194566726685,-0.05661763239498896,-0.00874483585357666,-0.3568955063819885,-0.07273111853595537,-0.0861433744430542,-0.27138233184814453,-0.0005661065255821995,-0.09402239322662354,-0.3910861611366272,-0.04796173412199778,-0.0906572937965393,-0.3488297760486603,-0.07807068887944979,-0.08573824167251587,-0.2863317131996155,-0.0885851866364078,-0.033315837383270264,-0.27132469415664673,-0.01089511707272095,-0.0272139310836792,-0.4078661799430847,-0.05871048930879397,-0.03770405054092407,-0.3617933690547943,-0.0790627262353496,-0.042921364307403564,-0.29807668924331665,-0.07773914549346728,0.019421935081481934,-0.25164490938186646,-0.027989175057371085,0.014110267162322998,-0.31892240047454834,-0.07572114083762926,-0.009951889514923096,-0.2207937240600586,-0.0727390459537105,-0.01985234022140503,-0.1501515507698059,-0.053115364050825065,0.071597158908844,-0.21716850996017456,-0.04703048605318827,0.053025007247924805,-0.2714449167251587,-0.07123463962074084,0.03491079807281494,-0.20916885137557983,-0.05716800678368372,0.031135141849517822,-0.1611626148223877,-0.037145033365447944
N,0.0,0.0,0.0,-0.060909390449523926,-0.07342177629470825,-0.023021124441100937,-0.08837693929672241,-0.18238258361816406,-0.03983174278207002,-0.05651003122329712,-0.2813248038291931,-0.0608717241770762,-0.006925761699676514,-0.35637015104293823,-0.07778462781377016,-0.0868692398071289,-0.27148306369781494,-0.0022498629036533657,-0.09555083513259888,-0.38934430480003357,-0.05086544914908586,-0.09207063913345337,-0.3464621305465698,-0.08211236460871874,-0.08501929044723511,-0.2828447222709656,-0.09321516766019045,-0.03267759084701538,-0.2730972170829773,-0.01145955747730909,-0.027375638484954834,-0.4081554412841797,-0.06024584932990251,-0.03901880979537964,-0.36400526762008667,-0.08143672360844789,-0.044330477714538574,-0.30207669734954834,-0.08068414791293321,0.020662307739257812,-0.2538684606552124,-0.02751137143738447,0.012623608112335205,-0.3187364339828491,-0.07599591477580248,-0.011679470539093018,-0.21966344118118286,-0.07327444120116411,-0.020833194255828857,-0.15076029300689697,-0.054035008091403824,0.07370036840438843,-0.2191685438156128,-0.045553129304124695,0.05123567581176758,-0.2651994824409485,-0.07007803781695543,0.0324094295501709,-0.20062917470932007,-0.05611755340166269,0.02939450740814209,-0.15547913312911987,-0.036244977403356415
N,0.0,0.0,0.0,-0.06120038032531738,-0.067452073097229,-0.02357957792276011,-0.09379011392593384,-0.17722803354263306,-0.040988824337659935,-0.06975448131561279,-0.2762576937675476,-0.06278270390623675,-0.01832062005996704,-0.34601959586143494,-0.07999170479172335,-0.08264631032943726,-0.27443432807922363,-0.004647166009931425,-0.09412121772766113,-0.3961557149887085,-0.0539627624749528,-0.09167748689651489,-0.3476514220237732,-0.08333992120617495,-0.08496218919754028,-0.28584617376327515,-0.09285606351488696,-0.028859078884124756,-0.273471474647522,-0.013739214286147217,-0.02615290880203247,-0.4138295650482178,-0.06437078025930987,-0.03966259956359863,-0.362113356590271,-0.08341434505575762,-0.04426664113998413,-0.3001994490623474,-0.07993956562870608,0.023974478244781494,-0.25422078371047974,-0.02985139471286402,0.01375037431716919,-0.31815582513809204,-0.08158072736853228,-0.01327425241470337,-0.21602094173431396,-0.07871084567898379,-0.022251486778259277,-0.1471925973892212,-0.05761919450753794,0.07633543014526367,-0.22118240594863892,-0.04774656426900492,0.052915990352630615,-0.27332890033721924,-0.07317329105728732,0.03050696849822998,-0.20795375108718872,-0.05899885949486361,0.024612247943878174,-0.1593300700187683,-0.03842586186522112
N,0.0,0.0,0.0,-0.06018185615539551,-0.07142621278762817,-0.02642976134856667,-0.0873180627822876,-0.1865261197090149,-0.04424992032190289,-0.05620253086090088,-0.2904145121574402,-0.06573002241393056,-0.006820082664489746,-0.3672257661819458,-0.08238801561137166,-0.08784991502761841,-0.286288321018219,-0.0027993287968399727,-0.09622329473495483,-0.40465083718299866,-0.053760541750392576,-0.09204167127609253,-0.35296595096588135,-0.08567080102702107,-0.08592963218688965,-0.28664761781692505,-0.09641760788699116,-0.03131413459777832,-0.2865499258041382,-0.010907621270320078,-0.028882145881652832,-0.4212385416030884,-0.06196201048632588,-0.041816115379333496,-0.36942094564437866,-0.08297444335957493,-0.048374950885772705,-0.3062853217124939,-0.08076105467816319,0.024046003818511963,-0.2657826542854309,-0.02657184392055001,0.015082180500030518,-0.3234856128692627,-0.07847078345557179,-0.01099097728729248,-0.2184145450592041,-0.07556875996132817,-0.021064400672912598,-0.14898735284805298,-0.0544689355029675,0.07768809795379639,-0.22947782278060913,-0.04438895188113179,0.05416518449783325,-0.2746867537498474,-0.07025833628912892,0.03347545862197876,-0.20655590295791626,-0.0553834942712399,0.02935081720352173,-0.16040170192718506,-0.03391451217075314
N,0.0,0.0,0.0,-0.06571763753890991,-0.06686162948608398,-0.021411684915960905,-0.10058325529098511,-0.18261587619781494,-0.03914524206572878,-0.07226502895355225,-0.287193238735199,-0.061068378031791326,-0.018010318279266357,-0.36435192823410034,-0.07907710933739054,-0.09053948521614075,-0.281253457069397,-0.006261586320192691,-0.10361772775650024,-0.40217161178588867,-0.055568214148820516,-0.10104221105575562,-0.34719419479370117,-0.08562289887720453,-0.09188991785049438,-0.2809770703315735,-0.09599790686422693,-0.03327822685241699,-0.28486454486846924,-0.017648871630967733,-0.03385895490646362,-0.4288156032562256,-0.06774727964454996,-0.05004066228866577,-0.3663240075111389,-0.08646748179251063,-0.056124329566955566,-0.2915763258934021,-0.08291525358015406,0.02198559045791626,-0.2673371434211731,-0.03556889632397997,0.0070476531982421875,-0.332472562789917,-0.08589342200809824,-0.019773244857788086,-0.22739392518997192,-0.08314570748859751,-0.02875828742980957,-0.1550014615058899,-0.06339379364305842,0.07534021139144897,-0.23385459184646606,-0.05512192437106478,0.043640315532684326,-0.2810949683189392,-0.08123165333324778,0.022011101245880127,-0.2090793251991272,-0.06767097824865687,0.017953455448150635,-0.1561492681503296,-0.047971978426517126
N,0.0,0.0,0.0,-0.06436830759048462,-0.06911832094192505,-0.022749437633535763,-0.1018666923046112,-0.17756885290145874,-0.04182759733834018,-0.08320221304893494,-0.27948713302612305,-0.0662290236536478,-0.031530559062957764,-0.3538249731063843,-0.08609215231575718,-0.09167465567588806,-0.28859126567840576,-0.0008704974638362728,-0.10622310638427734,-0.4081760048866272,-0.05189613686837902,-0.10627630352973938,-0.370885968208313,-0.08356255354323139,-0.09835118055343628,-0.30764394998550415,-0.09398988695778598,-0.03474301099777222,-0.2909592390060425,-0.011742281410477062,-0.03740537166595459,-0.42969614267349243,-0.06424349607863178,-0.05347222089767456,-0.38218510150909424,-0.08579856218733539,-0.057669758796691895,-0.3128587603569031,-0.08337175162472477,0.0212249755859375,-0.271978497505188,-0.029858966040990254,0.004979193210601807,-0.32738155126571655,-0.08233754398264637,-0.0237349271774292,-0.22587543725967407,-0.08126269342341175,-0.03287839889526367,-0.15256130695343018,-0.060923625398061176,0.07516133785247803,-0.23883283138275146,-0.04983204664625873,0.04692184925079346,-0.28487151861190796,-0.07386378260292759,0.0253944993019104,-0.22131741046905518,-0.059730873126170536,0.021881103515625,-0.17288649082183838,-0.03905557157435169
N,0.0,0.0,0.0,-0.06338828802108765,-0.0621756911277771,-0.0229436751664025,-0.10385394096374512,-0.16915565729141235,-0.04177643696073119,-0.08837777376174927,-0.2725852131843567,-0.06550008395913665,-0.03624492883682251,-0.34805411100387573,-0.08406631240848128,-0.09364825487136841,-0.2894441485404968,-0.0007908766250466215,-0.10808205604553223,-0.41162896156311035,-0.04995479027036254,-0.11023694276809692,-0.3638230562210083,-0.0785777155518872,-0.10295796394348145,-0.3015901446342468,-0.08701890299323622,-0.03687983751296997,-0.2913846969604492,-0.010618006458912532,-0.03805142641067505,-0.42976364493370056,-0.06069807673100058,-0.05547225475311279,-0.3808981776237488,-0.07902734318975035,-0.060858964920043945,-0.3210320472717285,-0.07457398960593764,0.018684685230255127,-0.2732226252555847,-0.027753201893006008,9.351968765258789e-05,-0.3260316848754883,-0.07981106231216017,-0.027445614337921143,-0.21968746185302734,-0.07752026209834639,-0.03412264585494995,-0.14920145273208618,-0.05614465067390029,0.0728880763053894,-0.24158072471618652,-0.04651058057550017,0.042729318141937256,-0.2851775884628296,-0.07038509438041274,0.021878957748413086,-0.21678364276885986,-0.05569756740931098,0.02065587043762207,-0.17028212547302246,-0.03456389868858878
N,0.0,0.0,0.0,-0.06777673959732056,-0.05355030298233032,-0.020682210476422824,-0.10911321640014648,-0.17382395267486572,-0.03519248440983347,-0.09057629108428955,-0.28129613399505615,-0.055416809768701114,-0.04031729698181152,-0.3576419949531555,-0.07088202461721949,-0.09948742389678955,-0.2876574397087097,0.004114980901306353,-0.1148117184638977,-0.4121142327785492,-0.04571990147354654,-0.11863425374031067,-0.37659764289855957,-0.07453837469341806,-0.10964667797088623,-0.311504065990448,-0.08269272968294672,-0.0418170690536499,-0.29549771547317505,-0.007164086123282232,-0.048454105854034424,-0.43903493881225586,-0.05912571996572069,-0.06847512722015381,-0.39074480533599854,-0.07788628563406519,-0.07072198390960693,-0.32340794801712036,-0.07260295972349695,0.014535844326019287,-0.2795214056968689,-0.026060745493794002,-0.005663812160491943,-0.33809149265289307,-0.07834106907370142,-0.03258562088012695,-0.22901666164398193,-0.07457839176180414,-0.036575257778167725,-0.1573997139930725,-0.052040374280238666,0.06907057762145996,-0.24937987327575684,-0.046798786522174396,0.03449594974517822,-0.2885822057723999,-0.07201687470200113,0.015387475490570068,-0.22088897228240967,-0.058273615689302005,0.017920970916748047,-0.1783546805381775,-0.037362805010104694
N,0.0,0.0,0.0,-0.06714558601379395,-0.0554162859916687,-0.01838509771363306,-0.1094532310962677,-0.17036056518554688,-0.03277085754410791,-0.09665441513061523,-0.27385175228118896,-0.05360246855155992,-0.05118155479431152,-0.34900784492492676,-0.06973254713551569,-0.09688413143157959,-0.29265767335891724,0.0051706592985851785,-0.11212360858917236,-0.41827234625816345,-0.04380684378878641,-0.11621212959289551,-0.3863683342933655,-0.0722901749922471,-0.10821765661239624,-0.3224908709526062,-0.08012963119284677,-0.03945004940032959,-0.2999182343482971,-0.00764245153726506,-0.04327809810638428,-0.44265809655189514,-0.05896673756973314,-0.06314635276794434,-0.39545053243637085,-0.0778514150096612,-0.06763589382171631,-0.3265787363052368,-0.07269714060561228,0.01680058240890503,-0.28412050008773804,-0.02774771335856485,-0.004513442516326904,-0.3364183306694031,-0.07816570285098123,-0.03191882371902466,-0.23122984170913696,-0.07504566046731043,-0.03714865446090698,-0.16045713424682617,-0.053359583349390505,0.07112455368041992,-0.2535087466239929,-0.049594659687443254,0.03962773084640503,-0.2940395474433899,-0.07137685302035379,0.02031707763671875,-0.23186051845550537,-0.0564881231202321,0.021271824836730957,-0.19200265407562256,-0.03548556226627397
N,0.0,0.0,0.0,-0.07163774967193604,-0.06532394886016846,-0.015805677169595356,-0.1108662486076355,-0.1860705018043518,-0.028758353212509746,-0.0906076431274414,-0.2899414896965027,-0.048619149842892284,-0.04138588905334473,-0.3625144362449646,-0.06433235726657927,-0.0942295491695404,-0.29966849088668823,0.008079357786442642,-0.1108860969543457,-0.4190381169319153,-0.04183289281431257,-0.11765795946121216,-0.3861624002456665,-0.07209769509140074,-0.11208677291870117,-0.321119487285614,-0.08139894775453627,-0.037024736404418945,-0.30616867542266846,-0.006399147336964006,-0.04358142614364624,-0.443137526512146,-0.05908434710804045,-0.065283864736557,-0.3943439722061157,-0.07955629996362745,-0.07093790173530579,-0.32463037967681885,-0.07556233427825987,0.02025127410888672,-0.28955167531967163,-0.02800533793273985,-0.0007247328758239746,-0.3415735363960266,-0.08056459448638975,-0.030689716339111328,-0.23426318168640137,-0.0775895105988127,-0.03912097215652466,-0.16128909587860107,-0.05581822864118635,0.0749160647392273,-0.2575540542602539,-0.051125148901377315,0.043963611125946045,-0.29663413763046265,-0.07584535203281462,0.02267169952392578,-0.22623586654663086,-0.06076008699241697,0.02166670560836792,-0.18072211742401123,-0.03904496751133024
N,0.0,0.0,0.0,-0.0691266655921936,-0.056961894035339355,-0.019215125658604393,-0.11276665329933167,-0.17286217212677002,-0.033394316279384384,-0.0978422462940216,-0.27749669551849365,-0.053362088345977554,-0.05485466122627258,-0.35803091526031494,-0.06882698281953026,-0.10082107782363892,-0.2950420379638672,0.003293987062704673,-0.11430341005325317,-0.41945165395736694,-0.04744902446219612,-0.12533509731292725,-0.39689338207244873,-0.07660990401456047,-0.12150967121124268,-0.33777308464050293,-0.08498023643443275,-0.04239761829376221,-0.302287220954895,-0.009234438718351612,-0.04840230941772461,-0.4446738362312317,-0.063662381910774,-0.07224196195602417,-0.3996124267578125,-0.08280932351300407,-0.07725313305854797,-0.33470892906188965,-0.07739777311036278,0.01607757806777954,-0.287082314491272,-0.0290808883244722,-0.0060381293296813965,-0.34268444776535034,-0.084220083498451,-0.036526620388031006,-0.23338639736175537,-0.07949402376362968,-0.04328101873397827,-0.16321921348571777,-0.055882962488624344,0.07317501306533813,-0.25655585527420044,-0.05049811869213272,0.04066312313079834,-0.2978420853614807,-0.07766954793879677,0.020574748516082764,-0.22697049379348755,-0.06248288049647499,0.022499918937683105,-0.18521171808242798,-0.04015314027020622
N,0.0,0.0,0.0,-0.06902956962585449,-0.05609804391860962,-0.017811059521761763,-0.1137738823890686,-0.1828629970550537,-0.030215119513002264,-0.0990140438079834,-0.2928426265716553,-0.04906396524819456,-0.054271697998046875,-0.37471747398376465,-0.06353899793538176,-0.09845304489135742,-0.3037700057029724,0.007000951992097271,-0.11372438073158264,-0.42519456148147583,-0.04262987481268965,-0.1283574104309082,-0.40185192227363586,-0.0714352126589688,-0.12663862109184265,-0.34315359592437744,-0.0796846370569142,-0.04028502106666565,-0.31244969367980957,-0.006096292322752106,-0.05001789331436157,-0.4514401853084564,-0.06007665352734648,-0.07867684960365295,-0.41003915667533875,-0.07969427810820662,-0.08584865927696228,-0.3465139865875244,-0.07451401607903563,0.01839923858642578,-0.2972145676612854,-0.026512175368395674,-0.00963371992111206,-0.34946608543395996,-0.08108086095961653,-0.04128292202949524,-0.2365332841873169,-0.07628151731404387,-0.047219812870025635,-0.15988415479660034,-0.052303425537672865,0.0752599835395813,-0.2661750912666321,-0.04858145819815718,0.03839212656021118,-0.3044910430908203,-0.07531691299590193,0.01795327663421631,-0.23240071535110474,-0.06001130448493086,0.021134614944458008,-0.18783986568450928,-0.037404913025227415
N,0.0,0.0,0.0,-0.06939548254013062,-0.0593947172164917,-0.01968611589586544,-0.11413443088531494,-0.1875368356704712,-0.03388967177784252,-0.09475311636924744,-0.29775309562683105,-0.05366097203409481,-0.0438045859336853,-0.3807292580604553,-0.06841244733845997,-0.09857815504074097,-0.30946242809295654,0.005575624304356097,-0.11753225326538086,-0.4272274971008301,-0.04689392632758427,-0.13237571716308594,-0.38261157274246216,-0.07692790961777973,-0.12793070077896118,-0.31738805770874023,-0.08595909363543797,-0.03826245665550232,-0.3193485736846924,-0.007031768550632478,-0.0542847216129303,-0.4535449743270874,-0.06144583783066082,-0.0839722752571106,-0.39674943685531616,-0.07961570656812,-0.08927631378173828,-0.33555495738983154,-0.073852265243886,0.022613823413848877,-0.30474305152893066,-0.027543384572027207,-0.010283052921295166,-0.34800493717193604,-0.08380107021844196,-0.04205968976020813,-0.22585320472717285,-0.07751574552571583,-0.04648095369338989,-0.1528717279434204,-0.052989600216506005,0.08086538314819336,-0.2727304697036743,-0.04978154039895344,0.036444008350372314,-0.30048108100891113,-0.07680172658479023,0.01474463939666748,-0.21700626611709595,-0.059994669621346475,0.019675076007843018,-0.17418688535690308,-0.037011833851693154
N,0.0,0.0,0.0,-0.07001766562461853,-0.05794578790664673,-0.020772684365454097,-0.11667758226394653,-0.18876028060913086,-0.03574680350715198,-0.09819963574409485,-0.3038367033004761,-0.05627067945891895,-0.047721534967422485,-0.3936022222042084,-0.07130939699703731,-0.10157915949821472,-0.31602466106414795,0.006056533660796504,-0.12623628973960876,-0.43807557225227356,-0.04906636662775554,-0.1392064392566681,-0.38673368096351624,-0.07996978051954784,-0.1298840045928955,-0.3171544671058655,-0.08900980092579402,-0.04097148776054382,-0.32652443647384644,-0.006915730424168487,-0.05933159589767456,-0.46413958072662354,-0.0636528898029951,-0.08914902806282043,-0.3975004553794861,-0.08124204911285915,-0.09179794788360596,-0.3317113518714905,-0.07404069043690242,0.019587218761444092,-0.31144165992736816,-0.02836968563491382,-0.015487492084503174,-0.36086010932922363,-0.08597411401564159,-0.045561790466308594,-0.23591768741607666,-0.07744633592659511,-0.0455569326877594,-0.16477513313293457,-0.05093421973282375,0.07833802700042725,-0.27784812450408936,-0.05183753184968509,0.03002554178237915,-0.30752742290496826,-0.0797666553407339,0.007368743419647217,-0.21946746110916138,-0.06202937103802242,0.013598620891571045,-0.17504793405532837,-0.037856431677880664
N,0.0,0.0,0.0,-0.07415437698364258,-0.05966365337371826,-0.01900950250222877,-0.12125495076179504,-0.19116997718811035,-0.03299228836789325,-0.1033337414264679,-0.30645495653152466,-0.05329977710738376,-0.05362728238105774,-0.3952445089817047,-0.06905228634371952,-0.09985274076461792,-0.3165404796600342,0.0069102329294423726,-0.11546629667282104,-0.44351011514663696,-0.046827107565547976,-0.13605985045433044,-0.4125319719314575,-0.07753109176650241,-0.13556665182113647,-0.3514525890350342,-0.08688656975522235,-0.039697885513305664,-0.3248089551925659,-0.006789473248716149,-0.0556492805480957,-0.465244859457016,-0.06429015089764789,-0.08957359194755554,-0.4115757346153259,-0.08342263837351993,-0.09655183553695679,-0.34699684381484985,-0.07743536670699314,0.020995736122131348,-0.31025099754333496,-0.028453513877536807,-0.014455854892730713,-0.36366456747055054,-0.08788721253171161,-0.04756841063499451,-0.23899799585342407,-0.08058746148839191,-0.05073046684265137,-0.16055166721343994,-0.054244331913139376,0.08019834756851196,-0.2782496213912964,-0.05185475562706188,0.03359454870223999,-0.31081390380859375,-0.08210715641274646,0.009588003158569336,-0.22356456518173218,-0.06537187834277347,0.014015018939971924,-0.17478811740875244,-0.04141252477660373
N,0.0,0.0,0.0,-0.07881855964660645,-0.06390869617462158,-0.019701980408797226,-0.12664887309074402,-0.19866132736206055,-0.03353023378230091,-0.10609513521194458,-0.3153093457221985,-0.05381822435236927,-0.05639851093292236,-0.4061281085014343,-0.06974231673456188,-0.10484737157821655,-0.3158753514289856,0.00823470449023489,-0.1189948320388794,-0.44699233770370483,-0.04769991932488438,-0.13857224583625793,-0.42446041107177734,-0.08032085223175045,-0.1394534707069397,-0.3669548034667969,-0.09048984421468731,-0.04482024908065796,-0.32472050189971924,-0.0055350548406636335,-0.05483141541481018,-0.4728541970252991,-0.06704893184877392,-0.08926641941070557,-0.42690181732177734,-0.0890475459215736,-0.09880146384239197,-0.3632282614707947,-0.08359332604385372,0.016014397144317627,-0.31029725074768066,-0.027541144174108467,-0.017060279846191406,-0.37378165125846863,-0.08969225211120602,-0.04829376935958862,-0.25034022331237793,-0.08350804669834133,-0.05094468593597412,-0.1722332239151001,-0.056486925464639626,0.07696413993835449,-0.27878886461257935,-0.05138396693445202,0.03237497806549072,-0.3165282607078552,-0.08422163350559231,0.008869767189025879,-0.2302533984184265,-0.06882766855932232,0.01239466667175293,-0.18163418769836426,-0.04474428145266529
N,0.0,0.0,0.0,-0.08009529113769531,-0.06892722845077515,-0.020905994052668575,-0.1276872456073761,-0.20578688383102417,-0.03826415556170559,-0.10841906070709229,-0.32377052307128906,-0.06286175566413021,-0.053984761238098145,-0.41753825545310974,-0.08307302015521145,-0.10160249471664429,-0.3295779824256897,0.005323408929029938,-0.1279478371143341,-0.4564075767993927,-0.05305021646120167,-0.1433175504207611,-0.43066665530204773,-0.08932219463088131,-0.14192801713943481,-0.3691062331199646,-0.10206100362040615,-0.03758525848388672,-0.3394179344177246,-0.010019934910019401,-0.05712318420410156,-0.4816679358482361,-0.0707077013204298,-0.09505543112754822,-0.44505083560943604,-0.09535928832985974,-0.11015737056732178,-0.38409656286239624,-0.09346605109669781,0.026191890239715576,-0.3203405737876892,-0.033704001630326275,-0.009730637073516846,-0.37839967012405396,-0.09562049823500729,-0.044250428676605225,-0.2527913451194763,-0.08991558122136212,-0.05151712894439697,-0.16442155838012695,-0.06359722482659436,0.08807796239852905,-0.28210192918777466,-0.05949503945805645,0.042393267154693604,-0.32039880752563477,-0.09214963036276913,0.014309108257293701,-0.23445260524749756,-0.07544082420565701,0.010959982872009277,-0.17820441722869873,-0.05047664808728314
N,0.0,0.0,0.0,-0.08346956968307495,-0.07305657863616943,-0.017558884095791427,-0.13309437036514282,-0.21378624439239502,-0.032282116111758796,-0.11225289106369019,-0.3349710702896118,-0.054554140415433494,-0.05608445405960083,-0.4284271001815796,-0.07294203549290046,-0.10694319009780884,-0.331237256526947,0.008776465210672768,-0.12346422672271729,-0.46929067373275757,-0.049174515750650016,-0.14109569787979126,-0.4496438503265381,-0.08388354092502937,-0.14247694611549377,-0.3872829079627991,-0.09485364913606986,-0.04261058568954468,-0.33994758129119873,-0.007500877824071495,-0.05427706241607666,-0.49619391560554504,-0.07073005497122153,-0.08948960900306702,-0.45228397846221924,-0.09504518121147498,-0.1019708514213562,-0.3771594762802124,-0.09047093450689658,0.022683560848236084,-0.32403475046157837,-0.031708343174699394,-0.013911783695220947,-0.3915858566761017,-0.09419612049723014,-0.04495692253112793,-0.2686138153076172,-0.08871560752058372,-0.047836124897003174,-0.18187129497528076,-0.061675606515649406,0.08764779567718506,-0.2892404794692993,-0.0576233176853691,0.03928112983703613,-0.33383041620254517,-0.09099339157009467,0.016101539134979248,-0.24565011262893677,-0.0746257176961933,0.020673811435699463,-0.1874639391899109,-0.04916403650904044
N,0.0,0.0,0.0,-0.08683323860168457,-0.07500708103179932,-0.013955406482352828,-0.13793134689331055,-0.2178059220314026,-0.027230580906405066,-0.12090334296226501,-0.3390699625015259,-0.04980764501823387,-0.066162109375,-0.42903828620910645,-0.06889494844807587,-0.10656726360321045,-0.3399067521095276,0.013673160587416078,-0.1257791519165039,-0.4773048460483551,-0.04227912762297592,-0.1454891860485077,-0.4660128951072693,-0.07664151826037369,-0.14877423644065857,-0.41023755073547363,-0.08751699664725265,-0.04263573884963989,-0.3481426239013672,-0.0048181648468812455,-0.05647885799407959,-0.5056774020195007,-0.06748556682003937,-0.0936610996723175,-0.4730665385723114,-0.09299674966467819,-0.10780411958694458,-0.40173089504241943,-0.08905281462801895,0.02279531955718994,-0.33185267448425293,-0.03088209928108654,-0.01806640625,-0.3977482318878174,-0.09333327748908005,-0.048683226108551025,-0.27201414108276367,-0.08808353134526214,-0.05002504587173462,-0.17745423316955566,-0.06004125961197815,0.08829432725906372,-0.29746246337890625,-0.0584953907979866,0.039684295654296875,-0.34872013330459595,-0.0913586948169609,0.015601396560668945,-0.2620629072189331,-0.07409099080695114,0.019211173057556152,-0.1977270245552063,-0.04734598809017143
N,0.0,0.0,0.0,-0.08920928835868835,-0.07650202512741089,-0.01994830050060159,-0.13691294193267822,-0.2258528470993042,-0.03288806282469636,-0.11689352989196777,-0.35195696353912354,-0.05365124397465593,-0.06871217489242554,-0.4520506262779236,-0.06972914614269143,-0.11299839615821838,-0.34209978580474854,0.017560455421715915,-0.130068838596344,-0.4789079427719116,-0.03643054567763215,-0.14810210466384888,-0.47223660349845886,-0.06960162200519449,-0.1475549340248108,-0.42469698190689087,-0.08038764127084619,-0.05003458261489868,-0.3527977466583252,0.0032417941231130953,-0.05899935960769653,-0.5099177956581116,-0.05840497144052392,-0.09368669986724854,-0.47948458790779114,-0.08322617836782342,-0.10489675402641296,-0.4191282391548157,-0.07964691199848062,0.01495373249053955,-0.33806902170181274,-0.019997433354348004,-0.01750028133392334,-0.41360512375831604,-0.08337427355834848,-0.05133986473083496,-0.28315651416778564,-0.07734271564075357,-0.05530637502670288,-0.18916893005371094,-0.049037404884785474,0.08076703548431396,-0.3054404854774475,-0.04541553982087976,0.0362246036529541,-0.35714226961135864,-0.07896236010381585,0.011504113674163818,-0.2684282064437866,-0.06256176211425668,0.014684617519378662,-0.20737403631210327,-0.03693530761191255
N,0.0,0.0,0.0,-0.08302897214889526,-0.08191263675689697,-0.020295424956231045,-0.13700991868972778,-0.21150243282318115,-0.04010538627520077,-0.1297576129436493,-0.32978296279907227,-0.06812072415962689,-0.07323509454727173,-0.42100846767425537,-0.09129842241421215,-0.11065006256103516,-0.3467358350753784,0.008869565453977657,-0.12918823957443237,-0.49021846055984497,-0.05352957044854634,-0.14478027820587158,-0.46993929147720337,-0.0918907286705064,-0.14583349227905273,-0.407512903213501,-0.10453867782965176,-0.04213309288024902,-0.35467806458473206,-0.00862303153738253,-0.05354088544845581,-0.5234875679016113,-0.07809577007904522,-0.08930906653404236,-0.4819549322128296,-0.10676254202738278,-0.10346713662147522,-0.40461328625679016,-0.10309372712984555,0.02668362855911255,-0.33690911531448364,-0.03452505787029736,-0.011524975299835205,-0.4014403223991394,-0.10286572446241848,-0.04426950216293335,-0.27320700883865356,-0.09963786472692959,-0.05041903257369995,-0.1805945634841919,-0.07108221073761456,0.09451913833618164,-0.300639271736145,-0.062188095051197934,0.04750615358352661,-0.34725236892700195,-0.09679927547588818,0.021963775157928467,-0.25746434926986694,-0.07954774667635434,0.02113586664199829,-0.19508564472198486,-0.05212645103350155
N,0.0,0.0,0.0,-0.09018844366073608,-0.08454298973083496,-0.016683953067143875,-0.14204120635986328,-0.23258233070373535,-0.032422525992473084,-0.12169349193572998,-0.3606052100658417,-0.05718592013963075,-0.058105647563934326,-0.4536855220794678,-0.07752665336974474,-0.11186638474464417,-0.36175790429115295,0.011800893398145718,-0.1277167797088623,-0.5037674605846405,-0.04734667222746225,-0.14752286672592163,-0.4852224290370941,-0.08373041655667635,-0.15300872921943665,-0.42129385471343994,-0.09552648123153062,-0.042803943157196045,-0.36743852496147156,-0.006400325519820171,-0.05395221710205078,-0.527981162071228,-0.07184985484727235,-0.0903555154800415,-0.48813772201538086,-0.09876413848050447,-0.10683417320251465,-0.4110339283943176,-0.09552960302480074,0.026679635047912598,-0.34761708974838257,-0.032688314279397446,-0.012034356594085693,-0.41254931688308716,-0.0984746312702498,-0.04801654815673828,-0.2799043655395508,-0.09390567447789522,-0.05655086040496826,-0.18022572994232178,-0.06566722150691362,0.09572958946228027,-0.30958616733551025,-0.06062196399815889,0.04731696844100952,-0.3635355830192566,-0.09415424074776979,0.017284631729125977,-0.27251148223876953,-0.07607893105395647,0.013722419738769531,-0.2035665512084961,-0.04885734077342363
N,0.0,0.0,0.0,-0.09521704912185669,-0.08442789316177368,-0.016939469735916646,-0.15091237425804138,-0.23253822326660156,-0.033181411336954625,-0.134738951921463,-0.363724946975708,-0.05891259120016912,-0.07417333126068115,-0.4590246379375458,-0.08039632172494748,-0.12439075112342834,-0.3628811240196228,0.012724857654575317,-0.14254295825958252,-0.5091005861759186,-0.04955994443207601,-0.1526338756084442,-0.498897910118103,-0.08859283955007413,-0.15114423632621765,-0.4390718936920166,-0.10135887296110013,-0.05253159999847412,-0.37087905406951904,-0.005791881244476826,-0.059062421321868896,-0.5391029417514801,-0.0744615692010484,-0.08886849880218506,-0.5134678483009338,-0.10382421047597745,-0.10354292392730713,-0.4460349678993225,-0.10158607841640332,0.020618855953216553,-0.35295259952545166,-0.032569752197559865,-0.01740473508834839,-0.4281579852104187,-0.10111741454511503,-0.048000454902648926,-0.29424774646759033,-0.0960227447858415,-0.054456353187561035,-0.1926887035369873,-0.06605653197675565,0.0947752594947815,-0.31664174795150757,-0.06099144474774221,0.047141194343566895,-0.3757505416870117,-0.0963838669767938,0.020138025283813477,-0.2840816378593445,-0.0775893750897012,0.017624378204345703,-0.21598678827285767,-0.0487507704010568
N,0.0,0.0,0.0,-0.09064674377441406,-0.09021472930908203,-0.019781473678051498,-0.14287245273590088,-0.23367321491241455,-0.03945947217613366,-0.12830156087875366,-0.3609189987182617,-0.06877986865907815,-0.07011228799819946,-0.4606176018714905,-0.09367713111311105,-0.11495000123977661,-0.3671879172325134,0.01326393370658252,-0.13489258289337158,-0.5131890773773193,-0.05106949585348275,-0.1496639847755432,-0.5081761479377747,-0.09211511689096596,-0.1510067582130432,-0.45460397005081177,-0.10655739682584908,-0.042456746101379395,-0.3765020966529846,-0.006169650823323991,-0.051618993282318115,-0.5475021600723267,-0.0785601564016929,-0.08587348461151123,-0.523699164390564,-0.11121944862276223,-0.10143089294433594,-0.4588995575904846,-0.110741411921083,0.03020477294921875,-0.35773152112960815,-0.034345289346276786,-0.009231925010681152,-0.43223196268081665,-0.10582331347137597,-0.03971379995346069,-0.29361146688461304,-0.10008729028373864,-0.04463839530944824,-0.19237297773361206,-0.06885805505186227,0.10358262062072754,-0.3201547861099243,-0.06455805676847604,0.054635703563690186,-0.37754517793655396,-0.1007677220073333,0.02805882692337036,-0.2819676399230957,-0.08061858045726922,0.02631378173828125,-0.21454185247421265,-0.05055241438418534
N,0.0,0.0,0.0,-0.0908321738243103,-0.09043729305267334,-0.021373446783798045,-0.14166498184204102,-0.24176347255706787,-0.04038245392479212,-0.12206315994262695,-0.37423276901245117,-0.06832197097577364,-0.05850762128829956,-0.4737197160720825,-0.09104449836053163,-0.11747735738754272,-0.37291577458381653,0.009185642250997716,-0.13205155730247498,-0.525078296661377,-0.05828732413687021,-0.14562666416168213,-0.504277765750885,-0.09879221556224138,-0.14725446701049805,-0.4339834451675415,-0.11148211149014742,-0.04231828451156616,-0.38063329458236694,-0.00903087736554653,-0.05119955539703369,-0.5581950545310974,-0.08357404706515581,-0.0842825174331665,-0.518347442150116,-0.11415179607905657,-0.09793108701705933,-0.44009190797805786,-0.11097617236413271,0.03268706798553467,-0.3607146739959717,-0.03620180276669771,-0.002562582492828369,-0.4353708028793335,-0.10928525564708025,-0.036518871784210205,-0.29353582859039307,-0.10281480637826235,-0.04517388343811035,-0.19330894947052002,-0.07069775251187593,0.10720771551132202,-0.3224676251411438,-0.0654209533099106,0.06065046787261963,-0.3774293065071106,-0.10226272580661089,0.03221017122268677,-0.28150683641433716,-0.08231957045830995,0.028988242149353027,-0.21672552824020386,-0.05224382293857843
N,0.0,0.0,0.0,-0.09204107522964478,-0.08793121576309204,-0.02331951902641549,-0.1418069303035736,-0.24219346046447754,-0.04396775820686116,-0.11821562051773071,-0.3777082562446594,-0.07321374946667447,-0.055457890033721924,-0.4827954173088074,-0.09701903992726102,-0.1181025505065918,-0.37767544388771057,0.007141566933853483,-0.13246899843215942,-0.5328139662742615,-0.06310006314350858,-0.14706021547317505,-0.5095685124397278,-0.10485309445692792,-0.14773601293563843,-0.4363069236278534,-0.11764248543812528,-0.043878793716430664,-0.38505950570106506,-0.010936051508622313,-0.051164865493774414,-0.5656572580337524,-0.08762288176848188,-0.08474594354629517,-0.5223462879657745,-0.11841713720394864,-0.09695494174957275,-0.4406753182411194,-0.11470966124369397,0.03023749589920044,-0.3649994730949402,-0.03835709103776708,-0.0027161836624145508,-0.4409447908401489,-0.11291481637789502,-0.037084758281707764,-0.2947743535041809,-0.10527473771406903,-0.04408860206604004,-0.1941753625869751,-0.07203541779352918,0.1047137975692749,-0.32657408714294434,-0.06810699486567273,0.059147000312805176,-0.38059133291244507,-0.10582972401215329,0.030857503414154053,-0.2793561816215515,-0.08507069283558621,0.029247164726257324,-0.2132505178451538,-0.054083944199817324
N,0.0,0.0,0.0,-0.08966529369354248,-0.0912926197052002,-0.022084134856385162,-0.13989770412445068,-0.24680274724960327,-0.04196254838458913,-0.1159893274307251,-0.3820234537124634,-0.07099730823389905,-0.051386475563049316,-0.4812203049659729,-0.09513599727503674,-0.11422932147979736,-0.3850844204425812,0.009321753641444275,-0.13255280256271362,-0.5396397113800049,-0.060596897492331436,-0.1483980417251587,-0.5087612271308899,-0.10422011021725552,-0.15002191066741943,-0.4319832921028137,-0.11829116497389691,-0.03928107023239136,-0.38967663049697876,-0.009103058131557873,-0.048755645751953125,-0.5674106776714325,-0.08411211077324765,-0.08374089002609253,-0.5209852457046509,-0.11529914591662305,-0.09833395481109619,-0.43731361627578735,-0.11200522933356183,0.03623861074447632,-0.366654634475708,-0.03688881848208325,-0.00015407800674438477,-0.4421546459197998,-0.11126836691252606,-0.03660029172897339,-0.29765522480010986,-0.10682878945223706,-0.04577302932739258,-0.19342827796936035,-0.07550452951542752,0.1113806962966919,-0.32568371295928955,-0.06673985276572125,0.061662256717681885,-0.3818258047103882,-0.1053052276765527,0.03186565637588501,-0.28239238262176514,-0.0861547470485391,0.029813110828399658,-0.21201515197753906,-0.056039585957449844
N,0.0,0.0,0.0,-0.09225195646286011,-0.09592962265014648,-0.022456317036187556,-0.1411494016647339,-0.2500571012496948,-0.04324318916980019,-0.11389821767807007,-0.38637393712997437,-0.07281547488156548,-0.04882591962814331,-0.49021774530410767,-0.09753654600564232,-0.1137533187866211,-0.3924037218093872,0.010082436898017022,-0.13040190935134888,-0.5452239811420441,-0.05869936646405449,-0.14335381984710693,-0.5167728662490845,-0.10150760860625496,-0.14225870370864868,-0.4445319175720215,-0.11549559683982125,-0.03729218244552612,-0.3996400833129883,-0.007832678793704417,-0.044322192668914795,-0.5775285959243774,-0.07964413316432228,-0.07688367366790771,-0.5314921140670776,-0.10911689402047386,-0.08989125490188599,-0.45210886001586914,-0.10614537896100273,0.03988754749298096,-0.3780568242073059,-0.03523198218528023,0.0028014183044433594,-0.4549552798271179,-0.1095077216762661,-0.03668874502182007,-0.30557888746261597,-0.10376900882903328,-0.046089887619018555,-0.19867610931396484,-0.07223083527270546,0.11682868003845215,-0.33537620306015015,-0.06463067681971779,0.06379014253616333,-0.394203245639801,-0.10472715349379769,0.030794203281402588,-0.2882581353187561,-0.08514126838628044,0.027591228485107422,-0.21272706985473633,-0.054879330857431796
N,0.0,0.0,0.0,-0.0905447006225586,-0.09092795848846436,-0.02442589857787425,-0.1404362916946411,-0.24877923727035522,-0.04595036328942115,-0.11446726322174072,-0.38700157403945923,-0.07623452590019042,-0.04794478416442871,-0.49089133739471436,-0.10100680486470992,-0.10925287008285522,-0.39995336532592773,0.00811762372791236,-0.12517911195755005,-0.554593563079834,-0.06434229658157165,-0.14065247774124146,-0.5225013792514801,-0.10897898570806319,-0.14023661613464355,-0.44338780641555786,-0.12340211765081222,-0.03189206123352051,-0.4042077958583832,-0.00972418849528367,-0.03945493698120117,-0.5827597379684448,-0.08552186832935149,-0.07584673166275024,-0.5340585708618164,-0.11583762512714202,-0.0890582799911499,-0.45313963294029236,-0.1125255514791661,0.04480105638504028,-0.3794814944267273,-0.03759418697268302,0.007611334323883057,-0.4564666152000427,-0.11428327010185058,-0.03640621900558472,-0.30286091566085815,-0.10694399372846419,-0.04701352119445801,-0.19531512260437012,-0.07351308212787444,0.12077903747558594,-0.3343949317932129,-0.06776373730212981,0.06925064325332642,-0.3945332169532776,-0.10769113795072371,0.034261226654052734,-0.28914010524749756,-0.08685343609363372,0.03073972463607788,-0.21605265140533447,-0.05555305899292762
N,0.0,0.0,0.0,-0.09543460607528687,-0.09799575805664062,-0.025210567755550528,-0.14358794689178467,-0.2583356499671936,-0.04748485889837184,-0.11160296201705933,-0.3970521092414856,-0.07840505522295871,-0.04213762283325195,-0.5020144879817963,-0.10368581396147647,-0.12017214298248291,-0.4000784158706665,0.007045292755663013,-0.14182740449905396,-0.5528958439826965,-0.06631991547152438,-0.15032082796096802,-0.5174546837806702,-0.11246384215161243,-0.14157211780548096,-0.4343782961368561,-0.12854706775948443,-0.04151982069015503,-0.4075937867164612,-0.011204215703457976,-0.048129916191101074,-0.5814793109893799,-0.08900530916258731,-0.0770876407623291,-0.5300263464450836,-0.12214278709694781,-0.08416283130645752,-0.44416511058807373,-0.1216969369034473,0.037136197090148926,-0.38482993841171265,-0.03943932708904185,0.004378795623779297,-0.459194153547287,-0.1164074419121448,-0.038295090198516846,-0.3042599558830261,-0.10922653507992663,-0.05098569393157959,-0.1963813304901123,-0.07724771928593555,0.11452943086624146,-0.34156012535095215,-0.07033426594540515,0.06228667497634888,-0.39169660210609436,-0.11147187930151858,0.027662217617034912,-0.28286075592041016,-0.09139717650219836,0.02152073383331299,-0.20908546447753906,-0.061140420852154875
N,0.0,0.0,0.0,-0.09389996528625488,-0.10113728046417236,-0.02327315123864082,-0.14081600308418274,-0.2651703953742981,-0.04352316433676151,-0.10482323169708252,-0.4054901897907257,-0.07239992717393307,-0.03557109832763672,-0.5138871967792511,-0.09581003883965877,-0.11868029832839966,-0.39902496337890625,0.011043930555501902,-0.13272809982299805,-0.5516137480735779,-0.06197990650423435,-0.14739301800727844,-0.5129805207252502,-0.10753761032708553,-0.1454111933708191,-0.4289364516735077,-0.122808350120863,-0.04118627309799194,-0.40580999851226807,-0.0077895995799508455,-0.04783761501312256,-0.5868680775165558,-0.08557742634900478,-0.08178973197937012,-0.5243500769138336,-0.11667422751077083,-0.09053939580917358,-0.4309971332550049,-0.113106643651804,0.03643631935119629,-0.38278207182884216,-0.03678841689713863,0.004098951816558838,-0.4612279236316681,-0.11274372587092785,-0.03818798065185547,-0.3055013418197632,-0.10452213684209255,-0.04854393005371094,-0.2010718584060669,-0.07118004361279873,0.11308693885803223,-0.3383781909942627,-0.06825101921447185,0.06125158071517944,-0.39179253578186035,-0.10672744909413723,0.029843926429748535,-0.28464722633361816,-0.08488724926598934,0.029305338859558105,-0.2168745994567871,-0.053505645935615576
N,0.0,0.0,0.0,-0.09393501281738281,-0.10489130020141602,-0.024051062513649413,-0.13891160488128662,-0.2688751220703125,-0.04379385684853787,-0.10563004016876221,-0.40484049916267395,-0.07234195967441792,-0.04010099172592163,-0.5108424127101898,-0.09499487628465886,-0.11753922700881958,-0.3987922668457031,0.011702041390776685,-0.13486963510513306,-0.5486125946044922,-0.06215015773898358,-0.14879631996154785,-0.5171210467815399,-0.10741778065687413,-0.14477765560150146,-0.43265461921691895,-0.12232030530697102,-0.04061281681060791,-0.4079514145851135,-0.007385160524904677,-0.04539382457733154,-0.5892584919929504,-0.08736618955856557,-0.08052808046340942,-0.5328763723373413,-0.11995056619173283,-0.08923220634460449,-0.4395442008972168,-0.11720645775324101,0.03626984357833862,-0.3851649761199951,-0.03676129852658505,0.005757749080657959,-0.4659893214702606,-0.11302408178573842,-0.03508836030960083,-0.31239044666290283,-0.10322670986181492,-0.04291802644729614,-0.20842111110687256,-0.06894771357303853,0.11207568645477295,-0.3401380777359009,-0.0690030117822289,0.06230592727661133,-0.39037957787513733,-0.10823995222574467,0.03187292814254761,-0.2837107181549072,-0.08634432752853627,0.03257697820663452,-0.21656674146652222,-0.05466397081738705
N,0.0,0.0,0.0,-0.0950021743774414,-0.1054452657699585,-0.021273869959998137,-0.14010289311408997,-0.26853829622268677,-0.04112881415932179,-0.10862672328948975,-0.4045000374317169,-0.07055575767009259,-0.0431513786315918,-0.5082450211048126,-0.094396743862319,-0.11064893007278442,-0.4036754071712494,0.012959770919394487,-0.12669533491134644,-0.5563535690307617,-0.059982713250803954,-0.14363789558410645,-0.5275619924068451,-0.10513522097318173,-0.1446327567100525,-0.44466066360473633,-0.11974621930568219,-0.034609317779541016,-0.4093995690345764,-0.007224600235360867,-0.04257619380950928,-0.5875328779220581,-0.08582368114440442,-0.0796852707862854,-0.5379944443702698,-0.11879696318356991,-0.09320372343063354,-0.44806334376335144,-0.11669182398765088,0.04150581359863281,-0.38600561022758484,-0.03732599684445859,0.007030963897705078,-0.4590708017349243,-0.11330725619046689,-0.03671753406524658,-0.3085426092147827,-0.10654827573745251,-0.049221932888031006,-0.20187914371490479,-0.07423829653708935,0.11590242385864258,-0.3418034315109253,-0.06990818300693036,0.06427150964736938,-0.3912416696548462,-0.10926384100167752,0.030265331268310547,-0.2850651741027832,-0.08863995590655804,0.02650618553161621,-0.21313506364822388,-0.057749401716876037
N,0.0,0.0,0.0,-0.09299027919769287,-0.10537886619567871,-0.02660417781694946,-0.13795658946037292,-0.2719035744667053,-0.047550438358626934,-0.09983253479003906,-0.410026878118515,-0.0759933725140911,-0.030754923820495605,-0.5180908441543579,-0.09840424211247978,-0.12223547697067261,-0.3911800682544708,0.007317105852820305,-0.14149227738380432,-0.5417822003364563,-0.06496411414369163,-0.14891231060028076,-0.507278323173523,-0.10959310682042656,-0.1396321952342987,-0.4216286540031433,-0.12462521196826515,-0.045946478843688965,-0.40243008732795715,-0.008645851551733585,-0.054484546184539795,-0.5783702731132507,-0.08412247003539619,-0.08237558603286743,-0.5225620269775391,-0.11488261671289024,-0.08789032697677612,-0.43259379267692566,-0.11334337146504936,0.030659198760986328,-0.3842153251171112,-0.034865374132238,0.004152417182922363,-0.46483179926872253,-0.10797006489261207,-0.03304356336593628,-0.3143906593322754,-0.09823447318299827,-0.04260474443435669,-0.21117085218429565,-0.06610844881757316,0.10540467500686646,-0.3450630307197571,-0.06420250834449348,0.05619901418685913,-0.3893786072731018,-0.10256802143081245,0.028864920139312744,-0.2823793888092041,-0.0819900989673954,0.02970176935195923,-0.21518421173095703,-0.052336292728028866
N,0.0,0.0,0.0,-0.09419441223144531,-0.10308218002319336,-0.02390066792924017,-0.13913971185684204,-0.26103872060775757,-0.04475853478271574,-0.10611146688461304,-0.3979170024394989,-0.07391504456956,-0.042314350605010986,-0.506144642829895,-0.09790117552239508,-0.11523932218551636,-0.37889185547828674,0.008375417648665007,-0.12593060731887817,-0.5286085307598114,-0.06183459495861143,-0.143722802400589,-0.5054146945476532,-0.10417648663479895,-0.14689818024635315,-0.4294441342353821,-0.11771977206427664,-0.04356122016906738,-0.38680145144462585,-0.00897389350194544,-0.05357009172439575,-0.564254105091095,-0.08341304471451849,-0.08754533529281616,-0.5193968117237091,-0.11275723090130896,-0.09879642724990845,-0.4365370571613312,-0.11022980024773688,0.03000575304031372,-0.36860671639442444,-0.036209466659613554,-0.0030063390731811523,-0.45818614959716797,-0.11031760534007162,-0.03776586055755615,-0.3109562397003174,-0.10083944609124273,-0.04430359601974487,-0.20551931858062744,-0.06788520028550238,0.10465008020401001,-0.32996666431427,-0.0658663760657987,0.050801098346710205,-0.38831856846809387,-0.10499189307648749,0.026269376277923584,-0.2842434048652649,-0.0836048375602445,0.03024357557296753,-0.2137744426727295,-0.05290016790587515
N,0.0,0.0,0.0,-0.09197187423706055,-0.09949284791946411,-0.023975873322598318,-0.13677430152893066,-0.2519124746322632,-0.043467938856593946,-0.10533726215362549,-0.3886464238166809,-0.07091113548111139,-0.04364347457885742,-0.4954529404640198,-0.09323553364109216,-0.11237859725952148,-0.36838239431381226,0.014742729297466894,-0.13065609335899353,-0.5144431293010712,-0.05093369256090341,-0.14929890632629395,-0.4797908067703247,-0.09236975382398782,-0.1490303874015808,-0.40758398175239563,-0.10648314277958093,-0.043486177921295166,-0.3768720030784607,-0.00023046838785489854,-0.05316513776779175,-0.5507951378822327,-0.06831527869533716,-0.08839958906173706,-0.5068857073783875,-0.09626473109554468,-0.09978371858596802,-0.43621110916137695,-0.0944728441102427,0.027883708477020264,-0.36118271946907043,-0.025498567105643133,-0.003064751625061035,-0.44438886642456055,-0.09636238585542856,-0.04111814498901367,-0.30514973402023315,-0.09186660121511636,-0.04992586374282837,-0.2060410976409912,-0.06330150734018503,0.09962195158004761,-0.327173113822937,-0.05305224280189691,0.04926252365112305,-0.3819117248058319,-0.08943535755705057,0.02187216281890869,-0.2841262221336365,-0.07149762283395944,0.022567033767700195,-0.21797603368759155,-0.04445176567267595
N,0.0,0.0,0.0,-0.09458965063095093,-0.10063987970352173,-0.028515858996414067,-0.1433178186416626,-0.251636803150177,-0.04792821076860321,-0.11342006921768188,-0.3898051381111145,-0.07389827487220657,-0.050628662109375,-0.4951823353767395,-0.09477524873962295,-0.12010270357131958,-0.36479824781417847,0.018161154862738726,-0.1407882571220398,-0.4959254860877991,-0.04127166089763534,-0.15060138702392578,-0.48288729786872864,-0.08205750999202621,-0.14538854360580444,-0.43430057168006897,-0.09846428451290024,-0.05175065994262695,-0.3770104944705963,0.00729903257290232,-0.062091052532196045,-0.5337156057357788,-0.05565545377483261,-0.09206455945968628,-0.5079416632652283,-0.08535603103389633,-0.10553491115570068,-0.4585444927215576,-0.0876776170467366,0.018829703330993652,-0.36332136392593384,-0.014118494886659505,-0.009945273399353027,-0.4384171962738037,-0.08347134706725967,-0.048098623752593994,-0.30620795488357544,-0.08274639067401779,-0.06164956092834473,-0.20736443996429443,-0.05789119792332542,0.08805179595947266,-0.3298527002334595,-0.03830925044765365,0.04464125633239746,-0.3758524954319,-0.07570035425176513,0.014148116111755371,-0.2828928828239441,-0.06178402570238006,0.007451295852661133,-0.21691560745239258,-0.03818605137219322
N,0.0,0.0,0.0,-0.09337252378463745,-0.09155625104904175,-0.027122136957729026,-0.1423250138759613,-0.23916447162628174,-0.04506382421382682,-0.11564487218856812,-0.37223848700523376,-0.06966038496025817,-0.05916869640350342,-0.47411489486694336,-0.08858792186507003,-0.11851060390472412,-0.3481580317020416,0.01365389879069312,-0.13645917177200317,-0.4836616516113281,-0.04666245431431548,-0.1513877511024475,-0.4699040651321411,-0.08427869976290481,-0.1476348340511322,-0.4150305390357971,-0.09782615006693618,-0.053130149841308594,-0.3586714565753937,0.0018865883510841286,-0.06028980016708374,-0.5190411806106567,-0.06401606351860778,-0.09462875127792358,-0.4896851181983948,-0.09101613313683288,-0.10635095834732056,-0.43461060523986816,-0.08995411992796676,0.013575851917266846,-0.34326013922691345,-0.02020981983073966,-0.016387522220611572,-0.42354443669319153,-0.09019037038811462,-0.051004767417907715,-0.2943970561027527,-0.08602147252091186,-0.056543171405792236,-0.20157992839813232,-0.05830860213168876,0.08093851804733276,-0.30891430377960205,-0.04490101040133254,0.03739464282989502,-0.36562487483024597,-0.08398343325384872,0.010884761810302734,-0.2751253843307495,-0.06957584322222488,0.010714530944824219,-0.21065622568130493,-0.04498164430984275
N,0.0,0.0,0.0,-0.09085804224014282,-0.08657699823379517,-0.025391462467638348,-0.1378782093524933,-0.2307065725326538,-0.04236214163157115,-0.11397281289100647,-0.36065706610679626,-0.06613915713879237,-0.06321907043457031,-0.4629272520542145,-0.08442752363535533,-0.11559918522834778,-0.34064191579818726,0.014777079015942718,-0.13107234239578247,-0.47567039728164673,-0.043730161361423825,-0.14710929989814758,-0.46229904890060425,-0.08061207386109004,-0.14581888914108276,-0.40865740180015564,-0.09385384174439082,-0.05224555730819702,-0.35150501132011414,0.0024718628506832374,-0.05896109342575073,-0.5107898712158203,-0.06180796699973712,-0.09299880266189575,-0.48157110810279846,-0.08855150195213923,-0.10521742701530457,-0.42599865794181824,-0.08740856053682933,0.013404548168182373,-0.33783042430877686,-0.019801325373379086,-0.015503764152526855,-0.41687923669815063,-0.0865308895930923,-0.04935067892074585,-0.2919117212295532,-0.08226674350353846,-0.0558854341506958,-0.20203375816345215,-0.05544012712690005,0.07972580194473267,-0.30631089210510254,-0.044690325133529996,0.0385204553604126,-0.3588680028915405,-0.08097373994442592,0.013407766819000244,-0.2724684476852417,-0.06622004064175258,0.01254415512084961,-0.2124171257019043,-0.04197173120829234
N,0.0,0.0,0.0,-0.08876454830169678,-0.08264726400375366,-0.024292315162270484,-0.13727939128875732,-0.21999335289001465,-0.039744281015842375,-0.11627870798110962,-0.3475000262260437,-0.06168310790464204,-0.06491392850875854,-0.44469767808914185,-0.07871058656975549,-0.11438018083572388,-0.32640254497528076,0.0177608274002381,-0.13262546062469482,-0.45287054777145386,-0.03609085156723779,-0.14607292413711548,-0.4481384754180908,-0.07165409698292535,-0.140697181224823,-0.4054049849510193,-0.08541541620299142,-0.05468118190765381,-0.3371753692626953,0.006834749792218986,-0.06373918056488037,-0.4891773462295532,-0.052256219826190886,-0.09588044881820679,-0.4677661955356598,-0.0780982755045585,-0.10744839906692505,-0.41983968019485474,-0.07830395623251718,0.008017480373382568,-0.3249630331993103,-0.013683489329665122,-0.01969325542449951,-0.4037736654281616,-0.07651388718888086,-0.05117356777191162,-0.28611481189727783,-0.07298424168631357,-0.05636948347091675,-0.1991559863090515,-0.04813968091413301,0.07190108299255371,-0.2942827343940735,-0.03675344660088342,0.031209290027618408,-0.3456730842590332,-0.0709147907714538,0.0076288580894470215,-0.263306200504303,-0.05722171514436525,0.007864952087402344,-0.20467334985733032,-0.03470514043375772
N,0.0,0.0,0.0,-0.0847724974155426,-0.07851570844650269,-0.0280545123707725,-0.12988561391830444,-0.21421295404434204,-0.04504998892957701,-0.10389301180839539,-0.3397146761417389,-0.06673964977676405,-0.054720401763916016,-0.4395272135734558,-0.08311983317548766,-0.1126648485660553,-0.3132835030555725,0.01145355749463306,-0.12996575236320496,-0.4395049214363098,-0.0437583562772943,-0.1435145139694214,-0.4148947596549988,-0.07897891968900694,-0.13942068815231323,-0.36127811670303345,-0.0919577193301393,-0.05404818058013916,-0.3237486779689789,0.0030606430634634307,-0.06469333171844482,-0.4707354009151459,-0.05440295979792609,-0.09757581353187561,-0.4321713447570801,-0.07727281123811736,-0.10951125621795654,-0.381181538105011,-0.07581591725761427,0.006102025508880615,-0.31213414669036865,-0.015306784104950566,-0.020713746547698975,-0.3851238787174225,-0.07760637373144164,-0.05164092779159546,-0.265907883644104,-0.07445906222278609,-0.05768662691116333,-0.18673157691955566,-0.05071825281197562,0.06680476665496826,-0.28440243005752563,-0.03629624590689673,0.02632683515548706,-0.32940414547920227,-0.07000038892442717,0.003012239933013916,-0.24498599767684937,-0.056680207405634064,0.0031807422637939453,-0.19280165433883667,-0.03514858454877867
N,0.0,0.0,0.0,-0.07937213778495789,-0.07155942916870117,-0.022574775086837917,-0.12202310562133789,-0.20287680625915527,-0.038539154620963245,-0.09923446178436279,-0.32314348220825195,-0.060759416015940815,-0.052891671657562256,-0.41879022121429443,-0.07853295111854663,-0.10271131992340088,-0.30861523747444153,0.01087152941326508,-0.118431955575943,-0.43752962350845337,-0.04549519548018566,-0.1367376446723938,-0.4085686504840851,-0.08043150806625476,-0.13627022504806519,-0.3469582796096802,-0.09242184663017383,-0.04598808288574219,-0.3157411515712738,-0.0011598968907549079,-0.05867379903793335,-0.463645875453949,-0.06117003986437908,-0.09233283996582031,-0.4187172055244446,-0.08489240908821216,-0.10209494829177856,-0.35486966371536255,-0.08243446254928699,0.011812150478363037,-0.3023909032344818,-0.022216607051092296,-0.019133388996124268,-0.37572604417800903,-0.08357074314554325,-0.04862332344055176,-0.2554016709327698,-0.0789646303077518,-0.051870644092559814,-0.17404210567474365,-0.05405779385765186,0.07049316167831421,-0.27313297986984253,-0.04550849104126087,0.02584022283554077,-0.3151403069496155,-0.07859520071943393,0.006169915199279785,-0.23011791706085205,-0.06425017321308246,0.011015057563781738,-0.17868942022323608,-0.04156647080381504
N,0.0,0.0,0.0,-0.07914358377456665,-0.07202017307281494,-0.021647525021933234,-0.12004536390304565,-0.20119386911392212,-0.03877760749509207,-0.09539508819580078,-0.3151856064796448,-0.062197632158301985,-0.04856914281845093,-0.4076835513114929,-0.08154853340437285,-0.10082554817199707,-0.305701345205307,0.006279418242968404,-0.11777618527412415,-0.4284721910953522,-0.0512350117807614,-0.13477274775505066,-0.399361789226532,-0.08691824134638182,-0.13364407420158386,-0.33727461099624634,-0.09920848068048826,-0.04352843761444092,-0.31399211287498474,-0.006906929427884734,-0.05440789461135864,-0.455962210893631,-0.06726488378097883,-0.08738619089126587,-0.41209810972213745,-0.0907763307934033,-0.0976814329624176,-0.3467545807361603,-0.08824539091637007,0.014625489711761475,-0.30015453696250916,-0.02866720501532427,-0.018853187561035156,-0.36092710494995117,-0.08877766039421431,-0.048933327198028564,-0.24203920364379883,-0.08335301187088362,-0.051991164684295654,-0.16221290826797485,-0.05847401451518408,0.0726136565208435,-0.26934438943862915,-0.05267792847206465,0.024707138538360596,-0.3053137958049774,-0.08405406680157057,0.004787027835845947,-0.22050219774246216,-0.06833361741354338,0.010532140731811523,-0.16969633102416992,-0.04506265279104582
N,0.0,0.0,0.0,-0.07930278778076172,-0.07087689638137817,-0.021313073034605168,-0.12058821320533752,-0.19948405027389526,-0.03738178677411952,-0.09337344765663147,-0.314674437046051,-0.05967642358990588,-0.0459895133972168,-0.4070030748844147,-0.077949639330825,-0.10611304640769958,-0.30058780312538147,0.0069791056073995605,-0.12454825639724731,-0.426395446062088,-0.05010831720682063,-0.13997423648834229,-0.3923298716545105,-0.08495847500415721,-0.13765957951545715,-0.32636162638664246,-0.09640835590215602,-0.04960602521896362,-0.31072843074798584,-0.005811415068080805,-0.061630189418792725,-0.453618586063385,-0.06594285733552852,-0.0923805832862854,-0.40110334753990173,-0.08830239988418498,-0.10051050782203674,-0.33033838868141174,-0.08409629381748118,0.007959127426147461,-0.29878416657447815,-0.02719310476931014,-0.02366727590560913,-0.359569251537323,-0.08587651319356837,-0.04843658208847046,-0.24076062440872192,-0.0796871743306724,-0.0479121208190918,-0.1647965908050537,-0.0541812664970962,0.0657510757446289,-0.26951706409454346,-0.05088838181944766,0.019285857677459717,-0.30567964911460876,-0.08105778313728251,0.003448486328125,-0.22204631567001343,-0.06520419932456889,0.011925339698791504,-0.1753646731376648,-0.041727691809853695
N,0.0,0.0,0.0,-0.077801913022995,-0.07177847623825073,-0.020119034807294156,-0.1176312267780304,-0.19805902242660522,-0.03669658408603027,-0.09327572584152222,-0.31069839000701904,-0.059937381307690885,-0.047525882720947266,-0.40207740664482117,-0.07936302677831009,-0.09970149397850037,-0.29838407039642334,0.00651412538149998,-0.11733907461166382,-0.42166125774383545,-0.05034947873195961,-0.135614812374115,-0.38706260919570923,-0.08523056761464431,-0.1347333788871765,-0.3222465217113495,-0.09694603935918167,-0.043582022190093994,-0.3062128722667694,-0.007272619876175668,-0.05445915460586548,-0.4491695761680603,-0.06747410551747635,-0.0874183177947998,-0.4009229838848114,-0.09082139388760879,-0.0963258147239685,-0.33448708057403564,-0.08772903786143615,0.012825250625610352,-0.2927050292491913,-0.029272086109131124,-0.019639909267425537,-0.356208473443985,-0.08812023059567764,-0.04695826768875122,-0.23778653144836426,-0.08204401389798477,-0.04708898067474365,-0.16033124923706055,-0.05665052414974525,0.06880933046340942,-0.2627478837966919,-0.05339031026801422,0.02278745174407959,-0.30331313610076904,-0.08289290324887588,0.004354238510131836,-0.2211185097694397,-0.06597241864642456,0.01112520694732666,-0.17237186431884766,-0.04192771495422676
N,0.0,0.0,0.0,-0.07871973514556885,-0.06966817378997803,-0.021922172703995102,-0.11932528018951416,-0.19535785913467407,-0.03818242038155972,-0.09213146567344666,-0.30796119570732117,-0.060044092782987946,-0.04335290193557739,-0.39786022901535034,-0.07792283008362233,-0.09970271587371826,-0.29458844661712646,0.004802400986449129,-0.11603492498397827,-0.4139929413795471,-0.05189808989430844,-0.13375186920166016,-0.37940454483032227,-0.08594478080536305,-0.1319408416748047,-0.31743761897087097,-0.09751097271706044,-0.04408574104309082,-0.30421003699302673,-0.007392246932937496,-0.05718657374382019,-0.44401124119758606,-0.06544617722298085,-0.08915126323699951,-0.39784830808639526,-0.0862544418361324,-0.09666186571121216,-0.3384295701980591,-0.08264959762360036,0.012384474277496338,-0.2915456295013428,-0.02814911837245404,-0.02054959535598755,-0.35435962677001953,-0.08724172572161137,-0.04633408784866333,-0.2338731288909912,-0.07929609874750554,-0.044632792472839355,-0.15869629383087158,-0.05320834154750287,0.06938594579696655,-0.2611539959907532,-0.051198644289030426,0.022254109382629395,-0.2992669641971588,-0.08281560400988042,0.00406193733215332,-0.21369928121566772,-0.06656363765264928,0.01162409782409668,-0.16603893041610718,-0.04318721751238286
N,0.0,0.0,0.0,-0.0767764151096344,-0.06882119178771973,-0.021485901683490738,-0.1147415041923523,-0.19216477870941162,-0.03836383229486273,-0.09045201539993286,-0.30122363567352295,-0.061171039253395065,-0.046885788440704346,-0.3891483545303345,-0.07995047724239157,-0.0964522659778595,-0.2909534275531769,0.002347681891251341,-0.1110599935054779,-0.41380685567855835,-0.05561618065826224,-0.12948715686798096,-0.3817683160305023,-0.0903690040706806,-0.12929052114486694,-0.3156568109989166,-0.1017091826199703,-0.04042398929595947,-0.29809725284576416,-0.010692906811755165,-0.05117037892341614,-0.4394267797470093,-0.07296133345357703,-0.0834839940071106,-0.3892510235309601,-0.09622779047481345,-0.09124523401260376,-0.31737059354782104,-0.09261475807420538,0.014971673488616943,-0.2842482626438141,-0.031883268862884506,-0.016626060009002686,-0.34445613622665405,-0.09134529834977911,-0.04474419355392456,-0.23114866018295288,-0.08572499012939261,-0.04639238119125366,-0.15625643730163574,-0.06089200383416937,0.06947702169418335,-0.25562089681625366,-0.055267150759618744,0.024458110332489014,-0.29206448793411255,-0.08639262175552176,0.006007671356201172,-0.2114337682723999,-0.07117402112476157,0.012167155742645264,-0.16332215070724487,-0.048197771668355927
N,0.0,0.0,0.0,-0.07313111424446106,-0.061859965324401855,-0.023300901130397733,-0.1137576699256897,-0.18142342567443848,-0.04107232771869462,-0.09065183997154236,-0.28923964500427246,-0.06385476894732278,-0.046368300914764404,-0.37708207964897156,-0.0824459791934089,-0.09873121976852417,-0.286481648683548,-0.0016008580155641994,-0.11674237251281738,-0.4056229889392853,-0.05870011828895372,-0.13419067859649658,-0.36931687593460083,-0.0922494084393577,-0.13099676370620728,-0.3031107783317566,-0.10328990973587793,-0.043125927448272705,-0.2960101366043091,-0.013398505822380002,-0.05498427152633667,-0.4364885687828064,-0.07420028753634256,-0.08659085631370544,-0.3825312554836273,-0.0955988094961242,-0.09265059232711792,-0.31341543793678284,-0.09111113853808206,0.01267862319946289,-0.2832169532775879,-0.03322752945180696,-0.018794536590576172,-0.3411356210708618,-0.09185274697895807,-0.0473179817199707,-0.22688013315200806,-0.08561869718189996,-0.04792618751525879,-0.15695035457611084,-0.06103022404070657,0.06767624616622925,-0.2538489103317261,-0.0552906767284469,0.022802114486694336,-0.2860385477542877,-0.0861666948353843,0.004540145397186279,-0.20591777563095093,-0.07156900323982995,0.012227833271026611,-0.1636325716972351,-0.04955315224881929
N,0.0,0.0,0.0,-0.07195544242858887,-0.06455022096633911,-0.019795420173124967,-0.10841420292854309,-0.1850789189338684,-0.036175078305916486,-0.0847262442111969,-0.29222190380096436,-0.058602469566778836,-0.04363107681274414,-0.3780873417854309,-0.07718935475082844,-0.09052932262420654,-0.28603965044021606,0.0005120355626218043,-0.1082545816898346,-0.40812480449676514,-0.05573499068947285,-0.1260363757610321,-0.3709490895271301,-0.08882012829513997,-0.12453114986419678,-0.303683340549469,-0.09916546061964482,-0.035271286964416504,-0.2912975251674652,-0.012763119827525315,-0.04633206129074097,-0.43239977955818176,-0.07206387684078663,-0.07868719100952148,-0.37931784987449646,-0.0929515571925208,-0.0864047110080719,-0.30893412232398987,-0.08822595939369648,0.019635319709777832,-0.27612847089767456,-0.03376984089942425,-0.011865675449371338,-0.33749598264694214,-0.08993496612043828,-0.04025167226791382,-0.2279951572418213,-0.08407492056818455,-0.04147636890411377,-0.15844422578811646,-0.060162330571131406,0.07330775260925293,-0.24657297134399414,-0.056759043190197644,0.030122458934783936,-0.28731203079223633,-0.08498599246473759,0.01205509901046753,-0.21227705478668213,-0.06964172289104908,0.019533872604370117,-0.16940242052078247,-0.0474742972883746
N,0.0,0.0,0.0,-0.07243523001670837,-0.06783342361450195,-0.01983973742778744,-0.10806399583816528,-0.18847209215164185,-0.036138681558327335,-0.08059537410736084,-0.29512155055999756,-0.058302027968125,-0.03472107648849487,-0.3797049820423126,-0.07669628211613144,-0.09266763925552368,-0.2832978367805481,-0.0004214974850356157,-0.10971677303314209,-0.40685439109802246,-0.05693678730483498,-0.1258150339126587,-0.3716266453266144,-0.08991766521091904,-0.12426942586898804,-0.304301381111145,-0.10015897252912964,-0.03685259819030762,-0.28931725025177,-0.013231695493118423,-0.049090027809143066,-0.4274345934391022,-0.07312214174623932,-0.07853978872299194,-0.37205925583839417,-0.09404260465259995,-0.08482959866523743,-0.29932573437690735,-0.08929366418476548,0.01879221200942993,-0.2758190929889679,-0.033698798952059406,-0.012177050113677979,-0.3342913091182709,-0.09076944538708176,-0.037353575229644775,-0.22253572940826416,-0.08454998382683243,-0.03657752275466919,-0.15169787406921387,-0.06007151478286232,0.07373374700546265,-0.24794131517410278,-0.05609760606046166,0.029334604740142822,-0.28609198331832886,-0.08552585342283692,0.012926757335662842,-0.20896679162979126,-0.07058641859646286,0.021629929542541504,-0.16483163833618164,-0.04839513250942673
N,0.0,0.0,0.0,-0.06942814588546753,-0.06299430131912231,-0.021203558849322235,-0.10579052567481995,-0.17980170249938965,-0.03811289365791026,-0.08013582229614258,-0.2851288616657257,-0.060139264868723785,-0.03512197732925415,-0.36812493205070496,-0.07780519123576823,-0.08890411257743835,-0.2844860553741455,-0.0023949618490064495,-0.10596296191215515,-0.4030359387397766,-0.0579756237139577,-0.12104737758636475,-0.3559797406196594,-0.09010722483895961,-0.11797088384628296,-0.2870138883590698,-0.10001978273891154,-0.032410621643066406,-0.288818359375,-0.01424799762122575,-0.04533514380455017,-0.42386946082115173,-0.07224078472160045,-0.0755482017993927,-0.36437928676605225,-0.09197733546994868,-0.082365483045578,-0.2948519289493561,-0.08678136016629878,0.02351897954940796,-0.2732662558555603,-0.03369859974287692,-0.006229877471923828,-0.3255124092102051,-0.08955153818629924,-0.03539329767227173,-0.21553915739059448,-0.084126271264779,-0.03836977481842041,-0.14919894933700562,-0.06075856830381099,0.07797640562057495,-0.24300843477249146,-0.055017739491688644,0.036847710609436035,-0.27793067693710327,-0.08253373946450893,0.016681194305419922,-0.2025519609451294,-0.0673568844368333,0.02156621217727661,-0.16152721643447876,-0.04557789485357944
N,0.0,0.0,0.0,-0.06792163848876953,-0.06740331649780273,-0.01970459678750558,-0.1009695827960968,-0.18494385480880737,-0.03621944570522828,-0.07408642768859863,-0.2864844799041748,-0.05784629070740266,-0.029637694358825684,-0.36776039004325867,-0.07534031355362458,-0.08431854844093323,-0.2860158681869507,-0.001893787594326568,-0.10011115670204163,-0.40176522731781006,-0.057070934861712885,-0.11686950922012329,-0.35615208745002747,-0.08875988954287095,-0.11535888910293579,-0.2888522744178772,-0.09853748762589021,-0.028378009796142578,-0.2918044924736023,-0.014429755225592089,-0.03938978910446167,-0.42586806416511536,-0.07192488545160813,-0.07164967060089111,-0.367874413728714,-0.09109758371096177,-0.0801578164100647,-0.2986198365688324,-0.08550706291180177,0.02694070339202881,-0.27688339352607727,-0.03433394962530656,-0.005304872989654541,-0.32797449827194214,-0.08919923537951036,-0.03435790538787842,-0.2196924090385437,-0.08361430251579804,-0.03570276498794556,-0.1541852355003357,-0.060673342734389735,0.08000767230987549,-0.2466641068458557,-0.056068019658141566,0.033891499042510986,-0.271056205034256,-0.08390692406874223,0.015037953853607178,-0.19453120231628418,-0.06977653288822694,0.02385270595550537,-0.15574610233306885,-0.04885190883260293
N,0.0,0.0,0.0,-0.0684782862663269,-0.06739228963851929,-0.021409424726300585,-0.1044548749923706,-0.18089359998703003,-0.03939771163874184,-0.07864680886268616,-0.28272342681884766,-0.06219393644147431,-0.029569268226623535,-0.3635754883289337,-0.08090250823312317,-0.08678007125854492,-0.2823503017425537,-0.002556895843156326,-0.10408484935760498,-0.397543728351593,-0.0563641253452829,-0.11911213397979736,-0.3533194065093994,-0.08742093924098526,-0.11615484952926636,-0.290987491607666,-0.09737287345939194,-0.033039093017578125,-0.2873096168041229,-0.013533450436227668,-0.04476696252822876,-0.4171711802482605,-0.06816924992614304,-0.07408732175827026,-0.36231815814971924,-0.0858596104722551,-0.0820184051990509,-0.30025556683540344,-0.08096908662133728,0.021519601345062256,-0.2732711732387543,-0.032090502564244616,-0.008027434349060059,-0.32829517126083374,-0.08718513581567322,-0.03522670269012451,-0.21949505805969238,-0.08173435065560852,-0.035800278186798096,-0.1515403389930725,-0.05913379300051247,0.07488018274307251,-0.24392622709274292,-0.05251128483229195,0.03035557270050049,-0.27537184953689575,-0.08188389125876938,0.012593090534210205,-0.19957435131072998,-0.06878407183700119,0.02107691764831543,-0.15757888555526733,-0.048658671562009204
N,0.0,0.0,0.0,-0.06658831238746643,-0.06429260969161987,-0.020956178667461245,-0.10296383500099182,-0.17532360553741455,-0.03846225841573414,-0.08076125383377075,-0.27517783641815186,-0.060970391618525355,-0.03584253787994385,-0.3569234609603882,-0.07949188678196606,-0.08630770444869995,-0.2744433879852295,-0.003454484750022857,-0.1014297604560852,-0.39585065841674805,-0.05672754301360783,-0.11710023880004883,-0.3582257628440857,-0.08665995626381573,-0.11491990089416504,-0.2961992025375366,-0.09544771491221127,-0.032662153244018555,-0.27808263897895813,-0.01452050591490206,-0.042519986629486084,-0.4140554964542389,-0.06989020435742077,-0.07206395268440247,-0.36020123958587646,-0.08758278517655071,-0.07963907718658447,-0.29573535919189453,-0.08178152470520672,0.0212591290473938,-0.26354268193244934,-0.032901972072636454,-0.007002592086791992,-0.3258875906467438,-0.08739307104281124,-0.0339510440826416,-0.21963289380073547,-0.08176673530272183,-0.03449457883834839,-0.15367519855499268,-0.0586470658951157,0.07524222135543823,-0.235460102558136,-0.05296768202117619,0.034883201122283936,-0.27742812037467957,-0.08064981876543698,0.016916632652282715,-0.20667988061904907,-0.06653680233887371,0.024335622787475586,-0.1671862006187439,-0.04569597496322331
N,0.0,0.0,0.0,-0.0684242844581604,-0.06465870141983032,-0.02039535593090136,-0.10395985841751099,-0.17975980043411255,-0.03748127881286223,-0.07967185974121094,-0.27832266688346863,-0.05956317175028403,-0.03334134817123413,-0.3564724326133728,-0.07733792502281744,-0.08445519208908081,-0.28249093890190125,-0.0035377353694059366,-0.10096964240074158,-0.39203381538391113,-0.05820413369534094,-0.1163586676120758,-0.3487430214881897,-0.09027107495663245,-0.1137133538722992,-0.2836904525756836,-0.10073687571880896,-0.02864736318588257,-0.28899937868118286,-0.015318453943706345,-0.04123234748840332,-0.41384103894233704,-0.07209469068644125,-0.07158154249191284,-0.35905930399894714,-0.09135899383423407,-0.07903453707695007,-0.29266810417175293,-0.0866437299906977,0.02585381269454956,-0.2736670970916748,-0.0344102202713259,-0.008207499980926514,-0.31561076641082764,-0.08850400585529883,-0.03693532943725586,-0.20656678080558777,-0.08250472385284979,-0.03862285614013672,-0.1398005485534668,-0.05954478371737082,0.07779067754745483,-0.24282324314117432,-0.05548539448378165,0.0328139066696167,-0.2659744322299957,-0.08247196364996512,0.013223230838775635,-0.1930214762687683,-0.06822835344669897,0.019977271556854248,-0.15518349409103394,-0.047430426514125656
N,0.0,0.0,0.0,-0.06661832332611084,-0.06500864028930664,-0.020316261410869174,-0.10335728526115417,-0.1777321696281433,-0.03796861468271118,-0.08126989006996155,-0.27619925141334534,-0.06046756504491668,-0.03408104181289673,-0.3529489040374756,-0.07880119754389625,-0.08443260192871094,-0.27937132120132446,-0.004834588229812198,-0.10583394765853882,-0.3856448531150818,-0.06014362870172363,-0.11931610107421875,-0.3349755108356476,-0.09195461644247871,-0.11501222848892212,-0.266417533159256,-0.10182571931198936,-0.029602408409118652,-0.2861785888671875,-0.01646798437849384,-0.0471549928188324,-0.4114488363265991,-0.07324580623225074,-0.07660728693008423,-0.3504837453365326,-0.09181772692517143,-0.0830988883972168,-0.28152191638946533,-0.08626001848296028,0.025090038776397705,-0.27147001028060913,-0.035199751690186076,-0.008912265300750732,-0.3118072748184204,-0.09000605864838462,-0.03645801544189453,-0.20065385103225708,-0.08389081580952507,-0.03811615705490112,-0.13395202159881592,-0.06033910585955482,0.0778738260269165,-0.24128350615501404,-0.05566739811018806,0.03126490116119385,-0.2641860842704773,-0.08235151840762,0.014250099658966064,-0.189710795879364,-0.067278755441464,0.022477388381958008,-0.15205830335617065,-0.04568747578576904
N,0.0,0.0,0.0,-0.0661197304725647,-0.0657230019569397,-0.02147355560879305,-0.10304766893386841,-0.1745443344116211,-0.040713590352936535,-0.08151084184646606,-0.2705262005329132,-0.06442117762486532,-0.03499656915664673,-0.3457513451576233,-0.08373694193284109,-0.08551114797592163,-0.27674055099487305,-0.00789720263998106,-0.10754096508026123,-0.38096481561660767,-0.06459564042012289,-0.1191832423210144,-0.3259757161140442,-0.09692579579274252,-0.11327123641967773,-0.25814494490623474,-0.10714931112448767,-0.029885947704315186,-0.28313127160072327,-0.019513415887161045,-0.047533631324768066,-0.408208966255188,-0.0777581341258724,-0.07493853569030762,-0.3422454595565796,-0.09635180306355551,-0.07957693934440613,-0.27278804779052734,-0.09055549722830847,0.02513211965560913,-0.2679506242275238,-0.03827551451246336,-0.008225023746490479,-0.3019750714302063,-0.09445443075816229,-0.0362432599067688,-0.19078129529953003,-0.08887999576251104,-0.038845062255859375,-0.12637215852737427,-0.06539839577595785,0.0776984691619873,-0.23747524619102478,-0.05878499966780737,0.03132593631744385,-0.25765344500541687,-0.08557804745356634,0.013636171817779541,-0.18327182531356812,-0.07060899656931952,0.02012866735458374,-0.14611297845840454,-0.04914695840994909
N,0.0,0.0,0.0,-0.06441128253936768,-0.06521785259246826,-0.02408111101351551,-0.10196059942245483,-0.17269998788833618,-0.045413833170755424,-0.08388745784759521,-0.2677251398563385,-0.07065759232602886,-0.038437604904174805,-0.3433322608470917,-0.0913547017272549,-0.08486366271972656,-0.277074933052063,-0.013009803428872146,-0.10648643970489502,-0.3815801739692688,-0.07214048138223461,-0.11777353286743164,-0.33071818947792053,-0.10656078538261227,-0.11185240745544434,-0.2620367705821991,-0.1180297323163586,-0.029278695583343506,-0.2831222414970398,-0.023565404176338234,-0.046773046255111694,-0.40691936016082764,-0.08318042388521008,-0.07422226667404175,-0.344268798828125,-0.10243688157163433,-0.07780727744102478,-0.27483078837394714,-0.09743819019161037,0.025739073753356934,-0.26637133955955505,-0.04140450438819698,-0.006968677043914795,-0.30261510610580444,-0.09800260147414974,-0.03588014841079712,-0.1929979920387268,-0.09181668242774776,-0.03835946321487427,-0.12719857692718506,-0.06819762667976192,0.07856839895248413,-0.23462149500846863,-0.061304189324005165,0.033155202865600586,-0.2531907856464386,-0.08923962345681957,0.014890670776367188,-0.18150734901428223,-0.07502833387218288,0.021312057971954346,-0.14475679397583008,-0.05395454919300846
N,0.0,0.0,0.0,-0.06416434049606323,-0.06629979610443115,-0.023047407219763727,-0.10105562210083008,-0.17369312047958374,-0.044235914076324434,-0.08143728971481323,-0.2692989110946655,-0.06946341606473538,-0.03432267904281616,-0.3446621894836426,-0.09033220174407575,-0.085873544216156,-0.2758519649505615,-0.01188546239083621,-0.10817867517471313,-0.3808324337005615,-0.06916223379468533,-0.1167355477809906,-0.32949110865592957,-0.10319614323472592,-0.1104203462600708,-0.2619388997554779,-0.114777608836647,-0.030059874057769775,-0.28187283873558044,-0.022574334467407198,-0.04676339030265808,-0.4059517979621887,-0.08029282006120297,-0.07183143496513367,-0.34415191411972046,-0.10002476635074231,-0.0762917697429657,-0.2745067775249481,-0.09588591667508695,0.025646746158599854,-0.2658289670944214,-0.040209843839164705,-0.005761086940765381,-0.30229175090789795,-0.09527482750510785,-0.034635841846466064,-0.19356513023376465,-0.09010801377391431,-0.03928011655807495,-0.12578225135803223,-0.06749629887437436,0.07905298471450806,-0.23472347855567932,-0.059776383514162035,0.0349811315536499,-0.2564046382904053,-0.08633349003886792,0.016256213188171387,-0.18539226055145264,-0.0719360327968559,0.02071279287338257,-0.14576256275177002,-0.05102104234194371
N,0.0,0.0,0.0,-0.06013476848602295,-0.06630122661590576,-0.02740318819286358,-0.09444114565849304,-0.16992825269699097,-0.05137197978200447,-0.07395902276039124,-0.26029452681541443,-0.07828896052541268,-0.030398070812225342,-0.3362675905227661,-0.10013816810550225,-0.07968360185623169,-0.28098711371421814,-0.019498375499267695,-0.09559562802314758,-0.38060957193374634,-0.07953191108407509,-0.10814696550369263,-0.3226015865802765,-0.11516530371608269,-0.10568305850028992,-0.2534322142601013,-0.1278177008718444,-0.02291792631149292,-0.28508275747299194,-0.028359010139126895,-0.039811015129089355,-0.397760272026062,-0.08850941366853249,-0.06849521398544312,-0.33044248819351196,-0.10828916288318169,-0.07577988505363464,-0.26135343313217163,-0.1042545319289161,0.03211832046508789,-0.26703912019729614,-0.04456284574570191,0.00036907196044921875,-0.29002314805984497,-0.10032873905601036,-0.03297281265258789,-0.18328744173049927,-0.09604439444245827,-0.041513025760650635,-0.11915838718414307,-0.07466510988177788,0.08242189884185791,-0.23399552702903748,-0.06317050314845574,0.041854679584503174,-0.24453279376029968,-0.09043935991229546,0.02191901206970215,-0.17866182327270508,-0.07803014970721733,0.025057733058929443,-0.14624011516571045,-0.05889535255136025
N,0.0,0.0,0.0,-0.05713745951652527,-0.06705552339553833,-0.028296015696014365,-0.09230679273605347,-0.16155380010604858,-0.05385437189170261,-0.07695090770721436,-0.246080219745636,-0.08151983423658749,-0.03223872184753418,-0.3176990747451782,-0.10436733020969768,-0.07775121927261353,-0.2824629247188568,-0.02055102913209339,-0.0974353551864624,-0.3746253252029419,-0.079668640629734,-0.10719192028045654,-0.32044804096221924,-0.11622717930504223,-0.10364678502082825,-0.25237637758255005,-0.12980504287907024,-0.01947695016860962,-0.28684064745903015,-0.029694998176182708,-0.0375552773475647,-0.39676690101623535,-0.08880365593859096,-0.0640697181224823,-0.3237549066543579,-0.10843415512272259,-0.0715838074684143,-0.24830609560012817,-0.10397954984136959,0.03661620616912842,-0.2671333849430084,-0.04591698153444668,0.0055144429206848145,-0.2891530990600586,-0.10127584590145489,-0.027454137802124023,-0.18481412529945374,-0.09722550912329098,-0.0373348593711853,-0.11838340759277344,-0.0758043075961723,0.08673858642578125,-0.23110175132751465,-0.06448959513136288,0.043855905532836914,-0.2414265275001526,-0.09056601627298733,0.02014559507369995,-0.17273157835006714,-0.07661046786734005,0.01926290988922119,-0.13309204578399658,-0.056228201375688514
N,0.0,0.0,0.0,-0.059789955615997314,-0.06857448816299438,-0.027860366313632312,-0.09439754486083984,-0.16435712575912476,-0.05295300720530349,-0.07438024878501892,-0.24885231256484985,-0.08032594485479194,-0.028916239738464355,-0.3201483488082886,-0.1028821529288848,-0.07956266403198242,-0.28450021147727966,-0.020568287505682292,-0.10203054547309875,-0.3754644989967346,-0.080020158125933,-0.10898083448410034,-0.31509584188461304,-0.11670285327630836,-0.1038404107093811,-0.24692118167877197,-0.1302624629278739,-0.02153092622756958,-0.28778770565986633,-0.030261314048345866,-0.04013872146606445,-0.39887672662734985,-0.09018722040849525,-0.06504100561141968,-0.32383233308792114,-0.10994478179412681,-0.07208997011184692,-0.247239887714386,-0.10500960661369163,0.034541428089141846,-0.2664887309074402,-0.04696080697971183,0.0025802254676818848,-0.28465506434440613,-0.10279188169437248,-0.02961564064025879,-0.1787908673286438,-0.09836595369773704,-0.03867822885513306,-0.1127883791923523,-0.07614534957605201,0.085085928440094,-0.22854351997375488,-0.06598358465629417,0.04251950979232788,-0.24173426628112793,-0.09201425178247291,0.018894672393798828,-0.17283624410629272,-0.07701908661323387,0.017739176750183105,-0.13263416290283203,-0.055518003686245265
N,0.0,0.0,0.0,-0.05730578303337097,-0.06485599279403687,-0.029512359768148144,-0.09156990051269531,-0.15845024585723877,-0.05532157514988967,-0.07433682680130005,-0.24530810117721558,-0.08326407615840026,-0.03084254264831543,-0.3182181119918823,-0.1064762109965045,-0.07989102602005005,-0.27890563011169434,-0.022925882607694348,-0.10364779829978943,-0.375548779964447,-0.08180258516966887,-0.10869771242141724,-0.3165264427661896,-0.11778167729079314,-0.10260197520256042,-0.2489730417728424,-0.1307382145971019,-0.0219457745552063,-0.28273099660873413,-0.0308179399073083,-0.04096788167953491,-0.39609289169311523,-0.0895903268903453,-0.06375241279602051,-0.32201164960861206,-0.10918460135161467,-0.07037872076034546,-0.24628886580467224,-0.1047761971205432,0.03425198793411255,-0.2624099850654602,-0.04571802262961455,0.0037157535552978516,-0.2855464518070221,-0.10172483418881484,-0.029278218746185303,-0.18046647310256958,-0.09914031718670913,-0.04051786661148071,-0.11148297786712646,-0.0783203700631816,0.08506286144256592,-0.22673934698104858,-0.06284251157939025,0.04396343231201172,-0.2443365454673767,-0.08992011938988753,0.018747687339782715,-0.17569345235824585,-0.07691696380078383,0.014653682708740234,-0.13057267665863037,-0.056904890581961354
N,0.0,0.0,0.0,-0.060089707374572754,-0.06465059518814087,-0.030222952392620073,-0.09614664316177368,-0.15826094150543213,-0.056707726818245874,-0.07709231972694397,-0.24387842416763306,-0.08479330505124949,-0.030314922332763672,-0.3126940429210663,-0.10802356715194605,-0.08164876699447632,-0.2789912521839142,-0.025554385062974916,-0.10324770212173462,-0.3717828392982483,-0.08506603355399989,-0.1099591851234436,-0.3126596510410309,-0.1221041661023321,-0.10520318150520325,-0.2449917197227478,-0.1364796143292608,-0.023249685764312744,-0.2840803861618042,-0.033705538165492044,-0.04046785831451416,-0.3939041793346405,-0.09301707710019969,-0.06404575705528259,-0.3216969966888428,-0.11299361104957484,-0.07169774174690247,-0.24855521321296692,-0.10931315089456461,0.033383309841156006,-0.2644834816455841,-0.04878118078104876,0.0031290054321289062,-0.2830054759979248,-0.10386156107179545,-0.02947920560836792,-0.1803533136844635,-0.10051578844777964,-0.041279613971710205,-0.11497068405151367,-0.08008113319866084,0.08416038751602173,-0.2283945083618164,-0.06640641952745341,0.04343557357788086,-0.23660621047019958,-0.09333925510637187,0.019548892974853516,-0.1693716049194336,-0.08053783888809107,0.01610356569290161,-0.12937700748443604,-0.06106700564615153
N,0.0,0.0,0.0,-0.06015333533287048,-0.06585139036178589,-0.030806607152328525,-0.09508126974105835,-0.15902328491210938,-0.057368133733973536,-0.07229965925216675,-0.24484241008758545,-0.08517948589752677,-0.02634906768798828,-0.3171108663082123,-0.10821328363846305,-0.08151337504386902,-0.2778310179710388,-0.0266883713705397,-0.10231241583824158,-0.36671143770217896,-0.08576270989607337,-0.10835486650466919,-0.306673139333725,-0.12265131674240592,-0.10344758629798889,-0.23957940936088562,-0.13694781116674903,-0.023365318775177002,-0.28288888931274414,-0.03438116661737922,-0.04008936882019043,-0.3895344138145447,-0.09320309064816001,-0.06377542018890381,-0.3167394995689392,-0.11319890670012,-0.07170876860618591,-0.242812842130661,-0.1096809213561869,0.03328758478164673,-0.263031542301178,-0.04884666628669265,0.005348563194274902,-0.27933651208877563,-0.10325783542822364,-0.026644468307495117,-0.1757166087627411,-0.09946949831675056,-0.03754854202270508,-0.11069446802139282,-0.0789037053985453,0.08417195081710815,-0.22602036595344543,-0.06589210830162529,0.04539364576339722,-0.23377171158790588,-0.09234478376339439,0.02208155393600464,-0.1666102409362793,-0.0789303412241793,0.02001279592514038,-0.1280965805053711,-0.05907128057907585
N,0.0,0.0,0.0,-0.05953371524810791,-0.06544345617294312,-0.030447643038115757,-0.09426823258399963,-0.15676558017730713,-0.057766403790793674,-0.07332563400268555,-0.23969146609306335,-0.08655737319239165,-0.029416203498840332,-0.3112949728965759,-0.11033822574862029,-0.07976499199867249,-0.27942895889282227,-0.027019792955599087,-0.1047326922416687,-0.3666650056838989,-0.08768586793192412,-0.10872036218643188,-0.30570897459983826,-0.1256945950651982,-0.10179993510246277,-0.2376374900341034,-0.14040564724453475,-0.021848320960998535,-0.2846653163433075,-0.03542706721671607,-0.04161125421524048,-0.3896498680114746,-0.09552461632736708,-0.06385105848312378,-0.3159801661968231,-0.11594659813889052,-0.0706678032875061,-0.24123141169548035,-0.11242629566439177,0.034571290016174316,-0.264330118894577,-0.050729822155318516,0.004925072193145752,-0.27808043360710144,-0.10583405920513655,-0.027878642082214355,-0.17432865500450134,-0.1022321579719403,-0.040374159812927246,-0.10826617479324341,-0.08156649002083327,0.08506381511688232,-0.22728189826011658,-0.0686662120486119,0.046092092990875244,-0.23251119256019592,-0.09521918722637679,0.020161986351013184,-0.16526830196380615,-0.0819524822498181,0.014370739459991455,-0.12495869398117065,-0.061994131442389744
N,0.0,0.0,0.0,-0.05818703770637512,-0.06668663024902344,-0.030778481059854812,-0.09124597907066345,-0.15731096267700195,-0.058277596154397315,-0.07062113285064697,-0.24036884307861328,-0.08700548149008114,-0.02555990219116211,-0.3121741712093353,-0.11072840578216869,-0.07877016067504883,-0.2789705693721771,-0.028548894816225356,-0.10256427526473999,-0.3649229407310486,-0.0884655717696603,-0.10736516118049622,-0.30041489005088806,-0.12548953331369717,-0.10197603702545166,-0.23261764645576477,-0.13973912633318264,-0.020880520343780518,-0.2838658392429352,-0.03663488886613209,-0.040303051471710205,-0.38780319690704346,-0.0958379957761224,-0.0636703372001648,-0.3122393488883972,-0.1157093051757272,-0.07177144289016724,-0.2387554943561554,-0.11210319436449367,0.03520148992538452,-0.2629132568836212,-0.05145031995434124,0.005775511264801025,-0.27547401189804077,-0.10504101253408749,-0.02697467803955078,-0.17303133010864258,-0.10083211249965984,-0.03875625133514404,-0.11028039455413818,-0.08027689940590221,0.08530974388122559,-0.22493579983711243,-0.06889890170950252,0.04641753435134888,-0.23292821645736694,-0.09354502744335491,0.02248305082321167,-0.1680184006690979,-0.07941965795416195,0.019468724727630615,-0.13099396228790283,-0.059385676303094215
N,0.0,0.0,0.0,-0.061776816844940186,-0.06990629434585571,-0.026938287574012065,-0.09449777007102966,-0.16396301984786987,-0.05213175531025627,-0.06784775853157043,-0.24617058038711548,-0.07891258414383628,-0.019073665142059326,-0.31152093410491943,-0.10112476165886619,-0.07541126012802124,-0.2861531674861908,-0.027664460274536395,-0.09864991903305054,-0.36396950483322144,-0.08478057946558692,-0.10624134540557861,-0.30082255601882935,-0.12098423208590248,-0.10431039333343506,-0.2336214780807495,-0.1355815064489434,-0.0174635648727417,-0.29099440574645996,-0.03694284151788452,-0.04046189785003662,-0.3834937512874603,-0.09430505152340629,-0.06433230638504028,-0.3077136278152466,-0.11400271769161918,-0.07389253377914429,-0.22945669293403625,-0.11103185083265998,0.038478732109069824,-0.27053532004356384,-0.05213971998091438,0.00452423095703125,-0.26747366786003113,-0.10243993069525459,-0.0275726318359375,-0.1666145920753479,-0.09836946989889839,-0.04140359163284302,-0.0996478796005249,-0.07905895079966285,0.08687829971313477,-0.23201975226402283,-0.0699953493058274,0.045230209827423096,-0.2257779836654663,-0.09275481666918495,0.02148538827896118,-0.1612047553062439,-0.0790811237275193,0.016794800758361816,-0.12090128660202026,-0.05991561155315139
N,0.0,0.0,0.0,-0.06185024976730347,-0.06894516944885254,-0.02718580570251561,-0.09487414360046387,-0.16422933340072632,-0.05178035479218579,-0.06771025061607361,-0.24592861533164978,-0.07787509691149808,-0.018043220043182373,-0.30935221910476685,-0.09930649828345395,-0.07493805885314941,-0.2846788763999939,-0.026800811851330764,-0.0977577269077301,-0.3611133098602295,-0.08406608235270596,-0.10625097155570984,-0.2962508201599121,-0.12035663109452344,-0.1045793890953064,-0.22957664728164673,-0.13518044036061383,-0.016874492168426514,-0.29104411602020264,-0.036123034173556334,-0.03943979740142822,-0.3830626904964447,-0.0940144924464903,-0.06353756785392761,-0.30613699555397034,-0.11356983017356015,-0.07245320081710815,-0.22910669445991516,-0.11017966699034787,0.03883892297744751,-0.27111557126045227,-0.05150920581252194,0.004685819149017334,-0.2681494951248169,-0.10175700169236279,-0.027173399925231934,-0.16637814044952393,-0.09695231598050214,-0.040251076221466064,-0.10124462842941284,-0.07707605194480038,0.08686214685440063,-0.23284083604812622,-0.06971308272511578,0.04485732316970825,-0.2244267463684082,-0.09234083872468091,0.02208399772644043,-0.16038089990615845,-0.07840915452868558,0.019106745719909668,-0.12342524528503418,-0.05899602603346921
N,0.0,0.0,0.0,-0.06015625596046448,-0.06876742839813232,-0.028460765999227533,-0.09287610650062561,-0.16290247440338135,-0.05264253057208634,-0.06654718518257141,-0.24513337016105652,-0.07847341783013917,-0.018282055854797363,-0.3122609257698059,-0.09928961731162644,-0.07528731226921082,-0.28233805298805237,-0.023076251890927324,-0.09562349319458008,-0.3607184886932373,-0.08162210769620515,-0.10425713658332825,-0.29885250329971313,-0.11897661424842454,-0.1017833948135376,-0.23058867454528809,-0.13429985083308793,-0.017256557941436768,-0.2890142500400543,-0.03158587477770425,-0.03601491451263428,-0.3816639184951782,-0.09059620536532975,-0.060781270265579224,-0.3049550950527191,-0.11118173487153626,-0.06860634684562683,-0.22934147715568542,-0.1082568082925377,0.03854191303253174,-0.2677914798259735,-0.046807980906635294,0.009790360927581787,-0.2694461941719055,-0.09813208020892716,-0.02357649803161621,-0.16886308789253235,-0.09324474520650483,-0.03651922941207886,-0.1062806248664856,-0.07298951483932115,0.08711332082748413,-0.2277846336364746,-0.06502451635566331,0.051104843616485596,-0.22421354055404663,-0.08909623212781526,0.03057575225830078,-0.16549843549728394,-0.07622576392856217,0.02936023473739624,-0.13496726751327515,-0.05726335458126641
N,0.0,0.0,0.0,-0.0575043261051178,-0.06486749649047852,-0.030181912678330036,-0.09066176414489746,-0.15580081939697266,-0.0569152720002819,-0.06693583726882935,-0.23704156279563904,-0.08488014710232505,-0.02125602960586548,-0.30594873428344727,-0.10798520219609031,-0.07730919122695923,-0.2765328884124756,-0.028621651205270382,-0.09841024875640869,-0.3580760955810547,-0.08891410005375633,-0.10618335008621216,-0.29504233598709106,-0.1264360435037304,-0.10334211587905884,-0.22628065943717957,-0.1413337029246975,-0.019152283668518066,-0.28121426701545715,-0.036977238926141354,-0.037786126136779785,-0.37940359115600586,-0.09770774466082344,-0.06146153807640076,-0.30246517062187195,-0.11826341223999748,-0.06946751475334167,-0.22811928391456604,-0.11510070783182869,0.03730994462966919,-0.2596791684627533,-0.05188748982831726,0.009329378604888916,-0.27038154006004333,-0.1058986521987606,-0.02417457103729248,-0.16622582077980042,-0.10093327981516609,-0.03820347785949707,-0.10220539569854736,-0.08008630198523292,0.08733385801315308,-0.22131159901618958,-0.06949461621329078,0.050246238708496094,-0.2219485640525818,-0.0953812189130474,0.02786242961883545,-0.15842211246490479,-0.08195974302574882,0.024822652339935303,-0.12491375207901001,-0.06231512499138603
N,0.0,0.0,0.0,-0.05996984243392944,-0.06906062364578247,-0.028355462713022916,-0.09169337153434753,-0.1614285111427307,-0.05385348783232757,-0.06760996580123901,-0.24409136176109314,-0.08070859895445892,-0.019322633743286133,-0.31144750118255615,-0.1029424055049617,-0.07585170865058899,-0.282206267118454,-0.027170973135014265,-0.0978662371635437,-0.360043466091156,-0.0837262405584056,-0.10552224516868591,-0.299286425113678,-0.11979371146657058,-0.10403984785079956,-0.23307952284812927,-0.13434780971505234,-0.01870715618133545,-0.2884349822998047,-0.035606393826981275,-0.03937572240829468,-0.3828950524330139,-0.09283464984395096,-0.06191617250442505,-0.30833470821380615,-0.11241499917008468,-0.07135555148124695,-0.22921764850616455,-0.10902091698147842,0.036802828311920166,-0.2689209580421448,-0.050144238633890836,0.00603330135345459,-0.26955971121788025,-0.10046988563038894,-0.02558237314224243,-0.1692764163017273,-0.09670498804547378,-0.0400921106338501,-0.10035550594329834,-0.07721530483462402,0.08512651920318604,-0.2308058738708496,-0.06746703223683426,0.04603856801986694,-0.2256973683834076,-0.09081100509860107,0.021125733852386475,-0.16136783361434937,-0.07759849564530441,0.013897478580474854,-0.11842334270477295,-0.05833021388747284
N,0.0,0.0,0.0,-0.059865206480026245,-0.06800699234008789,-0.029856005729044455,-0.09243792295455933,-0.15963894128799438,-0.056454280436838644,-0.06836271286010742,-0.24297752976417542,-0.08421921548327305,-0.021721959114074707,-0.3130548298358917,-0.10722984191855289,-0.0794302225112915,-0.2791314423084259,-0.02883069780548908,-0.10069602727890015,-0.3604012727737427,-0.0869809296437154,-0.10739478468894958,-0.29967811703681946,-0.12332460102518894,-0.10494789481163025,-0.23256701231002808,-0.13761385348519184,-0.021921634674072266,-0.28530260920524597,-0.03668526378353931,-0.04037952423095703,-0.3829072117805481,-0.09512489852389194,-0.06264984607696533,-0.3103829622268677,-0.11503551718672611,-0.07217785716056824,-0.2333565652370453,-0.11189739224394657,0.033728837966918945,-0.26650765538215637,-0.05090489429315426,0.004729866981506348,-0.27067703008651733,-0.10307833370646335,-0.026522517204284668,-0.17068389058113098,-0.09931129035433628,-0.04120028018951416,-0.10374140739440918,-0.07960345414360859,0.08236581087112427,-0.23017334938049316,-0.06789136496266224,0.04491811990737915,-0.2277713418006897,-0.09226333168228962,0.02166503667831421,-0.1623268723487854,-0.07896240618904926,0.01533496379852295,-0.12066513299942017,-0.059620378584469336
N,0.0,0.0,0.0,-0.06004786491394043,-0.07049041986465454,-0.02574806431070442,-0.09303435683250427,-0.16024625301361084,-0.05105626353756065,-0.07102218270301819,-0.2426181137561798,-0.07859456682339783,-0.024906635284423828,-0.3135090172290802,-0.10191512996092911,-0.08004334568977356,-0.2780134677886963,-0.021999619470392417,-0.10241827368736267,-0.36465176939964294,-0.07957025760546799,-0.10733899474143982,-0.30960381031036377,-0.11670993411675568,-0.1030735969543457,-0.2430298924446106,-0.1312825023545372,-0.023348569869995117,-0.2834089398384094,-0.032179152162228775,-0.041590094566345215,-0.38561034202575684,-0.08884210282698746,-0.06287109851837158,-0.3150838315486908,-0.10899579668179626,-0.07082229852676392,-0.23891708254814148,-0.10607888692751999,0.0321691632270813,-0.26420533657073975,-0.0487266495241272,0.0029216408729553223,-0.27805373072624207,-0.10062001788750763,-0.027691006660461426,-0.17813777923583984,-0.09701261812583084,-0.03978383541107178,-0.11142224073410034,-0.07725522810355301,0.08177530765533447,-0.2274232804775238,-0.06757336998120422,0.0419197678565979,-0.2354542315006256,-0.09228529924288864,0.017593443393707275,-0.1675248146057129,-0.07799958580866928,0.012425482273101807,-0.12348055839538574,-0.0577164939953434
N,0.0,0.0,0.0,-0.05784487724304199,-0.060932457447052,-0.030514145421449257,-0.09697544574737549,-0.14779621362686157,-0.057278020458880974,-0.0844697654247284,-0.23108989000320435,-0.08556551687664182,-0.03939974308013916,-0.3001094162464142,-0.10866701804346235,-0.0818479061126709,-0.2763787806034088,-0.02609398044890554,-0.10537588596343994,-0.3643490672111511,-0.0841566791409889,-0.10936671495437622,-0.30497249960899353,-0.11975846641010435,-0.1032673716545105,-0.2385595738887787,-0.13308462701982648,-0.024376332759857178,-0.28199198842048645,-0.03350454770273359,-0.04504185914993286,-0.3855573534965515,-0.09137836300081403,-0.06498986482620239,-0.3131560981273651,-0.11094562910741956,-0.07070189714431763,-0.23900386691093445,-0.1071003174061218,0.031644463539123535,-0.2631716728210449,-0.04770471357053907,0.0002859830856323242,-0.2717639207839966,-0.10159422658628614,-0.03014528751373291,-0.17087221145629883,-0.09927205197757871,-0.042042434215545654,-0.1041724681854248,-0.07950494639820249,0.0818396806716919,-0.22858312726020813,-0.06443835251278074,0.04298841953277588,-0.234110027551651,-0.08974371306842954,0.020813703536987305,-0.17101234197616577,-0.07764168285078199,0.016909003257751465,-0.13052678108215332,-0.058769991772834373
N,0.0,0.0,0.0,-0.05685615539550781,-0.06787770986557007,-0.02471578486023418,-0.09190720319747925,-0.16168254613876343,-0.04835723705349437,-0.0775083601474762,-0.24701327085494995,-0.07480908177552692,-0.03399658203125,-0.3189983367919922,-0.09689556799588672,-0.07977095246315002,-0.28097182512283325,-0.017463417646865764,-0.10389500856399536,-0.36974412202835083,-0.07455229751525394,-0.1098831295967102,-0.31404438614845276,-0.11027619980035297,-0.10331863164901733,-0.24623405933380127,-0.12365096054730884,-0.022079408168792725,-0.2869797348976135,-0.027588665408472934,-0.04371154308319092,-0.3941196799278259,-0.08418588332591526,-0.06642138957977295,-0.3229272961616516,-0.10381212822852603,-0.07209700345993042,-0.2484193742275238,-0.10009981684146396,0.03370344638824463,-0.2688058614730835,-0.044269233865122715,-0.0012066960334777832,-0.28795725107192993,-0.09706532202420703,-0.03146183490753174,-0.18410933017730713,-0.0928302481001424,-0.03988677263259888,-0.11771494150161743,-0.07193230829892627,0.0840749740600586,-0.23392876982688904,-0.0630271806543874,0.04050534963607788,-0.24670228362083435,-0.08784069858251087,0.017739593982696533,-0.17911380529403687,-0.07361873976645938,0.016522765159606934,-0.13846629858016968,-0.053156457764487186
