label,x0,y0,z0,x1,y1,z1,x2,y2,z2,x3,y3,z3,x4,y4,z4,x5,y5,z5,x6,y6,z6,x7,y7,z7,x8,y8,z8,x9,y9,z9,x10,y10,z10,x11,y11,z11,x12,y12,z12,x13,y13,z13,x14,y14,z14,x15,y15,z15,x16,y16,z16,x17,y17,z17,x18,y18,z18,x19,y19,z19,x20,y20,z20
O,0.0,0.0,0.0,-0.10641971230506897,-0.04816931486129761,-0.0003304534934613912,-0.18834063410758972,-0.10879343748092651,-0.011812014522092795,-0.24685251712799072,-0.15986287593841553,-0.036622634174364066,-0.25147712230682373,-0.2369501292705536,-0.05777707883908079,-0.12898632884025574,-0.2705148756504059,0.05094100346968844,-0.17571750283241272,-0.37328964471817017,0.008818939311368013,-0.2216896414756775,-0.3419817090034485,-0.030935755016344046,-0.2457878589630127,-0.2887806296348572,-0.05354374835087583,-0.09739401936531067,-0.28844937682151794,0.027093397436601663,-0.1524258553981781,-0.4114755094051361,-0.019772725196617102,-0.20733845233917236,-0.36863866448402405,-0.05875973218871877,-0.23090055584907532,-0.301339715719223,-0.07677074337198064,-0.06146344542503357,-0.29754042625427246,-0.00531243022351191,-0.11489710211753845,-0.41399748623371124,-0.042951373400228476,-0.1799429953098297,-0.36501801013946533,-0.06659076178266332,-0.21066612005233765,-0.29170238971710205,-0.07343726420594976,-0.023624837398529053,-0.29100164771080017,-0.03961913475586698,-0.07759621739387512,-0.3756687045097351,-0.06224605256511495,-0.137911856174469,-0.35398033261299133,-0.07412245685054586,-0.1751667857170105,-0.3073514401912689,-0.07807187551452444
O,0.0,0.0,0.0,-0.10521349310874939,-0.052438318729400635,0.0004864623110165667,-0.1875183880329132,-0.11518740653991699,-0.01024935156652873,-0.24607428908348083,-0.1670842468738556,-0.03419461235949939,-0.2520015239715576,-0.2433188557624817,-0.05455660954663699,-0.12897160649299622,-0.2749510109424591,0.0523622357790714,-0.17624488472938538,-0.3733636736869812,0.01197087164422328,-0.22220107913017273,-0.34427791833877563,-0.026674556961154394,-0.24744248390197754,-0.29422736167907715,-0.04900994286487048,-0.09634760022163391,-0.29374057054519653,0.028294222945476122,-0.15377211570739746,-0.41247814893722534,-0.017115367060398512,-0.20830801129341125,-0.37085622549057007,-0.05524425343224948,-0.23312771320343018,-0.3056926131248474,-0.07313578337976878,-0.06004554033279419,-0.3029247522354126,-0.004184221332764082,-0.11611592769622803,-0.4153742641210556,-0.0417966111058945,-0.1806611716747284,-0.36576181650161743,-0.06493816286871379,-0.21150770783424377,-0.292559415102005,-0.0715420594866032,-0.023526877164840698,-0.29633012413978577,-0.038416826581453734,-0.07936310768127441,-0.3774101734161377,-0.06192132220218127,-0.13947021961212158,-0.35392284393310547,-0.07385802776167338,-0.17653506994247437,-0.30638572573661804,-0.07772442460606044
O,0.0,0.0,0.0,-0.10528972744941711,-0.053308844566345215,-0.000982593983735569,-0.1857810616493225,-0.11603808403015137,-0.013296150142650731,-0.24123552441596985,-0.16870403289794922,-0.03862252878616346,-0.24529218673706055,-0.24357080459594727,-0.060513906652431615,-0.12562239170074463,-0.2772614359855652,0.04682556120087611,-0.17146113514900208,-0.380202054977417,0.0022494236413876934,-0.21811836957931519,-0.34566596150398254,-0.03893581452439321,-0.24248315393924713,-0.2875983715057373,-0.06220098632047666,-0.09323003888130188,-0.2951688766479492,0.023119925981063716,-0.15023866295814514,-0.4152790904045105,-0.025856571743588574,-0.20557206869125366,-0.3678976893424988,-0.06573684933255208,-0.22897011041641235,-0.29711174964904785,-0.08436502190897954,-0.05692136287689209,-0.30346423387527466,-0.009070357779364713,-0.11098173260688782,-0.4224749952554703,-0.04885019781659139,-0.17618751525878906,-0.37227481603622437,-0.07343806746075643,-0.2071378231048584,-0.29587221145629883,-0.08080237778494848,-0.01880618929862976,-0.29531726241111755,-0.04306590231726659,-0.07335898280143738,-0.37937575578689575,-0.06866135122845662,-0.13378691673278809,-0.35936498641967773,-0.08231816115448964,-0.1718762218952179,-0.3140033483505249,-0.08711627545426381
O,0.0,0.0,0.0,-0.10954231023788452,-0.05542081594467163,0.004735350250825832,-0.19039684534072876,-0.11536639928817749,-0.004218902331217578,-0.2472429871559143,-0.16694271564483643,-0.02794728743322139,-0.25494813919067383,-0.23940038681030273,-0.049224929310753396,-0.13069254159927368,-0.27308762073516846,0.059039759091660926,-0.17685014009475708,-0.3715912997722626,0.018778289310262153,-0.22272107005119324,-0.3420153856277466,-0.021494911410286477,-0.24940410256385803,-0.2902534306049347,-0.0453203705925489,-0.09877437353134155,-0.29270124435424805,0.03225349878482575,-0.1576758325099945,-0.4113064408302307,-0.014854658753051808,-0.21126648783683777,-0.3676939308643341,-0.057132763214781335,-0.23585152626037598,-0.30082234740257263,-0.07780357951708083,-0.06291374564170837,-0.30274468660354614,-0.0028114324755961206,-0.12055811285972595,-0.41859641671180725,-0.04260611290521865,-0.18475162982940674,-0.36834293603897095,-0.06964307779855972,-0.2162805199623108,-0.2930789589881897,-0.07864214981384521,-0.024608492851257324,-0.2964891493320465,-0.039157160915806344,-0.08090615272521973,-0.3790293335914612,-0.06539363170452361,-0.13983076810836792,-0.3568419814109802,-0.07987786585874801,-0.1771550178527832,-0.30959734320640564,-0.08535673970766311
O,0.0,0.0,0.0,-0.1096922755241394,-0.052011311054229736,0.004478543074242225,-0.19059202075004578,-0.11193114519119263,-0.0035101657180121038,-0.24412348866462708,-0.16646108031272888,-0.025391218243726144,-0.25208452343940735,-0.24037739634513855,-0.04458328987527693,-0.1333819329738617,-0.270527184009552,0.05486956332754289,-0.18048891425132751,-0.3688153028488159,0.015476855458132377,-0.22312039136886597,-0.3372209966182709,-0.02263505662847365,-0.24516713619232178,-0.2827659845352173,-0.0443474566476425,-0.10042929649353027,-0.2912057638168335,0.02929934580754434,-0.15794655680656433,-0.4092618525028229,-0.0151001773687085,-0.20970702171325684,-0.36554181575775146,-0.05349023173619116,-0.23185467720031738,-0.2978002727031708,-0.07164070661235655,-0.06379592418670654,-0.3011710047721863,-0.00433204555008615,-0.11962312459945679,-0.41792042553424835,-0.04191314707566107,-0.18258339166641235,-0.3690929114818573,-0.06624279077220763,-0.21247544884681702,-0.29553675651550293,-0.07387921120096053,-0.025480151176452637,-0.29500049352645874,-0.03918706159163321,-0.08316037058830261,-0.37758976221084595,-0.06372894997764433,-0.14158892631530762,-0.35475316643714905,-0.07629430200029219,-0.17773890495300293,-0.30808010697364807,-0.08050863350797499
O,0.0,0.0,0.0,-0.11373114585876465,-0.057167887687683105,0.008776287000614502,-0.19392350316047668,-0.117739737033844,0.002410532824683287,-0.24900825321674347,-0.1681135594844818,-0.019641992252331875,-0.25751256942749023,-0.24164122343063354,-0.03916115927324881,-0.13273680210113525,-0.27438613772392273,0.06438145545496354,-0.18198809027671814,-0.37508100271224976,0.025967668194311955,-0.22769445180892944,-0.3421247601509094,-0.013379321049910686,-0.25128600001335144,-0.287942111492157,-0.03683239090071311,-0.10072410106658936,-0.2936609089374542,0.03532293942942033,-0.16043710708618164,-0.4124751091003418,-0.008688851807278297,-0.21393772959709167,-0.36618781089782715,-0.05033774914966216,-0.23514437675476074,-0.29799965023994446,-0.07155927511678328,-0.06549102067947388,-0.30287882685661316,-0.001873956842359803,-0.12231495976448059,-0.41778799891471863,-0.03802072497830977,-0.18565931916236877,-0.3681303560733795,-0.06506423893199553,-0.21374747157096863,-0.2939637303352356,-0.07548395040259948,-0.028760194778442383,-0.2960742712020874,-0.04030017050729384,-0.08453845977783203,-0.37934476137161255,-0.06364316734300246,-0.14369302988052368,-0.3560103178024292,-0.07758803906665435,-0.17894214391708374,-0.3069940209388733,-0.08362503590808501
O,0.0,0.0,0.0,-0.10657447576522827,-0.05074512958526611,-0.001214710501699301,-0.1893770694732666,-0.11312097311019897,-0.01279659461670235,-0.2467404454946518,-0.16372007131576538,-0.03695615925335005,-0.2548666000366211,-0.23938465118408203,-0.05763230272077635,-0.1294451355934143,-0.27326342463493347,0.04450974441624567,-0.17803585529327393,-0.37565428018569946,0.001565720215694455,-0.22429001331329346,-0.34098756313323975,-0.03719831802391127,-0.248012512922287,-0.2868935763835907,-0.0590238923623474,-0.09578055143356323,-0.291986346244812,0.021300286199220864,-0.15753811597824097,-0.4120461195707321,-0.02639960296892241,-0.21148133277893066,-0.36322635412216187,-0.06410062112354353,-0.23261821269989014,-0.2953701615333557,-0.0812782327129753,-0.05920690298080444,-0.30114349722862244,-0.010164059553972038,-0.11884716153144836,-0.4131566286087036,-0.049860047031870636,-0.18207061290740967,-0.3605887293815613,-0.07277452744983748,-0.210831880569458,-0.28784018754959106,-0.07892410256408766,-0.021824002265930176,-0.2947652041912079,-0.043317613978615555,-0.08148974180221558,-0.37461337447166443,-0.06878694691204146,-0.1419486403465271,-0.35276907682418823,-0.08135685123943404,-0.17953473329544067,-0.3082786500453949,-0.08536713369630888
O,0.0,0.0,0.0,-0.10658371448516846,-0.05094081163406372,0.0010613879061907028,-0.1891440451145172,-0.11474370956420898,-0.008527627949263206,-0.24362903833389282,-0.16622862219810486,-0.030730437290515056,-0.25102846324443817,-0.23565441370010376,-0.049551358249630084,-0.12264654040336609,-0.2755869925022125,0.044721948179756055,-0.16925311088562012,-0.3757704198360443,0.004159627679143796,-0.2190399467945099,-0.34120437502861023,-0.032291391667570224,-0.24359866976737976,-0.2870393991470337,-0.052504246857608905,-0.09130203723907471,-0.2915197014808655,0.021415163028393636,-0.14992529153823853,-0.40843096375465393,-0.02362775037869369,-0.20735356211662292,-0.3618554472923279,-0.05921539085790073,-0.23012492060661316,-0.29639363288879395,-0.07527021857782756,-0.05676025152206421,-0.2982572317123413,-0.009723112721587768,-0.11502784490585327,-0.41004158556461334,-0.04815156179353153,-0.1821138560771942,-0.35703539848327637,-0.06988624277397548,-0.21236976981163025,-0.2843512296676636,-0.07528178932949459,-0.022317558526992798,-0.2900439500808716,-0.04218488353177463,-0.08116176724433899,-0.37358951568603516,-0.0663379410175935,-0.1409165859222412,-0.35006168484687805,-0.0770699435739175,-0.17631292343139648,-0.30272364616394043,-0.07971112969204341
O,0.0,0.0,0.0,-0.10676375031471252,-0.048699378967285156,0.005117464914633274,-0.19093859195709229,-0.11368721723556519,-0.0021021132248506547,-0.24788419902324677,-0.1624372899532318,-0.023016825679974318,-0.2569928467273712,-0.23234641551971436,-0.04101249984307742,-0.1240164041519165,-0.2775152027606964,0.05277189576224828,-0.1749120056629181,-0.37304285168647766,0.013362873915298223,-0.2244585156440735,-0.33983105421066284,-0.023446131859259367,-0.2500889152288437,-0.2850300073623657,-0.044015370670990706,-0.09240573644638062,-0.2952120006084442,0.027201497565670252,-0.15487617254257202,-0.4064399302005768,-0.017552823189930677,-0.2120649218559265,-0.3600507974624634,-0.05551641843123889,-0.236113503575325,-0.2947061359882355,-0.07301617077393985,-0.05735167860984802,-0.3027641773223877,-0.006053761475072861,-0.11876913905143738,-0.40690094232559204,-0.04433661362929797,-0.1864471733570099,-0.3537692427635193,-0.0679128359894321,-0.2187315821647644,-0.28230810165405273,-0.07431421837611651,-0.02375611662864685,-0.29423102736473083,-0.040284548316435576,-0.08660265803337097,-0.37104055285453796,-0.06475397608085132,-0.14877325296401978,-0.35182780027389526,-0.07663983515305972,-0.18733665347099304,-0.31231874227523804,-0.07982764056725955
O,0.0,0.0,0.0,-0.10815292596817017,-0.04987990856170654,0.0024685298564008917,-0.19182175397872925,-0.11253070831298828,-0.0065233868075438295,-0.24939721822738647,-0.15951007604599,-0.028964948141378954,-0.2618643641471863,-0.23163941502571106,-0.04838327341656168,-0.12563052773475647,-0.27837052941322327,0.05116720846910994,-0.17845213413238525,-0.36774006485939026,0.010609661928015157,-0.22731506824493408,-0.33338606357574463,-0.02783222147206743,-0.25230926275253296,-0.2776542901992798,-0.04954332881550272,-0.09466150403022766,-0.2969589829444885,0.02633853419740717,-0.15854153037071228,-0.4037266969680786,-0.01830614008883913,-0.21630296111106873,-0.3563195765018463,-0.05613682442287882,-0.24003508687019348,-0.2884994447231293,-0.07408620440344293,-0.06028333306312561,-0.30476319789886475,-0.006702824727994994,-0.1213526725769043,-0.4077002704143524,-0.04443414905051668,-0.1900179386138916,-0.3552190661430359,-0.06796366744617899,-0.22211605310440063,-0.28274497389793396,-0.07491880678514917,-0.027508258819580078,-0.2952178120613098,-0.041174106532139376,-0.08974093198776245,-0.37087005376815796,-0.06498002284149607,-0.15356966853141785,-0.34955358505249023,-0.07684075855593164,-0.1930406093597412,-0.306002140045166,-0.08045867108683069
O,0.0,0.0,0.0,-0.10935968160629272,-0.0504152774810791,0.002112157730380204,-0.19390276074409485,-0.1146191954612732,-0.007184785703202579,-0.2509617209434509,-0.16216391324996948,-0.02932444438897619,-0.2639084607362747,-0.23368698358535767,-0.04824800268374929,-0.1245701014995575,-0.28534120321273804,0.048412417614827064,-0.18141639232635498,-0.37030771374702454,0.006928868213663009,-0.2305966019630432,-0.335078626871109,-0.0317893236931468,-0.25544995069503784,-0.27975162863731384,-0.05350940153562078,-0.09223830699920654,-0.30506235361099243,0.023842077324161437,-0.1613924503326416,-0.4074878990650177,-0.02074442282878408,-0.21969640254974365,-0.35803985595703125,-0.056826947635045144,-0.24335050582885742,-0.28875601291656494,-0.07349048406445036,-0.05757591128349304,-0.3115437626838684,-0.00894766338728914,-0.12484747171401978,-0.41080695390701294,-0.04629984722100744,-0.19462162256240845,-0.35873323678970337,-0.06786410362087736,-0.22746142745018005,-0.28760799765586853,-0.07358207405172834,-0.026263713836669922,-0.29820409417152405,-0.04328020513617048,-0.09265902638435364,-0.3717108964920044,-0.06708426625095854,-0.15724259614944458,-0.35124337673187256,-0.07817588598095426,-0.19727382063865662,-0.31022679805755615,-0.08104618490301618
O,0.0,0.0,0.0,-0.10917821526527405,-0.047187089920043945,0.0002777491940832988,-0.19475972652435303,-0.11124122142791748,-0.009350180141609599,-0.25364862382411957,-0.15802979469299316,-0.031178361251932074,-0.2702311873435974,-0.22737544775009155,-0.049536280781012465,-0.1260659396648407,-0.28740423917770386,0.046449932754057954,-0.18270674347877502,-0.37404873967170715,0.005946367997694324,-0.2321099042892456,-0.3399216830730438,-0.03203637570140927,-0.2584516555070877,-0.28414157032966614,-0.05321417048571675,-0.09377527236938477,-0.30618661642074585,0.02348457232119472,-0.1644066870212555,-0.4070442318916321,-0.019787548556905676,-0.22289490699768066,-0.3579502999782562,-0.05596435859797566,-0.24713832139968872,-0.2877040207386017,-0.07309911072252362,-0.0597786009311676,-0.31171751022338867,-0.00760099895296662,-0.12708398699760437,-0.4064299762248993,-0.04354016527531712,-0.1978016346693039,-0.358087956905365,-0.06606091976163952,-0.23272527754306793,-0.28911784291267395,-0.07303324013946622,-0.0303918719291687,-0.29744336009025574,-0.04029919624326794,-0.09668576717376709,-0.3678562641143799,-0.06288663715122311,-0.16089153289794922,-0.3495400547981262,-0.07423983186481564,-0.20143821835517883,-0.31048449873924255,-0.07765948444603055
O,0.0,0.0,0.0,-0.11451026797294617,-0.05165588855743408,0.008145446782464205,-0.20021513104438782,-0.11308938264846802,0.0002125494454503496,-0.25974924862384796,-0.15872794389724731,-0.022715060146992982,-0.2752399444580078,-0.2312268316745758,-0.043010311307853044,-0.12760469317436218,-0.28842929005622864,0.05940664735203427,-0.1902480125427246,-0.3697730302810669,0.019833328095728575,-0.24048663675785065,-0.3373331129550934,-0.020194755973761858,-0.2676604986190796,-0.2819281816482544,-0.043525351318066896,-0.0953211784362793,-0.30854713916778564,0.030410168585831343,-0.1719733476638794,-0.40804213285446167,-0.012035490120297254,-0.2322983741760254,-0.3596898019313812,-0.05166040930384952,-0.2577017992734909,-0.2877352833747864,-0.07218029919499713,-0.06280660629272461,-0.3151710331439972,-0.006639769873117984,-0.13550934195518494,-0.4116077125072479,-0.04168711054558116,-0.20875123143196106,-0.36369916796684265,-0.06635422083968479,-0.24430149793624878,-0.29195982217788696,-0.07566224608058292,-0.03662371635437012,-0.3013315796852112,-0.04492637339467365,-0.10708454251289368,-0.3711797297000885,-0.06690067622298557,-0.17336943745613098,-0.35166072845458984,-0.07873207155103046,-0.2144482433795929,-0.3096551299095154,-0.08327434781426746
O,0.0,0.0,0.0,-0.11373555660247803,-0.04742753505706787,0.0070352340064800956,-0.19930481910705566,-0.1090969443321228,0.0002002620260554977,-0.25813113152980804,-0.15581625699996948,-0.020820131996288183,-0.27760566771030426,-0.2260531783103943,-0.039054036611332776,-0.13168364763259888,-0.28558579087257385,0.05707484809158814,-0.19343996047973633,-0.3642372786998749,0.018507999828443644,-0.24486538767814636,-0.3311251103878021,-0.01942352625133026,-0.2729218155145645,-0.2762308120727539,-0.040979844057574155,-0.09917953610420227,-0.30764204263687134,0.03002328937350285,-0.1753542423248291,-0.4028775095939636,-0.010238855616762521,-0.2366204410791397,-0.3530230224132538,-0.04564972268940437,-0.26277582347393036,-0.281859427690506,-0.06325905072094429,-0.06595927476882935,-0.31510603427886963,-0.005152902105464818,-0.13985216617584229,-0.408769816160202,-0.040043466264023664,-0.21281340718269348,-0.3570602238178253,-0.0614417684316777,-0.24791142344474792,-0.28431662917137146,-0.06808363693357933,-0.03862142562866211,-0.3028665781021118,-0.041577551984801175,-0.11054125428199768,-0.36696410179138184,-0.06395444321037758,-0.17644676566123962,-0.34502166509628296,-0.07445845054985512,-0.21730801463127136,-0.3027902841567993,-0.07748742448688972
O,0.0,0.0,0.0,-0.11343240737915039,-0.0493546724319458,0.0055828391154477686,-0.19787397980690002,-0.10977250337600708,-0.001336622419842115,-0.25811272859573364,-0.1589646339416504,-0.02255600611221098,-0.27523721754550934,-0.23052802681922913,-0.04058873946320318,-0.1322641372680664,-0.2851330637931824,0.059581362507231006,-0.19372278451919556,-0.3629903793334961,0.021196431345231304,-0.24475476145744324,-0.32815712690353394,-0.01716950642418169,-0.27180007100105286,-0.2722506523132324,-0.039221546747796765,-0.10220345854759216,-0.30767273902893066,0.033504799804575214,-0.17875266075134277,-0.4005192369222641,-0.006020857621990672,-0.23851287364959717,-0.35014253854751587,-0.04198531726848387,-0.2631969600915909,-0.2814182639122009,-0.060245591350906125,-0.06889292597770691,-0.3166118562221527,-0.0009938463522871643,-0.14251434803009033,-0.4096423089504242,-0.03567136744510435,-0.21400202810764313,-0.3555838465690613,-0.057420390793197384,-0.24693334102630615,-0.2817502021789551,-0.06418357709895872,-0.03963959217071533,-0.305471807718277,-0.03699035862933897,-0.11083602905273438,-0.37122124433517456,-0.05936957071077131,-0.17692145705223083,-0.34754425287246704,-0.07005766699563765,-0.21670590341091156,-0.30210018157958984,-0.07301879594575666
O,0.0,0.0,0.0,-0.1093650758266449,-0.04776012897491455,0.001807254669301983,-0.19284895062446594,-0.10416150093078613,-0.007272494095332149,-0.2521645724773407,-0.1515222191810608,-0.02967919881916714,-0.26770515739917755,-0.223098486661911,-0.04831626925147248,-0.12781989574432373,-0.2784593999385834,0.05190971207343864,-0.18541638553142548,-0.36329394578933716,0.011172325280540463,-0.23729351162910461,-0.3267209529876709,-0.02657146851993275,-0.2633078396320343,-0.271401047706604,-0.04743545788801384,-0.09897071123123169,-0.2998259365558624,0.02844014291190433,-0.17104306817054749,-0.4014143645763397,-0.013945992174512867,-0.23189079761505127,-0.3484112024307251,-0.04819115537679863,-0.2553931474685669,-0.2795218825340271,-0.06390823337710572,-0.06683635711669922,-0.30959978699684143,-0.0035267808241314924,-0.13587012887001038,-0.40801307559013367,-0.03973619926250649,-0.20635327696800232,-0.3513794541358948,-0.05948824349320603,-0.23765258491039276,-0.276669442653656,-0.06371091965115738,-0.037552475929260254,-0.30084845423698425,-0.037246170523530964,-0.1041502058506012,-0.3692950904369354,-0.05943339976943207,-0.16904771327972412,-0.3464987277984619,-0.0690497598377533,-0.20836666226387024,-0.3024682104587555,-0.0705690971342392
O,0.0,0.0,0.0,-0.11351722478866577,-0.04848891496658325,0.007947099661805623,-0.19905708730220795,-0.10302048921585083,0.001547616591096812,-0.26064690947532654,-0.1506647765636444,-0.01978644608857394,-0.27277834713459015,-0.2244342863559723,-0.0377957808912015,-0.13370200991630554,-0.272655725479126,0.06398973361251592,-0.18976043164730072,-0.35651570558547974,0.027629773399212354,-0.24116331338882446,-0.3269183337688446,-0.009617820115408904,-0.27050986886024475,-0.2769666910171509,-0.031520201557896144,-0.10519805550575256,-0.2958090603351593,0.036831137990930074,-0.1746882200241089,-0.39982670545578003,-0.0020821881141728227,-0.23628678917884827,-0.3538895547389984,-0.03731268524529696,-0.2636379897594452,-0.28784799575805664,-0.05501783146860362,-0.07283088564872742,-0.3078482747077942,0.0013184768952214654,-0.1393437385559082,-0.41185785830020905,-0.03144338234665156,-0.2106388956308365,-0.35801607370376587,-0.05134978398086787,-0.24367642402648926,-0.28307676315307617,-0.057139533305189616,-0.042155563831329346,-0.3009489178657532,-0.03576426460745097,-0.10658079385757446,-0.37235115468502045,-0.055470390909931666,-0.17335572838783264,-0.3487662076950073,-0.06469127043487788,-0.21480223536491394,-0.3033619225025177,-0.06712257369758845
O,0.0,0.0,0.0,-0.11163756251335144,-0.045273005962371826,0.0027984445624724685,-0.1979210376739502,-0.09559351205825806,-0.006928968970782989,-0.2606422007083893,-0.14013773202896118,-0.030338685290075773,-0.2719917744398117,-0.21328583359718323,-0.05013954199955606,-0.13299116492271423,-0.2677523195743561,0.05410866133763648,-0.19151483476161957,-0.3550448566675186,0.013120615593038565,-0.244370236992836,-0.3215235471725464,-0.025866792799092764,-0.27165865898132324,-0.2679200768470764,-0.04802605815336847,-0.10487070679664612,-0.2891904413700104,0.029347919597171312,-0.17669156193733215,-0.39871712028980255,-0.014508932159401411,-0.2380009889602661,-0.346880704164505,-0.05115006052062654,-0.2622355818748474,-0.2762258052825928,-0.0685298994939103,-0.0725100040435791,-0.3011802136898041,-0.00382755164162063,-0.13883161544799805,-0.4108066111803055,-0.039872593508221144,-0.20984546840190887,-0.3547698110342026,-0.06082130156562471,-0.24139341711997986,-0.2788234353065491,-0.0662178576748147,-0.04230716824531555,-0.2937307357788086,-0.03873697973892831,-0.10990035533905029,-0.363786518573761,-0.06030216373608255,-0.177240788936615,-0.3387042284011841,-0.07049933381483697,-0.21798372268676758,-0.2941247820854187,-0.07296476073668146
O,0.0,0.0,0.0,-0.11234787106513977,-0.04844778776168823,0.00626536914268172,-0.1978403925895691,-0.09948593378067017,-0.002419132840543625,-0.2610180974006653,-0.144879549741745,-0.02567288662186229,-0.2723701447248459,-0.2201797068119049,-0.045497937229185936,-0.13326555490493774,-0.26961809396743774,0.05929800671646035,-0.19149932265281677,-0.35957613587379456,0.020256059143036964,-0.2419031858444214,-0.33043232560157776,-0.01761244620075786,-0.268900603055954,-0.280457079410553,-0.03908965560486877,-0.10445541143417358,-0.2905854880809784,0.032676422867268684,-0.17448318004608154,-0.40323181450366974,-0.010054531608432171,-0.23396076261997223,-0.3559888154268265,-0.04623073908379638,-0.2590627074241638,-0.28730645775794983,-0.06300088959625327,-0.071841299533844,-0.302369624376297,-0.0022151813457753633,-0.13868695497512817,-0.4141763895750046,-0.03678062382033431,-0.20873130857944489,-0.3610939532518387,-0.05692325728824699,-0.2403184175491333,-0.2869245111942291,-0.06171298223426902,-0.041553884744644165,-0.2968018054962158,-0.03863530429890716,-0.10952088236808777,-0.37092001736164093,-0.05929903882434928,-0.17725339531898499,-0.34867390990257263,-0.06900906014135444,-0.21867352724075317,-0.30570313334465027,-0.07107810872486198
O,0.0,0.0,0.0,-0.11157548427581787,-0.045256197452545166,0.00890285989584072,-0.196181058883667,-0.09548208117485046,0.0028740652123246946,-0.25789541006088257,-0.14077845215797424,-0.01851841525791542,-0.26807937026023865,-0.21690568327903748,-0.03686948770342724,-0.13162639737129211,-0.2610572576522827,0.06688663086237057,-0.1871173083782196,-0.3524842709302902,0.03046422919572933,-0.23787741363048553,-0.3245787173509598,-0.006121781632884904,-0.26441457867622375,-0.27696719765663147,-0.027011466190799638,-0.10329565405845642,-0.2822391390800476,0.0391097376340781,-0.16979935765266418,-0.39987100660800934,-0.0016081180438618503,-0.2293754518032074,-0.35651424527168274,-0.037985886425360604,-0.2543424367904663,-0.28977149724960327,-0.055051169336422845,-0.07096287608146667,-0.29575565457344055,0.002862125889748768,-0.1358640491962433,-0.41109560430049896,-0.030453567371353074,-0.20577532052993774,-0.362863227725029,-0.051769464254959985,-0.23694546520709991,-0.2916821241378784,-0.05758915746270077,-0.039961159229278564,-0.29422900080680847,-0.03476948568282978,-0.10903367400169373,-0.3700462430715561,-0.05449659282027142,-0.17652106285095215,-0.34826141595840454,-0.06449391970096485,-0.21734485030174255,-0.30551236867904663,-0.06722038516460316
O,0.0,0.0,0.0,-0.10509952902793884,-0.04191690683364868,-0.002256980310221479,-0.19141006469726562,-0.09115761518478394,-0.014123699539368317,-0.25540685653686523,-0.13977542519569397,-0.03849757547027366,-0.2664555013179779,-0.21804121136665344,-0.059078351506059334,-0.13136732578277588,-0.25779324769973755,0.04985761930697663,-0.18573841452598572,-0.3496753126382828,0.008712664335007503,-0.2364647090435028,-0.3232203423976898,-0.029900372871225045,-0.26361608505249023,-0.2760061025619507,-0.05167624438649909,-0.10266748070716858,-0.27977263927459717,0.02732668732755883,-0.16634517908096313,-0.39632195234298706,-0.018070350312655137,-0.22535622119903564,-0.3552715331315994,-0.054534790017669366,-0.2514003813266754,-0.2884756922721863,-0.07090989212042587,-0.0701674222946167,-0.2932488024234772,-0.004080848214243815,-0.13290774822235107,-0.40581129491329193,-0.0412457631016423,-0.20194920897483826,-0.3600430339574814,-0.06293461928612487,-0.2346121072769165,-0.2895374000072479,-0.0682344333315541,-0.03806936740875244,-0.2906673550605774,-0.03756552646404998,-0.10687988996505737,-0.3627277910709381,-0.06025794232732551,-0.1730620563030243,-0.3433249741792679,-0.07171565751082198,-0.21426314115524292,-0.30256038904190063,-0.07488746652848022
O,0.0,0.0,0.0,-0.10448646545410156,-0.03837046027183533,-0.00503196713663101,-0.18967652320861816,-0.08699008822441101,-0.018790296811232565,-0.2518269419670105,-0.13306012749671936,-0.043992200467357634,-0.25923359394073486,-0.2097877562046051,-0.06588251662589073,-0.12263816595077515,-0.25349581241607666,0.040785564508666994,-0.1792769432067871,-0.34001775085926056,-0.0021816455494558795,-0.23162265121936798,-0.314017578959465,-0.041844343367586134,-0.2593616247177124,-0.2670215964317322,-0.0642249636087513,-0.09343788027763367,-0.27648162841796875,0.019696360852947237,-0.1582576334476471,-0.39027582108974457,-0.026787163290748595,-0.21911334991455078,-0.34930112957954407,-0.06353828084803581,-0.2474849671125412,-0.28276172280311584,-0.08042756986952782,-0.06011682748794556,-0.28978265821933746,-0.00985207368768215,-0.12458664178848267,-0.4049120545387268,-0.04846129712797165,-0.1963551938533783,-0.3597649782896042,-0.07053478581048012,-0.2316516935825348,-0.28967510163784027,-0.07618666214085579,-0.028847575187683105,-0.2843853831291199,-0.04142481607533455,-0.09907513856887817,-0.3576403111219406,-0.06620322686768532,-0.16685861349105835,-0.33985714614391327,-0.07863837254382133,-0.2097972184419632,-0.3007863461971283,-0.08233127516842842
O,0.0,0.0,0.0,-0.10799196362495422,-0.04058194160461426,-0.006154224900569716,-0.19368553161621094,-0.090695321559906,-0.019455473562743464,-0.25766727328300476,-0.13974633812904358,-0.04465888968672971,-0.26171818375587463,-0.21683835983276367,-0.06611958674159268,-0.1281062364578247,-0.2575162649154663,0.04825885438356181,-0.1827537715435028,-0.34516429901123047,0.0066263823117651555,-0.2325916290283203,-0.3211860656738281,-0.03356338820424298,-0.25976423919200897,-0.2736798822879791,-0.05729602432813863,-0.09792500734329224,-0.28223057091236115,0.027750118011567793,-0.1643000841140747,-0.38783693313598633,-0.01755375570621709,-0.2221616506576538,-0.34951338171958923,-0.056320098852779665,-0.2504107654094696,-0.2849131226539612,-0.07547790340152005,-0.06299537420272827,-0.2977597117424011,-0.0019090191182158378,-0.13094720244407654,-0.40937939286231995,-0.04070751524534444,-0.19930300116539001,-0.36287298798561096,-0.06395214579072217,-0.23354008793830872,-0.2895181179046631,-0.0706673987862132,-0.02966398000717163,-0.29359766840934753,-0.033923832392360964,-0.1023637056350708,-0.3610551953315735,-0.060485897278454104,-0.16878154873847961,-0.34113216400146484,-0.07480475089516858,-0.21076816320419312,-0.2987704277038574,-0.07972080043521146
O,0.0,0.0,0.0,-0.10495325922966003,-0.036129772663116455,-0.01008702791966698,-0.19194135069847107,-0.08833944797515869,-0.02435202035792372,-0.2542784512042999,-0.13932570815086365,-0.04946947168298266,-0.26041191816329956,-0.2179565727710724,-0.07068349864073298,-0.13224178552627563,-0.256011426448822,0.042007590870184686,-0.18307846784591675,-0.3467796891927719,-0.0025505034785737735,-0.23075458407402039,-0.32059162855148315,-0.044147842337565635,-0.2577184736728668,-0.27151457965373993,-0.06797922100611231,-0.09943509101867676,-0.2830401360988617,0.02390450354926088,-0.16056448221206665,-0.3919610530138016,-0.0245320263851454,-0.21695029735565186,-0.35159438848495483,-0.06374860252924464,-0.244136780500412,-0.28623899817466736,-0.0819441943962147,-0.06284084916114807,-0.2991763949394226,-0.0034485880818238,-0.12516742944717407,-0.40878550708293915,-0.043626573641972755,-0.18980073928833008,-0.36354564130306244,-0.066840168793874,-0.2218461036682129,-0.29228271543979645,-0.0727428838212063,-0.025266438722610474,-0.29626768827438354,-0.033448573907094215,-0.08932700753211975,-0.36566585302352905,-0.06008587848134539,-0.15298891067504883,-0.3497823178768158,-0.07433965500183604,-0.1949114203453064,-0.3096470385789871,-0.0788025676805546
O,0.0,0.0,0.0,-0.10537496209144592,-0.02920907735824585,-0.0062460752184279045,-0.19711697101593018,-0.08541080355644226,-0.01638635406072808,-0.25953446328639984,-0.14196792244911194,-0.037139847593266495,-0.26285848021507263,-0.2181110978126526,-0.05403409497614575,-0.14151409268379211,-0.25370678305625916,0.04460074035648631,-0.18925711512565613,-0.341520294547081,0.0051892039385847966,-0.2352583408355713,-0.31383657455444336,-0.0315442119705267,-0.26129963994026184,-0.2661042809486389,-0.05269437627669049,-0.10793182253837585,-0.2834821343421936,0.026021339280646316,-0.1672171652317047,-0.3902057558298111,-0.01687766583438588,-0.22169280052185059,-0.3517729640007019,-0.050032071487862595,-0.24815905094146729,-0.290448933839798,-0.06453714119072629,-0.06884044408798218,-0.30068132281303406,-0.001400219344418474,-0.13250628113746643,-0.40813273191452026,-0.038234628455597885,-0.1958993375301361,-0.3631707578897476,-0.057231627123314865,-0.2285420298576355,-0.2961771786212921,-0.06097130449290944,-0.027825772762298584,-0.29931312799453735,-0.031117036657292374,-0.09736889600753784,-0.36341048777103424,-0.0564085354077406,-0.16087806224822998,-0.34404802322387695,-0.06860865996952725,-0.20227843523025513,-0.3058449625968933,-0.0718608384000845
O,0.0,0.0,0.0,-0.10289222002029419,-0.0281943678855896,-0.005449931720193035,-0.19552990794181824,-0.08868244290351868,-0.014968170901681788,-0.25687462091445923,-0.1472683548927307,-0.035119311069991,-0.2598479390144348,-0.22319045662879944,-0.05203206196978272,-0.13863793015480042,-0.2558954060077667,0.044908738577817076,-0.18744516372680664,-0.33710430562496185,0.006384448962364786,-0.23272836208343506,-0.31218913197517395,-0.02980620146348656,-0.2576509714126587,-0.26996782422065735,-0.05025217414453209,-0.10424986481666565,-0.2864137589931488,0.02593687071845352,-0.16012200713157654,-0.39681851863861084,-0.015965477680708773,-0.2140398919582367,-0.3617355525493622,-0.0471972423846978,-0.24042582511901855,-0.30179646611213684,-0.05963138595774353,-0.06429067254066467,-0.3019208312034607,-0.0016132394093233415,-0.12459346652030945,-0.415879562497139,-0.03728593618228615,-0.18465813994407654,-0.37161295115947723,-0.05294906080320061,-0.21449348330497742,-0.30639272928237915,-0.05357138172342957,-0.021958857774734497,-0.2988843619823456,-0.03144995600536049,-0.08833074569702148,-0.37231285870075226,-0.054380004411484606,-0.14877822995185852,-0.35657766461372375,-0.06311740831091583,-0.1874997317790985,-0.32198257744312286,-0.06354633078530014
O,0.0,0.0,0.0,-0.09924960136413574,-0.02940082550048828,-0.010303122457230529,-0.1918182373046875,-0.08813321590423584,-0.022416195366645297,-0.2527398467063904,-0.14823850989341736,-0.04387614550080343,-0.2522035241127014,-0.22419720888137817,-0.062166728545093974,-0.14032503962516785,-0.2488408088684082,0.03664966253552393,-0.18766045570373535,-0.3307197093963623,-0.002569128759319028,-0.23029541969299316,-0.31001146137714386,-0.03827214660134359,-0.2529929578304291,-0.2743228077888489,-0.05848103435721441,-0.10526910424232483,-0.28093570470809937,0.02050622692320303,-0.15962374210357666,-0.3957585394382477,-0.023155475501084766,-0.21019208431243896,-0.3650360405445099,-0.05463497014727636,-0.23412081599235535,-0.3094892352819443,-0.066855714190865,-0.06462889909744263,-0.29771485924720764,-0.0039976085537318795,-0.12070351839065552,-0.41663941740989685,-0.041454107035065135,-0.17504841089248657,-0.3750866502523422,-0.05739742191519781,-0.20109251141548157,-0.31094735860824585,-0.05771363945689245,-0.019866108894348145,-0.29711291193962097,-0.0309290182777886,-0.08182993531227112,-0.3742319345474243,-0.05504064308490797,-0.13726681470870972,-0.36056677997112274,-0.06399104045715376,-0.17247271537780762,-0.32546040415763855,-0.06433159159507795
O,0.0,0.0,0.0,-0.10236889123916626,-0.030476033687591553,-0.012854364645704663,-0.19600263237953186,-0.08896535634994507,-0.026573010665401853,-0.2539075016975403,-0.15416908264160156,-0.049042756614312566,-0.24713602662086487,-0.2296939492225647,-0.06786386942587797,-0.1461428701877594,-0.25568917393684387,0.033926908913031184,-0.1893163025379181,-0.3421266973018646,-0.00592064665727321,-0.23175695538520813,-0.31995826959609985,-0.041886581984385884,-0.25277426838874817,-0.28157344460487366,-0.062493792680129445,-0.10834568738937378,-0.2854582965373993,0.0178954499391466,-0.16008296608924866,-0.40301769971847534,-0.027152701226100362,-0.20998626947402954,-0.3678246736526489,-0.05915434187375013,-0.23041284084320068,-0.30730512738227844,-0.07134408777676526,-0.06559905409812927,-0.29894211888313293,-0.0068661192814261085,-0.12142804265022278,-0.4165189564228058,-0.04624773090802137,-0.1778009533882141,-0.3732580691576004,-0.06421391939841214,-0.20260405540466309,-0.3066710829734802,-0.06560731953106824,-0.019354283809661865,-0.29448801279067993,-0.034145965185985006,-0.08218678832054138,-0.3721708357334137,-0.059928013888224996,-0.1384226679801941,-0.35589927434921265,-0.07027195667944852,-0.1724070906639099,-0.3164164423942566,-0.07156020676814023
O,0.0,0.0,0.0,-0.10171240568161011,-0.036921560764312744,-0.0137633619369808,-0.195072740316391,-0.09731495380401611,-0.027711017383808212,-0.253645658493042,-0.16532891988754272,-0.050526559679383354,-0.24556756019592285,-0.24110764265060425,-0.06978333401548298,-0.14959251880645752,-0.26343467831611633,0.03496984732282726,-0.18973350524902344,-0.3508712947368622,-0.005555324117267446,-0.22975778579711914,-0.3342580646276474,-0.04228682476150425,-0.2509862184524536,-0.30096739530563354,-0.0635477717505637,-0.11033740639686584,-0.2919607609510422,0.019217645422941132,-0.15848541259765625,-0.4106101840734482,-0.02861410225796135,-0.20501261949539185,-0.3779691010713577,-0.06244038078057201,-0.2259182333946228,-0.31985822319984436,-0.07527650552856358,-0.06659603118896484,-0.3044498860836029,-0.005459280079776363,-0.1195141077041626,-0.4153856933116913,-0.048067350267047004,-0.17385616898536682,-0.3712291568517685,-0.06819858807193668,-0.1997365653514862,-0.3042238801717758,-0.07014542478191288,-0.020167648792266846,-0.2983398288488388,-0.03257717224823864,-0.08010762929916382,-0.3731681853532791,-0.059682313679331855,-0.13549011945724487,-0.3555266261100769,-0.07120173084604176,-0.17106306552886963,-0.3142342120409012,-0.07327505606281193
O,0.0,0.0,0.0,-0.09771081805229187,-0.03889766335487366,-0.021369679648501005,-0.1896805763244629,-0.09436702728271484,-0.04141010046384963,-0.25011610984802246,-0.15738719701766968,-0.06886180565140876,-0.24714845418930054,-0.2374303936958313,-0.09224320277951392,-0.15142157673835754,-0.2576795220375061,0.025036200132149133,-0.1901041865348816,-0.35257478058338165,-0.021875659752708998,-0.22932225465774536,-0.33332185447216034,-0.06293468252204093,-0.25053513050079346,-0.29491928219795227,-0.08587421551726493,-0.11149042844772339,-0.2847466468811035,0.012605778124111566,-0.15846100449562073,-0.4103320240974426,-0.04148392081640395,-0.20256280899047852,-0.3731594681739807,-0.0786270879247013,-0.22158923745155334,-0.309378445148468,-0.0924467004873577,-0.06770950555801392,-0.2964763343334198,-0.009257444929403391,-0.11508920788764954,-0.4160240590572357,-0.05454157740257415,-0.1656014621257782,-0.37312276661396027,-0.07580909207842979,-0.19034656882286072,-0.3045594394207001,-0.07795519456647071,-0.018481433391571045,-0.2898455858230591,-0.034108516577703085,-0.0692756175994873,-0.3713078647851944,-0.061474450681430426,-0.12067818641662598,-0.3589109927415848,-0.07357524410269889,-0.15553700923919678,-0.3214583098888397,-0.07601755187295112
O,0.0,0.0,0.0,-0.09355080127716064,-0.039031982421875,-0.02481893121552048,-0.17954078316688538,-0.10324740409851074,-0.04883713691782532,-0.23736268281936646,-0.16487905383110046,-0.07972821637343941,-0.2344146966934204,-0.24545174837112427,-0.10596869929980812,-0.14531871676445007,-0.2720143496990204,0.014658454365019224,-0.1899968385696411,-0.3711901307106018,-0.03837393640827713,-0.22715893387794495,-0.3271220922470093,-0.08234315409612236,-0.23635172843933105,-0.2711591124534607,-0.10644223585080681,-0.10372236371040344,-0.29496610164642334,0.0025447840121728404,-0.1526777148246765,-0.4209994077682495,-0.055979352885003664,-0.19501522183418274,-0.362328365445137,-0.09412446662139473,-0.20579704642295837,-0.2902226746082306,-0.10786917104672966,-0.05838662385940552,-0.3026595860719681,-0.018958574601526834,-0.1056717038154602,-0.42431794106960297,-0.06543450101565895,-0.15753600001335144,-0.3717179596424103,-0.0855704326863247,-0.1788269281387329,-0.30131983757019043,-0.08739245727014122,-0.008330106735229492,-0.29123014211654663,-0.04380074559998093,-0.06052863597869873,-0.37220267951488495,-0.07198802425813255,-0.11578807234764099,-0.35513806343078613,-0.08391434743356285,-0.15106326341629028,-0.31691035628318787,-0.08621439381789742
O,0.0,0.0,0.0,-0.09250497817993164,-0.04817473888397217,-0.015796677093874223,-0.17314669489860535,-0.11398473381996155,-0.034064129810701615,-0.2257390022277832,-0.17796915769577026,-0.061783050071369416,-0.22356799244880676,-0.25267696380615234,-0.08571375615514398,-0.12977802753448486,-0.2830254137516022,0.032535637844432586,-0.15581312775611877,-0.3960389941930771,-0.013354407507847554,-0.20003703236579895,-0.38747964799404144,-0.053149507265459306,-0.22578811645507812,-0.35767000913619995,-0.07549377239860178,-0.09282451868057251,-0.29798004031181335,0.015383480232287639,-0.129762202501297,-0.43149715662002563,-0.04077046073592783,-0.18299615383148193,-0.393857479095459,-0.0781371117345202,-0.20785224437713623,-0.33028581738471985,-0.09120117582000375,-0.05397379398345947,-0.3016737997531891,-0.011340449448596246,-0.09632062911987305,-0.42375636100769043,-0.05794136680282236,-0.15422922372817993,-0.3812023401260376,-0.07833804644263864,-0.1819663643836975,-0.3159273564815521,-0.07955786294854761,-0.009969472885131836,-0.28942951560020447,-0.04088381014383913,-0.05806934833526611,-0.3767031878232956,-0.0681145311108935,-0.11026191711425781,-0.3602008819580078,-0.07840650982774378,-0.14339211583137512,-0.32042568922042847,-0.07961564965165735
O,0.0,0.0,0.0,-0.08564877510070801,-0.04443866014480591,-0.024623296661189897,-0.16362297534942627,-0.1082506775856018,-0.048348323879650934,-0.21653276681900024,-0.16959255933761597,-0.07913008841674696,-0.21311140060424805,-0.24864938855171204,-0.10565068337123762,-0.11861011385917664,-0.2894425392150879,0.007583996309080021,-0.13666540384292603,-0.4324144870042801,-0.04207042741577993,-0.18326455354690552,-0.4522491544485092,-0.07819455626409422,-0.21324238181114197,-0.44500482082366943,-0.0974059081355847,-0.08125483989715576,-0.2955796718597412,-0.004841759307197435,-0.12126114964485168,-0.43339239060878754,-0.06938870015542875,-0.17571690678596497,-0.3795055150985718,-0.10120004924934278,-0.19453024864196777,-0.3081095516681671,-0.10709640893142591,-0.04326218366622925,-0.2936035394668579,-0.026338615892342432,-0.0834457278251648,-0.4199606627225876,-0.07975838842790495,-0.1413174569606781,-0.3663749396800995,-0.09492546829383741,-0.16484034061431885,-0.29679572582244873,-0.08955814453761946,0.0009837746620178223,-0.27971893548965454,-0.051011079428604944,-0.04129737615585327,-0.37096527218818665,-0.08301527562539945,-0.09262758493423462,-0.3511146008968353,-0.09225135060947309,-0.12307828664779663,-0.30795520544052124,-0.09014892342489134
O,0.0,0.0,0.0,-0.08408653736114502,-0.03927028179168701,-0.020964260625362385,-0.16121846437454224,-0.10481500625610352,-0.04335873149585723,-0.21142932772636414,-0.1729903221130371,-0.07319545321416854,-0.19975534081459045,-0.25034722685813904,-0.09686525486660003,-0.11521384119987488,-0.2838605046272278,0.007667679393023263,-0.1486244797706604,-0.425420343875885,-0.04640244640660285,-0.19678008556365967,-0.3838305324316025,-0.08289154939603804,-0.2087639570236206,-0.3228496313095093,-0.09948876820755004,-0.08118677139282227,-0.2948286533355713,-0.00496730994683503,-0.12472692131996155,-0.4433436989784241,-0.06064056180667876,-0.177114337682724,-0.37851379811763763,-0.0847575994606018,-0.1825087070465088,-0.3072161376476288,-0.08778236381959914,-0.04265826940536499,-0.29449573159217834,-0.027315992342948903,-0.08329391479492188,-0.4341064691543579,-0.07097822003316878,-0.14120644330978394,-0.373015433549881,-0.07890309714031218,-0.15568172931671143,-0.3030051589012146,-0.0719055788989067,0.003073573112487793,-0.2812856137752533,-0.05314304627728461,-0.042288362979888916,-0.37788356840610504,-0.0770153211827278,-0.09718441963195801,-0.35137680172920227,-0.08124657295894622,-0.12309646606445312,-0.305826336145401,-0.07754882000637053
O,0.0,0.0,0.0,-0.08625197410583496,-0.042084336280822754,-0.02325946163239223,-0.16370591521263123,-0.10671472549438477,-0.04681251268686992,-0.2123926281929016,-0.1767309606075287,-0.07686758857073528,-0.2004990577697754,-0.25578853487968445,-0.10125354003014309,-0.12060844898223877,-0.269587904214859,0.0023065912458832827,-0.1611499786376953,-0.39734548330307007,-0.04785772111119968,-0.1988871693611145,-0.3489389717578888,-0.08296788554491741,-0.19746029376983643,-0.290271520614624,-0.10068881582321865,-0.08405321836471558,-0.2867282032966614,-0.009034746101519886,-0.12849438190460205,-0.43399880826473236,-0.06126044016184551,-0.17125925421714783,-0.3718520998954773,-0.0863553516179536,-0.17077073454856873,-0.3025498688220978,-0.09237928759159786,-0.041903138160705566,-0.290494441986084,-0.029191975256821934,-0.08058536052703857,-0.42753085494041443,-0.06910263817610485,-0.1302090287208557,-0.36853334307670593,-0.0784106112629388,-0.13974329829216003,-0.29948633909225464,-0.0751190639645074,0.007951736450195312,-0.27894607186317444,-0.05303556915225727,-0.03643530607223511,-0.3703104555606842,-0.07548585604729396,-0.08993566036224365,-0.34459856152534485,-0.08156541060509426,-0.11620020866394043,-0.30071893334388733,-0.08125386457743389
O,0.0,0.0,0.0,-0.08454102277755737,-0.04453325271606445,-0.02511363655077048,-0.16100886464118958,-0.10942184925079346,-0.04888821571813651,-0.21522492170333862,-0.17903894186019897,-0.07900077655659743,-0.20095309615135193,-0.2563072741031647,-0.10336843684063979,-0.119839608669281,-0.2701808512210846,0.007804699319137853,-0.15938976407051086,-0.3975026309490204,-0.04130596846090384,-0.19708019495010376,-0.3514857590198517,-0.077094701973067,-0.19796040654182434,-0.29535096883773804,-0.09583311334000655,-0.08277946710586548,-0.28796643018722534,-0.0019673015152079643,-0.12687283754348755,-0.4320097863674164,-0.05311183437453337,-0.16772496700286865,-0.36945199966430664,-0.0802307705556018,-0.16823309659957886,-0.30286288261413574,-0.08798520073042937,-0.04033392667770386,-0.2929394245147705,-0.0209724026893241,-0.07781070470809937,-0.43278539180755615,-0.060233326551781374,-0.1257857084274292,-0.3728058636188507,-0.07127535149203368,-0.13564881682395935,-0.3030485212802887,-0.06905618861065932,0.009392738342285156,-0.2814382016658783,-0.04380897611127921,-0.03549027442932129,-0.36966007947921753,-0.06591586574660369,-0.08677923679351807,-0.34162136912345886,-0.0731259639536006,-0.11076587438583374,-0.2971615791320801,-0.07356045946227141
O,0.0,0.0,0.0,-0.08581268787384033,-0.042195677757263184,-0.02374843881716515,-0.16223815083503723,-0.10713338851928711,-0.04754837044765736,-0.21360766887664795,-0.175620436668396,-0.07795194723894383,-0.19842341542243958,-0.25407084822654724,-0.10295175203373219,-0.12108373641967773,-0.2725510895252228,0.00829482077369903,-0.15672343969345093,-0.39668571949005127,-0.04144239613106038,-0.19299301505088806,-0.35065385699272156,-0.0779413748650768,-0.19620046019554138,-0.2950843870639801,-0.0968642030029514,-0.08251559734344482,-0.2873435914516449,-0.0027196770652153646,-0.12151622772216797,-0.42848485708236694,-0.054504333075783507,-0.16198202967643738,-0.3642876446247101,-0.08183299192478444,-0.16570040583610535,-0.2973650395870209,-0.0892595220475414,-0.039628028869628906,-0.2887353003025055,-0.022812139254710928,-0.07330948114395142,-0.42369502782821655,-0.0620450992255428,-0.12046641111373901,-0.36231839656829834,-0.07205086388876225,-0.13258665800094604,-0.2936808466911316,-0.06884943136265065,0.010044217109680176,-0.274018257856369,-0.04658460431983258,-0.033267438411712646,-0.36279985308647156,-0.06766514667560841,-0.08234786987304688,-0.3330349922180176,-0.07255280950357701,-0.10545957088470459,-0.28897565603256226,-0.07108305582096364
O,0.0,0.0,0.0,-0.08466029167175293,-0.04500985145568848,-0.02817788292622936,-0.15940868854522705,-0.10939854383468628,-0.055107812778715015,-0.20763015747070312,-0.17875885963439941,-0.08796309624767673,-0.19550350308418274,-0.26167306303977966,-0.11493962948179615,-0.11602246761322021,-0.2762130796909332,0.0039029972072057717,-0.14783987402915955,-0.40493953227996826,-0.04903133531070125,-0.18422114849090576,-0.35663923621177673,-0.08731064890480411,-0.1898781955242157,-0.29732778668403625,-0.10694400911188495,-0.07629919052124023,-0.28886255621910095,-0.005602153865311266,-0.11411041021347046,-0.4303681254386902,-0.06110065375423801,-0.15515023469924927,-0.3653329908847809,-0.08973000143623722,-0.16095700860023499,-0.2979896366596222,-0.09748018478012455,-0.03305244445800781,-0.28896090388298035,-0.02483114545202625,-0.06645840406417847,-0.42685478925704956,-0.06789343749142063,-0.11319077014923096,-0.36513835191726685,-0.07790878360128772,-0.12650203704833984,-0.2953763008117676,-0.07367882077551258,0.017727792263031006,-0.27477195858955383,-0.04798673410869014,-0.023505032062530518,-0.3668587803840637,-0.07264038120365512,-0.07215994596481323,-0.33788761496543884,-0.07832336370802295,-0.0964210033416748,-0.2934599220752716,-0.0764490658507384
O,0.0,0.0,0.0,-0.08248937129974365,-0.04181861877441406,-0.026266004678177524,-0.156049907207489,-0.10855293273925781,-0.05169878692584007,-0.20498931407928467,-0.17469072341918945,-0.08304108844356506,-0.19284754991531372,-0.2522693872451782,-0.10876698211984603,-0.11264628171920776,-0.276296466588974,0.0004120648455909759,-0.1451706886291504,-0.4030953645706177,-0.052950596224832225,-0.18250000476837158,-0.35315102338790894,-0.09069933162288635,-0.18784752488136292,-0.29285383224487305,-0.10984409020500152,-0.07349550724029541,-0.2885536253452301,-0.00983165462719171,-0.1108018159866333,-0.4284849762916565,-0.06507295535163848,-0.153845876455307,-0.36076128482818604,-0.09233490542726486,-0.1609489619731903,-0.2930946946144104,-0.0991130860264775,-0.030249416828155518,-0.2870686650276184,-0.02926806711809604,-0.06288933753967285,-0.42332231998443604,-0.07257058636503189,-0.11168330907821655,-0.35932889580726624,-0.08256624059038131,-0.12636113166809082,-0.29015108942985535,-0.0783328206952092,0.019606053829193115,-0.2699013352394104,-0.05230435521559684,-0.022749125957489014,-0.35664165019989014,-0.07790842072324722,-0.07358503341674805,-0.3265320062637329,-0.0841931642706868,-0.09867590665817261,-0.28371143341064453,-0.08249593691186874
O,0.0,0.0,0.0,-0.0808212161064148,-0.039577364921569824,-0.029659972622994246,-0.1553475260734558,-0.10822707414627075,-0.056395431146029296,-0.20634222030639648,-0.17724192142486572,-0.08835164932906991,-0.19366037845611572,-0.25763458013534546,-0.1142850714772976,-0.11057639122009277,-0.2692916989326477,-0.005028119407597842,-0.14330893754959106,-0.4049113392829895,-0.05987124620378381,-0.18033522367477417,-0.3539181351661682,-0.09729723362625009,-0.18626242876052856,-0.29119569063186646,-0.1157424199432171,-0.07133883237838745,-0.281369686126709,-0.013289528064433398,-0.10918289422988892,-0.42898696660995483,-0.07049215315282709,-0.15319818258285522,-0.35924214124679565,-0.09743082998693353,-0.16064238548278809,-0.28917229175567627,-0.10344977407157785,-0.02839583158493042,-0.2810881733894348,-0.030881506487730803,-0.06011897325515747,-0.4237082600593567,-0.07596051423251993,-0.10986685752868652,-0.35817065834999084,-0.0862120511978901,-0.12523740530014038,-0.28636491298675537,-0.0815971392244137,0.021062016487121582,-0.26631730794906616,-0.05225542290509111,-0.018632113933563232,-0.35527780652046204,-0.07958676396310693,-0.0701439380645752,-0.3247608542442322,-0.08724563299119836,-0.09671622514724731,-0.2791377305984497,-0.0862159404009617
O,0.0,0.0,0.0,-0.08036482334136963,-0.0388759970664978,-0.029998992825710502,-0.1572168469429016,-0.108154296875,-0.05651552348848554,-0.21371746063232422,-0.16913437843322754,-0.08843183636184904,-0.2025604248046875,-0.24636566638946533,-0.11386502652879926,-0.10909724235534668,-0.2760045528411865,-0.00406839351620647,-0.14259564876556396,-0.4088359475135803,-0.059319720859491554,-0.17958271503448486,-0.3525949716567993,-0.09661027907844755,-0.18561330437660217,-0.2875893712043762,-0.11489168673273298,-0.07034152746200562,-0.2856265902519226,-0.012062530289256301,-0.10979562997817993,-0.42919474840164185,-0.07032332688089582,-0.1543349027633667,-0.35470089316368103,-0.09698899954076978,-0.16244524717330933,-0.28417688608169556,-0.10238681107279035,-0.02677363157272339,-0.2828103303909302,-0.029636818240248886,-0.06008416414260864,-0.4239369034767151,-0.07652893781181547,-0.11016356945037842,-0.35230061411857605,-0.08578540503498289,-0.12589454650878906,-0.2789645791053772,-0.07957487672086927,0.022663474082946777,-0.2642114758491516,-0.05103080838438245,-0.016921818256378174,-0.35237917304039,-0.08045196651931974,-0.06914150714874268,-0.3202941417694092,-0.08842033266540739,-0.09631216526031494,-0.27525144815444946,-0.08677943914648267
O,0.0,0.0,0.0,-0.08069491386413574,-0.04399055242538452,-0.031724409932508024,-0.15768271684646606,-0.11105728149414062,-0.06018772515119508,-0.21707698702812195,-0.17178338766098022,-0.09418775307597116,-0.20182204246520996,-0.2473745346069336,-0.12151115554036096,-0.10868185758590698,-0.2765810489654541,-0.004753344027562889,-0.14037752151489258,-0.4126824140548706,-0.06248461621464685,-0.17804688215255737,-0.35600656270980835,-0.1013084294146438,-0.18448150157928467,-0.29159700870513916,-0.12037262486876443,-0.06997931003570557,-0.28448963165283203,-0.012335931683196577,-0.10640078783035278,-0.43012383580207825,-0.07263876664103464,-0.15140697360038757,-0.3536999523639679,-0.09973760860623315,-0.15961620211601257,-0.28371661901474,-0.1049947531765838,-0.02666783332824707,-0.2806987762451172,-0.030005303943767103,-0.05707371234893799,-0.42146211862564087,-0.07805431800545648,-0.10853719711303711,-0.34962645173072815,-0.08786235171021417,-0.12502986192703247,-0.2762279510498047,-0.08153940158547357,0.02220618724822998,-0.26137107610702515,-0.05173765661777452,-0.015315771102905273,-0.35076940059661865,-0.08077137338580087,-0.06804788112640381,-0.31889045238494873,-0.08899181502522424,-0.09547418355941772,-0.27339720726013184,-0.08753633665503457
O,0.0,0.0,0.0,-0.08243155479431152,-0.04625803232192993,-0.031758165244582415,-0.16137638688087463,-0.1145639419555664,-0.06091733116340947,-0.22371119260787964,-0.17375212907791138,-0.09592570576501203,-0.20195221900939941,-0.24463462829589844,-0.12424278471303296,-0.10299378633499146,-0.28274571895599365,-0.003647306958782792,-0.13851886987686157,-0.4162181615829468,-0.061396809552434206,-0.18023496866226196,-0.3600100874900818,-0.1004181525452168,-0.18902671337127686,-0.2973477840423584,-0.12006741229129148,-0.06495648622512817,-0.2893375754356384,-0.011801122014048815,-0.10512518882751465,-0.4337698817253113,-0.07295600536895108,-0.1556534767150879,-0.3560648560523987,-0.10079580012393308,-0.16660192608833313,-0.28625595569610596,-0.106452884410146,-0.022662639617919922,-0.28315287828445435,-0.03007736082804513,-0.05675143003463745,-0.42234116792678833,-0.07967480484080625,-0.11307692527770996,-0.3462045192718506,-0.09071159574818921,-0.13097894191741943,-0.2715529203414917,-0.08459293309283566,0.022370636463165283,-0.2597746253013611,-0.05237856719327283,-0.018271148204803467,-0.3474441170692444,-0.08228257510495496,-0.07490181922912598,-0.3124917149543762,-0.09156725022626233,-0.10323476791381836,-0.266030490398407,-0.09065021041465116
O,0.0,0.0,0.0,-0.08804088830947876,-0.046466171741485596,-0.02932965162671053,-0.1692495346069336,-0.11706191301345825,-0.05599317665672743,-0.22896617650985718,-0.18490278720855713,-0.08913937922096693,-0.20764553546905518,-0.26053887605667114,-0.11527845229483091,-0.11086547374725342,-0.2816874384880066,0.004409424369271164,-0.14277294278144836,-0.41477063298225403,-0.049752875822548503,-0.1846858561038971,-0.36132490634918213,-0.08675697411871397,-0.19578558206558228,-0.2997433543205261,-0.10556701536751234,-0.07250511646270752,-0.28944969177246094,-0.00376829214854979,-0.1131969690322876,-0.4293357729911804,-0.06197039749002897,-0.1644989550113678,-0.3521932363510132,-0.08892832662439787,-0.17722871899604797,-0.2825357913970947,-0.09459357674694502,-0.030415773391723633,-0.28506267070770264,-0.02210650186515295,-0.06525295972824097,-0.4200266897678375,-0.07048131491518461,-0.12161844968795776,-0.3426821231842041,-0.08064509149170362,-0.14101535081863403,-0.26703494787216187,-0.07412908937311613,0.015249311923980713,-0.26457154750823975,-0.04424501548982107,-0.026998460292816162,-0.348164439201355,-0.07353464480019056,-0.08330082893371582,-0.3117247223854065,-0.08203124966001951,-0.11254215240478516,-0.2627026438713074,-0.08056797053194487
O,0.0,0.0,0.0,-0.09172660112380981,-0.037477970123291016,-0.02555969752688725,-0.17719227075576782,-0.1092078685760498,-0.049450392130211185,-0.24342051148414612,-0.15877270698547363,-0.07941258535106499,-0.2377394735813141,-0.22382348775863647,-0.10381755814273674,-0.11570826172828674,-0.30555951595306396,0.003737291560128142,-0.1618557572364807,-0.41216760873794556,-0.04907715156991799,-0.21290674805641174,-0.35370635986328125,-0.08769852504451592,-0.23228862881660461,-0.2826358675956726,-0.10741693362911064,-0.07709556818008423,-0.3141282796859741,-0.0061671945670696005,-0.13857176899909973,-0.425844669342041,-0.05726835340578873,-0.19662046432495117,-0.34607940912246704,-0.08337903604228813,-0.21232029795646667,-0.27461981773376465,-0.090928359183863,-0.03410041332244873,-0.3046673536300659,-0.0255485495956691,-0.08770978450775146,-0.411096453666687,-0.06859925970752556,-0.1522059440612793,-0.33441853523254395,-0.07936949864347298,-0.17652559280395508,-0.25930917263031006,-0.0756223110886367,0.008543729782104492,-0.27244067192077637,-0.048420565429523776,-0.04862397909164429,-0.3411715626716614,-0.07616568938215096,-0.10997247695922852,-0.30185967683792114,-0.08363424077947457,-0.1425321102142334,-0.2504473924636841,-0.08179115340431053
O,0.0,0.0,0.0,-0.0891721248626709,-0.03801107406616211,-0.021709264331775557,-0.17519605159759521,-0.11711633205413818,-0.045438624062853705,-0.2429606318473816,-0.1720372438430786,-0.0759193888691243,-0.2363770604133606,-0.23784255981445312,-0.10023769650729264,-0.1024789810180664,-0.3204196095466614,0.0053916521544579155,-0.15517449378967285,-0.42592179775238037,-0.04634701747568215,-0.21075567603111267,-0.36621415615081787,-0.08443824116261567,-0.22827693819999695,-0.29373830556869507,-0.1044535628345784,-0.061999738216400146,-0.32870936393737793,-0.0071053203021165245,-0.13059812784194946,-0.4357103109359741,-0.05817577529819573,-0.19449883699417114,-0.3543323874473572,-0.0842831424263295,-0.20946970582008362,-0.2796112895011902,-0.09178099695714081,-0.019564151763916016,-0.31568336486816406,-0.02847146529825295,-0.08443745970726013,-0.4148429036140442,-0.07206462983162965,-0.15544205904006958,-0.3349526524543762,-0.08248128656418885,-0.17881935834884644,-0.2596743702888489,-0.07862605814011658,0.01821434497833252,-0.27920013666152954,-0.052873550989943396,-0.04912787675857544,-0.3464292883872986,-0.08209212783845032,-0.11763587594032288,-0.30758988857269287,-0.09002366576464738,-0.15056976675987244,-0.25965046882629395,-0.0884015700605687
O,0.0,0.0,0.0,-0.09146195650100708,-0.03788989782333374,-0.02119100615618663,-0.17842835187911987,-0.11967867612838745,-0.043281651663164666,-0.24392640590667725,-0.17334651947021484,-0.07194939218697982,-0.24023371934890747,-0.23910129070281982,-0.09439402036605316,-0.10109466314315796,-0.3248708248138428,0.003959527609367797,-0.15695059299468994,-0.4317319393157959,-0.04586478658256965,-0.21654367446899414,-0.3700568675994873,-0.08211926333842712,-0.2372933030128479,-0.2970641851425171,-0.10071752928433853,-0.061657071113586426,-0.3315340280532837,-0.008362733388821653,-0.13740384578704834,-0.43988943099975586,-0.05874867700276809,-0.20533326268196106,-0.35486531257629395,-0.08426779471574264,-0.21953603625297546,-0.27582812309265137,-0.09084895216165023,-0.020877480506896973,-0.31816887855529785,-0.029097769039253762,-0.09156784415245056,-0.4156306982040405,-0.07243268899856048,-0.16559258103370667,-0.33397793769836426,-0.0822028812044664,-0.18717443943023682,-0.2552149295806885,-0.07739117704568343,0.014065444469451904,-0.2815810441970825,-0.052716984974722436,-0.05802351236343384,-0.34692108631134033,-0.08196226470408874,-0.12899765372276306,-0.3080100417137146,-0.08866243772445159,-0.16115546226501465,-0.25735247135162354,-0.08558282964168029
O,0.0,0.0,0.0,-0.09162440896034241,-0.037370502948760986,-0.021083489374973396,-0.1795438528060913,-0.12019312381744385,-0.04264703796968661,-0.24507004022598267,-0.17444533109664917,-0.07056079836354456,-0.2446184754371643,-0.24476683139801025,-0.09173789651856623,-0.09698238968849182,-0.3401471972465515,0.0063404116427818735,-0.1565571427345276,-0.4383838176727295,-0.041913919465400795,-0.21543630957603455,-0.3744193911552429,-0.07735798539385996,-0.23479732871055603,-0.30160951614379883,-0.0957454669641038,-0.056964874267578125,-0.34589362144470215,-0.005885640008159498,-0.14025431871414185,-0.44126254320144653,-0.05280514092908106,-0.20532086491584778,-0.3550114631652832,-0.07623076470360957,-0.21684864163398743,-0.2796916365623474,-0.0827134850786706,-0.01880747079849243,-0.33116912841796875,-0.026810067089058975,-0.09760135412216187,-0.41324490308761597,-0.06876371087298594,-0.1693723201751709,-0.3311818242073059,-0.07654052259192667,-0.18915867805480957,-0.2550227642059326,-0.07119596035943232,0.010780870914459229,-0.2922295331954956,-0.05079914660916529,-0.06807780265808105,-0.346920371055603,-0.07968536050782404,-0.13688671588897705,-0.30815374851226807,-0.08559627862439356,-0.16723832488059998,-0.2594720125198364,-0.08217924119696818
O,0.0,0.0,0.0,-0.09561169147491455,-0.04129832983016968,-0.020363446186593137,-0.1810745894908905,-0.11999249458312988,-0.0425350403891116,-0.24836516380310059,-0.16965395212173462,-0.07126362235408124,-0.2527705729007721,-0.23635780811309814,-0.09367374689441021,-0.09665477275848389,-0.3436027765274048,0.0057851091480642935,-0.1664913296699524,-0.4334266185760498,-0.043291475485375486,-0.22348129749298096,-0.36730873584747314,-0.08053069175343808,-0.24177753925323486,-0.2914276719093323,-0.099781665812543,-0.059240102767944336,-0.34905290603637695,-0.00700478055637177,-0.15256038308143616,-0.440068781375885,-0.054504796724131666,-0.2159595489501953,-0.3517701029777527,-0.07950062663417157,-0.22622719407081604,-0.2714352607727051,-0.08685325444798764,-0.022049307823181152,-0.3339630365371704,-0.028182459856679998,-0.1080995500087738,-0.4203907251358032,-0.07026686878066357,-0.17923331260681152,-0.3367493748664856,-0.07875424982171353,-0.19787734746932983,-0.2558645009994507,-0.07351687164168652,0.005555212497711182,-0.2933483123779297,-0.05238235728006657,-0.07726797461509705,-0.3466269373893738,-0.08163302750449475,-0.14613884687423706,-0.3073495030403137,-0.08766043544869717,-0.17542919516563416,-0.25692296028137207,-0.08371055484872159
O,0.0,0.0,0.0,-0.10050693154335022,-0.03908008337020874,-0.024183867975807516,-0.19334834814071655,-0.12024134397506714,-0.048304094478226034,-0.2666032314300537,-0.1748453974723816,-0.078286247804499,-0.26359978318214417,-0.2492087483406067,-0.10147998715910944,-0.10559305548667908,-0.35310614109039307,0.0057516177075740416,-0.1784687638282776,-0.43886077404022217,-0.04447056959543261,-0.23619049787521362,-0.37708985805511475,-0.08407498384985956,-0.25843435525894165,-0.302243709564209,-0.10519748415026697,-0.0684363842010498,-0.35843461751937866,-0.005178113013244001,-0.16367551684379578,-0.4435560703277588,-0.05229413743290934,-0.22651448845863342,-0.35810405015945435,-0.07914405550036463,-0.24110820889472961,-0.27899348735809326,-0.08868752653870615,-0.03147774934768677,-0.34118175506591797,-0.024917135491705267,-0.12123921513557434,-0.4191638231277466,-0.06841870631251368,-0.19234460592269897,-0.33355581760406494,-0.0784695991424087,-0.21510183811187744,-0.2516091465950012,-0.0741642066386703,-0.005847156047821045,-0.29582899808883667,-0.04789023335251841,-0.08946382999420166,-0.3513481020927429,-0.07866889472279581,-0.158157080411911,-0.3111715316772461,-0.08551748330864939,-0.19141891598701477,-0.2594926357269287,-0.08207508410487208
O,0.0,0.0,0.0,-0.10296863317489624,-0.04244107007980347,-0.019666529686901413,-0.1964179277420044,-0.12294590473175049,-0.04260926829442724,-0.2671576142311096,-0.17734843492507935,-0.07183158160910352,-0.2686978280544281,-0.25045251846313477,-0.09460924329027876,-0.10326024889945984,-0.36175471544265747,0.005819252265837349,-0.18228960037231445,-0.44280004501342773,-0.0443912460075353,-0.24042469263076782,-0.3807259798049927,-0.08386534215674146,-0.2640514373779297,-0.3063674569129944,-0.1049577272103761,-0.06629911065101624,-0.3667891025543213,-0.007562779782119833,-0.17255312204360962,-0.4477001428604126,-0.054506746547076546,-0.23509672284126282,-0.36423492431640625,-0.08171622218355878,-0.24934127926826477,-0.2859824299812317,-0.09211280705198988,-0.03134426474571228,-0.3490530252456665,-0.02910566838249906,-0.1325874626636505,-0.418562650680542,-0.07308083535895094,-0.20370793342590332,-0.33406734466552734,-0.08386927606329664,-0.22686505317687988,-0.25327104330062866,-0.08049431951508268,-0.008656501770019531,-0.30325281620025635,-0.05338936062321409,-0.09921252727508545,-0.350908100605011,-0.0856199985908006,-0.16700103878974915,-0.3101344704627991,-0.09356989474758848,-0.20038199424743652,-0.2600216865539551,-0.0909114232824777
O,0.0,0.0,0.0,-0.10691490769386292,-0.04350179433822632,-0.022276911975609437,-0.20449960231781006,-0.12240368127822876,-0.04756902726160206,-0.2793465107679367,-0.17430007457733154,-0.07825853870974697,-0.2801504135131836,-0.2471919059753418,-0.10208321558104672,-0.10375738143920898,-0.3701246380805969,0.002209808120710477,-0.18857485055923462,-0.44734299182891846,-0.04793385984169163,-0.24758297204971313,-0.3854026198387146,-0.088348636494743,-0.27172723412513733,-0.3117647171020508,-0.11041294233666576,-0.06773817539215088,-0.37265676259994507,-0.009987611414658204,-0.18075907230377197,-0.44767218828201294,-0.0559593197868935,-0.24213829636573792,-0.3642890453338623,-0.0834646319018475,-0.2552179992198944,-0.2855566143989563,-0.09466523127423443,-0.034336626529693604,-0.35135555267333984,-0.030305145399438516,-0.13981011509895325,-0.4164978861808777,-0.07214950220452465,-0.21205323934555054,-0.33698850870132446,-0.08258724408017315,-0.23610171675682068,-0.25840818881988525,-0.07969650821553387,-0.015416204929351807,-0.3010455369949341,-0.05368441538678326,-0.10889840126037598,-0.34785813093185425,-0.08453059391842999,-0.17955219745635986,-0.3125116229057312,-0.09220551149712719,-0.21584552526474,-0.2653919458389282,-0.08948219017850079
O,0.0,0.0,0.0,-0.1115979254245758,-0.04626971483230591,-0.019299064190022364,-0.20943886041641235,-0.12540984153747559,-0.04411850532972039,-0.2838020771741867,-0.17999351024627686,-0.07475008106314363,-0.28370167315006256,-0.2543962001800537,-0.09890930390440644,-0.10613322257995605,-0.37640517950057983,0.004433606392808542,-0.19678181409835815,-0.44430822134017944,-0.045033418000571146,-0.25573262572288513,-0.38180410861968994,-0.08600658214174928,-0.27938999235630035,-0.3074650764465332,-0.10885535961472215,-0.07005718350410461,-0.3790090084075928,-0.008966773175529852,-0.18962329626083374,-0.44727039337158203,-0.05249897798978509,-0.2508693039417267,-0.3650370240211487,-0.07925141638600053,-0.2635866105556488,-0.28540992736816406,-0.09105995333277406,-0.037489116191864014,-0.35672473907470703,-0.03018612077914895,-0.1486911177635193,-0.4190911054611206,-0.07034379279696168,-0.220828115940094,-0.34224045276641846,-0.07960078156077088,-0.24493873119354248,-0.2638561725616455,-0.07673782146059693,-0.02017003297805786,-0.3039820194244385,-0.05433354562603654,-0.11534398794174194,-0.3503546714782715,-0.08499615675293626,-0.18372154235839844,-0.31471550464630127,-0.09194132721506776,-0.21822887659072876,-0.26669764518737793,-0.08882380312763871
O,0.0,0.0,0.0,-0.1154850423336029,-0.0408177375793457,-0.0196759186305826,-0.21708709001541138,-0.11742985248565674,-0.04430922005258253,-0.29471416771411896,-0.16840356588363647,-0.0743570129939144,-0.3005431741476059,-0.23932820558547974,-0.09792035330019644,-0.11604329943656921,-0.37052661180496216,0.003998565246092767,-0.21083754301071167,-0.44094163179397583,-0.04644050706110647,-0.2700589448213577,-0.3811940550804138,-0.08907050896368673,-0.296946257352829,-0.3053169846534729,-0.1126010890670841,-0.0835275948047638,-0.3719569444656372,-0.007971891909164697,-0.2082633078098297,-0.4408150315284729,-0.05104208622060469,-0.26696813106536865,-0.3604334592819214,-0.07919145632467917,-0.278934121131897,-0.2801460027694702,-0.09214014071903875,-0.05205687880516052,-0.3508991599082947,-0.02751562070034197,-0.16416049003601074,-0.41881734132766724,-0.06514193374596289,-0.2353307604789734,-0.34484463930130005,-0.07408577460728338,-0.26093414425849915,-0.2646103501319885,-0.0712924029298847,-0.033502280712127686,-0.29939717054367065,-0.05021685246310881,-0.12544596195220947,-0.3471205234527588,-0.07869879413328817,-0.19359517097473145,-0.3171394467353821,-0.08520887304030111,-0.2309490442276001,-0.2718570828437805,-0.0816482778259342
O,0.0,0.0,0.0,-0.11956080794334412,-0.0422707200050354,-0.013189679544552746,-0.2221623659133911,-0.11748558282852173,-0.03443709348528046,-0.30004823207855225,-0.1647011637687683,-0.06251773943392891,-0.30988240242004395,-0.23399972915649414,-0.08467414935319084,-0.12725088000297546,-0.3716253638267517,0.011457110222295341,-0.2249850332736969,-0.4332570433616638,-0.03758601431934494,-0.2827589213848114,-0.36684179306030273,-0.08001179208247322,-0.3074636161327362,-0.28690463304519653,-0.1035723682233538,-0.09425514936447144,-0.3750038146972656,-0.0041276831851746465,-0.22175613045692444,-0.43894708156585693,-0.04614910816042084,-0.28102217614650726,-0.3546428680419922,-0.07517815341441292,-0.29395540058612823,-0.27130675315856934,-0.08920378198115486,-0.06204131245613098,-0.3559836149215698,-0.027037821311637344,-0.1765364706516266,-0.42242974042892456,-0.06393454184023994,-0.25001974403858185,-0.3470594882965088,-0.07560628612725395,-0.27823489904403687,-0.2642315626144409,-0.07542144467322487,-0.04367321729660034,-0.305721640586853,-0.05242212821929115,-0.14048618078231812,-0.3489108681678772,-0.08015882183997292,-0.2105330228805542,-0.3131164312362671,-0.08772608597962517,-0.24953442811965942,-0.26421231031417847,-0.08575428237406868
O,0.0,0.0,0.0,-0.12388357520103455,-0.04383540153503418,-0.011784955467760483,-0.22382941842079163,-0.11285477876663208,-0.03418046103763572,-0.29875342547893524,-0.15839648246765137,-0.06432527171421043,-0.3173108696937561,-0.23087775707244873,-0.08937386291074745,-0.13918858766555786,-0.3721945285797119,0.012968312409043392,-0.24179735779762268,-0.41939830780029297,-0.03772990645813934,-0.2944899797439575,-0.35539621114730835,-0.0829434903149604,-0.31602203845977783,-0.27773022651672363,-0.10836320238161079,-0.10283079743385315,-0.38031280040740967,-0.004826370700925509,-0.23170679807662964,-0.4319130778312683,-0.047492905128478924,-0.28749141097068787,-0.35040366649627686,-0.07825829701471321,-0.29939667880535126,-0.26904040575027466,-0.0944171385650634,-0.07021090388298035,-0.3623814582824707,-0.0301211910133361,-0.1869620978832245,-0.4182330369949341,-0.06823908405351631,-0.25701889395713806,-0.34436118602752686,-0.08093893395709983,-0.2827845811843872,-0.26382648944854736,-0.08216993378448478,-0.052147239446640015,-0.3107038140296936,-0.057884255964040676,-0.14769399166107178,-0.3503170609474182,-0.08682059364366523,-0.21607300639152527,-0.3140828013420105,-0.09478603916215889,-0.2542899250984192,-0.2649635076522827,-0.0936227129583358
O,0.0,0.0,0.0,-0.12356671690940857,-0.04388141632080078,-0.010159552381082904,-0.2231629192829132,-0.11153578758239746,-0.03230192540650023,-0.2972770035266876,-0.15353059768676758,-0.06288179411058081,-0.32078440487384796,-0.22587871551513672,-0.08853153540258063,-0.1358240842819214,-0.3697590231895447,0.014146639681712259,-0.23687294125556946,-0.41919463872909546,-0.03690702869062079,-0.2931996285915375,-0.3553653955459595,-0.08200410409335745,-0.3167079836130142,-0.2762654423713684,-0.10730316890840186,-0.09985774755477905,-0.3790586590766907,-0.0055998557290877216,-0.22909709811210632,-0.43232420086860657,-0.049679737821861636,-0.29017308354377747,-0.3515791893005371,-0.08193171425227774,-0.3049374222755432,-0.2697821855545044,-0.0989591593897785,-0.06857618689537048,-0.3628993630409241,-0.03285369305376662,-0.18766629695892334,-0.4179777503013611,-0.07293401314382209,-0.26296366751194,-0.3442440629005432,-0.08761385484103812,-0.29135972261428833,-0.26329678297042847,-0.08989941729669226,-0.05239832401275635,-0.3135184645652771,-0.06226767255429877,-0.14948898553848267,-0.3553096652030945,-0.09249509526853217,-0.22070950269699097,-0.3186302185058594,-0.1011961738622631,-0.2607763111591339,-0.2672281265258789,-0.10054183407191886
O,0.0,0.0,0.0,-0.12573707103729248,-0.0452304482460022,-0.00761085776582604,-0.22709867358207703,-0.11223042011260986,-0.02768429955438023,-0.3024204224348068,-0.15529018640518188,-0.05734656779065972,-0.3173740655183792,-0.2296542525291443,-0.08175417808786278,-0.14083120226860046,-0.3663921356201172,0.024104300607291407,-0.2381504774093628,-0.4205498695373535,-0.02498344918683415,-0.29461246728897095,-0.3614373803138733,-0.06930342344537621,-0.3191976994276047,-0.28670620918273926,-0.09443138567701226,-0.10625475645065308,-0.3757721781730652,0.00351599319867546,-0.22957907617092133,-0.4315948486328125,-0.03920216513768082,-0.28915807604789734,-0.35473453998565674,-0.07167959986225014,-0.3043671101331711,-0.27538394927978516,-0.08843357143894082,-0.07492664456367493,-0.36220961809158325,-0.0249633493830288,-0.18957334756851196,-0.4156464636325836,-0.06269909469381219,-0.26380762457847595,-0.3449585437774658,-0.07710676668182259,-0.2926335334777832,-0.2664213180541992,-0.07911232141748314,-0.0576537549495697,-0.31555652618408203,-0.05582213429704552,-0.15286868810653687,-0.35648518800735474,-0.08331674365297204,-0.22531592845916748,-0.3206617832183838,-0.09152054069534188,-0.2666042447090149,-0.2690093517303467,-0.09063640264764672
O,0.0,0.0,0.0,-0.12240442633628845,-0.04556834697723389,-0.009611090226030683,-0.22065384685993195,-0.11218857765197754,-0.02792371115640435,-0.29420217871665955,-0.15833395719528198,-0.05618381551460061,-0.30917245149612427,-0.23767244815826416,-0.07902989960268769,-0.14544495940208435,-0.355918824672699,0.030138704413616324,-0.23259682953357697,-0.42099234461784363,-0.017136399215019082,-0.28929199278354645,-0.36292004585266113,-0.05970786935642991,-0.3126576691865921,-0.2887042164802551,-0.08397774077013764,-0.11143186688423157,-0.36894476413726807,0.010556825855815077,-0.22443123161792755,-0.4379308819770813,-0.03210437349036965,-0.2859230935573578,-0.36209869384765625,-0.0656367731745604,-0.30261896550655365,-0.2818058133125305,-0.08276945031241212,-0.07792073488235474,-0.3614323139190674,-0.017671756958520746,-0.1850821077823639,-0.425813227891922,-0.056800645356929635,-0.259081706404686,-0.35202956199645996,-0.07397396541193757,-0.2873539924621582,-0.2700347304344177,-0.07741666263893876,-0.05558890104293823,-0.3222421407699585,-0.04840302518562112,-0.15043744444847107,-0.36733514070510864,-0.07665878958061967,-0.2215622067451477,-0.3257927894592285,-0.08620831794098649,-0.2605876326560974,-0.26821577548980713,-0.08653073436573777
O,0.0,0.0,0.0,-0.12910759449005127,-0.04598677158355713,-0.0019516211232257774,-0.23143696784973145,-0.11044126749038696,-0.01804808059205243,-0.3052841126918793,-0.1509631872177124,-0.0458654081212444,-0.32242073118686676,-0.22696220874786377,-0.0691677694903774,-0.14884063601493835,-0.35457804799079895,0.03557764461766055,-0.24426735937595367,-0.4131568670272827,-0.011944496980504482,-0.30447593331336975,-0.35443174839019775,-0.05605890878905484,-0.33340390026569366,-0.2794564366340637,-0.0815307637440128,-0.11481288075447083,-0.3686330318450928,0.01135322081427148,-0.23766495287418365,-0.4340471923351288,-0.03170587399472424,-0.303902804851532,-0.35560840368270874,-0.06854067647327611,-0.325034499168396,-0.2729153633117676,-0.08894017243255803,-0.08307665586471558,-0.3620116710662842,-0.020730537338749855,-0.19741109013557434,-0.4256211221218109,-0.06035112866629788,-0.27364230155944824,-0.3482484817504883,-0.08062096589674184,-0.3033279776573181,-0.26199716329574585,-0.0867637907849712,-0.06420961022377014,-0.3235180377960205,-0.05449196973313519,-0.16197913885116577,-0.3669942021369934,-0.08327066802849004,-0.23454272747039795,-0.3243550658226013,-0.09412562751640507,-0.2750261127948761,-0.26522624492645264,-0.09589331501592824
O,0.0,0.0,0.0,-0.13046079874038696,-0.04616093635559082,-0.001275374892770742,-0.23265111446380615,-0.11024618148803711,-0.016190782178796326,-0.3071454167366028,-0.15299290418624878,-0.0439253840489755,-0.323271706700325,-0.23076117038726807,-0.0672652851684461,-0.16027438640594482,-0.34698691964149475,0.04331053235694071,-0.25043584406375885,-0.41247135400772095,-0.004553371098495518,-0.3098051846027374,-0.35525715351104736,-0.049027064804590736,-0.33661210536956787,-0.2818142771720886,-0.07465769163206915,-0.12424618005752563,-0.36530447006225586,0.017967328439794983,-0.23949545621871948,-0.4383294880390167,-0.02714321202472547,-0.30482417345046997,-0.36075299978256226,-0.06487446091011861,-0.32438838481903076,-0.277485191822052,-0.08463217875794271,-0.0884631872177124,-0.36459243297576904,-0.01598010024861196,-0.19654864072799683,-0.43446680903434753,-0.0568510312481294,-0.2722429931163788,-0.35444632172584534,-0.07721262982920507,-0.3003953695297241,-0.2658742070198059,-0.08243112078741888,-0.06330367922782898,-0.33357393741607666,-0.051837204013622795,-0.16038039326667786,-0.3777603805065155,-0.08099994621113638,-0.23378071188926697,-0.33119362592697144,-0.09187435916498998,-0.2733917236328125,-0.2692565321922302,-0.09326082280711034
O,0.0,0.0,0.0,-0.13112032413482666,-0.04736673831939697,0.003025830540309471,-0.2354671210050583,-0.10929363965988159,-0.009407078564663607,-0.31216421723365784,-0.15096312761306763,-0.03609205754150935,-0.32426053285598755,-0.22996437549591064,-0.058713193700214106,-0.1622844934463501,-0.3392419219017029,0.054055478706459326,-0.24672001600265503,-0.41200143098831177,0.009118170760075373,-0.30767400562763214,-0.3615691065788269,-0.034784290656943995,-0.33869411051273346,-0.29300814867019653,-0.06080143125404902,-0.1275038719177246,-0.3565385937690735,0.0264092798377078,-0.23721908032894135,-0.43952393531799316,-0.017858799264331537,-0.3032997399568558,-0.36739304661750793,-0.05833505065788813,-0.32578958570957184,-0.28704190254211426,-0.08036898793329783,-0.0918247401714325,-0.35796189308166504,-0.009853519216676432,-0.19393721222877502,-0.43705564737319946,-0.04930258514036723,-0.2709656059741974,-0.35929635167121887,-0.07296551735748835,-0.3020273298025131,-0.2714429497718811,-0.08110564173807688,-0.06535732746124268,-0.3316578269004822,-0.047603346124788004,-0.1586916446685791,-0.3873957693576813,-0.07378333778729029,-0.23147958517074585,-0.3390228748321533,-0.08467312128891535,-0.27133703231811523,-0.2738807797431946,-0.08737877728094645
O,0.0,0.0,0.0,-0.13066881895065308,-0.04401344060897827,0.002266280352330341,-0.23616915941238403,-0.10185056924819946,-0.011944945436709986,-0.312324583530426,-0.14164602756500244,-0.04042624821960317,-0.3264705687761307,-0.22420501708984375,-0.0645580715507208,-0.16062745451927185,-0.3352275788784027,0.05120101431310786,-0.24572953581809998,-0.41283202171325684,0.005147594492143526,-0.3068369925022125,-0.3600184917449951,-0.038676188793772326,-0.33556491136550903,-0.28959983587265015,-0.06447461759745465,-0.1250072419643402,-0.3538163900375366,0.023367716464406385,-0.235081285238266,-0.4401291310787201,-0.02271115174590932,-0.30257919430732727,-0.3641452193260193,-0.06358358776270734,-0.3221832662820816,-0.2833048105239868,-0.08577782427965985,-0.09034460783004761,-0.3565703332424164,-0.013023219537728892,-0.19395416975021362,-0.43470486998558044,-0.053364855703705416,-0.2703877091407776,-0.35327696800231934,-0.07717912411391126,-0.2969127297401428,-0.2637457847595215,-0.0854468471378027,-0.06456676125526428,-0.33321699500083923,-0.0509230098694502,-0.15849149227142334,-0.38483142852783203,-0.07743444060980664,-0.23018646240234375,-0.33558210730552673,-0.0884855515330969,-0.26664143800735474,-0.2707676291465759,-0.091339414474362
O,0.0,0.0,0.0,-0.1335853934288025,-0.04514467716217041,0.008642551517937136,-0.23601239919662476,-0.10299402475357056,-0.0023550037006998537,-0.30699633061885834,-0.1437177062034607,-0.029631453537490415,-0.3241235315799713,-0.22281181812286377,-0.05364559867336993,-0.16340401768684387,-0.32606518268585205,0.057852127618048144,-0.24724946916103363,-0.40625834465026855,0.01293184983626361,-0.30439378321170807,-0.35075777769088745,-0.030045405932810354,-0.32896187901496887,-0.27891969680786133,-0.055010764830853986,-0.12720724940299988,-0.34614813327789307,0.02594012676820512,-0.23446029424667358,-0.43866172432899475,-0.021836350643184232,-0.2996899485588074,-0.3598850965499878,-0.06411494218662028,-0.3170294016599655,-0.27594226598739624,-0.08601798766210322,-0.09120756387710571,-0.35197097063064575,-0.014145816647555876,-0.19153261184692383,-0.4383571147918701,-0.05623743587091212,-0.26842284202575684,-0.35609447956085205,-0.0817099651034141,-0.2954207509756088,-0.2659391164779663,-0.09014729314401393,-0.06221276521682739,-0.33450940251350403,-0.05507392340257411,-0.1538720428943634,-0.3946428894996643,-0.08294553958728557,-0.22656556963920593,-0.3472498953342438,-0.09449331366374736,-0.26440709829330444,-0.28315865993499756,-0.09728112720802073
O,0.0,0.0,0.0,-0.12800738215446472,-0.03913676738739014,0.0020412903211877165,-0.2372768223285675,-0.10182821750640869,-0.00955406688825633,-0.3131628483533859,-0.14404791593551636,-0.03544754367993619,-0.3274886757135391,-0.22501182556152344,-0.05672959816382672,-0.1691923439502716,-0.32335615158081055,0.054191151440875274,-0.2486613392829895,-0.4108584225177765,0.009650764793889266,-0.3062681406736374,-0.35814008116722107,-0.03147252854631688,-0.3330582231283188,-0.29010534286499023,-0.05484974589870717,-0.13378208875656128,-0.3434716761112213,0.02680890056564067,-0.23814350366592407,-0.44208088517189026,-0.021681051894290704,-0.30249354243278503,-0.36668550968170166,-0.06286062133239056,-0.3206452280282974,-0.2853816747665405,-0.08266141843722608,-0.09722965955734253,-0.35106417536735535,-0.009154415882392186,-0.1959671974182129,-0.43748605251312256,-0.0516099577836826,-0.27109619975090027,-0.3568130135536194,-0.07684543561862256,-0.29881635308265686,-0.26843273639678955,-0.08377289605067517,-0.06668704748153687,-0.3365413248538971,-0.04638472032473828,-0.15818604826927185,-0.4001576900482178,-0.07377470862792279,-0.23000699281692505,-0.35736942291259766,-0.08548243176863934,-0.26876528561115265,-0.2972860634326935,-0.08770671319888379
O,0.0,0.0,0.0,-0.1290239691734314,-0.042881131172180176,-0.000547515235496121,-0.23765957355499268,-0.10268890857696533,-0.013717811969229388,-0.31325745582580566,-0.1490694284439087,-0.04110237438709419,-0.3297634571790695,-0.23511427640914917,-0.06352535117895286,-0.17283391952514648,-0.31429362297058105,0.05458011622994263,-0.24429181218147278,-0.41350311040878296,0.008112784060529066,-0.3019391894340515,-0.3670767545700073,-0.03494858969480674,-0.33066776394844055,-0.3026772737503052,-0.05953087512881439,-0.13690760731697083,-0.33441850543022156,0.028555446821144415,-0.23171943426132202,-0.44156163930892944,-0.023111179885574984,-0.29609230160713196,-0.37216606736183167,-0.06634015817672889,-0.3170163929462433,-0.29478761553764343,-0.08689101268083732,-0.09923526644706726,-0.3448314964771271,-0.006538675115564274,-0.19047877192497253,-0.4364667534828186,-0.05056250695616882,-0.26363544166088104,-0.36101678013801575,-0.07577730942995231,-0.29188764095306396,-0.2743018865585327,-0.0819731451991288,-0.06340306997299194,-0.33676832914352417,-0.04333453108102958,-0.14867466688156128,-0.4035240411758423,-0.07063864399225395,-0.22084712982177734,-0.3690921664237976,-0.08244557161361854,-0.26273778080940247,-0.31463688611984253,-0.08457210887701194
O,0.0,0.0,0.0,-0.12874609231948853,-0.04011744260787964,-0.0037070190878125686,-0.23919594287872314,-0.10163402557373047,-0.017765574564180042,-0.3147609084844589,-0.14795410633087158,-0.04501635063155618,-0.3304521441459656,-0.23247390985488892,-0.06671524647339311,-0.17357373237609863,-0.3223496079444885,0.0509416214777616,-0.24673300981521606,-0.4233151078224182,0.0036187475203064423,-0.30168336629867554,-0.37157443165779114,-0.03921011317237344,-0.3277578800916672,-0.30066949129104614,-0.06320934597118821,-0.1358000636100769,-0.3432944416999817,0.026643076504626606,-0.23508158326148987,-0.4497998356819153,-0.025937544588884975,-0.2949645519256592,-0.3728926181793213,-0.06832851323946443,-0.3106745481491089,-0.28904932737350464,-0.08759857568605867,-0.09588241577148438,-0.35317981243133545,-0.006999134958675768,-0.18968260288238525,-0.44541865587234497,-0.051756455038628246,-0.2605516314506531,-0.3630637526512146,-0.07699914876087632,-0.2857835292816162,-0.2705235779285431,-0.08268931362493959,-0.05834853649139404,-0.3427432179450989,-0.042518062923988964,-0.1447550356388092,-0.40661701560020447,-0.07090553495748964,-0.21735277771949768,-0.3665132522583008,-0.08405715826614824,-0.25966012477874756,-0.30764293670654297,-0.08676577958925691
O,0.0,0.0,0.0,-0.12918570637702942,-0.04244554042816162,-0.006089376967963744,-0.23860067129135132,-0.1017603874206543,-0.024234290451374818,-0.316538006067276,-0.14539796113967896,-0.05597481991406994,-0.3302760720252991,-0.23372513055801392,-0.08278427387830334,-0.1806410849094391,-0.3201872408390045,0.04800692085865421,-0.25494664907455444,-0.41981810331344604,-0.0026113139303447497,-0.3074820339679718,-0.3669865131378174,-0.049266488507953454,-0.3308327794075012,-0.2968798577785492,-0.07656663025971966,-0.1413974165916443,-0.34184369444847107,0.022810975804361533,-0.2388979196548462,-0.4513476490974426,-0.03320209796783047,-0.29654717445373535,-0.37495920062065125,-0.0792198490655096,-0.31180164217948914,-0.29230251908302307,-0.10162466879245358,-0.09897470474243164,-0.35200822353363037,-0.012080892205801774,-0.1918564736843109,-0.45040103793144226,-0.059651521251169015,-0.26246747374534607,-0.37138640880584717,-0.08743229623195248,-0.28730641305446625,-0.27918168902397156,-0.09559696282502728,-0.05769351124763489,-0.3421564996242523,-0.04908508549686985,-0.14418986439704895,-0.40711188316345215,-0.08028964813109951,-0.21707147359848022,-0.36734718084335327,-0.09599917496797161,-0.25869548320770264,-0.3077952265739441,-0.10120625163671093
O,0.0,0.0,0.0,-0.1277308464050293,-0.03895610570907593,-0.000539085946513751,-0.24067449569702148,-0.10354840755462646,-0.013740352764727959,-0.3154967427253723,-0.15004664659500122,-0.04070570640266169,-0.3295319676399231,-0.2345840334892273,-0.06312989763915766,-0.17742818593978882,-0.3216274380683899,0.04893539525568258,-0.2475045919418335,-0.42105016112327576,0.00011209407006163019,-0.30229058861732483,-0.371982216835022,-0.04333247192204226,-0.33097580075263977,-0.3028581738471985,-0.06739919953048457,-0.1367076337337494,-0.3467074930667877,0.022165336236355415,-0.23020458221435547,-0.45950454473495483,-0.03295388393104304,-0.29308681190013885,-0.3871814012527466,-0.0747657375782751,-0.3146359771490097,-0.30226099491119385,-0.09265959583223093,-0.09345248341560364,-0.3575590252876282,-0.013545740805568585,-0.18568459153175354,-0.450774610042572,-0.06031591393053759,-0.2577192187309265,-0.3719974160194397,-0.08465412579477061,-0.2860475182533264,-0.28152626752853394,-0.08914065681398142,-0.05279099941253662,-0.34723836183547974,-0.05077410437166918,-0.13888892531394958,-0.4089236259460449,-0.0805294098705076,-0.21232089400291443,-0.37240421772003174,-0.09352812491357554,-0.2569437623023987,-0.3185708224773407,-0.09588688187301386
O,0.0,0.0,0.0,-0.12319114804267883,-0.03791624307632446,-0.010055916500675721,-0.23586228489875793,-0.10248464345932007,-0.027654009056675477,-0.31254175305366516,-0.15283626317977905,-0.057081438717830224,-0.31979846954345703,-0.24085408449172974,-0.08084515493868594,-0.1835227608680725,-0.31107407808303833,0.04111178952695127,-0.2489372193813324,-0.42027658224105835,-0.011143261683571382,-0.30034226179122925,-0.3685099184513092,-0.055561613408315225,-0.3240456283092499,-0.2989068329334259,-0.07975619297980074,-0.14387929439544678,-0.33775681257247925,0.019317142548572974,-0.23013824224472046,-0.46469560265541077,-0.039362255600678964,-0.2874720096588135,-0.39135658740997314,-0.08025342237709765,-0.3027883619070053,-0.30612608790397644,-0.09579124313353304,-0.09862324595451355,-0.35247066617012024,-0.012346265023040814,-0.1808454990386963,-0.4623470902442932,-0.061185106751906915,-0.2504997253417969,-0.3867829144001007,-0.08482712518929247,-0.2772984504699707,-0.29783129692077637,-0.08785928797482256,-0.051855504512786865,-0.3474864959716797,-0.0463802368616939,-0.1327662467956543,-0.41764506697654724,-0.0769690425372005,-0.20541498064994812,-0.38015225529670715,-0.09020517778157,-0.2487735152244568,-0.3245851397514343,-0.09230497491120104
O,0.0,0.0,0.0,-0.12138199806213379,-0.037928640842437744,-0.011237331008203455,-0.23525464534759521,-0.10872524976730347,-0.02895135366696877,-0.3127211928367615,-0.1589442491531372,-0.05883178980428738,-0.32358284294605255,-0.2478465437889099,-0.08275257916528744,-0.17743057012557983,-0.3250497579574585,0.03740627570670085,-0.24532634019851685,-0.4441099762916565,-0.017189841059632727,-0.29660600423812866,-0.38724076747894287,-0.060982496751137205,-0.31738364696502686,-0.31236180663108826,-0.08335900427181286,-0.1354202926158905,-0.3506965637207031,0.01531320317309337,-0.2177070677280426,-0.4889530539512634,-0.04689771057445569,-0.27935507893562317,-0.4136832356452942,-0.08898718775589032,-0.2961098253726959,-0.32554543018341064,-0.10346676529724164,-0.08819663524627686,-0.36179083585739136,-0.016486366552896925,-0.1693231463432312,-0.473428875207901,-0.06861253948289914,-0.24189883470535278,-0.390048623085022,-0.0927624416478352,-0.2693832218647003,-0.2993597984313965,-0.09371718884784741,-0.040500104427337646,-0.35336941480636597,-0.05049586789090199,-0.12056231498718262,-0.4330933392047882,-0.08198879779655499,-0.1938634216785431,-0.40064048767089844,-0.09442402542907757,-0.236329585313797,-0.34930098056793213,-0.0944203299411015
O,0.0,0.0,0.0,-0.12232157588005066,-0.038503408432006836,-0.01240661458092518,-0.2378426194190979,-0.1082906723022461,-0.030457892427023125,-0.3158667981624603,-0.16352033615112305,-0.06026560530978031,-0.3284056782722473,-0.25435250997543335,-0.08426580668407269,-0.18631070852279663,-0.32624033093452454,0.038766632816020774,-0.25272196531295776,-0.4424372911453247,-0.014230305300827695,-0.3002437353134155,-0.38592541217803955,-0.0579608352573473,-0.3183203488588333,-0.31388771533966064,-0.08104560614543743,-0.1428370177745819,-0.3558485209941864,0.018064501723472404,-0.22337016463279724,-0.4894365668296814,-0.04153871999102421,-0.27886125445365906,-0.4116915762424469,-0.08185110331493206,-0.29226168990135193,-0.3231221139431,-0.09593579263406582,-0.09350317716598511,-0.3688632547855377,-0.012591503532405568,-0.1735336184501648,-0.4851771593093872,-0.06280183882432766,-0.24147295951843262,-0.40263426303863525,-0.08512428493219204,-0.26694685220718384,-0.3114846348762512,-0.08612545669990368,-0.04164278507232666,-0.36091309785842896,-0.0456348703892786,-0.12485483288764954,-0.4352901875972748,-0.07740571440177746,-0.19698837399482727,-0.3979552686214447,-0.08970581830459423,-0.23866257071495056,-0.3444506525993347,-0.08994022102075405
O,0.0,0.0,0.0,-0.12430122494697571,-0.037583768367767334,-0.011528127461247095,-0.24218717217445374,-0.11152440309524536,-0.029539519555441984,-0.3220083713531494,-0.1656368374824524,-0.0594585739146396,-0.3309638053178787,-0.2557298541069031,-0.0836268119584247,-0.18535470962524414,-0.33303630352020264,0.034858698390848986,-0.25464919209480286,-0.45373421907424927,-0.02006132305371011,-0.3038748502731323,-0.3959992229938507,-0.06394510493385042,-0.32074159383773804,-0.32030415534973145,-0.08655193970309938,-0.14135384559631348,-0.3619573414325714,0.01319623495680844,-0.22581899166107178,-0.5013523995876312,-0.04699180052386964,-0.28317123651504517,-0.41933977603912354,-0.0854379810463115,-0.29417145252227783,-0.3273041248321533,-0.09799125567781175,-0.09079787135124207,-0.3739054203033447,-0.018307046599261412,-0.173728346824646,-0.5003513693809509,-0.06831357405292238,-0.24382135272026062,-0.4115840196609497,-0.08843533471929277,-0.2671653628349304,-0.31634271144866943,-0.08783504144059862,-0.03833484649658203,-0.36344900727272034,-0.05221800655829156,-0.1207466721534729,-0.44677603244781494,-0.08328708783494676,-0.19493883848190308,-0.40520936250686646,-0.09418608770477022,-0.23566564917564392,-0.3468905985355377,-0.09341878966199602
O,0.0,0.0,0.0,-0.12437322735786438,-0.031042635440826416,-0.015497541533932235,-0.2460363805294037,-0.10589015483856201,-0.03566535517029479,-0.3263562321662903,-0.1640377640724182,-0.06617041259460166,-0.3329247832298279,-0.2566893696784973,-0.09043604462794974,-0.19079825282096863,-0.33396854996681213,0.023475235780551884,-0.262224942445755,-0.4596244692802429,-0.03450537427715972,-0.3110378086566925,-0.39600175619125366,-0.07872494637422278,-0.32346785068511963,-0.3162927031517029,-0.10117075174503043,-0.14441460371017456,-0.3645084500312805,0.00439382669128463,-0.2307450771331787,-0.5064564347267151,-0.057649738634154346,-0.286659836769104,-0.41755586862564087,-0.09290922015361502,-0.2940789461135864,-0.3228752315044403,-0.10300244718246176,-0.09088915586471558,-0.376697301864624,-0.024567890459820774,-0.1751655638217926,-0.5101216435432434,-0.07495536237411216,-0.2423498034477234,-0.41650503873825073,-0.09077975481204703,-0.2623462975025177,-0.31876909732818604,-0.08759609937123969,-0.03359609842300415,-0.3655502498149872,-0.05635520025543883,-0.1178794801235199,-0.4451421797275543,-0.08882484167270377,-0.19256901741027832,-0.40351545810699463,-0.09929586529187873,-0.23364496231079102,-0.34862130880355835,-0.09806053667716697
O,0.0,0.0,0.0,-0.12494409084320068,-0.02863180637359619,-0.01932669928339692,-0.2505439817905426,-0.10455918312072754,-0.04084165891674729,-0.33747798204421997,-0.16173124313354492,-0.07253934195307465,-0.3416453003883362,-0.261804461479187,-0.09724472215441438,-0.19372349977493286,-0.3387022912502289,0.02472613068255214,-0.2692386209964752,-0.4687187671661377,-0.03507730489639016,-0.32039570808410645,-0.4031684696674347,-0.07948325326708527,-0.32972633838653564,-0.3240257203578949,-0.10162427773741456,-0.14825668931007385,-0.37098193168640137,0.006723801288330833,-0.23841091990470886,-0.5222424268722534,-0.05594874298242303,-0.2969381511211395,-0.4286847710609436,-0.08965562036303254,-0.301370233297348,-0.33161866664886475,-0.09782004108694764,-0.09484612941741943,-0.3849778175354004,-0.02219682684210511,-0.18247902393341064,-0.5276633501052856,-0.07386097064284058,-0.2513303756713867,-0.42482829093933105,-0.08846302082804414,-0.26729926466941833,-0.3241705000400543,-0.08344556143549653,-0.03798866271972656,-0.3743608295917511,-0.05438749617007943,-0.1290591061115265,-0.4575597941875458,-0.0867974733379242,-0.20531079173088074,-0.4015839695930481,-0.09587511917618485,-0.24099525809288025,-0.33675917983055115,-0.09330549588469239
O,0.0,0.0,0.0,-0.12431555986404419,-0.027684807777404785,-0.023097178208217883,-0.2532445192337036,-0.10278165340423584,-0.04767791019617107,-0.34138426184654236,-0.15969938039779663,-0.08217616962133434,-0.35029375553131104,-0.26295769214630127,-0.10915225582061794,-0.19796434044837952,-0.3474014103412628,0.02009387849034283,-0.2748883068561554,-0.4846269488334656,-0.04468125687776592,-0.3277958333492279,-0.4128824472427368,-0.09124368266998317,-0.3378438949584961,-0.3285401463508606,-0.11369304196773555,-0.15017080307006836,-0.38061973452568054,0.002133753841235375,-0.24016711115837097,-0.5423846244812012,-0.06581373350559261,-0.30335772037506104,-0.4453037679195404,-0.1013882814520457,-0.3122168481349945,-0.34322112798690796,-0.1096503345841029,-0.09523630142211914,-0.39387744665145874,-0.027388260009274745,-0.1841425895690918,-0.5467225909233093,-0.0846644251221278,-0.25476720929145813,-0.43981003761291504,-0.10085394816337612,-0.2720170319080353,-0.3346443176269531,-0.09547119425474193,-0.036846280097961426,-0.3826269209384918,-0.06024603383480098,-0.12932467460632324,-0.46999943256378174,-0.09670716361938503,-0.20618024468421936,-0.4133687913417816,-0.10731284903226879,-0.2424353063106537,-0.3473310172557831,-0.10494110571085002
O,0.0,0.0,0.0,-0.12920600175857544,-0.033264994621276855,-0.024834221724404415,-0.2586723566055298,-0.10918575525283813,-0.050200384605659565,-0.3502022624015808,-0.16726970672607422,-0.08568122287465485,-0.3626345992088318,-0.27120494842529297,-0.11359465171767624,-0.20909002423286438,-0.3538529872894287,0.019856350000964085,-0.2929137349128723,-0.4981740117073059,-0.04578623970223816,-0.343498170375824,-0.4271070957183838,-0.09395679881049546,-0.3482244908809662,-0.34474945068359375,-0.1177713056392804,-0.1587730050086975,-0.38938695192337036,0.0025116200260981714,-0.2528024911880493,-0.5555129945278168,-0.0664739166684285,-0.31303614377975464,-0.4563637375831604,-0.10382688840104493,-0.31849002838134766,-0.354754239320755,-0.11345864881946,-0.10003578662872314,-0.40520793199539185,-0.02656150472535046,-0.18955019116401672,-0.5683781206607819,-0.08394262244178208,-0.25979024171829224,-0.4591137766838074,-0.09992544402552994,-0.27530935406684875,-0.3509182333946228,-0.09460769643260392,-0.036340415477752686,-0.3955882489681244,-0.05929727901889237,-0.1265391707420349,-0.4908160865306854,-0.09573184748364838,-0.20514938235282898,-0.4312279224395752,-0.10584708352757843,-0.24148601293563843,-0.35969722270965576,-0.10323751022292527
O,0.0,0.0,0.0,-0.13095033168792725,-0.0322420597076416,-0.027685694570209307,-0.264950692653656,-0.10880821943283081,-0.05715077574041061,-0.36126410961151123,-0.1641521453857422,-0.09683424810555152,-0.36362558603286743,-0.26955562829971313,-0.12803375552084617,-0.21190443634986877,-0.3664829730987549,0.015230993566547113,-0.2945607006549835,-0.5284721851348877,-0.05977272445943527,-0.3499481976032257,-0.44513046741485596,-0.11208811233427696,-0.3571140170097351,-0.350374698638916,-0.13671365211394004,-0.15905940532684326,-0.3980073928833008,-0.0024475482632624335,-0.2522432804107666,-0.5765371322631836,-0.08094993064787559,-0.3189261853694916,-0.4659331142902374,-0.12040376494314842,-0.32700115442276,-0.3561403751373291,-0.1289520991840618,-0.09748345613479614,-0.4107191562652588,-0.032941671262051386,-0.1871730089187622,-0.5861518383026123,-0.09665477852013282,-0.2615959644317627,-0.4700547456741333,-0.11333879659559898,-0.27887049317359924,-0.3559473156929016,-0.10634225438025169,-0.03143203258514404,-0.3985770642757416,-0.06731355021383933,-0.12223190069198608,-0.49819591641426086,-0.10683399269964866,-0.20295950770378113,-0.4358653426170349,-0.11824337969210319,-0.24019360542297363,-0.36240702867507935,-0.11519759724524192
O,0.0,0.0,0.0,-0.1348578929901123,-0.02807784080505371,-0.03652807459377527,-0.27504104375839233,-0.10396432876586914,-0.07280995458506823,-0.38061726093292236,-0.1577070951461792,-0.11768885463618517,-0.3758065700531006,-0.2698889970779419,-0.1528249508156705,-0.21860915422439575,-0.3754476010799408,0.001447307582452595,-0.30200374126434326,-0.5631013512611389,-0.08032995969199419,-0.3615196943283081,-0.47131872177124023,-0.1374482190623212,-0.3748965263366699,-0.3666253089904785,-0.16544745624207735,-0.16234546899795532,-0.39963430166244507,-0.013275861219995022,-0.2579001486301422,-0.5958348512649536,-0.09665809333466768,-0.3272589445114136,-0.4796641767024994,-0.1398442810788083,-0.33865973353385925,-0.3668336868286133,-0.1518018817915845,-0.09567612409591675,-0.407095342874527,-0.041375787408583165,-0.18349537253379822,-0.5991150736808777,-0.10620632529401064,-0.26243555545806885,-0.4837600588798523,-0.12476344913386583,-0.2854097783565521,-0.3667033314704895,-0.12038215011500597,-0.023855745792388916,-0.3906213045120239,-0.07427866518639803,-0.11120164394378662,-0.5060372948646545,-0.11444715917252779,-0.19380629062652588,-0.4433479309082031,-0.12756043434285402,-0.2339901328086853,-0.3656080365180969,-0.1267827725424695
O,0.0,0.0,0.0,-0.13833975791931152,-0.022101521492004395,-0.03653523706702799,-0.28115391731262207,-0.1000216007232666,-0.07431697853712649,-0.38565072417259216,-0.15313297510147095,-0.12095279254822344,-0.38127702474594116,-0.262881875038147,-0.15804828711657137,-0.22275656461715698,-0.3830651640892029,-0.002953413490786261,-0.30768314003944397,-0.5788215100765228,-0.0888348297110042,-0.3694149851799011,-0.4850490689277649,-0.14806813009886355,-0.3840517997741699,-0.37841030955314636,-0.17671592541842074,-0.1636396050453186,-0.40621277689933777,-0.019481716760083145,-0.2600405812263489,-0.6071331202983856,-0.10672780879644961,-0.3328704535961151,-0.48698264360427856,-0.15088109680323214,-0.34703701734542847,-0.37334901094436646,-0.16297116883902163,-0.09464317560195923,-0.41208600997924805,-0.04953478284983248,-0.18498408794403076,-0.604646623134613,-0.11836566039232821,-0.2654978632926941,-0.48317933082580566,-0.13719324775843234,-0.289713054895401,-0.36548930406570435,-0.13236463078169436,-0.02050793170928955,-0.3946845233440399,-0.08423044540791125,-0.11068165302276611,-0.5118065774440765,-0.12725152083544344,-0.19396889209747314,-0.443591833114624,-0.1401803941359958,-0.23459580540657043,-0.36368608474731445,-0.13891991981176943
O,0.0,0.0,0.0,-0.13763809204101562,-0.02573847770690918,-0.03507661677758733,-0.28051501512527466,-0.10642790794372559,-0.07050667561452428,-0.38655388355255127,-0.16317862272262573,-0.11518329985301534,-0.38774919509887695,-0.27567899227142334,-0.1501684323684458,-0.228005051612854,-0.38954341411590576,0.004292921183150611,-0.31283998489379883,-0.5813286304473877,-0.07793877132098714,-0.3749510645866394,-0.49119412899017334,-0.13473777331273595,-0.38869941234588623,-0.3908464312553406,-0.16239130355279485,-0.16806840896606445,-0.4164173901081085,-0.012171694523203769,-0.2676309645175934,-0.6113463342189789,-0.09605350948731939,-0.33828556537628174,-0.49157825112342834,-0.13831828392903844,-0.35011792182922363,-0.38037747144699097,-0.14964076734941045,-0.09848976135253906,-0.4247887134552002,-0.04231776155393163,-0.19171029329299927,-0.6125951707363129,-0.10918311633031408,-0.26961344480514526,-0.4914511442184448,-0.12616087354581396,-0.29158443212509155,-0.3754761815071106,-0.1205876678959612,-0.02235233783721924,-0.40862715244293213,-0.07712223239104787,-0.11647135019302368,-0.5193185806274414,-0.11899452514808218,-0.19875198602676392,-0.44946327805519104,-0.1311012194291834,-0.23776569962501526,-0.36980581283569336,-0.12957374609868566
O,0.0,0.0,0.0,-0.13667011260986328,-0.024998188018798828,-0.03719637513904672,-0.27924928069114685,-0.10865998268127441,-0.0753230412378798,-0.3842337727546692,-0.16403841972351074,-0.12264570937304597,-0.38264596462249756,-0.27579259872436523,-0.15980723843722444,-0.22330507636070251,-0.39977455139160156,-0.00682680000363689,-0.31130844354629517,-0.6086151599884033,-0.09571796254067522,-0.3732444643974304,-0.5085811018943787,-0.15395453915743929,-0.38506466150283813,-0.40125879645347595,-0.18088125035910707,-0.16207504272460938,-0.420663058757782,-0.02330678858606916,-0.2648236155509949,-0.6212944686412811,-0.11419304803757768,-0.3376612961292267,-0.4894656538963318,-0.15646241948752504,-0.34912872314453125,-0.37519216537475586,-0.16617891535906892,-0.09104698896408081,-0.4257994294166565,-0.05354156316070657,-0.18440306186676025,-0.6212063431739807,-0.12524925515799623,-0.26589301228523254,-0.4915691614151001,-0.14110550627856355,-0.28981390595436096,-0.37166810035705566,-0.13353057549147707,-0.01334071159362793,-0.4090833067893982,-0.08850630716233354,-0.10383665561676025,-0.5288380086421967,-0.13333592162280183,-0.1878758668899536,-0.4549054205417633,-0.14519828901438814,-0.22849753499031067,-0.3708222508430481,-0.14240470872073274
O,0.0,0.0,0.0,-0.14109373092651367,-0.0160675048828125,-0.04053721933098586,-0.28698021173477173,-0.10222423076629639,-0.07974595187636169,-0.39382314682006836,-0.15325450897216797,-0.12833050249548705,-0.39125457406044006,-0.2640525698661804,-0.1662058418843344,-0.23401516675949097,-0.4101555347442627,-0.007769984495212157,-0.3245074450969696,-0.6182245314121246,-0.0977253725978926,-0.38378340005874634,-0.5066474974155426,-0.15598503111334594,-0.3904237747192383,-0.397101491689682,-0.18282881735296996,-0.171667218208313,-0.4290234446525574,-0.023246845066864807,-0.27231860160827637,-0.6330462396144867,-0.11412378011675628,-0.3413577377796173,-0.49236297607421875,-0.15679170547457488,-0.3491160273551941,-0.3791397213935852,-0.16680223105879577,-0.10016345977783203,-0.43201741576194763,-0.05293278752299102,-0.19243425130844116,-0.622497946023941,-0.12462684123249801,-0.27295827865600586,-0.48551201820373535,-0.14129898308249267,-0.29499608278274536,-0.36454588174819946,-0.13465220092268737,-0.023246943950653076,-0.4128612279891968,-0.08768192289801391,-0.1162828803062439,-0.5308004021644592,-0.1307761704775885,-0.19973307847976685,-0.44940146803855896,-0.14191688953371795,-0.23743021488189697,-0.3598327040672302,-0.13929866610499175
O,0.0,0.0,0.0,-0.1487998366355896,-0.0171014666557312,-0.042845003698630535,-0.30046242475509644,-0.10043460130691528,-0.08380271533565065,-0.41382157802581787,-0.1505056619644165,-0.13419152835444947,-0.4059599041938782,-0.26457929611206055,-0.17351365128592988,-0.24439382553100586,-0.40985777974128723,-0.006752176136387789,-0.34279561042785645,-0.6156492233276367,-0.0969205502613022,-0.40197378396987915,-0.49501579999923706,-0.15765087345675965,-0.40686118602752686,-0.37918925285339355,-0.18738292196826478,-0.1844518780708313,-0.42710962891578674,-0.02158792728619119,-0.2926139831542969,-0.6368323266506195,-0.11278118232326051,-0.35886555910110474,-0.48778414726257324,-0.1600449089153244,-0.363300085067749,-0.3691250681877136,-0.1747290048940613,-0.11234408617019653,-0.43035054206848145,-0.05086735302643319,-0.20641356706619263,-0.6322289407253265,-0.12078283021287461,-0.2891082465648651,-0.4897521734237671,-0.14344085792140504,-0.311344176530838,-0.3601554036140442,-0.14253713229732057,-0.034133970737457275,-0.40942323207855225,-0.08558223435716172,-0.12819570302963257,-0.5366816222667694,-0.1271358732326462,-0.21462684869766235,-0.45165613293647766,-0.14330115953521272,-0.25352686643600464,-0.3554958701133728,-0.14621962646083375
O,0.0,0.0,0.0,-0.14825689792633057,-0.021800637245178223,-0.03783716981649832,-0.2954111695289612,-0.11365467309951782,-0.07695256148815588,-0.40339261293411255,-0.16867345571517944,-0.1271953133249326,-0.39687830209732056,-0.28380727767944336,-0.1676451859378858,-0.2393876612186432,-0.42386141419410706,-0.0023835063760770936,-0.33437278866767883,-0.6359392404556274,-0.09472449099064306,-0.39670395851135254,-0.5216355323791504,-0.157376765956883,-0.4051823318004608,-0.40677326917648315,-0.18792986845016912,-0.1772802472114563,-0.4394131302833557,-0.02169566204190687,-0.2824802100658417,-0.65181764960289,-0.11540056740284399,-0.3527281880378723,-0.5059328079223633,-0.16411159907818273,-0.36039721965789795,-0.3892972469329834,-0.17960067068577246,-0.10412818193435669,-0.4399341642856598,-0.05552290355205969,-0.19674676656723022,-0.6439138352870941,-0.12893699084759191,-0.28283780813217163,-0.5027944147586823,-0.1533690092468305,-0.30711713433265686,-0.3752672076225281,-0.15320338284016088,-0.024003446102142334,-0.4182749390602112,-0.09426098292112783,-0.11625945568084717,-0.5529691576957703,-0.13816724692821936,-0.2030962109565735,-0.4679734706878662,-0.15425823604107336,-0.24238628149032593,-0.37029075622558594,-0.15693549787044958
O,0.0,0.0,0.0,-0.14914309978485107,-0.02154165506362915,-0.0406235209541137,-0.2970871925354004,-0.11188822984695435,-0.0817871256606395,-0.40742725133895874,-0.16408604383468628,-0.133857147289973,-0.401675283908844,-0.28042030334472656,-0.1756189926402385,-0.23825937509536743,-0.42509061098098755,-0.006874632077824572,-0.3357543349266052,-0.6418907046318054,-0.10152937610314439,-0.39854222536087036,-0.5217257738113403,-0.16502852876351426,-0.40608251094818115,-0.40461352467536926,-0.19592999060319016,-0.1766607165336609,-0.4382302165031433,-0.025313155247431496,-0.2851316034793854,-0.6558411419391632,-0.12076661874220918,-0.3549773395061493,-0.505580723285675,-0.17090484638379166,-0.36223241686820984,-0.38864564895629883,-0.18758639831708024,-0.1036185622215271,-0.4378858208656311,-0.05836627025769303,-0.1974700689315796,-0.6470818519592285,-0.13267937441037247,-0.28415441513061523,-0.5043068528175354,-0.15771818299458573,-0.30930769443511963,-0.37481260299682617,-0.15822363038228104,-0.024025142192840576,-0.41541144251823425,-0.09651818264887879,-0.11617934703826904,-0.5552761554718018,-0.1404591067569072,-0.2035236358642578,-0.470201313495636,-0.15703754265473435,-0.24369797110557556,-0.37109363079071045,-0.16044220466778825
O,0.0,0.0,0.0,-0.14997446537017822,-0.024091720581054688,-0.042341022239384074,-0.2986159324645996,-0.11428952217102051,-0.08483370994156303,-0.4096980392932892,-0.16560691595077515,-0.13817263995235862,-0.4045342206954956,-0.2827126383781433,-0.18156683300560417,-0.23834013938903809,-0.43073034286499023,-0.00778972119962873,-0.3355281352996826,-0.6482904255390167,-0.1043471008998722,-0.4002208709716797,-0.5342267751693726,-0.1700190142256588,-0.4117108881473541,-0.41847512125968933,-0.2021743193728298,-0.1760876178741455,-0.44390323758125305,-0.02590603050714435,-0.28584861755371094,-0.6603426933288574,-0.12459372584646644,-0.35748982429504395,-0.509913831949234,-0.17777587328976097,-0.36800166964530945,-0.3891880512237549,-0.195737583981213,-0.10267645120620728,-0.44357576966285706,-0.05877650012200775,-0.19879066944122314,-0.6508595943450928,-0.13633794938152732,-0.28707680106163025,-0.506715327501297,-0.1642237887245983,-0.31440281867980957,-0.373942494392395,-0.16544781480854454,-0.02350461483001709,-0.4198935925960541,-0.09667868767803611,-0.11776113510131836,-0.5549040138721466,-0.14307312522953453,-0.20544803142547607,-0.470695436000824,-0.16155747924869956,-0.24723458290100098,-0.3714951276779175,-0.16553917382782402
O,0.0,0.0,0.0,-0.1503238081932068,-0.02691197395324707,-0.04356883966568148,-0.30028051137924194,-0.1190652847290039,-0.0861865816378895,-0.41486865282058716,-0.17578530311584473,-0.13937525578978693,-0.4062439203262329,-0.2948639988899231,-0.18201537558081782,-0.2376539707183838,-0.43743622303009033,-0.003467609521180748,-0.3356482684612274,-0.6483287513256073,-0.09795422979834711,-0.4000351130962372,-0.5316680669784546,-0.16317100950720942,-0.41022637486457825,-0.4145575165748596,-0.1956717682743374,-0.17555367946624756,-0.45185503363609314,-0.019909861844212173,-0.2872675657272339,-0.662696123123169,-0.11599535622838175,-0.35705602169036865,-0.5129411220550537,-0.16802258917334711,-0.366008460521698,-0.3902602791786194,-0.1856792134905163,-0.10215586423873901,-0.4516264796257019,-0.051454083409339546,-0.20048362016677856,-0.6565673053264618,-0.12727570661547816,-0.28813716769218445,-0.5128037631511688,-0.1538680208587948,-0.31589552760124207,-0.37785446643829346,-0.15462891885283625,-0.02362799644470215,-0.42626655101776123,-0.08831154682877695,-0.12106913328170776,-0.5557330846786499,-0.13481260963919794,-0.21001964807510376,-0.4706557095050812,-0.15384173521044886,-0.253837913274765,-0.3704501986503601,-0.15820020565035975
O,0.0,0.0,0.0,-0.14721471071243286,-0.029815673828125,-0.039161504283129034,-0.29652896523475647,-0.12488061189651489,-0.07919034458655005,-0.40503808856010437,-0.18251073360443115,-0.13025065608280784,-0.397799551486969,-0.2948845624923706,-0.1704467321183074,-0.23216167092323303,-0.4413779377937317,-0.0051187230642426584,-0.32751885056495667,-0.6559837758541107,-0.09720274902838355,-0.3910514712333679,-0.531265914440155,-0.1580977822090972,-0.3999980092048645,-0.4104860723018646,-0.1873057568814147,-0.1692710518836975,-0.45317238569259644,-0.023551127910195646,-0.27810636162757874,-0.6667317450046539,-0.11947850234764701,-0.3518713712692261,-0.5118618309497833,-0.16815934427040702,-0.36138832569122314,-0.3864452838897705,-0.1827138299490798,-0.0961260199546814,-0.45071226358413696,-0.05629052691119796,-0.19168323278427124,-0.655916303396225,-0.13168873734730369,-0.28117579221725464,-0.5082505941390991,-0.15494877941864615,-0.30940133333206177,-0.37308990955352783,-0.15310032017487174,-0.018322348594665527,-0.42525818943977356,-0.09391220010775214,-0.1138840913772583,-0.5558885335922241,-0.13960816808003074,-0.20380324125289917,-0.4691484272480011,-0.15615689106243735,-0.24805080890655518,-0.3699682354927063,-0.15841422326820975
O,0.0,0.0,0.0,-0.1458922028541565,-0.04359668493270874,-0.038528399438860106,-0.2883707284927368,-0.13909190893173218,-0.07938544628143518,-0.3931877911090851,-0.19731223583221436,-0.13234568563223092,-0.3887068033218384,-0.30872881412506104,-0.1746528240752241,-0.2229248285293579,-0.45476874709129333,-0.004111209315510678,-0.313026487827301,-0.6673534214496613,-0.0989115628314039,-0.37527018785476685,-0.5467264354228973,-0.16096376803636758,-0.38424748182296753,-0.4274270534515381,-0.18996594277143686,-0.15998148918151855,-0.4632490575313568,-0.02403614659726827,-0.2638927400112152,-0.6690126657485962,-0.12315881428241937,-0.3377654552459717,-0.5143188238143921,-0.1711534204792997,-0.34961211681365967,-0.39084142446517944,-0.18398749259233682,-0.08696216344833374,-0.456822007894516,-0.05873640802622049,-0.17840135097503662,-0.6596176028251648,-0.1400807293963453,-0.26694607734680176,-0.5076600909233093,-0.16066575971365182,-0.2958924472332001,-0.37166380882263184,-0.15456051555395334,-0.009721577167510986,-0.42783623933792114,-0.0981505605292341,-0.09934830665588379,-0.5614951848983765,-0.14840953973055093,-0.19169509410858154,-0.47750282287597656,-0.16300467577696054,-0.24069783091545105,-0.3804250955581665,-0.16184447136640756
O,0.0,0.0,0.0,-0.14582091569900513,-0.042516112327575684,-0.03665930484464752,-0.28245529532432556,-0.1308608055114746,-0.07701033805540192,-0.38461944460868835,-0.1837608814239502,-0.1293140918486415,-0.3889915347099304,-0.29501205682754517,-0.1724586755507289,-0.21906939148902893,-0.4329454302787781,-0.0019045074940322593,-0.3041064143180847,-0.6406107544898987,-0.09165171985557663,-0.37026703357696533,-0.5329945385456085,-0.1541563839190303,-0.38495391607284546,-0.4190993309020996,-0.18499532048633682,-0.15933245420455933,-0.44361788034439087,-0.02130228360226738,-0.26519522070884705,-0.6478595733642578,-0.1149892554157077,-0.33898672461509705,-0.5023592114448547,-0.16607801322868454,-0.3506760001182556,-0.3816679120063782,-0.1838775843851863,-0.09254926443099976,-0.4413936138153076,-0.05474264253905403,-0.18450945615768433,-0.6346970498561859,-0.12979404334953415,-0.2717129588127136,-0.4970887303352356,-0.1552366435997783,-0.29796135425567627,-0.3658839464187622,-0.15546078686645615,-0.01930922269821167,-0.419502317905426,-0.09273962383201706,-0.10880768299102783,-0.544050544500351,-0.13772420291832077,-0.196968674659729,-0.47044917941093445,-0.1541944265835582,-0.2419615089893341,-0.3781084418296814,-0.15696444814136612
O,0.0,0.0,0.0,-0.1412113904953003,-0.044635117053985596,-0.03047661465359397,-0.27527403831481934,-0.13491439819335938,-0.0669609176064796,-0.37232300639152527,-0.19345253705978394,-0.1155378760839767,-0.3759322762489319,-0.2992558479309082,-0.15523196180117793,-0.21053901314735413,-0.4196568727493286,-0.00015194779086868948,-0.2907640337944031,-0.6338140964508057,-0.08596874196780391,-0.35660749673843384,-0.5315681397914886,-0.14410854299319453,-0.3681681156158447,-0.4195317029953003,-0.17180713434470363,-0.15126943588256836,-0.43225038051605225,-0.021162641986734343,-0.2518627643585205,-0.6389837563037872,-0.10885886271250911,-0.3275038003921509,-0.5037646293640137,-0.15417174418223567,-0.33618098497390747,-0.3900781273841858,-0.16846541483653255,-0.0854453444480896,-0.43131038546562195,-0.0554063784028358,-0.1738932728767395,-0.6264144778251648,-0.12418586184037395,-0.26200681924819946,-0.4991798996925354,-0.14476011116755672,-0.28654226660728455,-0.3768796920776367,-0.14275764842284389,-0.014053642749786377,-0.4118320941925049,-0.09391720761311717,-0.10110336542129517,-0.5400440096855164,-0.13401291687739558,-0.18645015358924866,-0.47126004099845886,-0.14606046099913783,-0.22674086689949036,-0.38322681188583374,-0.14591857214225
O,0.0,0.0,0.0,-0.13987451791763306,-0.041492342948913574,-0.032813649678928414,-0.27255779504776,-0.12769949436187744,-0.06965595116685108,-0.3710635006427765,-0.18344473838806152,-0.11790913721392826,-0.3763745427131653,-0.29454827308654785,-0.15704451879332737,-0.2115747332572937,-0.4093436002731323,0.00029131328142284474,-0.29426392912864685,-0.617011547088623,-0.08596141269276814,-0.35717907547950745,-0.5216437578201294,-0.1442541815883942,-0.36640268564224243,-0.41129767894744873,-0.17156105121443943,-0.15409952402114868,-0.4261266589164734,-0.0187086258627005,-0.2610323429107666,-0.6269578635692596,-0.10696763178179935,-0.33055955171585083,-0.4948738217353821,-0.15120678027938084,-0.3338466286659241,-0.38076281547546387,-0.16373253246615604,-0.08893483877182007,-0.4297638535499573,-0.05145333340237812,-0.18410226702690125,-0.6201032996177673,-0.1221020706541367,-0.2674585282802582,-0.4934912919998169,-0.14208749314616398,-0.28714704513549805,-0.3723081946372986,-0.1384403594381638,-0.017170846462249756,-0.41314762830734253,-0.08863572409222797,-0.10780161619186401,-0.5326292216777802,-0.1313147582657166,-0.1933385133743286,-0.46349653601646423,-0.14478712161849216,-0.23293420672416687,-0.37613746523857117,-0.14472376188109592
O,0.0,0.0,0.0,-0.13635331392288208,-0.04314655065536499,-0.033276542051339675,-0.2678094208240509,-0.12989091873168945,-0.07061660565307193,-0.3663517236709595,-0.18621724843978882,-0.11922434247901492,-0.37227824330329895,-0.29703289270401,-0.1586588946717029,-0.2032794952392578,-0.4153929650783539,0.0010243422970006577,-0.27756625413894653,-0.6246064603328705,-0.08667548276355319,-0.3430081605911255,-0.533422440290451,-0.14614267922809177,-0.35867854952812195,-0.4250582158565521,-0.17379522599151187,-0.14774954319000244,-0.42919719219207764,-0.017531183509731818,-0.24717482924461365,-0.6262495517730713,-0.10808489747216754,-0.3220595121383667,-0.4976840317249298,-0.15297559179236941,-0.33311861753463745,-0.3824520409107208,-0.1650952426331287,-0.0845569372177124,-0.43042483925819397,-0.050095844043994475,-0.1749151349067688,-0.6147746443748474,-0.12238944597413592,-0.2607173025608063,-0.49170130491256714,-0.14293051041534,-0.28542566299438477,-0.3717409074306488,-0.13882941283156924,-0.014456033706665039,-0.41290518641471863,-0.08704620130231433,-0.10239511728286743,-0.5306074619293213,-0.13063326753547244,-0.1858205497264862,-0.4618375301361084,-0.14392687655856662,-0.2256586253643036,-0.3747096061706543,-0.1429471848147159
O,0.0,0.0,0.0,-0.1378520131111145,-0.039845168590545654,-0.03020440979707928,-0.2699628472328186,-0.12444818019866943,-0.06385409093309136,-0.3651484251022339,-0.18148350715637207,-0.10960654920745583,-0.3742741346359253,-0.2884582281112671,-0.14660221344638558,-0.2123817503452301,-0.40599074959754944,0.006038446381353424,-0.2824243903160095,-0.6195012331008911,-0.08038660145211907,-0.34480828046798706,-0.5436883568763733,-0.1380075663964817,-0.3607328534126282,-0.445639967918396,-0.16407555348087044,-0.1567710041999817,-0.42334043979644775,-0.014241325732655241,-0.2575088143348694,-0.6216976046562195,-0.10680600262094231,-0.33176231384277344,-0.49257272481918335,-0.15111303335834236,-0.3422814607620239,-0.37659764289855957,-0.16083389527011605,-0.0940740704536438,-0.4286782443523407,-0.04858763522315712,-0.18583405017852783,-0.6118871569633484,-0.12393058097768517,-0.27083370089530945,-0.4858064651489258,-0.14471544331718178,-0.29454877972602844,-0.3656049370765686,-0.13863816863704415,-0.0247800350189209,-0.41403117775917053,-0.08703896409679146,-0.11492031812667847,-0.525605708360672,-0.1326699108522007,-0.19830787181854248,-0.4561293125152588,-0.1466929913203785,-0.23818540573120117,-0.37071871757507324,-0.14496040350604744
O,0.0,0.0,0.0,-0.13655751943588257,-0.04107832908630371,-0.02904568760231996,-0.2721640467643738,-0.1271565556526184,-0.06218590548769498,-0.36920076608657837,-0.1862257719039917,-0.10749635806814695,-0.3741285800933838,-0.2928221821784973,-0.14397000482813382,-0.21020835638046265,-0.4083409905433655,0.008555069020530937,-0.27976059913635254,-0.6221159994602203,-0.07675594797865415,-0.3416179418563843,-0.5411043763160706,-0.13366613498465085,-0.35834863781929016,-0.43879106640815735,-0.1594100069119122,-0.15398669242858887,-0.42547786235809326,-0.012159369499840977,-0.25546252727508545,-0.6287544667720795,-0.1041463088108685,-0.33040496706962585,-0.4973148703575134,-0.14743847361341977,-0.3405819535255432,-0.3775728642940521,-0.15622439196840787,-0.09151452779769897,-0.4301343858242035,-0.04694705790416265,-0.1847464144229889,-0.6177019774913788,-0.12154322078959012,-0.2689986824989319,-0.4892313778400421,-0.14119700303808713,-0.2907302677631378,-0.36651286482810974,-0.1339241932942059,-0.023337483406066895,-0.4151555299758911,-0.08580347857014203,-0.11499065160751343,-0.5317613482475281,-0.13044855705038572,-0.19721966981887817,-0.4622286260128021,-0.14364711156622434,-0.2346470057964325,-0.3765946626663208,-0.141260794909158
O,0.0,0.0,0.0,-0.13612449169158936,-0.040107011795043945,-0.03281366807993891,-0.2729933261871338,-0.12386578321456909,-0.06852305290874483,-0.37180718779563904,-0.18914908170700073,-0.11553600785907747,-0.370431125164032,-0.30289483070373535,-0.15318891016420366,-0.215641051530838,-0.39404815435409546,0.003960999365631324,-0.29665282368659973,-0.5983543395996094,-0.08278216031965258,-0.3549836575984955,-0.4981021583080292,-0.13998497632917406,-0.3627110719680786,-0.38754287362098694,-0.16586780158456804,-0.15726816654205322,-0.4172327518463135,-0.015042108312513847,-0.25955045223236084,-0.6293286383152008,-0.10501218197521212,-0.3298352360725403,-0.4991271197795868,-0.14785711077627184,-0.3358168601989746,-0.38393434882164,-0.15730391053136827,-0.0905846357345581,-0.4256412386894226,-0.048113148488369006,-0.18304720520973206,-0.6246999204158783,-0.12113213894542696,-0.2625197172164917,-0.4973999261856079,-0.13919877616342546,-0.2802116572856903,-0.3774280846118927,-0.13183895853933336,-0.016319215297698975,-0.41373011469841003,-0.08548616973337175,-0.10596215724945068,-0.5390271544456482,-0.12795593944963457,-0.18803301453590393,-0.4704819917678833,-0.13924777118143083,-0.22443988919258118,-0.38617992401123047,-0.13659871725019457
O,0.0,0.0,0.0,-0.13501232862472534,-0.036294519901275635,-0.03838053666424912,-0.27655190229415894,-0.11921685934066772,-0.07586061902713936,-0.38118088245391846,-0.181568443775177,-0.123132742423536,-0.3774818181991577,-0.29718267917633057,-0.16061329044771355,-0.21529564261436462,-0.38741177320480347,0.00025632979793499544,-0.30822816491127014,-0.5863686800003052,-0.08731438167762917,-0.36551520228385925,-0.48117145895957947,-0.14679001964998406,-0.372062623500824,-0.3693123459815979,-0.1749419341273324,-0.1576743721961975,-0.4131644368171692,-0.015549996349932371,-0.26828068494796753,-0.6267973780632019,-0.10687812365961236,-0.3362595736980438,-0.49468815326690674,-0.15417026676607293,-0.34197360277175903,-0.37851813435554504,-0.1671858052201287,-0.0910753607749939,-0.4244397282600403,-0.0453993859179036,-0.18604987859725952,-0.6326876580715179,-0.11846384354305428,-0.264874130487442,-0.5044740438461304,-0.14049922623109978,-0.28339090943336487,-0.3817805051803589,-0.1362713048644082,-0.01825946569442749,-0.4121960997581482,-0.0800133342332856,-0.1102481484413147,-0.5362172424793243,-0.12392303295803231,-0.19524472951889038,-0.4675772786140442,-0.13948958315324944,-0.23450708389282227,-0.38406336307525635,-0.14029142953825158
O,0.0,0.0,0.0,-0.13704347610473633,-0.03691297769546509,-0.041515530936294454,-0.27904948592185974,-0.12221366167068481,-0.08206598266201581,-0.3867023289203644,-0.18421536684036255,-0.13203535034494962,-0.3799166977405548,-0.3028970956802368,-0.1719264443142947,-0.21150368452072144,-0.39690688252449036,-0.0026907696499165468,-0.3072459101676941,-0.5976202487945557,-0.09232359185057248,-0.3665260672569275,-0.4925159215927124,-0.1554012204630908,-0.3760562539100647,-0.379019170999527,-0.1863244976027545,-0.15410780906677246,-0.4182196855545044,-0.017711132682734387,-0.26531752943992615,-0.6358329951763153,-0.11149523957806196,-0.3338805139064789,-0.5040043592453003,-0.16276448025541868,-0.34139397740364075,-0.3851430416107178,-0.1784608866198596,-0.08640003204345703,-0.4264831244945526,-0.046617919497066396,-0.17938601970672607,-0.6427817344665527,-0.11865228220062818,-0.2585303485393524,-0.5159756541252136,-0.140996938489252,-0.2786937952041626,-0.39141443371772766,-0.1374094243271884,-0.012513875961303711,-0.41084644198417664,-0.08088814272718992,-0.10250002145767212,-0.5423197746276855,-0.12363875462847318,-0.1888330578804016,-0.475575715303421,-0.13892427637415494,-0.22922909259796143,-0.3926003873348236,-0.13976647510367002
O,0.0,0.0,0.0,-0.1393895149230957,-0.03425711393356323,-0.04390207234780519,-0.283482164144516,-0.11774098873138428,-0.08572340685884683,-0.388668417930603,-0.17912650108337402,-0.1368607871607992,-0.38343438506126404,-0.3000081777572632,-0.17779056657116143,-0.21574702858924866,-0.39736616611480713,-0.004053865783021138,-0.312788724899292,-0.5988529622554779,-0.09590949047367303,-0.3741171956062317,-0.4901173710823059,-0.16042888093750207,-0.38468289375305176,-0.3750378489494324,-0.19192670214931695,-0.15844440460205078,-0.4185715317726135,-0.018804901503131077,-0.27079835534095764,-0.6381042003631592,-0.11462394822399347,-0.3395381569862366,-0.5027338266372681,-0.1686324470118734,-0.3460991084575653,-0.38513967394828796,-0.186074017770693,-0.0898168683052063,-0.4271549880504608,-0.04775677550594537,-0.18145066499710083,-0.6458829641342163,-0.12179711390297143,-0.26163408160209656,-0.5183595418930054,-0.14705622125427453,-0.2810852825641632,-0.39321810007095337,-0.1451203816012594,-0.01363450288772583,-0.41236647963523865,-0.08201758492748468,-0.10305231809616089,-0.5489782691001892,-0.12477667558948724,-0.18842512369155884,-0.4825287461280823,-0.14048150111000268,-0.22653687000274658,-0.3975496292114258,-0.1416919820384237
O,0.0,0.0,0.0,-0.13856887817382812,-0.03430044651031494,-0.043371461539777556,-0.2832467555999756,-0.11939197778701782,-0.08388027197054271,-0.38877958059310913,-0.18311798572540283,-0.13378808295658473,-0.38544052839279175,-0.30423104763031006,-0.17389293408325557,-0.21901515126228333,-0.3971710801124573,8.146900233896304e-05,-0.31633472442626953,-0.5920979082584381,-0.08983168399265651,-0.37894028425216675,-0.4827141761779785,-0.1545526722662771,-0.3896200358867645,-0.3704276382923126,-0.18683514392307643,-0.15973776578903198,-0.4230790436267853,-0.015217805489214697,-0.2703711688518524,-0.6423890292644501,-0.11058611071041469,-0.34167975187301636,-0.507163941860199,-0.16612601673534755,-0.3495808243751526,-0.3898700177669525,-0.1844187567227209,-0.09006744623184204,-0.43448659777641296,-0.04461819699338321,-0.17946851253509521,-0.6568020284175873,-0.11865618473223094,-0.26130855083465576,-0.5296529233455658,-0.1454363951676214,-0.28235960006713867,-0.404730886220932,-0.14444397783211116,-0.012160003185272217,-0.4203299283981323,-0.07923479026487712,-0.1017218828201294,-0.5580976605415344,-0.12229540592363719,-0.18701386451721191,-0.49174177646636963,-0.13839452361992244,-0.22473567724227905,-0.4082435965538025,-0.13988013958862666
O,0.0,0.0,0.0,-0.14383774995803833,-0.032319068908691406,-0.042303598668695486,-0.28816694021224976,-0.11987972259521484,-0.08138506784689525,-0.3916291296482086,-0.18466323614120483,-0.13001917972815136,-0.38863688707351685,-0.30708903074264526,-0.16956699564707378,-0.22772786021232605,-0.39731287956237793,0.0002590326685094624,-0.3213173449039459,-0.5967307984828949,-0.08817059471857647,-0.3813641667366028,-0.4918081760406494,-0.15291225090277294,-0.3895378112792969,-0.38268983364105225,-0.18610887899649242,-0.16459167003631592,-0.4274958670139313,-0.01629394404244522,-0.2706480622291565,-0.65378737449646,-0.11060333922159771,-0.33933010697364807,-0.5167894065380096,-0.1668050803209553,-0.34570762515068054,-0.39879727363586426,-0.1859529234434376,-0.09213012456893921,-0.44032636284828186,-0.0466273792053471,-0.18036460876464844,-0.665751039981842,-0.1195401765371571,-0.2608141005039215,-0.5381317138671875,-0.14766337647688488,-0.27963966131210327,-0.4118272066116333,-0.14817530586969951,-0.01134258508682251,-0.42636504769325256,-0.08209104761135677,-0.10184282064437866,-0.5650988221168518,-0.12504608109247783,-0.1875380277633667,-0.4985279142856598,-0.1418523706461201,-0.2237251102924347,-0.41394054889678955,-0.1442446030641804
O,0.0,0.0,0.0,-0.14912205934524536,-0.02996671199798584,-0.03957167673775075,-0.2964855432510376,-0.12104469537734985,-0.07721630889841435,-0.4007430672645569,-0.18781232833862305,-0.1256640817589414,-0.39582324028015137,-0.3110942840576172,-0.16569231111475347,-0.2345530390739441,-0.4111335277557373,0.011607325301383753,-0.32028651237487793,-0.6068194806575775,-0.0760054181880605,-0.3805730640888214,-0.5038814842700958,-0.1428699161476743,-0.3919917941093445,-0.3921411335468292,-0.17735105413862584,-0.16903066635131836,-0.44116875529289246,-0.006939872036809902,-0.2684062719345093,-0.6695806086063385,-0.10389807481237767,-0.3398526906967163,-0.5343977808952332,-0.16469694334932683,-0.3500312864780426,-0.4065581262111664,-0.18492810089060185,-0.09432268142700195,-0.45365217328071594,-0.039459623730863314,-0.1808542013168335,-0.6769294440746307,-0.11437843400904057,-0.26343435049057007,-0.5506657361984253,-0.14714629609056828,-0.2859250009059906,-0.4210886061191559,-0.14899857003160832,-0.010146498680114746,-0.43915608525276184,-0.07673584330746053,-0.10352832078933716,-0.5817892849445343,-0.12103230912157414,-0.19114786386489868,-0.5135490000247955,-0.1392882581419599,-0.23085537552833557,-0.4246191084384918,-0.14158633012243627
O,0.0,0.0,0.0,-0.1490621566772461,-0.03541827201843262,-0.03782585863848453,-0.2977871596813202,-0.13005077838897705,-0.07411816571732288,-0.4028469920158386,-0.20118755102157593,-0.12095939223547703,-0.40059834718704224,-0.32741719484329224,-0.1590225980140758,-0.23389354348182678,-0.420838326215744,0.010625439277987425,-0.3208485245704651,-0.619942307472229,-0.07504002605458027,-0.3830421268939972,-0.5219986438751221,-0.1390161797859264,-0.3925164043903351,-0.4150077998638153,-0.17201201473255878,-0.1679168939590454,-0.4518040716648102,-0.00846336544384485,-0.27101731300354004,-0.6822023391723633,-0.10181832914133793,-0.3417550027370453,-0.551831066608429,-0.1574807599641872,-0.34777480363845825,-0.42569220066070557,-0.17521597300549274,-0.09324002265930176,-0.4649050235748291,-0.04152476270576244,-0.18396371603012085,-0.690402626991272,-0.11398751144190555,-0.2672027349472046,-0.5661312192678452,-0.14254972194214588,-0.28740599751472473,-0.43809133768081665,-0.14283260558624988,-0.009367227554321289,-0.45040813088417053,-0.0794490188815189,-0.10609203577041626,-0.5930964201688766,-0.12349254493494755,-0.19470101594924927,-0.5219448804855347,-0.14041061554928547,-0.23327839374542236,-0.43111908435821533,-0.14237461839695698
O,0.0,0.0,0.0,-0.1502765417098999,-0.03730785846710205,-0.039996360158625066,-0.299986869096756,-0.1295682191848755,-0.07769352263778728,-0.4040140211582184,-0.2064502239227295,-0.12565254486173671,-0.4036761522293091,-0.3354092538356781,-0.16461814261049312,-0.24116116762161255,-0.41309070587158203,0.00764737770884949,-0.3245026171207428,-0.6158788353204727,-0.07760638064712566,-0.3838197588920593,-0.5210314989089966,-0.14043248510927242,-0.38991618156433105,-0.41440117359161377,-0.17280518329710048,-0.17356836795806885,-0.4506620168685913,-0.010508179394605577,-0.2750561535358429,-0.683921217918396,-0.10332378811210674,-0.3449738025665283,-0.5552786886692047,-0.15635160422891659,-0.3492482900619507,-0.4296451210975647,-0.1725791922864346,-0.09879964590072632,-0.467671662569046,-0.04296137086123508,-0.18867671489715576,-0.6985985040664673,-0.11570334500640911,-0.27113038301467896,-0.5760716497898102,-0.141988464361134,-0.28967607021331787,-0.44660335779190063,-0.14094951069921535,-0.013503432273864746,-0.45623740553855896,-0.08051887220710796,-0.10766857862472534,-0.601170614361763,-0.1254006854352383,-0.1966618299484253,-0.5352463722229004,-0.14209536529153866,-0.236759752035141,-0.44763803482055664,-0.14396039462656063
O,0.0,0.0,0.0,-0.14961254596710205,-0.04208195209503174,-0.04005754683316809,-0.2981458306312561,-0.1318797469139099,-0.07956304717959028,-0.40272805094718933,-0.20533913373947144,-0.12938044537008864,-0.3994583487510681,-0.3328678607940674,-0.1703361229986058,-0.23581892251968384,-0.4151313304901123,0.004978943242122114,-0.32007867097854614,-0.6089285463094711,-0.08172785062492949,-0.3801487684249878,-0.5127220153808594,-0.14593155253828627,-0.3855215609073639,-0.40638983249664307,-0.1793848233312474,-0.16887861490249634,-0.45400503277778625,-0.0134731404498325,-0.2703714668750763,-0.6826222836971283,-0.10701305736006361,-0.3415129780769348,-0.5518651008605957,-0.15926563311518294,-0.34608590602874756,-0.4234030842781067,-0.17509857881964308,-0.09435415267944336,-0.4703783392906189,-0.046132809856544554,-0.183205246925354,-0.6976447105407715,-0.11827622670830351,-0.2667733132839203,-0.5737478584051132,-0.14268685449064833,-0.2860119342803955,-0.4427485466003418,-0.14060771037043196,-0.01096278429031372,-0.4560028910636902,-0.08410258162916762,-0.10336238145828247,-0.5982721894979477,-0.12800201345385176,-0.19404339790344238,-0.5349106192588806,-0.14392250348032576,-0.2367193102836609,-0.4506511688232422,-0.145428876766573
O,0.0,0.0,0.0,-0.14960402250289917,-0.038396239280700684,-0.04256964494629756,-0.29831647872924805,-0.13029152154922485,-0.0819350483004655,-0.40112215280532837,-0.20499885082244873,-0.13104163129969493,-0.39958101511001587,-0.33395254611968994,-0.17155903597517863,-0.24126100540161133,-0.41485947370529175,0.004835527193108646,-0.3222138285636902,-0.606365978717804,-0.08120889236374751,-0.38120102882385254,-0.5120689868927002,-0.1456826033179368,-0.38750505447387695,-0.40841418504714966,-0.17962047477408305,-0.17264360189437866,-0.45468053221702576,-0.012789962079068573,-0.2707842290401459,-0.6831141710281372,-0.10622990151091471,-0.3405627906322479,-0.5542848110198975,-0.16092160363837138,-0.3464919924736023,-0.4289438724517822,-0.17856600900336161,-0.0966830849647522,-0.470552921295166,-0.044744391191443356,-0.18313151597976685,-0.6935636699199677,-0.11807356049462214,-0.2653723955154419,-0.5723468363285065,-0.14626847227259532,-0.2852131724357605,-0.4446719288825989,-0.14677117784663096,-0.010905802249908447,-0.4552416205406189,-0.08189981450482264,-0.10330808162689209,-0.5968816578388214,-0.12673975546999827,-0.19217568635940552,-0.5332929491996765,-0.14422103782339946,-0.23373845219612122,-0.44861674308776855,-0.14706820269270793
O,0.0,0.0,0.0,-0.15368229150772095,-0.04262590408325195,-0.037195832478005286,-0.3026432991027832,-0.12937194108963013,-0.07499426324864089,-0.4082458019256592,-0.20365428924560547,-0.12403818686505019,-0.4039415121078491,-0.33198654651641846,-0.16437956412335097,-0.23845461010932922,-0.4145178496837616,0.01732799875537694,-0.3211404085159302,-0.5984228402376175,-0.06679282804032027,-0.38040435314178467,-0.5096137523651123,-0.131757658915717,-0.38802897930145264,-0.4054417014122009,-0.16614378710289657,-0.17219889163970947,-0.4537251889705658,-0.0016016287357842884,-0.2732148766517639,-0.6714850962162018,-0.09259037395020187,-0.3424628674983978,-0.5490765571594238,-0.14624677320023238,-0.3490259647369385,-0.4200219213962555,-0.16356590111752212,-0.09861093759536743,-0.47089895606040955,-0.0352281415929383,-0.19146668910980225,-0.6811325252056122,-0.10621911753912627,-0.27511224150657654,-0.561822384595871,-0.13275493402977645,-0.29674655199050903,-0.4312703311443329,-0.13220458944340407,-0.0166664719581604,-0.457478791475296,-0.07400495280523955,-0.11360573768615723,-0.5885012447834015,-0.11734915991326034,-0.204215407371521,-0.5259075164794922,-0.1343037160207814,-0.24891141057014465,-0.4417901635169983,-0.13666780014534652
O,0.0,0.0,0.0,-0.15394151210784912,-0.04126572608947754,-0.03763920313656399,-0.30061328411102295,-0.1240243911743164,-0.0758210184329755,-0.40518590807914734,-0.19367623329162598,-0.12494928262174199,-0.39424240589141846,-0.31594088673591614,-0.16541930160462925,-0.23019707202911377,-0.4080555737018585,0.014669065708517337,-0.31485283374786377,-0.5935600250959396,-0.06979218742787907,-0.3727412819862366,-0.5016055405139923,-0.1352831037992246,-0.3830227255821228,-0.3973968029022217,-0.16995174310147831,-0.1673583984375,-0.44255369901657104,-0.0030021829342103956,-0.2725442945957184,-0.6620129942893982,-0.0951892720812566,-0.3368213176727295,-0.5362069010734558,-0.15074620268285344,-0.3413289487361908,-0.41034847497940063,-0.1691728743070371,-0.09615659713745117,-0.4583013355731964,-0.034848923450113034,-0.18816214799880981,-0.6700067222118378,-0.10528919718205998,-0.26807594299316406,-0.5524745583534241,-0.1342057349437482,-0.28837788105010986,-0.4230330288410187,-0.13493854424893925,-0.016521990299224854,-0.4454658627510071,-0.07181108615338871,-0.10799425840377808,-0.5815098583698273,-0.1133981036299474,-0.19749215245246887,-0.5243112742900848,-0.13190152368485997,-0.24367734789848328,-0.44099169969558716,-0.13551276049554417
O,0.0,0.0,0.0,-0.15352195501327515,-0.04223811626434326,-0.03268670864076739,-0.2987714409828186,-0.12438279390335083,-0.06756516746850139,-0.4011237621307373,-0.19744038581848145,-0.11412094734282618,-0.3957866430282593,-0.3201007544994354,-0.15276961974473124,-0.23729458451271057,-0.39483630657196045,0.017914173978851977,-0.3209713399410248,-0.5747324824333191,-0.062365578633261975,-0.3754500150680542,-0.4909651577472687,-0.12425556234688884,-0.3830264210700989,-0.3916257321834564,-0.15677149049611216,-0.1741349697113037,-0.43398767709732056,-0.0017756470772383182,-0.27423781156539917,-0.6507748961448669,-0.09001598708005076,-0.336728036403656,-0.5337361693382263,-0.141945699375583,-0.34143373370170593,-0.40915173292160034,-0.15802777759404307,-0.10302597284317017,-0.45203593373298645,-0.03491319544286853,-0.194382905960083,-0.6573798358440399,-0.1034126152810586,-0.27077916264533997,-0.5422485023736954,-0.1292658840832246,-0.28954821825027466,-0.4152541160583496,-0.1281519626793397,-0.02383899688720703,-0.44196176528930664,-0.0727279355344308,-0.11523491144180298,-0.5699418038129807,-0.11392189763159877,-0.20343613624572754,-0.5128011703491211,-0.1303676312384141,-0.2491101324558258,-0.4320995807647705,-0.132377708476497
O,0.0,0.0,0.0,-0.15021711587905884,-0.04693496227264404,-0.03157795555011944,-0.29001522064208984,-0.12365972995758057,-0.06739895752684788,-0.3889937996864319,-0.19616949558258057,-0.11456800959126667,-0.38759294152259827,-0.31716668605804443,-0.15402723810689167,-0.23345071077346802,-0.39014434814453125,0.015467014545038182,-0.31427380442619324,-0.5639904737472534,-0.06422626934067921,-0.3709704875946045,-0.4818672835826874,-0.1262319233180733,-0.38237303495407104,-0.38530677556991577,-0.15929625890271382,-0.17169523239135742,-0.4279334545135498,-0.004466154696956437,-0.27122530341148376,-0.632953405380249,-0.09100261292473988,-0.3363834023475647,-0.5194892287254333,-0.1423505987884255,-0.3445759117603302,-0.40131258964538574,-0.15975585541741566,-0.10303837060928345,-0.4451528489589691,-0.03740611634270863,-0.19301360845565796,-0.6423819065093994,-0.10498434267060475,-0.27164357900619507,-0.5312390923500061,-0.1303237523795815,-0.29434671998023987,-0.408405601978302,-0.1303188796998711,-0.027098536491394043,-0.43442192673683167,-0.0748178433539124,-0.11719828844070435,-0.5582031905651093,-0.11645209751145558,-0.20548826456069946,-0.501869410276413,-0.13283336124436573,-0.2536027431488037,-0.42330050468444824,-0.1353249695064278
O,0.0,0.0,0.0,-0.15047472715377808,-0.04510849714279175,-0.03127136638624961,-0.28700435161590576,-0.11503875255584717,-0.06602698749168212,-0.38125866651535034,-0.19140976667404175,-0.11179802751405532,-0.3771427273750305,-0.314498633146286,-0.14986621028049285,-0.23158374428749084,-0.3736308813095093,0.021204015256330422,-0.30704841017723083,-0.5383831411600113,-0.054170994071796486,-0.3613331913948059,-0.4598568081855774,-0.11447201853854949,-0.37249377369880676,-0.36748218536376953,-0.147338720022276,-0.17335599660873413,-0.4117680490016937,0.0020152777595967564,-0.2669109106063843,-0.6146571040153503,-0.07945100402696426,-0.3305782079696655,-0.511110782623291,-0.13025312310321624,-0.34007900953292847,-0.39689838886260986,-0.14877841061218078,-0.1084786057472229,-0.43062037229537964,-0.030347380770876953,-0.19341182708740234,-0.6199561059474945,-0.09461365079744155,-0.2711593806743622,-0.5178616940975189,-0.12234328126771743,-0.2957049608230591,-0.40028226375579834,-0.1254680175171643,-0.03623253107070923,-0.42302215099334717,-0.06716603970392043,-0.12348085641860962,-0.5415209978818893,-0.10636235958202178,-0.20753735303878784,-0.48524004220962524,-0.1235727611766606,-0.2544157803058624,-0.4045022130012512,-0.12797375208003814
O,0.0,0.0,0.0,-0.1515771746635437,-0.04769986867904663,-0.02459728138489936,-0.2850816249847412,-0.11871463060379028,-0.0558050477687857,-0.37858253717422485,-0.18833577632904053,-0.09933239014787887,-0.374398410320282,-0.3056855797767639,-0.135670726913645,-0.22398093342781067,-0.37330007553100586,0.027522467281983154,-0.3055083751678467,-0.5266505181789398,-0.04613470079345916,-0.36153626441955566,-0.45019903779029846,-0.10576116086883758,-0.37334373593330383,-0.3582405745983124,-0.13832185210628722,-0.16892117261886597,-0.40953218936920166,0.005044148974434393,-0.26788902282714844,-0.601319819688797,-0.07488998563928817,-0.33116161823272705,-0.49624860286712646,-0.12551877440853332,-0.3384357988834381,-0.38078874349594116,-0.1441519463245413,-0.10578131675720215,-0.4269163906574249,-0.029981255326106293,-0.1959248185157776,-0.6099681854248047,-0.09288555921955322,-0.27558326721191406,-0.5044017136096954,-0.11983737142725204,-0.29876118898391724,-0.3849395513534546,-0.12244581224365447,-0.03833109140396118,-0.41560468077659607,-0.06901687176866744,-0.1303645372390747,-0.5292134582996368,-0.10732254924221252,-0.21696588397026062,-0.4694845974445343,-0.12356263192339156,-0.2621876299381256,-0.3872159421443939,-0.12715095819874023
O,0.0,0.0,0.0,-0.14436763525009155,-0.0478704571723938,-0.029020822843335736,-0.2732643187046051,-0.11488872766494751,-0.06307337363602983,-0.3663741648197174,-0.1777588129043579,-0.10815623333098756,-0.3634953498840332,-0.2920476198196411,-0.14609679510238038,-0.21323618292808533,-0.3635891079902649,0.020420404846049678,-0.2938559353351593,-0.5144796222448349,-0.05240089376809465,-0.34984248876571655,-0.4361019730567932,-0.11250907113196718,-0.361345112323761,-0.34488654136657715,-0.14626908232810365,-0.16187572479248047,-0.3954859673976898,0.0011955235351024385,-0.2586731016635895,-0.5825760364532471,-0.07723826845528947,-0.3206474184989929,-0.4783828556537628,-0.13022442092540132,-0.3270307183265686,-0.36764901876449585,-0.1523370884859787,-0.10335665941238403,-0.41087716817855835,-0.030182072197817433,-0.18989884853363037,-0.5857525765895844,-0.09040547837855684,-0.26826345920562744,-0.48631131649017334,-0.12041487475278245,-0.2903090715408325,-0.3710106909275055,-0.12712107529284822,-0.040083467960357666,-0.39866140484809875,-0.06582913478257524,-0.12837934494018555,-0.50640569627285,-0.10130887409093248,-0.21145731210708618,-0.4511561393737793,-0.11919449945332872,-0.2541828751564026,-0.37236544489860535,-0.12566520204188691
O,0.0,0.0,0.0,-0.1410214900970459,-0.058966994285583496,-0.01366050224976334,-0.25713396072387695,-0.1198112964630127,-0.039162154870496124,-0.3354698121547699,-0.18393665552139282,-0.07815148271845374,-0.3466659188270569,-0.29002276062965393,-0.1118260283045629,-0.20679855346679688,-0.34348195791244507,0.03358729220701662,-0.2807334065437317,-0.4760250449180603,-0.028426095473037094,-0.3274606466293335,-0.4065600037574768,-0.08179968185947928,-0.33854246139526367,-0.32245635986328125,-0.11182000078485999,-0.15722030401229858,-0.37723568081855774,0.009007569772734314,-0.246967613697052,-0.5413147211074829,-0.05722576342748198,-0.3044174611568451,-0.45283243060112,-0.10383142866419348,-0.3157910108566284,-0.3511631488800049,-0.12453402914331946,-0.10399788618087769,-0.3930720090866089,-0.026130595805511803,-0.18650078773498535,-0.5499020218849182,-0.07935624905155692,-0.25600332021713257,-0.4615383744239807,-0.10455794222878012,-0.27789807319641113,-0.3527134656906128,-0.11013560332582983,-0.047593772411346436,-0.38500669598579407,-0.06425040550755057,-0.12910571694374084,-0.48134683072566986,-0.096399861948953,-0.20288041234016418,-0.43528759479522705,-0.1099687922768453,-0.24434137344360352,-0.36307674646377563,-0.11392418630646262
O,0.0,0.0,0.0,-0.13569986820220947,-0.04896897077560425,-0.015738881757670242,-0.24781644344329834,-0.10765790939331055,-0.040756674116664726,-0.3226841688156128,-0.1704496145248413,-0.07777516693454345,-0.33846956491470337,-0.2726282775402069,-0.10984865725617965,-0.20402660965919495,-0.31916025280952454,0.028339835250562828,-0.2780897915363312,-0.4438778758049011,-0.03193294033985694,-0.3206440508365631,-0.3816174864768982,-0.08348324299436172,-0.32989805936813354,-0.3036714792251587,-0.1126040756760176,-0.15690436959266663,-0.35398566722869873,0.006118895387089651,-0.24645277857780457,-0.5075636357069016,-0.06015854850988944,-0.2963956296443939,-0.4217948317527771,-0.10677337051015456,-0.30431950092315674,-0.3239830434322357,-0.12696343809943755,-0.10463148355484009,-0.3725874722003937,-0.026127865171247322,-0.186794251203537,-0.5180269181728363,-0.07937932909112533,-0.2509686052799225,-0.43257075548171997,-0.10567912608962615,-0.27203741669654846,-0.3276492953300476,-0.11174635738711913,-0.047284066677093506,-0.3685811758041382,-0.06124957427959998,-0.127562016248703,-0.45416340231895447,-0.09466026127915939,-0.19934555888175964,-0.41351616382598877,-0.11034304053168853,-0.24263575673103333,-0.3494948446750641,-0.11550185233932098
O,0.0,0.0,0.0,-0.1321161687374115,-0.04785895347595215,-0.012317772491257983,-0.23862993717193604,-0.10428750514984131,-0.03550210921315511,-0.31173765659332275,-0.16092616319656372,-0.07112166611699422,-0.3297650218009949,-0.2569292485713959,-0.10209493665246328,-0.1941259801387787,-0.31502169370651245,0.03233669744582812,-0.26542243361473083,-0.4321943521499634,-0.026206103621404964,-0.3108469247817993,-0.37226220965385437,-0.0765085625484403,-0.3229173421859741,-0.2957257032394409,-0.10485895304231008,-0.14869123697280884,-0.34663641452789307,0.008700795935112637,-0.23527023196220398,-0.4910714328289032,-0.05526955379394849,-0.287570983171463,-0.4074174463748932,-0.0998973730042394,-0.29756081104278564,-0.3123862147331238,-0.1189752179220136,-0.09838849306106567,-0.360688716173172,-0.02483095554856618,-0.17934072017669678,-0.4965639263391495,-0.07665599463729222,-0.24356266856193542,-0.41172751784324646,-0.10061468510178884,-0.26434022188186646,-0.3109149634838104,-0.10494207917002996,-0.04497039318084717,-0.35158902406692505,-0.06107356725482305,-0.12363606691360474,-0.4338023364543915,-0.09388445643929799,-0.19421467185020447,-0.3945810794830322,-0.10803789971618016,-0.23557806015014648,-0.3336382210254669,-0.11173863290099462
O,0.0,0.0,0.0,-0.12857189774513245,-0.04672801494598389,-0.008685892433845765,-0.23256957530975342,-0.10331219434738159,-0.028333055772804983,-0.303808331489563,-0.15968918800354004,-0.06118514108004547,-0.32125145196914673,-0.25246310234069824,-0.09000792818608261,-0.18658843636512756,-0.30075380206108093,0.040780398077345126,-0.2561132311820984,-0.4091242551803589,-0.013088093125247724,-0.3017967939376831,-0.3584703505039215,-0.06193041520657516,-0.31718796491622925,-0.29022324085235596,-0.09019049721302963,-0.14491212368011475,-0.3317371606826782,0.016396542093730204,-0.23000803589820862,-0.4678041934967041,-0.04301650541367508,-0.2819587290287018,-0.3946668803691864,-0.08856544362845398,-0.29496365785598755,-0.30763089656829834,-0.1097259269887445,-0.09785008430480957,-0.3485620617866516,-0.01752327288033939,-0.17543214559555054,-0.4806504398584366,-0.06599427478852249,-0.23839953541755676,-0.40382009744644165,-0.09181102829518295,-0.2603905200958252,-0.30819380283355713,-0.09844130741896606,-0.04622441530227661,-0.344131201505661,-0.05390722396316505,-0.12193688750267029,-0.4254596680402756,-0.08411779718937851,-0.1915208101272583,-0.3895133137702942,-0.09853696542324997,-0.23325592279434204,-0.3298521637916565,-0.10334481018128372
O,0.0,0.0,0.0,-0.12795311212539673,-0.04631000757217407,-0.0040075619802451,-0.22864848375320435,-0.10381126403808594,-0.019813357769010054,-0.2976437211036682,-0.15771281719207764,-0.04970497722780465,-0.3144986629486084,-0.244733065366745,-0.07591322894251107,-0.1854550838470459,-0.2963015139102936,0.04897925545418502,-0.25018489360809326,-0.3996237516403198,-0.002794610718694912,-0.2954508066177368,-0.3520577847957611,-0.050510645760653006,-0.3136497735977173,-0.28379711508750916,-0.0777187877432084,-0.14520618319511414,-0.3264957070350647,0.022903700442554964,-0.22630587220191956,-0.4576174020767212,-0.03489020551597832,-0.27733463048934937,-0.3868127763271332,-0.07935007001316308,-0.29076293110847473,-0.2985691428184509,-0.09881040538704156,-0.09844332933425903,-0.3427426815032959,-0.012650532564578043,-0.17502152919769287,-0.4683770537376404,-0.06020537476098298,-0.23695221543312073,-0.3922601044178009,-0.08547527427828072,-0.2588728964328766,-0.29765355587005615,-0.09080659682905434,-0.047341883182525635,-0.33885449171066284,-0.05035049180543183,-0.12302038073539734,-0.41927024722099304,-0.079924286259768,-0.19133466482162476,-0.38198795914649963,-0.09325432117140053,-0.23181498050689697,-0.32117289304733276,-0.09648873741781472
O,0.0,0.0,0.0,-0.1258276402950287,-0.04236936569213867,-0.00507101394498477,-0.22741714119911194,-0.09937036037445068,-0.021036151110024548,-0.29595619440078735,-0.15361523628234863,-0.050488864316434956,-0.3104674220085144,-0.24229535460472107,-0.07610998792836199,-0.18252941966056824,-0.292790025472641,0.04753702388813963,-0.24564754962921143,-0.39433103799819946,-0.004414615931750632,-0.29152315855026245,-0.34839487075805664,-0.051817690267057515,-0.31062746047973633,-0.2819143235683441,-0.0786584292192174,-0.14198678731918335,-0.3231370449066162,0.022094624803571605,-0.22106516361236572,-0.45365308225154877,-0.036867511703462696,-0.27183088660240173,-0.3843091130256653,-0.08133657021710405,-0.2850634753704071,-0.29745548963546753,-0.10004747404047976,-0.09530648589134216,-0.33970165252685547,-0.012801142654211617,-0.17116552591323853,-0.4633009135723114,-0.061176532192916966,-0.23334074020385742,-0.38798171281814575,-0.08640009654948244,-0.2556203007698059,-0.2957492768764496,-0.09110204620549212,-0.04442024230957031,-0.33588162064552307,-0.04979844881484041,-0.12177088856697083,-0.41336071491241455,-0.07972383244225512,-0.18963560461997986,-0.3760666847229004,-0.09297088278719912,-0.229408860206604,-0.31794849038124084,-0.09577039374300966
O,0.0,0.0,0.0,-0.1255607008934021,-0.0445370078086853,-0.0022203263552000863,-0.22332292795181274,-0.09713953733444214,-0.01705451521138457,-0.2910383939743042,-0.1515640914440155,-0.04660221959511546,-0.3067467510700226,-0.24052107334136963,-0.07293512697378901,-0.17849338054656982,-0.28406083583831787,0.054287846879560675,-0.2409757375717163,-0.38075536489486694,0.005071452566880907,-0.28645193576812744,-0.3379610478878021,-0.041526280595462595,-0.30533039569854736,-0.27561619877815247,-0.06833930338780192,-0.14003947377204895,-0.315292090177536,0.027024931953747,-0.21695676445960999,-0.44380392134189606,-0.028734913347761903,-0.2684295177459717,-0.3795558214187622,-0.07312078054110316,-0.2825983166694641,-0.29606616497039795,-0.09292811925570277,-0.09569230675697327,-0.3323105573654175,-0.009788711807232175,-0.16879931092262268,-0.45282305777072906,-0.05598887081305293,-0.23009401559829712,-0.3787505030632019,-0.08146228666464594,-0.2504328787326813,-0.2876388430595398,-0.08718803550164012,-0.04744672775268555,-0.32955867052078247,-0.04867498974363116,-0.12196287512779236,-0.40937207639217377,-0.0769518318311384,-0.18782490491867065,-0.36932945251464844,-0.08943367774645594,-0.22406142950057983,-0.30627962946891785,-0.09246264423290995
O,0.0,0.0,0.0,-0.12256935238838196,-0.044696927070617676,-0.003048549825734881,-0.21879011392593384,-0.096793532371521,-0.017120399466193703,-0.2846795916557312,-0.14931190013885498,-0.045009902632273224,-0.29875117540359497,-0.23711907863616943,-0.06967431581620076,-0.17650702595710754,-0.2757287323474884,0.049959280574285,-0.2381836473941803,-0.37208306789398193,0.0029814814213295904,-0.282833993434906,-0.33036911487579346,-0.0411022593737016,-0.299612432718277,-0.2695746421813965,-0.0665379268587003,-0.13974693417549133,-0.3064831793308258,0.02480091252323291,-0.21463677287101746,-0.43279673159122467,-0.026898537716306237,-0.2651880085468292,-0.37242597341537476,-0.067591260141171,-0.278868705034256,-0.29174959659576416,-0.0861423415601621,-0.09652513265609741,-0.3241997957229614,-0.00964048686478236,-0.16889125108718872,-0.44814302027225494,-0.05297305709723332,-0.22764569520950317,-0.37878966331481934,-0.07648769295815327,-0.24609243869781494,-0.28962206840515137,-0.0821476680696378,-0.048530757427215576,-0.323610782623291,-0.04618109292391637,-0.12203723192214966,-0.40347394347190857,-0.07346644527319768,-0.1849173903465271,-0.3625440001487732,-0.08528241789940694,-0.2181147336959839,-0.2982194125652313,-0.08843321627978185
O,0.0,0.0,0.0,-0.12525910139083862,-0.04528188705444336,0.0028652618883597825,-0.21782732009887695,-0.09620058536529541,-0.008228517811517122,-0.28110218048095703,-0.14616692066192627,-0.03506403204403341,-0.2959178686141968,-0.22877854108810425,-0.058949211355070474,-0.17279642820358276,-0.27412649989128113,0.06123115706839144,-0.23279064893722534,-0.3740333318710327,0.016272835690756438,-0.27815014123916626,-0.3287522792816162,-0.02757739063702047,-0.29425299167633057,-0.26435723900794983,-0.05316604089341581,-0.13836336135864258,-0.30154743790626526,0.03259362492360651,-0.21021267771720886,-0.42777159810066223,-0.018805950622777345,-0.26335403323173523,-0.3644120693206787,-0.06191974666319311,-0.27769798040390015,-0.28382608294487,-0.08217148643336714,-0.0979369580745697,-0.3175928592681885,-0.005372862074295881,-0.1684551239013672,-0.44071875512599945,-0.04813475322328031,-0.22870853543281555,-0.3689265847206116,-0.0740650312264961,-0.24615758657455444,-0.2793665826320648,-0.08156374257407606,-0.052405476570129395,-0.317286878824234,-0.045071610923628214,-0.12392139434814453,-0.3988051563501358,-0.07134256672463835,-0.18509462475776672,-0.35448187589645386,-0.08361746531329572,-0.21525630354881287,-0.2876936197280884,-0.0874920503457588
O,0.0,0.0,0.0,-0.12231719493865967,-0.04289257526397705,0.001089006969152706,-0.21349108219146729,-0.09353500604629517,-0.010907199741893692,-0.274444043636322,-0.14486071467399597,-0.03748722890912859,-0.2864028811454773,-0.22686153650283813,-0.0609416603535351,-0.17000508308410645,-0.27023518085479736,0.05375968520939978,-0.23053056001663208,-0.36657243967056274,0.009244163012510853,-0.2717353105545044,-0.31948697566986084,-0.03225791970788805,-0.2840077877044678,-0.2539748549461365,-0.055682764896744175,-0.13410323858261108,-0.2978668510913849,0.026960671371227818,-0.20636439323425293,-0.42115518450737,-0.023553864607208652,-0.25435975193977356,-0.3542183041572571,-0.0628211438149151,-0.26406189799308777,-0.2713119387626648,-0.07981926346718637,-0.0931808352470398,-0.3126530051231384,-0.008666229011112137,-0.16185897588729858,-0.43248285353183746,-0.050583062270277424,-0.2179776132106781,-0.3589134216308594,-0.0727192550390896,-0.2326851487159729,-0.2701605558395386,-0.07724804575144617,-0.049413204193115234,-0.31049472093582153,-0.046040223488205356,-0.11996448040008545,-0.38670146465301514,-0.0717017664998707,-0.17929232120513916,-0.3444055914878845,-0.08226817245184748,-0.20852091908454895,-0.2821124196052551,-0.08436676258742182
O,0.0,0.0,0.0,-0.11750590801239014,-0.041749656200408936,-0.002947270374590971,-0.20662012696266174,-0.09106415510177612,-0.016945278707737543,-0.2658487856388092,-0.14336031675338745,-0.04429095095753155,-0.2755069136619568,-0.22651758790016174,-0.06835142007827244,-0.16951879858970642,-0.2665996253490448,0.04716316753268757,-0.22885310649871826,-0.3591347634792328,0.0018887388586676934,-0.2655743658542633,-0.31589847803115845,-0.039520143035645106,-0.27420857548713684,-0.2553688585758209,-0.06302607289313755,-0.1336485743522644,-0.29504260420799255,0.022665543046002767,-0.20349159836769104,-0.41440434753894806,-0.02748109257578335,-0.2450401782989502,-0.3498700261116028,-0.06543772897481404,-0.25040000677108765,-0.27108922600746155,-0.0817225672936388,-0.09205207228660583,-0.30880311131477356,-0.010641698229903795,-0.15850821137428284,-0.42284727096557617,-0.053045368257755854,-0.20888125896453857,-0.35019245743751526,-0.07315351298808537,-0.2209596037864685,-0.26486459374427795,-0.07635548940658055,-0.046369969844818115,-0.30451321601867676,-0.04599882147073231,-0.11353421211242676,-0.3780653476715088,-0.0727918320035883,-0.17085054516792297,-0.3362966477870941,-0.08261357477664433,-0.20010069012641907,-0.27617979049682617,-0.08398309579848728
O,0.0,0.0,0.0,-0.11345675587654114,-0.03925597667694092,-0.0017506901662045493,-0.20112496614456177,-0.08898454904556274,-0.014852331022098042,-0.2614441514015198,-0.13778090476989746,-0.04156090971298454,-0.2744164764881134,-0.21977901458740234,-0.06480688136286972,-0.16364175081253052,-0.2632804811000824,0.047939990644977115,-0.22322863340377808,-0.3608713746070862,0.0033796094336366878,-0.2616965174674988,-0.3123846650123596,-0.03625537734694717,-0.2702024281024933,-0.24918591976165771,-0.058298769409134366,-0.1296398639678955,-0.2890693247318268,0.023248904382512592,-0.2003132700920105,-0.41095951199531555,-0.025829401800706364,-0.24456262588500977,-0.3417396545410156,-0.06229424011178253,-0.24971270561218262,-0.2626766264438629,-0.07747866492934463,-0.09062626957893372,-0.3023884892463684,-0.010215501303150631,-0.15776655077934265,-0.42031408846378326,-0.051208714956715085,-0.20986559987068176,-0.3446698486804962,-0.07058595400519607,-0.22129219770431519,-0.2606948912143707,-0.07348888647027252,-0.04787415266036987,-0.2995750606060028,-0.045617385769560315,-0.11756014823913574,-0.3736306428909302,-0.07109657954640625,-0.17376989126205444,-0.32754093408584595,-0.08020854275889633,-0.19879233837127686,-0.2655142545700073,-0.08118810039229629
O,0.0,0.0,0.0,-0.11092609167098999,-0.04099196195602417,-0.002337025901169909,-0.19838237762451172,-0.08800053596496582,-0.017112265996502174,-0.2564840018749237,-0.13384228944778442,-0.04485230120258166,-0.26662421226501465,-0.21177029609680176,-0.06947967009978129,-0.15682804584503174,-0.25925329327583313,0.03970288140340017,-0.21610742807388306,-0.3513721823692322,-0.006450381785498394,-0.25557467341423035,-0.3031092882156372,-0.04683623062805964,-0.26697781682014465,-0.24037599563598633,-0.06920077251629664,-0.12157365679740906,-0.28539448976516724,0.015341091245545613,-0.19210350513458252,-0.39981843531131744,-0.03388982238607241,-0.23902136087417603,-0.33334043622016907,-0.06962346630530192,-0.2492806315422058,-0.2564672827720642,-0.08516405122713877,-0.0829109251499176,-0.2987930476665497,-0.017280662156508697,-0.15050742030143738,-0.41073352098464966,-0.05894165458516909,-0.2034725546836853,-0.33744296431541443,-0.07727919863896204,-0.2180677056312561,-0.25440388917922974,-0.0798238848371966,-0.04215538501739502,-0.2951863408088684,-0.051711931548879875,-0.11154460906982422,-0.36764630675315857,-0.07731303172545267,-0.16817766427993774,-0.3259468078613281,-0.08539048182205988,-0.1962888240814209,-0.26802992820739746,-0.08588407533602549
O,0.0,0.0,0.0,-0.10858112573623657,-0.03390747308731079,-0.004873314001258677,-0.19692829251289368,-0.08364373445510864,-0.01915806724190361,-0.25556719303131104,-0.13032269477844238,-0.04571232764482147,-0.2685719132423401,-0.2101736068725586,-0.06894196762203819,-0.15831345319747925,-0.2534419596195221,0.038287846311334306,-0.21522697806358337,-0.35133278369903564,-0.008084961273368663,-0.2542332410812378,-0.30415353178977966,-0.04735362349509842,-0.2638661861419678,-0.24303743243217468,-0.06871084316134102,-0.12478649616241455,-0.27864372730255127,0.01560208754182213,-0.19574645161628723,-0.3971763104200363,-0.03505813522696144,-0.23976385593414307,-0.32962143421173096,-0.07118373556494362,-0.2449856996536255,-0.2545369863510132,-0.08586122287869102,-0.08578529953956604,-0.29221871495246887,-0.015631210119124717,-0.1538933515548706,-0.4012446254491806,-0.05843411205768234,-0.20601201057434082,-0.3283955156803131,-0.07921529008507378,-0.21819347143173218,-0.2490347921848297,-0.08278836502194054,-0.04206055402755737,-0.29041528701782227,-0.04871465830564148,-0.11012202501296997,-0.3623139262199402,-0.07606435014366753,-0.16610491275787354,-0.3186773657798767,-0.08681141777395851,-0.19228655099868774,-0.25931426882743835,-0.08878614945768959
O,0.0,0.0,0.0,-0.1089547872543335,-0.031888723373413086,-0.0031974439509099284,-0.1972026228904724,-0.0839616060256958,-0.016841319901857332,-0.2535247206687927,-0.13175129890441895,-0.042386658070597605,-0.2630269527435303,-0.20875513553619385,-0.06463235202244277,-0.15364688634872437,-0.25513291358947754,0.03525409144350533,-0.21054202318191528,-0.35403960943222046,-0.010790713643643812,-0.2513054609298706,-0.3064171075820923,-0.04925213339737411,-0.26365551352500916,-0.24145948886871338,-0.06969043198040481,-0.11944973468780518,-0.2778293192386627,0.012663535261538073,-0.18819552659988403,-0.3978501111268997,-0.03724684896877761,-0.23479735851287842,-0.3312651813030243,-0.0717290896456575,-0.24441617727279663,-0.2545427978038788,-0.08541009905746932,-0.07980594038963318,-0.2892226278781891,-0.01781745026818271,-0.1459244191646576,-0.4026927649974823,-0.059925160882983164,-0.1988857090473175,-0.32840657234191895,-0.07850410374811645,-0.21386131644248962,-0.2463255524635315,-0.08064923021009918,-0.03664243221282959,-0.2852001488208771,-0.0498416754882669,-0.10395774245262146,-0.35626667737960815,-0.07668757024219985,-0.1600600779056549,-0.31191322207450867,-0.08596928003242965,-0.188434898853302,-0.2534974217414856,-0.0867677066009378
O,0.0,0.0,0.0,-0.10559076070785522,-0.034200072288513184,-0.0067513423040850284,-0.19492769241333008,-0.08867108821868896,-0.021519778855179084,-0.2557132840156555,-0.137452632188797,-0.048051735945080054,-0.2641366124153137,-0.21786090731620789,-0.07078340146694018,-0.1496126651763916,-0.26039808988571167,0.03764618691053556,-0.20555293560028076,-0.36184489727020264,-0.009725950285826457,-0.24724054336547852,-0.3122624456882477,-0.049393149651621115,-0.25989434123039246,-0.2466251254081726,-0.07059531155977083,-0.11704736948013306,-0.28212305903434753,0.016575576178695428,-0.18548327684402466,-0.40336522459983826,-0.0351673910394652,-0.23274755477905273,-0.3343074321746826,-0.07152329627427889,-0.24173766374588013,-0.2572181522846222,-0.08582035694274737,-0.07889711856842041,-0.293409526348114,-0.013245305605266822,-0.14488151669502258,-0.4033842086791992,-0.057057353295419944,-0.19937050342559814,-0.3277466893196106,-0.07814386729154421,-0.21448677778244019,-0.24598246812820435,-0.08127373699102236,-0.03677022457122803,-0.28966081142425537,-0.04497606549415423,-0.10327768325805664,-0.36110058426856995,-0.07257385794076754,-0.15924423933029175,-0.3159918487071991,-0.08366617802533938,-0.1862456500530243,-0.25600534677505493,-0.08550524953756167
O,0.0,0.0,0.0,-0.10539761185646057,-0.041743695735931396,-0.005156808140952762,-0.19038867950439453,-0.10003006458282471,-0.021167732383389648,-0.2492741346359253,-0.14509087800979614,-0.04945447815515536,-0.2551994323730469,-0.2220538854598999,-0.07455667255379694,-0.1372462809085846,-0.27646535634994507,0.03331433089516622,-0.19391658902168274,-0.376842737197876,-0.017070924471397575,-0.24007141590118408,-0.3259749412536621,-0.058922951649208244,-0.2571853995323181,-0.2553707957267761,-0.08118167666651743,-0.1031942367553711,-0.2931211590766907,0.010235135835330311,-0.17445462942123413,-0.4110150933265686,-0.04333475751735705,-0.22594541311264038,-0.33795228600502014,-0.08029222635485667,-0.2378157377243042,-0.25806349515914917,-0.09526796040989893,-0.06424731016159058,-0.297702431678772,-0.0213381197110607,-0.1338815987110138,-0.40640902519226074,-0.06695246098496455,-0.1918986439704895,-0.32857197523117065,-0.0875306367681219,-0.20874616503715515,-0.24557310342788696,-0.09014154372670191,-0.023935377597808838,-0.2858596742153168,-0.054590908418674644,-0.09356701374053955,-0.35945987701416016,-0.08298379329897898,-0.15245994925498962,-0.31606942415237427,-0.09318990407444971,-0.1808728575706482,-0.2580944299697876,-0.09432406870581644
O,0.0,0.0,0.0,-0.1023787260055542,-0.044211626052856445,-0.008661740246679983,-0.18882092833518982,-0.10540282726287842,-0.026396067600217066,-0.25180676579475403,-0.15212714672088623,-0.05520194375094434,-0.2583736181259155,-0.22980481386184692,-0.08044652247008344,-0.13677746057510376,-0.28025853633880615,0.029066801283988752,-0.19258952140808105,-0.38072314858436584,-0.021945394362774095,-0.23852533102035522,-0.3332560062408447,-0.063791770275202,-0.2542651295661926,-0.2677564322948456,-0.0865351071315672,-0.10069018602371216,-0.2983902096748352,0.007908310954007902,-0.17342084646224976,-0.4141613692045212,-0.045492738272514543,-0.22526603937149048,-0.3449995219707489,-0.08211014025982877,-0.2373048961162567,-0.27028173208236694,-0.09758642667111417,-0.060600996017456055,-0.3019438087940216,-0.02207343817826768,-0.13003301620483398,-0.40961095690727234,-0.06845082693871518,-0.19187933206558228,-0.33691883087158203,-0.08969474935111066,-0.21211177110671997,-0.25752976536750793,-0.09324168765124341,-0.021730363368988037,-0.28525686264038086,-0.053830526556339464,-0.09169697761535645,-0.3558347225189209,-0.08380616062459012,-0.15162843465805054,-0.31798166036605835,-0.0959139426904585,-0.18160051107406616,-0.26547104120254517,-0.09858607106980344
O,0.0,0.0,0.0,-0.10095900297164917,-0.04386848211288452,-0.012479884649280848,-0.18797722458839417,-0.10575824975967407,-0.03181641093141252,-0.25159209966659546,-0.154649019241333,-0.061438358488146605,-0.2569659650325775,-0.23416748642921448,-0.08686340889579469,-0.13582107424736023,-0.2816580533981323,0.024001286265786348,-0.1900613009929657,-0.3879926949739456,-0.02819899013883287,-0.2356075644493103,-0.3356356918811798,-0.06975616804010087,-0.24935540556907654,-0.26674333214759827,-0.09206758728868181,-0.09929999709129333,-0.29871076345443726,0.004703175642873703,-0.17106831073760986,-0.41770510375499725,-0.05008644154912645,-0.2224336564540863,-0.3456011414527893,-0.0863688170040291,-0.23298200964927673,-0.27033182978630066,-0.10120721450692827,-0.059182554483413696,-0.3014702796936035,-0.02368190428859407,-0.12874871492385864,-0.41146813333034515,-0.07163335672265703,-0.19053438305854797,-0.3359149098396301,-0.09265117636567766,-0.20975586771965027,-0.25514349341392517,-0.09564599684125596,-0.02043849229812622,-0.28433334827423096,-0.05408836072928125,-0.09040969610214233,-0.3552291989326477,-0.08554972252494508,-0.15067940950393677,-0.3163529634475708,-0.09833549252397233,-0.1802898347377777,-0.2629005014896393,-0.10116769662744218
O,0.0,0.0,0.0,-0.09849250316619873,-0.04775494337081909,-0.011643891301559961,-0.18454670906066895,-0.11288046836853027,-0.03101897992621616,-0.24746018648147583,-0.16719701886177063,-0.0602060482693787,-0.25201472640037537,-0.24557772278785706,-0.08513500549327091,-0.1316516101360321,-0.27777743339538574,0.018456133003724062,-0.18285441398620605,-0.3888406306505203,-0.03301774718295292,-0.23060375452041626,-0.3400343060493469,-0.0724925027085419,-0.24578678607940674,-0.2747476100921631,-0.09325209267865375,-0.09533530473709106,-0.2932611405849457,-0.0007655437426592471,-0.16185644268989563,-0.41990798711776733,-0.05531714864503101,-0.2163301408290863,-0.3504822850227356,-0.08822537221442417,-0.22872334718704224,-0.2759260833263397,-0.10025317974816517,-0.05571717023849487,-0.2938814163208008,-0.028410248537170446,-0.12071207165718079,-0.4068358391523361,-0.07526459552775577,-0.18347948789596558,-0.33273905515670776,-0.09283016629944996,-0.20366519689559937,-0.2542662024497986,-0.09352505214940265,-0.01678258180618286,-0.2762148082256317,-0.05802490570079044,-0.08195888996124268,-0.35000675916671753,-0.0876316577983971,-0.14408734440803528,-0.3140089511871338,-0.09803811468611912,-0.17600828409194946,-0.2642432153224945,-0.0993712396217461
O,0.0,0.0,0.0,-0.09838595986366272,-0.04601210355758667,-0.015956631128574372,-0.1852405071258545,-0.11017352342605591,-0.03852867354908085,-0.2509683072566986,-0.16397377848625183,-0.06918795426645374,-0.2503722906112671,-0.2414202094078064,-0.09529951979675388,-0.12728559970855713,-0.27981385588645935,0.007908877718364238,-0.18506959080696106,-0.3862532824277878,-0.04465449993767834,-0.23250216245651245,-0.3362496793270111,-0.08493362386980152,-0.2474398910999298,-0.27008599042892456,-0.10690368731775379,-0.08950135111808777,-0.2944258153438568,-0.009052501258338452,-0.1638798713684082,-0.4139743596315384,-0.06307084878244495,-0.21581166982650757,-0.3439192771911621,-0.09531146307745075,-0.22691118717193604,-0.2700013518333435,-0.10842525978841877,-0.04800418019294739,-0.291736364364624,-0.03413486500539875,-0.11889687180519104,-0.40241117775440216,-0.08118569870748615,-0.18153250217437744,-0.3282724618911743,-0.09787993897953129,-0.20308923721313477,-0.24927017092704773,-0.09920388479986286,-0.009599506855010986,-0.2673487067222595,-0.06141275932350254,-0.07731634378433228,-0.3358418345451355,-0.09348936398782826,-0.14100968837738037,-0.3001997470855713,-0.10569428672351933,-0.17643705010414124,-0.2514822781085968,-0.10879097898759937
O,0.0,0.0,0.0,-0.09856382012367249,-0.0502626895904541,-0.016727278497398856,-0.1851809322834015,-0.11724871397018433,-0.04020432431656218,-0.25365597009658813,-0.1697859764099121,-0.07159138147193289,-0.2543575167655945,-0.24250206351280212,-0.0977643099840293,-0.11808222532272339,-0.2890683114528656,0.008406227897523877,-0.1713217794895172,-0.39684824645519257,-0.04405996997314787,-0.22381722927093506,-0.3487418293952942,-0.08414071474629736,-0.2463301420211792,-0.28415581583976746,-0.10621894572335577,-0.08134454488754272,-0.2993260622024536,-0.007988505553782943,-0.15388384461402893,-0.4154810309410095,-0.06258929197150565,-0.21148228645324707,-0.3463538587093353,-0.09454749200898505,-0.22911590337753296,-0.2743963301181793,-0.10753854785519934,-0.04234185814857483,-0.2925746738910675,-0.032631565373719695,-0.11446261405944824,-0.3973889648914337,-0.08037137661534643,-0.180955171585083,-0.32246434688568115,-0.0959778172190795,-0.20673972368240356,-0.24442309141159058,-0.09619585100966788,-0.008636891841888428,-0.26392579078674316,-0.05955149654704428,-0.07774439454078674,-0.3282914161682129,-0.09163955275374747,-0.1427040994167328,-0.2937999963760376,-0.10344649527627325,-0.17995604872703552,-0.24786657094955444,-0.1059999359067092
O,0.0,0.0,0.0,-0.09740900993347168,-0.05151045322418213,-0.01947845749498356,-0.18202823400497437,-0.11663872003555298,-0.04398073114396084,-0.24956834316253662,-0.16653689742088318,-0.07564906634331692,-0.25306573510169983,-0.2369307577610016,-0.10234388567448605,-0.11983317136764526,-0.29073768854141235,0.003174708942538018,-0.1806553602218628,-0.39241328835487366,-0.04946909703255642,-0.22981703281402588,-0.3389691710472107,-0.08986539997101772,-0.247492253780365,-0.27223068475723267,-0.11212067164422024,-0.08234480023384094,-0.3011612594127655,-0.011566465235659962,-0.16037213802337646,-0.4112878143787384,-0.06421001858950603,-0.21559906005859375,-0.3385220170021057,-0.09577842660189617,-0.23006701469421387,-0.2671959698200226,-0.10927887864352215,-0.042560428380966187,-0.2932778596878052,-0.034518743380317574,-0.11759266257286072,-0.39417584240436554,-0.08113852001667965,-0.18284538388252258,-0.31729578971862793,-0.09646046020031918,-0.2062128782272339,-0.23946720361709595,-0.09717474736214626,-0.009470522403717041,-0.2621081471443176,-0.059946472271690254,-0.08114013075828552,-0.32328012585639954,-0.09216119952441204,-0.14447373151779175,-0.2868514657020569,-0.10357165194989193,-0.1786271035671234,-0.23962292075157166,-0.10590399660111416
O,0.0,0.0,0.0,-0.0968339741230011,-0.04963940382003784,-0.01752542316086192,-0.17932942509651184,-0.11415678262710571,-0.04236885703272719,-0.24385803937911987,-0.16051089763641357,-0.07483090258307357,-0.25567060708999634,-0.22736793756484985,-0.10255194253392119,-0.11338019371032715,-0.29234835505485535,-0.0009674569765252272,-0.17469552159309387,-0.395952969789505,-0.054157329565953205,-0.2259901463985443,-0.3410798907279968,-0.09372882343001265,-0.2440090775489807,-0.2740073502063751,-0.11519629306263823,-0.07587325572967529,-0.29893675446510315,-0.017568064696263264,-0.1551569402217865,-0.40560898184776306,-0.07144364512629409,-0.21511289477348328,-0.33040380477905273,-0.10157719052500624,-0.2312428057193756,-0.25921013951301575,-0.11416221953101058,-0.038244426250457764,-0.28600576519966125,-0.04199689052171607,-0.11479133367538452,-0.3860594481229782,-0.09016870505280394,-0.1823377013206482,-0.306167334318161,-0.10318714923329253,-0.204965740442276,-0.22841793298721313,-0.10215853697724242,-0.0081443190574646,-0.251427561044693,-0.06866775996155638,-0.07823306322097778,-0.31760311126708984,-0.10248030520148177,-0.14300644397735596,-0.28038883209228516,-0.11236843264765639,-0.1769583523273468,-0.23183664679527283,-0.11322036928601165
O,0.0,0.0,0.0,-0.0971372127532959,-0.04949343204498291,-0.019555456253783632,-0.17775970697402954,-0.11521539092063904,-0.04487316428412669,-0.24119284749031067,-0.15844112634658813,-0.07702408103932612,-0.2570424973964691,-0.21946334838867188,-0.10484436272372477,-0.1089065670967102,-0.2908896803855896,-0.005813489451156784,-0.17750811576843262,-0.3911149203777313,-0.060285718428986,-0.22836047410964966,-0.33517298102378845,-0.10143143056620829,-0.24618053436279297,-0.2655135691165924,-0.12374514459361308,-0.07091504335403442,-0.2959200143814087,-0.021050914439456392,-0.15544423460960388,-0.39936287701129913,-0.07593435912122004,-0.21505224704742432,-0.3243072032928467,-0.10838249443759196,-0.23103231191635132,-0.2532498836517334,-0.1228443470477032,-0.033101290464401245,-0.280860960483551,-0.04385459168543093,-0.11221516132354736,-0.3846636861562729,-0.09272467463006251,-0.18195810914039612,-0.3064171075820923,-0.1073966112612652,-0.20636066794395447,-0.22795861959457397,-0.10747591524113886,-0.004755079746246338,-0.2428205907344818,-0.06889575837840312,-0.0753859281539917,-0.3079565167427063,-0.10431777803887599,-0.1405162215232849,-0.27677327394485474,-0.11585110543956034,-0.1750158965587616,-0.2335420846939087,-0.11755419640530818
O,0.0,0.0,0.0,-0.09718316793441772,-0.05164295434951782,-0.018760477280125087,-0.17604094743728638,-0.11684858798980713,-0.04240154018054909,-0.23853492736816406,-0.15863445401191711,-0.07303112660895295,-0.2627856135368347,-0.21989741921424866,-0.09956426834116883,-0.1115621030330658,-0.2937755584716797,0.0001007601603078001,-0.17911916971206665,-0.38146090507507324,-0.05225757425080246,-0.22868257761001587,-0.33083099126815796,-0.09324255501280732,-0.2466462254524231,-0.26515519618988037,-0.11578256552468247,-0.07356205582618713,-0.3025076389312744,-0.015379912307366794,-0.155772864818573,-0.39617209136486053,-0.06649844264040894,-0.21489721536636353,-0.3268149495124817,-0.09822770123730606,-0.2329500913619995,-0.2579343318939209,-0.11309003000508255,-0.03686261177062988,-0.2886592745780945,-0.03875374337087578,-0.11488199234008789,-0.3820153474807739,-0.08582711135397858,-0.1838134229183197,-0.30548280477523804,-0.10063871656905121,-0.20897945761680603,-0.22891223430633545,-0.10156295364151902,-0.011388540267944336,-0.24909350275993347,-0.06438033943425125,-0.08270668983459473,-0.30397945642471313,-0.09905381416331238,-0.1460365355014801,-0.2690139412879944,-0.11001796936045594,-0.1796494722366333,-0.22421711683273315,-0.11158329164038605
O,0.0,0.0,0.0,-0.0936225950717926,-0.05107402801513672,-0.01811286287772873,-0.17257443070411682,-0.1177038848400116,-0.041879333950760156,-0.23620855808258057,-0.16099095344543457,-0.07244396621752003,-0.2554044723510742,-0.22265097498893738,-0.09883296156692722,-0.10541039705276489,-0.29738181829452515,-0.0010338770683802068,-0.17408564686775208,-0.38275277614593506,-0.052953537948610574,-0.224408358335495,-0.3322528302669525,-0.09312271738815525,-0.24253982305526733,-0.2675808370113373,-0.11527975315618733,-0.06740093231201172,-0.3044198155403137,-0.016684534423234254,-0.15086665749549866,-0.39489491283893585,-0.06722338164615849,-0.21024417877197266,-0.32704487442970276,-0.09784405345487812,-0.22859078645706177,-0.259797066450119,-0.1120943617301009,-0.030124157667160034,-0.2887190580368042,-0.03998077327776173,-0.11042439937591553,-0.3769543170928955,-0.0868594687657378,-0.1793074607849121,-0.3009903132915497,-0.10053021127748707,-0.2047141194343567,-0.22654473781585693,-0.10075578505563954,-0.003441452980041504,-0.247467041015625,-0.06538374388981083,-0.078664630651474,-0.29931575059890747,-0.1001486670451186,-0.14233562350273132,-0.26272258162498474,-0.11054581070709446,-0.1759251356124878,-0.2187536358833313,-0.11163814032840946
O,0.0,0.0,0.0,-0.09668153524398804,-0.04836118221282959,-0.020631795905956096,-0.17849478125572205,-0.1124737560749054,-0.04636042580796129,-0.24382060766220093,-0.15556445717811584,-0.07822377622915155,-0.25398197770118713,-0.21894589066505432,-0.1057013535578335,-0.10585832595825195,-0.2922583818435669,-0.004892806679436035,-0.1766727864742279,-0.3743942826986313,-0.058341451146134204,-0.22575253248214722,-0.31853437423706055,-0.09930946321082956,-0.24290382862091064,-0.24937784671783447,-0.12178285808158762,-0.06675270199775696,-0.300096720457077,-0.019139055319556064,-0.15446904301643372,-0.3886772692203522,-0.07098355532480127,-0.21352344751358032,-0.314292311668396,-0.10129188389373667,-0.22922778129577637,-0.24231302738189697,-0.1148764753420437,-0.02875906229019165,-0.28441786766052246,-0.041230268933304615,-0.11132434010505676,-0.3754071742296219,-0.08868177623344309,-0.18071138858795166,-0.29763421416282654,-0.10211491972995645,-0.2044891119003296,-0.22118672728538513,-0.10188406349016077,-0.0031660795211791992,-0.24253898859024048,-0.0656187051613415,-0.08002027869224548,-0.29389458894729614,-0.10104518026901133,-0.1439100205898285,-0.25608158111572266,-0.1119606012184704,-0.17588970065116882,-0.21039611101150513,-0.11314580232692606
O,0.0,0.0,0.0,-0.09307366609573364,-0.050933897495269775,-0.022887569790725593,-0.17423632740974426,-0.11755993962287903,-0.04961906833017338,-0.2407519817352295,-0.1612797975540161,-0.08216247794592846,-0.24867337942123413,-0.22637370228767395,-0.10991013882124889,-0.09899455308914185,-0.30175673961639404,-0.006515317069386128,-0.16665047407150269,-0.3854759782552719,-0.06051639926994312,-0.21837928891181946,-0.3289428949356079,-0.10144689766133297,-0.238570898771286,-0.2599482238292694,-0.12391813931429851,-0.05942416191101074,-0.30672839283943176,-0.019585859900359992,-0.14674225449562073,-0.3929179608821869,-0.07247913715804088,-0.20728987455368042,-0.3169165849685669,-0.10223828343117702,-0.22546547651290894,-0.24465778470039368,-0.11515034822190273,-0.021332085132598877,-0.2884502112865448,-0.040780552601461295,-0.1038951575756073,-0.3737851530313492,-0.08983214286530483,-0.17360642552375793,-0.2938598692417145,-0.10261113283598888,-0.19947421550750732,-0.2168668806552887,-0.10120561060870159,0.0053986310958862305,-0.24514153599739075,-0.06439281341994274,-0.06894338130950928,-0.3014034628868103,-0.10066744772160519,-0.13522446155548096,-0.26389455795288086,-0.11114300129378307,-0.17151951789855957,-0.21708190441131592,-0.11165467736685741
O,0.0,0.0,0.0,-0.0907001793384552,-0.04925030469894409,-0.023096733279885484,-0.17229050397872925,-0.1139228343963623,-0.048397623487176133,-0.23926860094070435,-0.15786689519882202,-0.07961513150519295,-0.2513982355594635,-0.22041046619415283,-0.10630960810965462,-0.11252620816230774,-0.2827373445034027,-0.005583767798157169,-0.17304053902626038,-0.3738487660884857,-0.05858469430393143,-0.22020137310028076,-0.3186899423599243,-0.0978742023188488,-0.2387446165084839,-0.24952048063278198,-0.11868158776348992,-0.07237154245376587,-0.2904873490333557,-0.018197257556380464,-0.15035343170166016,-0.3908548653125763,-0.07151657391375466,-0.20830276608467102,-0.3170405626296997,-0.101307176538171,-0.2262478768825531,-0.24290773272514343,-0.11296652305907173,-0.031728774309158325,-0.27822941541671753,-0.03899308342522545,-0.10533952713012695,-0.3740338534116745,-0.08825747717207832,-0.17471086978912354,-0.2958310842514038,-0.10260038126295967,-0.20196592807769775,-0.21817201375961304,-0.10154970038718147,0.00020778179168701172,-0.24329480528831482,-0.06209473732894821,-0.068814218044281,-0.3037395775318146,-0.09761230696028633,-0.13322263956069946,-0.26699286699295044,-0.10844752986020012,-0.16878169775009155,-0.2192670702934265,-0.10919325102156563
O,0.0,0.0,0.0,-0.0923532247543335,-0.04929548501968384,-0.02529433594099828,-0.1724959909915924,-0.11212930083274841,-0.05397369005731889,-0.23745831847190857,-0.1545693278312683,-0.08824990355424234,-0.24833214282989502,-0.21941694617271423,-0.11780833863667795,-0.1003589928150177,-0.29395121335983276,-0.00976460744641372,-0.16940724849700928,-0.37902380526065826,-0.06620331519297906,-0.21965813636779785,-0.3216117024421692,-0.10927714818171808,-0.23894035816192627,-0.25257623195648193,-0.1329693686311657,-0.06166788935661316,-0.29950612783432007,-0.02292961106650182,-0.14742609858512878,-0.3908664286136627,-0.0789956640546734,-0.20687314867973328,-0.3162524700164795,-0.11161698811702081,-0.22540944814682007,-0.2461959421634674,-0.12623207681826898,-0.023162871599197388,-0.2817636728286743,-0.04426917099408456,-0.10259592533111572,-0.3721279203891754,-0.09526886456660577,-0.17116540670394897,-0.2919852137565613,-0.1092613529508526,-0.19657021760940552,-0.21526631712913513,-0.10844573044232675,0.004985451698303223,-0.23903903365135193,-0.06826150082997628,-0.06669628620147705,-0.2996543347835541,-0.1052327867691929,-0.13195425271987915,-0.26384666562080383,-0.11617402398042032,-0.16803935170173645,-0.2190016508102417,-0.11715624892167398
O,0.0,0.0,0.0,-0.0912771224975586,-0.045784056186676025,-0.02512012862530355,-0.172539621591568,-0.10795345902442932,-0.05187295258906488,-0.2392168641090393,-0.14801520109176636,-0.08406780541804437,-0.2518259286880493,-0.21001893281936646,-0.11181991428998117,-0.1053948700428009,-0.28854915499687195,-0.008476008408933922,-0.17146283388137817,-0.3722364455461502,-0.0625165018525422,-0.2202250361442566,-0.3164730966091156,-0.10363033295539026,-0.23943012952804565,-0.24575072526931763,-0.12580071271327142,-0.06532686948776245,-0.29662445187568665,-0.020529298790961548,-0.14920589327812195,-0.3861517906188965,-0.07436475784447794,-0.20921039581298828,-0.31164735555648804,-0.10569017262128,-0.2281985580921173,-0.23759809136390686,-0.11899257332947855,-0.02586984634399414,-0.28206121921539307,-0.04076447964575891,-0.10458022356033325,-0.37241125106811523,-0.09030995399621133,-0.1747332215309143,-0.2936532199382782,-0.10499331981804971,-0.20141953229904175,-0.21573567390441895,-0.10455869764950876,0.0028226375579833984,-0.24271753430366516,-0.06349728883174066,-0.07079952955245972,-0.2978491187095642,-0.0998329582896531,-0.1355789303779602,-0.2609312832355499,-0.11091334254410867,-0.17029017210006714,-0.2141423523426056,-0.11174027503398065
O,0.0,0.0,0.0,-0.09228134155273438,-0.04723244905471802,-0.023376959305437595,-0.1723596155643463,-0.11061933636665344,-0.04895219479146817,-0.23774293065071106,-0.15201690793037415,-0.08035343412700513,-0.25147247314453125,-0.21351408958435059,-0.10736898605171064,-0.10857400298118591,-0.29021018743515015,-0.00507475009578684,-0.1713232696056366,-0.37343984842300415,-0.058152201514872104,-0.21981000900268555,-0.3194831609725952,-0.0988435101920686,-0.23962998390197754,-0.2513329088687897,-0.12099426512065747,-0.06820616126060486,-0.2983596920967102,-0.01799686897936681,-0.14661869406700134,-0.3881832957267761,-0.07006056134048322,-0.20494884252548218,-0.3177027106285095,-0.10089468483272412,-0.22497045993804932,-0.24795249104499817,-0.114530998211535,-0.02844056487083435,-0.28337880969047546,-0.03909845922532895,-0.10355907678604126,-0.371790811419487,-0.08784820411744931,-0.17247921228408813,-0.2921643555164337,-0.10236809675041059,-0.20017117261886597,-0.21552711725234985,-0.10233460639062741,0.0007044672966003418,-0.2424948811531067,-0.06261077050510266,-0.07223036885261536,-0.29604804515838623,-0.0989159596377931,-0.13678422570228577,-0.2554757297039032,-0.11013105038944104,-0.17221984267234802,-0.2076791524887085,-0.11141365293804029
O,0.0,0.0,0.0,-0.09220686554908752,-0.046438634395599365,-0.021976498552817247,-0.17361050844192505,-0.11035004258155823,-0.04705905694629564,-0.24066472053527832,-0.15155494213104248,-0.07847824100520029,-0.2520931363105774,-0.21302005648612976,-0.10544060323502435,-0.1083185076713562,-0.28582531213760376,-0.003166334369439028,-0.16979163885116577,-0.37434500455856323,-0.0566968933131875,-0.2197180986404419,-0.3192092180252075,-0.09652663175131693,-0.23954635858535767,-0.25086838006973267,-0.1177211568143548,-0.06990700960159302,-0.29482027888298035,-0.01676040668155565,-0.1485135853290558,-0.3908730447292328,-0.07076590661074533,-0.20822924375534058,-0.31676608324050903,-0.10155274871851816,-0.2269151508808136,-0.2448909878730774,-0.11386216584708109,-0.03127202391624451,-0.2825205326080322,-0.03852304224039926,-0.1067841649055481,-0.37313345074653625,-0.08836344782378092,-0.17632979154586792,-0.29210954904556274,-0.10353381339575662,-0.2028249204158783,-0.21427887678146362,-0.1029276267078103,-0.002956569194793701,-0.24584627151489258,-0.06250063482787027,-0.07612493634223938,-0.2992208003997803,-0.0982066110160531,-0.14051228761672974,-0.25913047790527344,-0.10961662385727777,-0.17502832412719727,-0.21168074011802673,-0.11063198153044596
O,0.0,0.0,0.0,-0.09255358576774597,-0.0479314923286438,-0.023526283061528375,-0.1738714575767517,-0.11149495840072632,-0.05027931191625612,-0.24041014909744263,-0.15323615074157715,-0.08310108639898317,-0.25109344720840454,-0.21666458249092102,-0.11143190421762483,-0.10928213596343994,-0.2873854339122772,-0.008352442725026776,-0.17281445860862732,-0.37671804428100586,-0.0640577898234369,-0.22229069471359253,-0.31814226508140564,-0.10475894816818254,-0.2416306734085083,-0.24863195419311523,-0.1263531745285036,-0.06920361518859863,-0.2949080467224121,-0.021777672773623635,-0.15004831552505493,-0.39076951146125793,-0.07819925256671922,-0.20952290296554565,-0.3138361871242523,-0.10872116692962663,-0.2282308042049408,-0.24153387546539307,-0.12061422326269167,-0.0290108323097229,-0.28005874156951904,-0.04334312312903421,-0.10681730508804321,-0.3730078190565109,-0.09552404292526262,-0.17481502890586853,-0.28883323073387146,-0.10909056671562212,-0.20023393630981445,-0.210210919380188,-0.10692250736656206,0.0017263293266296387,-0.24127086997032166,-0.06719557949008959,-0.07111233472824097,-0.2970290184020996,-0.10536268361511247,-0.13584023714065552,-0.2569550573825836,-0.11659193046989458,-0.17092695832252502,-0.20979076623916626,-0.11698854722681062
O,0.0,0.0,0.0,-0.09295639395713806,-0.046590983867645264,-0.02444863801753172,-0.174635648727417,-0.1084764301776886,-0.051712186242696134,-0.2414686679840088,-0.14907020330429077,-0.08484110718524107,-0.2501707077026367,-0.21288862824440002,-0.11332429682767042,-0.10836559534072876,-0.28713011741638184,-0.007858767341133444,-0.1721172034740448,-0.37410345673561096,-0.06348327284609923,-0.22147318720817566,-0.3165721595287323,-0.10475137567078718,-0.24051153659820557,-0.24773532152175903,-0.12680889403378615,-0.06853750348091125,-0.29469001293182373,-0.020480522121545164,-0.1498560607433319,-0.3875958174467087,-0.07589183485066542,-0.2090390920639038,-0.31297722458839417,-0.10685612743651518,-0.22782671451568604,-0.24129149317741394,-0.11962663119589934,-0.028735071420669556,-0.28060805797576904,-0.041410056109782545,-0.10621452331542969,-0.3693227767944336,-0.09220970159327635,-0.17522335052490234,-0.2884415090084076,-0.10648595279013762,-0.20186969637870789,-0.2109116017818451,-0.10541338210856566,0.0012171268463134766,-0.242460697889328,-0.06479128932511458,-0.07119566202163696,-0.2983299493789673,-0.10120673960005888,-0.13575699925422668,-0.2589130997657776,-0.11224370187079558,-0.17108866572380066,-0.21111822128295898,-0.11307587211882719
