label,x0,y0,z0,x1,y1,z1,x2,y2,z2,x3,y3,z3,x4,y4,z4,x5,y5,z5,x6,y6,z6,x7,y7,z7,x8,y8,z8,x9,y9,z9,x10,y10,z10,x11,y11,z11,x12,y12,z12,x13,y13,z13,x14,y14,z14,x15,y15,z15,x16,y16,z16,x17,y17,z17,x18,y18,z18,x19,y19,z19,x20,y20,z20
P,0.0,0.0,0.0,-0.06535035371780396,-0.05871596932411194,-0.02480871874143986,-0.12280726432800293,-0.10548853874206543,-0.05831508237173466,-0.17032432556152344,-0.11944660544395447,-0.08839876103451161,-0.21367913484573364,-0.13886645436286926,-0.1230572898988953,-0.08459776639938354,-0.21576187014579773,-0.09002091634323506,-0.17783910036087036,-0.2012956440448761,-0.1372729455237618,-0.2366180419921875,-0.21109935641288757,-0.1721029196982613,-0.2883586287498474,-0.22178515791893005,-0.19838222014954,-0.04168802499771118,-0.1816731095314026,-0.1012173806433907,-0.16750651597976685,-0.09525677561759949,-0.15149722147037892,-0.2250329852104187,-0.02092757821083069,-0.1647554402356377,-0.26868584752082825,0.03051578998565674,-0.17145100879719166,-0.0099639892578125,-0.11177429556846619,-0.11137991297295002,-0.11454474925994873,-0.024611085653305054,-0.14514773237755207,-0.09853243827819824,-0.01522749662399292,-0.1269684051280251,-0.07276040315628052,-0.03388166427612305,-0.11447184431602864,0.008332371711730957,-0.03559434413909912,-0.12347663837721257,-0.08078056573867798,0.027247488498687744,-0.15190816569378285,-0.07420796155929565,0.0323580801486969,-0.13732754337837605,-0.04968363046646118,0.006717383861541748,-0.12381935018350987
P,0.0,0.0,0.0,-0.06872391700744629,-0.06485703587532043,-0.030464381121760198,-0.12460750341415405,-0.11412528157234192,-0.07003573901272375,-0.16918355226516724,-0.12805932760238647,-0.10478663272476751,-0.21123123168945312,-0.14523279666900635,-0.14451802349901754,-0.08156925439834595,-0.22118060290813446,-0.10911463029003698,-0.17824256420135498,-0.20470848679542542,-0.162570243843561,-0.23938369750976562,-0.21695108711719513,-0.20077044344759543,-0.29219064116477966,-0.23042872548103333,-0.2294291762194689,-0.03703397512435913,-0.18331500887870789,-0.1191778910837229,-0.1629180610179901,-0.10449177026748657,-0.17660950697279532,-0.22176668047904968,-0.03199717402458191,-0.1900881139121111,-0.2645840048789978,0.02033531665802002,-0.1969107744774874,-0.004702210426330566,-0.11104187369346619,-0.1279710439524706,-0.1115979552268982,-0.031186193227767944,-0.1659964529357012,-0.09931439161300659,-0.0259665846824646,-0.14431898868895132,-0.07339787483215332,-0.04453423619270325,-0.12936920500612814,0.014123678207397461,-0.03445321321487427,-0.1392598805508669,-0.07723450660705566,0.023461580276489258,-0.17069626427507956,-0.0729285478591919,0.023812592029571533,-0.1551714298806246,-0.04797935485839844,-0.003308206796646118,-0.1409977284750994
P,0.0,0.0,0.0,-0.0641135573387146,-0.05905315279960632,-0.03782247333120381,-0.11660420894622803,-0.11145198345184326,-0.08108476503085171,-0.15734219551086426,-0.13400086760520935,-0.11804112000655209,-0.20169222354888916,-0.15939098596572876,-0.15956835402440106,-0.07878392934799194,-0.21923834085464478,-0.11858738167475735,-0.1653316617012024,-0.2127777636051178,-0.18188862456273114,-0.2250952124595642,-0.2267986536026001,-0.2278120960135368,-0.27805429697036743,-0.2405547797679901,-0.2603006954331306,-0.03163552284240723,-0.18576043844223022,-0.12496684445332562,-0.14867743849754333,-0.11212632060050964,-0.18692833138894116,-0.20846474170684814,-0.04231029748916626,-0.2012605960507301,-0.2515908479690552,0.0033324360847473145,-0.20793829812001263,0.002030313014984131,-0.11473333835601807,-0.13124410761784588,-0.09959512948989868,-0.03566461801528931,-0.17174301995228802,-0.09836900234222412,-0.017627358436584473,-0.1465149368185905,-0.0767853856086731,-0.02492198348045349,-0.12802705122422253,0.02011275291442871,-0.04027882218360901,-0.1413272316594032,-0.06901329755783081,0.019735604524612427,-0.17587728752087628,-0.07310402393341064,0.02816939353942871,-0.16044470621537243,-0.05208230018615723,0.010768890380859375,-0.14481478883217846
P,0.0,0.0,0.0,-0.0683862566947937,-0.05574071407318115,-0.02948204054314374,-0.12542015314102173,-0.10634171962738037,-0.06331325507539987,-0.16813915967941284,-0.12648820877075195,-0.09264206326383828,-0.2087683379650116,-0.15062490105628967,-0.12620379215854882,-0.08019846677780151,-0.21709564328193665,-0.09371527469534158,-0.17067673802375793,-0.20413139462471008,-0.1457426119484353,-0.22954851388931274,-0.21611131727695465,-0.18332655913013696,-0.2811020016670227,-0.23010632395744324,-0.21015924400467156,-0.03659743070602417,-0.1827080249786377,-0.10284418052810906,-0.15928682684898376,-0.1006271243095398,-0.15684676355499505,-0.21684488654136658,-0.028888434171676636,-0.16936870104450463,-0.2586721181869507,0.02332744002342224,-0.1734515745081353,-0.0048539042472839355,-0.11253559589385986,-0.11198736167330026,-0.1089211106300354,-0.029529601335525513,-0.15108128077167748,-0.09830152988433838,-0.01959368586540222,-0.13269894010204553,-0.07362568378448486,-0.03548312187194824,-0.11715455538410424,0.014030158519744873,-0.037850141525268555,-0.12342667764801263,-0.07695859670639038,0.023325800895690918,-0.15666867977756738,-0.07446253299713135,0.027958691120147705,-0.14319798535484551,-0.050486624240875244,0.004870861768722534,-0.12816187924522637
P,0.0,0.0,0.0,-0.06384259462356567,-0.05995810031890869,-0.025879758910491546,-0.1190636157989502,-0.10638201236724854,-0.05928048448379286,-0.16141659021377563,-0.1226864755153656,-0.08803489388640173,-0.20216327905654907,-0.15071949362754822,-0.12072201402600058,-0.07484245300292969,-0.21425825357437134,-0.09716303230936774,-0.16841775178909302,-0.20123091340065002,-0.14784395279104956,-0.22807711362838745,-0.21127837896347046,-0.18327216388399847,-0.2807391881942749,-0.2226109504699707,-0.20886334361250647,-0.03211021423339844,-0.17871952056884766,-0.10823461742813834,-0.1580703854560852,-0.09957078099250793,-0.16026122452433356,-0.2117605209350586,-0.02471265196800232,-0.17023391606028326,-0.25167369842529297,0.029142290353775024,-0.17329147042448767,-0.0018522143363952637,-0.10920807719230652,-0.11857293875630148,-0.10668379068374634,-0.02857750654220581,-0.15442291976626166,-0.09152978658676147,-0.020995020866394043,-0.1330702263277317,-0.06595522165298462,-0.03876817226409912,-0.11690117748196371,0.0166359543800354,-0.03540661931037903,-0.1309092897337223,-0.07274395227432251,0.02363818883895874,-0.16219132723028906,-0.06722807884216309,0.02519094944000244,-0.14698846222574957,-0.04392707347869873,0.00030541419982910156,-0.13147328378374823
P,0.0,0.0,0.0,-0.06500691175460815,-0.05559802055358887,-0.026256707302309223,-0.12293428182601929,-0.09938418865203857,-0.06047904937622661,-0.16803082823753357,-0.11395040154457092,-0.09061632751581783,-0.21100449562072754,-0.14322227239608765,-0.12484904824850673,-0.08054566383361816,-0.2098032534122467,-0.0960674330508482,-0.17516562342643738,-0.19364458322525024,-0.1468951523220312,-0.23485875129699707,-0.20303431153297424,-0.18278203605768795,-0.28728926181793213,-0.214072585105896,-0.20897437333223934,-0.03749537467956543,-0.1754157841205597,-0.10705176442024822,-0.16549301147460938,-0.09228569269180298,-0.15879060029146785,-0.22033706307411194,-0.020389407873153687,-0.16919338404295559,-0.26195716857910156,0.03014513850212097,-0.17298221289274807,-0.0064013004302978516,-0.10488522052764893,-0.11737589239237423,-0.11254268884658813,-0.01939883828163147,-0.153549429765917,-0.09502178430557251,-0.010144531726837158,-0.13196442722437496,-0.06773984432220459,-0.0272921621799469,-0.11584653406498546,0.012070298194885254,-0.029227614402770996,-0.12975124715921993,-0.07684141397476196,0.03201749920845032,-0.1626625925218832,-0.07068455219268799,0.03556063771247864,-0.14818937777636165,-0.04622006416320801,0.010598510503768921,-0.13304967879412288
P,0.0,0.0,0.0,-0.0661270022392273,-0.055707454681396484,-0.03083198752725025,-0.12269437313079834,-0.10060563683509827,-0.0713599347742786,-0.16588738560676575,-0.11496391892433167,-0.10623052206361194,-0.21141821146011353,-0.14424920082092285,-0.14560585704171558,-0.07630294561386108,-0.20785006880760193,-0.11867615070664783,-0.17362159490585327,-0.19436275959014893,-0.1777122416766872,-0.23425865173339844,-0.2046387940645218,-0.2197308042320003,-0.2881794273853302,-0.21689805388450623,-0.25107107546651264,-0.032463252544403076,-0.1703249216079712,-0.12966598060452839,-0.15970194339752197,-0.09913957118988037,-0.18935209002816578,-0.21227353811264038,-0.030979186296463013,-0.2017968842061748,-0.25065499544143677,0.01617753505706787,-0.20856801655614277,-0.0011978745460510254,-0.0979902446269989,-0.13956278052651783,-0.11167216300964355,-0.021950066089630127,-0.1784965195926418,-0.09660345315933228,-0.010711491107940674,-0.15260193732106586,-0.06754964590072632,-0.02462846040725708,-0.1354751684936275,0.01638484001159668,-0.02229979634284973,-0.15221860494935413,-0.0764697790145874,0.03338637948036194,-0.18772065129601856,-0.07237976789474487,0.03784298896789551,-0.17265177753293415,-0.04693150520324707,0.01533934473991394,-0.15853863444650074
P,0.0,0.0,0.0,-0.06499278545379639,-0.0552440881729126,-0.02799746036794204,-0.12114220857620239,-0.10111036896705627,-0.061173929053211396,-0.16409066319465637,-0.11711561679840088,-0.08922963418331165,-0.20513921976089478,-0.14693909883499146,-0.1214519349512102,-0.07734346389770508,-0.21069052815437317,-0.09706438906755466,-0.16801360249519348,-0.19637316465377808,-0.14902791209783572,-0.22624900937080383,-0.2073671817779541,-0.18820081480112094,-0.27932778000831604,-0.21936574578285217,-0.21708810158338565,-0.03374677896499634,-0.17615997791290283,-0.10568710990514774,-0.1555415391921997,-0.09456709027290344,-0.15779083796110172,-0.2102220058441162,-0.029164135456085205,-0.1718468797978403,-0.2518978714942932,0.019132137298583984,-0.1793571246441843,-0.003200531005859375,-0.10639700293540955,-0.11362698503103275,-0.10779941082000732,-0.02267056703567505,-0.148387370782757,-0.09466755390167236,-0.019287586212158203,-0.12982745297517795,-0.07020759582519531,-0.03665804862976074,-0.11687607892122287,0.01374751329421997,-0.031631529331207275,-0.1238601563152315,-0.07553058862686157,0.0306241512298584,-0.15587641127672214,-0.07187670469284058,0.031078994274139404,-0.14379553325738925,-0.04912072420120239,0.005109161138534546,-0.1312807781275751
P,0.0,0.0,0.0,-0.06574678421020508,-0.05835503339767456,-0.02793740160473135,-0.12386125326156616,-0.10595965385437012,-0.06078109569557455,-0.16516923904418945,-0.11965179443359375,-0.08849838427909162,-0.1999940574169159,-0.1366128921508789,-0.12105116299994734,-0.07495355606079102,-0.21171745657920837,-0.09691101364501264,-0.16521716117858887,-0.19570136070251465,-0.1488546957791641,-0.2229272723197937,-0.20618213713169098,-0.18829808436044004,-0.2754528522491455,-0.21841761469841003,-0.21686617336877134,-0.030779898166656494,-0.17587551474571228,-0.10509060375102308,-0.15000945329666138,-0.09143036603927612,-0.1569432993949249,-0.2053542137145996,-0.019818514585494995,-0.17097055218823698,-0.2481735348701477,0.032910943031311035,-0.1775405337632492,0.0007967948913574219,-0.10403400659561157,-0.11228553257592466,-0.09863132238388062,-0.02181902527809143,-0.1490681102097824,-0.08809137344360352,-0.017895251512527466,-0.1328879823506668,-0.06609570980072021,-0.034816235303878784,-0.12004300258763578,0.019340991973876953,-0.026876747608184814,-0.12125364742882994,-0.0669935941696167,0.0375838577747345,-0.15335478685506132,-0.06635284423828125,0.03950154781341553,-0.14045649073727873,-0.04647231101989746,0.01575547456741333,-0.1266168584645584
P,0.0,0.0,0.0,-0.06713861227035522,-0.05547294020652771,-0.029482994320176203,-0.12430769205093384,-0.10076430439949036,-0.06353132808425244,-0.16634047031402588,-0.11759397387504578,-0.09205526495196636,-0.20800882577896118,-0.1428343653678894,-0.12450138116099652,-0.08280861377716064,-0.20826375484466553,-0.10082125300385769,-0.1737569272518158,-0.19442468881607056,-0.1545619332216006,-0.23127692937850952,-0.2061624526977539,-0.19347712034203823,-0.28223520517349243,-0.22087183594703674,-0.22148593896844204,-0.038638949394226074,-0.17356309294700623,-0.11003187680461224,-0.15879124402999878,-0.09117996692657471,-0.16288642221906002,-0.21534550189971924,-0.02000442147254944,-0.17413214975812252,-0.257032573223114,0.029116064310073853,-0.1787359678170901,-0.006425678730010986,-0.10422828793525696,-0.11916803950288113,-0.10803490877151489,-0.02039685845375061,-0.15588429206826504,-0.09570902585983276,-0.012480318546295166,-0.1366379522702914,-0.07140141725540161,-0.030553698539733887,-0.12226277226426419,0.013234615325927734,-0.029717832803726196,-0.13080152505852993,-0.0737992525100708,0.03278180956840515,-0.16338437432267483,-0.0715327262878418,0.03570494055747986,-0.15051455432393368,-0.05064511299133301,0.011540204286575317,-0.13697458440282162
P,0.0,0.0,0.0,-0.06558811664581299,-0.05423390865325928,-0.026528074004033897,-0.1193312406539917,-0.10441648960113525,-0.058288353093246315,-0.15917086601257324,-0.12594053149223328,-0.08551954344687829,-0.20010524988174438,-0.15425574779510498,-0.11751507089314828,-0.07831555604934692,-0.2137453705072403,-0.09368511901078591,-0.16624075174331665,-0.2005978226661682,-0.14316418633637795,-0.22316446900367737,-0.21256446838378906,-0.17977878318009743,-0.2730480432510376,-0.22596508264541626,-0.20686091349301705,-0.033782124519348145,-0.18141257762908936,-0.10294764355597863,-0.14969658851623535,-0.10172271728515625,-0.1523808525579966,-0.20298868417739868,-0.032325923442840576,-0.16403476760564217,-0.24145221710205078,0.015498995780944824,-0.16978256271062264,-0.0007211565971374512,-0.1130281388759613,-0.11158162222085366,-0.10040915012359619,-0.02954995632171631,-0.14656419918713937,-0.09210610389709473,-0.01830551028251648,-0.12870930001912484,-0.06889963150024414,-0.030423492193222046,-0.11567581311641106,0.01811617612838745,-0.037867993116378784,-0.12234125153003106,-0.06888729333877563,0.02734816074371338,-0.15519739554105172,-0.06866633892059326,0.034068405628204346,-0.14400397107777962,-0.04759657382965088,0.013751626014709473,-0.1316223578232325
P,0.0,0.0,0.0,-0.06751948595046997,-0.05439069867134094,-0.025694996792822167,-0.12625837326049805,-0.10083800554275513,-0.05707677893713026,-0.17138910293579102,-0.11392846703529358,-0.08416425504162817,-0.21488457918167114,-0.1377367377281189,-0.11576789684966116,-0.08478409051895142,-0.20745986700057983,-0.09108548678830175,-0.17953860759735107,-0.18795740604400635,-0.1397231376953414,-0.23708635568618774,-0.2000437080860138,-0.175223276693373,-0.2859431505203247,-0.21509918570518494,-0.20128221877291708,-0.041912615299224854,-0.1703740358352661,-0.1011157266087821,-0.1609567105770111,-0.08876237273216248,-0.15031062133982687,-0.21391189098358154,-0.024069547653198242,-0.16251795061305074,-0.2522948980331421,0.02043396234512329,-0.16811165281012563,-0.010012149810791016,-0.09933102130889893,-0.11054694719985036,-0.11413335800170898,-0.015272706747055054,-0.14679622717574148,-0.10175561904907227,-0.007499605417251587,-0.13039897449687032,-0.075778067111969,-0.025156766176223755,-0.11736280538514166,0.009043514728546143,-0.024551689624786377,-0.12171736427023916,-0.0815841555595398,0.0360904335975647,-0.15514083274081258,-0.0795447826385498,0.04100257158279419,-0.14370432563498525,-0.0566403865814209,0.01889127492904663,-0.13067069717124014
P,0.0,0.0,0.0,-0.06692737340927124,-0.05661401152610779,-0.02547316044268655,-0.12455335259437561,-0.10233515501022339,-0.058612571802711955,-0.16807246208190918,-0.11876890063285828,-0.08670746698675202,-0.2111097276210785,-0.1448548436164856,-0.11951576336917924,-0.08582895994186401,-0.2068425714969635,-0.10006345227060365,-0.17589133977890015,-0.19239398837089539,-0.1513483838706975,-0.23473471403121948,-0.20401805639266968,-0.1894444541603093,-0.2875121235847473,-0.21611934900283813,-0.21804759069976853,-0.0430561900138855,-0.17229989171028137,-0.11019591405687379,-0.16455870866775513,-0.09244632720947266,-0.16190457507667588,-0.21560758352279663,-0.02053666114807129,-0.17507060035762834,-0.2534977197647095,0.030712366104125977,-0.1828115151792531,-0.011136054992675781,-0.10421484708786011,-0.1189423070817952,-0.11400967836380005,-0.021112561225891113,-0.15459981724319505,-0.0966678261756897,-0.013815820217132568,-0.13714616164264726,-0.06847262382507324,-0.03189760446548462,-0.1256869302659993,0.009248316287994385,-0.03123098611831665,-0.12934488221702622,-0.08007597923278809,0.03191030025482178,-0.16191649600563096,-0.07319438457489014,0.036406904458999634,-0.14983780845699357,-0.04798853397369385,0.01119944453239441,-0.1381492929130559
P,0.0,0.0,0.0,-0.0680883526802063,-0.05962103605270386,-0.029189888885241544,-0.1302330493927002,-0.10273304581642151,-0.06740415146015266,-0.17851033806800842,-0.11044594645500183,-0.10038963755033592,-0.22543865442276,-0.1280156672000885,-0.13844579507969001,-0.09254342317581177,-0.20277181267738342,-0.11092685212753395,-0.19412046670913696,-0.18052765727043152,-0.1645141248907862,-0.25413191318511963,-0.1884033977985382,-0.20358675768039802,-0.3071019649505615,-0.20058929920196533,-0.23348958840034584,-0.048962295055389404,-0.16178962588310242,-0.12146876802108864,-0.17388916015625,-0.08205214142799377,-0.17734301139972786,-0.2248760461807251,-0.018203258514404297,-0.19178639402053932,-0.2629256844520569,0.026798903942108154,-0.20093192209861854,-0.016537785530090332,-0.0892038643360138,-0.13058453848026375,-0.12327754497528076,-0.009144604206085205,-0.16870792259834388,-0.10774880647659302,-0.00878286361694336,-0.15034313549659828,-0.0805671215057373,-0.02992764115333557,-0.13851957072876075,0.003407895565032959,-0.01384022831916809,-0.14173743178508857,-0.08778250217437744,0.04314354062080383,-0.17593939652107338,-0.08299016952514648,0.04216355085372925,-0.16400051166675667,-0.05932462215423584,0.014935880899429321,-0.1527869259323893
P,0.0,0.0,0.0,-0.06997096538543701,-0.055211424827575684,-0.025757243282583886,-0.13152477145195007,-0.10066300630569458,-0.06038543710806721,-0.17969420552253723,-0.11549559235572815,-0.09054211283424252,-0.22407108545303345,-0.13531672954559326,-0.1257904296586787,-0.09534430503845215,-0.20355841517448425,-0.10229133570888393,-0.1900859773159027,-0.1898336112499237,-0.1514768278072154,-0.2524486780166626,-0.1994774043560028,-0.18639068061807507,-0.3058326840400696,-0.2100660651922226,-0.21291482204892986,-0.050876736640930176,-0.1694273054599762,-0.11293179298141354,-0.1723499894142151,-0.08136075735092163,-0.16454684490659588,-0.22795149683952332,-0.009995967149734497,-0.17641079182126873,-0.26605504751205444,0.040647029876708984,-0.1834127431581294,-0.01543813943862915,-0.1009225845336914,-0.12189431244829052,-0.11745208501815796,-0.013430178165435791,-0.15855985636213177,-0.10809433460235596,-0.011789500713348389,-0.14069480950334423,-0.08378756046295166,-0.03451371192932129,-0.12870926911332958,0.007124185562133789,-0.02670001983642578,-0.1325215076873576,-0.08385574817657471,0.03855156898498535,-0.16630582267740124,-0.08255124092102051,0.040583252906799316,-0.15435090417363995,-0.06007450819015503,0.013798236846923828,-0.14235499257543438
P,0.0,0.0,0.0,-0.07367980480194092,-0.05277127027511597,-0.027416665554113706,-0.13479098677635193,-0.09738224744796753,-0.0637416899949983,-0.1802172064781189,-0.1139739453792572,-0.09519739307469877,-0.2246600091457367,-0.1383870244026184,-0.13160220392055066,-0.09737920761108398,-0.20749656856060028,-0.10797944523400815,-0.19198760390281677,-0.19362112879753113,-0.16081363566226514,-0.2542869448661804,-0.20495307445526123,-0.19882295139140638,-0.30816036462783813,-0.21641866862773895,-0.22767738111323865,-0.05095815658569336,-0.17348775267601013,-0.1189806819707826,-0.17434203624725342,-0.08767196536064148,-0.173484569862552,-0.22927042841911316,-0.011255085468292236,-0.18579130478210004,-0.26743796467781067,0.04209494590759277,-0.19307041771716626,-0.014742612838745117,-0.10444715619087219,-0.12853496380157026,-0.1192970871925354,-0.016639381647109985,-0.16596817083663495,-0.10758697986602783,-0.011391162872314453,-0.14541331537074598,-0.08145684003829956,-0.0333961546421051,-0.13187854595489057,0.008314013481140137,-0.029579639434814453,-0.1400923193246797,-0.08498138189315796,0.03459048271179199,-0.173928803280063,-0.0825643539428711,0.03813248872756958,-0.16034818299121412,-0.059237658977508545,0.01164323091506958,-0.14746468372649701
P,0.0,0.0,0.0,-0.07388913631439209,-0.05536344647407532,-0.023474935358933635,-0.135893315076828,-0.09963133931159973,-0.05846671192961139,-0.18428921699523926,-0.11171644926071167,-0.08932883470373554,-0.23199868202209473,-0.13342276215553284,-0.12554850607233448,-0.10286593437194824,-0.21036788821220398,-0.10373514323549671,-0.20030415058135986,-0.1930173635482788,-0.15410938291864795,-0.26372653245925903,-0.19942864775657654,-0.19016877739744587,-0.3179878890514374,-0.20845672488212585,-0.21745781033354206,-0.05864894390106201,-0.1737469732761383,-0.11575071691589756,-0.18175530433654785,-0.08735519647598267,-0.16795850723104877,-0.23945242166519165,-0.010892391204833984,-0.17988316147642536,-0.2794405519962311,0.04417139291763306,-0.18722402482347889,-0.02397066354751587,-0.10297706723213196,-0.12588065295534534,-0.1278531849384308,-0.019826233386993408,-0.16251865952330036,-0.11597198247909546,-0.012654483318328857,-0.14370385735350055,-0.0879942774772644,-0.030547261238098145,-0.13149061231928272,-0.002489805221557617,-0.027385830879211426,-0.13742677300291462,-0.09417450428009033,0.03488433361053467,-0.17089111535864276,-0.09112924337387085,0.039574116468429565,-0.15844724505262775,-0.06612902879714966,0.014632821083068848,-0.14643875687437458
P,0.0,0.0,0.0,-0.0729246735572815,-0.0562228262424469,-0.02381093154252767,-0.1372891664505005,-0.10118141770362854,-0.05758510070444345,-0.1893758773803711,-0.11143741011619568,-0.08676693128944635,-0.24198967218399048,-0.13259467482566833,-0.12133427994848489,-0.11204588413238525,-0.21348342299461365,-0.10373005556465387,-0.2085675597190857,-0.19696670770645142,-0.15239392506481408,-0.27153676748275757,-0.2039881944656372,-0.18799501942993402,-0.32646703720092773,-0.2137548327445984,-0.21537334012390374,-0.06651043891906738,-0.17784520983695984,-0.11482445436121225,-0.18909627199172974,-0.08584633469581604,-0.16793889092804193,-0.24877530336380005,-0.011261940002441406,-0.18415479647518396,-0.2913020849227905,0.04370108246803284,-0.19506115006805658,-0.02951425313949585,-0.10827186703681946,-0.12332658010126352,-0.13333234190940857,-0.020164310932159424,-0.16035224782825708,-0.11842852830886841,-0.01532474160194397,-0.144913422936213,-0.08876019716262817,-0.03638041019439697,-0.13530656980873346,-0.006690621376037598,-0.03327852487564087,-0.1330452440917611,-0.1002357006072998,0.035721391439437866,-0.16559703933597802,-0.09356558322906494,0.04036793112754822,-0.1539921789109826,-0.0658336877822876,0.012637168169021606,-0.14311960625053644
P,0.0,0.0,0.0,-0.07430416345596313,-0.059069693088531494,-0.023062174779170164,-0.1395157277584076,-0.10272124409675598,-0.058404046681516775,-0.1913839876651764,-0.11347818374633789,-0.09068195858299077,-0.24326485395431519,-0.13922661542892456,-0.12851794400512517,-0.11453437805175781,-0.2178233116865158,-0.09979254343807042,-0.2120375633239746,-0.20116007328033447,-0.14849537947475255,-0.276215136051178,-0.20748594403266907,-0.1829054985314542,-0.3321009874343872,-0.21672317385673523,-0.20923610368072332,-0.06857359409332275,-0.18482622504234314,-0.11239237674772085,-0.19025161862373352,-0.08947396278381348,-0.16637789049445928,-0.2541659474372864,-0.014275163412094116,-0.18114482202827276,-0.30054807662963867,0.04054528474807739,-0.19075617530643285,-0.03020000457763672,-0.11683958768844604,-0.12293836065828145,-0.13148516416549683,-0.026734113693237305,-0.16240264811813176,-0.12441200017929077,-0.01847246289253235,-0.14516236224471868,-0.10101079940795898,-0.03311339020729065,-0.13328090646564306,-0.006077110767364502,-0.04224547743797302,-0.13489885964690984,-0.09949725866317749,0.028191804885864258,-0.16916036942302526,-0.09855526685714722,0.03216755390167236,-0.1572736833363706,-0.07578873634338379,0.005826294422149658,-0.1454657796889478
P,0.0,0.0,0.0,-0.07691168785095215,-0.06486198306083679,-0.025224148946620062,-0.1412869691848755,-0.11248403787612915,-0.06308792317173584,-0.19217264652252197,-0.12554383277893066,-0.09716246062777145,-0.24221181869506836,-0.14449885487556458,-0.13675714069864853,-0.11033046245574951,-0.22784489393234253,-0.10813562357685669,-0.21020221710205078,-0.20882996916770935,-0.1603846156027089,-0.27709800004959106,-0.21473607420921326,-0.19661374920866592,-0.33317914605140686,-0.2241208702325821,-0.22368172341845138,-0.0624045729637146,-0.1915612816810608,-0.1196736597444783,-0.18449994921684265,-0.0961463451385498,-0.17337362998983963,-0.25090277194976807,-0.02096700668334961,-0.1845744007255803,-0.2980373501777649,0.02871224284172058,-0.19194469386599167,-0.022370755672454834,-0.12086346745491028,-0.12945589953920944,-0.12662917375564575,-0.03221389651298523,-0.168123712482668,-0.12422436475753784,-0.02156427502632141,-0.1467856370832692,-0.10012239217758179,-0.033413082361221313,-0.13212784165403946,0.0028648972511291504,-0.04476803541183472,-0.14126006299517258,-0.09345299005508423,0.026298552751541138,-0.17609344953558548,-0.09639286994934082,0.031734615564346313,-0.16373412841818435,-0.07337749004364014,0.006731480360031128,-0.15118103260061844
P,0.0,0.0,0.0,-0.07821643352508545,-0.061563581228256226,-0.02549825842544351,-0.14607924222946167,-0.10490170121192932,-0.06609136658772741,-0.19751670956611633,-0.1138705313205719,-0.10258727568253789,-0.25005465745925903,-0.13599351048469543,-0.1449478273378304,-0.11285001039505005,-0.22589218616485596,-0.11691217917069707,-0.21699652075767517,-0.2023831307888031,-0.174645320056527,-0.2844317555427551,-0.20745202898979187,-0.21526391851767812,-0.3426837921142578,-0.2155570089817047,-0.24502544152602468,-0.06549996137619019,-0.18570935726165771,-0.12955331849917684,-0.19197329878807068,-0.0915076732635498,-0.1873396788822106,-0.2572981119155884,-0.012447923421859741,-0.1995059852586678,-0.30468833446502686,0.040872812271118164,-0.20706316876277242,-0.028065860271453857,-0.11321842670440674,-0.14022986638411794,-0.13517051935195923,-0.025616377592086792,-0.1797679369436196,-0.12920373678207397,-0.01391550898551941,-0.1561204497800759,-0.10396009683609009,-0.02888035774230957,-0.1401618872867516,-0.005873620510101318,-0.03704947233200073,-0.1528877024637154,-0.1025317907333374,0.031083345413208008,-0.18800778734549795,-0.1022024154663086,0.03792089223861694,-0.17325346219405446,-0.0769391655921936,0.014052152633666992,-0.158949137209504
P,0.0,0.0,0.0,-0.07996964454650879,-0.060761481523513794,-0.024341422104498633,-0.14945656061172485,-0.10507473349571228,-0.06272189595665623,-0.20348471403121948,-0.11395615339279175,-0.09673416146006275,-0.25823062658309937,-0.1356337070465088,-0.13660244920220066,-0.11814910173416138,-0.22647973895072937,-0.11200738974775959,-0.22433951497077942,-0.2017175853252411,-0.16661696412529636,-0.2921196222305298,-0.20514380931854248,-0.20652376391853977,-0.35192692279815674,-0.21218731999397278,-0.23661658444370914,-0.06956690549850464,-0.18783089518547058,-0.12436535485949207,-0.19405347108840942,-0.08874186873435974,-0.17994620182480503,-0.2602066993713379,-0.014294743537902832,-0.19495530703034092,-0.3091484308242798,0.037361085414886475,-0.20616682150330234,-0.03030949831008911,-0.11477065086364746,-0.13437342920269657,-0.13718467950820923,-0.02134653925895691,-0.17315568306412388,-0.1316075325012207,-0.012433081865310669,-0.1535509852405994,-0.10670793056488037,-0.028534919023513794,-0.1413567689892261,-0.006869852542877197,-0.03729373216629028,-0.14597896017994572,-0.10602962970733643,0.03465193510055542,-0.18059060254063297,-0.10614049434661865,0.039530277252197266,-0.1676161912914722,-0.08141303062438965,0.012128978967666626,-0.15553598382439304
P,0.0,0.0,0.0,-0.0822717547416687,-0.06305965781211853,-0.0245589297255151,-0.15344837307929993,-0.10801008343696594,-0.06297080032430813,-0.20743027329444885,-0.11548668146133423,-0.09741499833666012,-0.2607231140136719,-0.13205823302268982,-0.1381654646237962,-0.12149137258529663,-0.23074215650558472,-0.11123388819299862,-0.2299121618270874,-0.20313280820846558,-0.1651466097673051,-0.29969191551208496,-0.202509343624115,-0.20497319660984203,-0.3613084554672241,-0.20688700675964355,-0.23528336547218487,-0.07084226608276367,-0.1898205578327179,-0.12440461479030773,-0.20146965980529785,-0.08648639917373657,-0.17788711748920605,-0.2692475914955139,-0.009568274021148682,-0.1925875004371278,-0.3188821077346802,0.043272435665130615,-0.20432432554565594,-0.029294133186340332,-0.1138303279876709,-0.13523558340870068,-0.14192503690719604,-0.016605108976364136,-0.17352843843303845,-0.13535720109939575,-0.0047848522663116455,-0.1541300024827592,-0.10936450958251953,-0.020889192819595337,-0.1423000749190919,-0.0032466650009155273,-0.03344091773033142,-0.14761746488414929,-0.10727965831756592,0.04113572835922241,-0.1825479324897401,-0.10640984773635864,0.04912388324737549,-0.16883518360458538,-0.08022177219390869,0.02359837293624878,-0.1562630888064973
P,0.0,0.0,0.0,-0.08519101142883301,-0.06453660130500793,-0.025861782256129118,-0.15809381008148193,-0.10942882299423218,-0.06639784877336297,-0.2139723002910614,-0.11768147349357605,-0.10291306232250008,-0.2690030336380005,-0.13707736134529114,-0.14553196285999093,-0.12517213821411133,-0.23588776588439941,-0.11514098500049386,-0.2327776551246643,-0.20651105046272278,-0.17094723438060555,-0.30350005626678467,-0.20595049858093262,-0.2119954631212977,-0.3666456341743469,-0.20978298783302307,-0.24335906957423958,-0.07366716861724854,-0.19529905915260315,-0.12833988224303994,-0.2049153745174408,-0.09078192710876465,-0.18400698457992348,-0.27560216188430786,-0.014016121625900269,-0.19933203910625252,-0.3287732005119324,0.03934606909751892,-0.21192505513465676,-0.031495869159698486,-0.11926999688148499,-0.1392553255442408,-0.14657536149024963,-0.021198898553848267,-0.1785622194889811,-0.13857632875442505,-0.007527381181716919,-0.15791235421932015,-0.11118805408477783,-0.022344499826431274,-0.1456342146281031,-0.005606472492218018,-0.038703590631484985,-0.1519557491425303,-0.11180192232131958,0.03599521517753601,-0.18687481735980782,-0.11082029342651367,0.0458206832408905,-0.1726406023386744,-0.08348226547241211,0.020931929349899292,-0.16016564821040902
P,0.0,0.0,0.0,-0.08749276399612427,-0.06101745367050171,-0.029265655937138035,-0.16418194770812988,-0.10400247573852539,-0.07158364615077062,-0.22304761409759521,-0.1072242259979248,-0.10918174943560643,-0.2815397381782532,-0.12667733430862427,-0.15343020370835347,-0.13782629370689392,-0.22823473811149597,-0.12271632513636632,-0.24822181463241577,-0.19635820388793945,-0.18105914703244252,-0.31872326135635376,-0.19533517956733704,-0.2242231469475655,-0.38344278931617737,-0.19875892996788025,-0.2573991667353539,-0.08285373449325562,-0.18776512145996094,-0.1351859371983437,-0.21731483936309814,-0.07736197113990784,-0.19539755097264333,-0.28583306074142456,0.0010840892791748047,-0.2144912432753472,-0.33873650431632996,0.055133700370788574,-0.2295935254418282,-0.037400007247924805,-0.11158913373947144,-0.1449956547343163,-0.15368303656578064,-0.0034464895725250244,-0.18683084359997792,-0.1410883367061615,0.00676804780960083,-0.16739013305539174,-0.11196482181549072,-0.014488250017166138,-0.15618101766938253,-0.00894850492477417,-0.031046748161315918,-0.1566945563876061,-0.11447054147720337,0.051553308963775635,-0.19340833536023183,-0.10947936773300171,0.05560266971588135,-0.17963183930748983,-0.08047276735305786,0.02255958318710327,-0.16778800896042867
P,0.0,0.0,0.0,-0.08613508939743042,-0.06373921036720276,-0.023959061795721937,-0.16339758038520813,-0.11201727390289307,-0.06324671834136097,-0.2234271764755249,-0.12058091163635254,-0.09936603038931935,-0.2824413776397705,-0.13609132170677185,-0.1423131215515241,-0.13713359832763672,-0.23691591620445251,-0.11238556235457509,-0.24902784824371338,-0.2073986828327179,-0.16676549493695347,-0.32197898626327515,-0.20897135138511658,-0.2058032441082105,-0.38734787702560425,-0.2142357975244522,-0.23602960883999913,-0.08370941877365112,-0.19795608520507812,-0.12792615472699254,-0.21942293643951416,-0.08285897970199585,-0.18417094528103917,-0.2876560091972351,-0.0043596625328063965,-0.19937747597123234,-0.3383900225162506,0.04698088765144348,-0.2114305633249387,-0.03719663619995117,-0.12220928072929382,-0.1410555827560529,-0.15624216198921204,-0.01438915729522705,-0.18213356911564915,-0.14582735300064087,-0.0074901282787323,-0.1620986449661359,-0.1185958981513977,-0.03147423267364502,-0.14973409354115574,-0.006560206413269043,-0.04088681936264038,-0.1557142126503095,-0.11432474851608276,0.04054245352745056,-0.19301122307206242,-0.11072391271591187,0.041565388441085815,-0.17949813484574406,-0.08354002237319946,0.006144464015960693,-0.1670585113706693
P,0.0,0.0,0.0,-0.09189975261688232,-0.06659966707229614,-0.026151732745802292,-0.1676451563835144,-0.11791270971298218,-0.06432599129084338,-0.22688421607017517,-0.13103196024894714,-0.09927416147593249,-0.2828368544578552,-0.14505425095558167,-0.14058843554857958,-0.13612276315689087,-0.24306362867355347,-0.11108085067871798,-0.24805372953414917,-0.21488800644874573,-0.1683916032493471,-0.3208862543106079,-0.21622757613658905,-0.2089472890079378,-0.3866973966360092,-0.22055305540561676,-0.23913881482485522,-0.08186858892440796,-0.20520912110805511,-0.1267256915748476,-0.21629443764686584,-0.08905044198036194,-0.18778737189177264,-0.28752800822257996,-0.003107607364654541,-0.20430480243567217,-0.33929526805877686,0.057347238063812256,-0.21486731173399676,-0.035730063915252686,-0.12845560908317566,-0.14070703389052142,-0.15298938751220703,-0.014447331428527832,-0.18661651315096606,-0.14605703949928284,-0.0036006569862365723,-0.16772122980955828,-0.12184035778045654,-0.02573150396347046,-0.1537090122878908,-0.005530297756195068,-0.04348531365394592,-0.1565786630094408,-0.11417937278747559,0.04579442739486694,-0.19624825121763934,-0.11409634351730347,0.050200700759887695,-0.18302469255331744,-0.08952111005783081,0.015811681747436523,-0.16920751633051623
P,0.0,0.0,0.0,-0.09345823526382446,-0.06581291556358337,-0.024849409325156557,-0.1760440468788147,-0.11704927682876587,-0.06410878719213997,-0.2400633990764618,-0.12384876608848572,-0.10046028913382088,-0.2994682192802429,-0.1309758424758911,-0.14392588855150734,-0.14417234063148499,-0.24187877774238586,-0.11452516735914742,-0.2621288597583771,-0.2106987088918686,-0.1723443997037748,-0.3363710641860962,-0.20889030396938324,-0.21324777425650154,-0.40347781777381897,-0.21190112829208374,-0.24414744795683418,-0.08920377492904663,-0.19826647639274597,-0.13214440466288124,-0.23120468854904175,-0.08590644598007202,-0.19417166532400643,-0.3030189275741577,0.000417172908782959,-0.21215767980936562,-0.35587799549102783,0.0600222647190094,-0.22450408162001168,-0.04276776313781738,-0.1177777349948883,-0.14759710253599678,-0.16602563858032227,-0.008082151412963867,-0.19560810746077095,-0.1558132767677307,0.006910443305969238,-0.17892102719667946,-0.12853986024856567,-0.011931300163269043,-0.1667896938455442,-0.012718737125396729,-0.030690133571624756,-0.16441617728594338,-0.12392592430114746,0.05106028914451599,-0.20652563692453896,-0.1205064058303833,0.05499309301376343,-0.19472437919500862,-0.09277242422103882,0.0211336612701416,-0.18223771275404488
P,0.0,0.0,0.0,-0.0872144103050232,-0.07407554984092712,-0.030246754445357737,-0.17027407884597778,-0.12904533743858337,-0.07788293369881671,-0.23425143957138062,-0.1363300085067749,-0.1214267120587067,-0.2901993989944458,-0.1386442482471466,-0.17308502950541538,-0.1474485993385315,-0.24712926149368286,-0.13733544506899875,-0.2673136591911316,-0.21886911988258362,-0.2035097733961777,-0.3427157998085022,-0.2249540388584137,-0.2516091720091538,-0.4122082591056824,-0.2326517552137375,-0.28880610623232883,-0.0891880989074707,-0.20526787638664246,-0.15349345960490268,-0.23610299825668335,-0.09366375207901001,-0.22254690089098972,-0.3081129491329193,-0.006535738706588745,-0.24220859565608066,-0.3617304563522339,0.053664982318878174,-0.2569063261973099,-0.040967464447021484,-0.12381961941719055,-0.16678693451754611,-0.17390286922454834,-0.012965232133865356,-0.2135311768280701,-0.15906178951263428,-0.0005699098110198975,-0.18973090805880588,-0.12467461824417114,-0.02191784977912903,-0.17498388447634738,-0.010750651359558105,-0.035966336727142334,-0.18233461239211124,-0.12995022535324097,0.04964682459831238,-0.22264740922324222,-0.12226605415344238,0.0524650514125824,-0.20698669113986057,-0.08790761232376099,0.01551780104637146,-0.19332921066157382
P,0.0,0.0,0.0,-0.09318464994430542,-0.07250386476516724,-0.0318038703835839,-0.1783519983291626,-0.13232284784317017,-0.07752903718122184,-0.24450480937957764,-0.14760830998420715,-0.11939145046838462,-0.305197536945343,-0.16017693281173706,-0.16883584279187858,-0.14303433895111084,-0.2567521333694458,-0.13020276445516288,-0.2643083930015564,-0.23517227172851562,-0.19453557747968375,-0.34282052516937256,-0.2430669516324997,-0.24016148764260947,-0.4146917760372162,-0.2519882023334503,-0.27487046438821494,-0.08665299415588379,-0.21456465125083923,-0.1462387533820504,-0.23580124974250793,-0.10432496666908264,-0.21589473802217185,-0.3106674551963806,-0.015551149845123291,-0.2358351590073937,-0.36636465787887573,0.04553386569023132,-0.2494068236983651,-0.039766669273376465,-0.1328141689300537,-0.16014447230466544,-0.17276352643966675,-0.023352831602096558,-0.21075637060769736,-0.15791290998458862,-0.010470539331436157,-0.19090733844407737,-0.12517189979553223,-0.032065629959106445,-0.1772584112323159,-0.009981334209442139,-0.043644070625305176,-0.17621246892579734,-0.12858468294143677,0.04180431365966797,-0.21912884134420096,-0.12133049964904785,0.04498493671417236,-0.20561617035039603,-0.08847743272781372,0.008110761642456055,-0.19263794440396964
P,0.0,0.0,0.0,-0.09764605760574341,-0.07613480091094971,-0.02979004107004357,-0.18278926610946655,-0.1408061385154724,-0.07290139890795899,-0.24949359893798828,-0.16050919890403748,-0.11254352427607728,-0.3116344213485718,-0.17757293581962585,-0.1595502132881279,-0.13939785957336426,-0.27073922753334045,-0.12310590691453172,-0.26503270864486694,-0.24764278531074524,-0.18619074768906785,-0.3473135232925415,-0.25588399171829224,-0.23143140323048783,-0.4196310341358185,-0.26629653573036194,-0.26558875388985825,-0.08365416526794434,-0.2254592776298523,-0.13942790872937394,-0.2359473705291748,-0.11092573404312134,-0.20677021987324906,-0.31610649824142456,-0.021075069904327393,-0.2249179417598839,-0.3734242022037506,0.039354920387268066,-0.23699047512894822,-0.037429630756378174,-0.13989627361297607,-0.15403080828076554,-0.17202821373939514,-0.03072679042816162,-0.2057519341219063,-0.16509515047073364,-0.018350183963775635,-0.18616771049386216,-0.13570523262023926,-0.0379200279712677,-0.17176438219433976,-0.00910717248916626,-0.0468137264251709,-0.17063168532735062,-0.12838786840438843,0.03706866502761841,-0.21636796839123917,-0.12689322233200073,0.03829681873321533,-0.20411186761742783,-0.09663981199264526,0.0006875395774841309,-0.19079568333512498
P,0.0,0.0,0.0,-0.09556865692138672,-0.07746732234954834,-0.03220465016056551,-0.18232572078704834,-0.13871809840202332,-0.07924330588866724,-0.2513265609741211,-0.15175512433052063,-0.12205377575446619,-0.3172007203102112,-0.16790208220481873,-0.17267620172788156,-0.14965945482254028,-0.27481137216091156,-0.13418630864907755,-0.27867764234542847,-0.24803702533245087,-0.2008106520443107,-0.3613349199295044,-0.2572592794895172,-0.2511381914882804,-0.434515118598938,-0.269869327545166,-0.28999261167336954,-0.09059447050094604,-0.22753821313381195,-0.1504082342653419,-0.2481311857700348,-0.106964111328125,-0.22299177553941263,-0.32948410511016846,-0.01865103840827942,-0.24714342859078897,-0.3899005651473999,0.04166698455810547,-0.2642052879600669,-0.04023885726928711,-0.13915225863456726,-0.1639541348486091,-0.18093574047088623,-0.027937620878219604,-0.2152227124242927,-0.16566085815429688,-0.016787737607955933,-0.19488848355103983,-0.13045638799667358,-0.0392078161239624,-0.18183630314160837,-0.008335113525390625,-0.04495769739151001,-0.17971954849053873,-0.13486945629119873,0.03984758257865906,-0.22391615417291177,-0.13026893138885498,0.04413643479347229,-0.20933830347348703,-0.09671837091445923,0.00667572021484375,-0.1957396676807548
P,0.0,0.0,0.0,-0.09920912981033325,-0.07308951020240784,-0.03172015464440392,-0.18922895193099976,-0.13629889488220215,-0.07755049756303833,-0.26023030281066895,-0.15623387694358826,-0.11954681268468903,-0.3298029601573944,-0.17965981364250183,-0.16892662337556885,-0.1516856551170349,-0.2821635603904724,-0.1305867253853421,-0.27985528111457825,-0.2617340683937073,-0.1968510418249707,-0.36379361152648926,-0.27315911650657654,-0.24527789345518158,-0.43919897079467773,-0.28688348829746246,-0.2829498915983777,-0.09473526477813721,-0.23541542887687683,-0.14900088003412293,-0.25400543212890625,-0.11866426467895508,-0.2233451425148587,-0.3367774486541748,-0.02521657943725586,-0.24744571438566254,-0.39894118905067444,0.04001891613006592,-0.26420107177034424,-0.04739612340927124,-0.14603319764137268,-0.16519832304254578,-0.1892630159854889,-0.029124736785888672,-0.22100148788229035,-0.1690279245376587,-0.010786712169647217,-0.20197115531698273,-0.13223528861999512,-0.03176689147949219,-0.18883275678888367,-0.016964972019195557,-0.04990708827972412,-0.18336903742090271,-0.14366376399993896,0.041877686977386475,-0.23066714099184082,-0.13413888216018677,0.05133545398712158,-0.21702700546518372,-0.09922635555267334,0.015143811702728271,-0.20377279511228608
P,0.0,0.0,0.0,-0.10112684965133667,-0.08421114087104797,-0.03154195085323863,-0.18843141198158264,-0.15246251225471497,-0.07978673637069278,-0.2572721838951111,-0.17361950874328613,-0.12405111253417545,-0.3238409161567688,-0.19094380736351013,-0.1765569856778484,-0.14792680740356445,-0.2963358163833618,-0.1373130193368297,-0.2780587077140808,-0.2751343548297882,-0.20276781529344134,-0.3631834387779236,-0.28611616790294647,-0.24909692615426593,-0.4371941387653351,-0.29981565475463867,-0.285138960780273,-0.0866813063621521,-0.24460095167160034,-0.15604753405011706,-0.250417023897171,-0.12886402010917664,-0.2269170394555431,-0.3360811471939087,-0.03693452477455139,-0.2457272073642116,-0.3977375626564026,0.026749640703201294,-0.25927444905198627,-0.036041259765625,-0.14974436163902283,-0.17237811893380695,-0.18155580759048462,-0.03761431574821472,-0.22659009307778888,-0.16985052824020386,-0.025099724531173706,-0.20568759352124744,-0.13453418016433716,-0.04515889286994934,-0.19154294938005023,-0.0033935904502868652,-0.04956057667732239,-0.1905938199178081,-0.13550031185150146,0.039084285497665405,-0.23878120988763385,-0.13121908903121948,0.04447707533836365,-0.22545307487405353,-0.09616893529891968,0.009704262018203735,-0.21218001455224567
P,0.0,0.0,0.0,-0.09683454036712646,-0.08897769451141357,-0.03263302117676403,-0.1865631341934204,-0.16145020723342896,-0.08195835322231915,-0.2611429691314697,-0.1822352111339569,-0.12716174095959332,-0.3304920196533203,-0.1944844126701355,-0.18056477576584484,-0.14460676908493042,-0.3027939796447754,-0.13967199593872692,-0.2836765944957733,-0.28364433348178864,-0.2063868936905351,-0.37079334259033203,-0.29689112305641174,-0.254120453895041,-0.44805267453193665,-0.3121749758720398,-0.2909791317591157,-0.08831626176834106,-0.24858078360557556,-0.15704400807709362,-0.2591058015823364,-0.1278567612171173,-0.2302290645250764,-0.34969085454940796,-0.03532853722572327,-0.25132097274155285,-0.41682708263397217,0.027374744415283203,-0.2663182464251008,-0.042233824729919434,-0.1524914801120758,-0.17155310481876995,-0.19059473276138306,-0.039107441902160645,-0.2254792299875703,-0.17039966583251953,-0.030472546815872192,-0.20541912287563946,-0.13037461042404175,-0.05560964345932007,-0.1923579570660081,-0.012869596481323242,-0.052836060523986816,-0.18788802594036724,-0.14405137300491333,0.030951857566833496,-0.23412698477596905,-0.13484632968902588,0.03306877613067627,-0.21962794631809857,-0.09742933511734009,-0.007595360279083252,-0.20600575178951885
P,0.0,0.0,0.0,-0.10460090637207031,-0.08905130624771118,-0.03418003121902302,-0.19381123781204224,-0.1598147749900818,-0.08519953961064175,-0.26296645402908325,-0.1868712306022644,-0.1319404664128001,-0.3296331763267517,-0.2116718888282776,-0.1867810460417445,-0.14150851964950562,-0.31412048637866974,-0.14223427797247723,-0.2795429229736328,-0.2925216853618622,-0.21297476912428692,-0.3704307973384857,-0.3096950203180313,-0.26407949353148297,-0.4485492706298828,-0.32697445154190063,-0.30296639824797467,-0.08134478330612183,-0.2625359296798706,-0.15996913338591412,-0.25415414571762085,-0.13586652278900146,-0.23225715483118847,-0.3438207805156708,-0.04416370391845703,-0.2497858228771861,-0.4101191759109497,0.014988481998443604,-0.2623697640984233,-0.03144490718841553,-0.16554227471351624,-0.17574612523009137,-0.1858510971069336,-0.044418394565582275,-0.227867660173672,-0.16723567247390747,-0.037325263023376465,-0.20219039643694714,-0.12713462114334106,-0.06396391987800598,-0.185864788541096,0.00024372339248657227,-0.06229788064956665,-0.19420549000193432,-0.13453513383865356,0.02635091543197632,-0.2407763573019679,-0.12837839126586914,0.0282440185546875,-0.2243983271210368,-0.09194314479827881,-0.012872546911239624,-0.20914756978442028
P,0.0,0.0,0.0,-0.09933388233184814,-0.09439396858215332,-0.03679509904640099,-0.18835759162902832,-0.16916847229003906,-0.08906778764384171,-0.2622259259223938,-0.18371814489364624,-0.13612914156573197,-0.33363473415374756,-0.1932094395160675,-0.1918430484499254,-0.14883047342300415,-0.3150147944688797,-0.15004764568465134,-0.2973681390285492,-0.2892717719078064,-0.2216274745430269,-0.3878026604652405,-0.29971522092819214,-0.27411396872656724,-0.4694637060165405,-0.31433092057704926,-0.31419558894293687,-0.0873633623123169,-0.2549603283405304,-0.1669864810671129,-0.26535868644714355,-0.1327018141746521,-0.242932365056447,-0.35674771666526794,-0.0439644455909729,-0.26626999747412583,-0.426403671503067,0.013485968112945557,-0.2833199955190935,-0.03678816556930542,-0.1526808738708496,-0.18113775622504136,-0.1882663369178772,-0.03518909215927124,-0.23560844432967087,-0.16788703203201294,-0.03168201446533203,-0.21614067327635667,-0.12772685289382935,-0.06369128823280334,-0.20451755892889878,-0.0048291683197021484,-0.04635876417160034,-0.19745698642390153,-0.14039593935012817,0.03657478094100952,-0.24279341172831437,-0.1313210129737854,0.0350605845451355,-0.22639384936945817,-0.09224599599838257,-0.009329438209533691,-0.21230970394270798
P,0.0,0.0,0.0,-0.10277563333511353,-0.09284180402755737,-0.03406024326835677,-0.19413769245147705,-0.16826671361923218,-0.08430508499299094,-0.26772984862327576,-0.19033628702163696,-0.1298793328300576,-0.3381635546684265,-0.2161921262741089,-0.18371949319993064,-0.1480107307434082,-0.3269171565771103,-0.14551805679951713,-0.29207703471183777,-0.3060469925403595,-0.21774417882119224,-0.384732186794281,-0.31908345222473145,-0.27193730299626395,-0.46937164664268494,-0.33332018554210663,-0.3138182682291131,-0.08734959363937378,-0.27205899357795715,-0.163917071868525,-0.2638145685195923,-0.1449049413204193,-0.2404466492429833,-0.356334924697876,-0.0497111976146698,-0.26526968901310966,-0.4279385507106781,0.01493692398071289,-0.28379025285397574,-0.03757244348526001,-0.17021888494491577,-0.17945168142472312,-0.19325584173202515,-0.0471612811088562,-0.2330100608364205,-0.16809052228927612,-0.037945568561553955,-0.21185199146424338,-0.12386786937713623,-0.06639626622200012,-0.19983921175156638,-0.006741166114807129,-0.0623093843460083,-0.1972444427505593,-0.14481163024902344,0.02897423505783081,-0.2434000891939263,-0.13376033306121826,0.033671796321868896,-0.22715619926606223,-0.09274536371231079,-0.008878886699676514,-0.21313760404740378
P,0.0,0.0,0.0,-0.10457861423492432,-0.10166725516319275,-0.03740795449527923,-0.19214779138565063,-0.1813226044178009,-0.09098894269379798,-0.2626745104789734,-0.2040669023990631,-0.13940765083941642,-0.33150458335876465,-0.22147220373153687,-0.1967761528602523,-0.14208519458770752,-0.3370639681816101,-0.15114952744158927,-0.284472793340683,-0.3159048408269882,-0.2243940991273803,-0.37846624851226807,-0.32910479605197906,-0.2774156940093917,-0.46203041076660156,-0.3434767872095108,-0.31748321772727195,-0.07664579153060913,-0.27702796459198,-0.16881926478060905,-0.2588033378124237,-0.15340262651443481,-0.24597817779692832,-0.3546053171157837,-0.05656915903091431,-0.2669302535167617,-0.42562833428382874,0.010152161121368408,-0.2811950755229873,-0.02427428960800171,-0.17139700055122375,-0.1840808552614135,-0.18336737155914307,-0.05570146441459656,-0.24054677904757682,-0.16502410173416138,-0.051550090312957764,-0.21732160569342795,-0.12343722581863403,-0.08012345433235168,-0.20182176054629508,0.007850468158721924,-0.061089932918548584,-0.2017142039647979,-0.13436180353164673,0.02277505397796631,-0.24936799825343314,-0.1286129355430603,0.02257615327835083,-0.2314145726076049,-0.08977895975112915,-0.019878298044204712,-0.21500475824984733
P,0.0,0.0,0.0,-0.10437929630279541,-0.09795820713043213,-0.034867802251937974,-0.1935153603553772,-0.17439112067222595,-0.08597072361862956,-0.2677344083786011,-0.19688326120376587,-0.13222717641747295,-0.3411547541618347,-0.21889132261276245,-0.18661812840855418,-0.14909833669662476,-0.3323143273591995,-0.14275918303883373,-0.29833656549453735,-0.3059719502925873,-0.21148903070843517,-0.3900953531265259,-0.31463995575904846,-0.26028550564205943,-0.4710571765899658,-0.32885803282260895,-0.2970972448483735,-0.08857786655426025,-0.2678839862346649,-0.16066212355053722,-0.2713238298892975,-0.1476694941520691,-0.2329590409890443,-0.36591219902038574,-0.05396926403045654,-0.25265778004086314,-0.4357607066631317,0.007283806800842285,-0.2662222176686555,-0.03951185941696167,-0.16152825951576233,-0.17613715826428233,-0.193179190158844,-0.04905301332473755,-0.22939070462143718,-0.17417114973068237,-0.04349035024642944,-0.20761484800732433,-0.13351678848266602,-0.07348915934562683,-0.19359082876599132,-0.007805049419403076,-0.05190598964691162,-0.19373292623913585,-0.14403891563415527,0.028300106525421143,-0.23769932388222514,-0.13687819242477417,0.03015655279159546,-0.21946074961579143,-0.09897655248641968,-0.010367274284362793,-0.20335126816189586
P,0.0,0.0,0.0,-0.10408103466033936,-0.09492048621177673,-0.03631887274394785,-0.1920849084854126,-0.17101046442985535,-0.0896760753036574,-0.26426857709884644,-0.1954704225063324,-0.13843751760731493,-0.3380996882915497,-0.2273607850074768,-0.19518376203785692,-0.13937890529632568,-0.3300553858280182,-0.1498184433818892,-0.2867499589920044,-0.3166481554508209,-0.22353798958073412,-0.3834158182144165,-0.3287584036588669,-0.2755787155271605,-0.4684542417526245,-0.3431077152490616,-0.31481624456654345,-0.07805818319320679,-0.27271169424057007,-0.1689813515783385,-0.2571958303451538,-0.15749287605285645,-0.2475408098341063,-0.35461175441741943,-0.06496745347976685,-0.26961002560864245,-0.42552852630615234,-0.002313852310180664,-0.28463632675419603,-0.027399539947509766,-0.1705678105354309,-0.18581520828018938,-0.18388450145721436,-0.05517899990081787,-0.24275688143978869,-0.16731184720993042,-0.04586923122406006,-0.2191657802702025,-0.12672919034957886,-0.07110032439231873,-0.2036061516643599,0.0031285881996154785,-0.06221848726272583,-0.2053018740058974,-0.13859868049621582,0.025873303413391113,-0.25442553373585497,-0.13504624366760254,0.031954288482666016,-0.2380145123840407,-0.09784471988677979,-0.004549801349639893,-0.22252146216641222
P,0.0,0.0,0.0,-0.10297626256942749,-0.1019602119922638,-0.03686078471059773,-0.18752312660217285,-0.18383917212486267,-0.0886588824998853,-0.2595673203468323,-0.20867109298706055,-0.13539384138698551,-0.33042365312576294,-0.22979295253753662,-0.19046516549701664,-0.1386091113090515,-0.3384454697370529,-0.14532556963081333,-0.28704917430877686,-0.31839755177497864,-0.21603506636733982,-0.38047364354133606,-0.3296101242303848,-0.26601071488971684,-0.46336305141448975,-0.34533171355724335,-0.30370496046657536,-0.07461667060852051,-0.27802257239818573,-0.1624992771160123,-0.2595047354698181,-0.15487071871757507,-0.23630432617778752,-0.35540351271629333,-0.06133615970611572,-0.2561543120157239,-0.4267956018447876,-0.0001195073127746582,-0.27005188000316593,-0.02277451753616333,-0.17271968722343445,-0.17757506501789067,-0.17984384298324585,-0.055659472942352295,-0.23182041776294682,-0.1624603271484375,-0.04680764675140381,-0.21060056817646,-0.12272405624389648,-0.0735500156879425,-0.19708342683429692,0.009112656116485596,-0.06253275275230408,-0.1950092298995969,-0.1306701898574829,0.021779239177703857,-0.24055193197841618,-0.12521237134933472,0.025397539138793945,-0.22404320371265385,-0.08762198686599731,-0.013242900371551514,-0.20930243861789677
P,0.0,0.0,0.0,-0.104339599609375,-0.10295093059539795,-0.03698364846837876,-0.19110482931137085,-0.18170064687728882,-0.09040198304188607,-0.2630540728569031,-0.20345738530158997,-0.13844702966940758,-0.3339894413948059,-0.22277617454528809,-0.19492176004183648,-0.14200693368911743,-0.33905863761901855,-0.14987805314791558,-0.2884772717952728,-0.31640899181365967,-0.22327725418341515,-0.38290393352508545,-0.32818853855133057,-0.2758656872106826,-0.4677483141422272,-0.3439001888036728,-0.31492493875754235,-0.0774221420288086,-0.27920962870121,-0.1673267764641082,-0.26315802335739136,-0.1547289490699768,-0.2430876327348983,-0.3608357906341553,-0.05712270736694336,-0.26265339382422326,-0.43343567848205566,0.009886860847473145,-0.27496842869055627,-0.026777923107147217,-0.17167377471923828,-0.18230716713202355,-0.18463939428329468,-0.05593019723892212,-0.2358586473060882,-0.16573047637939453,-0.05277016758918762,-0.2108991427017486,-0.12418866157531738,-0.08418929576873779,-0.1941563618971145,0.0028914213180541992,-0.058581769466400146,-0.19983348079455254,-0.1369490623474121,0.023618340492248535,-0.24491947718394158,-0.13205069303512573,0.024737894535064697,-0.22509640284312127,-0.0933692455291748,-0.016116589307785034,-0.206880463440541
P,0.0,0.0,0.0,-0.10317343473434448,-0.09912914037704468,-0.03661284028447653,-0.189414381980896,-0.17569637298583984,-0.09130489258922125,-0.26144567131996155,-0.19790834188461304,-0.14072456388629462,-0.3357941508293152,-0.2239571213722229,-0.19870393901027228,-0.14494019746780396,-0.3280404955148697,-0.15469563930190589,-0.2923053801059723,-0.31158724427223206,-0.23042190997756506,-0.38647592067718506,-0.323671892285347,-0.2837784233585694,-0.47189560532569885,-0.33828817307949066,-0.3231979849830964,-0.08061665296554565,-0.27152059972286224,-0.17218745677627112,-0.2669643759727478,-0.14611071348190308,-0.24876109688437964,-0.36287540197372437,-0.050129443407058716,-0.2669480386272767,-0.4359437823295593,0.012873053550720215,-0.2789646330372193,-0.029179275035858154,-0.16659706830978394,-0.18716927795566107,-0.18486541509628296,-0.046818166971206665,-0.2402865233913758,-0.16648316383361816,-0.04066005349159241,-0.21285709171451117,-0.12652677297592163,-0.0702645480632782,-0.1951897385612824,0.0018119215965270996,-0.05573955178260803,-0.2048044744030335,-0.13489371538162231,0.032280027866363525,-0.2500248196617463,-0.1302158236503601,0.03422456979751587,-0.23020859985507514,-0.09352737665176392,-0.00626826286315918,-0.21239591567672278
P,0.0,0.0,0.0,-0.10358768701553345,-0.10071796178817749,-0.0335665631230313,-0.18909305334091187,-0.18019849061965942,-0.08445616319136207,-0.26395779848098755,-0.2061900496482849,-0.1311569164629418,-0.3380017578601837,-0.22502833604812622,-0.18605143829540793,-0.14303505420684814,-0.3346930295228958,-0.14080079897598807,-0.2876799404621124,-0.3175256997346878,-0.21310854955868308,-0.38149839639663696,-0.3285972625017166,-0.26472180589394156,-0.46566540002822876,-0.3414291739463806,-0.3029125283594567,-0.08197230100631714,-0.27860283851623535,-0.1589877258177239,-0.26238688826560974,-0.15330776572227478,-0.23316958054260795,-0.3577720522880554,-0.05662846565246582,-0.2521463583345849,-0.4290042221546173,0.008038103580474854,-0.2645485053892571,-0.03160369396209717,-0.17558807134628296,-0.17516855403141562,-0.18569958209991455,-0.05594104528427124,-0.22845026358322684,-0.16815155744552612,-0.0488220751285553,-0.2046963374252755,-0.12898600101470947,-0.07676413655281067,-0.18905929728703086,-0.0007097125053405762,-0.06661224365234375,-0.1938097427721459,-0.1370835304260254,0.023137927055358887,-0.23930295809464042,-0.13272881507873535,0.027475178241729736,-0.22203009828285758,-0.09631776809692383,-0.010759532451629639,-0.2059499274130303
P,0.0,0.0,0.0,-0.10258883237838745,-0.09879061579704285,-0.03545227050329913,-0.18928492069244385,-0.17236849665641785,-0.08999918177272548,-0.2619854211807251,-0.1925019919872284,-0.13972165211583842,-0.33676302433013916,-0.21829181909561157,-0.19782831295873393,-0.14661216735839844,-0.32677891850471497,-0.15317957624341716,-0.2896362841129303,-0.31050625443458557,-0.22917105778600444,-0.3828043043613434,-0.320951908826828,-0.2826139979019331,-0.46669068932533264,-0.33387675881385803,-0.3214689247265028,-0.0836259126663208,-0.26965728402137756,-0.17119706198121776,-0.26278936862945557,-0.14517992734909058,-0.24957137330915202,-0.36020219326019287,-0.049873918294906616,-0.26886275931741466,-0.432740718126297,0.01638251543045044,-0.28085348531152476,-0.0317310094833374,-0.16682931780815125,-0.18668571635629405,-0.18332821130752563,-0.05033111572265625,-0.2414007388010191,-0.1692953109741211,-0.04657101631164551,-0.21500897928621043,-0.13155722618103027,-0.07448020577430725,-0.19706680401708354,0.001345515251159668,-0.05953267216682434,-0.2047403953924345,-0.13616693019866943,0.026024341583251953,-0.2506974093570875,-0.13546621799468994,0.02696406841278076,-0.23155431970502605,-0.10065382719039917,-0.01166599988937378,-0.2136294595852064
P,0.0,0.0,0.0,-0.1045793890953064,-0.09721651673316956,-0.03794632164994027,-0.1919291615486145,-0.16967257857322693,-0.09232649265089776,-0.2646346092224121,-0.1892831027507782,-0.14187224267283227,-0.3373907208442688,-0.21054592728614807,-0.19946162460604455,-0.1494983434677124,-0.32344144582748413,-0.14859263656893518,-0.2923222780227661,-0.30368512868881226,-0.2214392727450445,-0.38498035073280334,-0.31461869180202484,-0.27234458981314447,-0.46559879183769226,-0.3270019292831421,-0.30992391763487603,-0.08699232339859009,-0.264652356505394,-0.16526128409662988,-0.2631714642047882,-0.14621207118034363,-0.24351187108317163,-0.3580079674720764,-0.04997563362121582,-0.26414147077360894,-0.4276849329471588,0.015511810779571533,-0.2769677346781805,-0.03548920154571533,-0.16396963596343994,-0.17980489192763116,-0.1889532208442688,-0.048280537128448486,-0.2351738816336706,-0.17077988386154175,-0.039258480072021484,-0.2116600876883581,-0.1295771598815918,-0.06501227617263794,-0.19562657235422876,-0.0028844475746154785,-0.05963292717933655,-0.19704541621962335,-0.14095956087112427,0.02833998203277588,-0.241148517115505,-0.13561832904815674,0.03291881084442139,-0.22308223007479455,-0.09766930341720581,-0.005001842975616455,-0.20694010017672326
P,0.0,0.0,0.0,-0.10687994956970215,-0.09173387289047241,-0.036743123385235776,-0.19416260719299316,-0.1647459864616394,-0.09011647135309886,-0.2645863890647888,-0.18746697902679443,-0.1388645622163267,-0.33456820249557495,-0.21262866258621216,-0.19588395983271312,-0.14523732662200928,-0.31948626041412354,-0.14987883001856517,-0.28800928592681885,-0.30106592178344727,-0.22348576814226817,-0.37956878542900085,-0.31196945905685425,-0.27499532729677867,-0.4602421522140503,-0.32500919699668884,-0.31315609842829417,-0.0824655294418335,-0.26384690403938293,-0.16815556615881633,-0.2549789249897003,-0.1451399028301239,-0.2480341646104307,-0.34681710600852966,-0.04855397343635559,-0.2698957327037306,-0.41360583901405334,0.019038498401641846,-0.2834311428695173,-0.0312463641166687,-0.1650846302509308,-0.1840979161887617,-0.18368321657180786,-0.04729381203651428,-0.24218393892340373,-0.16758489608764648,-0.03897163271903992,-0.21944786638312053,-0.12884098291397095,-0.06559774279594421,-0.2033341828017683,0.00043845176696777344,-0.06116291880607605,-0.20256122976832103,-0.13675254583358765,0.025618433952331543,-0.25049415260843944,-0.13186794519424438,0.0280381441116333,-0.2337645593314619,-0.09436225891113281,-0.011924773454666138,-0.21771752864412974
P,0.0,0.0,0.0,-0.10117548704147339,-0.09673509001731873,-0.03148343020535549,-0.18589597940444946,-0.17179834842681885,-0.08109597095705112,-0.25579893589019775,-0.1980869174003601,-0.12687730768180927,-0.32765379548072815,-0.225154846906662,-0.18054223039604267,-0.14045053720474243,-0.3215911388397217,-0.13753986337638935,-0.28312280774116516,-0.3066897690296173,-0.20793639102436146,-0.37492531538009644,-0.3168186545372009,-0.2578153161094292,-0.45574793219566345,-0.3272116780281067,-0.2943554965541466,-0.07871508598327637,-0.26720499992370605,-0.15587359645820698,-0.2534003257751465,-0.14990493655204773,-0.22800245860076984,-0.34660953283309937,-0.0545048713684082,-0.24553292968727192,-0.41540440917015076,0.009571492671966553,-0.2567866591498955,-0.02844369411468506,-0.16944542527198792,-0.1721439955518349,-0.17819619178771973,-0.05688279867172241,-0.22390654662109455,-0.16510891914367676,-0.048423707485198975,-0.1984809336946114,-0.1288771629333496,-0.0730806291103363,-0.18129040279842457,0.0031020641326904297,-0.06638449430465698,-0.19072480478740772,-0.13185280561447144,0.017323791980743408,-0.2352122215316399,-0.12947583198547363,0.019794583320617676,-0.21721044161773762,-0.0947258472442627,-0.018472492694854736,-0.20016996541477283
P,0.0,0.0,0.0,-0.10396617650985718,-0.09563392400741577,-0.03294239267103194,-0.18968164920806885,-0.1692056655883789,-0.08289075716726302,-0.25875750184059143,-0.19266089797019958,-0.12814041301004409,-0.3277965188026428,-0.21637460589408875,-0.18122481628648757,-0.1455235481262207,-0.3196936249732971,-0.1414402209161949,-0.2871900796890259,-0.2981940060853958,-0.20984502955667494,-0.3750344514846802,-0.30792003870010376,-0.258421637856884,-0.4536301791667938,-0.32128752768039703,-0.2945422910093498,-0.0827447772026062,-0.266628623008728,-0.15878420397035597,-0.2545223832130432,-0.14199936389923096,-0.23161543234579085,-0.3457651138305664,-0.04855102300643921,-0.2501782260774803,-0.41406530141830444,0.01675015687942505,-0.2617599449991417,-0.031359970569610596,-0.16800403594970703,-0.17346981986753462,-0.17830193042755127,-0.051908671855926514,-0.22394267543546675,-0.16293340921401978,-0.04798668622970581,-0.19957273527376174,-0.12643933296203613,-0.07500907778739929,-0.18327444120637892,0.001009523868560791,-0.06535178422927856,-0.19050971492521285,-0.13229256868362427,0.019656658172607422,-0.23265648707143782,-0.12917286157608032,0.020326435565948486,-0.21419013365499495,-0.09424614906311035,-0.01834946870803833,-0.19716165288679122
P,0.0,0.0,0.0,-0.0990402102470398,-0.09276753664016724,-0.03289270601635508,-0.18513309955596924,-0.16541829705238342,-0.08210121295815043,-0.25603628158569336,-0.18862572312355042,-0.1272411515510612,-0.32574760913848877,-0.21881666779518127,-0.17956753275757364,-0.14215350151062012,-0.3183375746011734,-0.13651010594730906,-0.2792484760284424,-0.30075253546237946,-0.20456814966564707,-0.3659346103668213,-0.30902811884880066,-0.25300902328854136,-0.44389721751213074,-0.31977379322052,-0.28895464740162424,-0.08391666412353516,-0.2627570480108261,-0.15396248004799418,-0.25345712900161743,-0.14876341819763184,-0.22849026522999338,-0.3434431850910187,-0.057715535163879395,-0.25062480769520334,-0.4105244576931,0.007159173488616943,-0.26475617490177683,-0.03622359037399292,-0.16710394620895386,-0.16885529659157328,-0.18337613344192505,-0.056281983852386475,-0.220995517591291,-0.1637703776359558,-0.04527813196182251,-0.19882409475212626,-0.12457001209259033,-0.0692209005355835,-0.18377486071949534,-0.005836367607116699,-0.06886902451515198,-0.18607767126923136,-0.13715660572052002,0.01410818099975586,-0.2281199266708427,-0.12875980138778687,0.019221782684326172,-0.2104298641479545,-0.09042400121688843,-0.017584413290023804,-0.19430145821934275
P,0.0,0.0,0.0,-0.10178959369659424,-0.09295019507408142,-0.03136677540118171,-0.18519049882888794,-0.16809549927711487,-0.07773772127205802,-0.2567770183086395,-0.19091209769248962,-0.12015582866246177,-0.3238307535648346,-0.21672168374061584,-0.16948543734127952,-0.14323389530181885,-0.3209085464477539,-0.12871191150719596,-0.28134703636169434,-0.29935356974601746,-0.1966696555095382,-0.3680989742279053,-0.30843403935432434,-0.245428505011148,-0.4438629150390625,-0.32137884199619293,-0.2809940601068206,-0.0860094428062439,-0.26945534348487854,-0.145298870869226,-0.24857765436172485,-0.15314453840255737,-0.2200679058509536,-0.3376638889312744,-0.06374293565750122,-0.24138869590336753,-0.4020165503025055,-0.0006881952285766602,-0.2538177097516723,-0.03949391841888428,-0.17556977272033691,-0.15995976573998405,-0.18113493919372559,-0.060405433177948,-0.21260209626728965,-0.16952753067016602,-0.04822981357574463,-0.1900066161828704,-0.1344970464706421,-0.0714830756187439,-0.173233600922174,-0.011023461818695068,-0.07719933986663818,-0.17715375370556785,-0.1382552981376648,0.008347392082214355,-0.2179195458369918,-0.13464891910552979,0.014149904251098633,-0.200079845853395,-0.09991377592086792,-0.022981375455856323,-0.18317011243874504
P,0.0,0.0,0.0,-0.10288417339324951,-0.09230870008468628,-0.02966910154219704,-0.1889733374118805,-0.16863375902175903,-0.07222196013327675,-0.2602970600128174,-0.19710078835487366,-0.11077618152495461,-0.3247622549533844,-0.22452720999717712,-0.15540229082699852,-0.14613783359527588,-0.31640374660491943,-0.12020894438620644,-0.2813740074634552,-0.2985755652189255,-0.18275392354127007,-0.36406517028808594,-0.30784904956817627,-0.2260730594455822,-0.43779903650283813,-0.31983716785907745,-0.2576318860113247,-0.08992224931716919,-0.26782770454883575,-0.13677245677109795,-0.25062620639801025,-0.15655094385147095,-0.20443335474129753,-0.3385183811187744,-0.06675365567207336,-0.2219367057144268,-0.4018939137458801,-0.0024986863136291504,-0.23226721883412438,-0.044383108615875244,-0.17694920301437378,-0.15172517598267632,-0.18419092893600464,-0.06497594714164734,-0.2008536785900219,-0.17110902070999146,-0.051595091819763184,-0.1792063146888836,-0.13682246208190918,-0.07366937398910522,-0.16337435246106224,-0.01551961898803711,-0.08045971393585205,-0.1689337372839077,-0.14177805185317993,0.0017738938331604004,-0.2074648767768963,-0.13616561889648438,0.004911959171295166,-0.1898598402797802,-0.10194534063339233,-0.03184330463409424,-0.17326559424992638
P,0.0,0.0,0.0,-0.10154879093170166,-0.09561321139335632,-0.027158207627223874,-0.18805056810379028,-0.172316312789917,-0.06929907146303549,-0.2612963914871216,-0.19747480750083923,-0.10810466799347296,-0.32523736357688904,-0.21729230880737305,-0.1532832080444564,-0.1486281156539917,-0.31272488832473755,-0.11782904657928839,-0.2872961759567261,-0.29659339785575867,-0.17894113007395163,-0.3728742003440857,-0.3062780797481537,-0.22041229847280874,-0.44615787267684937,-0.3169310539960861,-0.2509263003191222,-0.09525460004806519,-0.26436440646648407,-0.1341343367418517,-0.2599394619464874,-0.15367180109024048,-0.19987749996988668,-0.34511154890060425,-0.06459352374076843,-0.2155843073448409,-0.4052290916442871,-0.004520386457443237,-0.22498717847673788,-0.05142885446548462,-0.17606058716773987,-0.14860545042364492,-0.19507795572280884,-0.06299012899398804,-0.19517089370100393,-0.17840850353240967,-0.05010351538658142,-0.17241008523313894,-0.14047563076019287,-0.07521694898605347,-0.15662841442434683,-0.023382127285003662,-0.08266478776931763,-0.16514155212252035,-0.15215784311294556,0.0007757246494293213,-0.20181547048895254,-0.14489245414733887,0.0038592517375946045,-0.18422658685057058,-0.10895991325378418,-0.034324854612350464,-0.16835190299360647
P,0.0,0.0,0.0,-0.10460501909255981,-0.09099382162094116,-0.0268799826019972,-0.19276419281959534,-0.16453689336776733,-0.06567149194717103,-0.2617635726928711,-0.19097310304641724,-0.10114229055881196,-0.3172469139099121,-0.21723616123199463,-0.1416017446184128,-0.14647817611694336,-0.30965593457221985,-0.10870827319860155,-0.2809838652610779,-0.2921876907348633,-0.16848138305186922,-0.3644181489944458,-0.30024421215057373,-0.20971872242927247,-0.4360843896865845,-0.3106082081794739,-0.24008006187915498,-0.09475260972976685,-0.2641589641571045,-0.1249773907923668,-0.25433263182640076,-0.1498776376247406,-0.19150746199130708,-0.3371962904930115,-0.056672483682632446,-0.20889957579612428,-0.3923130929470062,0.008112460374832153,-0.21841501029967958,-0.05299782752990723,-0.17961403727531433,-0.14013792904853517,-0.19369563460350037,-0.06601724028587341,-0.1884791288042038,-0.1797725260257721,-0.0502876341342926,-0.16788640948772127,-0.14433515071868896,-0.07276549935340881,-0.15216185482978517,-0.025805234909057617,-0.08662191033363342,-0.15753688248634035,-0.15260064601898193,-0.0006932318210601807,-0.19582164618014986,-0.1455399990081787,0.0038714706897735596,-0.18047270509242708,-0.10970473289489746,-0.03401800990104675,-0.16519970032214815
P,0.0,0.0,0.0,-0.10211759805679321,-0.09149646759033203,-0.02461600025799271,-0.18764379620552063,-0.16477718949317932,-0.06128825155701634,-0.258068323135376,-0.18996846675872803,-0.09487842304315564,-0.3120313882827759,-0.2156766653060913,-0.1337162656864166,-0.15229260921478271,-0.30365079641342163,-0.10531198514308926,-0.2841414213180542,-0.28060661256313324,-0.16207399500217434,-0.3646690845489502,-0.28886349499225616,-0.20103282762374874,-0.4332553744316101,-0.30211441218852997,-0.23008605373706814,-0.09834855794906616,-0.25821545720100403,-0.12220558805074688,-0.2527008056640625,-0.14561447501182556,-0.18372429443206784,-0.3342682719230652,-0.05900391936302185,-0.1990977628311157,-0.3885219097137451,0.0015295445919036865,-0.20812241268959042,-0.05336254835128784,-0.17378750443458557,-0.13787452412452694,-0.19074228405952454,-0.06233137845993042,-0.18313186896648403,-0.18057233095169067,-0.04826191067695618,-0.16262880993690487,-0.1477707028388977,-0.06945016980171204,-0.14749645722713467,-0.02335965633392334,-0.08191844820976257,-0.15565721226539608,-0.149793803691864,0.0020329058170318604,-0.1922351820549011,-0.14702028036117554,0.005842655897140503,-0.17697599066104885,-0.11510324478149414,-0.029459744691848755,-0.16195049417819973
P,0.0,0.0,0.0,-0.10155105590820312,-0.08698928356170654,-0.025796067723661054,-0.18674683570861816,-0.15586042404174805,-0.06431987584534227,-0.25548017024993896,-0.17865502834320068,-0.0993740826934868,-0.3147985339164734,-0.20551946759223938,-0.13915703148546754,-0.14913755655288696,-0.2946802079677582,-0.10835218877497255,-0.2759155035018921,-0.27543050050735474,-0.16790916473570405,-0.35532960295677185,-0.28313779830932617,-0.2100303515881592,-0.42437607049942017,-0.29367154836654663,-0.24113709182444154,-0.09834587574005127,-0.2523997724056244,-0.1238699972719246,-0.24647662043571472,-0.1401352882385254,-0.18921560496988832,-0.32822349667549133,-0.050850749015808105,-0.2074491873473221,-0.38434717059135437,0.012580454349517822,-0.21864109189215242,-0.056228816509246826,-0.17242613434791565,-0.1379540905446106,-0.18897578120231628,-0.06236529350280762,-0.1837767258376175,-0.17742156982421875,-0.04399707913398743,-0.16184322983923494,-0.144087553024292,-0.06236076354980469,-0.14624986500444948,-0.02751600742340088,-0.0850033164024353,-0.15441117138567506,-0.14806759357452393,5.009770393371582e-05,-0.18966702074709474,-0.14252686500549316,0.00730973482131958,-0.17315909714403688,-0.10865652561187744,-0.027764081954956055,-0.1579055979937607
P,0.0,0.0,0.0,-0.10220754146575928,-0.08724501729011536,-0.0232087638381131,-0.18369227647781372,-0.15662932395935059,-0.05829492808908299,-0.24883314967155457,-0.18179777264595032,-0.09043928460806683,-0.30149245262145996,-0.2130635380744934,-0.12692567186087444,-0.14596128463745117,-0.29754723608493805,-0.09785969780415371,-0.2688610851764679,-0.2745373249053955,-0.15330130831927136,-0.34622690081596375,-0.2838508188724518,-0.19348568694323376,-0.41311925649642944,-0.29785579442977905,-0.22373876945704296,-0.09463059902191162,-0.25784581899642944,-0.11362936572760418,-0.237285315990448,-0.14741256833076477,-0.17454881446093395,-0.3154067397117615,-0.06381365656852722,-0.19250307457178906,-0.3679402470588684,-0.006903171539306641,-0.20395425932139233,-0.052224934101104736,-0.18002066016197205,-0.12818119899958447,-0.18464931845664978,-0.07002383470535278,-0.17146175579756573,-0.1758497655391693,-0.05057257413864136,-0.151370833084286,-0.14466431736946106,-0.06711208820343018,-0.13708029167383984,-0.023190200328826904,-0.09277212619781494,-0.14508743064135388,-0.14388799667358398,-0.007471650838851929,-0.17937880234450176,-0.142051100730896,0.00035306811332702637,-0.16490932779043987,-0.11109203100204468,-0.03311613202095032,-0.15107774214476422
P,0.0,0.0,0.0,-0.10047918558120728,-0.08038333058357239,-0.022028058640159998,-0.1832147240638733,-0.14763885736465454,-0.054592570162810716,-0.25012439489364624,-0.17210093140602112,-0.0848520154724497,-0.3040289878845215,-0.2019406259059906,-0.11955926368335668,-0.14985784888267517,-0.28680670261383057,-0.08921013573507253,-0.27170538902282715,-0.26505231857299805,-0.14141301611761037,-0.3476564884185791,-0.27223914861679077,-0.1785121689210314,-0.41275516152381897,-0.28311625123023987,-0.2060149888167757,-0.10001397132873535,-0.24987389147281647,-0.10490222076276723,-0.24074825644493103,-0.1428033411502838,-0.16208559075693074,-0.3162744343280792,-0.058771759271621704,-0.17836093703607503,-0.36687493324279785,-0.00022986531257629395,-0.18793847957948628,-0.05830204486846924,-0.17395782470703125,-0.11982863197425786,-0.18366071581840515,-0.06527122855186462,-0.16290488640169087,-0.17500796914100647,-0.04382935166358948,-0.1456991861234087,-0.1459580659866333,-0.05929651856422424,-0.132417989767589,-0.03073221445083618,-0.08750632405281067,-0.13665811518529836,-0.14557099342346191,-0.004483252763748169,-0.1707294265399355,-0.141676127910614,0.003945112228393555,-0.15733662048677388,-0.11141699552536011,-0.026946067810058594,-0.1437969336877245
P,0.0,0.0,0.0,-0.09859716892242432,-0.08105975389480591,-0.02303235429627648,-0.17751100659370422,-0.149929016828537,-0.05651343624396077,-0.23909682035446167,-0.17588931322097778,-0.0875066370825266,-0.28539830446243286,-0.2077186107635498,-0.12260606895489445,-0.14530155062675476,-0.2863379418849945,-0.09272915880484334,-0.2613067924976349,-0.2679961621761322,-0.14523603777689686,-0.3357006311416626,-0.27518555521965027,-0.18222673992914906,-0.4002285897731781,-0.28622543811798096,-0.21007073681158772,-0.09504330158233643,-0.25243669748306274,-0.10696223388714543,-0.232395738363266,-0.1413189172744751,-0.16775316755575886,-0.3093469738960266,-0.056325048208236694,-0.18558014194769612,-0.36284589767456055,0.0026009976863861084,-0.19590102891726247,-0.053293049335479736,-0.17949119210243225,-0.12002290795845738,-0.17714175581932068,-0.06951183080673218,-0.1638613865832781,-0.16476082801818848,-0.050893545150756836,-0.14495999376578084,-0.1338171660900116,-0.06688249111175537,-0.13041516403956166,-0.02576380968093872,-0.09560385346412659,-0.1352118925313448,-0.13851436972618103,-0.010126978158950806,-0.16921872656149617,-0.13443952798843384,-0.0021592676639556885,-0.15552987913889638,-0.10400372743606567,-0.03484088182449341,-0.14178923527998677
P,0.0,0.0,0.0,-0.09854638576507568,-0.0815156102180481,-0.022219684845310894,-0.176844984292984,-0.15036523342132568,-0.05562144791196033,-0.23681947588920593,-0.17831841111183167,-0.08704698359082386,-0.28030532598495483,-0.21326211094856262,-0.1228524697334592,-0.13943180441856384,-0.28415217995643616,-0.09230429952452823,-0.2567935883998871,-0.26178058981895447,-0.14409794931719944,-0.3294954299926758,-0.26761355996131897,-0.17920808022330448,-0.3923005163669586,-0.278818815946579,-0.20547760551284,-0.09118974208831787,-0.24652448296546936,-0.10815204208205387,-0.22975599765777588,-0.14381620287895203,-0.16775875811885044,-0.3008488416671753,-0.06078723073005676,-0.18336200242350742,-0.3487463593482971,-0.0037837326526641846,-0.19176582520316288,-0.051153600215911865,-0.17289701104164124,-0.12311587010930225,-0.17593327164649963,-0.06768220663070679,-0.1659500700743024,-0.1616065800189972,-0.04704156517982483,-0.14675350015471622,-0.1292542815208435,-0.06323474645614624,-0.13221647863696262,-0.024588823318481445,-0.08994430303573608,-0.1402843249351804,-0.1338089108467102,-0.011679351329803467,-0.1728967083008115,-0.12747669219970703,-0.0030225515365600586,-0.158913086107475,-0.09604907035827637,-0.03361952304840088,-0.14545771007846042
P,0.0,0.0,0.0,-0.09605711698532104,-0.076618492603302,-0.02083842676995573,-0.1714158058166504,-0.1430748701095581,-0.05315979604540644,-0.2305026650428772,-0.16972801089286804,-0.08323598687468348,-0.27457743883132935,-0.2039194405078888,-0.11789117042837916,-0.13740801811218262,-0.27820664644241333,-0.09293037687359629,-0.25218892097473145,-0.2592252194881439,-0.14512978528557596,-0.32280921936035156,-0.2645229399204254,-0.18182204698143778,-0.38478706777095795,-0.27361883223056793,-0.20909455452977,-0.08785569667816162,-0.24387159943580627,-0.1079977903228837,-0.22437798976898193,-0.14418411254882812,-0.16525615786133585,-0.29397428035736084,-0.05964905023574829,-0.17973336611805735,-0.3420600891113281,-0.0012893378734588623,-0.18766543303547678,-0.04745149612426758,-0.17166820168495178,-0.12194072489558039,-0.1675744354724884,-0.06920608878135681,-0.16132184897480784,-0.15383458137512207,-0.05009239912033081,-0.14077305828152475,-0.1225479245185852,-0.06622922420501709,-0.12603770230828104,-0.022203445434570312,-0.08913028240203857,-0.1379960927826005,-0.127530038356781,-0.013645708560943604,-0.16899965737877665,-0.12105998396873474,-0.005028665065765381,-0.1539717916112977,-0.09021496772766113,-0.03452193737030029,-0.1397460106474
P,0.0,0.0,0.0,-0.09467208385467529,-0.06856060028076172,-0.01997838033781818,-0.16870510578155518,-0.12941023707389832,-0.051671382546885525,-0.2269183099269867,-0.15618523955345154,-0.08242115056560806,-0.27478688955307007,-0.18837660551071167,-0.11740563488052658,-0.13823717832565308,-0.2680622637271881,-0.08186992681072525,-0.25156885385513306,-0.25206948816776276,-0.13287224298761657,-0.32076942920684814,-0.2609403133392334,-0.16697502559469513,-0.37911874055862427,-0.272548109292984,-0.19149733012960723,-0.092415452003479,-0.23771658539772034,-0.0979520720844107,-0.227117121219635,-0.13955754041671753,-0.1543441904191809,-0.29382455348968506,-0.05198413133621216,-0.16670224493788055,-0.3391997814178467,0.005574345588684082,-0.1715587866906958,-0.05327475070953369,-0.17078754305839539,-0.11400243318126968,-0.16959506273269653,-0.06506285071372986,-0.1558029842977362,-0.15538334846496582,-0.037612736225128174,-0.1361251813773947,-0.1250033974647522,-0.05145382881164551,-0.12015043622301391,-0.026941001415252686,-0.0917239785194397,-0.13221930390642456,-0.1284550428390503,-0.010474711656570435,-0.16415916806505493,-0.12077313661575317,0.0016072988510131836,-0.1500252378587561,-0.09123873710632324,-0.02709946036338806,-0.13560755974100402
P,0.0,0.0,0.0,-0.09267228841781616,-0.07193884253501892,-0.016188733296644386,-0.16517579555511475,-0.13807889819145203,-0.04361351953650683,-0.2214403748512268,-0.16768819093704224,-0.07045762615109652,-0.2644386291503906,-0.202277272939682,-0.10096638278866976,-0.1352408230304718,-0.27030614018440247,-0.07452520357276171,-0.24322250485420227,-0.2552284300327301,-0.12246013806964129,-0.3100939393043518,-0.26301833987236023,-0.15555562453175753,-0.36850690841674805,-0.2739633321762085,-0.17989185826684206,-0.09030616283416748,-0.24105849862098694,-0.091069865988743,-0.2178504765033722,-0.1439986228942871,-0.14581823723221987,-0.2837533950805664,-0.0591757595539093,-0.15970352666283816,-0.3292688727378845,-0.0027546584606170654,-0.16602306442166537,-0.052364885807037354,-0.1753886640071869,-0.1071729920973894,-0.16619297862052917,-0.07278409600257874,-0.14661464469338625,-0.1527554988861084,-0.045546501874923706,-0.12745997683907717,-0.12396278977394104,-0.05792093276977539,-0.11216812209988802,-0.026293396949768066,-0.09649312496185303,-0.12526320295239657,-0.12611374258995056,-0.01794108748435974,-0.15506115929986208,-0.1192508339881897,-0.0060183703899383545,-0.14093499259854525,-0.09038311243057251,-0.033994704484939575,-0.12666944043542117
P,0.0,0.0,0.0,-0.09177088737487793,-0.06886383891105652,-0.016281553153646655,-0.16230159997940063,-0.1315287947654724,-0.04309145415271587,-0.21809089183807373,-0.15826347470283508,-0.06915831992472476,-0.265514612197876,-0.18487337231636047,-0.09876721778954334,-0.13003090023994446,-0.26345276832580566,-0.07149139473284549,-0.23722520470619202,-0.25070030987262726,-0.11782804558123416,-0.30319449305534363,-0.2584966719150543,-0.14932298341835804,-0.3592288941144943,-0.26859238743782043,-0.17185462692822284,-0.08761823177337646,-0.23533646762371063,-0.08710501769627399,-0.2092755138874054,-0.14220139384269714,-0.14021366516197986,-0.274220734834671,-0.05941763520240784,-0.15286685207928485,-0.31820276379585266,-0.003643244504928589,-0.1576793459996111,-0.05167126655578613,-0.17208650708198547,-0.10244343856419391,-0.15956205129623413,-0.06996071338653564,-0.14141310432995624,-0.14842602610588074,-0.04388567805290222,-0.12295517752016849,-0.12149977684020996,-0.056392669677734375,-0.1075188336714632,-0.027842581272125244,-0.09521254897117615,-0.11971536705340213,-0.12337437272071838,-0.016815155744552612,-0.14862329939450092,-0.11700901389122009,-0.005114078521728516,-0.13468469360913105,-0.08933299779891968,-0.032868415117263794,-0.12032859454001255
P,0.0,0.0,0.0,-0.09102106094360352,-0.06952282786369324,-0.016164276144138512,-0.16132313013076782,-0.13038775324821472,-0.04315729751311892,-0.21634447574615479,-0.15653696656227112,-0.06962731420122736,-0.26055607199668884,-0.1860673427581787,-0.10000351010882014,-0.12627989053726196,-0.2557225525379181,-0.07338199704014414,-0.23338443040847778,-0.24287384748458862,-0.11880876063429469,-0.29815852642059326,-0.2518591284751892,-0.14950688867889994,-0.35380029678344727,-0.26393622159957886,-0.17192106633507365,-0.08435440063476562,-0.22632840275764465,-0.08925528763853663,-0.20749858021736145,-0.1390836238861084,-0.1419478574308073,-0.2693036198616028,-0.05945253372192383,-0.15455553620182627,-0.31071582436561584,-0.005641669034957886,-0.15970342545830363,-0.04873073101043701,-0.16464999318122864,-0.10466883271061533,-0.15679383277893066,-0.06860572099685669,-0.14274988262974375,-0.14191648364067078,-0.045822203159332275,-0.12543835430466288,-0.11206766963005066,-0.05918300151824951,-0.11146373241268748,-0.02537405490875244,-0.09091556072235107,-0.12194751142584437,-0.11913344264030457,-0.018272817134857178,-0.15051158457123393,-0.1103370189666748,-0.007879078388214111,-0.13779204278313273,-0.08033019304275513,-0.0346604585647583,-0.12498807101570719
P,0.0,0.0,0.0,-0.0886681079864502,-0.06741476058959961,-0.016476820947275428,-0.15746530890464783,-0.1310674250125885,-0.043609570504770545,-0.21228879690170288,-0.15878266096115112,-0.06975822129999187,-0.2573533058166504,-0.18498507142066956,-0.10029569247518566,-0.12814581394195557,-0.25387872755527496,-0.07743372002397564,-0.23456257581710815,-0.23781435191631317,-0.12358053752933529,-0.29890525341033936,-0.24408794939517975,-0.15438228079830196,-0.3538491129875183,-0.254003643989563,-0.17665188738857296,-0.08642864227294922,-0.22417843341827393,-0.09266532191787746,-0.2103029489517212,-0.1363230049610138,-0.1453691197351077,-0.2713622450828552,-0.054309070110321045,-0.15703562626396206,-0.31218916177749634,0.0021919608116149902,-0.1613825781062701,-0.05125236511230469,-0.16149407625198364,-0.10719365605865505,-0.15904271602630615,-0.06338575482368469,-0.14532182344947842,-0.14434149861335754,-0.03781193494796753,-0.12770121523891476,-0.11474445462226868,-0.05017244815826416,-0.11337672153268841,-0.028288722038269043,-0.08683842420578003,-0.12346058318172481,-0.12132847309112549,-0.012596487998962402,-0.15245247611557033,-0.11237716674804688,-0.000798344612121582,-0.1396383566573718,-0.08305931091308594,-0.02706131339073181,-0.12654448279891994
P,0.0,0.0,0.0,-0.08485138416290283,-0.06835201382637024,-0.014352924265949696,-0.1524527370929718,-0.13074561953544617,-0.03999320704588172,-0.20732471346855164,-0.15799644589424133,-0.06504265878447768,-0.2560462951660156,-0.1810794174671173,-0.09420010361918685,-0.12753036618232727,-0.2497260570526123,-0.07267291013249633,-0.23031085729599,-0.23830655217170715,-0.11869099650630233,-0.294453501701355,-0.24365884065628052,-0.14943760547885176,-0.3494005501270294,-0.25055138766765594,-0.17130476150759932,-0.08551877737045288,-0.22095781564712524,-0.08886878851899382,-0.20673227310180664,-0.13389530777931213,-0.14073730919608352,-0.26715904474258423,-0.05077546834945679,-0.15208130989321944,-0.30692893266677856,0.005769550800323486,-0.15619100544699904,-0.049773335456848145,-0.1589154601097107,-0.10459202442416426,-0.15720486640930176,-0.06385397911071777,-0.1423770329738545,-0.1437162160873413,-0.03694388270378113,-0.12443702582368132,-0.1150888204574585,-0.048654258251190186,-0.10976593855866668,-0.024920225143432617,-0.08511900901794434,-0.12192015264281508,-0.12006652355194092,-0.011952579021453857,-0.15081845138320205,-0.11205819249153137,0.000946342945098877,-0.13766156051406142,-0.0832136869430542,-0.024477988481521606,-0.12413677487620589
P,0.0,0.0,0.0,-0.08632129430770874,-0.07064035534858704,-0.012836635510893757,-0.15393796563148499,-0.1324787735939026,-0.03968871890333503,-0.20923665165901184,-0.1584795117378235,-0.06648314504650443,-0.2548644542694092,-0.1832677721977234,-0.09766514359739631,-0.12752091884613037,-0.2477928102016449,-0.07454364507225364,-0.23057660460472107,-0.23363745212554932,-0.11896002798107475,-0.2940238118171692,-0.23926368355751038,-0.14774171768453925,-0.3479713499546051,-0.24871975183486938,-0.16866208373335212,-0.08583438396453857,-0.21696925163269043,-0.09182149677303642,-0.20739179849624634,-0.13082799315452576,-0.1414186632516703,-0.266947478055954,-0.05136752128601074,-0.15063173829344123,-0.30551886558532715,0.001372009515762329,-0.1540994024160227,-0.04998046159744263,-0.15468144416809082,-0.10828656463650077,-0.15553727746009827,-0.061166971921920776,-0.14366866408613532,-0.1409081220626831,-0.037800759077072144,-0.1248941099527201,-0.111429363489151,-0.05121544003486633,-0.11073247103718131,-0.024890661239624023,-0.08189898729324341,-0.12634840368059486,-0.11592626571655273,-0.011760890483856201,-0.15410992263582557,-0.1072380542755127,-0.0013854503631591797,-0.14137606083181709,-0.07844734191894531,-0.028225243091583252,-0.12885521112707465
P,0.0,0.0,0.0,-0.08709937334060669,-0.0688021183013916,-0.014791091382562627,-0.15344694256782532,-0.12870082259178162,-0.042239705510496606,-0.2070244550704956,-0.15598535537719727,-0.06896969158208321,-0.25212782621383667,-0.18108025193214417,-0.10023783374583672,-0.12535002827644348,-0.24720585346221924,-0.07675449032342385,-0.22743099927902222,-0.23061394691467285,-0.12083743739879083,-0.2904059588909149,-0.23646531999111176,-0.14971281070268105,-0.34416037797927856,-0.24633249640464783,-0.17077740509068917,-0.08246636390686035,-0.21825897693634033,-0.09185385931289147,-0.20451605319976807,-0.12785124778747559,-0.14008144516503762,-0.2627679109573364,-0.04510527849197388,-0.14863381762063455,-0.30076345801353455,0.008538901805877686,-0.15196926373994302,-0.047009408473968506,-0.15740624070167542,-0.10611412156379174,-0.1550917625427246,-0.06260102987289429,-0.141172880716681,-0.14279276132583618,-0.03814861178398132,-0.12258268374955605,-0.11469542980194092,-0.04929840564727783,-0.10856908787047814,-0.02437770366668701,-0.0849904716014862,-0.12194051820790719,-0.11917024850845337,-0.01336580514907837,-0.14982343692338418,-0.11247086524963379,-0.002806246280670166,-0.13739045936620187,-0.08427971601486206,-0.028347015380859375,-0.12494521815335702
P,0.0,0.0,0.0,-0.08735376596450806,-0.06557366251945496,-0.015365199172151733,-0.15286970138549805,-0.12292128801345825,-0.043007749119055916,-0.20227038860321045,-0.14730608463287354,-0.06936326528455083,-0.2464703917503357,-0.176459401845932,-0.09993817562724416,-0.12156790494918823,-0.2424767166376114,-0.07955965305234258,-0.22017791867256165,-0.2265881896018982,-0.12414729500676458,-0.2817832827568054,-0.23262625932693481,-0.15379086042310064,-0.33595365285873413,-0.24263039231300354,-0.17595261240865057,-0.07773429155349731,-0.21410825848579407,-0.09483909512425726,-0.1982877254486084,-0.1250857710838318,-0.14274208153153722,-0.25586867332458496,-0.04458782076835632,-0.15051123405362432,-0.29573696851730347,0.007149606943130493,-0.15368893648053472,-0.04148167371749878,-0.15210089087486267,-0.10940907801057165,-0.14677679538726807,-0.06126108765602112,-0.14247845018769567,-0.1319737732410431,-0.042960941791534424,-0.1217174595084316,-0.10287544131278992,-0.058515459299087524,-0.10722014213467901,-0.018029987812042236,-0.07962128520011902,-0.12576270008946722,-0.10978192090988159,-0.008473724126815796,-0.15368384028340643,-0.10234349966049194,0.001573711633682251,-0.14090369547272985,-0.07478630542755127,-0.02494451403617859,-0.1286432584610111
P,0.0,0.0,0.0,-0.08411556482315063,-0.06550005078315735,-0.015312910492752962,-0.15046426653862,-0.12151914834976196,-0.042562620195781165,-0.20296728610992432,-0.14184275269508362,-0.06808069855276244,-0.24748048186302185,-0.1682146191596985,-0.09845082223716872,-0.12203866243362427,-0.23543599247932434,-0.08171495557132857,-0.22369560599327087,-0.21776562929153442,-0.12551519781652587,-0.28676652908325195,-0.22428753972053528,-0.15591313451830047,-0.3410515785217285,-0.2368800938129425,-0.17892948299947875,-0.07988482713699341,-0.20730042457580566,-0.09509575128856795,-0.20024710893630981,-0.11380904912948608,-0.14296734839979308,-0.2621704936027527,-0.03978836536407471,-0.15342063218656676,-0.30502793192863464,0.010885268449783325,-0.15897420555654662,-0.04575145244598389,-0.14353272318840027,-0.10686311632696288,-0.14877718687057495,-0.049002230167388916,-0.13975149900022643,-0.1388665735721588,-0.03519332408905029,-0.12162657589021819,-0.11241799592971802,-0.049508750438690186,-0.1089319860965361,-0.025946199893951416,-0.07046231627464294,-0.12015768647495406,-0.11564385890960693,0.002605646848678589,-0.14858514577451842,-0.1124267578125,0.010385215282440186,-0.13744769007269042,-0.08749526739120483,-0.014734834432601929,-0.12604883820119994
P,0.0,0.0,0.0,-0.0832512378692627,-0.06631043553352356,-0.016067822967897882,-0.14718949794769287,-0.12396654486656189,-0.04357942709816598,-0.197566956281662,-0.14585399627685547,-0.06967308515800141,-0.23978137969970703,-0.17114320397377014,-0.10018562669051789,-0.11713075637817383,-0.24021190404891968,-0.08034596735728883,-0.21516728401184082,-0.2235855758190155,-0.1255265861202588,-0.2766035795211792,-0.22991237044334412,-0.15715428585303926,-0.3305624723434448,-0.24057158827781677,-0.18093579406036042,-0.07383769750595093,-0.2117624580860138,-0.09465734804166459,-0.19224408268928528,-0.11926138401031494,-0.14395029241336488,-0.25213152170181274,-0.045198649168014526,-0.155694881026875,-0.29398927092552185,0.003957152366638184,-0.16189061993850373,-0.0376889705657959,-0.14808988571166992,-0.10775873208535813,-0.14210164546966553,-0.05450540781021118,-0.14268217379344605,-0.12876364588737488,-0.04091128706932068,-0.12497647995246552,-0.10020560026168823,-0.05776914954185486,-0.11184532338870667,-0.013616859912872314,-0.07527166604995728,-0.12241533542169236,-0.10483571887016296,-0.0052588582038879395,-0.15157831603778504,-0.09988051652908325,0.0030518770217895508,-0.13953618103755616,-0.07361871004104614,-0.023012876510620117,-0.12723759705318116
P,0.0,0.0,0.0,-0.0826987624168396,-0.06455335021018982,-0.014984440816192546,-0.14773359894752502,-0.11906349658966064,-0.04187856783494226,-0.19845953583717346,-0.14228132367134094,-0.06745173578485719,-0.245153546333313,-0.17099511623382568,-0.09738497232422105,-0.11793062090873718,-0.23568618297576904,-0.07736439054235689,-0.21868610382080078,-0.2176799774169922,-0.12171105091795198,-0.28132081031799316,-0.22539277374744415,-0.1528008783362793,-0.3353257179260254,-0.23604680597782135,-0.17629008536562196,-0.07457393407821655,-0.20908242464065552,-0.092223269691317,-0.1960289180278778,-0.11252892017364502,-0.14168946986421815,-0.25584203004837036,-0.038598835468292236,-0.15355378930792085,-0.29656660556793213,0.010764360427856445,-0.1592972630761551,-0.037373244762420654,-0.14613837003707886,-0.10595950280651323,-0.14105021953582764,-0.049085140228271484,-0.1413044834636139,-0.13020268082618713,-0.03608596324920654,-0.12528431956991426,-0.10369423031806946,-0.05289548635482788,-0.11319675837978593,-0.012753129005432129,-0.07416832447052002,-0.12109099869951478,-0.1043042242527008,0.0010038912296295166,-0.15189076011404268,-0.10182890295982361,0.009833753108978271,-0.14198841696008913,-0.07784914970397949,-0.015321314334869385,-0.13094513659700624
P,0.0,0.0,0.0,-0.08300161361694336,-0.06412056088447571,-0.014815262528145468,-0.14726704359054565,-0.1188444197177887,-0.04310374801048056,-0.19693493843078613,-0.14098387956619263,-0.0695715779531838,-0.2419556975364685,-0.16787412762641907,-0.10107999389060751,-0.11596906185150146,-0.23483362793922424,-0.08529923950322882,-0.21841540932655334,-0.21757924556732178,-0.13232174609788672,-0.28087636828422546,-0.22471529245376587,-0.16574753914960638,-0.33547863364219666,-0.2347504198551178,-0.19062641357072607,-0.07233917713165283,-0.2069631814956665,-0.09992437903770224,-0.19408777356147766,-0.11552956700325012,-0.14888344799169317,-0.255384624004364,-0.04263827204704285,-0.15894243215211645,-0.29759326577186584,0.008074969053268433,-0.16440512333997503,-0.0372617244720459,-0.14246690273284912,-0.11307405029424444,-0.14189079403877258,-0.04673945903778076,-0.14577990864404455,-0.13567936420440674,-0.033861637115478516,-0.12585319672712103,-0.11142310500144958,-0.04853382706642151,-0.11229646299966589,-0.016155242919921875,-0.06891053915023804,-0.1278422484267594,-0.10891109704971313,0.0019903481006622314,-0.15673978720792547,-0.10753297805786133,0.009231001138687134,-0.14412553702482,-0.08306229114532471,-0.015198737382888794,-0.13157284353860632
P,0.0,0.0,0.0,-0.0843392014503479,-0.06007504463195801,-0.01540259008470457,-0.15108168125152588,-0.11053439974784851,-0.0440644651389448,-0.20125889778137207,-0.13165876269340515,-0.07122794089082163,-0.24807271361351013,-0.16091150045394897,-0.10301824209454935,-0.11803111433982849,-0.23093408346176147,-0.08276726600888651,-0.2201354205608368,-0.2135460078716278,-0.128297838542494,-0.2828631103038788,-0.22114846110343933,-0.1599440753197996,-0.3359479308128357,-0.23289147019386292,-0.18369920847180765,-0.07449448108673096,-0.20205596089363098,-0.09829013345006388,-0.19578969478607178,-0.1083039939403534,-0.14532576796773355,-0.2545226812362671,-0.03542163968086243,-0.15371716317895334,-0.2932843565940857,0.011221885681152344,-0.15804660615685862,-0.03795504570007324,-0.13720941543579102,-0.11284438071015757,-0.1434851884841919,-0.042471081018447876,-0.14688967463735025,-0.1362227201461792,-0.027261435985565186,-0.12759557661775034,-0.11062386631965637,-0.04193595051765442,-0.11383478638890665,-0.014795184135437012,-0.06421026587486267,-0.1290130495763151,-0.10957926511764526,0.007064253091812134,-0.16048798260453623,-0.11049744486808777,0.01702326536178589,-0.14945574400189798,-0.0875784158706665,-0.005025774240493774,-0.13745522794488352
P,0.0,0.0,0.0,-0.08387655019760132,-0.062206774950027466,-0.01383915586097828,-0.1462959349155426,-0.11545851826667786,-0.041223368101555025,-0.19507819414138794,-0.13631683588027954,-0.06717294310851685,-0.24237248301506042,-0.16610148549079895,-0.09734493350310913,-0.11241114139556885,-0.23339474201202393,-0.08322185134215943,-0.21116787195205688,-0.2214125692844391,-0.13099093591495148,-0.2741643190383911,-0.2286570966243744,-0.16517479574008576,-0.3299599885940552,-0.23998576402664185,-0.1908247009448587,-0.06809389591217041,-0.20723453164100647,-0.09903693055434815,-0.18566113710403442,-0.11382579803466797,-0.14970403765960327,-0.24929702281951904,-0.03939500451087952,-0.16132470821662537,-0.29391369223594666,0.011801332235336304,-0.1681447908811151,-0.030312776565551758,-0.14383527636528015,-0.11346141850276581,-0.1327020227909088,-0.05263400077819824,-0.14883823549075714,-0.12916556000709534,-0.03480416536331177,-0.12888648962302796,-0.1060326099395752,-0.04584696888923645,-0.11479204004331223,-0.005403339862823486,-0.07176479697227478,-0.12955520903392426,-0.09684222936630249,-0.0013291239738464355,-0.1607687607936441,-0.09998393058776855,0.0102139413356781,-0.1491514877013742,-0.07787728309631348,-0.012208491563796997,-0.1369357243709146
P,0.0,0.0,0.0,-0.08189231157302856,-0.060176730155944824,-0.017453153144515454,-0.14661476016044617,-0.10710933804512024,-0.04792586201051563,-0.19694262742996216,-0.12364119291305542,-0.07629725569108814,-0.24305492639541626,-0.1530313789844513,-0.10912043088296741,-0.11447781324386597,-0.22938814759254456,-0.086754935320414,-0.2142479419708252,-0.21333584189414978,-0.13384180748084873,-0.2774071991443634,-0.21952641010284424,-0.16720094763854831,-0.33205553889274597,-0.22978438436985016,-0.19218247615913242,-0.07026314735412598,-0.19998997449874878,-0.10067927324394077,-0.1901000440120697,-0.1046631932258606,-0.15108581864456028,-0.2523680627346039,-0.027363240718841553,-0.16265254699806064,-0.29699963331222534,0.026974231004714966,-0.1687559136114487,-0.033074259757995605,-0.13495028018951416,-0.11310047888377994,-0.13634458184242249,-0.04352998733520508,-0.14831968628982395,-0.12629351019859314,-0.02992236614227295,-0.12897851550201267,-0.10055255889892578,-0.04382443428039551,-0.11516671114782184,-0.00911402702331543,-0.06357842683792114,-0.1270488300285706,-0.10318899154663086,0.007178843021392822,-0.1580616631470093,-0.10340601205825806,0.016729295253753662,-0.14562276982883304,-0.08054077625274658,-0.00632023811340332,-0.13266653799632877
P,0.0,0.0,0.0,-0.07902568578720093,-0.06127440929412842,-0.020265102796088286,-0.14057594537734985,-0.11226201057434082,-0.052577697150240965,-0.18847867846488953,-0.13446569442749023,-0.08299436088634593,-0.2350696325302124,-0.15971782803535461,-0.118202772401105,-0.11120948195457458,-0.23111644387245178,-0.08819096948934657,-0.20811080932617188,-0.21597176790237427,-0.13692051585746867,-0.2710455060005188,-0.22297579050064087,-0.17120190378261668,-0.3262971341609955,-0.23270058631896973,-0.19668439444137675,-0.06559282541275024,-0.20265823602676392,-0.10228920396400554,-0.18461227416992188,-0.10971629619598389,-0.15437664505077464,-0.2498956322669983,-0.0338418185710907,-0.1665743332727061,-0.2963547110557556,0.0187453031539917,-0.17318469699455363,-0.028298497200012207,-0.13881555199623108,-0.11549169983697993,-0.13178497552871704,-0.04734385013580322,-0.15346222039295299,-0.1260027289390564,-0.031170904636383057,-0.13452609296871287,-0.10268419981002808,-0.042913615703582764,-0.12056944187713725,-0.005089879035949707,-0.06616255640983582,-0.13067534979415996,-0.09930157661437988,0.005820214748382568,-0.16387704428268535,-0.0999683141708374,0.015739887952804565,-0.15214866813255412,-0.07679378986358643,-0.006903022527694702,-0.139575262032281
P,0.0,0.0,0.0,-0.07854771614074707,-0.06030169129371643,-0.017249236910060972,-0.14091089367866516,-0.11099526286125183,-0.04453759370596799,-0.1909683346748352,-0.13320305943489075,-0.07064370541127118,-0.23611384630203247,-0.15503355860710144,-0.10101169077904615,-0.11433783173561096,-0.2305976152420044,-0.07342919437439832,-0.20703423023223877,-0.21720606088638306,-0.11887624589951429,-0.2689661383628845,-0.22285056114196777,-0.1518955352738658,-0.32345983386039734,-0.23000723123550415,-0.17640024153740796,-0.0699925422668457,-0.2012760043144226,-0.08847985146792325,-0.18612289428710938,-0.10924184322357178,-0.13567961482556257,-0.248149573802948,-0.03195774555206299,-0.14778963951619062,-0.2914683222770691,0.02151450514793396,-0.1541748913958827,-0.03218168020248413,-0.13659760355949402,-0.10333517668993863,-0.13217511773109436,-0.04653972387313843,-0.1394394907191554,-0.12538689374923706,-0.028234243392944336,-0.12468959866316709,-0.10305225849151611,-0.03846713900566101,-0.11334835468085203,-0.0069637298583984375,-0.06241327524185181,-0.11989096282275113,-0.09876799583435059,0.010624855756759644,-0.15295478431733045,-0.09910553693771362,0.02295580506324768,-0.14403220741303357,-0.07744592428207397,0.004399687051773071,-0.1332388344243327
P,0.0,0.0,0.0,-0.07881128787994385,-0.0612015426158905,-0.016599390716578455,-0.14084196090698242,-0.11247006058692932,-0.043115342096712084,-0.19195890426635742,-0.1342889368534088,-0.06829294382157514,-0.23852837085723877,-0.15985623002052307,-0.09771692572655866,-0.11271113157272339,-0.23035544157028198,-0.07271043031039426,-0.20641595125198364,-0.21774840354919434,-0.11667644052329251,-0.2685014009475708,-0.22444313764572144,-0.14875207661214063,-0.32325953245162964,-0.23162856698036194,-0.17259235499921033,-0.0699378252029419,-0.20061689615249634,-0.08678658871474454,-0.18413704633712769,-0.11112886667251587,-0.13216671167435834,-0.24678194522857666,-0.03645682334899902,-0.1437944900852699,-0.2923274040222168,0.017196357250213623,-0.15041893540444562,-0.03446382284164429,-0.13715395331382751,-0.10030302970233151,-0.1322692632675171,-0.047933757305145264,-0.13388773618760297,-0.12281879782676697,-0.0342220664024353,-0.1179415044051666,-0.0993604063987732,-0.04693669080734253,-0.10644390998902509,-0.011606693267822266,-0.06280496716499329,-0.11549369065585324,-0.10137856006622314,0.007555902004241943,-0.14563388942303845,-0.09807693958282471,0.016477108001708984,-0.13471931038918683,-0.07366472482681274,-0.005559206008911133,-0.12303051172318646
P,0.0,0.0,0.0,-0.07765364646911621,-0.06418341398239136,-0.020434215989553195,-0.13721850514411926,-0.11847493052482605,-0.04962642150803731,-0.18645867705345154,-0.14134371280670166,-0.07656221124216245,-0.23002934455871582,-0.16167491674423218,-0.1073623228339784,-0.10645025968551636,-0.23523685336112976,-0.07901182803198026,-0.19849878549575806,-0.22211796045303345,-0.12408034535928891,-0.2605711817741394,-0.2274095118045807,-0.15608961167617963,-0.3150099515914917,-0.23390281200408936,-0.1797364431886308,-0.0621110200881958,-0.20562800765037537,-0.09156060251279996,-0.173119455575943,-0.11428722739219666,-0.13936913790985272,-0.23937952518463135,-0.044236719608306885,-0.15176384928508924,-0.2868247628211975,0.007488131523132324,-0.15899983825966046,-0.025658130645751953,-0.14103177189826965,-0.10368999126239942,-0.12308347225189209,-0.05179914832115173,-0.1398146379260652,-0.12013685703277588,-0.03868475556373596,-0.12424816968723462,-0.10060584545135498,-0.049014389514923096,-0.11247769775673078,-0.00301516056060791,-0.06720393896102905,-0.11784569206520246,-0.09343624114990234,0.0033243298530578613,-0.14895080807491468,-0.09649735689163208,0.012008607387542725,-0.13906616750045941,-0.07684212923049927,-0.008834362030029297,-0.12808220866008924
P,0.0,0.0,0.0,-0.07832932472229004,-0.06402122974395752,-0.020549648058306502,-0.14163705706596375,-0.1169668436050415,-0.04972364063252144,-0.19187134504318237,-0.13925805687904358,-0.07701030428398781,-0.23520082235336304,-0.16211456060409546,-0.10874031538952522,-0.10834711790084839,-0.23355743288993835,-0.07739768232096367,-0.19967886805534363,-0.21743226051330566,-0.12123426849831276,-0.2628648281097412,-0.22341647744178772,-0.15217886919964485,-0.31673112511634827,-0.22992676496505737,-0.17506168837536507,-0.06463539600372314,-0.1995714008808136,-0.09000145698774986,-0.18583837151527405,-0.10733318328857422,-0.13490594978321724,-0.24933385848999023,-0.034940868616104126,-0.14602203721989326,-0.29309913516044617,0.015950500965118408,-0.15230521614540748,-0.02863091230392456,-0.13262546062469482,-0.10217803771485023,-0.13408824801445007,-0.044170111417770386,-0.13602535481442146,-0.12381726503372192,-0.032504379749298096,-0.12064999396790199,-0.09839791059494019,-0.04791709780693054,-0.10952519680250816,-0.004946231842041016,-0.05795705318450928,-0.11613211835611992,-0.1012650728225708,0.009348452091217041,-0.14616569931496315,-0.09934794902801514,0.01890099048614502,-0.13526094014633827,-0.07504868507385254,-0.0013003349304199219,-0.12375801111448936
P,0.0,0.0,0.0,-0.07548117637634277,-0.06385305523872375,-0.01872203812627049,-0.13895830512046814,-0.118175208568573,-0.044631068936269,-0.19050568342208862,-0.14101487398147583,-0.06839448340861054,-0.2327515184879303,-0.16037097573280334,-0.09618976839510651,-0.10677945613861084,-0.23329922556877136,-0.0704324705216095,-0.19505175948143005,-0.22110307216644287,-0.1101884035083458,-0.25654205679893494,-0.22553986310958862,-0.1383486253830597,-0.3115687966346741,-0.23037663102149963,-0.1597155047270462,-0.0650835633277893,-0.20100122690200806,-0.08266721793143006,-0.18036651611328125,-0.10769948363304138,-0.1251083774182007,-0.24508750438690186,-0.036251068115234375,-0.13711427279440613,-0.2925010323524475,0.014921188354492188,-0.14465808995691987,-0.030797958374023438,-0.13505780696868896,-0.09429129340378495,-0.12921667098999023,-0.04682090878486633,-0.1287707252117798,-0.11710098385810852,-0.03535580635070801,-0.11763063945500107,-0.0921524167060852,-0.05120396614074707,-0.10913416870562287,-0.008381485939025879,-0.06087115406990051,-0.10706415154663773,-0.09902149438858032,0.00982886552810669,-0.13731469341246338,-0.09380656480789185,0.020947694778442383,-0.12825113662211152,-0.06857264041900635,0.0015222430229187012,-0.11822755017010422
P,0.0,0.0,0.0,-0.07560062408447266,-0.06567594408988953,-0.02025765669975499,-0.1407639980316162,-0.1205841600894928,-0.04615033348534325,-0.1948401927947998,-0.1404760479927063,-0.06948214327428559,-0.24068701267242432,-0.1622217893600464,-0.09712563758228043,-0.1113811731338501,-0.2329852283000946,-0.07186137442920426,-0.20270514488220215,-0.21905916929244995,-0.11087149684760789,-0.26502275466918945,-0.22433453798294067,-0.13928105240199784,-0.3201332092285156,-0.23149946331977844,-0.16096301679942826,-0.07079070806503296,-0.19882351160049438,-0.08245347743365983,-0.18812808394432068,-0.1065710186958313,-0.12440531258914689,-0.25290751457214355,-0.03944897651672363,-0.13799421792361954,-0.2994474768638611,0.010116517543792725,-0.14713016455505112,-0.03660774230957031,-0.13145971298217773,-0.09211184387538651,-0.1361600160598755,-0.04409104585647583,-0.125252279690244,-0.12502750754356384,-0.03642427921295166,-0.1149593547496579,-0.10016781091690063,-0.0540122389793396,-0.10752197658155183,-0.013665497303009033,-0.056250691413879395,-0.10299016093347291,-0.10755738615989685,0.011075854301452637,-0.13136583869788865,-0.10333424806594849,0.018559396266937256,-0.12171337311599473,-0.07806235551834106,-0.00308912992477417,-0.11172434990737656
P,0.0,0.0,0.0,-0.07989776134490967,-0.06857532262802124,-0.017188069970302422,-0.147781103849411,-0.12172678112983704,-0.04374472946017249,-0.2016134262084961,-0.14000007510185242,-0.06824751347392066,-0.24872112274169922,-0.15709927678108215,-0.09702270627110465,-0.1144372820854187,-0.23157405853271484,-0.07299379408448203,-0.2015048861503601,-0.2194586992263794,-0.11349936723797782,-0.2638975977897644,-0.22145286202430725,-0.1417829185733126,-0.31980687379837036,-0.22335517406463623,-0.16288065314381583,-0.07150143384933472,-0.19489732384681702,-0.08654735386460288,-0.19137248396873474,-0.10020983219146729,-0.12846518457024558,-0.2588096857070923,-0.03348332643508911,-0.13963543772786124,-0.30714935064315796,0.018113017082214355,-0.1471719086179064,-0.03727692365646362,-0.12427377700805664,-0.09913601130335792,-0.14243051409721375,-0.03679823875427246,-0.13274284601300224,-0.13226842880249023,-0.03383219242095947,-0.1191490381964968,-0.1081087589263916,-0.05297243595123291,-0.10909547060816749,-0.014128625392913818,-0.04684382677078247,-0.11270046383231147,-0.11234897375106812,0.02042233943939209,-0.1419933676728533,-0.1113402247428894,0.023853600025177002,-0.13039783537476524,-0.08903145790100098,-0.001113295555114746,-0.11844272315590842
P,0.0,0.0,0.0,-0.08291256427764893,-0.06487542390823364,-0.019446994051861566,-0.1565403938293457,-0.11530256271362305,-0.047602637544798654,-0.21389076113700867,-0.12920275330543518,-0.07249428598635177,-0.26308518648147583,-0.14905253052711487,-0.1014980178927658,-0.12015056610107422,-0.22841009497642517,-0.08075836567633132,-0.2158479392528534,-0.2121831774711609,-0.12351172684185485,-0.28181153535842896,-0.20915961265563965,-0.15284280000679473,-0.3382185697555542,-0.2080872356891632,-0.17412106214516143,-0.07692629098892212,-0.18962699174880981,-0.09215442358009795,-0.199629008769989,-0.09451019763946533,-0.13636101304047088,-0.267766535282135,-0.02236759662628174,-0.14745635806076507,-0.3148622512817383,0.03372156620025635,-0.15471781311981658,-0.042770206928253174,-0.1187526285648346,-0.10231064526789169,-0.1491151750087738,-0.02968764305114746,-0.13685258744709472,-0.14583182334899902,-0.02179896831512451,-0.12158748774282913,-0.125801682472229,-0.03943818807601929,-0.11023156611673812,-0.020565271377563477,-0.04139435291290283,-0.11350591747515182,-0.1198626458644867,0.026437044143676758,-0.1424724411820648,-0.12228000164031982,0.029740869998931885,-0.12966884194366912,-0.10141751170158386,0.0030287504196166992,-0.11676860867493133
P,0.0,0.0,0.0,-0.080189049243927,-0.06918305158615112,-0.018981059240957165,-0.15456697344779968,-0.11922195553779602,-0.047525047483702565,-0.21642589569091797,-0.13023361563682556,-0.07293214199211207,-0.26975777745246887,-0.14561840891838074,-0.10227271464731302,-0.12458646297454834,-0.226167231798172,-0.08410425779487696,-0.22373658418655396,-0.21003931760787964,-0.12723482695486155,-0.29028719663619995,-0.20703566074371338,-0.15534047332670298,-0.347491979598999,-0.20714595913887024,-0.17582225349809733,-0.08522576093673706,-0.18676632642745972,-0.09518697408105936,-0.2066362500190735,-0.09519851207733154,-0.13861545470621195,-0.2759944796562195,-0.02797943353652954,-0.14799834338094797,-0.32653161883354187,0.020612359046936035,-0.15466238108541575,-0.052825331687927246,-0.11503979563713074,-0.10477870998050776,-0.15315940976142883,-0.027949392795562744,-0.13869103339578714,-0.14673924446105957,-0.023076951503753662,-0.12207974788810816,-0.12503209710121155,-0.04022860527038574,-0.10984713134433832,-0.03090745210647583,-0.036463141441345215,-0.11547511366273966,-0.12352514266967773,0.03364825248718262,-0.14462999549772348,-0.12599033117294312,0.03558605909347534,-0.13284997192289438,-0.10768777132034302,0.010125815868377686,-0.12071816918518152
P,0.0,0.0,0.0,-0.08417224884033203,-0.0661047101020813,-0.01853480945692354,-0.16137081384658813,-0.11544656753540039,-0.04799155901537233,-0.22238314151763916,-0.12991780042648315,-0.07463453348145777,-0.27425694465637207,-0.15126162767410278,-0.10539163287148767,-0.12826237082481384,-0.2357456088066101,-0.08295156444773966,-0.23223039507865906,-0.21404480934143066,-0.1232424044178515,-0.30075693130493164,-0.20817404985427856,-0.14982311810717874,-0.3588259071111679,-0.20579874515533447,-0.1698611565993815,-0.08945158123970032,-0.19278007745742798,-0.09502097602353388,-0.21426349878311157,-0.10147500038146973,-0.13854854192004495,-0.28512173891067505,-0.030958473682403564,-0.14947192754016214,-0.33541958034038544,0.022748351097106934,-0.15758926059470468,-0.05820655822753906,-0.11804139614105225,-0.10502334322200113,-0.16517844796180725,-0.030414164066314697,-0.13898042227492624,-0.15671241283416748,-0.021748900413513184,-0.1228495427535563,-0.1316142976284027,-0.036344170570373535,-0.11122344817385965,-0.03830629587173462,-0.03703206777572632,-0.11594354744420343,-0.13564419746398926,0.032296717166900635,-0.14423624064193064,-0.1338927447795868,0.03219050168991089,-0.131779331819871,-0.1111307442188263,0.0023620128631591797,-0.11953875805602365
P,0.0,0.0,0.0,-0.08224150538444519,-0.07136279344558716,-0.016064348623046953,-0.16124403476715088,-0.1211237907409668,-0.044294220387826044,-0.22611913084983826,-0.13437986373901367,-0.07034451606858738,-0.2818147540092468,-0.14941266179084778,-0.10056080761540898,-0.13794666528701782,-0.2384306788444519,-0.07873182091105946,-0.2480979859828949,-0.21067893505096436,-0.1191822895704604,-0.3183348774909973,-0.20232358574867249,-0.14684545341123112,-0.37802954018116,-0.19908100366592407,-0.16764304879296787,-0.10061383247375488,-0.19409358501434326,-0.09186449739326008,-0.22613468766212463,-0.10027927160263062,-0.1360166156588889,-0.2956317961215973,-0.02834242582321167,-0.14848894718278416,-0.3433171808719635,0.024496495723724365,-0.1578976893721915,-0.0705263614654541,-0.11746388673782349,-0.1028883242904044,-0.1778486967086792,-0.02735161781311035,-0.13679789844144352,-0.17011523246765137,-0.013995170593261719,-0.1224653581081725,-0.14509156346321106,-0.026926100254058838,-0.1122555145918227,-0.05110543966293335,-0.0352855920791626,-0.1146874735056258,-0.14697283506393433,0.03496062755584717,-0.14181503000844486,-0.14397507905960083,0.03803229331970215,-0.12991360667336949,-0.12029442191123962,0.010662615299224854,-0.11850675287831791
P,0.0,0.0,0.0,-0.08186936378479004,-0.07003158330917358,-0.012467565199074215,-0.162773996591568,-0.11439919471740723,-0.04133639782452292,-0.2308846414089203,-0.12462681531906128,-0.06812034472608275,-0.2861640751361847,-0.13688766956329346,-0.09903415962838835,-0.13671252131462097,-0.2387324869632721,-0.08354917838954634,-0.2579239010810852,-0.20638060569763184,-0.12317081466102309,-0.3303789496421814,-0.1945844292640686,-0.1498869948067636,-0.3908160626888275,-0.19107824563980103,-0.17126709148072905,-0.10086312890052795,-0.18718582391738892,-0.09933770373248763,-0.23655015230178833,-0.09155642986297607,-0.14288596734189696,-0.3039730191230774,-0.017104923725128174,-0.1543783836045236,-0.3485516458749771,0.035957157611846924,-0.16475813016080565,-0.07187163829803467,-0.10870438814163208,-0.11231859698676772,-0.18819671869277954,-0.020361661911010742,-0.14482474252366728,-0.1704714298248291,-0.01147383451461792,-0.12947465404653258,-0.1379462480545044,-0.02948307991027832,-0.12048037275457091,-0.05200010538101196,-0.029450654983520508,-0.12560896500730223,-0.15389835834503174,0.03741341829299927,-0.15323573276185698,-0.14314782619476318,0.04054737091064453,-0.1413810394682855,-0.11518111824989319,0.01097959280014038,-0.1314277045407266
P,0.0,0.0,0.0,-0.08285516500473022,-0.06691300868988037,-0.013716828537496895,-0.16753089427947998,-0.10993587970733643,-0.042319515248152584,-0.23689624667167664,-0.12121617794036865,-0.0691095418234795,-0.2940956950187683,-0.13704252243041992,-0.0994687355061501,-0.14223921298980713,-0.244938462972641,-0.07858237390718159,-0.2605794072151184,-0.21504098176956177,-0.11755551909408268,-0.3344464600086212,-0.2039925754070282,-0.1435002810259789,-0.3964115232229233,-0.20068490505218506,-0.16452368860444722,-0.10739418864250183,-0.19618305563926697,-0.0945505476494759,-0.24319446086883545,-0.09926021099090576,-0.13816074793538746,-0.30837950110435486,-0.02177208662033081,-0.1498912698527306,-0.35069355368614197,0.031445980072021484,-0.16017733280858693,-0.0793469250202179,-0.11997133493423462,-0.10844755684337315,-0.19732168316841125,-0.026771724224090576,-0.14330613379678425,-0.17673251032829285,-0.013335585594177246,-0.12885994975766835,-0.1425228714942932,-0.029658257961273193,-0.11971092735728917,-0.05983161926269531,-0.04119962453842163,-0.12279499833783802,-0.16272249817848206,0.02949744462966919,-0.15237951045236287,-0.14945536851882935,0.03703713417053223,-0.14136127894124684,-0.11988398432731628,0.010558903217315674,-0.1315971887608498
P,0.0,0.0,0.0,-0.08398759365081787,-0.07143551111221313,-0.01062034456759875,-0.17296746373176575,-0.11844509840011597,-0.037627554636003424,-0.2461702823638916,-0.12978363037109375,-0.06338158170461838,-0.30533967912197113,-0.14348608255386353,-0.09326583067655747,-0.15366733074188232,-0.2409084439277649,-0.07404318372488206,-0.27489131689071655,-0.2083292305469513,-0.11169840316057389,-0.350869745016098,-0.19695469737052917,-0.13711772034645264,-0.41317757964134216,-0.19271832704544067,-0.15804650555134003,-0.11729270219802856,-0.1910233199596405,-0.09167298595190232,-0.25154340267181396,-0.09322446584701538,-0.13295177290916627,-0.31829996407032013,-0.017407119274139404,-0.14357822309017365,-0.36403264105319977,0.03478175401687622,-0.15368723044872468,-0.0860043466091156,-0.11226612329483032,-0.10715678999901002,-0.2068437933921814,-0.01961606740951538,-0.13986379573822205,-0.1807660162448883,-0.009837687015533447,-0.12378487656593506,-0.14244890213012695,-0.027342498302459717,-0.1141877315449733,-0.062465548515319824,-0.03011399507522583,-0.12289888332367127,-0.16765952110290527,0.0374302864074707,-0.1514027483272571,-0.1522878110408783,0.040406107902526855,-0.139075792531969,-0.1210169792175293,0.011079490184783936,-0.12876004646301453
P,0.0,0.0,0.0,-0.08376404643058777,-0.07024204730987549,-0.008454972775780334,-0.1702136993408203,-0.11726146936416626,-0.033702840926252975,-0.2436840832233429,-0.1304033398628235,-0.058827554704748763,-0.30624714493751526,-0.15022486448287964,-0.08743051988085426,-0.15923276543617249,-0.24200698733329773,-0.06531941694220222,-0.2803887724876404,-0.21090567111968994,-0.10355011922320045,-0.35743847489356995,-0.19976797699928284,-0.12984806102713264,-0.4225303828716278,-0.19597846269607544,-0.15111012560328163,-0.12265244126319885,-0.1962398886680603,-0.08393509489496864,-0.2539665997028351,-0.09712576866149902,-0.12615133625467934,-0.3177523761987686,-0.023913085460662842,-0.13877859515150703,-0.36269591748714447,0.024685204029083252,-0.1497831771989695,-0.09085124731063843,-0.1216478943824768,-0.10086023611029304,-0.2086767852306366,-0.022443115711212158,-0.13396088582476295,-0.18128958344459534,-0.013054192066192627,-0.11871066492994942,-0.14399784803390503,-0.03394722938537598,-0.10911237251957573,-0.06741330027580261,-0.04061537981033325,-0.11827005994518913,-0.16552159190177917,0.031054794788360596,-0.14630715352495827,-0.14844125509262085,0.034909188747406006,-0.13475680154760994,-0.11768093705177307,0.005241513252258301,-0.12460924488505043
P,0.0,0.0,0.0,-0.09286141395568848,-0.0681341290473938,-0.008889125493737993,-0.17836683988571167,-0.12012261152267456,-0.03277893627193862,-0.2476857304573059,-0.13919773697853088,-0.05642334262040549,-0.3052566945552826,-0.16293007135391235,-0.0835667837610572,-0.1633840799331665,-0.24434196949005127,-0.0650452662458747,-0.2789616584777832,-0.21778738498687744,-0.10330248514321738,-0.3534437268972397,-0.21092981100082397,-0.13071653137114936,-0.41854754090309143,-0.20820188522338867,-0.1521182347288459,-0.12293842434883118,-0.20490053296089172,-0.08228549996522361,-0.24728542566299438,-0.1052478551864624,-0.12581744680312568,-0.31480272114276886,-0.032475411891937256,-0.1410085845938056,-0.36395369470119476,0.01844841241836548,-0.1525173921337455,-0.08782440423965454,-0.13363662362098694,-0.0974064905395835,-0.20118197798728943,-0.031570255756378174,-0.13068652043250495,-0.1833379566669464,-0.02313143014907837,-0.11782144645360404,-0.1519562304019928,-0.042682647705078125,-0.10843580106404715,-0.06424599885940552,-0.05176311731338501,-0.11291710922625953,-0.1637912094593048,0.023815631866455078,-0.1397820849171012,-0.15364870429039001,0.02699899673461914,-0.12810988614467078,-0.12480005621910095,-0.001762092113494873,-0.11669739971068793
P,0.0,0.0,0.0,-0.0946362316608429,-0.07030665874481201,-0.007248245100811346,-0.17792046070098877,-0.12205862998962402,-0.031473508491501434,-0.24609532952308655,-0.1414129137992859,-0.055824427320942505,-0.2991040349006653,-0.16780346632003784,-0.08371694983480893,-0.16169294714927673,-0.24801594018936157,-0.06394265444515668,-0.27442264556884766,-0.2236117422580719,-0.10239361824034177,-0.34887203574180603,-0.22123771905899048,-0.13098408879278622,-0.4140308201313019,-0.2215021252632141,-0.15361351372240506,-0.12101352214813232,-0.21144944429397583,-0.0812390506410452,-0.24290847778320312,-0.10916060209274292,-0.1231917500638815,-0.3101332038640976,-0.037573397159576416,-0.1372124165439459,-0.35952287912368774,0.01137012243270874,-0.14839679600237332,-0.08550533652305603,-0.1409316062927246,-0.09626751990555249,-0.19514918327331543,-0.038682758808135986,-0.12619452775953732,-0.1778363287448883,-0.03611266613006592,-0.11083765925405942,-0.14750170707702637,-0.06098824739456177,-0.10098133088587247,-0.06177440285682678,-0.05910247564315796,-0.11182720066545926,-0.15556153655052185,0.01768958568572998,-0.13628386558531247,-0.144023597240448,0.01754772663116455,-0.12318192274807416,-0.1148560643196106,-0.015080511569976807,-0.11132353396652661
P,0.0,0.0,0.0,-0.09299662709236145,-0.06439334154129028,-0.00827007331065488,-0.17803728580474854,-0.11979520320892334,-0.032576847450059176,-0.24537187814712524,-0.1429687738418579,-0.05728617645911527,-0.29957303404808044,-0.17184633016586304,-0.08571602739505124,-0.1675596833229065,-0.2551916241645813,-0.06325465031079602,-0.27916252613067627,-0.23092737793922424,-0.10084689743928266,-0.35410918295383453,-0.23058223724365234,-0.12856459953002286,-0.4191173315048218,-0.23093286156654358,-0.15106307305507016,-0.12571510672569275,-0.2185150682926178,-0.08094290234259915,-0.24974548816680908,-0.11555004119873047,-0.12661362029723477,-0.3147437125444412,-0.04297173023223877,-0.14295369722060514,-0.36262084543704987,0.006278574466705322,-0.15469646789244962,-0.08907711505889893,-0.14778268337249756,-0.09627513922862363,-0.20109188556671143,-0.04434704780578613,-0.12922321595362973,-0.17442092299461365,-0.042940378189086914,-0.11466589905433011,-0.13819196820259094,-0.07142525911331177,-0.104699018971246,-0.06369352340698242,-0.06698566675186157,-0.1121198792021687,-0.16090619564056396,0.00846189260482788,-0.1392010632913525,-0.143716961145401,0.007210075855255127,-0.12703097201995206,-0.11063706874847412,-0.028360366821289062,-0.11546696312836957
P,0.0,0.0,0.0,-0.0952417254447937,-0.06976205110549927,-0.009459732104971863,-0.17709502577781677,-0.126144140958786,-0.034134423364832855,-0.24308723211288452,-0.14829295873641968,-0.05889499001665399,-0.29837924242019653,-0.1747308373451233,-0.0871804151730089,-0.16401323676109314,-0.25683751702308655,-0.06644989736838625,-0.27760541439056396,-0.2344909906387329,-0.10743673332495973,-0.3535780757665634,-0.23500868678092957,-0.13747598417563722,-0.4189447611570358,-0.2377529740333557,-0.16094301827712343,-0.12113255262374878,-0.21995604038238525,-0.08374171145720766,-0.24374788999557495,-0.12165617942810059,-0.1297010500030069,-0.3112686276435852,-0.05213660001754761,-0.14591834135813997,-0.36091895401477814,-0.006706357002258301,-0.15809929557605074,-0.0836712121963501,-0.15066468715667725,-0.099073784430459,-0.19760987162590027,-0.04392659664154053,-0.13081655092997835,-0.17641299962997437,-0.03825181722640991,-0.11417411454482362,-0.14321112632751465,-0.0645272433757782,-0.10316699184937761,-0.057655930519104004,-0.07057029008865356,-0.11556958593888567,-0.15666523575782776,0.008920013904571533,-0.14004802890582368,-0.1434449851512909,0.010570704936981201,-0.12626043148799226,-0.11191308498382568,-0.02329498529434204,-0.11403719522519395
P,0.0,0.0,0.0,-0.09705302119255066,-0.07139617204666138,-0.008306084334719799,-0.17778176069259644,-0.1285649538040161,-0.03131350515769782,-0.24282386898994446,-0.15140578150749207,-0.054862402513492725,-0.29763685166835785,-0.17870324850082397,-0.08193578211950125,-0.1643301248550415,-0.26207786798477173,-0.06115920110033812,-0.2751625180244446,-0.23834079504013062,-0.10061441002773108,-0.3487188220024109,-0.24152114987373352,-0.12960688410686316,-0.41217662394046783,-0.2479657530784607,-0.15226338444637122,-0.12079477310180664,-0.22700047492980957,-0.07880638925718131,-0.24643254280090332,-0.12365525960922241,-0.12299084304260077,-0.31242382526397705,-0.052352309226989746,-0.13712899027751746,-0.35996513068675995,-0.005537271499633789,-0.14709564684318366,-0.0821186900138855,-0.15982815623283386,-0.09489842145131888,-0.19729238748550415,-0.05225092172622681,-0.12640976546691718,-0.1759086549282074,-0.048001617193222046,-0.10994437722848716,-0.14180999994277954,-0.07407194375991821,-0.09853003559993567,-0.05450153350830078,-0.0800081193447113,-0.1121035182325727,-0.15449529886245728,0.0010870099067687988,-0.13760280249999823,-0.1417979896068573,0.002569735050201416,-0.12457674382613959,-0.1097029447555542,-0.03195309638977051,-0.11216175942109885
P,0.0,0.0,0.0,-0.10122835636138916,-0.06663215160369873,-0.010799053197104058,-0.1798555850982666,-0.12408867478370667,-0.032951274958747945,-0.24285447597503662,-0.1539333462715149,-0.05566707074393662,-0.2966344356536865,-0.18536752462387085,-0.08152044757952126,-0.1611328423023224,-0.25623050332069397,-0.05896207883705529,-0.27121713757514954,-0.23865315318107605,-0.09964451387276085,-0.34387917816638947,-0.2456616759300232,-0.12871834829201134,-0.40674352645874023,-0.254172146320343,-0.15077236488212975,-0.11779814958572388,-0.22802245616912842,-0.076408157197136,-0.2421759068965912,-0.12512201070785522,-0.12465885475029381,-0.307229220867157,-0.04898709058761597,-0.14062796726574334,-0.3527359217405319,0.0036200881004333496,-0.1499848385130349,-0.0779179036617279,-0.16749244928359985,-0.0930487458383027,-0.19173797965049744,-0.056544095277786255,-0.12929687097420128,-0.17233961820602417,-0.044822514057159424,-0.11607653096069726,-0.14144626259803772,-0.06587687134742737,-0.10507524952043923,-0.047138333320617676,-0.09289613366127014,-0.11100696965803536,-0.14585888385772705,-0.004898130893707275,-0.13810402348389061,-0.136089026927948,0.0017325878143310547,-0.12643370225777062,-0.10730618238449097,-0.02858644723892212,-0.11444054737438591
P,0.0,0.0,0.0,-0.09884753823280334,-0.06011098623275757,-0.014471667339535088,-0.17604988813400269,-0.11453360319137573,-0.03790442411366257,-0.23669275641441345,-0.14802920818328857,-0.06163828958335671,-0.2889440059661865,-0.18414172530174255,-0.08734190229836258,-0.1572062075138092,-0.25810524821281433,-0.059057311607034535,-0.2667401432991028,-0.2427557110786438,-0.10270792011681351,-0.3390326499938965,-0.25119446218013763,-0.13272644345227036,-0.40111158788204193,-0.25957442820072174,-0.15507596497002396,-0.11501336097717285,-0.23360660672187805,-0.07596770439806733,-0.23959144949913025,-0.13467958569526672,-0.1282940185493544,-0.3044701963663101,-0.0614398717880249,-0.1459363079494551,-0.3509542942047119,-0.013615906238555908,-0.15561024610462937,-0.07729801535606384,-0.17595985531806946,-0.09300106529656205,-0.19168895483016968,-0.06214660406112671,-0.1358013278669432,-0.1711011528968811,-0.039683789014816284,-0.12395433102312836,-0.140756756067276,-0.054930180311203,-0.11195640031758103,-0.0492321252822876,-0.10179287195205688,-0.11158747736874375,-0.14568978548049927,-0.011370599269866943,-0.14370590214196,-0.13711053133010864,0.0008545815944671631,-0.13448680703106675,-0.1112806499004364,-0.02681007981300354,-0.12325872246685776
P,0.0,0.0,0.0,-0.0928996205329895,-0.06296643614768982,-0.01584738752580961,-0.1679999828338623,-0.1207464337348938,-0.03867809734083494,-0.22700852155685425,-0.15589118003845215,-0.06101878247000059,-0.27797478437423706,-0.1955505609512329,-0.08516684434152921,-0.1493549942970276,-0.2540394365787506,-0.05919054782725652,-0.2635461091995239,-0.24313417077064514,-0.10068083069063505,-0.3340492844581604,-0.2533002644777298,-0.1295764695737489,-0.39501267671585083,-0.2648872137069702,-0.15166472903229078,-0.10923606157302856,-0.2350672483444214,-0.07383013776279768,-0.23217257857322693,-0.14135798811912537,-0.12394756338335355,-0.29543769359588623,-0.07021895051002502,-0.14141502490974744,-0.34147852659225464,-0.024709641933441162,-0.15180108955837568,-0.07356888055801392,-0.18142768740653992,-0.08849387130476316,-0.1820639669895172,-0.06914946436882019,-0.12821667901016554,-0.15802782773971558,-0.053084880113601685,-0.11826329937912305,-0.12579771876335144,-0.07540017366409302,-0.10936134568191846,-0.046996504068374634,-0.11178377270698547,-0.10471344998813947,-0.1387886106967926,-0.021845221519470215,-0.13530924430824598,-0.12515756487846375,-0.008310019969940186,-0.12659872582889875,-0.09538495540618896,-0.03422003984451294,-0.11681900433040937
P,0.0,0.0,0.0,-0.09095907211303711,-0.0644868016242981,-0.013796615411933999,-0.16371417045593262,-0.12169584631919861,-0.036010635083016496,-0.2237517535686493,-0.15298759937286377,-0.05760890338331137,-0.27853596210479736,-0.18821513652801514,-0.08171152043848906,-0.14507374167442322,-0.24875856935977936,-0.06073429900914107,-0.2576380968093872,-0.23734590411186218,-0.09991813171416197,-0.32739798724651337,-0.2452886700630188,-0.1272438885620204,-0.3884846121072769,-0.25551366806030273,-0.14874300081044112,-0.10458651185035706,-0.2296724021434784,-0.07531585264712248,-0.2292298972606659,-0.13289785385131836,-0.12205236870556746,-0.2933761477470398,-0.05900561809539795,-0.13768440205365096,-0.3399730622768402,-0.011218279600143433,-0.14759289938717757,-0.06782054901123047,-0.1744316816329956,-0.08929371554165755,-0.17233869433403015,-0.06758272647857666,-0.1245217742374507,-0.15025952458381653,-0.05782315135002136,-0.11384678352385436,-0.11914825439453125,-0.08235341310501099,-0.1060634897997943,-0.040843963623046875,-0.10465484857559204,-0.1046286867907611,-0.12971806526184082,-0.017096400260925293,-0.13279311079293166,-0.11875733733177185,-0.005291163921356201,-0.12421874422341261,-0.09162944555282593,-0.03021642565727234,-0.11539477575331603
P,0.0,0.0,0.0,-0.09452173113822937,-0.05862247943878174,-0.013401944281497435,-0.16425451636314392,-0.12050390243530273,-0.036940731199422316,-0.21845245361328125,-0.15812301635742188,-0.05984910586658998,-0.269778847694397,-0.1995619237422943,-0.0857856013793139,-0.13588964939117432,-0.2614525556564331,-0.06602477663938089,-0.24565598368644714,-0.24998487532138824,-0.10809846604053064,-0.31445474922657013,-0.261018306016922,-0.1393824853915362,-0.37660759687423706,-0.2725697457790375,-0.1642039158362536,-0.09174835681915283,-0.24453164637088776,-0.0814053528923182,-0.21869102120399475,-0.14860469102859497,-0.12769852960292383,-0.28113478422164917,-0.0718226432800293,-0.14279494071189447,-0.3278333842754364,-0.022730648517608643,-0.1532767006177096,-0.05298900604248047,-0.18822383880615234,-0.0957583003658442,-0.1630220115184784,-0.08078289031982422,-0.12692974889461084,-0.13915279507637024,-0.06326508522033691,-0.11097025507871194,-0.10575494170188904,-0.08480331301689148,-0.10147798443023248,-0.025234758853912354,-0.11613377928733826,-0.1119677611607699,-0.11807715892791748,-0.029027462005615234,-0.13805951559726282,-0.10517323017120361,-0.012249350547790527,-0.12642571711722894,-0.07504191994667053,-0.036468327045440674,-0.11615670108977838
P,0.0,0.0,0.0,-0.0975559651851654,-0.057086944580078125,-0.014039137677741564,-0.166541188955307,-0.12058484554290771,-0.033616747052860774,-0.22024542093276978,-0.16084995865821838,-0.05301050031323484,-0.2697632908821106,-0.2061961591243744,-0.07517578014869741,-0.1375313103199005,-0.25985610485076904,-0.05477420175213865,-0.2404114305973053,-0.25188399851322174,-0.09520980277795843,-0.3060206174850464,-0.2642590403556824,-0.1242468685819631,-0.3659589886665344,-0.2764466106891632,-0.14620770821113638,-0.08999687433242798,-0.24710795283317566,-0.06898304382104925,-0.21525350213050842,-0.15200135111808777,-0.1167451024963384,-0.27505141496658325,-0.07687348127365112,-0.13186541506786398,-0.3187149316072464,-0.02632737159729004,-0.13920161435146383,-0.04814505577087402,-0.1926410049200058,-0.08327126065034918,-0.15572920441627502,-0.08306893706321716,-0.11908855596323065,-0.1358529031276703,-0.06490582227706909,-0.10675914147634558,-0.10587957501411438,-0.08431515097618103,-0.09626979687948278,-0.01958566904067993,-0.1213441789150238,-0.0992139683081632,-0.11186864972114563,-0.03545311093330383,-0.1284645826532369,-0.10266271233558655,-0.020001351833343506,-0.11973493108291677,-0.07554608583450317,-0.0449998676776886,-0.1092879355861669
P,0.0,0.0,0.0,-0.09712439775466919,-0.058087050914764404,-0.013808875871973214,-0.1641424298286438,-0.12470737099647522,-0.031883644467370686,-0.2151583433151245,-0.16770115494728088,-0.049903838491218266,-0.2631670832633972,-0.2128109633922577,-0.07088221476055878,-0.13625219464302063,-0.26159441471099854,-0.05110814288832444,-0.23472976684570312,-0.25576499104499817,-0.08858362451769608,-0.2978396415710449,-0.2689507305622101,-0.11522801086880463,-0.3555780053138733,-0.2822132706642151,-0.1355350823757817,-0.08895578980445862,-0.2470717430114746,-0.06579561398007172,-0.21057075262069702,-0.15581095218658447,-0.11404557392575043,-0.27319425344467163,-0.07647043466567993,-0.13004418328978318,-0.3179585933685303,-0.01875072717666626,-0.13677411392905015,-0.04782229661941528,-0.19011248648166656,-0.08043191448427933,-0.15240204334259033,-0.08795636892318726,-0.11797895894028443,-0.1354331076145172,-0.06478387117385864,-0.10779835895277756,-0.10708355903625488,-0.07910144329071045,-0.09762520954586762,-0.01956850290298462,-0.11568057537078857,-0.096412299728172,-0.11199027299880981,-0.03269481658935547,-0.1258935244438817,-0.10491380095481873,-0.01289588212966919,-0.11712971941210526,-0.0784030556678772,-0.03261345624923706,-0.10628519073702591
P,0.0,0.0,0.0,-0.09516820311546326,-0.05829706788063049,-0.016709050079043664,-0.16132014989852905,-0.1272866129875183,-0.03747027172630624,-0.20770105719566345,-0.16985984146595,-0.05744094579404191,-0.24833089113235474,-0.21529245376586914,-0.08017444043343858,-0.1275644302368164,-0.2628489136695862,-0.059388944794591225,-0.22357532382011414,-0.26376450061798096,-0.10085521071141557,-0.28487539291381836,-0.2771788388490677,-0.13054620652383164,-0.3435867428779602,-0.28865744173526764,-0.15265674321835832,-0.07936638593673706,-0.24741283059120178,-0.07295028298085526,-0.19961747527122498,-0.1595679521560669,-0.12343815891927079,-0.2616557478904724,-0.0808575451374054,-0.13929460375493363,-0.30852994322776794,-0.02430441975593567,-0.14620363145058946,-0.03764164447784424,-0.19090034067630768,-0.08654520838445023,-0.14374497532844543,-0.0896659791469574,-0.12274658112710313,-0.1279938519001007,-0.06575313210487366,-0.10902106194680528,-0.10059639811515808,-0.08094465732574463,-0.09720935105269746,-0.009695649147033691,-0.11800843477249146,-0.10207612990325288,-0.10457611083984375,-0.03680643439292908,-0.12856830089276627,-0.09653884172439575,-0.017756402492523193,-0.11657953440135316,-0.06769627332687378,-0.0396592915058136,-0.10414576708262757
P,0.0,0.0,0.0,-0.08844733238220215,-0.0693112313747406,-0.0162027312628652,-0.1547938585281372,-0.13385319709777832,-0.04049509225410475,-0.20571789145469666,-0.1697300523519516,-0.06460522321981443,-0.252660870552063,-0.2105710655450821,-0.09199282733720793,-0.12128379940986633,-0.25422196090221405,-0.0646636655740167,-0.22272339463233948,-0.252495139837265,-0.10800649432462706,-0.28441983461380005,-0.2669825255870819,-0.1382963007501985,-0.33973926305770874,-0.28136496245861053,-0.16044993160289778,-0.07795047760009766,-0.23291230201721191,-0.07972402332347883,-0.1975404918193817,-0.14564871788024902,-0.12945448813957228,-0.2589433491230011,-0.06881764531135559,-0.14281497357410444,-0.30365249514579773,-0.013633131980895996,-0.14809964058918013,-0.038987159729003906,-0.17308363318443298,-0.0948547518066789,-0.14473077654838562,-0.0782003402709961,-0.1310410892776872,-0.1292283833026886,-0.06254369020462036,-0.1160596257261659,-0.10149222612380981,-0.07777094841003418,-0.10378148613494886,-0.012523293495178223,-0.1003379225730896,-0.11185803471130384,-0.10439074039459229,-0.024513721466064453,-0.1402641778997804,-0.09645110368728638,-0.015202224254608154,-0.1289986169151689,-0.06780463457107544,-0.03983384370803833,-0.11676489768547071
P,0.0,0.0,0.0,-0.08979266881942749,-0.06532883644104004,-0.01976398857703998,-0.154511958360672,-0.13082176446914673,-0.04369047763219669,-0.20109403133392334,-0.16436083614826202,-0.06599946054092243,-0.24308598041534424,-0.19781117141246796,-0.09166846158376529,-0.11341339349746704,-0.25150877237319946,-0.07083039464822605,-0.20931851863861084,-0.2501543164253235,-0.11651573064199283,-0.2693324089050293,-0.2645752280950546,-0.14914957167974308,-0.32412445545196533,-0.2801273763179779,-0.17303838314882114,-0.06704246997833252,-0.23353222012519836,-0.08382680001130893,-0.18515485525131226,-0.14307719469070435,-0.13673592092862918,-0.24790814518928528,-0.06491658091545105,-0.15077704670301273,-0.2919880747795105,-0.006968796253204346,-0.15574750783315494,-0.02709782123565674,-0.17468217015266418,-0.09706938000789478,-0.13072001934051514,-0.0748046338558197,-0.13623033943048313,-0.11884987354278564,-0.054882586002349854,-0.12088277670017078,-0.09216934442520142,-0.06755384802818298,-0.10681730987897708,0.0009133219718933105,-0.10246926546096802,-0.11241600396505191,-0.08886104822158813,-0.025555014610290527,-0.1437626528965552,-0.08485794067382812,-0.01078885793685913,-0.13266730787626102,-0.05865126848220825,-0.032260388135910034,-0.11942062260976627
P,0.0,0.0,0.0,-0.08272373676300049,-0.06251409649848938,-0.016289490918211413,-0.1447409987449646,-0.11927729845046997,-0.03988430992751546,-0.1928744614124298,-0.15010729432106018,-0.06286691845446057,-0.23503851890563965,-0.18944764137268066,-0.08940598339825101,-0.11532136797904968,-0.24344417452812195,-0.06525818974762387,-0.2112230658531189,-0.24240709841251373,-0.10870266676931806,-0.2699210047721863,-0.25695422291755676,-0.13949690730362363,-0.32454437017440796,-0.27044185996055603,-0.16156230838089414,-0.07072585821151733,-0.22324100136756897,-0.08017094404488034,-0.18599587678909302,-0.13471171259880066,-0.13180176884918637,-0.24707835912704468,-0.05052557587623596,-0.14537118346481748,-0.2929723262786865,0.013546556234359741,-0.14885976881771512,-0.031236112117767334,-0.1629289984703064,-0.0949466449120564,-0.12777400016784668,-0.07210537791252136,-0.1329923418262524,-0.11133474111557007,-0.05542650818824768,-0.11838380218534894,-0.08445137739181519,-0.06869697570800781,-0.10466711194305844,-0.003831923007965088,-0.08978414535522461,-0.11127781094103284,-0.08827435970306396,-0.017567962408065796,-0.14114110142975278,-0.08003956079483032,-0.009456127882003784,-0.12902110786228604,-0.05306881666183472,-0.03515219688415527,-0.1147956696250958
P,0.0,0.0,0.0,-0.08073610067367554,-0.06542637944221497,-0.014885012168690537,-0.1404346227645874,-0.12484303116798401,-0.036862987201914166,-0.1871698498725891,-0.1553233563899994,-0.058543211888775204,-0.22807800769805908,-0.19445031881332397,-0.08365571416567263,-0.10624587535858154,-0.24933293461799622,-0.06367993272493777,-0.20034721493721008,-0.24759365618228912,-0.10633734531353412,-0.25960034132003784,-0.2625175416469574,-0.13726374424646792,-0.31281113624572754,-0.2782933861017227,-0.1600940815324634,-0.061990439891815186,-0.22821885347366333,-0.07875081814478335,-0.1784214973449707,-0.14049646258354187,-0.12743601120661197,-0.2402663230895996,-0.06209346652030945,-0.14061789132307467,-0.28524577617645264,-0.00048103928565979004,-0.14527821458528933,-0.022652745246887207,-0.1675194501876831,-0.09365259028623996,-0.11971300840377808,-0.08138680458068848,-0.13068245269010959,-0.1064496636390686,-0.06524869799613953,-0.11605981655071673,-0.080527663230896,-0.07352617383003235,-0.10267175651739535,0.006301522254943848,-0.09444525837898254,-0.11020386136721072,-0.0754777193069458,-0.02750799059867859,-0.14179921067903933,-0.0739898681640625,-0.016361922025680542,-0.1316461256856769,-0.052191853523254395,-0.03480306267738342,-0.11865834064434466
P,0.0,0.0,0.0,-0.07743752002716064,-0.065175861120224,-0.01732797433868427,-0.13747447729110718,-0.12189286947250366,-0.0407331835223772,-0.1839035153388977,-0.14895153045654297,-0.06315511350766201,-0.2231050729751587,-0.18662671744823456,-0.0889296371234991,-0.10725152492523193,-0.24323026835918427,-0.06617920731440563,-0.20147210359573364,-0.24078884720802307,-0.10876442377701778,-0.2598661184310913,-0.25730782747268677,-0.13956471418276806,-0.3120473623275757,-0.27408239245414734,-0.16228043173686046,-0.06387490034103394,-0.21983081102371216,-0.08066776280537624,-0.17847007513046265,-0.13160431385040283,-0.1291109088553526,-0.24023815989494324,-0.0563066303730011,-0.1420963469637968,-0.2858125567436218,0.002920985221862793,-0.14642316733733196,-0.025353193283081055,-0.15706878900527954,-0.09522022192612667,-0.12230807542800903,-0.069338858127594,-0.13168775175944347,-0.1080889105796814,-0.0568692684173584,-0.11741164957419414,-0.08226752281188965,-0.06820622086524963,-0.104523881126795,0.002611875534057617,-0.08303764462471008,-0.11155160402194042,-0.08331966400146484,-0.015056997537612915,-0.14261860286131878,-0.07993263006210327,-0.006949961185455322,-0.1319788310422041,-0.05687832832336426,-0.027488648891448975,-0.11873382960692425
P,0.0,0.0,0.0,-0.0756685733795166,-0.06698548793792725,-0.01661115889874054,-0.13008791208267212,-0.12717565894126892,-0.038522625392943155,-0.17190122604370117,-0.15889179706573486,-0.05980045539763523,-0.2070130705833435,-0.19418126344680786,-0.08438259554532124,-0.09434813261032104,-0.2510703504085541,-0.06087068659689976,-0.18296465277671814,-0.25153473019599915,-0.10082500619319035,-0.24112454056739807,-0.2697807252407074,-0.1298199687662418,-0.29206156730651855,-0.28627005219459534,-0.1515393052759464,-0.051338255405426025,-0.2294146716594696,-0.07528168899443699,-0.16319561004638672,-0.14128953218460083,-0.12215360445406986,-0.22473710775375366,-0.06501856446266174,-0.13553070468333317,-0.2695494294166565,-0.005227029323577881,-0.14039419037726475,-0.013727903366088867,-0.1687246859073639,-0.08980109733965946,-0.1071355938911438,-0.07916030287742615,-0.12543717963126255,-0.09353011846542358,-0.06541973352432251,-0.11276485217240406,-0.06898045539855957,-0.07615524530410767,-0.10119021875289036,0.013810575008392334,-0.09494683146476746,-0.10615244699147297,-0.06804865598678589,-0.024093210697174072,-0.1354480330410297,-0.06516975164413452,-0.013771653175354004,-0.12550135893252445,-0.043725013732910156,-0.033055514097213745,-0.11339272004988743
P,0.0,0.0,0.0,-0.07368779182434082,-0.06553339958190918,-0.02014046489375687,-0.1261187493801117,-0.12337091565132141,-0.04410306132513142,-0.1646488904953003,-0.15476900339126587,-0.06706970698314763,-0.1990543007850647,-0.19358690083026886,-0.09303952521759129,-0.08892488479614258,-0.2486497014760971,-0.06302069640832997,-0.17433667182922363,-0.24657537043094635,-0.10654169834333516,-0.23132282495498657,-0.26181721687316895,-0.137026210791646,-0.2822914123535156,-0.27564549446105957,-0.1580862454243288,-0.043166279792785645,-0.2263132631778717,-0.07649406558948613,-0.15384170413017273,-0.13675761222839355,-0.12571298099237538,-0.2173253893852234,-0.059393227100372314,-0.1382355741329775,-0.26381099224090576,-0.00046712160110473633,-0.14031054592805958,-0.004383862018585205,-0.16404268145561218,-0.09091920173841572,-0.09871375560760498,-0.07090556621551514,-0.12900893903452015,-0.08804577589035034,-0.05201256275177002,-0.11517921603399373,-0.06526601314544678,-0.06104192137718201,-0.10068648821788884,0.022144615650177002,-0.08921298384666443,-0.10750446236806965,-0.06005507707595825,-0.017331749200820923,-0.13757344103532887,-0.060120999813079834,-0.005668163299560547,-0.12633292890268422,-0.04088461399078369,-0.022398769855499268,-0.11179172760921574
P,0.0,0.0,0.0,-0.07028472423553467,-0.06576210260391235,-0.021632930701798614,-0.12324488162994385,-0.1234254240989685,-0.04582471444291514,-0.1643776297569275,-0.15259331464767456,-0.06863626508993548,-0.2009856402873993,-0.18555644154548645,-0.0946807679442827,-0.0888928771018982,-0.24069488048553467,-0.06394297300857943,-0.17385393381118774,-0.23812352120876312,-0.10507715909761828,-0.22918617725372314,-0.2544883191585541,-0.134785999050564,-0.2807779312133789,-0.26886746287345886,-0.1559988599924509,-0.04525566101074219,-0.21501439809799194,-0.07624435841125887,-0.15653184056282043,-0.1316012144088745,-0.12408321022076052,-0.21686112880706787,-0.06044319272041321,-0.1386817735342447,-0.26351118087768555,-0.006999850273132324,-0.14349137662929934,-0.008676290512084961,-0.15193042159080505,-0.08894887237829607,-0.10212576389312744,-0.06550052762031555,-0.12444933920187395,-0.08507102727890015,-0.05254122614860535,-0.11208991377634447,-0.059453368186950684,-0.06587421894073486,-0.10033668993992251,0.015520215034484863,-0.07726192474365234,-0.1038079526929323,-0.06709814071655273,-0.012663781642913818,-0.13031791566891116,-0.059925079345703125,-0.003781527280807495,-0.11764154254478854,-0.03575551509857178,-0.022982239723205566,-0.10387546240372103
P,0.0,0.0,0.0,-0.07054775953292847,-0.06446486711502075,-0.02352022423139033,-0.1226319670677185,-0.11959725618362427,-0.04938880583932814,-0.15988832712173462,-0.1473066210746765,-0.0731756598382276,-0.19218066334724426,-0.17858725786209106,-0.10033887481978354,-0.08154261112213135,-0.23495465517044067,-0.06880598372509894,-0.1616845428943634,-0.23076558113098145,-0.11179495460083899,-0.21621635556221008,-0.24561238288879395,-0.14220526671698508,-0.2672961354255676,-0.25744374096393585,-0.16336585438540396,-0.037602126598358154,-0.20751169323921204,-0.08060805356791434,-0.14599531888961792,-0.12452253699302673,-0.1286716595917028,-0.2065598964691162,-0.05535277724266052,-0.14228857910921988,-0.25280505418777466,-0.001025855541229248,-0.14629971838286338,-0.0010155439376831055,-0.143906831741333,-0.09307256943276343,-0.09073889255523682,-0.06026005744934082,-0.1292471424370092,-0.07693523168563843,-0.055346667766571045,-0.11706288016131339,-0.05448669195175171,-0.0722506046295166,-0.10515481835892615,0.023107469081878662,-0.069316565990448,-0.10776639586975989,-0.056148648262023926,-0.0038326382637023926,-0.1354155377178472,-0.05196261405944824,-2.4706125259399414e-05,-0.12357031411221442,-0.03125888109207153,-0.022208452224731445,-0.11014389848998007
P,0.0,0.0,0.0,-0.06689441204071045,-0.06545218825340271,-0.021581992184280807,-0.11709201335906982,-0.12469816207885742,-0.045559780349492485,-0.15443623065948486,-0.15390202403068542,-0.06775894170021957,-0.18544960021972656,-0.1798635721206665,-0.09375891988491958,-0.07527327537536621,-0.2348473072052002,-0.06609910135483688,-0.1616169810295105,-0.22925904393196106,-0.10700080697750991,-0.2162424921989441,-0.2431209832429886,-0.13717673127865737,-0.2658540606498718,-0.2558594048023224,-0.15884471838688796,-0.03061830997467041,-0.20409128069877625,-0.07858030652022308,-0.14089509844779968,-0.12556380033493042,-0.12455903892731612,-0.196499764919281,-0.054726988077163696,-0.13908002679562514,-0.2388695776462555,-0.0019226670265197754,-0.14438332026219314,0.00567173957824707,-0.13758260011672974,-0.09120866810297912,-0.08895659446716309,-0.05364909768104553,-0.12507782285427993,-0.07448983192443848,-0.03972253203392029,-0.11408806001162475,-0.05138128995895386,-0.049571990966796875,-0.10367668574070876,0.030081629753112793,-0.060563743114471436,-0.10583234732365554,-0.05163639783859253,0.00025641918182373047,-0.13140718047833388,-0.04755699634552002,0.007478982210159302,-0.11916125719761794,-0.02696436643600464,-0.009773075580596924,-0.10607530330634063
P,0.0,0.0,0.0,-0.06162691116333008,-0.06541791558265686,-0.020180520191217965,-0.11436694860458374,-0.12000450491905212,-0.04529899410846383,-0.15609553456306458,-0.14109352231025696,-0.06869791500213296,-0.19182389974594116,-0.15919482707977295,-0.09603387169482858,-0.07635140419006348,-0.2282448410987854,-0.0654232283675924,-0.15841498970985413,-0.21874144673347473,-0.10550715826394708,-0.21027913689613342,-0.23216941952705383,-0.13575784914138467,-0.2588917016983032,-0.24393698573112488,-0.15757873706462533,-0.032487452030181885,-0.19248563051223755,-0.07871237449290902,-0.1444721817970276,-0.11205345392227173,-0.12376462720277459,-0.1991736888885498,-0.044667840003967285,-0.13894608668925912,-0.24186968803405762,0.002603590488433838,-0.14499382726791055,0.0010752081871032715,-0.12259209156036377,-0.09175375901105554,-0.09505236148834229,-0.037755876779556274,-0.1253055190289274,-0.07660949230194092,-0.02821028232574463,-0.11574528418424279,-0.0513339638710022,-0.043624430894851685,-0.1063606073701635,0.022333621978759766,-0.04527446627616882,-0.10630364023091943,-0.058304011821746826,0.013845086097717285,-0.13182427041175515,-0.048984408378601074,0.015407919883728027,-0.11963169328811318,-0.024757802486419678,-0.007427334785461426,-0.10663460992219598
P,0.0,0.0,0.0,-0.05980026721954346,-0.06247749924659729,-0.02065923107159051,-0.10918855667114258,-0.11858752369880676,-0.045077665199755756,-0.14767518639564514,-0.1446925401687622,-0.06806137268733892,-0.18585380911827087,-0.16531631350517273,-0.09447771166753682,-0.06980389356613159,-0.22954219579696655,-0.06349429344129476,-0.15042594075202942,-0.2194291651248932,-0.10573939089965734,-0.20155411958694458,-0.2291523516178131,-0.13730852161836538,-0.24976426362991333,-0.24013569951057434,-0.15952578042936238,-0.025974512100219727,-0.1962893009185791,-0.0771457240481368,-0.1352154016494751,-0.1160612404346466,-0.12087771152448568,-0.18855810165405273,-0.049080878496170044,-0.13390906011056813,-0.22924792766571045,-0.0029898881912231445,-0.1382862613100997,0.007961273193359375,-0.1276702880859375,-0.09151267861318502,-0.08472859859466553,-0.040133148431777954,-0.12482364331674489,-0.07230311632156372,-0.024240076541900635,-0.11268333946657094,-0.05155026912689209,-0.032746732234954834,-0.10092268740129384,0.030310213565826416,-0.049743473529815674,-0.10801395629835042,-0.046304404735565186,0.014488041400909424,-0.13497203444433126,-0.04398751258850098,0.0235632061958313,-0.12309778337669286,-0.02623361349105835,0.00903010368347168,-0.10935113434982213
P,0.0,0.0,0.0,-0.05314856767654419,-0.05598616600036621,-0.018035720910063446,-0.10122501850128174,-0.1065172553062439,-0.04116329538368291,-0.1426374316215515,-0.12195083498954773,-0.06331348406814641,-0.1816004514694214,-0.1307447850704193,-0.08866281795047826,-0.06316357851028442,-0.21581315994262695,-0.058173511053553284,-0.14406836032867432,-0.20426040887832642,-0.09735371160053319,-0.19680124521255493,-0.20862159132957458,-0.12810651945613927,-0.24345454573631287,-0.2153177261352539,-0.14981833087944096,-0.019693493843078613,-0.17900976538658142,-0.07158195960067815,-0.12568041682243347,-0.09200194478034973,-0.1115601061537177,-0.17881479859352112,-0.021325647830963135,-0.1251040844871909,-0.21651029586791992,0.02551865577697754,-0.13017198431037968,0.014440536499023438,-0.10831311345100403,-0.0851250960185439,-0.07240605354309082,-0.02377098798751831,-0.11699224996112889,-0.06411212682723999,-0.0043087005615234375,-0.10750105219625539,-0.04717749357223511,-0.008429646492004395,-0.09748400735401219,0.038361549377441406,-0.03190094232559204,-0.10019390272640294,-0.031762897968292236,0.03241991996765137,-0.12769576894783086,-0.030323386192321777,0.04469174146652222,-0.11661557840847081,-0.01450413465499878,0.033663809299468994,-0.1028982027127654
P,0.0,0.0,0.0,-0.05266165733337402,-0.06494241952896118,-0.023428196203269636,-0.1019582748413086,-0.11960381269454956,-0.0500255544896504,-0.1463651955127716,-0.13795024156570435,-0.07477133918956724,-0.18676704168319702,-0.15065839886665344,-0.10285256255821196,-0.060377657413482666,-0.23034808039665222,-0.06254276086048094,-0.14120984077453613,-0.20988306403160095,-0.10776968498186079,-0.18953627347946167,-0.21758326888084412,-0.14497049350694624,-0.23582357168197632,-0.22754624485969543,-0.17037666041807142,-0.017952024936676025,-0.18798711895942688,-0.07524126965955702,-0.133607417345047,-0.09193068742752075,-0.11918433953479735,-0.18448328971862793,-0.02991849184036255,-0.13547732133821455,-0.22293582558631897,0.007359504699707031,-0.14194122154668776,0.01415252685546875,-0.1109362244606018,-0.08885985065654722,-0.08478301763534546,-0.014357507228851318,-0.12119890202239958,-0.07127457857131958,-0.00884026288986206,-0.10865447868064848,-0.04966992139816284,-0.02715390920639038,-0.09631981898502318,0.03537791967391968,-0.02913951873779297,-0.10501549590782133,-0.04842698574066162,0.03875774145126343,-0.13119448919252363,-0.04029488563537598,0.03739899396896362,-0.1166020875091931,-0.015591859817504883,0.00942540168762207,-0.10021592874483076
P,0.0,0.0,0.0,-0.0540122389793396,-0.06905090808868408,-0.02512512827485125,-0.10041111707687378,-0.12507671117782593,-0.053598788624697136,-0.14218711853027344,-0.14321476221084595,-0.07962145382731478,-0.18089443445205688,-0.15112248063087463,-0.10922560567229311,-0.05839824676513672,-0.24264690279960632,-0.06955660605996172,-0.13837459683418274,-0.22457405924797058,-0.1176913502272896,-0.18963611125946045,-0.23293626308441162,-0.15595738316147845,-0.2385767698287964,-0.24414625763893127,-0.1813731017169289,-0.013262510299682617,-0.20394408702850342,-0.08108680421679537,-0.13227427005767822,-0.10368680953979492,-0.12790767574875872,-0.19026970863342285,-0.039156436920166016,-0.1435056301411919,-0.23237621784210205,0.0031515955924987793,-0.14852805162041705,0.02026236057281494,-0.12755978107452393,-0.09354840690463107,-0.08356565237045288,-0.03072226047515869,-0.12787367129891436,-0.07223987579345703,-0.028037428855895996,-0.11510950053303759,-0.04976332187652588,-0.048570334911346436,-0.1016766625103287,0.04176223278045654,-0.04652297496795654,-0.1085699918326668,-0.046375274658203125,0.02075791358947754,-0.1361164721307091,-0.03986251354217529,0.01806354522705078,-0.12182920152514498,-0.013894379138946533,-0.009947776794433594,-0.1047911542114548
P,0.0,0.0,0.0,-0.05681365728378296,-0.06454795598983765,-0.02037867352834155,-0.10725879669189453,-0.11694315075874329,-0.04675296515694072,-0.15131616592407227,-0.1349136233329773,-0.07214249864688327,-0.19078126549720764,-0.1424500048160553,-0.10085004017224719,-0.0638805627822876,-0.23678678274154663,-0.05853313029280116,-0.13588643074035645,-0.21186456084251404,-0.10411212042441775,-0.18253988027572632,-0.21017038822174072,-0.14036721185317447,-0.2255726158618927,-0.21136987209320068,-0.16350802973380496,-0.0203554630279541,-0.19010266661643982,-0.0732478444325011,-0.13598543405532837,-0.08894389867782593,-0.11676018134227206,-0.19397854804992676,-0.021865010261535645,-0.13312070265880038,-0.23560985922813416,0.018901169300079346,-0.13862382069697787,0.011848986148834229,-0.10776373744010925,-0.08896323487630298,-0.08616745471954346,-0.01169675588607788,-0.12185260847678592,-0.07487660646438599,-0.005434274673461914,-0.11435290620198657,-0.05394458770751953,-0.025094151496887207,-0.1047679056273978,0.03280949592590332,-0.022406160831451416,-0.1064863224374335,-0.05243086814880371,0.04564023017883301,-0.1315291692363303,-0.04571998119354248,0.045152127742767334,-0.11861048087945392,-0.021387338638305664,0.016850054264068604,-0.10330578878989627
P,0.0,0.0,0.0,-0.06120610237121582,-0.0719878077507019,-0.024116562354606685,-0.12058818340301514,-0.12291592359542847,-0.05641632494632631,-0.1712428629398346,-0.133518785238266,-0.0857401114434424,-0.21394488215446472,-0.1329125165939331,-0.1195252534479323,-0.07530856132507324,-0.2366202473640442,-0.08228696105186373,-0.16954314708709717,-0.21277117729187012,-0.13176158783142,-0.22883141040802002,-0.21205830574035645,-0.16759612378780275,-0.28196239471435547,-0.21546438336372375,-0.1908116709918204,-0.028206586837768555,-0.1862558126449585,-0.09464803305570513,-0.1608138084411621,-0.08335721492767334,-0.14171447572414309,-0.22481191158294678,-0.012561142444610596,-0.15303391930763155,-0.2716035544872284,0.0336003303527832,-0.15561685678665071,0.005371749401092529,-0.10124862194061279,-0.10685069081489473,-0.10423290729522705,-0.008454561233520508,-0.1422610801190558,-0.09334677457809448,-0.009707272052764893,-0.12727899071876436,-0.071280837059021,-0.03666496276855469,-0.11274275151197344,0.024676740169525146,-0.016492247581481934,-0.12047786978189379,-0.07074743509292603,0.044243574142456055,-0.14962852713767916,-0.06552422046661377,0.03811454772949219,-0.13335471567813784,-0.04059016704559326,0.0033081769943237305,-0.11499269274179369
P,0.0,0.0,0.0,-0.0647655725479126,-0.06842350959777832,-0.028275723885315074,-0.125310480594635,-0.12258583307266235,-0.06348107134880365,-0.17348292469978333,-0.13481783866882324,-0.09503585224928202,-0.21642416715621948,-0.14047199487686157,-0.13151811933101953,-0.08266133069992065,-0.2365434169769287,-0.09341485923113169,-0.16954714059829712,-0.21568629145622253,-0.14858584975780786,-0.22835266590118408,-0.2160865068435669,-0.18873862301887812,-0.2834630608558655,-0.21754240989685059,-0.21519749736370386,-0.03351163864135742,-0.1877683401107788,-0.10480774318756403,-0.16377854347229004,-0.09115934371948242,-0.1566181567865783,-0.22838222980499268,-0.02166050672531128,-0.16969645893158258,-0.2763744294643402,0.024285316467285156,-0.17472290372433008,0.0017482638359069824,-0.10276913642883301,-0.11630684262098612,-0.10710000991821289,-0.011859655380249023,-0.15637723481239618,-0.09910809993743896,-0.004837155342102051,-0.1406545875030929,-0.07674932479858398,-0.02423727512359619,-0.12588691091121973,0.02206951379776001,-0.016296982765197754,-0.12958269691051783,-0.07394027709960938,0.04642081260681152,-0.1639409450251037,-0.07286036014556885,0.04594886302947998,-0.14941851174415888,-0.05011141300201416,0.017686128616333008,-0.13243901109279932
P,0.0,0.0,0.0,-0.07087016105651855,-0.06894302368164062,-0.029696826639678875,-0.13702112436294556,-0.12451457977294922,-0.06486060358872692,-0.19056016206741333,-0.13459903001785278,-0.09639129676213543,-0.23685508966445923,-0.138735830783844,-0.1332636091887025,-0.09569746255874634,-0.23983794450759888,-0.09147818275084774,-0.18881523609161377,-0.21475476026535034,-0.1425472263275651,-0.2522883415222168,-0.21396777033805847,-0.17943832911839763,-0.30965110659599304,-0.21604493260383606,-0.20538029708257,-0.04691457748413086,-0.18789732456207275,-0.10268050320735256,-0.18167638778686523,-0.09526711702346802,-0.15096587576260845,-0.2482852339744568,-0.031508684158325195,-0.16374284662595073,-0.2987250089645386,0.008380532264709473,-0.1712618533550767,-0.011277556419372559,-0.10108137130737305,-0.11408338584294597,-0.127346932888031,-0.009775161743164062,-0.15121897198548595,-0.1138695478439331,-0.0019106864929199219,-0.13545492925038616,-0.08623760938644409,-0.022980093955993652,-0.12340932227959911,0.009636282920837402,-0.01270604133605957,-0.12760973610272686,-0.09370535612106323,0.04996287822723389,-0.15988495089402477,-0.08834904432296753,0.04963326454162598,-0.14593920745244304,-0.06124377250671387,0.01795560121536255,-0.13184160627713482
P,0.0,0.0,0.0,-0.07697182893753052,-0.0708543062210083,-0.031357799640034045,-0.14508002996444702,-0.12548041343688965,-0.06948947625431856,-0.20057666301727295,-0.1372230052947998,-0.10233871357712587,-0.25132495164871216,-0.14867538213729858,-0.14157970713648638,-0.09578603506088257,-0.23969236016273499,-0.10710347162756761,-0.1975148618221283,-0.21528777480125427,-0.16126940118346056,-0.2648351192474365,-0.2120777666568756,-0.20103462504420122,-0.3239797353744507,-0.213107168674469,-0.22944453822645983,-0.04496639966964722,-0.188798725605011,-0.1164590762761577,-0.1776668131351471,-0.10373705625534058,-0.1673234002498134,-0.24972233176231384,-0.035286664962768555,-0.18144099878344377,-0.30351632833480835,0.011689066886901855,-0.1914202021268352,-0.010535120964050293,-0.10251045227050781,-0.12467280494246324,-0.12524986267089844,-0.015323281288146973,-0.16476294862303575,-0.12531059980392456,-0.008548080921173096,-0.14865813123259386,-0.10431265830993652,-0.02534043788909912,-0.13671266006502947,0.006401240825653076,-0.012560725212097168,-0.1346487598327144,-0.09613370895385742,0.0474202036857605,-0.17079109417471727,-0.10032248497009277,0.04452604055404663,-0.15787618326220354,-0.07794308662414551,0.01575779914855957,-0.14438198970827898
P,0.0,0.0,0.0,-0.07990413904190063,-0.07277262210845947,-0.031726931350220866,-0.15142416954040527,-0.12776565551757812,-0.07397241996406478,-0.21354398131370544,-0.1350826621055603,-0.11057128118156356,-0.2707887291908264,-0.14097505807876587,-0.15368870006679458,-0.10944360494613647,-0.23842275142669678,-0.11790391908763809,-0.21488919854164124,-0.20883741974830627,-0.1742153625357048,-0.28655558824539185,-0.204205721616745,-0.21546532319663925,-0.34680771827697754,-0.20496994256973267,-0.2461339394915001,-0.05756324529647827,-0.18521463871002197,-0.12767355249999923,-0.19432732462882996,-0.0992499589920044,-0.181000427471389,-0.26675015687942505,-0.03770434856414795,-0.195793227421035,-0.3212810754776001,0.0026516318321228027,-0.20802769170879287,-0.022442400455474854,-0.09523189067840576,-0.13564060734390182,-0.14556831121444702,-0.01058495044708252,-0.17499730096935195,-0.13922178745269775,-0.0018939971923828125,-0.1556643109190361,-0.10900402069091797,-0.013378322124481201,-0.14376939939140243,-0.004603743553161621,-0.005402743816375732,-0.14566984878658218,-0.11349833011627197,0.053750038146972656,-0.18205486343978805,-0.11619019508361816,0.054329752922058105,-0.169381455646743,-0.08930999040603638,0.030085623264312744,-0.15759940551399154
P,0.0,0.0,0.0,-0.07877761125564575,-0.07304483652114868,-0.03181707096720743,-0.1558666229248047,-0.12268173694610596,-0.08116659132267046,-0.2180894911289215,-0.12546676397323608,-0.12407207099224138,-0.27765554189682007,-0.13774853944778442,-0.1734407505157094,-0.10959595441818237,-0.2375394105911255,-0.14294695464397478,-0.225753515958786,-0.2043379843235016,-0.20862738398338365,-0.300070583820343,-0.20214655995368958,-0.25392996875072527,-0.3644251525402069,-0.2048814296722412,-0.28658186999584245,-0.06244140863418579,-0.17804604768753052,-0.1538951804998021,-0.2034062147140503,-0.08672827482223511,-0.21536717919136095,-0.2736123204231262,-0.024309754371643066,-0.22745507565761613,-0.32642096281051636,0.018171370029449463,-0.23693574575210619,-0.02927565574645996,-0.08809870481491089,-0.16202118603015947,-0.15255314111709595,-0.0071866512298583984,-0.20475184527660417,-0.14221274852752686,-0.014063417911529541,-0.1774136236074071,-0.11102080345153809,-0.04263639450073242,-0.15944587794567155,-0.01097780466079712,-0.0018550753593444824,-0.17183683422828722,-0.11851495504379272,0.052013516426086426,-0.20982537773872423,-0.12134283781051636,0.04253339767456055,-0.19213606027389574,-0.09658753871917725,0.0059514641761779785,-0.17580628005291032
P,0.0,0.0,0.0,-0.0753936767578125,-0.0827641487121582,-0.024986358899639072,-0.1534622311592102,-0.13151484727859497,-0.06739891188220781,-0.21838459372520447,-0.13157141208648682,-0.1052799882181148,-0.275191992521286,-0.13209831714630127,-0.1497969092615108,-0.10928893089294434,-0.23921754956245422,-0.11954522000627321,-0.23342591524124146,-0.20496952533721924,-0.17240866141395372,-0.31041181087493896,-0.19953450560569763,-0.20818178968505663,-0.3741000294685364,-0.19706827402114868,-0.23475093262271685,-0.06386339664459229,-0.17697805166244507,-0.13208909945564073,-0.21280574798583984,-0.08183002471923828,-0.18184866623954576,-0.28338852524757385,-0.02223116159439087,-0.19076158719138903,-0.3355003595352173,0.015845179557800293,-0.1993290992267589,-0.030853271484375,-0.08715039491653442,-0.14189297573642534,-0.1573023796081543,-0.00416111946105957,-0.17718679325656694,-0.14639031887054443,-0.014403045177459717,-0.15519789474086565,-0.11797839403152466,-0.04427182674407959,-0.14215566830711168,-0.011544644832611084,0.0001297593116760254,-0.1529222639091472,-0.1196131706237793,0.059726834297180176,-0.18586032705383104,-0.11690610647201538,0.04942142963409424,-0.17083976285533709,-0.09109163284301758,0.012623012065887451,-0.15779451148586077
P,0.0,0.0,0.0,-0.0779983401298523,-0.08350342512130737,-0.028178834681909848,-0.15337055921554565,-0.13529932498931885,-0.06954418993512945,-0.21596893668174744,-0.13579481840133667,-0.1063598928503211,-0.27312520146369934,-0.137831449508667,-0.14937918013851004,-0.10849523544311523,-0.2502976655960083,-0.11419618255416708,-0.22487890720367432,-0.21392232179641724,-0.16925965375224905,-0.30029237270355225,-0.20531153678894043,-0.2083385301284011,-0.3653947710990906,-0.20093849301338196,-0.23679243153850393,-0.06170934438705444,-0.1895132064819336,-0.126380146806639,-0.19804710149765015,-0.0922691822052002,-0.18007741994182425,-0.2728906273841858,-0.028761863708496094,-0.1942420763425048,-0.32859933376312256,0.011507034301757812,-0.2057442528657134,-0.026456594467163086,-0.09949600696563721,-0.13679281002799826,-0.14414384961128235,-0.012055158615112305,-0.17883174247066336,-0.14170429110527039,-0.014941692352294922,-0.1610623908690627,-0.11818057298660278,-0.03897017240524292,-0.1487265241793807,-0.005125880241394043,-0.011134743690490723,-0.14872998124877768,-0.1087038516998291,0.05289655923843384,-0.18484078473369436,-0.11192744970321655,0.046243906021118164,-0.17121862000743704,-0.09009748697280884,0.011482775211334229,-0.15831892318050222
P,0.0,0.0,0.0,-0.07832521200180054,-0.08026063442230225,-0.028413788730290435,-0.15534526109695435,-0.13138234615325928,-0.06836111595669081,-0.2207651436328888,-0.13284599781036377,-0.10305903604069044,-0.2800064980983734,-0.1398148536682129,-0.1439616729859381,-0.11222577095031738,-0.24617266654968262,-0.116615725064662,-0.23629772663116455,-0.20966580510139465,-0.16973002752104094,-0.3139830231666565,-0.20139312744140625,-0.2075898398999243,-0.37866413593292236,-0.20068031549453735,-0.2358077069167166,-0.06588917970657349,-0.18774059414863586,-0.12708987792768767,-0.21019110083580017,-0.08537107706069946,-0.17769724627771666,-0.2840085029602051,-0.02458810806274414,-0.19037300845423033,-0.3354470729827881,0.01682865619659424,-0.20142645140924742,-0.03213471174240112,-0.09757524728775024,-0.13520053526201536,-0.15522611141204834,-0.0030303597450256348,-0.17239609857836058,-0.15820762515068054,-0.000652015209197998,-0.1519952913168936,-0.1386430263519287,-0.02024894952774048,-0.13897657891550352,-0.013258576393127441,-0.009030163288116455,-0.14512679477968504,-0.12065935134887695,0.0550118088722229,-0.1807312419060736,-0.12578165531158447,0.04774349927902222,-0.16741019984522154,-0.10411345958709717,0.01352471113204956,-0.1542817105893164
P,0.0,0.0,0.0,-0.08216440677642822,-0.07701349258422852,-0.03171373640935826,-0.16047173738479614,-0.1258881688117981,-0.0760057803038876,-0.2249300479888916,-0.12507373094558716,-0.11419023683112073,-0.2862662971019745,-0.1330798864364624,-0.15869278570454526,-0.11870262026786804,-0.2435266077518463,-0.13021192809384274,-0.23710602521896362,-0.2121421992778778,-0.19318852683346677,-0.3147849142551422,-0.20658695697784424,-0.2388124402407925,-0.3826316297054291,-0.20620638132095337,-0.2719545598868649,-0.06830078363418579,-0.1876521110534668,-0.14114032050412106,-0.20565679669380188,-0.09210866689682007,-0.20110783835690427,-0.2831452488899231,-0.023372948169708252,-0.21693318446915555,-0.3392471969127655,0.02400118112564087,-0.229414292776994,-0.03007274866104126,-0.09817802906036377,-0.1500193860177319,-0.14740747213363647,-0.009615302085876465,-0.19449425598423886,-0.15568390488624573,-0.004142463207244873,-0.17334564884941983,-0.1369437873363495,-0.019539356231689453,-0.1588324244860928,-0.00854957103729248,-0.007782101631164551,-0.16102852782051968,-0.11485442519187927,0.0571589469909668,-0.20164527853768277,-0.12601664662361145,0.0529484748840332,-0.1888287897948544,-0.10717332363128662,0.02172529697418213,-0.17559368273060727
P,0.0,0.0,0.0,-0.08317792415618896,-0.07903093099594116,-0.029988956492616126,-0.16570913791656494,-0.1279401183128357,-0.07286739614255566,-0.23281630873680115,-0.12338465452194214,-0.11082709845550198,-0.29286807775497437,-0.12434256076812744,-0.155208806362225,-0.12421834468841553,-0.2408267855644226,-0.12219783928640027,-0.2510000467300415,-0.2038443684577942,-0.1811441731119885,-0.330499529838562,-0.1965044140815735,-0.2222830456162228,-0.39771997928619385,-0.19599339365959167,-0.25210220631606717,-0.0760570764541626,-0.17969349026679993,-0.13452797647960324,-0.21788740158081055,-0.0810503363609314,-0.19144463058955807,-0.2934471368789673,-0.014479339122772217,-0.2048747193480267,-0.3474423289299011,0.02921926975250244,-0.2153056960964932,-0.03841757774353027,-0.0901564359664917,-0.14516423162467618,-0.1605333685874939,0.00042361021041870117,-0.18903617080695767,-0.16363513469696045,0.005101978778839111,-0.1690902214909329,-0.14238637685775757,-0.015259742736816406,-0.15484103080279965,-0.01595747470855713,-0.0008934140205383301,-0.15772452470309872,-0.12509894371032715,0.0645487904548645,-0.19690604027755398,-0.13061848282814026,0.060091614723205566,-0.183830450143887,-0.10795795917510986,0.02648848295211792,-0.1704830926323666
P,0.0,0.0,0.0,-0.08247268199920654,-0.07224178314208984,-0.026778290331861854,-0.16628313064575195,-0.12201619148254395,-0.06780005274762857,-0.23578068614006042,-0.1289459466934204,-0.10515525965442407,-0.29977136850357056,-0.14123216271400452,-0.14882564573039758,-0.13364732265472412,-0.23831498622894287,-0.11330518899907815,-0.25824716687202454,-0.21082741022109985,-0.16692401497115839,-0.33843010663986206,-0.2069511115550995,-0.20270404247989404,-0.405399888753891,-0.2091890573501587,-0.229920029923818,-0.08818089962005615,-0.18337011337280273,-0.1268400999759649,-0.23122194409370422,-0.08826392889022827,-0.1781893077348684,-0.30339646339416504,-0.01839238405227661,-0.1874627920841192,-0.3558763265609741,0.020020246505737305,-0.1965526494239782,-0.05046004056930542,-0.09856194257736206,-0.13885623244991052,-0.1736738383769989,-0.006595790386199951,-0.17818392841567743,-0.16664013266563416,0.003008604049682617,-0.1557879748796438,-0.13963815569877625,-0.01856851577758789,-0.14216093747367609,-0.026520907878875732,-0.012482881546020508,-0.1528146865819906,-0.13347086310386658,0.059338152408599854,-0.18809138266792047,-0.1297750473022461,0.05924713611602783,-0.17403861908664453,-0.10222190618515015,0.025199055671691895,-0.16191487042655694
P,0.0,0.0,0.0,-0.08916568756103516,-0.07338029146194458,-0.025657627617590606,-0.16774064302444458,-0.12631011009216309,-0.06593603443133134,-0.23321634531021118,-0.13827991485595703,-0.10204086255060929,-0.2953771948814392,-0.16078999638557434,-0.1433936263226201,-0.13395139575004578,-0.2589377462863922,-0.11727777670847672,-0.25183284282684326,-0.2322772741317749,-0.17507196020113724,-0.3322247862815857,-0.22605842351913452,-0.2147231454752614,-0.4021533727645874,-0.2219589650630951,-0.24387139629351395,-0.08553111553192139,-0.20716050267219543,-0.1315910721920659,-0.22610574960708618,-0.10180014371871948,-0.19244270574080247,-0.30765700340270996,-0.023911595344543457,-0.2095855380200078,-0.36656275391578674,0.02898430824279785,-0.2227271701000859,-0.046113789081573486,-0.12200361490249634,-0.14349403034674424,-0.17066925764083862,-0.023126184940338135,-0.18979520153033036,-0.163324773311615,-0.01395505666732788,-0.1706368679903676,-0.13268348574638367,-0.03330516815185547,-0.15692373167502183,-0.019511640071868896,-0.03593897819519043,-0.1568664069079091,-0.1320478618144989,0.04153120517730713,-0.19630958687292832,-0.13150370121002197,0.040746092796325684,-0.1837012971543004,-0.10464620590209961,0.0017288923263549805,-0.1709628457926442
P,0.0,0.0,0.0,-0.09329628944396973,-0.08246421813964844,-0.026626253306346825,-0.1713162660598755,-0.13847535848617554,-0.06532572190411656,-0.23807376623153687,-0.14649370312690735,-0.10035242865927785,-0.2973746657371521,-0.1613946557044983,-0.14068289081700414,-0.13349029421806335,-0.26658564805984497,-0.10863070915587514,-0.25774821639060974,-0.2297671139240265,-0.16317981462128728,-0.33719268441200256,-0.2236463725566864,-0.20063626746781438,-0.40527355670928955,-0.22585326433181763,-0.22823688368447392,-0.08501696586608887,-0.214443176984787,-0.12157656978018849,-0.22547796368598938,-0.10435861349105835,-0.1782295552933988,-0.3045493960380554,-0.03115743398666382,-0.19269010405190556,-0.3591938465833664,0.016992807388305664,-0.20339892785199254,-0.04587429761886597,-0.12779420614242554,-0.1330334542239484,-0.16789114475250244,-0.024540841579437256,-0.17695473115094273,-0.17390018701553345,-0.013595640659332275,-0.15832436065323918,-0.15374529361724854,-0.028461992740631104,-0.14457359890587895,-0.022297382354736328,-0.03814399242401123,-0.14654239992745488,-0.13210853934288025,0.038251280784606934,-0.18469333629258244,-0.13979312777519226,0.038176119327545166,-0.17323349396832555,-0.11864867806434631,0.005755603313446045,-0.1608141360724744
P,0.0,0.0,0.0,-0.09303122758865356,-0.08039849996566772,-0.022341973323250386,-0.17405256628990173,-0.1351473033428192,-0.05828045791747627,-0.2428886592388153,-0.1456354558467865,-0.09098963550093231,-0.30368268489837646,-0.16308799386024475,-0.12950337788822708,-0.13796767592430115,-0.2626355290412903,-0.10357689968111572,-0.26364201307296753,-0.22792556881904602,-0.15146807691814956,-0.3409748077392578,-0.22330942749977112,-0.18383003136875686,-0.4073322117328644,-0.22515332698822021,-0.20868761203053054,-0.09190386533737183,-0.20925933122634888,-0.1172558452821022,-0.2414858341217041,-0.09830677509307861,-0.16957839689018783,-0.31863105297088623,-0.02677333354949951,-0.18401683232548294,-0.372249960899353,0.025904715061187744,-0.19547423085930404,-0.05493128299713135,-0.12283563613891602,-0.12824136874439773,-0.17814654111862183,-0.02010035514831543,-0.16938070318462906,-0.1747991144657135,-0.017686843872070312,-0.15414366981747207,-0.15124282240867615,-0.03723853826522827,-0.14374939462902603,-0.03226858377456665,-0.034167587757110596,-0.14010556897881088,-0.14136147499084473,0.03806900978088379,-0.1766498174405342,-0.1409558355808258,0.032071709632873535,-0.16585757694008407,-0.11706706881523132,-0.004682064056396484,-0.15472299716236648
P,0.0,0.0,0.0,-0.0888359546661377,-0.07468909025192261,-0.022093908239355642,-0.17342448234558105,-0.128056138753891,-0.058554246399751264,-0.24609333276748657,-0.14183714985847473,-0.09146887001787718,-0.30739670991897583,-0.17085662484169006,-0.1288921230772644,-0.14060789346694946,-0.26329439878463745,-0.10280770001207884,-0.26197242736816406,-0.23645421862602234,-0.1525798135737091,-0.34279680252075195,-0.23412078619003296,-0.18569904503618773,-0.4104861617088318,-0.23664209246635437,-0.21103447613512571,-0.09660595655441284,-0.21108612418174744,-0.11636526820456083,-0.24356573820114136,-0.10480636358261108,-0.1689769023398071,-0.3218681216239929,-0.03331172466278076,-0.18134096202646788,-0.37618184089660645,0.015015244483947754,-0.1912997805813461,-0.06118851900100708,-0.12585949897766113,-0.12784282800947722,-0.18629619479179382,-0.025856196880340576,-0.1672711068133026,-0.1733528971672058,-0.023041725158691406,-0.14755375621115263,-0.1432698667049408,-0.04828000068664551,-0.1342612498739868,-0.037666141986846924,-0.03937298059463501,-0.14060328838621672,-0.14756077527999878,0.03201019763946533,-0.1755604886749893,-0.14542734622955322,0.029339969158172607,-0.16325953540598448,-0.1223028302192688,-0.008755207061767578,-0.1511808031538635
P,0.0,0.0,0.0,-0.0899045467376709,-0.07526218891143799,-0.02066833515897315,-0.17497986555099487,-0.13198232650756836,-0.053860474277882986,-0.2474633753299713,-0.15114647150039673,-0.08495062207117599,-0.31118789315223694,-0.18610000610351562,-0.11957940821781676,-0.14574262499809265,-0.2754676342010498,-0.08577051376238387,-0.2658355236053467,-0.25331056118011475,-0.13209620480671447,-0.3472495675086975,-0.2519124746322632,-0.16313796107903045,-0.41503843665122986,-0.2553291916847229,-0.1873305476202063,-0.10365113615989685,-0.22612303495407104,-0.10128470872774642,-0.2501298189163208,-0.1262894868850708,-0.15318777029648345,-0.3268307149410248,-0.057120680809020996,-0.16817555194035094,-0.37890368700027466,-0.012921452522277832,-0.17967796688213866,-0.06948405504226685,-0.14270827174186707,-0.11568925147190612,-0.1989630162715912,-0.03946053981781006,-0.15657867853775542,-0.18075555562973022,-0.026389598846435547,-0.13972218697205108,-0.14676260948181152,-0.047654569149017334,-0.12766734128132384,-0.04635608196258545,-0.054916441440582275,-0.13156970207825225,-0.15664467215538025,0.020699620246887207,-0.16662297015324157,-0.1464260220527649,0.023118674755096436,-0.15566604201927703,-0.11685988306999207,-0.013617634773254395,-0.14453553025856536
P,0.0,0.0,0.0,-0.08828270435333252,-0.08452200889587402,-0.021064970674444794,-0.17201828956604004,-0.14360341429710388,-0.05587533678345835,-0.24529993534088135,-0.16446423530578613,-0.0882253144257561,-0.30576181411743164,-0.19824367761611938,-0.12421756427221453,-0.13797208666801453,-0.2824546694755554,-0.09034720997743761,-0.2633914649486542,-0.2635501027107239,-0.14058101366691744,-0.3466857969760895,-0.2633742690086365,-0.17406873594455874,-0.4160546362400055,-0.26866644620895386,-0.19906220029525912,-0.0969436764717102,-0.2297457456588745,-0.10506092201404726,-0.24602991342544556,-0.13433080911636353,-0.15894679914646304,-0.3275747299194336,-0.06689947843551636,-0.1732535530202881,-0.38383764028549194,-0.02261066436767578,-0.18397672663860476,-0.0655362606048584,-0.14558324217796326,-0.11867324452333605,-0.1973513960838318,-0.0492672324180603,-0.1605100948684708,-0.1869540512561798,-0.03627985715866089,-0.1417982150190369,-0.1575651466846466,-0.05257701873779297,-0.12771158109836733,-0.04645651578903198,-0.056332409381866455,-0.1338928956859604,-0.16092920303344727,0.013247787952423096,-0.16815510581665194,-0.1596429944038391,0.015148460865020752,-0.15585215579204714,-0.1361408829689026,-0.017955660820007324,-0.1433402765863434
P,0.0,0.0,0.0,-0.08832758665084839,-0.08436852693557739,-0.019362565384483332,-0.1754540205001831,-0.14634457230567932,-0.0529685581785202,-0.2517280578613281,-0.1650875210762024,-0.08404007952032089,-0.31341320276260376,-0.19097715616226196,-0.11936086814222335,-0.1398252248764038,-0.2787266969680786,-0.09075327615556716,-0.27027687430381775,-0.2602161467075348,-0.1366452987056732,-0.3534898906946182,-0.26138007640838623,-0.16725845287857055,-0.42143514752388,-0.27043235301971436,-0.19155691217002868,-0.10061526298522949,-0.2216334342956543,-0.10636707793292999,-0.25545644760131836,-0.13143211603164673,-0.1583946461540222,-0.33379536867141724,-0.061776936054229736,-0.17241835247097015,-0.3848932236433029,-0.014677822589874268,-0.18350009273109436,-0.07180899381637573,-0.13517707586288452,-0.12021419803915023,-0.20942917466163635,-0.04805999994277954,-0.1603756512266159,-0.19053924083709717,-0.03747659921646118,-0.1429886187177658,-0.15361860394477844,-0.05622643232345581,-0.13122503112373352,-0.05505937337875366,-0.046751976013183594,-0.13519581805286407,-0.17156526446342468,0.01303720474243164,-0.16863086472568511,-0.1612391471862793,0.01345759630203247,-0.15674759100494384,-0.1298387348651886,-0.02067887783050537,-0.14578006814537048
P,0.0,0.0,0.0,-0.08337944746017456,-0.08318305015563965,-0.02064178433744246,-0.17175978422164917,-0.14473679661750793,-0.05574078221349055,-0.2499164342880249,-0.16782784461975098,-0.08846330378679568,-0.315030574798584,-0.19955694675445557,-0.12491658811001116,-0.13999056816101074,-0.27982163429260254,-0.09283128116754824,-0.27294936776161194,-0.2711171805858612,-0.14217304174331957,-0.35703206062316895,-0.271853506565094,-0.174134587091487,-0.42621099948883057,-0.27906203269958496,-0.19871443991092974,-0.1046409010887146,-0.22418677806854248,-0.10891836617616946,-0.2591508626937866,-0.14165213704109192,-0.1641856182041579,-0.33713364601135254,-0.06997531652450562,-0.17910035435585314,-0.38930821418762207,-0.022786617279052734,-0.19036089364914233,-0.07894724607467651,-0.13887062668800354,-0.12361459915069872,-0.21689695119857788,-0.05061805248260498,-0.16614239398865038,-0.19342371821403503,-0.02871882915496826,-0.14845827702907854,-0.15359562635421753,-0.041079044342041016,-0.13580731038479144,-0.0635230541229248,-0.050612807273864746,-0.13972959403423602,-0.17765235900878906,0.01285022497177124,-0.17411524538425738,-0.16274824738502502,0.020149946212768555,-0.1621869403543883,-0.12864601612091064,-0.009618937969207764,-0.15083700899509722
P,0.0,0.0,0.0,-0.08220779895782471,-0.08782345056533813,-0.017878286426025625,-0.17340606451034546,-0.1507778763771057,-0.051726156731206174,-0.2542067766189575,-0.17329105734825134,-0.0835583413737595,-0.32113075256347656,-0.2013593316078186,-0.11918765108759999,-0.14559897780418396,-0.2858137786388397,-0.08971439849312901,-0.27876290678977966,-0.27877289056777954,-0.13750096957858204,-0.36244502663612366,-0.2799018919467926,-0.1684730480211556,-0.43203869462013245,-0.2872970402240753,-0.19249941210921406,-0.11228802800178528,-0.22943463921546936,-0.10647261690075993,-0.26514989137649536,-0.1479831039905548,-0.15984709363158345,-0.3421454578638077,-0.0790477991104126,-0.17425361077960133,-0.3961879760026932,-0.03532719612121582,-0.18564675550635457,-0.08807116746902466,-0.14411920309066772,-0.12143751781161427,-0.2258414328098297,-0.05498462915420532,-0.1619563231962502,-0.2007228136062622,-0.034184157848358154,-0.143632231165725,-0.16136527061462402,-0.04748404026031494,-0.13111528556521534,-0.07341200113296509,-0.055372774600982666,-0.13769806723769307,-0.1860848069190979,0.008044779300689697,-0.17081810336287617,-0.1703055500984192,0.01448369026184082,-0.1585703472393334,-0.13663262128829956,-0.015463709831237793,-0.1471991072195351
P,0.0,0.0,0.0,-0.0872008204460144,-0.08775615692138672,-0.01430672625662055,-0.17751377820968628,-0.1515481173992157,-0.04660467090667453,-0.2571232318878174,-0.17957153916358948,-0.07829897510470119,-0.3225089907646179,-0.21379119157791138,-0.11289015072048869,-0.1473003625869751,-0.2911304831504822,-0.08176828580559459,-0.2833922207355499,-0.28542229533195496,-0.12892547654570308,-0.36801663041114807,-0.2876993715763092,-0.15922917830408778,-0.43847644329071045,-0.29667311906814575,-0.18269308316172328,-0.11509671807289124,-0.23521488904953003,-0.10076850312412944,-0.26873156428337097,-0.15401238203048706,-0.15281285750330653,-0.3422323167324066,-0.08626788854598999,-0.1666480790323135,-0.39302772283554077,-0.04466980695724487,-0.17769222366274562,-0.09081345796585083,-0.1507365107536316,-0.11835581469000545,-0.22873741388320923,-0.05927157402038574,-0.15718003022135463,-0.2014417052268982,-0.03844189643859863,-0.13852407442988124,-0.16034260392189026,-0.052396535873413086,-0.126095790738475,-0.0760042667388916,-0.061387598514556885,-0.13744625853956904,-0.18772247433662415,0.003429114818572998,-0.16884735631407466,-0.17071262001991272,0.01126950979232788,-0.15710364686907496,-0.13560211658477783,-0.017626285552978516,-0.14643848347128596
P,0.0,0.0,0.0,-0.08815285563468933,-0.0912749171257019,-0.015216151257277488,-0.17836993932724,-0.15639621019363403,-0.047417012048185825,-0.2579808533191681,-0.18303224444389343,-0.07838624436897135,-0.32299500703811646,-0.21613919734954834,-0.11241695005935526,-0.14811357855796814,-0.29256442189216614,-0.08510450739902353,-0.2835250496864319,-0.2868337631225586,-0.13273375202459192,-0.3670855611562729,-0.28994324803352356,-0.16377401818078852,-0.4381258189678192,-0.2983143925666809,-0.18752201367658472,-0.11477136611938477,-0.2355489730834961,-0.10266221035760736,-0.2655858099460602,-0.15330564975738525,-0.15688324440759516,-0.3425694704055786,-0.08550453186035156,-0.17244387139123774,-0.39714740216732025,-0.040499985218048096,-0.18411092926305628,-0.08976215124130249,-0.15072432160377502,-0.11830823589605188,-0.22312194108963013,-0.05903869867324829,-0.15841331054014063,-0.19650179147720337,-0.0444146990776062,-0.14057168830674982,-0.1569139063358307,-0.06207120418548584,-0.1280929790858636,-0.07473713159561157,-0.06154090166091919,-0.1352391438607583,-0.18305233120918274,0.0018668770790100098,-0.1660722987775216,-0.16712477803230286,0.0050234198570251465,-0.15366709698480463,-0.13380414247512817,-0.02796405553817749,-0.14233711828035212
P,0.0,0.0,0.0,-0.08990466594696045,-0.09419029951095581,-0.012414662028959356,-0.1817941665649414,-0.16045504808425903,-0.04314243965905007,-0.2616817355155945,-0.18665781617164612,-0.0732944736735135,-0.32421356439590454,-0.21533381938934326,-0.10679659047286805,-0.14855849742889404,-0.29603898525238037,-0.08044859566848572,-0.2828541398048401,-0.2870385944843292,-0.12480528452556428,-0.3654370754957199,-0.28902995586395264,-0.15381834455888566,-0.43582502007484436,-0.2971770167350769,-0.17650870033662613,-0.11551988124847412,-0.23786130547523499,-0.09909046986263093,-0.2649592459201813,-0.15381669998168945,-0.1509113366262227,-0.3421720117330551,-0.0839310884475708,-0.16578685292165574,-0.3956611156463623,-0.036666035652160645,-0.17710330137174424,-0.09023422002792358,-0.15242868661880493,-0.11552725532214936,-0.22150453925132751,-0.06334352493286133,-0.1531785930053502,-0.19812056422233582,-0.051519811153411865,-0.1360318268195897,-0.16037017107009888,-0.06942343711853027,-0.12451474913518723,-0.07474231719970703,-0.0632249116897583,-0.13304345854680832,-0.1839069128036499,-0.00253140926361084,-0.16123816915910538,-0.17043370008468628,-0.00018328428268432617,-0.14820729741018113,-0.13772433996200562,-0.032025039196014404,-0.1368632967130452
P,0.0,0.0,0.0,-0.08956623077392578,-0.09340721368789673,-0.01256425905182823,-0.18056908249855042,-0.15876013040542603,-0.04418025205984577,-0.2597874402999878,-0.18568691611289978,-0.07540965865507587,-0.32368767261505127,-0.21791303157806396,-0.10992620925560459,-0.14829394221305847,-0.29748088121414185,-0.08132398168697819,-0.28264299035072327,-0.2897457182407379,-0.1265279654707001,-0.3658248335123062,-0.29168617725372314,-0.155967042251973,-0.43641650676727295,-0.29960620403289795,-0.1789862666572617,-0.11588388681411743,-0.24019169807434082,-0.1003821645225571,-0.26846277713775635,-0.1552714705467224,-0.15337336103573307,-0.34360507130622864,-0.08328574895858765,-0.16808602254047855,-0.3953346759080887,-0.03419226408004761,-0.17903608123913273,-0.0910777747631073,-0.15520507097244263,-0.11729174147501453,-0.2243989109992981,-0.06433290243148804,-0.15518492500439152,-0.19817453622817993,-0.051992833614349365,-0.13702711503162845,-0.15869927406311035,-0.06968986988067627,-0.1250190440858887,-0.07538056373596191,-0.06602233648300171,-0.13541942875042423,-0.18383833765983582,-0.002836167812347412,-0.16399322490349277,-0.1687944233417511,-8.511543273925781e-05,-0.15085299353256687,-0.135509192943573,-0.03207087516784668,-0.13956387381210789
P,0.0,0.0,0.0,-0.08931756019592285,-0.09617936611175537,-0.014912736387884706,-0.17701616883277893,-0.16118234395980835,-0.04830131285820016,-0.25698986649513245,-0.1860755980014801,-0.08117561393413553,-0.3212866187095642,-0.21271437406539917,-0.11709116005334863,-0.14319944381713867,-0.29614314436912537,-0.08331440740261087,-0.276540070772171,-0.2866653501987457,-0.12869631105098733,-0.35966895520687103,-0.2908693552017212,-0.15710813158187875,-0.4301600158214569,-0.3005257844924927,-0.17932610564861307,-0.10802161693572998,-0.24015167355537415,-0.1016880904975892,-0.2605462074279785,-0.15419787168502808,-0.15125997715625772,-0.3356916308403015,-0.08343201875686646,-0.16262598686847696,-0.3877446800470352,-0.041937410831451416,-0.1722013687435151,-0.08086174726486206,-0.1581260859966278,-0.11857938372526178,-0.21524539589881897,-0.06740051507949829,-0.15463397257957467,-0.18973755836486816,-0.054719746112823486,-0.13433254116210946,-0.15033826231956482,-0.07623565196990967,-0.12160084002647409,-0.0640067458152771,-0.07213544845581055,-0.13716639929447183,-0.1741752028465271,-0.00686955451965332,-0.16472496443424234,-0.15834879875183105,-0.002528548240661621,-0.15058464162979135,-0.12317001819610596,-0.033938586711883545,-0.13900836163196573
P,0.0,0.0,0.0,-0.09882062673568726,-0.08989232778549194,-0.015947752921761094,-0.18147927522659302,-0.15526115894317627,-0.04885814274746281,-0.2522925138473511,-0.17982593178749084,-0.08029472391206127,-0.3057017922401428,-0.2114909589290619,-0.11514325748282772,-0.14231273531913757,-0.295229434967041,-0.09238621900874477,-0.2725204825401306,-0.2799540162086487,-0.14157071272927624,-0.3519632965326309,-0.28146231174468994,-0.17386866669255596,-0.421779990196228,-0.29032427072525024,-0.19824060360986095,-0.09794062376022339,-0.24381446838378906,-0.11038550297814709,-0.24354609847068787,-0.15179967880249023,-0.1675332591970573,-0.3230660855770111,-0.08172637224197388,-0.18333284120160442,-0.37923409044742584,-0.03299510478973389,-0.19408657710152966,-0.06608688831329346,-0.1626347005367279,-0.12626613239842754,-0.1985064446926117,-0.06677687168121338,-0.1665825949152122,-0.18419012427330017,-0.05563807487487793,-0.14733221690255505,-0.15233197808265686,-0.07216644287109375,-0.13354035775262219,-0.049762725830078125,-0.07613366842269897,-0.14376988570290905,-0.1620664894580841,-0.010062754154205322,-0.17413222353059155,-0.15754753351211548,-0.008435606956481934,-0.1607326821525703,-0.1301749050617218,-0.04105871915817261,-0.14825132052499157
