label,x0,y0,z0,x1,y1,z1,x2,y2,z2,x3,y3,z3,x4,y4,z4,x5,y5,z5,x6,y6,z6,x7,y7,z7,x8,y8,z8,x9,y9,z9,x10,y10,z10,x11,y11,z11,x12,y12,z12,x13,y13,z13,x14,y14,z14,x15,y15,z15,x16,y16,z16,x17,y17,z17,x18,y18,z18,x19,y19,z19,x20,y20,z20
Q,0.0,0.0,0.0,-0.0053157806396484375,0.010238796472549438,-0.08194460971299122,0.02858525514602661,0.039737433195114136,-0.12839500857535313,0.060925304889678955,0.09092727303504944,-0.15505489958468388,0.07283467054367065,0.14621934294700623,-0.17757468177023839,0.05980682373046875,-0.09025004506111145,-0.1308519716376395,0.10053426027297974,-0.04977583885192871,-0.18040216220560978,0.13988083600997925,-0.008514612913131714,-0.2106058026665778,0.1733497977256775,0.03030911087989807,-0.23094035936537693,0.0989266037940979,-0.07277679443359375,-0.10295444233361195,0.1383458971977234,0.008946061134338379,-0.15250239027682255,0.1628771424293518,0.06539073586463928,-0.16922122491541813,0.18791669607162476,0.09708112478256226,-0.17819342268649052,0.12125897407531738,-0.04124784469604492,-0.07786631090584706,0.12976276874542236,0.041873008012771606,-0.12061185641232441,0.08291733264923096,0.05245986580848694,-0.11584043754282902,0.05483651161193848,0.035144150257110596,-0.10612650467101048,0.12770837545394897,-0.004452049732208252,-0.058867550175818906,0.12657380104064941,0.05741828680038452,-0.08956646425667714,0.09672212600708008,0.06045404076576233,-0.08860993636790226,0.07952439785003662,0.045054852962493896,-0.08252395195904683
Q,0.0,0.0,0.0,-0.004846394062042236,0.02208167314529419,-0.06209679987534855,0.022079825401306152,0.045883119106292725,-0.10483820658430432,0.044582486152648926,0.09460833668708801,-0.133253774757236,0.054125964641571045,0.1489829421043396,-0.159282810206264,0.03681868314743042,-0.07392266392707825,-0.11594512235626553,0.0844317078590393,-0.03382030129432678,-0.1622134811829028,0.12797969579696655,0.005574285984039307,-0.1922449238251147,0.16282153129577637,0.04573795199394226,-0.21236116361126278,0.07282185554504395,-0.0743471086025238,-0.09620383303865765,0.12426453828811646,-0.009089946746826172,-0.13903523158535336,0.1557145118713379,0.04426303505897522,-0.1531342632721362,0.1809445023536682,0.08002865314483643,-0.16091396581634854,0.09614002704620361,-0.060129642486572266,-0.07700358253225659,0.1178426742553711,0.009184062480926514,-0.10699390542015408,0.0816681981086731,0.028932183980941772,-0.09670226197943066,0.055615246295928955,0.027395129203796387,-0.08601408373817776,0.10761213302612305,-0.03794437646865845,-0.0629402689288554,0.11779820919036865,0.015600979328155518,-0.08221352767452572,0.09412401914596558,0.026609182357788086,-0.07560834955677365,0.07935243844985962,0.026114821434020996,-0.06728793602690075
Q,0.0,0.0,0.0,0.00782841444015503,0.0029388070106506348,-0.06849937065203449,0.05108135938644409,0.031315743923187256,-0.09305293037255069,0.09001940488815308,0.09044888615608215,-0.09969306661446353,0.10157299041748047,0.14344912767410278,-0.10053934826214572,0.09362941980361938,-0.1146886944770813,-0.08822418673594257,0.14922630786895752,-0.036270707845687866,-0.11609580292065402,0.1797996163368225,0.025692075490951538,-0.13018181099255344,0.20689457654953003,0.07771381735801697,-0.13963887764771243,0.12916117906570435,-0.08866113424301147,-0.05837290658314487,0.14432752132415771,0.01777493953704834,-0.08735381736119052,0.10874992609024048,0.042754292488098145,-0.0904632873709943,0.08758074045181274,0.03728067874908447,-0.08837639464695712,0.15028810501098633,-0.05058258771896362,-0.032282150524451936,0.15739619731903076,0.03968524932861328,-0.06480628176291248,0.11848360300064087,0.06166538596153259,-0.06574419810135623,0.09824389219284058,0.05555322766304016,-0.05883140786249896,0.15977567434310913,-0.012825816869735718,-0.01075623946894666,0.15964585542678833,0.045604050159454346,-0.04059002472718021,0.13418066501617432,0.07457730174064636,-0.0478323913987424,0.1167827844619751,0.08335322141647339,-0.04567696450908443
Q,0.0,0.0,0.0,0.0011737346649169922,0.019150584936141968,-0.09427357903166467,0.034513235092163086,0.047718167304992676,-0.1530821143691128,0.06807911396026611,0.09615245461463928,-0.18916079095049554,0.08489978313446045,0.1521853804588318,-0.22175191035910302,0.06360065937042236,-0.08799797296524048,-0.16158491066141778,0.11897140741348267,-0.028224200010299683,-0.21647891095324212,0.16642946004867554,0.023819565773010254,-0.24800641527815515,0.2025357484817505,0.07221928238868713,-0.26893932810469323,0.09605926275253296,-0.08152386546134949,-0.12874121657057458,0.1512439250946045,0.009904354810714722,-0.1841755925719326,0.1780167818069458,0.07062169909477234,-0.20026388457461053,0.19844269752502441,0.09972995519638062,-0.2086291729514187,0.11541783809661865,-0.058834731578826904,-0.09777547112150842,0.1402355432510376,0.030290842056274414,-0.1410930424038952,0.09976434707641602,0.049948275089263916,-0.1324010758702343,0.06969863176345825,0.034190475940704346,-0.12141610375090295,0.12213200330734253,-0.029147356748580933,-0.07394219628019982,0.13552188873291016,0.03885793685913086,-0.10534298113032037,0.10971450805664062,0.05411815643310547,-0.10210636696263009,0.08912354707717896,0.043527752161026,-0.09491665354414636
Q,0.0,0.0,0.0,-0.0021578073501586914,0.019127637147903442,-0.05941332336180949,0.026404500007629395,0.04467049241065979,-0.10167099367492938,0.05207914113998413,0.09478545188903809,-0.131019612957175,0.06793498992919922,0.14940226078033447,-0.1583600101959064,0.03802847862243652,-0.08507689833641052,-0.11068014632576251,0.07600235939025879,-0.06957888603210449,-0.15812317113989138,0.11386066675186157,-0.04481351375579834,-0.18955433945768618,0.1444990038871765,-0.016950547695159912,-0.2103832570802524,0.07328951358795166,-0.0778631865978241,-0.09454513173216128,0.12988591194152832,-0.013682186603546143,-0.13981697540396,0.1539573073387146,0.03806805610656738,-0.15470874886625552,0.16640573740005493,0.06888502836227417,-0.16183557193392062,0.09740155935287476,-0.053002774715423584,-0.07966701518409991,0.13024485111236572,0.015102863311767578,-0.11197033356540942,0.1056784987449646,0.040496617555618286,-0.10368828307503009,0.08246433734893799,0.042694658041000366,-0.09357692878359103,0.10920119285583496,-0.021559566259384155,-0.06984103303068423,0.12964928150177002,0.03134632110595703,-0.09265488218181872,0.11392450332641602,0.04629364609718323,-0.0878866745125606,0.10086792707443237,0.04871094226837158,-0.07989619504326129
Q,0.0,0.0,0.0,-0.002862095832824707,0.02127942442893982,-0.0563353986528341,0.02026301622390747,0.045467257499694824,-0.09715522984532754,0.04354757070541382,0.09640032052993774,-0.1263288945939962,0.054972946643829346,0.14947712421417236,-0.15345896194247644,0.028254210948944092,-0.06673932075500488,-0.10360507825879495,0.06722879409790039,-0.043644607067108154,-0.1444856614854757,0.10359317064285278,-0.014474809169769287,-0.17028867612151544,0.13263767957687378,0.018384933471679688,-0.18764277706412713,0.063595712184906,-0.0683215856552124,-0.08816441307334344,0.11185812950134277,-0.016080886125564575,-0.12820980856685082,0.143734872341156,0.028491854667663574,-0.14241550276545922,0.16408687829971313,0.05994904041290283,-0.15032523284224908,0.0882108211517334,-0.05223745107650757,-0.07352215210465829,0.11789119243621826,0.010411590337753296,-0.1033852786806051,0.09353065490722656,0.036207109689712524,-0.09665829847125451,0.07075071334838867,0.04248148202896118,-0.0882846281912748,0.10136425495147705,-0.0283336341381073,-0.06360346237687509,0.12105315923690796,0.021903812885284424,-0.0840238050606672,0.10544991493225098,0.0363675057888031,-0.0798324734952871,0.09365963935852051,0.03950604796409607,-0.07318000654248635
Q,0.0,0.0,0.0,0.009427368640899658,0.011722058057785034,-0.059369001111065245,0.05278581380844116,0.04591307044029236,-0.08330044107702861,0.08881533145904541,0.1059100329875946,-0.09151520537403712,0.0957024097442627,0.1623654067516327,-0.09458060519961009,0.09227395057678223,-0.10552430152893066,-0.08247531162766109,0.14591091871261597,-0.017320960760116577,-0.1112392913010467,0.18034034967422485,0.043308913707733154,-0.12655664937761912,0.21358001232147217,0.0917457640171051,-0.1372068371084083,0.12781816720962524,-0.09092515707015991,-0.05815448196796069,0.1499517560005188,0.018452584743499756,-0.08684878753689418,0.11337417364120483,0.043136775493621826,-0.08713271426228175,0.0932512879371643,0.03473791480064392,-0.08337268935707698,0.15025460720062256,-0.06037577986717224,-0.03710503461030612,0.16042649745941162,0.03228899836540222,-0.06433204518822322,0.12213587760925293,0.04821068048477173,-0.05838458197382579,0.10448014736175537,0.034186482429504395,-0.04826082991627345,0.16131329536437988,-0.02675512433052063,-0.02057088123825679,0.16637003421783447,0.03583335876464844,-0.04134034322765956,0.1430673599243164,0.054248541593551636,-0.04196394937304149,0.12865865230560303,0.04922124743461609,-0.037120841017042494
Q,0.0,0.0,0.0,0.0016147494316101074,0.016744524240493774,-0.07848084699656965,0.03699404001235962,0.04762774705886841,-0.11775068920400145,0.07563978433609009,0.10327187180519104,-0.13856181484010222,0.09749197959899902,0.15190920233726501,-0.15432508271481993,0.08268046379089355,-0.08888137340545654,-0.10064794104840757,0.133691668510437,-0.01790565252304077,-0.14143210631158354,0.17399781942367554,0.0407448410987854,-0.1660114226892233,0.21056991815567017,0.08669179677963257,-0.1827568708017111,0.11626482009887695,-0.07638177275657654,-0.07275558989789488,0.1568770408630371,0.014320611953735352,-0.11562874894883635,0.15481853485107422,0.06774601340293884,-0.12745085340287687,0.16002243757247925,0.07960948348045349,-0.13177736085202696,0.13440173864364624,-0.04844397306442261,-0.04968054201748373,0.15050643682479858,0.04115849733352661,-0.09116632473018171,0.10547655820846558,0.06209257245063782,-0.0873327551439047,0.07912158966064453,0.04278448224067688,-0.07692096364047529,0.1390988826751709,-0.016893655061721802,-0.03265618514564039,0.14609521627426147,0.05066722631454468,-0.06504958849694731,0.11836200952529907,0.06865713000297546,-0.06594870221164228,0.1000070571899414,0.055430054664611816,-0.059814519996905346
Q,0.0,0.0,0.0,0.013612806797027588,0.02361661195755005,-0.05904348524950365,0.05602395534515381,0.060142338275909424,-0.10067809703491548,0.08651453256607056,0.11386877298355103,-0.12814294877193788,0.09562814235687256,0.16458356380462646,-0.15347863319061616,0.07360458374023438,-0.08141884207725525,-0.10832329424761156,0.12048184871673584,-0.018757998943328857,-0.15255462708614687,0.16474628448486328,0.028775513172149658,-0.18339263978145937,0.20275276899337769,0.07024449110031128,-0.205649535681232,0.09732699394226074,-0.07445824146270752,-0.09370509865425447,0.15318024158477783,0.014482289552688599,-0.13539650621555666,0.18105840682983398,0.07280096411705017,-0.15062342169426302,0.20448219776153564,0.10385492444038391,-0.16096999826572755,0.10879391431808472,-0.04669618606567383,-0.08026805850408891,0.1404024362564087,0.05246758460998535,-0.11347297909401277,0.10704231262207031,0.070799320936203,-0.10782847883842805,0.07976609468460083,0.05796894431114197,-0.10085468324564317,0.10924559831619263,-0.008954733610153198,-0.07151407333753923,0.1328924298286438,0.06592804193496704,-0.09530456694506029,0.11165910959243774,0.08201676607131958,-0.09191056671284059,0.0936477780342102,0.07674133777618408,-0.08637012871645311
Q,0.0,0.0,0.0,-0.00011080503463745117,0.013716846704483032,-0.06780160005678226,0.030280351638793945,0.03864613175392151,-0.11548437710393955,0.05789452791213989,0.09396809339523315,-0.1483090349613576,0.0712665319442749,0.15287712216377258,-0.17865100290168812,0.06150919198989868,-0.0941476821899414,-0.12097976143945743,0.10103315114974976,-0.03450000286102295,-0.1709596344410329,0.137279212474823,0.012638956308364868,-0.20424178029884388,0.1683552861213684,0.05590227246284485,-0.2276532777725606,0.0957837700843811,-0.0827343761920929,-0.1037771457015424,0.14254897832870483,0.004777252674102783,-0.1538661697088628,0.1711152195930481,0.06395047903060913,-0.174332795399323,0.19489777088165283,0.10125190019607544,-0.18667819883216907,0.11371487379074097,-0.05207723379135132,-0.08774358566392948,0.1325078010559082,0.039559006690979004,-0.12595997537960102,0.09202462434768677,0.06058269739151001,-0.12012845064987232,0.06389611959457397,0.05452233552932739,-0.1119277381478696,0.11937594413757324,-0.011591523885726929,-0.07718932415832569,0.12685096263885498,0.05715763568878174,-0.10340332027067234,0.09911304712295532,0.07057753205299377,-0.09953561957468082,0.08119040727615356,0.06692934036254883,-0.09285248603214313
Q,0.0,0.0,0.0,-0.015245676040649414,0.020096302032470703,-0.06789190971630887,0.0018591880798339844,0.0422537624835968,-0.11545705699700193,0.02372908592224121,0.09570834040641785,-0.14841045343655423,0.03625655174255371,0.1535172164440155,-0.1790269305683978,0.02446901798248291,-0.08015763759613037,-0.1250064810492404,0.0570836067199707,-0.05231955647468567,-0.17492405974644498,0.09664511680603027,-0.02250373363494873,-0.2105949213482745,0.13003873825073242,0.012777149677276611,-0.23609003329056577,0.06840276718139648,-0.0758982002735138,-0.10526805275458173,0.10585284233093262,-0.011140644550323486,-0.1514484723784335,0.13819962739944458,0.040245115756988525,-0.17082317077893094,0.16287660598754883,0.07849439978599548,-0.18381053113716916,0.09451603889465332,-0.05418279767036438,-0.0862682824708827,0.10811483860015869,0.01821070909500122,-0.11828105801123456,0.07303690910339355,0.03679141402244568,-0.11048503869551496,0.04663366079330444,0.037344396114349365,-0.10280408614653425,0.1061519980430603,-0.025336146354675293,-0.07324679845351056,0.11354684829711914,0.033054232597351074,-0.09740498566407041,0.091519296169281,0.04531267285346985,-0.09359307491558866,0.07746583223342896,0.04771926999092102,-0.08747162574309186
Q,0.0,0.0,0.0,-0.0005685091018676758,0.003826737403869629,-0.045037056084424876,0.022312283515930176,0.02089199423789978,-0.08445630105927648,0.04383355379104614,0.08364406228065491,-0.11666674795344534,0.04950922727584839,0.14957985281944275,-0.14898685249283972,0.07349175214767456,-0.07970473170280457,-0.08579286071255865,0.10621076822280884,-0.01606994867324829,-0.1272865000624961,0.13012933731079102,0.027721405029296875,-0.16046961280301275,0.15551728010177612,0.0659320056438446,-0.1841397795338935,0.0931670069694519,-0.07328304648399353,-0.08044729265168371,0.12542372941970825,-0.002309739589691162,-0.12061525764659109,0.14554381370544434,0.041396111249923706,-0.1423313680548972,0.16579890251159668,0.07487529516220093,-0.15659791859582128,0.1000983715057373,-0.05347084999084473,-0.07543814065650167,0.11963915824890137,0.016922563314437866,-0.10287559660866918,0.08885157108306885,0.02909952402114868,-0.09978061052754583,0.06868982315063477,0.027474015951156616,-0.09591096523001852,0.09690874814987183,-0.028250157833099365,-0.07497028889849844,0.11441630125045776,0.028751522302627563,-0.09060588362410726,0.09218043088912964,0.03876104950904846,-0.08343139174178305,0.07776916027069092,0.039498329162597656,-0.07664906116917791
Q,0.0,0.0,0.0,-0.0019791126251220703,0.006867587566375732,-0.07667178910379846,0.03371089696884155,0.04109498858451843,-0.1118572379291578,0.07052761316299438,0.1057465672492981,-0.12667771678572137,0.08712190389633179,0.1654566526412964,-0.13485091429357965,0.07887506484985352,-0.11008301377296448,-0.12308617185955484,0.12881875038146973,-0.018124133348464966,-0.1685305635273977,0.16020917892456055,0.04271644353866577,-0.19429718952780206,0.195237934589386,0.09203782677650452,-0.21141802769308526,0.1152847409248352,-0.086642324924469,-0.09346357237701852,0.11720848083496094,0.037202656269073486,-0.1307093302548452,0.08007317781448364,0.047827959060668945,-0.1306459258139654,0.07012653350830078,0.0234106183052063,-0.12883315485125024,0.13611477613449097,-0.046528756618499756,-0.06800477456455667,0.1268722414970398,0.0685691237449646,-0.10532030712967355,0.0807790756225586,0.07595798373222351,-0.09712140511875589,0.06519955396652222,0.05034470558166504,-0.08567612122898538,0.14459800720214844,-0.0046128034591674805,-0.048352344596438,0.1421133279800415,0.07596355676651001,-0.07833434146051843,0.11277389526367188,0.09767162799835205,-0.07876959692841012,0.09645038843154907,0.0942821204662323,-0.07305312406425912
Q,0.0,0.0,0.0,0.0033495426177978516,0.01679438352584839,-0.09674323558044762,0.039421021938323975,0.04821509122848511,-0.15321016519499153,0.07729917764663696,0.10184186697006226,-0.18583761363458962,0.10224300622940063,0.1588045060634613,-0.21383635907602638,0.07831698656082153,-0.10008212924003601,-0.1555055698676142,0.1324244737625122,-0.0290851891040802,-0.20763257353735298,0.1786574125289917,0.02890649437904358,-0.23698337583971352,0.21709835529327393,0.07731088995933533,-0.25723946302366585,0.11265379190444946,-0.08632904291152954,-0.12020603775215477,0.1581616997718811,0.022920429706573486,-0.17435400395822853,0.1706448793411255,0.08760431408882141,-0.18873569577169746,0.184353768825531,0.10894602537155151,-0.19685630708170265,0.1324813961982727,-0.05485367774963379,-0.08771421223116249,0.14691364765167236,0.05039772391319275,-0.13288372962904305,0.09916216135025024,0.07146003842353821,-0.12379089950752586,0.06786292791366577,0.050339341163635254,-0.11295605658722252,0.1377549171447754,-0.02116355299949646,-0.062484955631020966,0.1418706774711609,0.06003469228744507,-0.09712245523166985,0.10882163047790527,0.07953181862831116,-0.094856517605308,0.08666414022445679,0.06755229830741882,-0.08812681048345894
Q,0.0,0.0,0.0,-0.002133011817932129,0.009509474039077759,-0.05943568877910366,0.03193706274032593,0.0286828875541687,-0.10456705920432796,0.05911368131637573,0.08708050847053528,-0.1349307530376791,0.07164692878723145,0.15565547347068787,-0.16387073032592525,0.033904969692230225,-0.06687209010124207,-0.13204712502692928,0.09165900945663452,-0.021434277296066284,-0.1830700420591711,0.14011907577514648,0.01776537299156189,-0.21676019661163082,0.17829471826553345,0.05811980366706848,-0.23987432651256313,0.065959632396698,-0.06087103486061096,-0.11574597738717785,0.1324831247329712,0.002731829881668091,-0.1611104988310217,0.1673506498336792,0.050895512104034424,-0.17612744204734554,0.1923733353614807,0.08561229705810547,-0.18613431684707393,0.08776497840881348,-0.046529024839401245,-0.09876318357919445,0.130174458026886,0.014025300741195679,-0.12854317657684078,0.09637737274169922,0.027687758207321167,-0.11839816056226482,0.07000857591629028,0.02508363127708435,-0.10956776969169368,0.09988856315612793,-0.025084882974624634,-0.08652213297818889,0.12671750783920288,0.019706249237060547,-0.10610272817348232,0.10568231344223022,0.02722156047821045,-0.0999372460696577,0.08807086944580078,0.027210325002670288,-0.09349582426284542
Q,0.0,0.0,0.0,0.00429302453994751,0.004322141408920288,-0.07232406186568596,0.05185920000076294,0.039230912923812866,-0.10256365137803414,0.09783768653869629,0.10749557614326477,-0.11379433619487145,0.10667222738265991,0.1730543076992035,-0.11927607106673577,0.0898127555847168,-0.12267822027206421,-0.10437694388139107,0.15095913410186768,-0.031154721975326538,-0.14015200185286858,0.1857701539993286,0.031865090131759644,-0.1580994521330581,0.2197849154472351,0.08205163478851318,-0.17005082416045525,0.1313624382019043,-0.10027851164340973,-0.07518144148099282,0.16226381063461304,0.010844618082046509,-0.11166705387341835,0.12300187349319458,0.03915834426879883,-0.11338127600657799,0.10073190927505493,0.032389819622039795,-0.1094665248941169,0.16068273782730103,-0.06164953112602234,-0.04978062781202652,0.17066484689712524,0.03034493327140808,-0.08454655307042458,0.12490475177764893,0.049709051847457886,-0.07947311001527169,0.10322248935699463,0.038200199604034424,-0.06830693232524254,0.17763054370880127,-0.02029404044151306,-0.029659338394878887,0.1818479299545288,0.03973272442817688,-0.055201275373576664,0.15192395448684692,0.05767890810966492,-0.05712537291157105,0.13406842947006226,0.05314153432846069,-0.05250708955037453
Q,0.0,0.0,0.0,0.0069422125816345215,0.022170186042785645,-0.0766321495829061,0.049925148487091064,0.053737908601760864,-0.11589352793077978,0.08859223127365112,0.11078205704689026,-0.13730416453461203,0.10533559322357178,0.16688266396522522,-0.15462643659691366,0.07700061798095703,-0.09966632723808289,-0.09940510994772467,0.1389259696006775,-0.02300196886062622,-0.14187177277187857,0.19062048196792603,0.03703969717025757,-0.16939868784527334,0.2338901162147522,0.08235189318656921,-0.18785836554150137,0.11083585023880005,-0.0983487069606781,-0.07128752029518637,0.16847217082977295,-0.013979315757751465,-0.11254493153671774,0.17752605676651,0.04850563406944275,-0.12287759042362723,0.184320330619812,0.0732114315032959,-0.12656556821445974,0.13178467750549316,-0.07596665620803833,-0.04806843779067549,0.16200357675552368,0.013200461864471436,-0.08812891698460135,0.11954647302627563,0.04273989796638489,-0.08327291167358908,0.0892418622970581,0.0324823260307312,-0.07187557972054037,0.14135414361953735,-0.04400104284286499,-0.030801598048014966,0.1593930721282959,0.020952582359313965,-0.061109110778375,0.13208919763565063,0.04405182600021362,-0.061116356468005506,0.11155843734741211,0.036006003618240356,-0.05470164126734289
Q,0.0,0.0,0.0,0.01271200180053711,0.03423607349395752,-0.0750756869667839,0.05861395597457886,0.06343066692352295,-0.12926068255842438,0.08687072992324829,0.11229246854782104,-0.16278519580305328,0.09731721878051758,0.17291072010993958,-0.19328535447061768,0.041251420974731445,-0.07549527287483215,-0.1664351309293579,0.09943777322769165,-0.04197871685028076,-0.22568265447557678,0.1543409824371338,-0.012557804584503174,-0.2628121162408661,0.19784867763519287,0.02185550332069397,-0.2880189503187012,0.06984061002731323,-0.0862719714641571,-0.1429255093091797,0.14903855323791504,-0.0017053186893463135,-0.19790519127786865,0.18853378295898438,0.05715426802635193,-0.2129163379424881,0.2150225043296814,0.09229180216789246,-0.22299409756601563,0.0913880467414856,-0.07608342170715332,-0.11824005941093674,0.14827090501785278,0.013524502515792847,-0.15262045810163727,0.1205286979675293,0.03976035118103027,-0.13740479299963226,0.09401088953018188,0.03519567847251892,-0.12606050918043366,0.10356038808822632,-0.052439600229263306,-0.0994350100511383,0.14177024364471436,0.018938153982162476,-0.1204471076482605,0.12234866619110107,0.036433666944503784,-0.11078841338098755,0.10372471809387207,0.033752888441085815,-0.10224367777050247
Q,0.0,0.0,0.0,0.0288848876953125,0.033023715019226074,-0.03055995625243213,0.06821012496948242,0.053798526525497437,-0.060683260828113816,0.07622873783111572,0.09605094790458679,-0.0867329641877177,0.0655549168586731,0.15118086338043213,-0.11475238499031093,0.07672655582427979,-0.013512790203094482,-0.06762486246213939,0.1192898154258728,-0.006299644708633423,-0.10162741240844753,0.1545284390449524,0.006694585084915161,-0.12537724074707057,0.1854357123374939,0.02698466181755066,-0.14047354754791286,0.06569182872772217,-0.05175086855888367,-0.06420617100582149,0.11495310068130493,-0.039136916399002075,-0.09491559413061168,0.14608144760131836,-0.024163395166397095,-0.10781496313200023,0.17263376712799072,-0.004980713129043579,-0.11591037657842662,0.05025202035903931,-0.0891178548336029,-0.061504426568603776,0.10099107027053833,-0.07691037654876709,-0.08295975175485637,0.12040871381759644,-0.06209456920623779,-0.08470816460237529,0.1365753412246704,-0.04586508870124817,-0.08400878605232265,0.02998405694961548,-0.12142696976661682,-0.06126972210392978,0.07476037740707397,-0.12177442014217377,-0.07419025447950389,0.09557288885116577,-0.11281678080558777,-0.07340595421180751,0.11104536056518555,-0.10145136713981628,-0.0720576375423434
Q,0.0,0.0,0.0,0.0025481581687927246,0.023111462593078613,-0.07781787134649676,0.04754233360290527,0.051031410694122314,-0.12954406358244341,0.08285540342330933,0.11125198006629944,-0.16124007023813647,0.09222030639648438,0.18094304203987122,-0.1897559753799669,0.04316914081573486,-0.09622982144355774,-0.15110334671976489,0.10020548105239868,-0.03894263505935669,-0.20280873693468493,0.15097498893737793,0.0023344755172729492,-0.2320073685789339,0.19397759437561035,0.04236358404159546,-0.25196939624788683,0.08321583271026611,-0.09604048728942871,-0.12754654802324694,0.16130512952804565,-0.01036834716796875,-0.17700074531080645,0.20492488145828247,0.049966007471084595,-0.19176185049059313,0.239088773727417,0.09034743905067444,-0.2007442704582445,0.11112815141677856,-0.07291993498802185,-0.1039010874176256,0.15746229887008667,0.016062527894973755,-0.14137822307588976,0.12031090259552002,0.038219571113586426,-0.13278558768274706,0.09079146385192871,0.03326612710952759,-0.12351558275463503,0.12689357995986938,-0.03581395745277405,-0.0859647683048479,0.1551927924156189,0.031871646642684937,-0.11077985830547732,0.1288316249847412,0.04404169321060181,-0.10560097463371676,0.1091088056564331,0.03987932205200195,-0.0987801990652315
Q,0.0,0.0,0.0,0.008587300777435303,0.019981741905212402,-0.05441867977651782,0.04510796070098877,0.038572609424591064,-0.10394379169019885,0.07493674755096436,0.10008648037910461,-0.14078788876804538,0.09212106466293335,0.1722620725631714,-0.1772880595949573,0.03575342893600464,-0.07860495150089264,-0.1337559413937015,0.09416741132736206,-0.03719222545623779,-0.18388393938812442,0.13737225532531738,-0.005473494529724121,-0.21607584178718753,0.17120260000228882,0.026289522647857666,-0.23758684516224093,0.05826926231384277,-0.08651719987392426,-0.12258563608202167,0.13630342483520508,-0.024867147207260132,-0.16812131226333804,0.18005716800689697,0.022917360067367554,-0.1828551334169788,0.20662516355514526,0.062435805797576904,-0.1925630760219974,0.07704007625579834,-0.0763501524925232,-0.10991002291711993,0.14603739976882935,-0.012344002723693848,-0.13781072616848178,0.14242875576019287,0.01737070083618164,-0.12874199867519565,0.12950783967971802,0.035426557064056396,-0.12124988109144397,0.08929753303527832,-0.056958869099617004,-0.10171147853407092,0.1426992416381836,-0.01069381833076477,-0.119409066143362,0.14259445667266846,0.012994855642318726,-0.11261079877886004,0.1354994773864746,0.03233146667480469,-0.10562032878669925
Q,0.0,0.0,0.0,0.03128623962402344,-0.006398975849151611,-0.04738700152040565,0.08452385663986206,0.0106048583984375,-0.0961488759577378,0.11865293979644775,0.07508587837219238,-0.13202753425241553,0.13230419158935547,0.15140902996063232,-0.16669107735754096,0.07607161998748779,-0.13497506082057953,-0.13882319391370856,0.12965822219848633,-0.08577883243560791,-0.18920336425901496,0.1770000457763672,-0.042475491762161255,-0.22016775370241248,0.2154293656349182,-0.0012623369693756104,-0.2433169758379563,0.08503901958465576,-0.1200914978981018,-0.13613590360284888,0.1716563105583191,-0.03774827718734741,-0.18756296992899024,0.22280418872833252,0.025837957859039307,-0.20849749208093726,0.2567240595817566,0.06730616092681885,-0.2250832295477494,0.08934050798416138,-0.07998788356781006,-0.12998884678484046,0.15845143795013428,0.018788248300552368,-0.1657553887426957,0.13888102769851685,0.044873595237731934,-0.16116717219949805,0.1097034215927124,0.03897881507873535,-0.15910972416997993,0.08728861808776855,-0.028599917888641357,-0.1271540200770005,0.13950777053833008,0.05745062232017517,-0.1546573615133866,0.12709194421768188,0.08742344379425049,-0.15216442704797828,0.10873854160308838,0.09495824575424194,-0.14957321942449653
Q,0.0,0.0,0.0,-0.008015215396881104,-0.00702020525932312,-0.0825802649347338,0.017093122005462646,0.006329864263534546,-0.12990993661566108,0.06821918487548828,0.07148373126983643,-0.15971063477678626,0.10376334190368652,0.13909631967544556,-0.18474360210581153,0.06790393590927124,-0.16741538047790527,-0.11545458836241096,0.14183026552200317,-0.08056207001209259,-0.16140614850206703,0.19519269466400146,-0.0181751549243927,-0.19167220992727607,0.2350563406944275,0.03044980764389038,-0.2130077968327555,0.10542649030685425,-0.16035516560077667,-0.0899446870176348,0.15892010927200317,-0.08439382910728455,-0.13258386058492988,0.14815855026245117,-0.04735824465751648,-0.1482972244708094,0.13220983743667603,-0.05176493525505066,-0.1570649485079798,0.12745893001556396,-0.12824656069278717,-0.06811354709549278,0.1637401580810547,-0.03178951144218445,-0.11184557182474464,0.13367336988449097,0.0004970431327819824,-0.11724732471390098,0.10422444343566895,-0.009832233190536499,-0.11435420466347068,0.13800722360610962,-0.0848296582698822,-0.05244133649154037,0.15435266494750977,0.009306788444519043,-0.09184342277927726,0.1236998438835144,0.044468462467193604,-0.09923266274614662,0.09314286708831787,0.04332304000854492,-0.09683431340141624
Q,0.0,0.0,0.0,0.0032944083213806152,0.019674062728881836,-0.05518394907790025,0.0325467586517334,0.04033339023590088,-0.10677378078776201,0.05787503719329834,0.10504800081253052,-0.14744541993218263,0.06664294004440308,0.17975080013275146,-0.18714782049733003,0.0367584228515625,-0.09532848000526428,-0.13016931166725954,0.09781253337860107,-0.05644921958446503,-0.18306283106880983,0.14529263973236084,-0.01187443733215332,-0.21809526732045015,0.18509942293167114,0.031754493713378906,-0.24197677722054323,0.06159311532974243,-0.10696199536323547,-0.12264455308991273,0.1368502378463745,-0.042860954999923706,-0.17542638828831514,0.17629945278167725,0.010093092918395996,-0.19462245156842073,0.20252537727355957,0.04866302013397217,-0.2063235734947284,0.08088892698287964,-0.09585881233215332,-0.11406669964867433,0.14518874883651733,-0.015193074941635132,-0.14625204553681215,0.1184033751487732,0.0142880380153656,-0.136427218223389,0.08844447135925293,0.02014783024787903,-0.1280239318855365,0.09268343448638916,-0.07036279141902924,-0.11072259595471223,0.14786016941070557,-0.005864828824996948,-0.12938859512883027,0.13483566045761108,0.017760634422302246,-0.12049964269476732,0.1191372275352478,0.024415314197540283,-0.11226128240900834
Q,0.0,0.0,0.0,-0.01199871301651001,0.018155336380004883,-0.08567062325869301,0.003618299961090088,0.040205538272857666,-0.15136247433815697,0.03633439540863037,0.10836061835289001,-0.1986138031641076,0.053859174251556396,0.18136510252952576,-0.24414322830830315,0.0037070512771606445,-0.11338093876838684,-0.16961451925430993,0.04670262336730957,-0.07705739140510559,-0.2290521369138787,0.10112285614013672,-0.05239248275756836,-0.26864540137444237,0.14884984493255615,-0.02015724778175354,-0.29608797587547997,0.05018007755279541,-0.11097860336303711,-0.14813606001530388,0.12346470355987549,-0.04065585136413574,-0.2080980048338006,0.16713947057724,0.0054717957973480225,-0.23323820091877678,0.1909869909286499,0.0380396842956543,-0.24959671057854393,0.08574157953262329,-0.08597370982170105,-0.12632694400940636,0.14000177383422852,-0.004159450531005859,-0.17003097690735558,0.11328780651092529,0.02472171187400818,-0.16860739447270134,0.07886970043182373,0.028475970029830933,-0.1647724763313363,0.10508441925048828,-0.05173829197883606,-0.11122827537451485,0.15432333946228027,0.009610891342163086,-0.141260619536979,0.1425667405128479,0.03647303581237793,-0.13900953091774682,0.12588560581207275,0.04379260540008545,-0.134481798187835
Q,0.0,0.0,0.0,-0.01104593276977539,0.021957218647003174,-0.09856125401597637,0.005871474742889404,0.045939862728118896,-0.1659774525676312,0.04379570484161377,0.11031696200370789,-0.21290711002689022,0.053954243659973145,0.17010456323623657,-0.2569960995231213,0.018307387828826904,-0.13287484645843506,-0.16830440299850125,0.07140302658081055,-0.08621913194656372,-0.2269382073197903,0.12313646078109741,-0.04340475797653198,-0.2654521210704388,0.16667813062667847,-0.0030492544174194336,-0.29163995819430966,0.07036936283111572,-0.12819290161132812,-0.13940817551952023,0.12734389305114746,-0.05816507339477539,-0.20381960707049984,0.1696767807006836,-0.0012943446636199951,-0.2319990737948956,0.19718658924102783,0.04020974040031433,-0.24817488031726498,0.1067628264427185,-0.0974353700876236,-0.11160970913510937,0.1450597047805786,-0.009192436933517456,-0.1608565046105923,0.1223982572555542,0.03732791543006897,-0.1609788282428326,0.09609293937683105,0.05370408296585083,-0.1552313460622372,0.1262296438217163,-0.05891244113445282,-0.0915186523113789,0.15862661600112915,0.007858335971832275,-0.12600404458385128,0.14796793460845947,0.04049721360206604,-0.12453869419437069,0.1380499005317688,0.04811069369316101,-0.11818432497125286
Q,0.0,0.0,0.0,-0.014811873435974121,0.010687649250030518,-0.07714426137010832,-0.0014988183975219727,0.026317983865737915,-0.1422012261251666,0.03021901845932007,0.09660834074020386,-0.19102047003309508,0.04832524061203003,0.17855370044708252,-0.23904729999105712,-0.005632877349853516,-0.10687337815761566,-0.1686207465032794,0.05465954542160034,-0.06446142494678497,-0.2283739409546115,0.10850989818572998,-0.03034806251525879,-0.26870546854536315,0.1542108654975891,0.00786447525024414,-0.29707489527265807,0.03748476505279541,-0.10602420568466187,-0.15111112214128752,0.10589832067489624,-0.04069651663303375,-0.21175247050325652,0.14502668380737305,0.002347201108932495,-0.2361074797014453,0.16731077432632446,0.03698134422302246,-0.2526656500200488,0.07207214832305908,-0.0833638459444046,-0.13213932133714934,0.1334189772605896,0.0006603002548217773,-0.17118872321645995,0.10937231779098511,0.02919641137123108,-0.16596230484049102,0.07717901468276978,0.03714558482170105,-0.16091353810827513,0.09451836347579956,-0.051627904176712036,-0.11961530513565322,0.1453624963760376,0.013727545738220215,-0.1448301336864688,0.1357746720314026,0.03487032651901245,-0.1403282991747119,0.12188732624053955,0.04093804955482483,-0.13524309910337706
Q,0.0,0.0,0.0,-0.021424949169158936,0.0022317171096801758,-0.08865596417422239,-0.01834690570831299,0.007611632347106934,-0.15521482441658918,0.019405007362365723,0.07262745499610901,-0.2062045863651747,0.039711594581604004,0.15057125687599182,-0.2544580033802504,0.022973477840423584,-0.16406430304050446,-0.15002670202488844,0.07034003734588623,-0.09075886011123657,-0.2153583547853941,0.09843224287033081,-0.03279176354408264,-0.2562868824982161,0.12607991695404053,-0.0011640191078186035,-0.2819444170975203,0.0691826343536377,-0.14860829710960388,-0.12962379369969312,0.1115909218788147,-0.06563873589038849,-0.19747623119587843,0.12212330102920532,-0.004197061061859131,-0.22421275887722913,0.1362236738204956,0.02840125560760498,-0.23822771821255628,0.10274916887283325,-0.11490923166275024,-0.11220772627825681,0.148381769657135,-0.030947446823120117,-0.16382319543595258,0.13764077425003052,0.011852800846099854,-0.16566760156388227,0.12872016429901123,0.025992751121520996,-0.16110134933228437,0.12184500694274902,-0.0757577121257782,-0.10212033305401746,0.16478800773620605,-0.012599587440490723,-0.13429092679257337,0.16500115394592285,0.020549654960632324,-0.13322984490628187,0.16846096515655518,0.0335409939289093,-0.12796435568566267
Q,0.0,0.0,0.0,0.013833761215209961,0.004419207572937012,-0.03811037448139132,0.04962146282196045,0.008120626211166382,-0.07493382972569407,0.0953018069267273,0.052826106548309326,-0.10752380919547022,0.12305116653442383,0.11966261267662048,-0.13891972881646097,0.07815438508987427,-0.13515478372573853,-0.06253273320288599,0.13618391752243042,-0.07263368368148804,-0.10315536242814005,0.16616302728652954,-0.022643715143203735,-0.13426609617562235,0.1932697296142578,0.012901782989501953,-0.1552199004301542,0.09857326745986938,-0.14328168332576752,-0.061952772558640845,0.15806633234024048,-0.07283958792686462,-0.09977245611042918,0.1525479555130005,-0.022310376167297363,-0.11528067571015299,0.14591574668884277,0.0031552016735076904,-0.12360576075406016,0.10950052738189697,-0.1353835165500641,-0.06372667384238184,0.16820931434631348,-0.06424684822559357,-0.09050657135338724,0.14266377687454224,-0.029996275901794434,-0.08387296182007731,0.11650943756103516,-0.020662039518356323,-0.07616627496571482,0.1088097095489502,-0.11757291853427887,-0.06991379243225992,0.1662394404411316,-0.06435191631317139,-0.08034764510483683,0.15444910526275635,-0.036809176206588745,-0.06856435817570627,0.13792085647583008,-0.026336997747421265,-0.05786527600974978
Q,0.0,0.0,0.0,0.02464503049850464,-0.024107426404953003,-0.051711302280409654,0.061155617237091064,-0.01789712905883789,-0.11497104170916828,0.09550255537033081,0.06016531586647034,-0.16938947889207157,0.10765492916107178,0.14531975984573364,-0.22724630686639102,0.04530143737792969,-0.20143623650074005,-0.15596880766747745,0.10057991743087769,-0.17600154876708984,-0.21981353315709384,0.1498265266418457,-0.1294470727443695,-0.2633544579446152,0.186556875705719,-0.08319132030010223,-0.2933161929547623,0.04531598091125488,-0.16469706594944,-0.16227681192754062,0.1345198154449463,-0.11167514324188232,-0.2278216257989243,0.1895369291305542,-0.056330859661102295,-0.2600762620866135,0.22072488069534302,-0.005487710237503052,-0.28297767791150363,0.04356229305267334,-0.09962958097457886,-0.16568688306210788,0.1425068974494934,-0.021711677312850952,-0.21340537819264682,0.1625230312347412,0.016899317502975464,-0.2237162366807297,0.15886491537094116,0.036851465702056885,-0.23174416276810916,0.03864949941635132,-0.026004642248153687,-0.1724348441064194,0.11436164379119873,0.04809677600860596,-0.2080859020650223,0.12988579273223877,0.08868196606636047,-0.21166975054143222,0.13208746910095215,0.11236527562141418,-0.21393430981038364
Q,0.0,0.0,0.0,-0.016017138957977295,-0.018014103174209595,-0.07796678835961757,-0.0009995102882385254,-0.01154223084449768,-0.13936823005292354,0.057667553424835205,0.06313824653625488,-0.18742952639672694,0.11040925979614258,0.13837742805480957,-0.23107091481301723,0.05624884366989136,-0.21744006872177124,-0.13381863529298244,0.14526915550231934,-0.11204002797603607,-0.18882898385140834,0.20246052742004395,-0.04626163840293884,-0.22211640472028193,0.24551624059677124,0.009125769138336182,-0.24493696684453425,0.08505815267562866,-0.20493623614311218,-0.12325205052707133,0.1695765256881714,-0.09447380900382996,-0.17969819302174983,0.2134959101676941,-0.03888460993766785,-0.20212743575189052,0.24063467979431152,-0.0061591267585754395,-0.2164649456224197,0.09900254011154175,-0.15882612764835358,-0.1149973585686439,0.14619463682174683,-0.022306233644485474,-0.1618840038261169,0.11382102966308594,0.018237769603729248,-0.16539646083924708,0.07592707872390747,0.025115162134170532,-0.1642069458446258,0.10654044151306152,-0.09235569834709167,-0.11417090291593013,0.13764125108718872,0.026444613933563232,-0.1515077590427154,0.10770517587661743,0.07299262285232544,-0.15328393275353847,0.07549357414245605,0.08402106165885925,-0.1495890259227508
Q,0.0,0.0,0.0,-0.003861546516418457,0.018007129430770874,-0.0949525238569322,0.016161322593688965,0.03850772976875305,-0.17084881678181318,0.05365931987762451,0.1060769259929657,-0.2275128813083711,0.07064563035964966,0.1766626536846161,-0.2818128319080415,0.010188877582550049,-0.1724241077899933,-0.19056685283737806,0.07063448429107666,-0.11934030055999756,-0.2585365028675142,0.12246322631835938,-0.06693577766418457,-0.300795033722693,0.16590362787246704,-0.021456867456436157,-0.3294834943111482,0.05012422800064087,-0.1769554316997528,-0.1694035829599443,0.13281035423278809,-0.08807903528213501,-0.241262540369803,0.17702221870422363,-0.02053895592689514,-0.27174200132446913,0.2047814130783081,0.026309996843338013,-0.2912302167709413,0.08413642644882202,-0.14538845419883728,-0.1478062869604173,0.16453111171722412,-0.0403483510017395,-0.19905036702709822,0.15722870826721191,0.006674259901046753,-0.20044809594708113,0.136041522026062,0.027536123991012573,-0.19883912816601423,0.10478293895721436,-0.09877800941467285,-0.13375449195461897,0.1773843765258789,-0.0268876850605011,-0.1717143954332414,0.18723416328430176,0.011718779802322388,-0.17276188746052412,0.18962138891220093,0.03201451897621155,-0.1693291963632646
Q,0.0,0.0,0.0,-0.02306663990020752,-0.01149246096611023,-0.0946609903199942,-0.012280702590942383,-0.010146170854568481,-0.17124273665979217,0.040745556354522705,0.06225544214248657,-0.23081720658376526,0.06984347105026245,0.14258551597595215,-0.28911594339444946,0.011213302612304688,-0.19484256207942963,-0.18604820259645294,0.06512778997421265,-0.16069282591342926,-0.25871605464055847,0.1127474308013916,-0.10103599727153778,-0.3044376451595099,0.1499897837638855,-0.0579630583524704,-0.3331590671165259,0.060064852237701416,-0.1662815511226654,-0.16662185677125763,0.1315678358078003,-0.09187409281730652,-0.24808525332048248,0.16124266386032104,-0.030743002891540527,-0.2866111774070532,0.17824405431747437,0.00254860520362854,-0.30873370953634094,0.09945452213287354,-0.11519521474838257,-0.1472437162025244,0.1697959303855896,-0.02767619490623474,-0.2077239979131491,0.1513957381248474,0.012450724840164185,-0.21817091890409301,0.12396132946014404,0.02610456943511963,-0.22001523562505554,0.1242876648902893,-0.05872786045074463,-0.134874456010607,0.1899796724319458,-0.0034310221672058105,-0.17488593646123718,0.19168466329574585,0.0273493230342865,-0.17810665854051422,0.18800806999206543,0.04098045825958252,-0.17612219639852356
Q,0.0,0.0,0.0,-0.008943915367126465,-0.017971664667129517,-0.09551340861440849,0.016291320323944092,-0.011387646198272705,-0.16284686846853447,0.07423293590545654,0.07480350136756897,-0.21095771117330742,0.10163146257400513,0.15949872136116028,-0.2551022074949856,0.051084280014038086,-0.2300482988357544,-0.16214208824754905,0.13545608520507812,-0.1627528965473175,-0.23253022654176903,0.19416046142578125,-0.09282563626766205,-0.2764837942850704,0.23429781198501587,-0.036318570375442505,-0.30282740814806175,0.09126955270767212,-0.18980813026428223,-0.14114216489912224,0.16604959964752197,-0.07111036777496338,-0.21752855701566887,0.14960819482803345,-0.012896507978439331,-0.2477575890553112,0.12169253826141357,-0.0038993358612060547,-0.2623253665697689,0.11692482233047485,-0.12694311141967773,-0.12278306259037208,0.17748433351516724,-0.018105268478393555,-0.18685527665735435,0.13223016262054443,0.009641647338867188,-0.19329675061823082,0.08274269104003906,-0.002986729145050049,-0.19044961555124473,0.1261717677116394,-0.06464889645576477,-0.11171560509325218,0.16964584589004517,0.0425792932510376,-0.16564173026205253,0.13597458600997925,0.09071540832519531,-0.17112738413931083,0.09908068180084229,0.10519668459892273,-0.16587278766752434
Q,0.0,0.0,0.0,0.00036025047302246094,0.020978331565856934,-0.11603838047824411,0.03635281324386597,0.04505571722984314,-0.20126438728414087,0.08343267440795898,0.114010751247406,-0.26011375180326013,0.11097997426986694,0.1820635199546814,-0.31599400034986047,0.02314215898513794,-0.16726858913898468,-0.2320112197741082,0.10918045043945312,-0.09543578326702118,-0.30689815274320154,0.18340784311294556,-0.045270949602127075,-0.3502799033268502,0.24046820402145386,0.002935051918029785,-0.379725044880729,0.07064187526702881,-0.17171470075845718,-0.2002640127285531,0.17623919248580933,-0.07410977780818939,-0.2823831795795968,0.24960368871688843,-0.007752954959869385,-0.3168590425594857,0.2937071919441223,0.03924596309661865,-0.33898106804929284,0.10922890901565552,-0.1417551338672638,-0.16683582058988122,0.18611401319503784,-0.031545013189315796,-0.2252162753685525,0.1685963273048401,0.02113628387451172,-0.22408751240811853,0.13810569047927856,0.03802227973937988,-0.22027636161885766,0.1354270577430725,-0.09938274323940277,-0.14191690674863366,0.1924448013305664,-0.0168340802192688,-0.18312945059381036,0.18060404062271118,0.027864307165145874,-0.1818282662972024,0.16413378715515137,0.04501733183860779,-0.17669295362077264
Q,0.0,0.0,0.0,-0.011712849140167236,0.011216402053833008,-0.11582728410655818,0.025051772594451904,0.03216108679771423,-0.20315601612026057,0.08341693878173828,0.10799556970596313,-0.26266799057418666,0.11984646320343018,0.17568516731262207,-0.3190721937506851,0.009740233421325684,-0.15945619344711304,-0.25373173440391383,0.09093546867370605,-0.09793378412723541,-0.32941139424735866,0.16077786684036255,-0.036573439836502075,-0.3675057061999496,0.21082144975662231,0.01940777897834778,-0.3916638263552841,0.06212484836578369,-0.14459149539470673,-0.22181593562061153,0.16747301816940308,-0.07219506800174713,-0.307879693159407,0.23268437385559082,-0.013096600770950317,-0.33974520052368007,0.2691901922225952,0.03030240535736084,-0.35880953753883205,0.10416162014007568,-0.10532110929489136,-0.18616431141788325,0.17944550514221191,-0.020171254873275757,-0.2453251698105987,0.16088098287582397,0.02561524510383606,-0.2425473698466476,0.13024193048477173,0.04118669033050537,-0.23713987255985103,0.1325344443321228,-0.05975845456123352,-0.15829496766025386,0.18892407417297363,-0.00018662214279174805,-0.19997299397880397,0.17785733938217163,0.03501221537590027,-0.19805543805057368,0.1640433669090271,0.04863080382347107,-0.19229807640010677
Q,0.0,0.0,0.0,-0.010246992111206055,0.022497057914733887,-0.09849893238788354,0.017980635166168213,0.043101102113723755,-0.17261476006751764,0.0658612847328186,0.11566531658172607,-0.22542925861125696,0.09177255630493164,0.18544811010360718,-0.27734353330379236,-0.0033164024353027344,-0.1257636696100235,-0.20332676854377496,0.06587332487106323,-0.09988123178482056,-0.27456884768253076,0.13309788703918457,-0.05964624881744385,-0.3184096732402395,0.19149982929229736,-0.013873696327209473,-0.3473117568755697,0.04846632480621338,-0.13625922799110413,-0.1769892790580343,0.13907015323638916,-0.0869065523147583,-0.24863690819984186,0.20571660995483398,-0.03520888090133667,-0.27964084532504785,0.24852490425109863,0.007245659828186035,-0.3003168323302816,0.09312635660171509,-0.11909087002277374,-0.14983136143928277,0.16735559701919556,-0.0542135089635849,-0.20491417434459436,0.17721766233444214,-0.0013056695461273193,-0.21218878712898004,0.1702215075492859,0.030501902103424072,-0.21387688007598626,0.1251310110092163,-0.09022669494152069,-0.12944322016483056,0.18461936712265015,-0.040928661823272705,-0.17133750703578698,0.19503909349441528,0.003611952066421509,-0.17737423565631616,0.19833767414093018,0.03326115012168884,-0.17745547678714502
Q,0.0,0.0,0.0,-0.009045720100402832,0.024289488792419434,-0.10959130600019762,0.015566110610961914,0.036202311515808105,-0.1966623745851166,0.06127822399139404,0.10705956816673279,-0.26002686545177767,0.09092175960540771,0.18079906702041626,-0.3249581985168106,0.00013333559036254883,-0.11478495597839355,-0.24241673275753328,0.060734331607818604,-0.09764721989631653,-0.3256134323768265,0.1194269061088562,-0.06202273070812225,-0.37900399491115877,0.17291849851608276,-0.023525983095169067,-0.4145518474273331,0.04495304822921753,-0.121919184923172,-0.21382067426964113,0.12189960479736328,-0.09355106949806213,-0.2999903194598801,0.1778917908668518,-0.04645603895187378,-0.34076940342708895,0.22169166803359985,-0.0014239251613616943,-0.3681937389068253,0.08403009176254272,-0.10569094121456146,-0.18268544301315615,0.1606636643409729,-0.06321091949939728,-0.24583157226368257,0.18807625770568848,-0.024476736783981323,-0.26359748169704744,0.20276576280593872,0.006929218769073486,-0.27338560745045015,0.11094528436660767,-0.08022300899028778,-0.1580375365905411,0.17602962255477905,-0.048793256282806396,-0.2048917047671921,0.19769537448883057,-0.018492847681045532,-0.21844058558269808,0.21422648429870605,0.006419718265533447,-0.22576587721630403
Q,0.0,0.0,0.0,-0.015413343906402588,0.024174749851226807,-0.13958755293560898,0.009889721870422363,0.040242671966552734,-0.23436486879063523,0.061035215854644775,0.112067312002182,-0.29947459855748093,0.09052687883377075,0.18838390707969666,-0.35991755285931504,0.024531781673431396,-0.19681790471076965,-0.24625769415570176,0.08416032791137695,-0.177968367934227,-0.33356702485752976,0.155575692653656,-0.14175914227962494,-0.38519022026730454,0.21271610260009766,-0.09410744905471802,-0.4192646459646312,0.08503150939941406,-0.1894456297159195,-0.20606757858467972,0.18380743265151978,-0.08498921990394592,-0.30750304618550217,0.22675251960754395,-0.023047298192977905,-0.34905299702359116,0.24332427978515625,0.0028716325759887695,-0.37149647036267197,0.128750741481781,-0.14382416009902954,-0.16716227093411362,0.19439882040023804,-0.015150517225265503,-0.24294337788296616,0.14385783672332764,0.03624197840690613,-0.24047640124035752,0.09025388956069946,0.036491215229034424,-0.23115798989010727,0.15188384056091309,-0.08843095600605011,-0.1391648367948619,0.20411968231201172,0.013091057538986206,-0.19600151637268937,0.1755303144454956,0.05303460359573364,-0.19671166101170456,0.1448332667350769,0.051924705505371094,-0.1890269831724254
Q,0.0,0.0,0.0,-0.014351904392242432,0.029614001512527466,-0.14206635337404805,0.01660776138305664,0.05740728974342346,-0.2451914040379961,0.06413495540618896,0.13051077723503113,-0.31493946295313435,0.09299498796463013,0.20909321308135986,-0.3809549747043093,0.007031142711639404,-0.16869549453258514,-0.2926229475074251,0.08914762735366821,-0.10806027054786682,-0.3842571018271883,0.17098885774612427,-0.05964154005050659,-0.4380273757510622,0.2362351417541504,-0.010260790586471558,-0.47474696617655354,0.06841260194778442,-0.17348529398441315,-0.2491581974559267,0.1728612184524536,-0.06947024166584015,-0.3482323525481661,0.23605477809906006,-0.016468733549118042,-0.38651140909723836,0.2708425521850586,0.014946132898330688,-0.4117159185939272,0.11678963899612427,-0.14257386326789856,-0.2025818465285738,0.19018763303756714,-0.014442205429077148,-0.26878958325914937,0.1487116813659668,0.03233015537261963,-0.2582505879931887,0.09922868013381958,0.038181304931640625,-0.2483419714503725,0.1473301649093628,-0.09893786907196045,-0.16689243298105794,0.20587384700775146,-0.002900362014770508,-0.2134294299416979,0.18162041902542114,0.037316709756851196,-0.20790710430674153,0.15620529651641846,0.04433205723762512,-0.19927501063875752
Q,0.0,0.0,0.0,-0.012875676155090332,0.03714969754219055,-0.1425682994545241,0.017291247844696045,0.07134097814559937,-0.25342443017370897,0.06967425346374512,0.15663206577301025,-0.33145376471884447,0.1000869870185852,0.23606610298156738,-0.4071571174085875,-0.013903379440307617,-0.12012212723493576,-0.3177967908800383,0.06097245216369629,-0.02587205171585083,-0.418229425233676,0.14126217365264893,0.03791585564613342,-0.4774851146162291,0.2069387435913086,0.09471958875656128,-0.5186117830694457,0.04709380865097046,-0.12319329380989075,-0.283401841205432,0.15769058465957642,-0.045549944043159485,-0.3965055289686461,0.2465609312057495,0.004167601466178894,-0.44996642498381334,0.3086274266242981,0.044320642948150635,-0.4877583923757811,0.09899735450744629,-0.09012383222579956,-0.24318685559637743,0.1918550729751587,0.011715739965438843,-0.32044425038702684,0.1752713918685913,0.06038576364517212,-0.32255020169623094,0.1423317790031433,0.07870063185691833,-0.3229971769274016,0.1392255425453186,-0.042399004101753235,-0.21260910658247667,0.20733100175857544,0.027715712785720825,-0.2657119872988005,0.19447553157806396,0.07351493835449219,-0.26527130035765367,0.1773296594619751,0.09445598721504211,-0.2629767897547026
Q,0.0,0.0,0.0,-0.022099614143371582,0.022622615098953247,-0.14561492720361002,-0.004173398017883301,0.048612505197525024,-0.23855595806355723,0.048173367977142334,0.12960240244865417,-0.3010303578686262,0.08397531509399414,0.20756420493125916,-0.3539288840603376,0.013327240943908691,-0.20144042372703552,-0.23192589500661143,0.08511495590209961,-0.14769744873046875,-0.3252690337013746,0.1726529598236084,-0.08763721585273743,-0.37664987662549265,0.24831610918045044,-0.028574049472808838,-0.409473826677754,0.09251981973648071,-0.20081913471221924,-0.18986386576409586,0.18494057655334473,-0.09118019044399261,-0.2963426909756208,0.21497011184692383,-0.0224493145942688,-0.33151193478818186,0.2274686098098755,-0.016157478094100952,-0.34658693292851694,0.14792263507843018,-0.16241753846406937,-0.15269691267724284,0.19920611381530762,-0.02531525492668152,-0.23932047703976878,0.13569074869155884,0.04440450668334961,-0.22974552729840525,0.07447928190231323,0.03412526845932007,-0.21058661261315592,0.17755413055419922,-0.10965384542942047,-0.12710933902974375,0.20920348167419434,0.003426194190979004,-0.19306673625226267,0.16388309001922607,0.04851406812667847,-0.1925907633614088,0.12142550945281982,0.03258529305458069,-0.1800918481659437
Q,0.0,0.0,0.0,-0.011321604251861572,0.029370218515396118,-0.1507966946767283,0.015163123607635498,0.05864188075065613,-0.2580558042930079,0.06842923164367676,0.13164561986923218,-0.332661299030633,0.10493987798690796,0.22140243649482727,-0.3996205907271815,0.01540064811706543,-0.1952783316373825,-0.27212431840166573,0.11237025260925293,-0.1122114360332489,-0.3683831375049067,0.1987670660018921,-0.04830598831176758,-0.4202865343497706,0.2631112337112427,0.009212315082550049,-0.4542806427882624,0.08532756567001343,-0.20309677720069885,-0.2277321945832682,0.20381510257720947,-0.0796738862991333,-0.33129933289751534,0.22659534215927124,-0.004637330770492554,-0.36178874782785897,0.22796058654785156,0.014227956533432007,-0.3772162478373957,0.13896256685256958,-0.17288385331630707,-0.18498837761148934,0.21420717239379883,-0.0406220406293869,-0.25954255274996285,0.15876996517181396,0.017862707376480103,-0.24249557964071755,0.09960430860519409,0.01058223843574524,-0.22425480000242715,0.17077374458312988,-0.1293228268623352,-0.15425489656195168,0.22605907917022705,-0.026097089052200317,-0.20499679259523873,0.18968260288238525,0.016198396682739258,-0.19686037115320687,0.15289020538330078,0.009616732597351074,-0.18401980213388924
Q,0.0,0.0,0.0,-0.006471455097198486,0.03454706072807312,-0.14245091015004618,0.01883244514465332,0.06365981698036194,-0.24575437241696818,0.0722777247428894,0.14560261368751526,-0.31945995622777446,0.11533993482589722,0.23991647362709045,-0.39007670813703044,0.019591867923736572,-0.18567565083503723,-0.2649922781577061,0.1315004825592041,-0.10150668025016785,-0.35955254369878276,0.22304457426071167,-0.04812757670879364,-0.4204718285193394,0.2958310842514038,0.0026262998580932617,-0.46228707963132365,0.07944416999816895,-0.20950303971767426,-0.2267787122120808,0.2006467580795288,-0.0855955183506012,-0.3246962242712925,0.2616766095161438,-0.008466660976409912,-0.3658133857836674,0.2971033453941345,0.0391976535320282,-0.39170457059049113,0.1267414689064026,-0.18469233810901642,-0.189250331460471,0.21736586093902588,-0.039421916007995605,-0.26339144641065104,0.185430645942688,0.02025201916694641,-0.2645295971026371,0.14473885297775269,0.03567516803741455,-0.2594732456793736,0.15899091958999634,-0.13793203234672546,-0.16260753208302958,0.2345169186592102,-0.03130275011062622,-0.21624733143949015,0.2248549461364746,0.02050456404685974,-0.21667343014382823,0.20890271663665771,0.0387326180934906,-0.2104210072150181
Q,0.0,0.0,0.0,-0.014654874801635742,0.05817326903343201,-0.14337020298398784,0.006852984428405762,0.09064063429832458,-0.2500463940755253,0.057724952697753906,0.1708185374736786,-0.32229017397321513,0.09816449880599976,0.2634181082248688,-0.3920867957726841,-0.036807894706726074,-0.10131268203258514,-0.30992980977453044,0.059247493743896484,-0.032044827938079834,-0.41131236335195354,0.13556694984436035,-0.0055258870124816895,-0.46889703651822856,0.20275211334228516,0.02596709132194519,-0.5075494267598515,0.02598470449447632,-0.14239445328712463,-0.2675732292786961,0.147061288356781,-0.0650692731142044,-0.37007116457380107,0.18999242782592773,-0.00796249508857727,-0.40319656511701396,0.21939218044281006,0.024318337440490723,-0.4255650856152897,0.0850898027420044,-0.14458608627319336,-0.22279754957116893,0.20407962799072266,-0.04446569085121155,-0.2990338720933323,0.19998759031295776,0.00612989068031311,-0.2995892681733494,0.18217623233795166,0.021007627248764038,-0.29704796453870586,0.1291121244430542,-0.12658806145191193,-0.1873315789357548,0.22801977396011353,-0.04893217980861664,-0.24503535708345225,0.23938870429992676,-0.0010463297367095947,-0.25203403016485026,0.23932045698165894,0.021598726511001587,-0.2533968009606724
Q,0.0,0.0,0.0,-0.03990596532821655,0.026788145303726196,-0.15973731309952655,-0.03362184762954712,0.045648276805877686,-0.2803825977522365,0.02931886911392212,0.1400344967842102,-0.36768629581513324,0.07417023181915283,0.2378300428390503,-0.45324861437859454,-0.023054003715515137,-0.1848316788673401,-0.33124008209290423,0.06701022386550903,-0.05428446829319,-0.45251613289894976,0.1170927882194519,0.0233154296875,-0.5256665292459957,0.15530234575271606,0.0732492208480835,-0.5730797591883174,0.04120582342147827,-0.16433320939540863,-0.2929677310663692,0.1489657163619995,-0.05947074294090271,-0.41503041417183795,0.19446688890457153,-0.008955806493759155,-0.4714347663599483,0.23251575231552124,0.015556693077087402,-0.5125045123774044,0.09586966037750244,-0.11172482371330261,-0.2531059625822536,0.18617165088653564,0.0020124316215515137,-0.34107058674874224,0.16579359769821167,0.0576854944229126,-0.34962155849518695,0.1428573727607727,0.08096501231193542,-0.35506122738900103,0.1325780153274536,-0.04655078053474426,-0.22499046654286303,0.1961323618888855,0.023649871349334717,-0.29114722640099444,0.2011960744857788,0.06715652346611023,-0.30071880847992816,0.20691633224487305,0.0887390673160553,-0.3053614738661281
Q,0.0,0.0,0.0,-0.036826252937316895,-0.000510096549987793,-0.14058140945337527,-0.02982354164123535,0.00657692551612854,-0.2506350381364655,0.03515535593032837,0.10380303859710693,-0.3345151646127533,0.09025990962982178,0.2104262411594391,-0.42016554903887027,-0.008275806903839111,-0.23311589658260345,-0.2753704888810944,0.09604960680007935,-0.14568445086479187,-0.38259098958872073,0.15740203857421875,-0.06877745687961578,-0.4523765249242615,0.20698249340057373,-0.02088320255279541,-0.49701438379190677,0.05441564321517944,-0.19933786988258362,-0.24336607289217227,0.15651237964630127,-0.1299818605184555,-0.35007906985185855,0.21467798948287964,-0.06961768865585327,-0.40655107331178897,0.26058465242385864,-0.02756720781326294,-0.44479719829462283,0.10771036148071289,-0.14217254519462585,-0.2121799690713715,0.20841318368911743,-0.0834679901599884,-0.2989912433614563,0.24544024467468262,-0.041384875774383545,-0.331142525195105,0.26921766996383667,-0.014722645282745361,-0.3485485119809937,0.14589792490005493,-0.08056427538394928,-0.18928440940283053,0.22399437427520752,-0.04361775517463684,-0.25148282480142825,0.25039809942245483,-0.00814729928970337,-0.2710015876283478,0.27358996868133545,0.01617470383644104,-0.28186480235956424
Q,0.0,0.0,0.0,-0.030637800693511963,0.042235344648361206,-0.1592104301753352,-0.02215123176574707,0.0675390362739563,-0.2771428988280604,0.034874141216278076,0.1598779857158661,-0.3617741928401301,0.08520472049713135,0.25810545682907104,-0.44564829924729565,-0.03926330804824829,-0.16748380661010742,-0.313291744977505,0.0590970516204834,-0.05290096998214722,-0.4232964382472346,0.12356001138687134,0.0211641788482666,-0.4887229667010615,0.1760469675064087,0.07891076803207397,-0.5295810268225978,0.023024022579193115,-0.18176056444644928,-0.26779548981812695,0.13315677642822266,-0.08704665303230286,-0.37328075030472974,0.1988515853881836,-0.026299625635147095,-0.41957567790177563,0.24991720914840698,0.024058282375335693,-0.4520556495490382,0.0824022889137268,-0.15935809910297394,-0.22240996518758038,0.18710488080978394,-0.06879962980747223,-0.30622147181657056,0.22029775381088257,-0.016008585691452026,-0.32718299487260083,0.2414013147354126,0.020649313926696777,-0.3382713363471339,0.12928038835525513,-0.12097206711769104,-0.18728579738763074,0.2094516158103943,-0.06158839166164398,-0.2483130709233592,0.2320590615272522,-0.014463543891906738,-0.2638271019759486,0.2511231303215027,0.018331199884414673,-0.2720055446925471
Q,0.0,0.0,0.0,-0.03721433877944946,-0.021998554468154907,-0.11221794374034744,-0.030849933624267578,-0.019184768199920654,-0.2128589782838617,0.036981940269470215,0.07296666502952576,-0.29286119676874023,0.09091818332672119,0.18237429857254028,-0.3755482170705591,-0.02717822790145874,-0.24516242742538452,-0.2507588896875177,0.08394098281860352,-0.14373159408569336,-0.3554993603353296,0.15775877237319946,-0.06191690266132355,-0.4273427758340631,0.2156972885131836,-0.009084135293960571,-0.4756632182721887,0.025655388832092285,-0.20076189935207367,-0.23872885443017822,0.14456653594970703,-0.1131991595029831,-0.3431282971029077,0.20987153053283691,-0.05740034580230713,-0.39900511838243347,0.26299595832824707,-0.01726171374320984,-0.43891853429124694,0.07304716110229492,-0.12377552688121796,-0.22589402235792022,0.18990367650985718,-0.04338085651397705,-0.3075935278062616,0.22243565320968628,-0.009321361780166626,-0.333426419270495,0.24030888080596924,0.011200308799743652,-0.34995448924348693,0.1150747537612915,-0.0337127149105072,-0.220067608726481,0.20073723793029785,0.028732359409332275,-0.2778708670263086,0.2129407525062561,0.06382572650909424,-0.29058978296563964,0.21779537200927734,0.0815172791481018,-0.2989325854902063
Q,0.0,0.0,0.0,-0.030668318271636963,-0.0903787612915039,-0.07516613510142633,0.006911039352416992,-0.12585321068763733,-0.15393236186992,0.1128462553024292,-0.04691046476364136,-0.22066789772998163,0.21800190210342407,0.04170489311218262,-0.29211261775981257,0.03586721420288086,-0.30805301666259766,-0.19311991241465876,0.15686631202697754,-0.20077785849571228,-0.293899505405534,0.21178793907165527,-0.12306401133537292,-0.36837056186686823,0.24957001209259033,-0.07972875237464905,-0.4184131017018444,0.06178218126296997,-0.20767081528902054,-0.20221021678935358,0.17983299493789673,-0.13916096091270447,-0.29649463203440973,0.24074900150299072,-0.09208820760250092,-0.3507474353600628,0.28940820693969727,-0.0703423023223877,-0.39020150807391474,0.07666081190109253,-0.09038518369197845,-0.2120775422145016,0.1891581416130066,-0.031214237213134766,-0.29353192356120417,0.2414904236793518,-0.018707334995269775,-0.32999470737468073,0.2775229811668396,-0.0297279953956604,-0.353692202835191,0.08386147022247314,0.028829097747802734,-0.22538410034667322,0.15515011548995972,0.09546864032745361,-0.28703337815295527,0.1853621006011963,0.12397074699401855,-0.30672401097308466,0.2064577341079712,0.12910598516464233,-0.32079768088351557
Q,0.0,0.0,0.0,-0.03203225135803223,-0.04329824447631836,-0.08330959985272557,-0.01845341920852661,-0.059240370988845825,-0.1520981133939472,0.061211228370666504,0.02964743971824646,-0.21029361495988041,0.14400571584701538,0.10993218421936035,-0.2683158607246128,0.043872714042663574,-0.31560662388801575,-0.14514134237782628,0.1861894130706787,-0.15951107442378998,-0.2341969252588001,0.22631460428237915,-0.05099424719810486,-0.2996990473033634,0.24763208627700806,0.048017680644989014,-0.33649779269711644,0.1023220419883728,-0.2606358826160431,-0.14231779584901005,0.23915284872055054,-0.1525549590587616,-0.21085549304501683,0.2696831226348877,-0.13563498854637146,-0.252426365113422,0.2862391471862793,-0.12048035860061646,-0.28085456202046544,0.13624101877212524,-0.17375829815864563,-0.14562749276177556,0.22809457778930664,-0.0741623044013977,-0.20178540954606206,0.23783862590789795,-0.06508374214172363,-0.2339890838624683,0.24105066061019897,-0.06312239170074463,-0.2529772908450809,0.15006107091903687,-0.07004749774932861,-0.15577573487774998,0.1877712607383728,0.045144081115722656,-0.1975246758224216,0.18629920482635498,0.08012014627456665,-0.21227622935788304,0.18784677982330322,0.10176360607147217,-0.21950734565274388
Q,0.0,0.0,0.0,-0.020477473735809326,-0.01857924461364746,-0.10989684929666055,0.002184927463531494,-0.021077364683151245,-0.20332730879601968,0.07821375131607056,0.05988776683807373,-0.27702582945642007,0.15907567739486694,0.15377113223075867,-0.3479757415276481,0.029456913471221924,-0.2214166671037674,-0.22161486317929757,0.10908687114715576,-0.1732501983642578,-0.3165695773583366,0.16078585386276245,-0.12700875103473663,-0.3761970209103538,0.19413715600967407,-0.08296939730644226,-0.41586465706643594,0.08559495210647583,-0.1914587765932083,-0.20717483331975473,0.1838492751121521,-0.1391470730304718,-0.3128012525063468,0.2289302945137024,-0.07871413230895996,-0.36548445691880715,0.253903329372406,-0.03251031041145325,-0.39649293889817727,0.1290987730026245,-0.13674595952033997,-0.19334059526738656,0.21804404258728027,-0.05132785439491272,-0.2753584789257957,0.20534497499465942,5.21540641784668e-06,-0.2916960524540855,0.17792361974716187,0.016167938709259033,-0.29579592814263833,0.1523590087890625,-0.07357418537139893,-0.1873655723553611,0.22386431694030762,0.005459725856781006,-0.2482677655440284,0.22375762462615967,0.049889564514160156,-0.2595370518189384,0.21480023860931396,0.07015395164489746,-0.2611348139267875
Q,0.0,0.0,0.0,-0.014802634716033936,-0.04715770483016968,-0.05852258200158644,-0.0019369125366210938,-0.06526190042495728,-0.12570025766601134,0.07218456268310547,0.009812593460083008,-0.18763417745341826,0.15324145555496216,0.08562439680099487,-0.25251694763412047,0.03477168083190918,-0.2951889857649803,-0.1331844254802661,0.12959563732147217,-0.1352114975452423,-0.2208188250135379,0.17584103345870972,-0.014387845993041992,-0.2873524352382617,0.206229567527771,0.08812570571899414,-0.32733663166274596,0.057335615158081055,-0.26890794932842255,-0.14786782110442687,0.18895965814590454,-0.1815972775220871,-0.22004646802653838,0.2484663724899292,-0.10506287217140198,-0.2570044621299701,0.2946015000343323,-0.0399211049079895,-0.2789523824523883,0.0657278299331665,-0.2010289579629898,-0.16608517611732054,0.17836695909500122,-0.09764721989631653,-0.22548343981017638,0.23018598556518555,-0.07276487350463867,-0.25327043975104857,0.2676997780799866,-0.06406265497207642,-0.26880636060943175,0.06211733818054199,-0.10521705448627472,-0.18890681112517882,0.11862099170684814,0.02458435297012329,-0.22509592021216918,0.14576035737991333,0.08408766984939575,-0.22971729183902312,0.1704537272453308,0.1174614429473877,-0.2320335283349948
Q,0.0,0.0,0.0,-0.03441321849822998,-0.012987911701202393,-0.0771817364131806,-0.02356112003326416,-0.008492469787597656,-0.15124490338915564,0.060525357723236084,0.07078546285629272,-0.21436824876421667,0.14993643760681152,0.12919408082962036,-0.27915735024565436,-0.004260540008544922,-0.23707988858222961,-0.16348528343790747,0.11011987924575806,-0.060648441314697266,-0.2541340090667603,0.16272610425949097,0.06345891952514648,-0.3186801173126099,0.19224917888641357,0.17425578832626343,-0.35548735636824347,0.04396635293960571,-0.22956987470388412,-0.16709446388834692,0.17471975088119507,-0.15165983140468597,-0.23232663649672247,0.2176910638809204,-0.10557544231414795,-0.2670048870479462,0.24231934547424316,-0.06439658999443054,-0.2916137673293946,0.0799400806427002,-0.17802470922470093,-0.17380418855303503,0.1903834342956543,-0.08239555358886719,-0.22768045443648077,0.23008882999420166,-0.06258559226989746,-0.25263641256445624,0.25429922342300415,-0.05834692716598511,-0.26938248652571417,0.10246914625167847,-0.0943281352519989,-0.18623770255202032,0.14885741472244263,0.03678464889526367,-0.21637179929369665,0.15730279684066772,0.09523522853851318,-0.2168866344129441,0.16507160663604736,0.12974613904953003,-0.2180891283189652
Q,0.0,0.0,0.0,-0.036554038524627686,-0.023762822151184082,-0.09654381010392399,-0.024815261363983154,-0.02241256833076477,-0.17495791498282642,0.06200212240219116,0.06816017627716064,-0.23964133742907734,0.15403056144714355,0.14624500274658203,-0.30415691319564075,0.02248924970626831,-0.2558714523911476,-0.16329064849475117,0.1295744776725769,-0.0703100860118866,-0.25673596445182056,0.18515223264694214,0.04810333251953125,-0.3265584546671221,0.21830636262893677,0.15517538785934448,-0.3679117101774523,0.0879172682762146,-0.23074395209550858,-0.1550682771549532,0.20322799682617188,-0.1292928159236908,-0.22313369694808216,0.25989681482315063,-0.0753169059753418,-0.2656589287863085,0.29819995164871216,-0.025836944580078125,-0.29776035133460255,0.13246363401412964,-0.17031481862068176,-0.15286458912947865,0.2303653359413147,-0.0729130208492279,-0.21429215255835743,0.2804468870162964,-0.030343830585479736,-0.246899037395508,0.31116729974746704,-0.0012088418006896973,-0.26706664148429127,0.1587337851524353,-0.08330750465393066,-0.15790679935076923,0.19879841804504395,0.019150257110595703,-0.20263363305190296,0.21292072534561157,0.07420921325683594,-0.21538860980132313,0.22048795223236084,0.11536774039268494,-0.2226191449508974
Q,0.0,0.0,0.0,-0.02118098735809326,0.004224687814712524,-0.1507869835315887,0.01251840591430664,0.009951680898666382,-0.2641336645303909,0.09678161144256592,0.10244140028953552,-0.34793356315481105,0.18575060367584229,0.19529175758361816,-0.4295066918550674,0.027313232421875,-0.20722785592079163,-0.28827098266469875,0.09685009717941284,-0.1668699085712433,-0.40116253749715725,0.16693443059921265,-0.11903217434883118,-0.4738823796926681,0.2294190526008606,-0.07099190354347229,-0.523489805620784,0.09128707647323608,-0.18742597103118896,-0.2556845869241897,0.20019137859344482,-0.10872335731983185,-0.3846022214113418,0.27402061223983765,-0.04064348340034485,-0.45217749730932155,0.33175891637802124,0.010820329189300537,-0.49314931289541164,0.14167428016662598,-0.13561387360095978,-0.22320342318403164,0.2210100293159485,-0.01798081398010254,-0.3199357117830459,0.21275699138641357,0.03710034489631653,-0.3436840202032272,0.20113861560821533,0.05760908126831055,-0.35328579203473964,0.17124062776565552,-0.0713469535112381,-0.20156908289777675,0.22208964824676514,0.040906935930252075,-0.2752420331655685,0.22437149286270142,0.10591214895248413,-0.29419332997190395,0.23027563095092773,0.13696148991584778,-0.3015997137247268
Q,0.0,0.0,0.0,-0.014244139194488525,0.026274770498275757,-0.17571299870814983,0.035137176513671875,0.048127323389053345,-0.2917200734218568,0.13171881437301636,0.1198071837425232,-0.3678164293369264,0.2218756079673767,0.19248300790786743,-0.4369011034568757,0.0322575569152832,-0.21708786487579346,-0.33254305620994273,0.1560390591621399,-0.13823097944259644,-0.43834743996467296,0.24791979789733887,-0.0664987564086914,-0.4902548601230592,0.31451332569122314,-0.0009385943412780762,-0.5245041956504792,0.10239475965499878,-0.21376989781856537,-0.2817202915748567,0.22741848230361938,-0.10551269352436066,-0.40250531931724254,0.30483704805374146,-0.03445461392402649,-0.4479536225398988,0.35576367378234863,0.009115129709243774,-0.4747308899959535,0.15662133693695068,-0.1697796732187271,-0.23078158100452129,0.23691266775131226,-0.04425317049026489,-0.3238563348850221,0.21279263496398926,0.017483144998550415,-0.32583741446342174,0.1858428716659546,0.03247353434562683,-0.3205516745647401,0.19041132926940918,-0.11281056702136993,-0.1924555708965272,0.2445826530456543,-0.00678253173828125,-0.26705471773948375,0.2312687635421753,0.053964197635650635,-0.27506728072967235,0.21936297416687012,0.07552435994148254,-0.27124528189506236
Q,0.0,0.0,0.0,0.001174628734588623,0.028009742498397827,-0.16906586715481353,0.04636114835739136,0.05213966965675354,-0.2759586317231424,0.13512104749679565,0.11665043234825134,-0.3467022819211252,0.2181565761566162,0.17777737975120544,-0.4101403100182779,0.03987622261047363,-0.21855106949806213,-0.28063759633801055,0.13191258907318115,-0.16156448423862457,-0.38445014187595916,0.22488552331924438,-0.10610745847225189,-0.4423338813473947,0.30241847038269043,-0.04647397994995117,-0.4795740885426767,0.10643380880355835,-0.22193825244903564,-0.23140672275326324,0.233473539352417,-0.11925560235977173,-0.34723717400333953,0.305804967880249,-0.048001259565353394,-0.395046953647352,0.3542062044143677,-0.009877651929855347,-0.4197269720723398,0.16276246309280396,-0.18527203798294067,-0.1860813988139398,0.24529969692230225,-0.06532442569732666,-0.2839658600976236,0.2122431993484497,0.0016717314720153809,-0.29188090988895965,0.1779189109802246,0.01983317732810974,-0.28485656210682464,0.19637668132781982,-0.13113057613372803,-0.1528802258660562,0.24999898672103882,-0.020022094249725342,-0.22972660192749572,0.2346063256263733,0.05493763089179993,-0.239033792703367,0.22194451093673706,0.0924399197101593,-0.2329232437302835
Q,0.0,0.0,0.0,-0.009194254875183105,0.02796444296836853,-0.18588975875491087,0.038784921169281006,0.045225173234939575,-0.3029131969701666,0.13045889139175415,0.10305839776992798,-0.3788843235265631,0.21593254804611206,0.17875316739082336,-0.4473802825700659,0.03668344020843506,-0.23168882727622986,-0.3243329307329077,0.15680360794067383,-0.14172399044036865,-0.4316969594251532,0.24402254819869995,-0.06185199320316315,-0.4846899291765112,0.3050025701522827,0.005581945180892944,-0.517037012268247,0.10459291934967041,-0.22853805124759674,-0.2646090766679663,0.23058295249938965,-0.12194740772247314,-0.3828539928686041,0.29460030794143677,-0.040946513414382935,-0.42558652966135924,0.3331564664840698,0.0068811774253845215,-0.44693691341990416,0.16203546524047852,-0.1864050179719925,-0.20674450008982603,0.24201172590255737,-0.05720093846321106,-0.29762945382708494,0.2105916142463684,0.01877465844154358,-0.29483536689394896,0.17861545085906982,0.04280015826225281,-0.2823472699415106,0.1977066993713379,-0.13098743557929993,-0.1624109974395651,0.2462841272354126,-0.02121967077255249,-0.2314645132314581,0.23173308372497559,0.051132529973983765,-0.23410909681433623,0.220361590385437,0.086480051279068,-0.2242706349384207
Q,0.0,0.0,0.0,0.007419764995574951,0.03342607617378235,-0.1578678242916567,0.05783802270889282,0.058053791522979736,-0.2673183284754259,0.14845913648605347,0.12365260720252991,-0.3424653016085131,0.22179359197616577,0.2055160105228424,-0.41017003879494496,0.02714824676513672,-0.19703617691993713,-0.29054426178879567,0.14403444528579712,-0.11987492442131042,-0.3854826591963274,0.20681679248809814,-0.06017492711544037,-0.4276037715429766,0.23355084657669067,-0.024477392435073853,-0.4525924526209337,0.08281737565994263,-0.2004191279411316,-0.24586846456475087,0.2204764485359192,-0.10814683139324188,-0.34437121972985096,0.24171078205108643,-0.03300833702087402,-0.37142561898178883,0.2304629683494568,-0.016224265098571777,-0.3838553033823473,0.13625025749206543,-0.1719016581773758,-0.2031181208843691,0.2487679123878479,-0.06868347525596619,-0.2808405958170397,0.24600636959075928,-0.007137686014175415,-0.27990524992890187,0.21977174282073975,-0.0036202073097229004,-0.2720483742708666,0.17013806104660034,-0.13412129878997803,-0.1714568637365801,0.2585291862487793,-0.03740409016609192,-0.22923401520199604,0.2581615447998047,0.024235188961029053,-0.23267286047882862,0.2412281036376953,0.049785614013671875,-0.22693859562821217
Q,0.0,0.0,0.0,-0.015328943729400635,0.017644613981246948,-0.1784846839907459,0.03413200378417969,0.02983805537223816,-0.29712847447422064,0.1318320631980896,0.0993058979511261,-0.3772609291079334,0.22009414434432983,0.1741342544555664,-0.451985841751366,0.03770780563354492,-0.23114265501499176,-0.32531759715107,0.1663532257080078,-0.14895594120025635,-0.43848127698925055,0.2614949941635132,-0.07731929421424866,-0.4961225149634174,0.332278847694397,-0.015000343322753906,-0.5314265248778156,0.10137653350830078,-0.21660950779914856,-0.27268991446521795,0.2277469038963318,-0.12103091180324554,-0.39115113592174566,0.2943057417869568,-0.05657094717025757,-0.4343668279650501,0.33844196796417236,-0.033428311347961426,-0.45909977531459845,0.15619009733200073,-0.17021366953849792,-0.2222667840721897,0.24431180953979492,-0.0697178840637207,-0.3120248076918415,0.2345016598701477,-0.016313284635543823,-0.31274450397518194,0.22349852323532104,-0.013102859258651733,-0.30758023834255255,0.19083255529403687,-0.11442841589450836,-0.185122763872414,0.2494601011276245,-0.01879069209098816,-0.2530321834090046,0.23955237865447998,0.05469289422035217,-0.25678301429775274,0.2324233055114746,0.0908547043800354,-0.2511804161074451
Q,0.0,0.0,0.0,-0.00854194164276123,0.009596377611160278,-0.16384531842413708,0.040139615535736084,0.02593889832496643,-0.2754555075043754,0.13351625204086304,0.09102141857147217,-0.35116538690272137,0.22709417343139648,0.13939079642295837,-0.4200349776619987,0.03366541862487793,-0.2102128565311432,-0.3119865982407646,0.12585073709487915,-0.1669340506196022,-0.4277035920495109,0.21534234285354614,-0.11310303211212158,-0.49180233763399883,0.2892161011695862,-0.053714096546173096,-0.5338479010933952,0.09357655048370361,-0.20603570342063904,-0.2668175725812034,0.21569859981536865,-0.10705380141735077,-0.39745670841875835,0.2912384271621704,-0.041040584444999695,-0.4537535338276939,0.3445362448692322,-0.0045566558837890625,-0.4873548774594383,0.1451898217201233,-0.16461136937141418,-0.22199270414057537,0.22818100452423096,-0.03218752145767212,-0.31854969547930523,0.18923991918563843,0.03670907020568848,-0.31504443572703167,0.1523193120956421,0.055636078119277954,-0.30483874963465496,0.17879706621170044,-0.10924473404884338,-0.18979355977717205,0.22920924425125122,0.00803425908088684,-0.26120904372874065,0.21290969848632812,0.0783282220363617,-0.2645198135251121,0.20094656944274902,0.10770723223686218,-0.25771934078875347
Q,0.0,0.0,0.0,-0.03321021795272827,-0.007488429546356201,-0.12066254589774417,-0.023590445518493652,0.011756151914596558,-0.2069756222150545,0.053926706314086914,0.10257041454315186,-0.2695525867126207,0.12837284803390503,0.19025176763534546,-0.3219994587085466,0.031687915325164795,-0.2400670051574707,-0.1970162374160509,0.11784660816192627,-0.1361156404018402,-0.28376310888745593,0.18206965923309326,-0.04132011532783508,-0.3345907313010912,0.23001909255981445,0.03801393508911133,-0.36681449238278674,0.10120081901550293,-0.21599675714969635,-0.17270709399201678,0.19623231887817383,-0.05667047202587128,-0.2650893909118395,0.23459768295288086,0.020678728818893433,-0.3048121315620165,0.25992172956466675,0.04060262441635132,-0.32723316375233935,0.14433443546295166,-0.15320099890232086,-0.15200720552422808,0.19243347644805908,0.014707207679748535,-0.22089659992673205,0.13358187675476074,0.054597556591033936,-0.21601362351395892,0.08149564266204834,0.030064165592193604,-0.2064216864488344,0.1622992753982544,-0.0783294141292572,-0.1421180051944475,0.18599450588226318,0.06030493974685669,-0.19065739039399432,0.14919012784957886,0.0995321273803711,-0.1852466446540575,0.11933374404907227,0.08836448192596436,-0.17333829227902697
Q,0.0,0.0,0.0,-0.03105783462524414,-0.007306396961212158,-0.09779871110777094,-0.0063433051109313965,0.0016528069972991943,-0.17606051866869166,0.07950854301452637,0.06872183084487915,-0.23361404840807154,0.16443365812301636,0.12485373020172119,-0.2837714314923687,0.026469528675079346,-0.21570591628551483,-0.18774413173059656,0.07741749286651611,-0.17978808283805847,-0.26784510021070673,0.13751178979873657,-0.16594398766756058,-0.3191810906396313,0.18312829732894897,-0.14238575100898743,-0.3570788562760754,0.0867796540260315,-0.21593669056892395,-0.17387275998453333,0.18176066875457764,-0.034988999366760254,-0.26685763006071284,0.18973737955093384,0.043825775384902954,-0.3023296058640881,0.1802659034729004,0.0694769024848938,-0.3227281630502148,0.1261100172996521,-0.16284221410751343,-0.1615442246661587,0.18020528554916382,0.03408840298652649,-0.22797550861696436,0.12204307317733765,0.0643918514251709,-0.217507413075964,0.06280410289764404,0.03601163625717163,-0.20811223094324305,0.14072608947753906,-0.0895049124956131,-0.15860428516725733,0.17783087491989136,0.06910574436187744,-0.20940967504839136,0.14712411165237427,0.116522878408432,-0.2053843945727749,0.11401790380477905,0.11562597751617432,-0.19668998424867823
Q,0.0,0.0,0.0,-0.04688286781311035,0.0011506080627441406,-0.09259413859311394,-0.03544163703918457,0.01127728819847107,-0.1596452065414553,0.05484896898269653,0.08680391311645508,-0.20944525978032402,0.14417123794555664,0.14376428723335266,-0.2500132837003832,0.028261661529541016,-0.21447040140628815,-0.1462131508297091,0.10723984241485596,-0.14090248942375183,-0.21052316507760338,0.1441442370414734,-0.09277337789535522,-0.24594486436311058,0.16731613874435425,-0.06541725993156433,-0.2718854763216143,0.09704375267028809,-0.20345979928970337,-0.13133447548810295,0.16226035356521606,-0.029447704553604126,-0.19885828277531914,0.12720727920532227,0.024260014295578003,-0.2143731482929354,0.08980166912078857,0.017731070518493652,-0.22298527440491966,0.1364825963973999,-0.1497078537940979,-0.12244314631882958,0.16613614559173584,0.02913045883178711,-0.17526010355416588,0.10367512702941895,0.056744009256362915,-0.16328368267480187,0.05179101228713989,0.02685481309890747,-0.15383683821622185,0.1516106128692627,-0.0776885449886322,-0.12326832792226128,0.16519969701766968,0.06865781545639038,-0.17174900254670433,0.11909902095794678,0.09547433257102966,-0.17402566155854515,0.08022820949554443,0.07641154527664185,-0.16984746536675743
Q,0.0,0.0,0.0,-0.030252814292907715,-0.010725736618041992,-0.07668503066861376,-0.008178532123565674,-0.008104920387268066,-0.14669657936656222,0.0792393684387207,0.06171959638595581,-0.20097848466002688,0.17139190435409546,0.1180247962474823,-0.24745021453463778,0.009758174419403076,-0.220183864235878,-0.1718610494431232,0.08107525110244751,-0.15299534797668457,-0.24345758250319705,0.1157766580581665,-0.09738802909851074,-0.280801561385033,0.13377225399017334,-0.05668795108795166,-0.3082995384033893,0.06376880407333374,-0.21951541304588318,-0.16924479296767458,0.13397032022476196,-0.04959510266780853,-0.24153613737189517,0.1450325846672058,0.029395252466201782,-0.25793546131217227,0.1449425220489502,0.05638778209686279,-0.2707707255181049,0.10085976123809814,-0.1619710624217987,-0.16867565801703677,0.1452111005783081,0.025993764400482178,-0.21720400145613894,0.11018729209899902,0.05438023805618286,-0.2017500667866443,0.07585513591766357,0.029536783695220947,-0.19679207792842135,0.12095868587493896,-0.07538695633411407,-0.17670878460967288,0.13685816526412964,0.0761277973651886,-0.2203737913664554,0.10253256559371948,0.1057921051979065,-0.2200168340500568,0.07531321048736572,0.08938360214233398,-0.21886032512747988
Q,0.0,0.0,0.0,-0.0387272834777832,0.031180471181869507,-0.08024705220427109,-0.02956146001815796,0.03872901201248169,-0.1429821627255876,0.04779541492462158,0.08660140633583069,-0.1886442678090532,0.13304239511489868,0.12575265765190125,-0.22376551498140884,-0.02430570125579834,-0.1462692767381668,-0.15758693982328964,0.023622453212738037,-0.02275051176548004,-0.22089805473055435,0.05076408386230469,0.06846866011619568,-0.24811371434893204,0.07569462060928345,0.10467392206192017,-0.2682888137217958,0.03452253341674805,-0.17459039390087128,-0.14662825335230423,0.07773160934448242,-0.001002877950668335,-0.21363722552027298,0.10562509298324585,0.08451870083808899,-0.22608440388407303,0.13253474235534668,0.10300382971763611,-0.23545347918238235,0.08553695678710938,-0.15499436855316162,-0.1384099053260286,0.12278622388839722,0.02893698215484619,-0.18446660805906845,0.10261696577072144,0.07504025101661682,-0.16765525211062027,0.0839495062828064,0.05371895432472229,-0.15967478622164322,0.12340295314788818,-0.1026662141084671,-0.13883911837305618,0.15117192268371582,0.04094436764717102,-0.17105828989710403,0.13780957460403442,0.08414453268051147,-0.16618683208193374,0.12944000959396362,0.07203558087348938,-0.16304085422720505
Q,0.0,0.0,0.0,-0.03745633363723755,0.005646437406539917,-0.0677543456451275,-0.012623369693756104,0.0026997625827789307,-0.1219736809627392,0.08603006601333618,0.04538089036941528,-0.1619301612274029,0.1777227520942688,0.076968252658844,-0.19547975312632104,0.0004779696464538574,-0.17478778213262558,-0.13975553463858148,0.09344655275344849,-0.054561227560043335,-0.19318585347097894,0.11789387464523315,0.005831778049468994,-0.22059443842333337,0.131086528301239,0.02938416600227356,-0.24264762054842492,0.04808783531188965,-0.18382706493139267,-0.13317077111166498,0.11718738079071045,-0.02223581075668335,-0.18566441785257837,0.14018398523330688,0.04651045799255371,-0.1945546741382458,0.15622860193252563,0.07331711053848267,-0.2042619014875271,0.08442920446395874,-0.1517198085784912,-0.1286625738040783,0.13940906524658203,0.019946664571762085,-0.1607724006072857,0.12294501066207886,0.04629462957382202,-0.14649221550386926,0.10208052396774292,0.03236082196235657,-0.14290516327780267,0.11404871940612793,-0.08954595029354095,-0.1323271120683529,0.1515486240386963,0.045381903648376465,-0.15742334972780725,0.13817304372787476,0.07755774259567261,-0.1540319050447323,0.12245815992355347,0.07394838333129883,-0.15328681718271753
Q,0.0,0.0,0.0,-0.04220902919769287,0.016381829977035522,-0.07159344868244943,-0.02201104164123535,0.024790257215499878,-0.129032954736374,0.07269924879074097,0.07118859887123108,-0.17119599895062265,0.1599239706993103,0.09530052542686462,-0.20724375562252817,-0.009592771530151367,-0.14876258373260498,-0.14780822412552652,0.0813634991645813,-0.08719629049301147,-0.20439837889256296,0.12785297632217407,-0.05462539196014404,-0.2349061669546586,0.1552724838256836,-0.03388205170631409,-0.25975246743740854,0.05026966333389282,-0.18046680092811584,-0.13942179100098429,0.10646891593933105,-0.02901601791381836,-0.19915114359440622,0.13185858726501465,0.049825042486190796,-0.21153077499451456,0.1460757851600647,0.08658245205879211,-0.22272664324822244,0.09397488832473755,-0.15862153470516205,-0.13318038003029642,0.13542026281356812,0.011426568031311035,-0.17343683557095346,0.11409962177276611,0.054752618074417114,-0.15942850725235758,0.08772897720336914,0.0524253249168396,-0.15509676949562845,0.12621992826461792,-0.10391110181808472,-0.13521264509739694,0.15172922611236572,0.038221508264541626,-0.17107324318470774,0.13258320093154907,0.08202877640724182,-0.17142106608929453,0.11352413892745972,0.08260396122932434,-0.17143066243710336
Q,0.0,0.0,0.0,-0.05559408664703369,0.02529314160346985,-0.07323087961407282,-0.06031125783920288,0.043963611125946045,-0.13095289678307154,0.010388076305389404,0.0981457531452179,-0.17554651410313227,0.07838451862335205,0.1315106451511383,-0.21453090221615412,-0.02896261215209961,-0.13498982787132263,-0.13501970679493525,0.02919214963912964,-0.13476325571537018,-0.19741717190476038,0.07599872350692749,-0.11370688676834106,-0.23952274234028437,0.1105109453201294,-0.08712200820446014,-0.27036084444256403,0.039134204387664795,-0.17102797329425812,-0.12626485736103632,0.0833287239074707,-0.03775972127914429,-0.19066556007595636,0.11320817470550537,0.049104243516922,-0.21175055415363886,0.13355910778045654,0.10183152556419373,-0.22562906355591394,0.08900225162506104,-0.14708809554576874,-0.12075884849758722,0.11613315343856812,0.025497525930404663,-0.16245720000000574,0.0923086404800415,0.07427352666854858,-0.15051606507034876,0.06613409519195557,0.08261850476264954,-0.14473635167809107,0.12396252155303955,-0.09239169955253601,-0.12445833743544199,0.13590764999389648,0.045876890420913696,-0.15781094343395807,0.11356472969055176,0.09141120314598083,-0.15355868847103693,0.09379357099533081,0.09515780210494995,-0.14832447678776361
Q,0.0,0.0,0.0,-0.05509978532791138,0.013322323560714722,-0.06304561366152939,-0.05390387773513794,0.024613231420516968,-0.11125712861132797,0.0238264799118042,0.07557496428489685,-0.1475860701949614,0.09180343151092529,0.10642874240875244,-0.1784199701697844,-0.007626533508300781,-0.1665271818637848,-0.11690027286124405,0.07919871807098389,-0.12052395939826965,-0.1621417181642073,0.11360931396484375,-0.09477144479751587,-0.18962638844561752,0.14024609327316284,-0.07279206812381744,-0.21178162862372574,0.05353826284408569,-0.199635311961174,-0.10679817964148697,0.10279542207717896,-0.03313973546028137,-0.15132474173617538,0.11434143781661987,0.034041792154312134,-0.16047481466841873,0.12971359491348267,0.07239481806755066,-0.17029785384249863,0.0962531566619873,-0.1787109076976776,-0.09916209448886093,0.12333160638809204,0.002763807773590088,-0.12607631851744827,0.08694279193878174,0.039009690284729004,-0.111392691925289,0.056683361530303955,0.04946678876876831,-0.10711754132819351,0.12453919649124146,-0.12776443362236023,-0.09996012617659744,0.1324741244316101,0.016154110431671143,-0.12588701416564163,0.1083330512046814,0.0613442063331604,-0.12260776777577576,0.08959579467773438,0.07342565059661865,-0.11944972743106064
Q,0.0,0.0,0.0,-0.04119151830673218,0.0342126190662384,-0.08189588606001053,-0.035134315490722656,0.061113595962524414,-0.1475872006976715,0.03924661874771118,0.11584106087684631,-0.19448561042190704,0.11109745502471924,0.1483173966407776,-0.2359852400386444,-0.024706661701202393,-0.12068697810173035,-0.17617957859874878,0.04777306318283081,0.0007974505424499512,-0.23484656780601654,0.09493976831436157,0.06274598836898804,-0.26497614949585113,0.12656420469284058,0.10179442167282104,-0.28741208284736786,0.02771127223968506,-0.16255143284797668,-0.1613639947736374,0.08814120292663574,-0.004819810390472412,-0.214787175949823,0.12649506330490112,0.06995373964309692,-0.2239179965818039,0.15608727931976318,0.11011046171188354,-0.23423158198238525,0.0727149248123169,-0.15493065118789673,-0.1472268310153595,0.11780035495758057,0.018142133951187134,-0.1832033750379196,0.10887336730957031,0.05294334888458252,-0.1716411468350998,0.09535199403762817,0.051627278327941895,-0.1702724602782837,0.10807168483734131,-0.11128486692905426,-0.14137890010715637,0.12760376930236816,0.024298161268234253,-0.17250566750408325,0.1100960373878479,0.07492798566818237,-0.16920084327102813,0.09526193141937256,0.08827295899391174,-0.16756906181217346
Q,0.0,0.0,0.0,-0.052069664001464844,0.01236259937286377,-0.05995652332165946,-0.06309711933135986,0.026486515998840332,-0.1047569613085102,0.0006983280181884766,0.09213471412658691,-0.13902563854315986,0.0621454119682312,0.13480442762374878,-0.1679341296778034,-0.005845367908477783,-0.15000489354133606,-0.10823531701424827,0.07825344800949097,-0.09274367988109589,-0.1510627816543888,0.12067639827728271,-0.05174750089645386,-0.17688756688693275,0.15287739038467407,-0.008544385433197021,-0.19494138165572394,0.053779006004333496,-0.16506707668304443,-0.09790341808655967,0.10170459747314453,-0.007947534322738647,-0.13848892851927985,0.1102108359336853,0.045783817768096924,-0.14978624387839545,0.11817556619644165,0.07323658466339111,-0.16026161118605842,0.09224271774291992,-0.137306347489357,-0.08987847223141898,0.10675430297851562,0.036398351192474365,-0.11332518859961738,0.07235676050186157,0.06817591190338135,-0.10427943124631156,0.04211008548736572,0.07592505216598511,-0.10237219437220801,0.11562716960906982,-0.08635935187339783,-0.0896684552655529,0.11337250471115112,0.04462191462516785,-0.11130579068520774,0.0919756293296814,0.08432963490486145,-0.10788635417083015,0.07492905855178833,0.09569579362869263,-0.10424888386586417
Q,0.0,0.0,0.0,-0.03491330146789551,0.014876991510391235,-0.06889923929588804,-0.030128121376037598,0.038848876953125,-0.12289782881157407,0.038816094398498535,0.104117751121521,-0.16324505477564344,0.09673094749450684,0.14497065544128418,-0.1968004581274272,0.0044182538986206055,-0.1455349177122116,-0.12832157581465253,0.08808529376983643,-0.07206480205059052,-0.18159584968702802,0.13993191719055176,-0.017545074224472046,-0.2134802219213725,0.17782235145568848,0.03437620401382446,-0.23609064787046918,0.06543231010437012,-0.17349499464035034,-0.11600721895115385,0.11969983577728271,-0.02328336238861084,-0.16497729986326704,0.13064980506896973,0.024977415800094604,-0.17876798182146558,0.13270241022109985,0.04953232407569885,-0.19156238704340467,0.10572892427444458,-0.1540641039609909,-0.10589926212446699,0.13118243217468262,0.01456385850906372,-0.13600136607306013,0.09287536144256592,0.055360347032547,-0.12245119630711088,0.0527501106262207,0.06902763247489929,-0.11750917404310712,0.13045501708984375,-0.10682769119739532,-0.10448513447659025,0.13621515035629272,0.02887141704559326,-0.1325331059040309,0.10521906614303589,0.07264512777328491,-0.12949665158407697,0.07576537132263184,0.0821942687034607,-0.12560734420435438
Q,0.0,0.0,0.0,-0.0055637359619140625,0.008089303970336914,-0.06931493940217592,0.02897864580154419,0.024020791053771973,-0.12525798889262774,0.10560750961303711,0.07906046509742737,-0.1667249253617058,0.1767977476119995,0.10745686292648315,-0.20083977790935137,0.03380471467971802,-0.1344076544046402,-0.15043646606071093,0.11954963207244873,-0.03694790601730347,-0.2058109393940697,0.15296459197998047,0.018113046884536743,-0.2293322286234627,0.1679137945175171,0.05414840579032898,-0.24593510242564776,0.06433826684951782,-0.14630475640296936,-0.13973320039374926,0.13918274641036987,0.0004736483097076416,-0.19199647518260576,0.14342790842056274,0.030626386404037476,-0.20090905340774157,0.13379043340682983,0.022189080715179443,-0.21123318883044817,0.08641862869262695,-0.11869540810585022,-0.13041976603133776,0.13700681924819946,0.034472256898880005,-0.16580424221618273,0.10664159059524536,0.05710408091545105,-0.15125959130389788,0.06865984201431274,0.04609760642051697,-0.14637981864078142,0.09908217191696167,-0.06492981314659119,-0.12867197903258898,0.1364036202430725,0.05588430166244507,-0.16364639016254046,0.12338113784790039,0.09456378221511841,-0.1643779924736748,0.10483527183532715,0.10298684239387512,-0.1637475392447243
Q,0.0,0.0,0.0,-0.03013092279434204,-0.013471245765686035,-0.07556955005156851,-0.010026514530181885,-0.005885064601898193,-0.13186107809769965,0.054515957832336426,0.05064636468887329,-0.17078437144982672,0.11375582218170166,0.101633220911026,-0.2055674218677268,0.01770460605621338,-0.15200573205947876,-0.14937916631924963,0.05533277988433838,-0.10283145308494568,-0.20650726790654517,0.0985102653503418,-0.07146552205085754,-0.24452296133267737,0.13694322109222412,-0.03460007905960083,-0.27245238657224036,0.06260091066360474,-0.13526850938796997,-0.1360898190282569,0.12142270803451538,-0.018288373947143555,-0.2013080888532386,0.1446583867073059,0.03605985641479492,-0.22907123203503943,0.15807873010635376,0.06777152419090271,-0.2470044964097724,0.0853266716003418,-0.08812695741653442,-0.12289049710261679,0.12349218130111694,0.03829914331436157,-0.16752845282780982,0.10461437702178955,0.06106308102607727,-0.1634040349267707,0.08498150110244751,0.055615007877349854,-0.16082741554009772,0.0917162299156189,-0.028879940509796143,-0.11684445525634146,0.11172550916671753,0.08426940441131592,-0.1535809659503684,0.10604685544967651,0.1275705099105835,-0.15416556830632544,0.1020587682723999,0.1405143141746521,-0.15132443840730048
Q,0.0,0.0,0.0,-0.029739856719970703,0.00583222508430481,-0.08227185161257466,-0.013366758823394775,0.025796324014663696,-0.14063045383835515,0.0542755126953125,0.08771130442619324,-0.1813008338346549,0.11387759447097778,0.13100239634513855,-0.21665363015080175,0.020492970943450928,-0.14907392859458923,-0.14864926041508397,0.08927041292190552,-0.06940150260925293,-0.21133625508690557,0.13713842630386353,-0.017201721668243408,-0.25045374037171086,0.17108696699142456,0.02705293893814087,-0.27727168799782476,0.07064324617385864,-0.15200886130332947,-0.13216279448414525,0.13665759563446045,-0.023831486701965332,-0.19799071551705083,0.137070894241333,0.017320454120635986,-0.22382736207390508,0.12800008058547974,0.02591589093208313,-0.23932813109303197,0.10147523880004883,-0.11574700474739075,-0.11733783037806234,0.1450241208076477,0.02233263850212097,-0.16482734681511602,0.10476195812225342,0.05447423458099365,-0.15721066297436437,0.06835991144180298,0.0458926260471344,-0.1498030424251624,0.11576592922210693,-0.06245937943458557,-0.1102861911192008,0.13462132215499878,0.0557217001914978,-0.15138812364483556,0.11384642124176025,0.09468936920166016,-0.15083567799473485,0.09960627555847168,0.0965782105922699,-0.1441582739486762
Q,0.0,0.0,0.0,0.011272072792053223,-0.029860645532608032,-0.04906793174092172,0.05156266689300537,-0.013692378997802734,-0.10060725223962663,0.11365723609924316,0.05796721577644348,-0.14132155340854524,0.16616028547286987,0.11625209450721741,-0.18078030508701204,0.04879903793334961,-0.15592217445373535,-0.13982982796375154,0.1147422194480896,-0.08078476786613464,-0.1959602521056354,0.15172380208969116,-0.013757020235061646,-0.23107789319698213,0.17721623182296753,0.04040190577507019,-0.25574819606487154,0.05689036846160889,-0.12632015347480774,-0.14235989612285493,0.1377735733985901,-0.02762696146965027,-0.19813489776794313,0.1796995997428894,0.037327975034713745,-0.22281530362312196,0.20962083339691162,0.08013808727264404,-0.24226949971858858,0.05991244316101074,-0.06815177202224731,-0.14282254737560152,0.13121187686920166,0.03313300013542175,-0.18475556236450075,0.1340283751487732,0.05933859944343567,-0.19095805150215028,0.12488996982574463,0.06437933444976807,-0.19827847045604585,0.05672276020050049,0.00040796399116516113,-0.14677211505119203,0.10298079252243042,0.09255075454711914,-0.18115228277389406,0.1151692271232605,0.13117054104804993,-0.18590864402000307,0.12454855442047119,0.1492883265018463,-0.18934279543105959
Q,0.0,0.0,0.0,0.021820366382598877,-0.057291179895401,-0.035812797760058857,0.06413149833679199,-0.08459004759788513,-0.07880463338403842,0.11872994899749756,-0.04521453380584717,-0.11541079617052219,0.17068606615066528,0.010894834995269775,-0.1535058978846564,0.051634013652801514,-0.17569223046302795,-0.11816130465774677,0.08932477235794067,-0.15749488770961761,-0.17873369789629123,0.12328267097473145,-0.11315387487411499,-0.22026152051000736,0.1466173529624939,-0.07336294651031494,-0.24739991760759494,0.0420912504196167,-0.12931427359580994,-0.1293396416953101,0.10784721374511719,-0.07767921686172485,-0.19060399270563266,0.14089202880859375,-0.0405123233795166,-0.21934366858511112,0.15930992364883423,-0.013433068990707397,-0.23915938175230167,0.0283890962600708,-0.06367659568786621,-0.13998935258894107,0.10190963745117188,0.002718418836593628,-0.19103205836324832,0.12475472688674927,0.01980683207511902,-0.20363672709970615,0.1332760453224182,0.024577289819717407,-0.21138922012357853,0.010127663612365723,0.008142799139022827,-0.15260996556787632,0.07006227970123291,0.06868499517440796,-0.1939785245707526,0.10155415534973145,0.10015922784805298,-0.20211673415212772,0.12139296531677246,0.12342768907546997,-0.20627967155485294
Q,0.0,0.0,0.0,-0.023841917514801025,-0.014856994152069092,-0.07734151314298288,-0.004669010639190674,-0.0046409666538238525,-0.13729015122453347,0.062073469161987305,0.0606476366519928,-0.1808435333828129,0.11718916893005371,0.11232256889343262,-0.22137504945794717,0.02650773525238037,-0.15146607160568237,-0.159686328277985,0.09507936239242554,-0.07093062996864319,-0.2251378310779728,0.1326507329940796,-0.011536508798599243,-0.26678863297502176,0.15675795078277588,0.03568089008331299,-0.2940436316589512,0.062355756759643555,-0.1283504068851471,-0.14785406123201028,0.1280139684677124,-0.020182043313980103,-0.21551157663861886,0.1473802924156189,0.03545793890953064,-0.24565577636758462,0.158247709274292,0.07003241777420044,-0.2652788175205387,0.08477163314819336,-0.0789889395236969,-0.13643401990930215,0.13691234588623047,0.03314533829689026,-0.18418340514699594,0.12208980321884155,0.060792356729507446,-0.18655674289266244,0.10426807403564453,0.06420731544494629,-0.18770967553655282,0.09517133235931396,-0.01687183976173401,-0.13173376153508798,0.1278194785118103,0.07234993577003479,-0.16900323461095468,0.12569063901901245,0.10921114683151245,-0.17090657483140603,0.12490671873092651,0.12231746315956116,-0.16918449233571664
Q,0.0,0.0,0.0,0.0005294084548950195,-0.0184919536113739,-0.06895729908012527,0.041023313999176025,-0.001173853874206543,-0.12429653861784118,0.11218899488449097,0.057950496673583984,-0.1621150598790564,0.17495280504226685,0.10224118828773499,-0.19599770763181823,0.05159139633178711,-0.14677199721336365,-0.1583322958018698,0.11689651012420654,-0.046083301305770874,-0.2049909905459799,0.15911024808883667,0.012219071388244629,-0.22756295659803527,0.19213765859603882,0.05485597252845764,-0.24588850894235748,0.07908052206039429,-0.1341770589351654,-0.1456311718490042,0.14481788873672485,-0.014199286699295044,-0.19500858345293182,0.18557745218276978,0.047749221324920654,-0.21203049280904906,0.21849709749221802,0.08455163240432739,-0.22775102415346282,0.0954710841178894,-0.09011200070381165,-0.13075494029783385,0.1443663239479065,0.028054416179656982,-0.1663601026799597,0.13721388578414917,0.051581114530563354,-0.16450933375620025,0.12451589107513428,0.05190148949623108,-0.1677425877120413,0.10037106275558472,-0.03247535228729248,-0.1212880761291899,0.13433986902236938,0.06840735673904419,-0.1514248923327841,0.13405746221542358,0.10853999853134155,-0.1530653313662924,0.13457483053207397,0.12458503246307373,-0.1542565152909674
Q,0.0,0.0,0.0,-0.010002195835113525,0.0064754486083984375,-0.08829549615973065,0.016356050968170166,0.030998140573501587,-0.15258779292696545,0.07303273677825928,0.09248408675193787,-0.19687142139071057,0.12832415103912354,0.1473924219608307,-0.2373897499381883,0.0289575457572937,-0.12339183688163757,-0.17172185247534344,0.08260101079940796,-0.09605799615383148,-0.23039648597830364,0.12718892097473145,-0.05778500437736511,-0.2647838807641847,0.15936493873596191,-0.017341703176498413,-0.28823500042551586,0.06802421808242798,-0.11242270469665527,-0.14867625301474163,0.1336989402770996,-0.01947423815727234,-0.21026407843226025,0.17249518632888794,0.038274407386779785,-0.23464574580782482,0.19940060377120972,0.07027056813240051,-0.25087817674273083,0.09506279230117798,-0.07373040914535522,-0.1256430811225755,0.13657253980636597,0.029476165771484375,-0.16915614073866436,0.12437266111373901,0.052275657653808594,-0.16808108156317303,0.11015021800994873,0.04895299673080444,-0.16740188663595745,0.10633230209350586,-0.03036320209503174,-0.10982584124201367,0.13207823038101196,0.059470951557159424,-0.14598905211084912,0.1294202208518982,0.09522661566734314,-0.1487514293729646,0.12868821620941162,0.10840794444084167,-0.14741987650984356
Q,0.0,0.0,0.0,-0.007847070693969727,0.012923479080200195,-0.09881700394919335,0.023237168788909912,0.040114134550094604,-0.1695873868303579,0.08307421207427979,0.09380468726158142,-0.2153540682630819,0.1417067050933838,0.14630818367004395,-0.2565097045736593,0.027420461177825928,-0.12698641419410706,-0.20878106175234734,0.0911901593208313,-0.058271974325180054,-0.2696128916578573,0.1417853832244873,-0.006226897239685059,-0.2990303766565603,0.17799222469329834,0.03998607397079468,-0.32020412205031334,0.07477104663848877,-0.12630215287208557,-0.1799488496618551,0.13917160034179688,-0.02481895685195923,-0.24469391821196496,0.18079352378845215,0.03555580973625183,-0.26672379492094933,0.20816189050674438,0.07236996293067932,-0.28335340140631615,0.10754507780075073,-0.09259521961212158,-0.1488317978220266,0.14530444145202637,0.018071085214614868,-0.1912517380552572,0.13170450925827026,0.04496851563453674,-0.18646567879488885,0.11436891555786133,0.043205052614212036,-0.18588197050860344,0.12206274271011353,-0.04758104681968689,-0.12535638926794945,0.14494705200195312,0.046990394592285156,-0.1603517216282171,0.13557463884353638,0.0802609920501709,-0.16283419547846734,0.12876611948013306,0.08820906281471252,-0.16291135369112908
Q,0.0,0.0,0.0,-0.007231593132019043,0.01419377326965332,-0.08798877619472023,0.02266240119934082,0.046410202980041504,-0.15231931679215904,0.08046114444732666,0.10489550232887268,-0.19471286706891533,0.13366854190826416,0.15650251507759094,-0.23273304574456688,0.02407938241958618,-0.11944076418876648,-0.18234663181272026,0.0871039628982544,-0.07211682200431824,-0.23683383040395256,0.139274001121521,-0.030099838972091675,-0.2639958607431936,0.178522527217865,0.010736316442489624,-0.28333098165956017,0.07160645723342896,-0.12375058233737946,-0.1578936921831655,0.14370942115783691,-0.018458455801010132,-0.216697488951354,0.18783098459243774,0.047924190759658813,-0.236167703795104,0.2163599729537964,0.08870068192481995,-0.24930108063188072,0.10523027181625366,-0.09368975460529327,-0.13164361290898796,0.14276713132858276,0.020470082759857178,-0.17175785176721092,0.12088525295257568,0.047064632177352905,-0.16597392134633537,0.09660422801971436,0.04518446326255798,-0.1629303144690084,0.12206190824508667,-0.05132940411567688,-0.11239352546897408,0.1422622799873352,0.048783063888549805,-0.14443631939855095,0.12878751754760742,0.0885835587978363,-0.1431161659237432,0.1189427375793457,0.10212597250938416,-0.1393489884611654
Q,0.0,0.0,0.0,-0.0031524300575256348,0.01122310757637024,-0.08589975320546728,0.027942657470703125,0.03991103172302246,-0.1492745482250939,0.08453911542892456,0.09736081957817078,-0.19261178904025655,0.13625836372375488,0.14653831720352173,-0.23190302186458212,0.03413748741149902,-0.12567129731178284,-0.17141229443996053,0.0913625955581665,-0.10262496769428253,-0.2286333196684609,0.1380135416984558,-0.06810015439987183,-0.26035742991416555,0.17174023389816284,-0.03130894899368286,-0.2819232546612511,0.07560473680496216,-0.12069791555404663,-0.14942247205226522,0.14488309621810913,-0.024115681648254395,-0.21269843512027364,0.18859386444091797,0.041699498891830444,-0.2376573138758431,0.21608984470367432,0.08209094405174255,-0.2530521654412041,0.10456836223602295,-0.08353859186172485,-0.1265367620512734,0.14048701524734497,0.02744811773300171,-0.16924819879977804,0.12396782636642456,0.054097771644592285,-0.16607183747737508,0.10343366861343384,0.05246952176094055,-0.16364069812743764,0.11799770593643188,-0.03870844841003418,-0.11081956111638647,0.13722950220108032,0.05793219804763794,-0.14259928994624715,0.1280880570411682,0.0973319411277771,-0.14112809830157858,0.12144088745117188,0.11164623498916626,-0.13692381017654043
Q,0.0,0.0,0.0,0.04064583778381348,-0.007974177598953247,-0.05985024096014513,0.09049010276794434,0.01263377070426941,-0.11867901579978479,0.1425296664237976,0.07728779315948486,-0.1638273362958671,0.19057810306549072,0.1318318247795105,-0.209015405639434,0.07860493659973145,-0.1495407372713089,-0.15974893318059458,0.13338816165924072,-0.06794857978820801,-0.21470760451200022,0.17519855499267578,-0.0007028281688690186,-0.2478945319497825,0.20979934930801392,0.05272156000137329,-0.2734908078754188,0.07793939113616943,-0.12514418363571167,-0.15684344516637339,0.15182232856750488,-0.03941956162452698,-0.21683088587167276,0.20917463302612305,0.03265869617462158,-0.24752158568742288,0.25370943546295166,0.08894801139831543,-0.2718208049381019,0.07641947269439697,-0.0692477822303772,-0.15042563424947275,0.15098881721496582,0.014311045408248901,-0.19868937776925577,0.19166243076324463,0.055369555950164795,-0.21419794009568704,0.21764051914215088,0.0798722505569458,-0.22740434752347483,0.07253748178482056,-0.0039605796337127686,-0.14671743558290018,0.12191081047058105,0.07536667585372925,-0.1857445453250648,0.14522606134414673,0.11882281303405762,-0.19702251897695078,0.16572308540344238,0.1478913426399231,-0.2055143629157783
Q,0.0,0.0,0.0,0.041458845138549805,-0.01704820990562439,-0.06134165104174372,0.08857691287994385,-0.004214495420455933,-0.1260784345462298,0.13325786590576172,0.05811396241188049,-0.1762236880853152,0.17773985862731934,0.12053126096725464,-0.22725320633196588,0.0741426944732666,-0.147684246301651,-0.18250804420256372,0.13097494840621948,-0.0687578022480011,-0.2512779759957766,0.1768798828125,-0.0072342753410339355,-0.29106285448813196,0.215287446975708,0.04140704870223999,-0.31911655541205164,0.0644068717956543,-0.11759103834629059,-0.18148996706747766,0.1477952003479004,-0.04488557577133179,-0.2518151628568148,0.19792228937149048,0.011955827474594116,-0.28054033990645166,0.2329886555671692,0.053968191146850586,-0.30234321232580896,0.05496448278427124,-0.0632697343826294,-0.17707528944754358,0.13466334342956543,0.0074155330657958984,-0.23119995768809076,0.1617424488067627,0.035404086112976074,-0.24013627346300837,0.1744070053100586,0.044416606426239014,-0.24772983070158716,0.043778061866760254,-0.003605276346206665,-0.17558998640322443,0.10359632968902588,0.06412377953529358,-0.2177127676799273,0.12739098072052002,0.09767916798591614,-0.22629583652758356,0.14423352479934692,0.11562442779541016,-0.23268320437216516
Q,0.0,0.0,0.0,0.004790008068084717,0.0033299028873443604,-0.07927462375158711,0.0415152907371521,0.02879837155342102,-0.13875915771717473,0.10336226224899292,0.09200268983840942,-0.1796130902170603,0.16431403160095215,0.1424812376499176,-0.2156213886141245,0.062292635440826416,-0.13247865438461304,-0.16047262316936894,0.13375073671340942,-0.023839473724365234,-0.2132960028051798,0.18397074937820435,0.040756791830062866,-0.23940565353626653,0.22600895166397095,0.08783465623855591,-0.2592529869675104,0.08775430917739868,-0.1295527070760727,-0.14350748723740026,0.14884865283966064,-0.029689252376556396,-0.19758003121609136,0.15530836582183838,0.0024110078811645508,-0.21284025079006597,0.15892338752746582,0.0008743405342102051,-0.22425117260212346,0.10221284627914429,-0.09440931677818298,-0.12654376691574498,0.14432096481323242,0.013524144887924194,-0.16806567376846715,0.12755519151687622,0.02842092514038086,-0.16479853457207128,0.11069297790527344,0.010643869638442993,-0.16322689419979497,0.10595434904098511,-0.044585347175598145,-0.11611337876314565,0.13602501153945923,0.05816894769668579,-0.15120500987762853,0.12842154502868652,0.08657023310661316,-0.15442075496906682,0.12316739559173584,0.08385264873504639,-0.15432894891495152
Q,0.0,0.0,0.0,0.0470118522644043,-0.015819847583770752,-0.039397697901449646,0.0976482629776001,-0.005780160427093506,-0.09158927947851225,0.14294207096099854,0.05235457420349121,-0.13553839177461668,0.18537592887878418,0.11438524723052979,-0.1809538230356793,0.09070205688476562,-0.15211966633796692,-0.13781086356016203,0.14392799139022827,-0.08381682634353638,-0.19907637686105772,0.1860632300376892,-0.0286065936088562,-0.2382029071507077,0.22068369388580322,0.016643673181533813,-0.26532273740144774,0.07137495279312134,-0.12391455471515656,-0.14695584029527708,0.14695996046066284,-0.05744180083274841,-0.20964843780370757,0.20116686820983887,-0.002960681915283203,-0.23867199570509,0.24045050144195557,0.045832931995391846,-0.2597393319067578,0.05288112163543701,-0.06870472431182861,-0.1534633114990811,0.13065356016159058,-0.0021129846572875977,-0.20369470865102812,0.16636961698532104,0.02663537859916687,-0.2161585167107205,0.1863231062889099,0.0413171648979187,-0.2249979898390393,0.03438222408294678,-0.006564527750015259,-0.161520175641499,0.09787619113922119,0.06086021661758423,-0.20084851235719725,0.12976253032684326,0.08888918161392212,-0.21071323007913634,0.15092551708221436,0.10432839393615723,-0.21748899669023558
Q,0.0,0.0,0.0,0.03181719779968262,-0.01855829358100891,-0.055969193252167315,0.07902860641479492,-0.006895095109939575,-0.12011287701352558,0.12432479858398438,0.06755471229553223,-0.17081833225711307,0.16578948497772217,0.14326566457748413,-0.22282512825950107,0.06615430116653442,-0.12340649962425232,-0.18275516075118503,0.12568795680999756,-0.04119998216629028,-0.25304967504962406,0.16328710317611694,0.009448468685150146,-0.2973926399372431,0.19388365745544434,0.0481145977973938,-0.32839611512645206,0.06070762872695923,-0.0905982255935669,-0.18401247602923831,0.14349418878555298,-0.00735241174697876,-0.2528233860157343,0.18551820516586304,0.03324630856513977,-0.2802905772350641,0.21612316370010376,0.0655040442943573,-0.30220339042170963,0.054118335247039795,-0.03567856550216675,-0.18088147384150943,0.13356786966323853,0.046817779541015625,-0.22461161357387027,0.13400930166244507,0.05453714728355408,-0.22112733465655765,0.12547868490219116,0.04972320795059204,-0.22220297497733554,0.044513702392578125,0.02567383646965027,-0.18176287752612552,0.10156905651092529,0.085590660572052,-0.21405771714671573,0.11736375093460083,0.1018015444278717,-0.21288928729518375,0.12773555517196655,0.11130210757255554,-0.21343788844569644
Q,0.0,0.0,0.0,0.05538594722747803,-0.04065680503845215,-0.03360488812222684,0.1079399585723877,-0.047477394342422485,-0.08519885117902959,0.1504867672920227,0.0028488337993621826,-0.12970883573188985,0.19234627485275269,0.06675305962562561,-0.17674023831978047,0.07904291152954102,-0.1359306424856186,-0.1437378170599004,0.12877106666564941,-0.09163621068000793,-0.20824404979839528,0.16752374172210693,-0.05587148666381836,-0.25201476539268697,0.19967979192733765,-0.023617833852767944,-0.28270531619682515,0.05219686031341553,-0.09545640647411346,-0.15618693257465566,0.13127237558364868,-0.03505760431289673,-0.2215474786867162,0.18173891305923462,0.002456367015838623,-0.248905742417719,0.21953171491622925,0.03492817282676697,-0.26939816201820577,0.030043959617614746,-0.03463044762611389,-0.16535086358680928,0.11391228437423706,0.025180310010910034,-0.21083646441593373,0.14701634645462036,0.03845447301864624,-0.2132815512527486,0.1635074019432068,0.041167765855789185,-0.21707307721271718,0.010283231735229492,0.027089208364486694,-0.17666476393833364,0.0688362717628479,0.07546168565750122,-0.2115878554691335,0.10541528463363647,0.09186279773712158,-0.21488221908703053,0.13049209117889404,0.10464462637901306,-0.21806790853634084
Q,0.0,0.0,0.0,0.023593544960021973,-0.03057047724723816,-0.0359418033883685,0.0660165548324585,-0.029904067516326904,-0.080612504415285,0.11550581455230713,0.024044513702392578,-0.11831726276136578,0.16076171398162842,0.08760219812393188,-0.15807250284410657,0.06383967399597168,-0.12475353479385376,-0.11612688892341794,0.12579143047332764,-0.0807715356349945,-0.16765946292139233,0.1628183126449585,-0.04499119520187378,-0.20129971348501385,0.18658792972564697,-0.016186952590942383,-0.2234510197565669,0.06431657075881958,-0.088145911693573,-0.12140335284925641,0.14232373237609863,-0.04403749108314514,-0.16776643835760296,0.18070149421691895,-0.011744379997253418,-0.18820381306863965,0.20328068733215332,0.015310674905776978,-0.203724296324026,0.06243884563446045,-0.03621205687522888,-0.12528161846853436,0.14204585552215576,0.010389834642410278,-0.16093370460725964,0.17209464311599731,0.025207489728927612,-0.16962762319303692,0.1858404278755188,0.033351898193359375,-0.17616699778295697,0.05599695444107056,0.018273890018463135,-0.130891905658018,0.11597710847854614,0.05967643857002258,-0.15889026366926373,0.1467452049255371,0.07881927490234375,-0.1644925042317027,0.16720449924468994,0.09654569625854492,-0.16782710098482312
Q,0.0,0.0,0.0,0.005765318870544434,-0.005358785390853882,-0.07111744000553699,0.04439300298690796,0.01242518424987793,-0.1311253847086391,0.10298174619674683,0.07607215642929077,-0.17458202852844806,0.1527923345565796,0.1428389847278595,-0.21666028513550373,0.037554919719696045,-0.11456948518753052,-0.16885804547905536,0.1067284345626831,-0.04655185341835022,-0.2276980371677837,0.14907479286193848,-0.0022199153900146484,-0.2632112444841823,0.17801940441131592,0.030238568782806396,-0.2873621226751766,0.061854660511016846,-0.09567657113075256,-0.15617721690773578,0.13826388120651245,-0.01490369439125061,-0.21691059484123798,0.1889181137084961,0.03159928321838379,-0.24569169594883533,0.22358059883117676,0.06801161170005798,-0.26611226215004535,0.08351302146911621,-0.05470427870750427,-0.14062596275448414,0.15174895524978638,0.032200515270233154,-0.18243421032070728,0.15604424476623535,0.053094059228897095,-0.18862547888397785,0.15064507722854614,0.05845993757247925,-0.1932354213201961,0.09621322154998779,-0.008912622928619385,-0.1299843431913814,0.14705395698547363,0.06685647368431091,-0.1615879626476726,0.15772300958633423,0.10026443004608154,-0.1651232035362682,0.16510188579559326,0.12126314640045166,-0.16574568464397998
Q,0.0,0.0,0.0,0.02535349130630493,0.013424813747406006,-0.07485774290842073,0.0732237696647644,0.042166173458099365,-0.13597068321985262,0.12672746181488037,0.09866166114807129,-0.17997741830629366,0.17248159646987915,0.155362069606781,-0.2223313463954355,0.06677550077438354,-0.11935654282569885,-0.16450907421392458,0.13518363237380981,-0.04341724514961243,-0.21947515142244356,0.18451178073883057,0.013896703720092773,-0.2519638551501657,0.22221767902374268,0.0591108500957489,-0.2752437008647348,0.08282321691513062,-0.10514038801193237,-0.14940890801233309,0.1662520170211792,-0.021378934383392334,-0.20676671099943178,0.21894937753677368,0.03942963480949402,-0.23198521268648165,0.2547948956489563,0.07910716533660889,-0.25029841196817415,0.09548693895339966,-0.06426042318344116,-0.13230560851377504,0.16702985763549805,0.014672338962554932,-0.17460128796381014,0.17703771591186523,0.04727339744567871,-0.17865209412855165,0.17585676908493042,0.05952832102775574,-0.1816281689433481,0.09882164001464844,-0.01715710759162903,-0.1199928460745241,0.1535828709602356,0.053615421056747437,-0.15229870510381716,0.16819971799850464,0.09228494763374329,-0.15515187514108675,0.1787387728691101,0.11563548445701599,-0.15528781843465822
Q,0.0,0.0,0.0,0.00193101167678833,0.024053901433944702,-0.08281818915440908,0.037669837474823,0.04978111386299133,-0.14298492808177343,0.09158051013946533,0.09146413207054138,-0.18176250297858587,0.13965773582458496,0.15018635988235474,-0.2165512754423844,0.021294236183166504,-0.09643948078155518,-0.17091690141990057,0.09077095985412598,-0.026700139045715332,-0.22458712894751898,0.15147531032562256,0.01821756362915039,-0.25414732236697546,0.1958245038986206,0.05763658881187439,-0.2748805298311936,0.06199300289154053,-0.10253572463989258,-0.14629183847739569,0.1397424340248108,-0.029686182737350464,-0.20179012555911413,0.18432456254959106,0.031965047121047974,-0.2186077846987473,0.21046316623687744,0.06792744994163513,-0.22925850887133947,0.09480243921279907,-0.08228784799575806,-0.11997552354171148,0.15418070554733276,-0.004893571138381958,-0.15569587189986578,0.14214855432510376,0.031256675720214844,-0.14276495714022985,0.12010860443115234,0.03744944930076599,-0.13275055725409857,0.11588126420974731,-0.05089825391769409,-0.10001707215144506,0.15887081623077393,0.007577061653137207,-0.12463931877448431,0.1529790759086609,0.03425610065460205,-0.11724887181355825,0.14212554693222046,0.042496055364608765,-0.1088208346469628
Q,0.0,0.0,0.0,-0.0056209564208984375,0.007306963205337524,-0.07629241117012953,0.02214360237121582,0.026770561933517456,-0.13146081634533857,0.07295602560043335,0.07557111978530884,-0.16829069026482557,0.11675453186035156,0.13025179505348206,-0.2026362276889131,0.0194665789604187,-0.11248750984668732,-0.14911536940110182,0.08070778846740723,-0.05880242586135864,-0.20203764804375623,0.13553255796432495,-0.013206392526626587,-0.2360539592124269,0.17676180601119995,0.031013578176498413,-0.2596483982421205,0.06323623657226562,-0.11360162496566772,-0.12959903546345686,0.1332436203956604,-0.04633030295372009,-0.18126463957798933,0.16844576597213745,0.011962413787841797,-0.2010938382960603,0.18195182085037231,0.05147865414619446,-0.2136513597585008,0.094265878200531,-0.08761487901210785,-0.10994495519173597,0.1420968770980835,-0.004764437675476074,-0.14534147151482557,0.1269487738609314,0.03196170926094055,-0.14087814160359358,0.10023224353790283,0.04190656542778015,-0.13678689368737196,0.11001372337341309,-0.05105111002922058,-0.0965149781919763,0.14130312204360962,0.020000100135803223,-0.12361899831068968,0.13358348608016968,0.055316776037216187,-0.12093719162714933,0.12071645259857178,0.07173898816108704,-0.115774699232702
Q,0.0,0.0,0.0,0.013650178909301758,-0.024600833654403687,-0.05689597924276768,0.052126288414001465,-0.022818833589553833,-0.10881236990019261,0.10862559080123901,0.025139838457107544,-0.146614492433514,0.15769845247268677,0.0692422091960907,-0.18319369901939808,0.036162734031677246,-0.1495140939950943,-0.14962470580860554,0.09660637378692627,-0.08507056534290314,-0.20535966803356587,0.1407979130744934,-0.03821218013763428,-0.23732718874737202,0.16773855686187744,0.0007828474044799805,-0.2585216616563457,0.05048573017120361,-0.12520071864128113,-0.1449793433122295,0.12924492359161377,-0.0398869514465332,-0.2019253974132198,0.15892469882965088,0.015994727611541748,-0.22204610754772602,0.16968649625778198,0.050998419523239136,-0.2356831883363384,0.06185048818588257,-0.07689976692199707,-0.13851523448749958,0.13011837005615234,0.011331647634506226,-0.18418689121529042,0.13746923208236694,0.04015645384788513,-0.18792522002979695,0.13247734308242798,0.046398013830184937,-0.1900911336116451,0.06525802612304688,-0.020015060901641846,-0.1353905205897945,0.11605894565582275,0.05300453305244446,-0.1716536437444347,0.12220275402069092,0.09581157565116882,-0.1742001925878185,0.1224294900894165,0.1229943335056305,-0.17383575488850056
Q,0.0,0.0,0.0,-0.01844155788421631,-0.01785990595817566,-0.05409406547158824,-0.0010797381401062012,-0.031292349100112915,-0.09765864957779513,0.052074551582336426,0.0026866793632507324,-0.13049656201809512,0.10029041767120361,0.03738826513290405,-0.1614338909527646,0.004492223262786865,-0.15811854600906372,-0.10813651282995806,0.014686524868011475,-0.1374405026435852,-0.16298851419895755,0.04350847005844116,-0.12062191963195801,-0.2005879883906232,0.07280462980270386,-0.10050252079963684,-0.22607034493893252,0.03520888090133667,-0.14990970492362976,-0.10407811452358828,0.08274853229522705,-0.0713091790676117,-0.16662277330368624,0.10382431745529175,-0.02049100399017334,-0.19426207293480502,0.11828982830047607,0.011483162641525269,-0.20796443571060763,0.056490540504455566,-0.10856518149375916,-0.1010125135323392,0.09323042631149292,0.01823139190673828,-0.1505537037989484,0.07825058698654175,0.056520700454711914,-0.15194840778320895,0.06303507089614868,0.0603947639465332,-0.14690399219006167,0.06721103191375732,-0.05318072438240051,-0.10248819042652713,0.0912289023399353,0.046977609395980835,-0.13809225012272464,0.08865684270858765,0.09233930706977844,-0.13702791978329287,0.08920598030090332,0.10995516180992126,-0.13040807892292605
Q,0.0,0.0,0.0,0.00593799352645874,0.011406481266021729,-0.03653282176582451,0.03753441572189331,0.009544610977172852,-0.06593819957105751,0.08755815029144287,0.03628852963447571,-0.09023100387184257,0.1324368715286255,0.0610957145690918,-0.10985213767616386,0.05130660533905029,-0.11990746855735779,-0.058523139617129516,0.08235841989517212,-0.04534333944320679,-0.09786795329181786,0.09834498167037964,0.008468836545944214,-0.11913849662868614,0.10995376110076904,0.025858521461486816,-0.1319387505563938,0.05721402168273926,-0.13298794627189636,-0.057415648064299774,0.1024748682975769,-0.03882685303688049,-0.09244182210294838,0.11219018697738647,0.010692626237869263,-0.10110602032272453,0.11936050653457642,0.01946967840194702,-0.10565688710538979,0.058403849601745605,-0.12727797031402588,-0.06017371516553993,0.10917973518371582,-0.0318627655506134,-0.09223236393062706,0.11164647340774536,0.012296855449676514,-0.08854450534908409,0.11165332794189453,0.020427852869033813,-0.08301811169712181,0.05497097969055176,-0.10428446531295776,-0.06703663866846199,0.10424011945724487,-0.03035557270050049,-0.08958782505123253,0.11416584253311157,0.008030027151107788,-0.08892008166639442,0.12190413475036621,0.02188238501548767,-0.08498569082347984
Q,0.0,0.0,0.0,-0.014814019203186035,-0.005386143922805786,-0.06075285584932999,0.0037053823471069336,0.005821317434310913,-0.10958962352282242,0.058129310607910156,0.06733393669128418,-0.14555111737257675,0.10020887851715088,0.11875420808792114,-0.1763948670149489,0.02729552984237671,-0.1584623157978058,-0.1227923950672789,0.09905475378036499,-0.05273669958114624,-0.1690585187197371,0.13634109497070312,0.0102006196975708,-0.19270062656408982,0.16183215379714966,0.05219575762748718,-0.20938764722353653,0.058289289474487305,-0.15363745391368866,-0.11336632282740311,0.10689747333526611,-0.015166938304901123,-0.1538094154120131,0.11788821220397949,0.008480489253997803,-0.16427701921469406,0.12283563613891602,0.0029546618461608887,-0.17612025351530747,0.07856947183609009,-0.11556403338909149,-0.10570010007626252,0.11132657527923584,0.015043884515762329,-0.13458861620432572,0.10061842203140259,0.02710801362991333,-0.12830403656965927,0.08892667293548584,0.013997942209243774,-0.12857149751192765,0.09094786643981934,-0.058349668979644775,-0.10447359294897751,0.10554581880569458,0.04051545262336731,-0.1315831861019774,0.0917125940322876,0.07388398051261902,-0.13187569589621262,0.0805695652961731,0.08380785584449768,-0.1314032098770781
Q,0.0,0.0,0.0,-0.016522347927093506,-0.0139082670211792,-0.050366019642638094,-0.00232619047164917,-0.018653690814971924,-0.09484758395581139,0.04484152793884277,0.028604447841644287,-0.13027793336539162,0.08778786659240723,0.07107874751091003,-0.16372251678137673,0.010319530963897705,-0.17286688089370728,-0.10664559323220146,0.05298888683319092,-0.1584959626197815,-0.1592730747523774,0.08394163846969604,-0.1150016039609909,-0.1928244994941224,0.10253989696502686,-0.07396334409713745,-0.21385598350195778,0.033261775970458984,-0.15522584319114685,-0.10520962793259514,0.09059500694274902,-0.07642194628715515,-0.16044335234789742,0.11297166347503662,-0.015982896089553833,-0.1829079555335511,0.12285059690475464,0.021347463130950928,-0.1946225779119004,0.04996359348297119,-0.10511161386966705,-0.10553055424122704,0.10611832141876221,-0.007812440395355225,-0.15083772111563576,0.10597699880599976,0.02573329210281372,-0.15636001694826973,0.09820055961608887,0.032044440507888794,-0.15668024290232552,0.060471951961517334,-0.0416283905506134,-0.10990685392050636,0.10142272710800171,0.03945717215538025,-0.14694751966624153,0.10398995876312256,0.07738891243934631,-0.15119369495539559,0.1036565899848938,0.09530863165855408,-0.14937089551119698
Q,0.0,0.0,0.0,-0.026224195957183838,-0.007939457893371582,-0.04329574219403298,-0.016248703002929688,-0.022590726613998413,-0.07961204759297402,0.040335237979888916,0.0023869872093200684,-0.10782020650324853,0.09917652606964111,0.03549009561538696,-0.13191694877562554,-0.007792770862579346,-0.1314685046672821,-0.09124030284104379,0.016302049160003662,-0.0847286581993103,-0.1334199394982818,0.03874647617340088,-0.05035829544067383,-0.1554572667878631,0.060055434703826904,-0.035869449377059937,-0.1708245512050155,0.026573359966278076,-0.1410055160522461,-0.08867610357222588,0.06502532958984375,-0.0520285964012146,-0.13314335904536279,0.08669304847717285,-0.010174989700317383,-0.14619413874564202,0.10948538780212402,0.005742788314819336,-0.15427573881564172,0.055955350399017334,-0.12135930359363556,-0.08769778273520501,0.09417539834976196,-0.02141749858856201,-0.12135742716012032,0.0884506106376648,0.008391857147216797,-0.11821704469141991,0.08423113822937012,0.010971933603286743,-0.11584304384408028,0.07738864421844482,-0.08162561058998108,-0.09134931228575738,0.10934603214263916,-0.003178119659423828,-0.11500468216357262,0.11139214038848877,0.02532908320426941,-0.1154656495851043,0.11702513694763184,0.03195732831954956,-0.1144704457324508
Q,0.0,0.0,0.0,-0.015629112720489502,0.011238813400268555,-0.04300516559830214,-0.003246307373046875,0.008940249681472778,-0.07876442088833358,0.04729175567626953,0.03595671057701111,-0.10794101371517684,0.09947860240936279,0.06204855442047119,-0.1345519395088246,-0.007214665412902832,-0.09966583549976349,-0.08655235632410552,0.02388221025466919,-0.0993020087480545,-0.12730082585564162,0.04667717218399048,-0.06837195158004761,-0.14838839783421065,0.06154662370681763,-0.0465187132358551,-0.16249838187447097,0.02431666851043701,-0.11622339487075806,-0.08481061174622084,0.07225513458251953,-0.060646235942840576,-0.1295947553133061,0.09430128335952759,-0.011553078889846802,-0.14373030974617507,0.10617786645889282,0.01299932599067688,-0.15111149563541915,0.05044609308242798,-0.10438592731952667,-0.08527952893724944,0.0965651273727417,-0.031879723072052,-0.12489106967201735,0.09629333019256592,0.014722168445587158,-0.12693884684792067,0.08789098262786865,0.032975226640701294,-0.1255160690759709,0.069832444190979,-0.07323881983757019,-0.08937896504154708,0.10773652791976929,-0.008910804986953735,-0.12209514244547393,0.10795402526855469,0.032187044620513916,-0.1269584269737294,0.10498356819152832,0.05119845271110535,-0.12708452059975173
Q,0.0,0.0,0.0,0.008300244808197021,0.020083755254745483,-0.03655896619872223,0.042715251445770264,0.01765933632850647,-0.06482259095625054,0.09589308500289917,0.04049569368362427,-0.08795529515461098,0.1453087329864502,0.06723552942276001,-0.10646279812769066,0.044779062271118164,-0.11285042762756348,-0.05601192177251946,0.0791119933128357,-0.07459139823913574,-0.08997978926614891,0.09484267234802246,-0.02520543336868286,-0.10701465518192421,0.10422343015670776,0.001096576452255249,-0.1170370420904554,0.05750221014022827,-0.13455939292907715,-0.053127217152873385,0.10371923446655273,-0.054195553064346313,-0.08613672764019142,0.11440783739089966,0.0009461939334869385,-0.09406037540153633,0.12020719051361084,0.019588053226470947,-0.0972805610390104,0.06495952606201172,-0.1335245966911316,-0.053617025771895754,0.11582797765731812,-0.048301756381988525,-0.08367510051445137,0.11398237943649292,-0.0005341768264770508,-0.0801315894813932,0.1077316403388977,0.01591441035270691,-0.07424492300466667,0.06559014320373535,-0.11538788676261902,-0.05804344923214089,0.11502271890640259,-0.04605424404144287,-0.08008666993097435,0.11919152736663818,-0.0047702789306640625,-0.07929117889122139,0.11974871158599854,0.014046549797058105,-0.07472120881990563
Q,0.0,0.0,0.0,-0.028540611267089844,0.005779236555099487,-0.05660760210190574,-0.021832644939422607,0.016535401344299316,-0.1010800618055896,0.026135027408599854,0.06941360235214233,-0.1356402430060939,0.06927430629730225,0.10422021150588989,-0.16727481217418472,0.0012086033821105957,-0.133904829621315,-0.10495531739030639,0.03866690397262573,-0.13214242458343506,-0.1587376687053279,0.06930696964263916,-0.10276907682418823,-0.19306711287532607,0.08730131387710571,-0.0684555172920227,-0.21462025673423568,0.042678892612457275,-0.13367709517478943,-0.10067227662835876,0.08746922016143799,-0.08274193108081818,-0.15819930465255538,0.10696369409561157,-0.033061206340789795,-0.18480537266765396,0.1148490309715271,-0.001500844955444336,-0.19866369099651138,0.07035624980926514,-0.0979495495557785,-0.09863606275354186,0.10258930921554565,0.01698896288871765,-0.14865593047176162,0.08454430103302002,0.06574687361717224,-0.1553010735038356,0.06068754196166992,0.0772821307182312,-0.1541563812020854,0.08641719818115234,-0.043299853801727295,-0.10106320859227935,0.10050088167190552,0.05387622117996216,-0.14295553596053878,0.09072601795196533,0.09773200750350952,-0.14858926267658035,0.08034437894821167,0.11163267493247986,-0.14631331892047683
Q,0.0,0.0,0.0,-0.02235358953475952,-0.03061172366142273,-0.0617821189768506,-0.0007178187370300293,-0.04653283953666687,-0.10993298247529992,0.06128948926925659,-0.0035195350646972656,-0.14465365663244256,0.1182018518447876,0.03920167684555054,-0.1768733645982934,0.015553534030914307,-0.15121543407440186,-0.13642975047304162,0.058676838874816895,-0.10374072194099426,-0.1910649771995736,0.08795726299285889,-0.06309774518013,-0.22498960152341851,0.10542798042297363,-0.03207489848136902,-0.24725934222414025,0.039195895195007324,-0.1280464380979538,-0.1266842569418145,0.09236782789230347,-0.024597108364105225,-0.18361947789861688,0.11236333847045898,0.015690505504608154,-0.20593897357656488,0.1244693398475647,0.03558984398841858,-0.22137808159067163,0.053735315799713135,-0.07841692864894867,-0.11693057522251138,0.09915488958358765,0.034596383571624756,-0.1582384641475869,0.08115792274475098,0.05157390236854553,-0.1574046100683404,0.06039071083068848,0.05068591237068176,-0.15706154063417443,0.057938992977142334,-0.018322527408599854,-0.11262437060548791,0.09102427959442139,0.0672379732131958,-0.14515984907819757,0.09323364496231079,0.09562057256698608,-0.14626333966924676,0.09462529420852661,0.10815483331680298,-0.1448958005018426
Q,0.0,0.0,0.0,-0.021073579788208008,-0.021075576543807983,-0.05311869189145568,-0.0022043585777282715,-0.03322488069534302,-0.09190035715701583,0.06162971258163452,0.007956594228744507,-0.12146560952069763,0.12026757001876831,0.0571749210357666,-0.14813166216018203,0.0350571870803833,-0.14430370926856995,-0.08517113432290557,0.07539993524551392,-0.07598578929901123,-0.1309072460234404,0.0982319712638855,-0.03182867169380188,-0.16219415619971755,0.1171877384185791,-0.0075123608112335205,-0.18246720090510848,0.07016122341156006,-0.12757542729377747,-0.07707250967624191,0.11396431922912598,-0.048467665910720825,-0.11927642777564529,0.12153506278991699,-0.010295718908309937,-0.13866006687285903,0.12750250101089478,0.004652142524719238,-0.15005279436709884,0.09174561500549316,-0.09557010233402252,-0.07204943254592422,0.13333356380462646,-0.019977807998657227,-0.10704887762668136,0.125496506690979,0.007744908332824707,-0.1104873429239035,0.11706548929214478,0.012677311897277832,-0.1092307801544905,0.10092109441757202,-0.05464264750480652,-0.07188245013358596,0.13396501541137695,0.0017923712730407715,-0.0968106026947737,0.13029366731643677,0.024739205837249756,-0.09748290583493713,0.12635910511016846,0.034422457218170166,-0.09403741464021209
Q,0.0,0.0,0.0,-0.00025463104248046875,0.005499511957168579,-0.04619428129200287,0.03303956985473633,0.01732957363128662,-0.08671539635662384,0.08358985185623169,0.07180139422416687,-0.11957799257044144,0.12271523475646973,0.13337793946266174,-0.15089004100565262,0.06448370218276978,-0.09551352262496948,-0.08243438215259857,0.11388778686523438,-0.039581358432769775,-0.12424782277349777,0.13654935359954834,-0.006369113922119141,-0.1525728887439186,0.1547585129737854,0.01569274067878723,-0.17007099450830765,0.08764046430587769,-0.0907900333404541,-0.07464928538803406,0.1326584815979004,-0.02855551242828369,-0.11000024141077347,0.1204606294631958,0.004576623439788818,-0.12124678851370163,0.11191606521606445,0.01298704743385315,-0.12667306126360245,0.10361766815185547,-0.07631814479827881,-0.06880758316520996,0.14760756492614746,-0.01393786072731018,-0.09391613663439102,0.1198815107345581,0.006564617156982422,-0.08801392824653931,0.09659910202026367,0.0020609498023986816,-0.08079090328220673,0.10865795612335205,-0.05892983078956604,-0.06726922453646011,0.14724630117416382,-0.014197885990142822,-0.07799622775320358,0.1315212845802307,-5.060434341430664e-05,-0.06886203945879288,0.11574822664260864,0.0002567768096923828,-0.05999746159915276
Q,0.0,0.0,0.0,0.015216469764709473,0.013178080320358276,-0.06549787955816555,0.07071864604949951,0.03951963782310486,-0.10005622791584301,0.13277673721313477,0.07862606644630432,-0.11829377400215435,0.181937575340271,0.11955526471138,-0.13145792173679638,0.08180367946624756,-0.15536507964134216,-0.09584782707031536,0.15016889572143555,-0.07641595602035522,-0.13672063934143353,0.20404911041259766,-0.018058985471725464,-0.16510624872978497,0.2522444725036621,0.02783849835395813,-0.1848905502491789,0.11337709426879883,-0.147602379322052,-0.07415599065359402,0.17576920986175537,-0.039136677980422974,-0.11475759434040356,0.16607743501663208,0.005254089832305908,-0.12789550113018322,0.15625828504562378,0.002928316593170166,-0.13387007700737286,0.13575327396392822,-0.11404025554656982,-0.05533279167946148,0.17659473419189453,-0.007391005754470825,-0.09208903151090908,0.1435949206352234,0.022064656019210815,-0.0888880311184721,0.11833024024963379,0.0033769607543945312,-0.0805763496690588,0.1455845832824707,-0.0732417106628418,-0.04138049172695446,0.17049825191497803,0.007007479667663574,-0.06708626138504314,0.14650678634643555,0.030895531177520752,-0.0655948861175375,0.12727898359298706,0.020885199308395386,-0.05890034573610592
Q,0.0,0.0,0.0,0.04622352123260498,-0.004555612802505493,-0.04611710577307804,0.10253363847732544,0.004430919885635376,-0.0989055682629214,0.1541793942451477,0.05699145793914795,-0.14123096807895763,0.20337247848510742,0.11492609977722168,-0.18446391566692455,0.08699685335159302,-0.14750823378562927,-0.1391938601344691,0.1508597731590271,-0.09007909893989563,-0.1996368144363032,0.2015954852104187,-0.03762337565422058,-0.24028353138862713,0.24552416801452637,0.007360666990280151,-0.2690701459258662,0.06928747892379761,-0.12222474813461304,-0.14283267899452312,0.16938090324401855,-0.06063222885131836,-0.2026815836042033,0.23053526878356934,-0.0045029520988464355,-0.2293563608735667,0.2753896117210388,0.039009690284729004,-0.24936382218299968,0.05522984266281128,-0.07103878259658813,-0.14439207061229808,0.15126639604568481,-0.009850114583969116,-0.19060429676471813,0.18257349729537964,0.023500919342041016,-0.1953690026610957,0.19395607709884644,0.03887757658958435,-0.199651402673112,0.04282945394515991,-0.014477938413619995,-0.14838680370746715,0.12067610025405884,0.046136945486068726,-0.18339489146171672,0.15297305583953857,0.07840532064437866,-0.18704031153617962,0.17198878526687622,0.09749817848205566,-0.18971240266262157
Q,0.0,0.0,0.0,0.0063683390617370605,0.017816871404647827,-0.0799532248520336,0.05294346809387207,0.0257205069065094,-0.13370612402195547,0.11561709642410278,0.07175353169441223,-0.16860453922981833,0.17325139045715332,0.1295430064201355,-0.20208571989769553,0.05345308780670166,-0.11788775026798248,-0.1488011493229351,0.1337963342666626,-0.06521421670913696,-0.20464643974537466,0.18551111221313477,-0.0219743549823761,-0.24231629212135886,0.22783976793289185,0.02055448293685913,-0.26630582053894614,0.07929390668869019,-0.11262546479701996,-0.12475854296917532,0.16382873058319092,-0.05067768692970276,-0.17603239555592154,0.20333898067474365,0.0006293654441833496,-0.19692561168903921,0.22975194454193115,0.04548400640487671,-0.20954910059208487,0.10150402784347534,-0.08858692646026611,-0.10177172858948325,0.17543673515319824,-0.029894649982452393,-0.1398897482895336,0.17711609601974487,0.004129469394683838,-0.143150316073843,0.1757415533065796,0.029157519340515137,-0.14225699146027182,0.11890774965286255,-0.056660979986190796,-0.08444711704487418,0.17065560817718506,-0.012588858604431152,-0.10955348004335974,0.169955313205719,0.013404279947280884,-0.10970458526844595,0.16895848512649536,0.036700159311294556,-0.10657819499010657
Q,0.0,0.0,0.0,0.0178186297416687,0.04508763551712036,-0.06872890889417249,0.06601941585540771,0.06360501050949097,-0.11434146761666852,0.11754614114761353,0.09277155995368958,-0.1458264812804373,0.16763371229171753,0.1190563440322876,-0.17538095265399534,0.0745120644569397,-0.06512957811355591,-0.11682267486821729,0.1408543586730957,-0.029772788286209106,-0.172799386081806,0.18921774625778198,0.003898918628692627,-0.21337790041934568,0.2312760353088379,0.037229061126708984,-0.24072704463969785,0.0841333270072937,-0.09601464867591858,-0.09959688782464582,0.15955311059951782,-0.04923588037490845,-0.15154688805114347,0.20112067461013794,-0.00239485502243042,-0.17517312615882474,0.2363995909690857,0.0371319055557251,-0.1909001991130026,0.08802539110183716,-0.11242237687110901,-0.0853863880015524,0.15064603090286255,-0.06192705035209656,-0.12778649478923398,0.1459234356880188,-0.027445286512374878,-0.12977925687800962,0.14217549562454224,-0.003221839666366577,-0.12817137688170988,0.0828443169593811,-0.12061804533004761,-0.07678732275735456,0.1302850842475891,-0.07900694012641907,-0.11109305917989332,0.1309216022491455,-0.04965132474899292,-0.11553841084014493,0.13049960136413574,-0.026515871286392212,-0.11540565639506895
Q,0.0,0.0,0.0,0.028118133544921875,0.03637358546257019,-0.06187287710440614,0.08288395404815674,0.054485172033309937,-0.10780345640910127,0.1326954960823059,0.08534038066864014,-0.14025733612311342,0.1816781759262085,0.11548551917076111,-0.17032442234290102,0.08351504802703857,-0.09392485022544861,-0.1263127549721048,0.16151046752929688,-0.038156986236572266,-0.1884870304895685,0.21641159057617188,0.0018968582153320312,-0.23152948163283327,0.2659263014793396,0.037930428981781006,-0.2603688164783762,0.08257699012756348,-0.11658263206481934,-0.11568478487265565,0.16868317127227783,-0.04316526651382446,-0.17258069656622865,0.213628351688385,-0.0006422698497772217,-0.1941499932838724,0.2549320459365845,0.02437382936477661,-0.21009961508048036,0.07993322610855103,-0.12283633649349213,-0.1074756830169008,0.16110438108444214,-0.050065696239471436,-0.15419045828116396,0.1464487910270691,-0.01956978440284729,-0.15143271528017976,0.13228613138198853,-0.0117378830909729,-0.14724778376353242,0.0735357403755188,-0.11817899346351624,-0.1042870803905771,0.13768857717514038,-0.05984237790107727,-0.14049421988261201,0.13554155826568604,-0.03290793299674988,-0.1420615389181421,0.127732515335083,-0.021970689296722412,-0.14070864759219148
Q,0.0,0.0,0.0,0.040366530418395996,0.048650383949279785,-0.03369169529435112,0.09594917297363281,0.06857559084892273,-0.06174341063854172,0.14213299751281738,0.09132567048072815,-0.08557929318305924,0.1807137131690979,0.12019947171211243,-0.10958568971511795,0.12386196851730347,-0.046233922243118286,-0.060321541837424775,0.182975172996521,-0.017676889896392822,-0.10386663149949982,0.2244437336921692,0.007711470127105713,-0.13646617006418182,0.2634478807449341,0.03501442074775696,-0.1589375979816623,0.11048191785812378,-0.08852231502532959,-0.060955262145967026,0.177590012550354,-0.04612797498703003,-0.10434718649742081,0.2182191014289856,-0.008716046810150146,-0.12800400923845245,0.25887495279312134,0.02425321936607361,-0.14339266192075684,0.08763772249221802,-0.11916694045066833,-0.06412943672296478,0.14917385578155518,-0.0748143196105957,-0.10507750730869247,0.1708599328994751,-0.037049323320388794,-0.11536416631099655,0.19368362426757812,-0.009385913610458374,-0.1188236645972438,0.058773696422576904,-0.139113187789917,-0.06961672227737381,0.10151177644729614,-0.10602998733520508,-0.1041907541072078,0.12127113342285156,-0.07304972410202026,-0.11291466873046829,0.14314621686935425,-0.04870867729187012,-0.11575660329219772
Q,0.0,0.0,0.0,0.03270697593688965,-0.006664484739303589,-0.051960173733846204,0.10728532075881958,0.005714833736419678,-0.08713467765630867,0.17532885074615479,0.05594787001609802,-0.10890268880905296,0.2314971685409546,0.11104390025138855,-0.12717762935938026,0.10774248838424683,-0.1493895947933197,-0.1019082625585952,0.1884278655052185,-0.0742325484752655,-0.15071302998842384,0.24399715662002563,-0.02093452215194702,-0.18765130985559608,0.29639577865600586,0.023406028747558594,-0.2140661363679328,0.10600292682647705,-0.1297307163476944,-0.09195790786327507,0.19129163026809692,-0.02283284068107605,-0.13892385710062172,0.18069642782211304,0.013829797506332397,-0.15477234471620704,0.17125773429870605,0.016487181186676025,-0.16514997530759956,0.10476362705230713,-0.08647415041923523,-0.08382036883415367,0.18210721015930176,0.017847001552581787,-0.12219246078313972,0.15111267566680908,0.030488580465316772,-0.11838005084575798,0.12642580270767212,0.012010663747787476,-0.11261736203016426,0.10383105278015137,-0.034951627254486084,-0.0796934028345504,0.1633697748184204,0.04158845543861389,-0.10752318400921013,0.145904541015625,0.05150926113128662,-0.1069228385764518,0.13008129596710205,0.038870036602020264,-0.10341824192585136
Q,0.0,0.0,0.0,0.04205584526062012,-0.014823228120803833,-0.05104095858337132,0.1222679615020752,-0.0013817250728607178,-0.09080563855172841,0.19721901416778564,0.053646475076675415,-0.11624469977618901,0.254231333732605,0.10704749822616577,-0.13976538550855366,0.10937619209289551,-0.14563190937042236,-0.11996194344760625,0.19270843267440796,-0.06921079754829407,-0.16936940324308125,0.24439597129821777,-0.028233110904693604,-0.2065038270950481,0.2936333417892456,0.0045965611934661865,-0.23446950685979573,0.10223978757858276,-0.11214447021484375,-0.1141404770016834,0.2118965983390808,-0.030446946620941162,-0.16147958111764638,0.24439483880996704,0.01569494605064392,-0.1838329173326656,0.2714657187461853,0.04054743051528931,-0.2014941461086437,0.09695577621459961,-0.0625041127204895,-0.10784219574929921,0.1999189853668213,0.014010220766067505,-0.14525245499612538,0.19110143184661865,0.03619930148124695,-0.1485345102548763,0.18040013313293457,0.036317914724349976,-0.1501925922632381,0.09194844961166382,-0.006760001182556152,-0.1049909926653072,0.17377066612243652,0.06013652682304382,-0.1351290233135387,0.18213611841201782,0.07704699039459229,-0.13999452066423146,0.18458342552185059,0.07986953854560852,-0.1421277559995815
Q,0.0,0.0,0.0,0.04061001539230347,-0.013628482818603516,-0.04437797978232538,0.12240821123123169,0.0015756487846374512,-0.07334669768522417,0.19777947664260864,0.054905593395233154,-0.08870850592563784,0.25503242015838623,0.10326966643333435,-0.10098996102522051,0.10612142086029053,-0.1467512547969818,-0.09458198487470781,0.1898326277732849,-0.0764952003955841,-0.13679979830692446,0.2468200922012329,-0.035631924867630005,-0.16949483841369783,0.2988278865814209,-0.004792511463165283,-0.19371968596885836,0.1046905517578125,-0.12124893069267273,-0.08618737101267016,0.20627999305725098,-0.03771692514419556,-0.1256968387932602,0.21706151962280273,0.009683459997177124,-0.1424755015940491,0.2198498249053955,0.027975797653198242,-0.15485565453479921,0.10523104667663574,-0.07975277304649353,-0.0783459329576317,0.19837337732315063,-0.0017353296279907227,-0.11050168513963854,0.17789971828460693,0.02332693338394165,-0.11074226438711321,0.15554684400558472,0.02035793662071228,-0.10862268596599733,0.10476887226104736,-0.02922949194908142,-0.07368479758213198,0.17645633220672607,0.03577426075935364,-0.0988329210848633,0.1731785535812378,0.0538996160030365,-0.10191428005407488,0.16331183910369873,0.05407309532165527,-0.10172908097217714
Q,0.0,0.0,0.0,0.03991430997848511,0.002240806818008423,-0.05558400988525136,0.11948072910308838,0.011696666479110718,-0.08847334995812162,0.1965755820274353,0.05633482336997986,-0.10720693334883435,0.2529686689376831,0.09895741939544678,-0.12346400335377439,0.1174517273902893,-0.15126195549964905,-0.09343737378662809,0.21871644258499146,-0.07307013869285583,-0.12458001092022641,0.27731502056121826,-0.02697727084159851,-0.14542034283226712,0.3253886103630066,0.007470846176147461,-0.16055560126847013,0.11434799432754517,-0.13593348860740662,-0.07538517579382642,0.21802031993865967,-0.060218483209609985,-0.10824363693541272,0.2290242314338684,-0.013312160968780518,-0.11907618507689222,0.22948229312896729,0.009796082973480225,-0.12557885065621122,0.11342835426330566,-0.0996871143579483,-0.05811581402963384,0.21359139680862427,-0.03157162666320801,-0.0851772578055261,0.21289348602294922,0.003181278705596924,-0.0846838654572366,0.2061329483985901,0.017370760440826416,-0.08165613576716169,0.1120530366897583,-0.05335816740989685,-0.04459466054981931,0.19265955686569214,0.006456613540649414,-0.06666429355686887,0.206104576587677,0.034132152795791626,-0.06989536449259504,0.21094250679016113,0.046208083629608154,-0.06884171828573926
Q,0.0,0.0,0.0,0.03733670711517334,0.002663522958755493,-0.06881985078513253,0.11674624681472778,0.011343032121658325,-0.09786298881232369,0.19610285758972168,0.051544517278671265,-0.110460661453601,0.254066526889801,0.08593344688415527,-0.1187951267784797,0.11906051635742188,-0.15210804343223572,-0.07786755273997414,0.21949666738510132,-0.08657523989677429,-0.10380797098338235,0.2787342667579651,-0.042007267475128174,-0.12032188485324014,0.3277720808982849,-0.01188129186630249,-0.13096997897088158,0.12926357984542847,-0.1439126431941986,-0.047025952590104225,0.21629458665847778,-0.07229006290435791,-0.07501719157158959,0.19667422771453857,-0.025393009185791016,-0.08117479096114266,0.17397308349609375,-0.014828622341156006,-0.0803601593798362,0.13871294260025024,-0.11690816283226013,-0.019842714173194054,0.20881521701812744,-0.04225674271583557,-0.04640115807711709,0.1766338348388672,-0.007686346769332886,-0.04460318396746743,0.14884823560714722,-0.008300036191940308,-0.035960488123294,0.1437063217163086,-0.07996588945388794,0.0025315632955766887,0.19756770133972168,-0.01828300952911377,-0.015586983514424446,0.1840839385986328,0.009375542402267456,-0.01610417860507596,0.166733980178833,0.010598897933959961,-0.010047495467063072
Q,0.0,0.0,0.0,0.04247516393661499,0.007934629917144775,-0.06422267432861872,0.12029862403869629,0.015041530132293701,-0.09209294195824214,0.19719457626342773,0.04529714584350586,-0.10547156210594721,0.25323688983917236,0.07110923528671265,-0.1142422514741952,0.11963117122650146,-0.16365371644496918,-0.07253016855173655,0.22258150577545166,-0.09873929619789124,-0.09768601830654688,0.2785680890083313,-0.05054759979248047,-0.11407187159710475,0.3253976106643677,-0.01823672652244568,-0.1250115739887292,0.12798678874969482,-0.15883921086788177,-0.04483944873862811,0.21917736530303955,-0.07498663663864136,-0.07840048845463343,0.19213294982910156,-0.03325226902961731,-0.08791385914736338,0.16112011671066284,-0.031096339225769043,-0.08801354791575022,0.13677674531936646,-0.1340097039937973,-0.02001462641709395,0.21652042865753174,-0.0575006902217865,-0.04959821652226992,0.1852625012397766,-0.025669008493423462,-0.04831320743613787,0.1574496030807495,-0.027944982051849365,-0.03917131524138995,0.14140093326568604,-0.10180702805519104,0.0005355322144282582,0.20461434125900269,-0.042206406593322754,-0.019128584746056276,0.1933528184890747,-0.015761762857437134,-0.01931104946487494,0.17712867259979248,-0.014057308435440063,-0.01240356776469298
Q,0.0,0.0,0.0,0.030620336532592773,0.006582379341125488,-0.08492154292895293,0.10320878028869629,0.004020661115646362,-0.11366708986594176,0.18452239036560059,0.03383663296699524,-0.12184920571877456,0.247164785861969,0.05997958779335022,-0.12459594421221709,0.1127784252166748,-0.16776864230632782,-0.08244544677569365,0.21481376886367798,-0.11216753721237183,-0.10590455345942473,0.27180027961730957,-0.0681290328502655,-0.11958681456877684,0.3193088173866272,-0.041433513164520264,-0.12758450620009398,0.13077837228775024,-0.171595960855484,-0.040665042029161214,0.21733003854751587,-0.10086503624916077,-0.07108515910937285,0.18881118297576904,-0.048618167638778687,-0.07849835269286132,0.15643996000289917,-0.039330512285232544,-0.07533315234019256,0.1458607316017151,-0.15700185298919678,-0.003902666411761402,0.2181084156036377,-0.08668407797813416,-0.035467964039582967,0.1821703314781189,-0.04070878028869629,-0.0379378724856565,0.1524195671081543,-0.03835529088973999,-0.028615286947626828,0.1552944779396057,-0.1319248378276825,0.027440316601257564,0.20809650421142578,-0.07587581872940063,0.0040527052232732785,0.19174331426620483,-0.04135754704475403,-0.00044368832737973207,0.1703789234161377,-0.038955092430114746,0.005319852939408065
Q,0.0,0.0,0.0,0.04064899682998657,0.008655011653900146,-0.07318397758552919,0.11645853519439697,0.011041104793548584,-0.10060873774835954,0.1962275505065918,0.0403154194355011,-0.1115993052537192,0.2568150758743286,0.06605347990989685,-0.11860651670048128,0.12597358226776123,-0.15989848971366882,-0.06588708011457811,0.22558939456939697,-0.101512610912323,-0.08443923441717516,0.2816147208213806,-0.06242308020591736,-0.09771315155575167,0.32737934589385986,-0.037257879972457886,-0.10632427183935533,0.1353912353515625,-0.1644485592842102,-0.030046069603656633,0.22053581476211548,-0.10281071066856384,-0.05486126018712412,0.21133685111999512,-0.05156955122947693,-0.0659357994611014,0.19494372606277466,-0.029840797185897827,-0.06763611136028658,0.1438184380531311,-0.1485842764377594,0.0019512053530092999,0.21877288818359375,-0.09051954746246338,-0.024052502196525438,0.2009069323539734,-0.04682275652885437,-0.030401037615035875,0.1826164722442627,-0.0315152108669281,-0.02580822406360994,0.15060532093048096,-0.12352818250656128,0.029343227315450804,0.2081553339958191,-0.07823300361633301,0.009437764454389708,0.20851439237594604,-0.04312312602996826,0.0033950411432783767,0.20273786783218384,-0.028326094150543213,0.006874125376100437
Q,0.0,0.0,0.0,0.03856629133224487,0.01024717092514038,-0.08138917410298063,0.11429166793823242,0.00994020700454712,-0.1065868588678427,0.1928619146347046,0.037449806928634644,-0.11202542507572844,0.25209224224090576,0.06115606427192688,-0.1117486658088751,0.12099331617355347,-0.15745899081230164,-0.07748600119276716,0.22160130739212036,-0.10690099000930786,-0.09966715449019148,0.27594953775405884,-0.06465473771095276,-0.11251610541268064,0.3219790458679199,-0.038290321826934814,-0.11986170732899382,0.13469302654266357,-0.16187942028045654,-0.03706781589909269,0.22178983688354492,-0.09965717792510986,-0.06604469591303541,0.19434583187103271,-0.04957461357116699,-0.07400337630434706,0.1610506772994995,-0.038382887840270996,-0.07137494558020308,0.14726680517196655,-0.15119990706443787,-0.0015433360870815704,0.22039532661437988,-0.0885331928730011,-0.030043399199087162,0.1864573359489441,-0.04361838102340698,-0.03301615664287283,0.15613669157028198,-0.0407901406288147,-0.02477132552786543,0.15372103452682495,-0.12953653931617737,0.028417479009192448,0.20524847507476807,-0.07614806294441223,0.008212468349199753,0.19164633750915527,-0.04311320185661316,0.0032801453441493322,0.16927307844161987,-0.04176494479179382,0.007903119311492901
Q,0.0,0.0,0.0,0.03695559501647949,0.010263383388519287,-0.0818591360387586,0.11389422416687012,0.00906449556350708,-0.10739325177047476,0.19494956731796265,0.036153972148895264,-0.11348419826600775,0.2556188106536865,0.06006208062171936,-0.11395282488439307,0.12305694818496704,-0.16318434476852417,-0.07449989955995306,0.22462940216064453,-0.11124366521835327,-0.09655593525741324,0.27934592962265015,-0.06665113568305969,-0.10943933021400198,0.32453155517578125,-0.03645062446594238,-0.11647486876819357,0.13725465536117554,-0.1653720736503601,-0.033830089533068985,0.22359931468963623,-0.10005778074264526,-0.06287202429149374,0.1981235146522522,-0.046918660402297974,-0.0711048636970304,0.16788184642791748,-0.030459433794021606,-0.06821856092784628,0.1489763855934143,-0.15089276432991028,0.0017313634359084062,0.22099733352661133,-0.08493125438690186,-0.02845615152392611,0.18979871273040771,-0.037238746881484985,-0.03248427253339514,0.16229063272476196,-0.02762371301651001,-0.023975703903772683,0.1548827886581421,-0.12629017233848572,0.031892059332392364,0.2073342204093933,-0.07157644629478455,0.009828142783305793,0.1959984302520752,-0.03466948866844177,0.004611630419901758,0.17708897590637207,-0.02581527829170227,0.010084344966969638
Q,0.0,0.0,0.0,0.0370754599571228,0.006993710994720459,-0.0832009633825237,0.11432880163192749,0.004853665828704834,-0.10867677087048833,0.19732385873794556,0.03512445092201233,-0.11405737156133,0.2586071491241455,0.06114503741264343,-0.11383184993724171,0.12604206800460815,-0.16515761613845825,-0.075843060557645,0.22885024547576904,-0.11294326186180115,-0.09444543922404591,0.2826841473579407,-0.07027092576026917,-0.1046339666293079,0.3278326392173767,-0.04108044505119324,-0.11016293073157613,0.1381552815437317,-0.1687179058790207,-0.03311496431092564,0.2249811291694641,-0.09985488653182983,-0.0565031675444061,0.20509588718414307,-0.04650452733039856,-0.0627967959092075,0.18173229694366455,-0.027769744396209717,-0.06037363613108937,0.14736664295196533,-0.15343403816223145,0.0045350318021064595,0.22155523300170898,-0.08380460739135742,-0.020831508730452697,0.19674229621887207,-0.03613448143005371,-0.026612289418380897,0.17575854063034058,-0.024436503648757935,-0.02132144959728066,0.15199679136276245,-0.1266009509563446,0.03668679093857463,0.20612561702728271,-0.06924092769622803,0.017248436640102227,0.20068359375,-0.03204694390296936,0.009993549267846902,0.18792426586151123,-0.021822184324264526,0.012766670267183144
Q,0.0,0.0,0.0,0.045949339866638184,0.013276666402816772,-0.07280367310522706,0.12390786409378052,0.014491796493530273,-0.09579742397545488,0.20136964321136475,0.04019954800605774,-0.10168140824316652,0.2609971761703491,0.06469732522964478,-0.1021738469171396,0.13397735357284546,-0.15435612201690674,-0.06522800471066148,0.23214811086654663,-0.1057329773902893,-0.08312180335997255,0.2839706540107727,-0.06659159064292908,-0.09374284441946656,0.3269570469856262,-0.03949326276779175,-0.0998227864074579,0.1454862356185913,-0.16409212350845337,-0.027934615271078655,0.22661739587783813,-0.10289269685745239,-0.05005421187161119,0.21012580394744873,-0.0526772141456604,-0.05709345336435945,0.18708008527755737,-0.03274059295654297,-0.055814654337154934,0.15429413318634033,-0.15435180068016052,0.004967260403645923,0.22409528493881226,-0.09272071719169617,-0.018063748957501957,0.1995851993560791,-0.04667660593986511,-0.022095701428042958,0.1754339337348938,-0.03250753879547119,-0.016239014224993298,0.15849363803863525,-0.13228380680084229,0.03282773424507468,0.20963406562805176,-0.08131539821624756,0.01496716239125817,0.20284968614578247,-0.04765161871910095,0.008557712888432434,0.18732398748397827,-0.038795799016952515,0.011579600391996792
Q,0.0,0.0,0.0,0.03897780179977417,0.00958201289176941,-0.08589604254055416,0.11797142028808594,0.010448068380355835,-0.11024693901825344,0.1990404725074768,0.04101216793060303,-0.1136202042846719,0.2591439485549927,0.06685969233512878,-0.11038812006998455,0.13025546073913574,-0.16005346179008484,-0.08003630246210491,0.23259055614471436,-0.10592815279960632,-0.10139957572508251,0.28379756212234497,-0.06226670742034912,-0.11255646999168789,0.32815420627593994,-0.03487551212310791,-0.11876924838114178,0.1459539532661438,-0.15984976291656494,-0.03657278920698559,0.2267850637435913,-0.08622920513153076,-0.06302632893610394,0.19539356231689453,-0.04390677809715271,-0.06899718697357571,0.1630399227142334,-0.04103383421897888,-0.06604114677000439,0.15770715475082397,-0.1447216272354126,0.0012797720107471378,0.22566145658493042,-0.07205706834793091,-0.0269178239553014,0.18945884704589844,-0.031811535358428955,-0.031239713907126543,0.16076207160949707,-0.033761054277420044,-0.024569238901023027,0.16244113445281982,-0.11950322985649109,0.033229398176189306,0.210709810256958,-0.05929440259933472,0.011590177759643439,0.1955878734588623,-0.02817511558532715,0.004404293008263949,0.1739891767501831,-0.029530465602874756,0.007377910994108561
Q,0.0,0.0,0.0,0.0416795015335083,0.013261556625366211,-0.0771620841981644,0.11948120594024658,0.01872795820236206,-0.1028525354625458,0.1999860405921936,0.05099347233772278,-0.11021822414414828,0.2605580687522888,0.07751268148422241,-0.11225986204163974,0.13429749011993408,-0.15150168538093567,-0.07625923029200976,0.23652034997940063,-0.0935729444026947,-0.09677550665156787,0.28913915157318115,-0.048753052949905396,-0.10780565909163897,0.3333345055580139,-0.020052790641784668,-0.11405551902072375,0.1473613977432251,-0.15721018612384796,-0.03770664057748263,0.2325291633605957,-0.07913199067115784,-0.06202307439463084,0.20821797847747803,-0.029039829969406128,-0.06781483910100405,0.1801699995994568,-0.019633501768112183,-0.06586544684188311,0.15741389989852905,-0.14354804158210754,-0.0035517080971771975,0.22805261611938477,-0.06550592184066772,-0.028723710245060374,0.19752126932144165,-0.022792726755142212,-0.03180941662805026,0.17084389925003052,-0.020734399557113647,-0.025551821133660724,0.16187143325805664,-0.11806356906890869,0.025427020126414845,0.21489113569259644,-0.05422466993331909,0.007423779433054278,0.20297116041183472,-0.02067163586616516,0.002616274840590904,0.18362700939178467,-0.018998682498931885,0.00630169778077061
Q,0.0,0.0,0.0,0.039482295513153076,0.017621785402297974,-0.0820315155177127,0.11496257781982422,0.02537587285041809,-0.10949943689394104,0.19354915618896484,0.060290634632110596,-0.11733436314153778,0.25334954261779785,0.09586116671562195,-0.11981669543075668,0.13546496629714966,-0.14306581020355225,-0.08433549580860245,0.2355092167854309,-0.08149254322052002,-0.10726432977008926,0.28601980209350586,-0.033226341009140015,-0.11895920065927612,0.3278024196624756,-0.003606945276260376,-0.1254810216813098,0.15018248558044434,-0.15331584215164185,-0.043295242914439314,0.23134446144104004,-0.06875044107437134,-0.06945685771989929,0.2017592191696167,-0.02104392647743225,-0.07420997051286804,0.1698431372642517,-0.017586737871170044,-0.0713726478605281,0.16104674339294434,-0.14457814395427704,-0.0068445392860780885,0.2287614345550537,-0.06292334198951721,-0.034302071758986585,0.19237399101257324,-0.02094191312789917,-0.036268205472708814,0.16206127405166626,-0.021321415901184082,-0.028659147301198118,0.165554940700531,-0.12346160411834717,0.024125545194863207,0.21468496322631836,-0.05869185924530029,0.0033519742102612327,0.19905680418014526,-0.024525761604309082,-0.001626917601072364,0.176932692527771,-0.02301773428916931,0.002575643735497124
Q,0.0,0.0,0.0,0.034810781478881836,0.015757590532302856,-0.08285478758659792,0.10931766033172607,0.024205416440963745,-0.11057218420353365,0.18924766778945923,0.059911757707595825,-0.11826306092586947,0.24860846996307373,0.09226101636886597,-0.12027797359075976,0.13151180744171143,-0.14394532144069672,-0.08607673901167345,0.23132121562957764,-0.07922261953353882,-0.10870325076427889,0.2826727628707886,-0.030491411685943604,-0.11975312489119005,0.32675474882125854,0.0009285211563110352,-0.12583675491657687,0.1489458680152893,-0.14967846870422363,-0.0447066638156457,0.22330647706985474,-0.06145128607749939,-0.07096646237221194,0.19176822900772095,-0.016620546579360962,-0.07556443917599154,0.16191506385803223,-0.014695525169372559,-0.07248922693577242,0.1607324481010437,-0.1368056684732437,-0.007882671198217395,0.2221711277961731,-0.05195316672325134,-0.03661623108234835,0.1859148144721985,-0.012062519788742065,-0.039196478901772025,0.15863275527954102,-0.014465928077697754,-0.03167179483023119,0.16514861583709717,-0.11336693167686462,0.02362924558076429,0.2103986144065857,-0.04633200168609619,0.0016775791297050091,0.1948179006576538,-0.012743264436721802,-0.003483851440591934,0.17469507455825806,-0.012339264154434204,0.0010903395010473105
Q,0.0,0.0,0.0,0.03912389278411865,0.02115604281425476,-0.08057367901830048,0.11627709865570068,0.03243464231491089,-0.10942408542661042,0.19374072551727295,0.0697372555732727,-0.11905080925254197,0.25015789270401,0.10570740699768066,-0.12353734772233338,0.13161420822143555,-0.13776569068431854,-0.08532933990983338,0.23164337873458862,-0.07119706273078918,-0.11041753839282364,0.2840617299079895,-0.01984238624572754,-0.12388928334740967,0.32855111360549927,0.013535887002944946,-0.1311383853438315,0.1446203589439392,-0.1452789008617401,-0.04613068800000519,0.2267112135887146,-0.05905291438102722,-0.07642515103844971,0.19690221548080444,-0.010848075151443481,-0.08272758971480698,0.1667662262916565,-0.005441457033157349,-0.0794452066305098,0.15574222803115845,-0.13400426506996155,-0.011156022618990846,0.22458791732788086,-0.04989704489707947,-0.04193521018652291,0.18954479694366455,-0.008304089307785034,-0.043345757830422826,0.16231608390808105,-0.007252097129821777,-0.03387539933947892,0.16176700592041016,-0.11241066455841064,0.01862743769260078,0.21252590417861938,-0.046537935733795166,-0.003524191980716296,0.19827812910079956,-0.010349512100219727,-0.006825511414092489,0.17969071865081787,-0.005459487438201904,-0.0004493907447908896
Q,0.0,0.0,0.0,0.03456759452819824,0.017231613397598267,-0.08480803668641101,0.11203992366790771,0.026331961154937744,-0.11290661990784656,0.1916947364807129,0.06556183099746704,-0.12010064721249591,0.24977684020996094,0.10282409191131592,-0.1219080090536977,0.13415217399597168,-0.14039596915245056,-0.0869643911733533,0.2316746711730957,-0.07487121224403381,-0.10784317553185474,0.2831742763519287,-0.026682764291763306,-0.11774897575520527,0.32735586166381836,0.004534810781478882,-0.12319771200560581,0.14921045303344727,-0.1459692418575287,-0.044286601246824375,0.22976988554000854,-0.06342414021492004,-0.07049707323454868,0.19911468029022217,-0.012948751449584961,-0.07373742014311802,0.16817378997802734,-0.0027526021003723145,-0.06873726844929706,0.16033005714416504,-0.1339418888092041,-0.006266604179074875,0.22783738374710083,-0.05403679609298706,-0.03368494659804355,0.19130825996398926,-0.010002046823501587,-0.03472064063095104,0.16263222694396973,-0.005310148000717163,-0.025788370521297566,0.1653091311454773,-0.11034002900123596,0.026136299593815693,0.2132081389427185,-0.04652002453804016,0.0051005044937824096,0.19801545143127441,-0.010887205600738525,-0.00010162665563484552,0.1786981225013733,-0.0061935484409332275,0.0043490529046152915
Q,0.0,0.0,0.0,0.03358346223831177,0.015262424945831299,-0.08245315110605134,0.1117018461227417,0.02354559302330017,-0.10925703203599824,0.19134271144866943,0.06076103448867798,-0.11605687147300614,0.2503175139427185,0.0942578911781311,-0.11713080561082734,0.130199134349823,-0.14587879180908203,-0.0826181740156926,0.22865259647369385,-0.0790826678276062,-0.1052258954040326,0.28117942810058594,-0.02774408459663391,-0.11731559491079224,0.327711284160614,0.005574464797973633,-0.12442565417211426,0.14769935607910156,-0.14770561456680298,-0.041762639640978705,0.2238425612449646,-0.05954495072364807,-0.06993200337808503,0.1881859302520752,-0.01796552538871765,-0.07444099789779557,0.15470820665359497,-0.01835155487060547,-0.07045066064517869,0.15980660915374756,-0.13321951031684875,-0.005822469818554055,0.22234153747558594,-0.05057176947593689,-0.03408685034435166,0.18270844221115112,-0.013096213340759277,-0.03411645522635354,0.15280944108963013,-0.01691991090774536,-0.02482595375101937,0.16431081295013428,-0.10968300700187683,0.02443012328524219,0.20936691761016846,-0.04353109002113342,0.0038180315278850685,0.1897457242012024,-0.0132293701171875,0.0002873225713528882,0.16775423288345337,-0.015786021947860718,0.005734557413347829
Q,0.0,0.0,0.0,0.03371208906173706,0.011390596628189087,-0.08172759868045887,0.10796105861663818,0.020430713891983032,-0.10961805738349994,0.18565034866333008,0.06010517477989197,-0.11794512428184589,0.24288541078567505,0.09420835971832275,-0.12107932276865085,0.12492460012435913,-0.15209898352622986,-0.08303626335998615,0.22300106287002563,-0.0822603702545166,-0.10576490767141422,0.2761169672012329,-0.03083944320678711,-0.11809577502151569,0.320400595664978,0.0032828450202941895,-0.124856364799939,0.1431516408920288,-0.15331239998340607,-0.042326313330136145,0.21991461515426636,-0.0656823217868805,-0.06997491128583988,0.1912577748298645,-0.021398931741714478,-0.07626449771066746,0.1607854962348938,-0.018597394227981567,-0.07344882644554218,0.15695291757583618,-0.13707664608955383,-0.006081991249970997,0.21858662366867065,-0.055635809898376465,-0.03550492308875164,0.1840599775314331,-0.015298604965209961,-0.03847435198565563,0.1566181778907776,-0.015400290489196777,-0.030218179224334563,0.1643543243408203,-0.11314287781715393,0.024991667942799722,0.20903587341308594,-0.05033811926841736,0.00280099233771125,0.19405317306518555,-0.01676034927368164,-0.00191673008100679,0.1740950345993042,-0.014116346836090088,0.003582285597644841
Q,0.0,0.0,0.0,0.03944748640060425,0.01787009835243225,-0.08100806480382516,0.11425477266311646,0.027835756540298462,-0.1086765334579809,0.18891674280166626,0.06884291768074036,-0.11737391656373575,0.24253696203231812,0.10882824659347534,-0.12084354763959482,0.13275909423828125,-0.14292636513710022,-0.08062228119109704,0.22950279712677002,-0.06552642583847046,-0.10605242407058313,0.27721190452575684,-0.01607757806777954,-0.12054911559556558,0.319824755191803,0.012527137994766235,-0.12900763308738306,0.14659714698791504,-0.1461738795042038,-0.04190919851993158,0.22688740491867065,-0.05529406666755676,-0.0751212269637449,0.19031685590744019,-0.01806461811065674,-0.08403079515431955,0.15560680627822876,-0.023029476404190063,-0.0813763693544729,0.1579722762107849,-0.1323101669549942,-0.007690410372958922,0.2259984016418457,-0.04562097787857056,-0.039544265029178405,0.18243086338043213,-0.012883275747299194,-0.04163099756573274,0.1512569785118103,-0.020056039094924927,-0.03158926149939134,0.16328305006027222,-0.1080736517906189,0.02109773898388312,0.21080052852630615,-0.0416412353515625,-0.0005568274168012977,0.19060969352722168,-0.015535742044448853,-0.004151496348129058,0.1698143482208252,-0.0196017324924469,0.002323228855459547
Q,0.0,0.0,0.0,0.03859001398086548,0.01674020290374756,-0.07128415246984332,0.11595577001571655,0.03390955924987793,-0.10206624855777591,0.19315099716186523,0.07910600304603577,-0.11651175459405749,0.24745255708694458,0.12055602669715881,-0.126567758522242,0.13293123245239258,-0.1372353434562683,-0.08327728500148623,0.22931396961212158,-0.059960901737213135,-0.11133866747400134,0.2805789113044739,-0.00823289155960083,-0.12658079703828662,0.323388934135437,0.027672678232192993,-0.13535407920858233,0.14502453804016113,-0.14115899801254272,-0.05196568360111087,0.22901779413223267,-0.03887438774108887,-0.08351419856330722,0.2014947533607483,0.005975842475891113,-0.08965726932069629,0.17479723691940308,0.00794374942779541,-0.08736702790042727,0.15311968326568604,-0.12422069907188416,-0.024246552861541204,0.22409743070602417,-0.0270041823387146,-0.05469927554509013,0.19170594215393066,0.008045881986618042,-0.054844349525183134,0.16677969694137573,0.004118770360946655,-0.045827034763306074,0.1554587483406067,-0.0956801176071167,-0.0012294268424284382,0.21201729774475098,-0.019256502389907837,-0.021555291391223363,0.19966918230056763,0.012639492750167847,-0.022814154527395658,0.183039128780365,0.01394885778427124,-0.01622797352752059
Q,0.0,0.0,0.0,0.034643709659576416,0.02356216311454773,-0.07827241345307812,0.10758250951766968,0.04046213626861572,-0.10768296941182598,0.1812254786491394,0.08629223704338074,-0.11796940489671215,0.23383325338363647,0.13221684098243713,-0.12319132312200054,0.1310998797416687,-0.12618272006511688,-0.08828767015597805,0.22289228439331055,-0.05023398995399475,-0.11454873903653606,0.27260923385620117,0.0004089474678039551,-0.12815748526713833,0.3156734108924866,0.03507283329963684,-0.13568243755958065,0.14911186695098877,-0.13516435027122498,-0.05097597836515888,0.2219393253326416,-0.03998136520385742,-0.08011025561950191,0.1918473243713379,0.0034689903259277344,-0.08492474629542812,0.16334140300750732,0.0065915584564208984,-0.08131322636268123,0.1616349220275879,-0.12461197376251221,-0.01760003901085838,0.22055327892303467,-0.03143727779388428,-0.046608779570078696,0.18342512845993042,0.005899488925933838,-0.04675840958020672,0.15612787008285522,0.0035561025142669678,-0.0371134467329739,0.16736149787902832,-0.10140004754066467,0.01048403886147753,0.21129721403121948,-0.027609139680862427,-0.01053863949141487,0.19509077072143555,0.004781007766723633,-0.013533112583672846,0.17547011375427246,0.005214214324951172,-0.007377299936479176
Q,0.0,0.0,0.0,0.029084742069244385,0.025261670351028442,-0.09002623235591045,0.0993037223815918,0.04272645711898804,-0.12730399792798153,0.17582064867019653,0.0937124490737915,-0.1427762461245834,0.2320883870124817,0.142886221408844,-0.15335632389195553,0.13527989387512207,-0.12146344780921936,-0.10775763069995037,0.2280747890472412,-0.03603720664978027,-0.13709067826874843,0.2772376537322998,0.02005159854888916,-0.15103278582699886,0.3191429376602173,0.059649258852005005,-0.15812868898518673,0.15326035022735596,-0.12813837826251984,-0.06494244461663357,0.22628426551818848,-0.02787196636199951,-0.09518645977385631,0.19656670093536377,0.016307562589645386,-0.09729019826062313,0.17211782932281494,0.021757572889328003,-0.09194285696156612,0.16558891534805298,-0.11542445421218872,-0.026425990218001516,0.22626447677612305,-0.022452235221862793,-0.057821704948025854,0.19017571210861206,0.013312309980392456,-0.05705565860279194,0.16666263341903687,0.015390515327453613,-0.046675226593094976,0.17208045721054077,-0.09179273247718811,0.006299573520493595,0.21787017583847046,-0.02024257183074951,-0.016957553976851614,0.20524591207504272,0.014509379863739014,-0.019447618106084974,0.191936194896698,0.02237987518310547,-0.012618172855752618
Q,0.0,0.0,0.0,0.029534220695495605,0.025670289993286133,-0.08324584968517001,0.0997266173362732,0.046290427446365356,-0.11745313413570102,0.1738174557685852,0.09781187772750854,-0.13231298931071933,0.2266494631767273,0.14921647310256958,-0.1425444544119614,0.13958972692489624,-0.11737564206123352,-0.09524297572801288,0.22566765546798706,-0.03382024168968201,-0.12483459569642719,0.2728445529937744,0.022028982639312744,-0.14068559415767368,0.3131487965583801,0.06060612201690674,-0.14890827842185672,0.1591394543647766,-0.12450079619884491,-0.055179434345461686,0.22227710485458374,-0.02197706699371338,-0.08726889498660739,0.1883472204208374,0.01801300048828125,-0.09202653028199848,0.15953487157821655,0.017450928688049316,-0.08759406067559894,0.1714668869972229,-0.11228424310684204,-0.019214477838374933,0.22277873754501343,-0.016925543546676636,-0.05237071819732364,0.18312162160873413,0.017685025930404663,-0.05242521919439014,0.15551447868347168,0.017523229122161865,-0.04133941836784061,0.1766069531440735,-0.0896436870098114,0.011524071468613784,0.21668589115142822,-0.01595720648765564,-0.011662354209818204,0.19902747869491577,0.01583227515220642,-0.013748029695250352,0.18109315633773804,0.01928877830505371,-0.0059368284245806535
Q,0.0,0.0,0.0,0.028195321559906006,0.02261251211166382,-0.08119361224049726,0.09937721490859985,0.04772886633872986,-0.11338541778201261,0.17082852125167847,0.10499262809753418,-0.1267121446358601,0.22018927335739136,0.15811872482299805,-0.13619330646866956,0.1463300585746765,-0.11209163069725037,-0.08872812362784543,0.22977489233016968,-0.02282443642616272,-0.11776988329762617,0.27614909410476685,0.03387710452079773,-0.13421981158131757,0.3139902353286743,0.07755476236343384,-0.14319972815388837,0.1653064489364624,-0.11623668670654297,-0.05129026743048826,0.23745131492614746,-0.01619178056716919,-0.07929523410672346,0.23407435417175293,0.03925853967666626,-0.08572550984496274,0.23068559169769287,0.06536829471588135,-0.08504495146149793,0.17516499757766724,-0.10120910406112671,-0.018609165497366575,0.23006737232208252,-0.005902677774429321,-0.05052785696858564,0.2043253779411316,0.034413278102874756,-0.05481436970109144,0.18815165758132935,0.04754233360290527,-0.04839794459218183,0.17843008041381836,-0.07402348518371582,0.008675654135402056,0.22015881538391113,-0.0003459155559539795,-0.01688275421435037,0.2118658423423767,0.03883358836174011,-0.023086238004509596,0.20307493209838867,0.053706735372543335,-0.019210466467086462
Q,0.0,0.0,0.0,0.023946642875671387,0.03326648473739624,-0.0690145371155495,0.08837997913360596,0.075015127658844,-0.10120423414275592,0.14960485696792603,0.14089229702949524,-0.1172504676179642,0.1883000135421753,0.20523783564567566,-0.1311034960345978,0.1539909839630127,-0.06518200039863586,-0.0901753483013863,0.2230823040008545,0.04269483685493469,-0.11938894816205448,0.26585763692855835,0.10675081610679626,-0.13868751653001254,0.29838573932647705,0.15655335783958435,-0.15168694682881778,0.17919307947158813,-0.07755175232887268,-0.06249698155090755,0.2331937551498413,0.03541645407676697,-0.08762415774629062,0.2535437345504761,0.09993600845336914,-0.09751301534936374,0.2693648338317871,0.1435404121875763,-0.10352487393186038,0.18908041715621948,-0.06676366925239563,-0.03766158499286121,0.22979235649108887,0.04279375076293945,-0.0655883503751511,0.21918368339538574,0.08739662170410156,-0.07315771557853168,0.2125873565673828,0.1127822995185852,-0.07336684592530673,0.18946820497512817,-0.03789311647415161,-0.01778296284840053,0.21765238046646118,0.046551644802093506,-0.04510057248637622,0.21059244871139526,0.08792176842689514,-0.05434080861971324,0.20425724983215332,0.11031404137611389,-0.05477740891740268
Q,0.0,0.0,0.0,0.023522615432739258,0.03421100974082947,-0.06871638530964219,0.0876314640045166,0.07843634486198425,-0.09766128743166291,0.14936238527297974,0.14404422044754028,-0.1093098380612787,0.18287056684494019,0.20604202151298523,-0.11663242513412797,0.14961373805999756,-0.071011483669281,-0.08983061546558702,0.21847057342529297,0.041927218437194824,-0.11900772238249147,0.2532637119293213,0.10737422108650208,-0.13378240252012574,0.2857058048248291,0.1543014943599701,-0.1430022277879175,0.17520713806152344,-0.07837668061256409,-0.05902725914592111,0.20991027355194092,0.05061355233192444,-0.08843667889112794,0.1718924641609192,0.08391505479812622,-0.0904783093380388,0.15058404207229614,0.08015555143356323,-0.08713631415838563,0.18730974197387695,-0.06649678945541382,-0.031213247125094767,0.2103736400604248,0.05309370160102844,-0.06124418312782609,0.16558903455734253,0.07095059752464294,-0.05762627804750764,0.14121121168136597,0.05786675214767456,-0.04726679334515893,0.1885828971862793,-0.04216325283050537,-0.00797083685273492,0.20682573318481445,0.04804426431655884,-0.03160476023430192,0.18150806427001953,0.07015496492385864,-0.03340255925530755,0.1641138195991516,0.06378024816513062,-0.02714485945278966
Q,0.0,0.0,0.0,0.013871431350708008,0.038804978132247925,-0.07099044949620748,0.0746888518333435,0.08883926272392273,-0.10841227204412007,0.13504278659820557,0.15818586945533752,-0.12907323122828984,0.16886025667190552,0.22508758306503296,-0.1472465384086945,0.13591641187667847,-0.05503439903259277,-0.10314096392005467,0.20583301782608032,0.056726425886154175,-0.13768184066623235,0.24908602237701416,0.12365448474884033,-0.1576678443035462,0.28069281578063965,0.17586982250213623,-0.1701710957369187,0.1621376872062683,-0.06765270233154297,-0.07686674476474309,0.22448426485061646,0.05968019366264343,-0.10656591386407399,0.24990040063858032,0.1267462968826294,-0.1149885121068337,0.2729409337043762,0.1735287308692932,-0.11969406784385228,0.17583078145980835,-0.05847391486167908,-0.05336615324824834,0.22749227285385132,0.060056090354919434,-0.08092510581820989,0.23611825704574585,0.11054331064224243,-0.08598673970311665,0.24647122621536255,0.14589911699295044,-0.08677796901076817,0.17927926778793335,-0.03414338827133179,-0.035034375943837404,0.21150916814804077,0.0605090856552124,-0.058498005129990815,0.2133711576461792,0.10696479678153992,-0.0646177965483048,0.2177932858467102,0.13835439085960388,-0.06494363278955007
Q,0.0,0.0,0.0,0.023340284824371338,0.044456034898757935,-0.06401542986517939,0.08252674341201782,0.09365150332450867,-0.09393345976954492,0.1380484700202942,0.1609942615032196,-0.1082743745554069,0.1691892147064209,0.22399955987930298,-0.1184715967882255,0.14648783206939697,-0.05122500658035278,-0.08721663470154795,0.21416878700256348,0.055500954389572144,-0.11472188348656687,0.24477481842041016,0.11767187714576721,-0.12825884337311777,0.27373582124710083,0.1607862412929535,-0.13681200559025797,0.17010778188705444,-0.06730407476425171,-0.05981428215986284,0.20982325077056885,0.05771899223327637,-0.08819925452357325,0.17191427946090698,0.08660686016082764,-0.08895472849494013,0.1491844654083252,0.07827353477478027,-0.08484063709860834,0.1818152666091919,-0.06301721930503845,-0.03477766777163538,0.2118932008743286,0.053866684436798096,-0.061235178660211886,0.17042744159698486,0.07185330986976624,-0.054649826537428225,0.14747357368469238,0.059703558683395386,-0.04359094838386568,0.18345731496810913,-0.04537266492843628,-0.014222601826844539,0.20544981956481934,0.042935073375701904,-0.03317961509114298,0.18074727058410645,0.06419771909713745,-0.03126773278003725,0.16440355777740479,0.05792310833930969,-0.02367784308975729
Q,0.0,0.0,0.0,0.016772449016571045,0.028638124465942383,-0.07378090971229767,0.07589185237884521,0.07313460111618042,-0.11099501007316803,0.13509613275527954,0.14769244194030762,-0.13114921801803803,0.16905826330184937,0.21559202671051025,-0.14795787685631012,0.14830881357192993,-0.0690126121044159,-0.09969659947870468,0.21191668510437012,0.04780951142311096,-0.13212473743675446,0.24514073133468628,0.11573028564453125,-0.1485818331789801,0.27304619550704956,0.1667112112045288,-0.1582702105593512,0.17009395360946655,-0.0701172947883606,-0.0692923297834227,0.21364784240722656,0.061213791370391846,-0.09971540474413132,0.18732142448425293,0.10197454690933228,-0.10095737182615494,0.17184925079345703,0.1093808114528656,-0.09748291277406906,0.17934882640838623,-0.05283719301223755,-0.04227746331213211,0.2082958221435547,0.0688306987285614,-0.07166522049425339,0.1673969030380249,0.08532240986824036,-0.06601595186708664,0.1454504132270813,0.0772213339805603,-0.05510374211786484,0.18001049757003784,-0.0237199068069458,-0.02045635932205414,0.20215541124343872,0.06624823808670044,-0.04062986054537987,0.17862290143966675,0.0874447226524353,-0.03907092713831162,0.16414964199066162,0.08532333374023438,-0.03180281871078705
Q,0.0,0.0,0.0,0.015142261981964111,0.03991541266441345,-0.07581222164969859,0.0707501769065857,0.09471526741981506,-0.1180378656421226,0.1265273094177246,0.1662212610244751,-0.14204540211301264,0.1575082540512085,0.2330615520477295,-0.16338657695393977,0.13418644666671753,-0.045505374670028687,-0.1202455322776359,0.20100617408752441,0.06606647372245789,-0.15975766736607966,0.23972254991531372,0.13386180996894836,-0.18023180324178156,0.26786935329437256,0.1865837574005127,-0.1921495582495254,0.15876531600952148,-0.055612653493881226,-0.09173408258300242,0.21676188707351685,0.07824268937110901,-0.12440533298592982,0.2163742184638977,0.1401505172252655,-0.12724337834458765,0.21782928705215454,0.1685686707496643,-0.12752246219258723,0.17151659727096558,-0.04527169466018677,-0.06570728230815348,0.20963597297668457,0.07882276177406311,-0.09613416451554713,0.1818305253982544,0.10897493362426758,-0.09065658706765589,0.16623318195343018,0.11257708072662354,-0.08261744040589747,0.174089252948761,-0.021774232387542725,-0.04522202271562037,0.20184272527694702,0.0724625289440155,-0.06800750005584177,0.18503987789154053,0.1061851978302002,-0.06656793612580714,0.1735020875930786,0.11691182851791382,-0.06079490590434489
Q,0.0,0.0,0.0,0.015462636947631836,0.036586105823516846,-0.07053952167188982,0.07261669635772705,0.08556777238845825,-0.10802474866068223,0.13090378046035767,0.1581951379776001,-0.12988597402727464,0.1630573272705078,0.22492575645446777,-0.1481680149809108,0.144456684589386,-0.05637103319168091,-0.09603688368952135,0.20930522680282593,0.05962604284286499,-0.12894283483183244,0.2420673370361328,0.12446644902229309,-0.1437117184177623,0.2687971591949463,0.17200690507888794,-0.15242994079744676,0.1667042374610901,-0.06473785638809204,-0.069224896527885,0.21860390901565552,0.06868323683738708,-0.10120527694380144,0.19604164361953735,0.116038978099823,-0.10083533326542238,0.18623489141464233,0.1282481849193573,-0.09617788592731813,0.1779956817626953,-0.05307683348655701,-0.04591606805479387,0.21398329734802246,0.07257461547851562,-0.07612265149509767,0.17646563053131104,0.09537479281425476,-0.06709358344232896,0.15768837928771973,0.09214916825294495,-0.0546445014551864,0.18045055866241455,-0.02855202555656433,-0.027966362111328635,0.20435982942581177,0.06546881794929504,-0.04983733842527727,0.18195825815200806,0.09334886074066162,-0.0475535231307731,0.17010104656219482,0.09702256321907043,-0.04008001709735254
Q,0.0,0.0,0.0,0.013749361038208008,0.03604763746261597,-0.0743879084444643,0.07031643390655518,0.08496326208114624,-0.10961429821020374,0.1297418475151062,0.15436285734176636,-0.1265037138915659,0.16530859470367432,0.21808654069900513,-0.13906126515632877,0.1403302550315857,-0.05799144506454468,-0.10117903398042927,0.20435917377471924,0.0557059645652771,-0.13481868104702244,0.24048233032226562,0.1229047179222107,-0.15169487194782505,0.2714017629623413,0.17192578315734863,-0.16192341642147312,0.16915327310562134,-0.06413105130195618,-0.0700101037479044,0.21061652898788452,0.06102713942527771,-0.10028076963192234,0.18227195739746094,0.10440850257873535,-0.10022262530094395,0.1657223105430603,0.11150974035263062,-0.09640786843067417,0.1832783818244934,-0.05274605751037598,-0.04246198804742107,0.20930171012878418,0.06429621577262878,-0.07396548287636051,0.16803979873657227,0.08690118789672852,-0.06753762112623463,0.1456626057624817,0.07883626222610474,-0.05622966633802662,0.186720073223114,-0.029373764991760254,-0.020080462560713386,0.20538198947906494,0.06002667546272278,-0.04464492620593319,0.18002426624298096,0.08517637848854065,-0.044253536031305885,0.16360193490982056,0.08125180006027222,-0.03728735120660076
Q,0.0,0.0,0.0,0.01137399673461914,0.03453713655471802,-0.0753296460003412,0.06783580780029297,0.08221244812011719,-0.11415708018250825,0.12509852647781372,0.15401214361190796,-0.13552004797168138,0.16038399934768677,0.21956640481948853,-0.15394321782298448,0.14130067825317383,-0.05557551980018616,-0.10523447347588899,0.20451879501342773,0.05697175860404968,-0.13812737865157487,0.23907113075256348,0.12387740612030029,-0.15537907881446245,0.2642296552658081,0.1766044795513153,-0.16557653946586015,0.16310620307922363,-0.06177687644958496,-0.07550422055430772,0.21894502639770508,0.0584503710269928,-0.10410396707959535,0.22551995515823364,0.11935123801231384,-0.1068068142027414,0.23109841346740723,0.1563909947872162,-0.10643023205705049,0.17302840948104858,-0.05043858289718628,-0.04915164736814859,0.21124118566513062,0.06589370965957642,-0.07774315727658632,0.1846107840538025,0.09996643662452698,-0.07372108800120714,0.1679973006248474,0.11341744661331177,-0.06564570916600587,0.1747639775276184,-0.0255812406539917,-0.02836970006831052,0.2017364501953125,0.061091601848602295,-0.05136297968931558,0.18564212322235107,0.09461316466331482,-0.05185319809027078,0.17435729503631592,0.10851770639419556,-0.04663452086754205
Q,0.0,0.0,0.0,0.015249490737915039,0.036985427141189575,-0.0846409798942318,0.07275807857513428,0.08255290985107422,-0.1231159122071972,0.13146978616714478,0.1530425250530243,-0.14080854518039132,0.16615939140319824,0.22026783227920532,-0.15339536232573892,0.14570343494415283,-0.05735480785369873,-0.11122947944028283,0.2121862769126892,0.05290752649307251,-0.146356262394022,0.24508601427078247,0.1217043399810791,-0.16286856693847085,0.275462806224823,0.17205578088760376,-0.17217659217936898,0.17026525735855103,-0.06491252779960632,-0.07436132443768884,0.20998793840408325,0.07094219326972961,-0.10929293943269158,0.17055469751358032,0.10424929857254028,-0.10935851199252511,0.14903146028518677,0.0976915955543518,-0.10333361489398385,0.1825616955757141,-0.05471956729888916,-0.04175212619526292,0.20912420749664307,0.07135814428329468,-0.07706080389840508,0.16153597831726074,0.08719789981842041,-0.07183684421403314,0.13858002424240112,0.07148781418800354,-0.05941770611030961,0.18462026119232178,-0.031820476055145264,-0.014857878104578504,0.20291751623153687,0.06418624520301819,-0.04050416139585877,0.17408263683319092,0.08468884229660034,-0.040854234375785836,0.15679925680160522,0.07563796639442444,-0.03346379486544038
