label,x0,y0,z0,x1,y1,z1,x2,y2,z2,x3,y3,z3,x4,y4,z4,x5,y5,z5,x6,y6,z6,x7,y7,z7,x8,y8,z8,x9,y9,z9,x10,y10,z10,x11,y11,z11,x12,y12,z12,x13,y13,z13,x14,y14,z14,x15,y15,z15,x16,y16,z16,x17,y17,z17,x18,y18,z18,x19,y19,z19,x20,y20,z20
R,0.0,0.0,0.0,-0.05322268605232239,-0.06979399919509888,-0.03839024092820864,-0.07043027877807617,-0.16750472784042358,-0.05773787509468775,-0.03032863140106201,-0.2525250017642975,-0.07780294801858645,0.01715540885925293,-0.3102838397026062,-0.09418997850087862,-0.060991764068603516,-0.30457907915115356,-0.013227203225767425,-0.0436042845249176,-0.41168761253356934,-0.04459690611628275,-0.02121788263320923,-0.4839378595352173,-0.06942263182071429,0.003453552722930908,-0.5441254079341888,-0.0860624232497571,-0.014670193195343018,-0.3006465435028076,-0.016581517940437607,-0.02636188268661499,-0.4295913875102997,-0.050034965684687904,-0.03128868341445923,-0.5076203495264053,-0.07378581102756243,-0.028075754642486572,-0.5766543745994568,-0.08691907610563021,0.03042536973953247,-0.26627489924430847,-0.02640601184037905,0.0464438796043396,-0.3373733162879944,-0.07360386039880495,0.026826083660125732,-0.27063220739364624,-0.07965308364299517,0.01112520694732666,-0.21791595220565796,-0.07055509771970492,0.07159996032714844,-0.21172285079956055,-0.03991019289759379,0.07732230424880981,-0.26737916469573975,-0.0749881782737134,0.05300861597061157,-0.2272619605064392,-0.07366559590963107,0.031534433364868164,-0.19038712978363037,-0.0643443458881734
R,0.0,0.0,0.0,-0.05461129546165466,-0.07189661264419556,-0.04068894967997494,-0.07020780444145203,-0.1741287112236023,-0.059571518605594065,-0.02751314640045166,-0.2594945430755615,-0.0785916252490324,0.02272951602935791,-0.3167543411254883,-0.09387743756735745,-0.06379896402359009,-0.30805113911628723,-0.013069926803950693,-0.04880210757255554,-0.4209962487220764,-0.041372506922130015,-0.029899299144744873,-0.49766169488430023,-0.0637700064536375,-0.00830143690109253,-0.5612096190452576,-0.07947433278525295,-0.016513586044311523,-0.3023502826690674,-0.014281697614137556,-0.026603996753692627,-0.4275810122489929,-0.04566251025164547,-0.02872258424758911,-0.5010988712310791,-0.06850348696673336,-0.02317577600479126,-0.5646705031394958,-0.0812876103874487,0.02937614917755127,-0.2661217749118805,-0.02209773570859852,0.04659223556518555,-0.33563435077667236,-0.06738751665318432,0.026109933853149414,-0.2697518765926361,-0.07386920884812298,0.009361326694488525,-0.21932542324066162,-0.06563709959948483,0.07105571031570435,-0.21116149425506592,-0.03374554873073521,0.07736456394195557,-0.2670266330242157,-0.06835308209622326,0.05395007133483887,-0.22784388065338135,-0.06821777955258312,0.032760560512542725,-0.19271105527877808,-0.059999051546697046
R,0.0,0.0,0.0,-0.05383646488189697,-0.07180279493331909,-0.041069016542905956,-0.06858155131340027,-0.17426025867462158,-0.060534366157526165,-0.025450527667999268,-0.26065388321876526,-0.08027113669800201,0.02445852756500244,-0.31903791427612305,-0.0963040261833612,-0.06236368417739868,-0.3064422309398651,-0.01293488753276506,-0.046997904777526855,-0.41874152421951294,-0.042428769853586346,-0.02575737237930298,-0.4949006289243698,-0.06611655348228851,-0.001939535140991211,-0.5581450760364532,-0.08256363564419189,-0.015062868595123291,-0.3009962737560272,-0.014148159634942203,-0.026624441146850586,-0.42523932456970215,-0.04672864520239273,-0.029722750186920166,-0.5000203251838684,-0.07091699236320892,-0.024827122688293457,-0.5664002001285553,-0.08472878181623855,0.030502259731292725,-0.26528701186180115,-0.022043945950144916,0.04862844944000244,-0.3391907215118408,-0.06836629354643264,0.027570366859436035,-0.2716597020626068,-0.07538067245172897,0.009940266609191895,-0.21877539157867432,-0.06734749370502868,0.07227563858032227,-0.21045523881912231,-0.033836473461860805,0.07998090982437134,-0.2688315510749817,-0.06922154569315353,0.05542713403701782,-0.2297002673149109,-0.06960248642849365,0.03228551149368286,-0.19285011291503906,-0.06162023985075393
R,0.0,0.0,0.0,-0.05171102285385132,-0.07224130630493164,-0.04166526253044367,-0.06618893146514893,-0.17215639352798462,-0.06252833361446619,-0.02495133876800537,-0.257700651884079,-0.0835457360249734,0.024532794952392578,-0.31631720066070557,-0.10053004230081797,-0.06283700466156006,-0.30518287420272827,-0.01557688786357403,-0.046615391969680786,-0.42301663756370544,-0.04595624561130762,-0.0255659818649292,-0.501366138458252,-0.0686589619022584,-0.002794504165649414,-0.5650991201400757,-0.08355460966646433,-0.01525658369064331,-0.29691335558891296,-0.016405750985143186,-0.024761617183685303,-0.42463400959968567,-0.05041493381082773,-0.0284387469291687,-0.5001515448093414,-0.07326859886467219,-0.025052309036254883,-0.5657030642032623,-0.08504444266378641,0.031366586685180664,-0.26073306798934937,-0.023889540682432653,0.049750447273254395,-0.333080530166626,-0.070907085190413,0.027614474296569824,-0.2650940716266632,-0.07645672465383768,0.008912861347198486,-0.2135709524154663,-0.06658962274610758,0.07381856441497803,-0.2065737247467041,-0.03526759798347712,0.08109778165817261,-0.2645607888698578,-0.06947085166990519,0.054821133613586426,-0.2248207926750183,-0.06809226329147577,0.02964949607849121,-0.18943697214126587,-0.05852569172799349
R,0.0,0.0,0.0,-0.05338433384895325,-0.07011270523071289,-0.042208345883636866,-0.06989350914955139,-0.16898685693740845,-0.06200470989301721,-0.029653608798980713,-0.25688380002975464,-0.08146231090381661,0.01968514919281006,-0.31669729948043823,-0.09681116258457223,-0.06390529870986938,-0.3023104965686798,-0.013268795141129885,-0.04695922136306763,-0.41343194246292114,-0.04273905819013635,-0.02368980646133423,-0.48742321133613586,-0.06584978317573587,0.0012030601501464844,-0.5483384430408478,-0.08105265563085595,-0.017185747623443604,-0.29735350608825684,-0.013265740403085147,-0.028708457946777344,-0.42769256234169006,-0.04387035807326356,-0.033171653747558594,-0.5059208869934082,-0.06566792195394555,-0.030063867568969727,-0.5739361643791199,-0.07749974941566506,0.02804464101791382,-0.26276734471321106,-0.020362993979006205,0.04559606313705444,-0.3365885019302368,-0.06550813680246392,0.025397419929504395,-0.2701333165168762,-0.07247011577442208,0.007918477058410645,-0.21788275241851807,-0.06401383345678369,0.06998437643051147,-0.20966452360153198,-0.031419685387163554,0.07725977897644043,-0.2663012742996216,-0.06523988609865228,0.0521511435508728,-0.22824892401695251,-0.06544080590560952,0.02743816375732422,-0.19311362504959106,-0.05736275976255456
R,0.0,0.0,0.0,-0.05228888988494873,-0.07155364751815796,-0.04059685847613537,-0.06723704934120178,-0.17108666896820068,-0.060265877161953085,-0.02743387222290039,-0.25829097628593445,-0.08027753314826214,0.021476328372955322,-0.3161381185054779,-0.09648552617881023,-0.062181711196899414,-0.30411145091056824,-0.012373817031118506,-0.04625558853149414,-0.4148421883583069,-0.04232824674699032,-0.024938642978668213,-0.48886634409427643,-0.06598036072108471,-0.0011868476867675781,-0.5499033331871033,-0.08175792625996792,-0.0156174898147583,-0.29823535680770874,-0.013699659024211996,-0.02796041965484619,-0.42699486017227173,-0.046044711832735175,-0.03260374069213867,-0.5041826814413071,-0.06977032950970852,-0.02899879217147827,-0.5716464519500732,-0.082865060184929,0.02977299690246582,-0.26290223002433777,-0.021795497153732413,0.04628634452819824,-0.33603763580322266,-0.06832669011208736,0.026753544807434082,-0.27199000120162964,-0.07653629115674221,0.010800480842590332,-0.22008907794952393,-0.06883828422877514,0.07161283493041992,-0.20897197723388672,-0.03359968296143734,0.07815319299697876,-0.2671395540237427,-0.06799072853181087,0.053574204444885254,-0.23074066638946533,-0.06833518377396786,0.03047621250152588,-0.19515448808670044,-0.06031849316212856
R,0.0,0.0,0.0,-0.05429941415786743,-0.07245242595672607,-0.03893376531834747,-0.07008814811706543,-0.1726083755493164,-0.05783416720862533,-0.02797830104827881,-0.25917595624923706,-0.07723821717138435,0.02310025691986084,-0.3169865906238556,-0.09294758754606391,-0.06338071823120117,-0.3028879165649414,-0.010709293361855998,-0.045229166746139526,-0.4075322449207306,-0.041557967838002696,-0.020789682865142822,-0.47996821999549866,-0.06651561724777366,0.005737483501434326,-0.5404208302497864,-0.08317466097707893,-0.016512930393218994,-0.2993796169757843,-0.01284703350449945,-0.02877098321914673,-0.42639243602752686,-0.04476942139501716,-0.03405839204788208,-0.5030901283025742,-0.06767018901939537,-0.030771851539611816,-0.5721542239189148,-0.08034641313190605,0.028717756271362305,-0.26515254378318787,-0.02178445848460342,0.04581093788146973,-0.33729472756385803,-0.067587755795671,0.024629175662994385,-0.2702120840549469,-0.07347558456297065,0.0074043869972229,-0.21811026334762573,-0.06441909837360527,0.06997537612915039,-0.21083426475524902,-0.034496709879590526,0.07757574319839478,-0.2673012614250183,-0.06790003943081047,0.05184847116470337,-0.2291673719882965,-0.06636283564205314,0.02814006805419922,-0.19442015886306763,-0.05717150511975433
R,0.0,0.0,0.0,-0.053842902183532715,-0.07269591093063354,-0.03845891518528788,-0.06897085905075073,-0.17363512516021729,-0.056813766937807486,-0.027605891227722168,-0.25989991426467896,-0.07587402848537295,0.02136915922164917,-0.3172052502632141,-0.09125587133701174,-0.0639384388923645,-0.30497637391090393,-0.01007202895368664,-0.046425461769104004,-0.4119786024093628,-0.040495244544104025,-0.023714005947113037,-0.48426251113414764,-0.06493299989040224,0.0011447668075561523,-0.5438367426395416,-0.08122978148992388,-0.016761362552642822,-0.3000974655151367,-0.012710386645153449,-0.028563737869262695,-0.42837005853652954,-0.045081967245891974,-0.03319746255874634,-0.5053372085094452,-0.06841755447919695,-0.029429137706756592,-0.5738593339920044,-0.08118795393045275,0.028912901878356934,-0.2647954821586609,-0.022080037500813887,0.04543668031692505,-0.3363935053348541,-0.06845394311483233,0.02491748332977295,-0.2699304223060608,-0.07449167011316149,0.008511602878570557,-0.21852052211761475,-0.06535482196147768,0.07058727741241455,-0.210260808467865,-0.035132942479208396,0.07748866081237793,-0.26857268810272217,-0.06927491514022677,0.05191558599472046,-0.22947394847869873,-0.0675898247772011,0.02873009443283081,-0.19396138191223145,-0.058090807627991126
R,0.0,0.0,0.0,-0.05402442812919617,-0.072235107421875,-0.03799288084138652,-0.07042855024337769,-0.1729854941368103,-0.0565883081160905,-0.02976977825164795,-0.26069018244743347,-0.0761067244910123,0.02105271816253662,-0.31823092699050903,-0.0919085342191579,-0.0628950297832489,-0.30603381991386414,-0.009745366101753916,-0.04660925269126892,-0.41784942150115967,-0.038879432877195086,-0.02453148365020752,-0.4924340397119522,-0.06193286289800426,1.5079975128173828e-05,-0.5543856024742126,-0.07743119930256626,-0.016318142414093018,-0.300808846950531,-0.012162947257650103,-0.027470707893371582,-0.4281648099422455,-0.043965452512395586,-0.03290760517120361,-0.5050617903470993,-0.06647300456990024,-0.030077368021011353,-0.5721403360366821,-0.07863840942610523,0.029002606868743896,-0.26651325821876526,-0.02122931477953216,0.04580271244049072,-0.3398377597332001,-0.06655422334898731,0.024124085903167725,-0.2732418179512024,-0.07219047581185123,0.006633877754211426,-0.22083669900894165,-0.06298614775170108,0.07071924209594727,-0.21332389116287231,-0.03399661292661449,0.0772961974143982,-0.27133908867836,-0.06696049605835697,0.051705002784729004,-0.23164740204811096,-0.06525966261853,0.028432726860046387,-0.19530367851257324,-0.05592326556671878
R,0.0,0.0,0.0,-0.05469405651092529,-0.07166147232055664,-0.040423838610763596,-0.07227611541748047,-0.17173218727111816,-0.0597598647726727,-0.033377259969711304,-0.2606249153614044,-0.07945980336796765,0.017225980758666992,-0.31976139545440674,-0.09519469943177228,-0.06648814678192139,-0.30474910140037537,-0.010680822844619797,-0.050610482692718506,-0.4178052842617035,-0.03956555035244946,-0.02882915735244751,-0.49251164495944977,-0.06225974317919736,-0.004987657070159912,-0.5539214909076691,-0.07744658198487286,-0.019539594650268555,-0.29980459809303284,-0.011796345192010449,-0.031932532787323,-0.4295332431793213,-0.04320192169677739,-0.03637582063674927,-0.5079150646924973,-0.0658183192862225,-0.03315165638923645,-0.575396329164505,-0.07805070486199384,0.026203155517578125,-0.26579034328460693,-0.019910847957248734,0.04265105724334717,-0.3405975103378296,-0.066119382346983,0.022344648838043213,-0.2743387818336487,-0.07378455456625943,0.004748344421386719,-0.2214810848236084,-0.06558335777651791,0.06882941722869873,-0.21401184797286987,-0.03175042402278905,0.07416194677352905,-0.27222299575805664,-0.06633218582999234,0.049824297428131104,-0.2328052520751953,-0.06673719939124112,0.02658712863922119,-0.19597309827804565,-0.058650030012245224
R,0.0,0.0,0.0,-0.05323147773742676,-0.07241660356521606,-0.04029504813229323,-0.06918367743492126,-0.17166155576705933,-0.060104435756556995,-0.03159472346305847,-0.2590000629425049,-0.0804317989197898,0.015941619873046875,-0.3186236023902893,-0.09698162458812476,-0.06506243348121643,-0.3050752878189087,-0.012037441581242092,-0.04943838715553284,-0.4159508943557739,-0.041942866965882786,-0.02792459726333618,-0.4887114018201828,-0.06588132910405875,-0.0037598013877868652,-0.5489653646945953,-0.08191033683692694,-0.018018126487731934,-0.2989644408226013,-0.013707775138072975,-0.030579566955566406,-0.42810606956481934,-0.045755120441071995,-0.03569254279136658,-0.5058376044034958,-0.06966628365194083,-0.03236103057861328,-0.5739979147911072,-0.08325824372445823,0.027624189853668213,-0.2639293372631073,-0.022213357016198643,0.04475903511047363,-0.34020909667015076,-0.0689099454132247,0.02401912212371826,-0.2740066349506378,-0.07733989737903357,0.006502389907836914,-0.2201164960861206,-0.06999860934888602,0.06958913803100586,-0.21064430475234985,-0.03437783800040961,0.0765383243560791,-0.271151065826416,-0.0691613801566291,0.05082660913467407,-0.2330993115901947,-0.06967128299152137,0.02611565589904785,-0.19561553001403809,-0.06193019308125258
R,0.0,0.0,0.0,-0.05470570921897888,-0.07193547487258911,-0.040071943637826735,-0.07169780135154724,-0.17237502336502075,-0.05945446514795094,-0.0332508385181427,-0.260737806558609,-0.07929738783548146,0.015338003635406494,-0.32004237174987793,-0.09521820568750172,-0.06580677628517151,-0.30577728152275085,-0.011959838543930346,-0.049965739250183105,-0.41781920194625854,-0.04206961565921574,-0.028261542320251465,-0.4923253804445267,-0.0658990981550005,-0.004320085048675537,-0.5539899468421936,-0.08169333809325963,-0.018739819526672363,-0.3006117641925812,-0.013572944191196257,-0.03131702542304993,-0.43185240030288696,-0.04561093622157841,-0.036408066749572754,-0.5107187628746033,-0.06851316415975361,-0.033160895109176636,-0.5799619257450104,-0.08093426549146443,0.026638925075531006,-0.26602646708488464,-0.022008906912901693,0.043997108936309814,-0.34252265095710754,-0.06847721510837346,0.02232980728149414,-0.2721584439277649,-0.07446773522804051,0.004090785980224609,-0.2160935401916504,-0.06487152152965336,0.06841403245925903,-0.2126830816268921,-0.03425179966995984,0.07524770498275757,-0.2719007432460785,-0.06876658820817738,0.049913763999938965,-0.23244357109069824,-0.0678464191527155,0.025468945503234863,-0.1949041485786438,-0.058593766626813704
R,0.0,0.0,0.0,-0.05492791533470154,-0.0718531608581543,-0.03685821750610785,-0.0730137825012207,-0.17173165082931519,-0.055716106383499664,-0.032751232385635376,-0.25867021083831787,-0.07576640853136496,0.017283380031585693,-0.3153286874294281,-0.09226767876594977,-0.06564795970916748,-0.3044608533382416,-0.011951056955751937,-0.05203527212142944,-0.41968291997909546,-0.0415074245020719,-0.03254172205924988,-0.49711112678050995,-0.06435460755079703,-0.01008695363998413,-0.5613832771778107,-0.07981417485922293,-0.018779993057250977,-0.2996281385421753,-0.01527971745878176,-0.03200545907020569,-0.4284256100654602,-0.047809121845659774,-0.035674989223480225,-0.503034919500351,-0.07033340045660452,-0.031122326850891113,-0.5669963657855988,-0.08233975776880698,0.02732717990875244,-0.26562026143074036,-0.02478335396796183,0.04314303398132324,-0.3386172950267792,-0.07014915504902319,0.023089945316314697,-0.270077645778656,-0.07485810825079398,0.006521880626678467,-0.21644538640975952,-0.06501288869827704,0.06991171836853027,-0.21245193481445312,-0.037899048714336914,0.07492750883102417,-0.2694993317127228,-0.0708888337895246,0.05065023899078369,-0.2293516993522644,-0.06860882946699576,0.02810537815093994,-0.19257640838623047,-0.05878470623343901
R,0.0,0.0,0.0,-0.05588075518608093,-0.07191455364227295,-0.037616371146839356,-0.07274806499481201,-0.17463362216949463,-0.05538133808175871,-0.032639652490615845,-0.2625211477279663,-0.07408805840412924,0.016674697399139404,-0.3199041783809662,-0.0891926577011759,-0.06761619448661804,-0.30745187401771545,-0.009608312479656433,-0.05276578664779663,-0.4208657145500183,-0.03816305749813864,-0.033529460430145264,-0.49704931676387787,-0.06063439228336165,-0.011516392230987549,-0.5604362487792969,-0.07593560867707083,-0.020477235317230225,-0.30249419808387756,-0.012431896261375641,-0.032600075006484985,-0.43122321367263794,-0.04388433226148436,-0.03688588738441467,-0.5066487342119217,-0.06644966357151816,-0.03276130557060242,-0.5723946690559387,-0.07865195625225851,0.02567589282989502,-0.2683607041835785,-0.021735624379914498,0.041986942291259766,-0.3411385416984558,-0.06691636048952887,0.02075326442718506,-0.27200281620025635,-0.0722433020989115,0.0037169456481933594,-0.21955472230911255,-0.06284470014969656,0.06788092851638794,-0.21598494052886963,-0.034692495099704956,0.07171630859375,-0.27260681986808777,-0.06797887288729498,0.047177016735076904,-0.23105239868164062,-0.06614190243880103,0.025646746158599854,-0.19506621360778809,-0.05665290632049391
R,0.0,0.0,0.0,-0.05420193076133728,-0.07017594575881958,-0.0395356817819561,-0.07198682427406311,-0.17040151357650757,-0.059433299181648636,-0.03340843319892883,-0.25701388716697693,-0.07985732990283623,0.015730679035186768,-0.3154381513595581,-0.09647947090644493,-0.0661199688911438,-0.30579689145088196,-0.014402793785222912,-0.05223146080970764,-0.41965681314468384,-0.04483062687296524,-0.03308683633804321,-0.496505469083786,-0.06799485820312157,-0.010414719581604004,-0.5611497759819031,-0.08353584545631065,-0.019368231296539307,-0.30037474632263184,-0.01678720402497902,-0.031841933727264404,-0.42837661504745483,-0.04959740403074875,-0.036425113677978516,-0.5018153339624405,-0.07139770972509041,-0.03194159269332886,-0.5663096606731415,-0.08283389645595207,0.02667003870010376,-0.2654794454574585,-0.02571707877297058,0.043817222118377686,-0.3366386294364929,-0.07145717280883446,0.022117257118225098,-0.2654837965965271,-0.07489792543429985,0.005221962928771973,-0.21323615312576294,-0.06414145517129555,0.0684431791305542,-0.2116832137107849,-0.0385552375294651,0.07417702674865723,-0.2675586938858032,-0.07145805942792549,0.049153804779052734,-0.22473174333572388,-0.06833762961406364,0.027148425579071045,-0.18916839361190796,-0.05801827373880997
R,0.0,0.0,0.0,-0.05407729744911194,-0.06622469425201416,-0.041252092645720495,-0.07194167375564575,-0.16632264852523804,-0.06163543202097799,-0.03407019376754761,-0.25578415393829346,-0.0821667026739874,0.015395700931549072,-0.31429633498191833,-0.09881506972129728,-0.06673717498779297,-0.3049739897251129,-0.015531921015337957,-0.05214822292327881,-0.4201125204563141,-0.0461540270608225,-0.03264155983924866,-0.4983114153146744,-0.06927349530275251,-0.01045691967010498,-0.5629711747169495,-0.08479769639785673,-0.019527673721313477,-0.29990053176879883,-0.017141095550016416,-0.031191229820251465,-0.4296779930591583,-0.051568393782929434,-0.03555384278297424,-0.5030288249254227,-0.07448966913040067,-0.031983762979507446,-0.5660744607448578,-0.08620489500577833,0.026563525199890137,-0.26541998982429504,-0.025242398680404676,0.04376953840255737,-0.3377161920070648,-0.0730867471557417,0.0219571590423584,-0.2650793492794037,-0.07745653502757932,0.004747986793518066,-0.21073901653289795,-0.06657404564435865,0.06797420978546143,-0.21221041679382324,-0.03720658756907369,0.0716179609298706,-0.2670087516307831,-0.07226926945264722,0.04674166440963745,-0.22313439846038818,-0.0702403869491377,0.0248183012008667,-0.1860642433166504,-0.06006459631140615
R,0.0,0.0,0.0,-0.05461770296096802,-0.06858879327774048,-0.036445998789361056,-0.07179021835327148,-0.16947335004806519,-0.054970828087618884,-0.03161287307739258,-0.25609511137008667,-0.07479926312117868,0.016694188117980957,-0.31370431184768677,-0.09129604065566355,-0.06582796573638916,-0.30514881014823914,-0.013140658119311865,-0.05003392696380615,-0.41969966888427734,-0.0438846659079104,-0.02993720769882202,-0.49653691053390503,-0.06713282430320078,-0.007027328014373779,-0.5602153837680817,-0.08252368980794245,-0.018544256687164307,-0.3001174032688141,-0.017354686947157916,-0.029248148202896118,-0.42983174324035645,-0.050778848321726855,-0.034470319747924805,-0.5051611512899399,-0.0733515706077128,-0.031389057636260986,-0.5695506930351257,-0.08511244619040781,0.02774345874786377,-0.2656697630882263,-0.027694602699568804,0.044411420822143555,-0.33601266145706177,-0.07402064019589716,0.02334296703338623,-0.26540428400039673,-0.0778388541355639,0.007549881935119629,-0.2118133306503296,-0.06711326652913385,0.06916296482086182,-0.2117893099784851,-0.04161564746647173,0.07230556011199951,-0.26740574836730957,-0.07518888378291422,0.047943294048309326,-0.22354578971862793,-0.07186318302302652,0.028301537036895752,-0.18597382307052612,-0.06105969214587503
R,0.0,0.0,0.0,-0.05516546964645386,-0.06862509250640869,-0.037093224419493254,-0.07319015264511108,-0.16881918907165527,-0.05552824441923576,-0.03251570463180542,-0.25647085905075073,-0.07509666536583381,0.016376197338104248,-0.31508809328079224,-0.0909973442985006,-0.06562444567680359,-0.30562251806259155,-0.01279628970308977,-0.04883041977882385,-0.42064058780670166,-0.04347877059711891,-0.027491509914398193,-0.49773451685905457,-0.06692100171579796,-0.0037648677825927734,-0.5611105859279633,-0.08246895526184517,-0.017961084842681885,-0.3015906810760498,-0.016406620336908873,-0.028467237949371338,-0.43361932039260864,-0.049414547575850065,-0.03369849920272827,-0.5108961164951324,-0.0721384421421476,-0.030956745147705078,-0.5758328437805176,-0.08418429498209434,0.028169989585876465,-0.26714277267456055,-0.026279392136473234,0.04494374990463257,-0.3375356197357178,-0.07221344713701683,0.024986088275909424,-0.2693953514099121,-0.07669248287214714,0.009623229503631592,-0.21558916568756104,-0.06649976824058967,0.06973373889923096,-0.21328437328338623,-0.03984612081779915,0.07412147521972656,-0.268880158662796,-0.0736776203347631,0.04935932159423828,-0.22796189785003662,-0.07142720971836525,0.028059720993041992,-0.1908910870552063,-0.06138352532519775
R,0.0,0.0,0.0,-0.05523049831390381,-0.07062995433807373,-0.043421837882476666,-0.07184499502182007,-0.17380011081695557,-0.06282865201063714,-0.02975553274154663,-0.2625202238559723,-0.08187054042645059,0.020384252071380615,-0.32345402240753174,-0.09706836883850656,-0.06790000200271606,-0.30896517634391785,-0.015040602916258194,-0.050392746925354004,-0.42306458950042725,-0.04539699052401147,-0.028176486492156982,-0.49969471991062164,-0.06840616409607492,-0.004677891731262207,-0.5617057383060455,-0.08322834913559518,-0.019274771213531494,-0.3029528558254242,-0.015092685268598416,-0.02926701307296753,-0.4354846179485321,-0.04749039878078065,-0.035142093896865845,-0.51439069211483,-0.06963775251932702,-0.033940911293029785,-0.5794665515422821,-0.08072560225554071,0.027553319931030273,-0.2669483423233032,-0.02225202453263364,0.044028520584106445,-0.3353852331638336,-0.06961154137678705,0.023038864135742188,-0.2664898633956909,-0.07562270705528817,0.006520867347717285,-0.2145959734916687,-0.06550588403769098,0.0691150426864624,-0.21329498291015625,-0.033434405372815945,0.07255196571350098,-0.2687946557998657,-0.06873474215097986,0.04835909605026245,-0.22506064176559448,-0.06737679188080392,0.02754729986190796,-0.18816977739334106,-0.057413111822086194
R,0.0,0.0,0.0,-0.05786532163619995,-0.07047104835510254,-0.03790755780147492,-0.07548469305038452,-0.17530113458633423,-0.056023558841218346,-0.03302928805351257,-0.2643224596977234,-0.07514814870165765,0.019251704216003418,-0.32217222452163696,-0.09078448103474557,-0.0685218870639801,-0.30924785137176514,-0.012848207966555947,-0.05119308829307556,-0.4252334237098694,-0.04329171986984193,-0.028172433376312256,-0.5022037327289581,-0.06624684320496499,-0.004072606563568115,-0.564807265996933,-0.08088415698813378,-0.02011030912399292,-0.30457010865211487,-0.016094671801795357,-0.030836880207061768,-0.4412498474121094,-0.04844487668680131,-0.037270575761795044,-0.5205868482589722,-0.07050526724862038,-0.03626278042793274,-0.5861242413520813,-0.08144195215510308,0.02682971954345703,-0.2697380483150482,-0.025818914414514893,0.041121482849121094,-0.3371083736419678,-0.07222121046589791,0.020901381969451904,-0.2684621512889862,-0.07786420570420205,0.006018698215484619,-0.2161778211593628,-0.06764483289526879,0.06896132230758667,-0.2167988419532776,-0.03917791904615342,0.07180655002593994,-0.2742401659488678,-0.07223617868231713,0.04669004678726196,-0.23237580060958862,-0.06953798817204415,0.026230931282043457,-0.19532370567321777,-0.059049038455952996
R,0.0,0.0,0.0,-0.056532472372055054,-0.06864237785339355,-0.039967488770230375,-0.07530081272125244,-0.17204463481903076,-0.05949724492882069,-0.03489068150520325,-0.262817919254303,-0.07963757244203862,0.015069663524627686,-0.32349270582199097,-0.09615431008194264,-0.06831544637680054,-0.3129080533981323,-0.01561896809641894,-0.05260688066482544,-0.4321615695953369,-0.04656016853903111,-0.03197425603866577,-0.5131191462278366,-0.0698487314328986,-0.009668409824371338,-0.5789841115474701,-0.08532834080313023,-0.019288599491119385,-0.30734434723854065,-0.018227709730012975,-0.02866286039352417,-0.4409087300300598,-0.05365812060688313,-0.03203707933425903,-0.5164005607366562,-0.0774316417918044,-0.028772354125976562,-0.5767612457275391,-0.08939296034429844,0.0278475284576416,-0.2715795934200287,-0.02720713270161923,0.04334992170333862,-0.3410835564136505,-0.07580465105627354,0.022037088871002197,-0.2706683278083801,-0.0817048328862029,0.005922913551330566,-0.21630150079727173,-0.07168606695984181,0.06984156370162964,-0.21783298254013062,-0.039924543623669706,0.07165378332138062,-0.2727867364883423,-0.0754533263788062,0.04622715711593628,-0.23012620210647583,-0.07432379600857075,0.025036931037902832,-0.19341230392456055,-0.06481076804254826
R,0.0,0.0,0.0,-0.057807326316833496,-0.06889986991882324,-0.03873031826276474,-0.07763469219207764,-0.1723605990409851,-0.0578320050384491,-0.0374409556388855,-0.26365846395492554,-0.07804540784616165,0.01394563913345337,-0.32338911294937134,-0.09471753479499512,-0.06888598203659058,-0.31469908356666565,-0.013610725827106762,-0.05239135026931763,-0.43394526839256287,-0.044772135629841614,-0.03173375129699707,-0.5142515301704407,-0.06845112384814911,-0.009643971920013428,-0.5797364711761475,-0.0842921906854599,-0.01978588104248047,-0.30959969758987427,-0.017130517005512047,-0.029464304447174072,-0.4450693130493164,-0.05238282175321274,-0.033528268337249756,-0.5230653882026672,-0.07653461636562042,-0.03164726495742798,-0.5867278873920441,-0.08889683575887375,0.027574777603149414,-0.27392318844795227,-0.02704860137362175,0.04351842403411865,-0.34672674536705017,-0.07602444530982666,0.02366882562637329,-0.27496007084846497,-0.08184290917176895,0.007819712162017822,-0.21834808588027954,-0.07152264805097275,0.06992393732070923,-0.21941179037094116,-0.040621692850777436,0.07158243656158447,-0.27552926540374756,-0.07691725583333664,0.0469287633895874,-0.2325897216796875,-0.07580100984830551,0.025997698307037354,-0.1939888596534729,-0.06598926575441055
R,0.0,0.0,0.0,-0.05874723196029663,-0.06658405065536499,-0.04047993968742958,-0.08134481310844421,-0.1693550944328308,-0.06070337842720619,-0.04128754138946533,-0.26126015186309814,-0.08159915010946861,0.011045396327972412,-0.3222517967224121,-0.09871410231608024,-0.0703151524066925,-0.3168364465236664,-0.016339082527338178,-0.055515557527542114,-0.44074711203575134,-0.04768481876271835,-0.0366172194480896,-0.5251811742782593,-0.07090220998543373,-0.016216039657592773,-0.5934371948242188,-0.08660025547760597,-0.02088022232055664,-0.31182655692100525,-0.019286126154838712,-0.030756771564483643,-0.44782379269599915,-0.055993579584537656,-0.03324323892593384,-0.5235925614833832,-0.08006427090185753,-0.03000056743621826,-0.5838750898838043,-0.091801237571417,0.027002453804016113,-0.27609458565711975,-0.028629312548218877,0.043215930461883545,-0.34657442569732666,-0.07851367096918693,0.021683990955352783,-0.2731159031391144,-0.08398130934256187,0.0042685866355896,-0.21729737520217896,-0.07320341866034141,0.0700148344039917,-0.22164702415466309,-0.04177487294691673,0.07081568241119385,-0.27336081862449646,-0.07899544041174522,0.04574847221374512,-0.2280963659286499,-0.07830600093620887,0.024663269519805908,-0.19059056043624878,-0.06860138129013649
R,0.0,0.0,0.0,-0.060921281576156616,-0.06629574298858643,-0.04046716333397171,-0.0821409821510315,-0.17143142223358154,-0.060112533876974794,-0.03952944278717041,-0.2645360827445984,-0.08040770308144829,0.014454066753387451,-0.32666826248168945,-0.09691385344632408,-0.07098808884620667,-0.32109472155570984,-0.016506369943101618,-0.05808579921722412,-0.447814404964447,-0.04634059757955811,-0.040527552366256714,-0.5340757966041565,-0.06856061683066628,-0.021325767040252686,-0.6034097671508789,-0.08366429970629952,-0.02088218927383423,-0.31563836336135864,-0.01925551311143181,-0.03070443868637085,-0.4509774148464203,-0.05433583051927826,-0.032660603523254395,-0.5282162725925446,-0.07784255758889458,-0.02810770273208618,-0.5885264873504639,-0.08927270934947273,0.027793705463409424,-0.2794337570667267,-0.02833413311310551,0.040712058544158936,-0.34280744194984436,-0.07612282202609322,0.01699131727218628,-0.2704883813858032,-0.0820086540377929,-0.000335693359375,-0.2172083854675293,-0.07188748733170769,0.07072985172271729,-0.22499650716781616,-0.04131836609013817,0.07060432434082031,-0.27564191818237305,-0.07658467606671593,0.043910324573516846,-0.22988659143447876,-0.07561010287173531,0.022741377353668213,-0.19169020652770996,-0.06602927462228081
R,0.0,0.0,0.0,-0.061076968908309937,-0.0680420994758606,-0.04175221830183773,-0.08207342028617859,-0.17452800273895264,-0.06196432098323612,-0.03946483135223389,-0.26928475499153137,-0.08265951931053905,0.01482701301574707,-0.3322966992855072,-0.09960062712008266,-0.07026433944702148,-0.3255535960197449,-0.015560229341929244,-0.05543696880340576,-0.4524135887622833,-0.04580543472940235,-0.037184715270996094,-0.539743959903717,-0.06845474153334408,-0.01779162883758545,-0.6106860041618347,-0.08365287541920452,-0.02002054452896118,-0.3184964656829834,-0.017817071672027396,-0.029784560203552246,-0.454590380191803,-0.053338228757922934,-0.03178679943084717,-0.5324402153491974,-0.07675506829792766,-0.028078198432922363,-0.5941564440727234,-0.08776589393193035,0.028629958629608154,-0.28143030405044556,-0.026732704635207938,0.04274749755859375,-0.34716349840164185,-0.07658409982497005,0.018484652042388916,-0.2708761990070343,-0.08268350272948055,-0.00019484758377075195,-0.21474385261535645,-0.07175124346787243,0.07175910472869873,-0.22596848011016846,-0.03949659972960262,0.0702853798866272,-0.2773882746696472,-0.07652233451182155,0.04368448257446289,-0.22802472114562988,-0.07544917523438244,0.02216249704360962,-0.1875309944152832,-0.06513714700514583
R,0.0,0.0,0.0,-0.060574740171432495,-0.06832295656204224,-0.041573113854667554,-0.08310812711715698,-0.1739569902420044,-0.06279017319872082,-0.04192918539047241,-0.26916593313217163,-0.0849130629558772,0.012453675270080566,-0.3318805694580078,-0.10329219242527188,-0.0706949234008789,-0.3260255753993988,-0.017731686215540776,-0.055732935667037964,-0.4572826623916626,-0.04975112816288174,-0.03692418336868286,-0.546601802110672,-0.07307575186683835,-0.016748249530792236,-0.6189643442630768,-0.0886412962336749,-0.0195046067237854,-0.3188885748386383,-0.021030667330762753,-0.028456687927246094,-0.45922547578811646,-0.05892527392103375,-0.029994070529937744,-0.5376964509487152,-0.08332163384153546,-0.02549082040786743,-0.5991058945655823,-0.09485011091425122,0.03020167350769043,-0.2816871702671051,-0.030812411661884198,0.04543334245681763,-0.3522548973560333,-0.0823534606952876,0.02087700366973877,-0.2748715579509735,-0.08798210611536206,0.002241671085357666,-0.21660315990447998,-0.07650607367946805,0.07446283102035522,-0.22639012336730957,-0.044453269894859204,0.07342934608459473,-0.28085586428642273,-0.08229837855293454,0.04620492458343506,-0.23177862167358398,-0.08094621738388241,0.023963570594787598,-0.19020229578018188,-0.07032063892080487
R,0.0,0.0,0.0,-0.06120815873146057,-0.07026618719100952,-0.03960369044182244,-0.08341574668884277,-0.17718827724456787,-0.0605531361067051,-0.04273328185081482,-0.272550106048584,-0.08287539595005455,0.00895237922668457,-0.33542636036872864,-0.10154871904489937,-0.07141900062561035,-0.33216601610183716,-0.017597549419974712,-0.055099695920944214,-0.4635275602340698,-0.05116351955769005,-0.036631107330322266,-0.5536949336528778,-0.075938599940514,-0.016696631908416748,-0.6264857053756714,-0.09251463675138893,-0.019488930702209473,-0.32494673132896423,-0.02223215327796879,-0.027170419692993164,-0.4663657546043396,-0.0616670165323967,-0.027392089366912842,-0.545209527015686,-0.08756429963943901,-0.02174246311187744,-0.6091838479042053,-0.1002223592364544,0.031612515449523926,-0.28789690136909485,-0.03298275434610787,0.04709362983703613,-0.35755687952041626,-0.08502519392607155,0.021333277225494385,-0.2819248139858246,-0.09062636160490456,0.00144118070602417,-0.22398298978805542,-0.07931482308742943,0.0769573450088501,-0.23143184185028076,-0.04746027925250473,0.07579189538955688,-0.2849249541759491,-0.085532265540337,0.04601025581359863,-0.23882055282592773,-0.08382208162186089,0.020532608032226562,-0.19864130020141602,-0.07291482650873604
R,0.0,0.0,0.0,-0.061801910400390625,-0.07145452499389648,-0.038916359465872574,-0.08392643928527832,-0.18150562047958374,-0.05969244502142601,-0.04324448108673096,-0.28111597895622253,-0.08210985622957878,0.01119685173034668,-0.34440141916275024,-0.10080776624039345,-0.07260677218437195,-0.33585232496261597,-0.015061257217382717,-0.0566401481628418,-0.46858489513397217,-0.04907302446321182,-0.03530150651931763,-0.560011088848114,-0.07447957507923775,-0.012540578842163086,-0.6335254907608032,-0.09135428331450157,-0.019957005977630615,-0.32841062545776367,-0.020050057020341683,-0.02860802412033081,-0.47076693177223206,-0.05934787056997948,-0.03103715181350708,-0.5522963106632233,-0.08489767722443275,-0.02690255641937256,-0.6183397471904755,-0.0974192347343319,0.031387150287628174,-0.2904428541660309,-0.031396197896754074,0.04569190740585327,-0.3645341992378235,-0.08290701619938545,0.018104612827301025,-0.28747260570526123,-0.0870151396806591,-0.0017151832580566406,-0.2278403639793396,-0.07479608319357567,0.0770828127861023,-0.23247367143630981,-0.04657018072560959,0.07502537965774536,-0.2890911400318146,-0.08355314544991188,0.04473179578781128,-0.2414495348930359,-0.08040598295286827,0.020861029624938965,-0.20033210515975952,-0.06865961365059547
R,0.0,0.0,0.0,-0.06481379270553589,-0.07285439968109131,-0.037950071232103255,-0.09001308679580688,-0.1824689507484436,-0.05879179267742529,-0.0523868203163147,-0.28520500659942627,-0.0819013143942584,0.001227736473083496,-0.35157445073127747,-0.10122291250684157,-0.07826146483421326,-0.3414175510406494,-0.012640445219062713,-0.06290698051452637,-0.47706806659698486,-0.047010688768409636,-0.04142826795578003,-0.5687905251979828,-0.07328887535788908,-0.018496453762054443,-0.6436595618724823,-0.09063721700169936,-0.024711012840270996,-0.33422595262527466,-0.018362176330469993,-0.03341859579086304,-0.4778662323951721,-0.05780881522753134,-0.03516650199890137,-0.5618823170661926,-0.08437849833228483,-0.031054139137268066,-0.631773978471756,-0.0976665566728343,0.02794647216796875,-0.2976396679878235,-0.030490894527815726,0.041562795639038086,-0.3757679760456085,-0.0830222542450656,0.015208899974822998,-0.298513263463974,-0.08825589968421355,-0.004606664180755615,-0.2356218695640564,-0.07632166399218931,0.07544130086898804,-0.24045699834823608,-0.04629838718631163,0.0729902982711792,-0.30119892954826355,-0.08413082613208189,0.041717529296875,-0.25503575801849365,-0.08132373793580427,0.015381932258605957,-0.21116787195205688,-0.06940549118974104
R,0.0,0.0,0.0,-0.06513184309005737,-0.06989157199859619,-0.04437170952053293,-0.0932932198047638,-0.17739182710647583,-0.06829933478923067,-0.057875245809555054,-0.28400111198425293,-0.09320434584708437,-0.003866255283355713,-0.3530983328819275,-0.11376615270467028,-0.08124405145645142,-0.3458009362220764,-0.018402688498213138,-0.06586012244224548,-0.4841606318950653,-0.05460866197438463,-0.04460000991821289,-0.5771878957748413,-0.08148254855962023,-0.022016942501068115,-0.6526615619659424,-0.09905476524920687,-0.026504993438720703,-0.33875712752342224,-0.02186792745681032,-0.0370672345161438,-0.4866090416908264,-0.06318638875575289,-0.03906416893005371,-0.573158860206604,-0.0901529903659366,-0.03513544797897339,-0.6457109749317169,-0.10349433525891527,0.02742522954940796,-0.30141526460647583,-0.03243559255690798,0.04114252328872681,-0.38203164935112,-0.08855722501368746,0.014815211296081543,-0.30133363604545593,-0.09527611389250978,-0.005804479122161865,-0.23717767000198364,-0.08338104590268358,0.07655411958694458,-0.2424299716949463,-0.04700198798866495,0.07284146547317505,-0.30268311500549316,-0.08835231914611086,0.04094725847244263,-0.25426745414733887,-0.0875723178634189,0.012899816036224365,-0.20960015058517456,-0.07647040143103823
R,0.0,0.0,0.0,-0.06916287541389465,-0.0753779411315918,-0.039069061017073636,-0.0979996919631958,-0.19072449207305908,-0.060072959250248914,-0.06053009629249573,-0.30157846212387085,-0.08372970748547459,-0.004204928874969482,-0.37197965383529663,-0.1033362456024065,-0.08672082424163818,-0.35562050342559814,-0.010833817383684163,-0.072344571352005,-0.4978336989879608,-0.04593812007311726,-0.05145519971847534,-0.5931561589241028,-0.07322397906187916,-0.028866112232208252,-0.6718966662883759,-0.0919411115706339,-0.03130847215652466,-0.34980541467666626,-0.016961506417430883,-0.04311865568161011,-0.49911758303642273,-0.057497416472472196,-0.04621809720993042,-0.5864218175411224,-0.08512072343233967,-0.04239761829376221,-0.6610761284828186,-0.09956339079741383,0.023446857929229736,-0.3121616244316101,-0.03004684191051865,0.03718101978302002,-0.3970571756362915,-0.08464164364937687,0.009355723857879639,-0.31309330463409424,-0.09000726867321873,-0.010888218879699707,-0.2466505765914917,-0.0778027408182993,0.07337158918380737,-0.2529534101486206,-0.04707961980108166,0.07155263423919678,-0.3169122636318207,-0.08783947009447957,0.038932204246520996,-0.26994240283966064,-0.08687827069167042,0.011465311050415039,-0.22624456882476807,-0.07595632303360844
R,0.0,0.0,0.0,-0.07072526216506958,-0.07701575756072998,-0.04205359832053546,-0.10074609518051147,-0.19340527057647705,-0.06471580953007106,-0.06289145350456238,-0.3059060275554657,-0.08968409836893443,-0.004824399948120117,-0.3791096806526184,-0.11043298930530909,-0.0899629294872284,-0.3603435158729553,-0.012344021691433227,-0.07319304347038269,-0.5060321092605591,-0.04860214830046061,-0.05097740888595581,-0.6023927330970764,-0.0760694512784994,-0.027712762355804443,-0.6821890771389008,-0.09429965854292277,-0.03294461965560913,-0.35428959131240845,-0.017397717914036548,-0.043563902378082275,-0.5092775821685791,-0.05886885092263583,-0.0469517707824707,-0.6005593836307526,-0.0863238567173994,-0.04447108507156372,-0.6784399449825287,-0.10010594070558909,0.023370027542114258,-0.3166293799877167,-0.02982100785379771,0.0377236008644104,-0.40544548630714417,-0.08658677280550364,0.009529352188110352,-0.3165907561779022,-0.09164452493791941,-0.011829018592834473,-0.24627888202667236,-0.07809732050304774,0.07443886995315552,-0.25765228271484375,-0.04634588525300387,0.07240277528762817,-0.3208923935890198,-0.08819077104931239,0.0405421257019043,-0.26970356702804565,-0.08651681930427912,0.0137939453125,-0.22328966856002808,-0.07442817777996424
R,0.0,0.0,0.0,-0.07024234533309937,-0.07343900203704834,-0.04577798986815651,-0.10271480679512024,-0.1911051869392395,-0.06962372208022316,-0.06673550605773926,-0.30682647228240967,-0.09489177757882317,-0.008083760738372803,-0.383101224899292,-0.11554079348229607,-0.09049174189567566,-0.3697272837162018,-0.015204218532971936,-0.07294395565986633,-0.5172590911388397,-0.05170438284062584,-0.05063563585281372,-0.6171042025089264,-0.07920716548346718,-0.027466952800750732,-0.6992124915122986,-0.09794360244654854,-0.03208208084106445,-0.3634489178657532,-0.019318510163657265,-0.044168174266815186,-0.5202780961990356,-0.061240991894237595,-0.04784148931503296,-0.6118594408035278,-0.08927945638083656,-0.04583847522735596,-0.6892423629760742,-0.10382836157464226,0.025481998920440674,-0.32387441396713257,-0.031231319848529893,0.040516018867492676,-0.4118165373802185,-0.09063153559350212,0.011106729507446289,-0.32339292764663696,-0.09856822932147224,-0.012877821922302246,-0.25334328413009644,-0.08695218557500084,0.07724899053573608,-0.2616558074951172,-0.047325125280849534,0.07551491260528564,-0.32465821504592896,-0.09365086847924431,0.040935397148132324,-0.2726361155509949,-0.09553651357077797,0.009331226348876953,-0.22460734844207764,-0.08576752835892876
R,0.0,0.0,0.0,-0.0733555257320404,-0.0745166540145874,-0.04754062333790898,-0.10684511065483093,-0.1966569423675537,-0.07166499608842969,-0.0683789849281311,-0.31408920884132385,-0.096781178952142,-0.005965113639831543,-0.39136117696762085,-0.11735816264240384,-0.09289523959159851,-0.37274059653282166,-0.016757996396108865,-0.07218736410140991,-0.5175747275352478,-0.05470503830997586,-0.04528778791427612,-0.6160404980182648,-0.08285511994449735,-0.018693387508392334,-0.6975619494915009,-0.1009727414855206,-0.033443987369537354,-0.36754104495048523,-0.02009067089943528,-0.049031198024749756,-0.5358064770698547,-0.05970276111452222,-0.05708569288253784,-0.6324321031570435,-0.08499596977321744,-0.058658480644226074,-0.7136520147323608,-0.09704197907535672,0.025015294551849365,-0.32738468050956726,-0.031691532225295305,0.037952303886413574,-0.4166889786720276,-0.09078225457756162,0.009049654006958008,-0.3215428590774536,-0.09720731490938306,-0.014063417911529541,-0.24906891584396362,-0.08333545142500043,0.07797098159790039,-0.26499372720718384,-0.047616935909672975,0.07374882698059082,-0.3293529450893402,-0.09246296399919629,0.038608014583587646,-0.27370256185531616,-0.09230893069593549,0.007306694984436035,-0.22583091259002686,-0.08074545079557538
R,0.0,0.0,0.0,-0.07600462436676025,-0.07830113172531128,-0.05011544904573384,-0.11098003387451172,-0.2060747742652893,-0.07416809505684796,-0.06717610359191895,-0.3248991072177887,-0.09873478270037594,-0.0002275705337524414,-0.4038810431957245,-0.11903616196377698,-0.09464859962463379,-0.3836328983306885,-0.01843694380386296,-0.07384103536605835,-0.5314577519893646,-0.05564119077189389,-0.04856973886489868,-0.631906270980835,-0.08382133549912396,-0.024049341678619385,-0.7163428068161011,-0.1023473606155676,-0.03382611274719238,-0.3785203993320465,-0.021482143242792517,-0.05175137519836426,-0.5513797402381897,-0.059666225378350646,-0.06110256910324097,-0.6521868705749512,-0.08488986051543179,-0.06340646743774414,-0.737612396478653,-0.09711152470572415,0.02668321132659912,-0.336594820022583,-0.03316113508208218,0.034797847270965576,-0.4207143783569336,-0.09285550719960156,0.004221081733703613,-0.32568055391311646,-0.10172204083664838,-0.019366681575775146,-0.25486046075820923,-0.0893291772053999,0.0814136266708374,-0.27215588092803955,-0.049324424629048735,0.07478493452072144,-0.3388236463069916,-0.09566588855250302,0.040138840675354004,-0.2801573872566223,-0.09632755971415463,0.010922908782958984,-0.22910964488983154,-0.08526741123660031
R,0.0,0.0,0.0,-0.0756070613861084,-0.07873594760894775,-0.05056652832695363,-0.11078143119812012,-0.2114197015762329,-0.07334753159352658,-0.06723105907440186,-0.33564722537994385,-0.0968239906794679,-3.141164779663086e-05,-0.41269803047180176,-0.11632414195605634,-0.09769973158836365,-0.3923083245754242,-0.0175043180204284,-0.07734847068786621,-0.5463883876800537,-0.05394940856763242,-0.05214715003967285,-0.6502050161361694,-0.08111039582558988,-0.027827918529510498,-0.7362432181835175,-0.0989384132988107,-0.0348663330078125,-0.38653022050857544,-0.019790502599562387,-0.05018293857574463,-0.5611878037452698,-0.05816315520473836,-0.055819690227508545,-0.660889059305191,-0.08342501554557202,-0.055212974548339844,-0.7419861257076263,-0.09551432017156003,0.026753127574920654,-0.34443384408950806,-0.030735101885284166,0.03688400983810425,-0.43191003799438477,-0.09125765446492551,0.007003366947174072,-0.3361789882183075,-0.10072193328210233,-0.016280949115753174,-0.26270025968551636,-0.08849246833392499,0.08207893371582031,-0.2799469828605652,-0.04609194803902028,0.0747026801109314,-0.34856081008911133,-0.0932074043519151,0.04251909255981445,-0.2855592370033264,-0.09411407295533536,0.016550540924072266,-0.22978931665420532,-0.08300296995707868
R,0.0,0.0,0.0,-0.07581478357315063,-0.07582426071166992,-0.05472311797927887,-0.11020690202713013,-0.21041560173034668,-0.07942772704552681,-0.06474357843399048,-0.33746272325515747,-0.10398094403933555,0.0019885897636413574,-0.42034652829170227,-0.12408196973990471,-0.09613335132598877,-0.39929497241973877,-0.021842634784093207,-0.07707291841506958,-0.5565226674079895,-0.059686713399401015,-0.05206799507141113,-0.6632592082023621,-0.08748941916417152,-0.026424407958984375,-0.7518729567527771,-0.10605777102898628,-0.032064616680145264,-0.3926769196987152,-0.02315846505950958,-0.04925960302352905,-0.5679671764373779,-0.06454379159401924,-0.05638617277145386,-0.6699242293834686,-0.09182353365611107,-0.055631935596466064,-0.7531927227973938,-0.10533405888270408,0.03023505210876465,-0.34775814414024353,-0.033294700564852064,0.043042004108428955,-0.4400954246520996,-0.09712723690461189,0.011160671710968018,-0.3401365876197815,-0.10709612119387657,-0.01376873254776001,-0.2659871578216553,-0.09491478699635536,0.08671331405639648,-0.2803584337234497,-0.048085090251674956,0.08067327737808228,-0.350434809923172,-0.09880014556836159,0.0466306209564209,-0.2856706976890564,-0.1011313279290107,0.018628716468811035,-0.23081356287002563,-0.09061878222416908
R,0.0,0.0,0.0,-0.07914823293685913,-0.07533395290374756,-0.05889521351957683,-0.1150875985622406,-0.2137647271156311,-0.08390247634554271,-0.06901925802230835,-0.3429933190345764,-0.10804600081348781,0.00011783838272094727,-0.4268070459365845,-0.1275307815423048,-0.10159304738044739,-0.408975213766098,-0.021928558116201202,-0.08175092935562134,-0.5677907168865204,-0.06030747479701404,-0.055203914642333984,-0.6763096451759338,-0.08873562327528361,-0.029302537441253662,-0.7654708325862885,-0.10750596783066158,-0.03630530834197998,-0.40411773324012756,-0.02124417013430957,-0.05239546298980713,-0.580729603767395,-0.06265963426733379,-0.060380756855010986,-0.686316192150116,-0.08990474603081111,-0.06245982646942139,-0.770166665315628,-0.10290226153040294,0.02718430757522583,-0.35961806774139404,-0.030268158753756325,0.03966265916824341,-0.4502745270729065,-0.09617656282091502,0.009515583515167236,-0.34918874502182007,-0.10857805422449474,-0.015168845653533936,-0.27345794439315796,-0.0969688724627531,0.08435964584350586,-0.2917196750640869,-0.04419968462491397,0.07744240760803223,-0.35858097672462463,-0.09782454929256801,0.042904555797576904,-0.2912103533744812,-0.10293405315781001,0.01369023323059082,-0.23515182733535767,-0.09364914706850413
R,0.0,0.0,0.0,-0.07955020666122437,-0.07598245143890381,-0.06190586071136295,-0.11606809496879578,-0.21587538719177246,-0.08882234971645175,-0.06557965278625488,-0.3471737504005432,-0.11443990450027286,0.005265474319458008,-0.4318420886993408,-0.13557980935695468,-0.10244587063789368,-0.41459137201309204,-0.026526961286094775,-0.08060270547866821,-0.5756176710128784,-0.06640533338907062,-0.05459719896316528,-0.6871629953384399,-0.09579569827440082,-0.029777109622955322,-0.7796258330345154,-0.11554177086475192,-0.03673505783081055,-0.4092399477958679,-0.025768844221261133,-0.05304527282714844,-0.5908008217811584,-0.0692890582573682,-0.060614824295043945,-0.6980508267879486,-0.09815452228906452,-0.061880528926849365,-0.7841224372386932,-0.11231832932355701,0.027464628219604492,-0.3628479540348053,-0.03467043842795192,0.04295229911804199,-0.45702311396598816,-0.10374443959119617,0.012473106384277344,-0.352744460105896,-0.11712581645372211,-0.013301670551300049,-0.2737996578216553,-0.10562862436893283,0.08507966995239258,-0.2919848561286926,-0.048534981716898074,0.07741636037826538,-0.36136478185653687,-0.10528993587615787,0.0440937876701355,-0.2919398546218872,-0.11079256217601596,0.015715360641479492,-0.23243600130081177,-0.10124935935857593
R,0.0,0.0,0.0,-0.08069151639938354,-0.07704341411590576,-0.05723463195192835,-0.11737558245658875,-0.22173035144805908,-0.08180137174952051,-0.06390392780303955,-0.35279417037963867,-0.1060166006051304,0.009675443172454834,-0.4367542862892151,-0.12590624588358423,-0.1018143892288208,-0.42336225509643555,-0.02109484384584448,-0.07823330163955688,-0.5801140069961548,-0.06000589775669596,-0.05074101686477661,-0.6898203790187836,-0.08955875980484507,-0.023826420307159424,-0.7803591191768646,-0.10939792739975474,-0.03493809700012207,-0.4198055863380432,-0.023322297360778066,-0.05319356918334961,-0.6066791713237762,-0.06491872864592096,-0.05973333120346069,-0.717345118522644,-0.09279028522598765,-0.05900770425796509,-0.8074893951416016,-0.10623926865685007,0.031057238578796387,-0.37388113141059875,-0.035085519876361104,0.044270873069763184,-0.4625982642173767,-0.1034434382878544,0.012523174285888672,-0.3531177043914795,-0.11547331708300135,-0.01407158374786377,-0.27239543199539185,-0.10279707061874888,0.09016185998916626,-0.301918625831604,-0.05156802582371256,0.08187270164489746,-0.368561714887619,-0.10733334916460535,0.04653429985046387,-0.29588931798934937,-0.1107594241462948,0.016963303089141846,-0.2361297607421875,-0.09984250563013575
R,0.0,0.0,0.0,-0.08288252353668213,-0.07888567447662354,-0.0578208226827428,-0.11965495347976685,-0.22751879692077637,-0.08067499065077754,-0.06461060047149658,-0.36428695917129517,-0.10337367617762538,0.01089489459991455,-0.45011982321739197,-0.12157723271525356,-0.10753068327903748,-0.43185755610466003,-0.015468286920850005,-0.08259779214859009,-0.5934375524520874,-0.05177655034935924,-0.052845895290374756,-0.7047677338123322,-0.07956298404610607,-0.0242617130279541,-0.7969259321689606,-0.0984903421369836,-0.037884652614593506,-0.4305498003959656,-0.015795340400700297,-0.05194878578186035,-0.6131409406661987,-0.05539332294142696,-0.055702805519104004,-0.7215400040149689,-0.0827941294876382,-0.053510963916778564,-0.8083897233009338,-0.09634251111424419,0.029423952102661133,-0.38687577843666077,-0.026081952836875644,0.04480999708175659,-0.47456660866737366,-0.09324137085354778,0.014198660850524902,-0.36592137813568115,-0.10648248308575603,-0.011214792728424072,-0.28477156162261963,-0.09501942956126186,0.08981525897979736,-0.31726229190826416,-0.04113151842034313,0.08205586671829224,-0.3811713755130768,-0.0964885499445245,0.047707557678222656,-0.3067325949668884,-0.10146331005967113,0.020220577716827393,-0.24541807174682617,-0.09175713324225399
R,0.0,0.0,0.0,-0.0829085111618042,-0.08050340414047241,-0.05957782963128011,-0.12057146430015564,-0.2292880415916443,-0.08447398567409437,-0.0647960901260376,-0.3649969696998596,-0.10861021602363508,0.011002957820892334,-0.4506834149360657,-0.1283109741827957,-0.10491889715194702,-0.43421703577041626,-0.019973240288209126,-0.0804516077041626,-0.590740978717804,-0.06005843678326528,-0.049117088317871094,-0.6990481913089752,-0.09109207564802091,-0.01846623420715332,-0.7891506850719452,-0.11144714379520337,-0.03703576326370239,-0.43257126212120056,-0.02097665095539014,-0.053550899028778076,-0.625494122505188,-0.06241613576025884,-0.05850785970687866,-0.7385829389095306,-0.09090036475868146,-0.056257009506225586,-0.833000659942627,-0.1048523815891258,0.02990567684173584,-0.3882194459438324,-0.03208192014903943,0.04844552278518677,-0.4769558012485504,-0.10101745599718015,0.016641616821289062,-0.3693077564239502,-0.11473188126296918,-0.010073959827423096,-0.2895258069038391,-0.10306834006519239,0.09097564220428467,-0.31729620695114136,-0.04810418883175771,0.08749198913574219,-0.38271161913871765,-0.10347047770233075,0.05238372087478638,-0.30927425622940063,-0.10712875747890394,0.022987306118011475,-0.2491666078567505,-0.09653872573585431
R,0.0,0.0,0.0,-0.08338463306427002,-0.07831376791000366,-0.057461252911934935,-0.11987543106079102,-0.22919654846191406,-0.0804984890958167,-0.061671435832977295,-0.3658673167228699,-0.10301324213946828,0.013337254524230957,-0.4488523602485657,-0.12112771953547963,-0.10524916648864746,-0.4391981363296509,-0.018096337570796095,-0.0781106948852539,-0.5925475358963013,-0.05751464377249249,-0.043768882751464844,-0.6993780136108398,-0.08768531168902882,-0.011005640029907227,-0.7860609889030457,-0.10754314298833378,-0.035815656185150146,-0.4397362172603607,-0.01993842843080529,-0.04908788204193115,-0.631317675113678,-0.060027128561387144,-0.04921847581863403,-0.7378502786159515,-0.08643049235547551,-0.043618083000183105,-0.8261500000953674,-0.09895592416728505,0.0324367880821228,-0.39545363187789917,-0.031723091854701124,0.05120474100112915,-0.4819185435771942,-0.10091090436185368,0.01891416311264038,-0.3687010407447815,-0.11329432810748585,-0.007931709289550781,-0.2863134741783142,-0.10065913434232243,0.09439438581466675,-0.3216569423675537,-0.04803368310535916,0.09069597721099854,-0.38179636001586914,-0.1040304401060439,0.05365639925003052,-0.3057144284248352,-0.1067845323225356,0.022779405117034912,-0.24514198303222656,-0.09540359909738072
R,0.0,0.0,0.0,-0.08433747291564941,-0.08414268493652344,-0.0565669207786641,-0.11849486827850342,-0.23821234703063965,-0.08052801033011292,-0.058980703353881836,-0.3722250461578369,-0.10462951352349137,0.016292214393615723,-0.4524235427379608,-0.12451733340969895,-0.10402455925941467,-0.442395955324173,-0.018633295497807012,-0.07516235113143921,-0.598048746585846,-0.06177069684019898,-0.03768444061279297,-0.7061014771461487,-0.09497870197048996,-0.0019673705101013184,-0.7930655777454376,-0.11631807377091263,-0.03466343879699707,-0.4426257312297821,-0.02213902091136788,-0.04932975769042969,-0.640734851360321,-0.06551593979349946,-0.050122857093811035,-0.753246396780014,-0.0939143716310582,-0.04382014274597168,-0.8471843302249908,-0.10747341503849839,0.0332525372505188,-0.3977121114730835,-0.03554445197335099,0.05431729555130005,-0.49336984753608704,-0.10570572753897522,0.020586490631103516,-0.3788985013961792,-0.11611027707806443,-0.00727534294128418,-0.29430484771728516,-0.10183428665152405,0.0953473448753357,-0.3229350447654724,-0.05373273482075547,0.09274691343307495,-0.39107370376586914,-0.10904366960278367,0.05515444278717041,-0.31409817934036255,-0.1092748909210286,0.023951470851898193,-0.25285375118255615,-0.09596045007458542
R,0.0,0.0,0.0,-0.0836673378944397,-0.08573997020721436,-0.05639351753052324,-0.11900520324707031,-0.2363269329071045,-0.08036447537597269,-0.06281834840774536,-0.37317395210266113,-0.10460964066442102,0.01400214433670044,-0.4554576575756073,-0.12446224910672754,-0.1049022376537323,-0.44297611713409424,-0.014805768034420907,-0.07702165842056274,-0.5962768197059631,-0.05543416959699243,-0.03961360454559326,-0.7023918926715851,-0.08645379019435495,-0.004132330417633057,-0.7894259393215179,-0.10668010485824198,-0.03663671016693115,-0.4428989887237549,-0.016858924529515207,-0.05305492877960205,-0.6299793720245361,-0.05687386018689722,-0.05564826726913452,-0.7256823480129242,-0.0816582984989509,-0.05223047733306885,-0.8067235946655273,-0.09325249714311212,0.030970096588134766,-0.4003135859966278,-0.02913446573074907,0.0510251522064209,-0.49339011311531067,-0.09743479115422815,0.019050955772399902,-0.3770971894264221,-0.10637637448962778,-0.008339345455169678,-0.29192763566970825,-0.09178269875701517,0.09329700469970703,-0.32778215408325195,-0.04612659884151071,0.09152942895889282,-0.39322125911712646,-0.0989588521188125,0.054493486881256104,-0.31718909740448,-0.0984470791881904,0.023355185985565186,-0.25564348697662354,-0.08517281932290643
R,0.0,0.0,0.0,-0.07859963178634644,-0.08918672800064087,-0.05652201825989778,-0.11215701699256897,-0.2346019148826599,-0.08295597041262681,-0.05950593948364258,-0.3714030385017395,-0.11016852313889558,0.013319909572601318,-0.45858171582221985,-0.132882743126288,-0.10168707370758057,-0.43295177817344666,-0.014964507876470634,-0.07349228858947754,-0.5918321907520294,-0.0578453531326204,-0.03698235750198364,-0.6980710625648499,-0.08963807577504213,-0.0018482208251953125,-0.7846266329288483,-0.10929210389269883,-0.034158527851104736,-0.43007487058639526,-0.01760141643001134,-0.04757791757583618,-0.6300714612007141,-0.06152939701689775,-0.04819577932357788,-0.7359174191951752,-0.08992180133475358,-0.04207378625869751,-0.8211045265197754,-0.10289090777052934,0.0326923131942749,-0.3871475160121918,-0.030358429050579616,0.054193735122680664,-0.4886748790740967,-0.1010902216495424,0.022899389266967773,-0.37960541248321533,-0.11289247775687272,-0.003300487995147705,-0.2938721179962158,-0.0990237509669214,0.09477370977401733,-0.31832021474838257,-0.047614644265308925,0.09042352437973022,-0.3898663818836212,-0.1010982012213617,0.05480754375457764,-0.31776970624923706,-0.10154596621407563,0.02444159984588623,-0.2549779415130615,-0.08836380297555024
R,0.0,0.0,0.0,-0.0785418152809143,-0.08538323640823364,-0.05414266909451726,-0.11444175243377686,-0.23057276010513306,-0.0798545854815984,-0.06459718942642212,-0.36993205547332764,-0.10657351489157918,0.006714999675750732,-0.4540089964866638,-0.1287793594131017,-0.103403240442276,-0.4289498031139374,-0.01790667350383046,-0.07681089639663696,-0.5897077322006226,-0.0629451873430753,-0.039482951164245605,-0.6946345865726471,-0.09646938021273854,-0.004111289978027344,-0.7803252935409546,-0.11779653306098226,-0.036347806453704834,-0.4281827211380005,-0.021799357859208612,-0.0486222505569458,-0.629204660654068,-0.06780559594722035,-0.04518014192581177,-0.732906699180603,-0.09717397416920903,-0.03503584861755371,-0.8184342086315155,-0.11147533382268193,0.029191792011260986,-0.3861464858055115,-0.03507073621244672,0.05024296045303345,-0.4928814768791199,-0.10461396749110463,0.019520223140716553,-0.38387125730514526,-0.11282756204695943,-0.005156576633453369,-0.296924352645874,-0.09776565457673314,0.08990722894668579,-0.3165321350097656,-0.053072430444672136,0.08596837520599365,-0.38719049096107483,-0.10641584570498708,0.05123329162597656,-0.31683599948883057,-0.10591327424140218,0.022980213165283203,-0.2558634877204895,-0.09248259688706639
R,0.0,0.0,0.0,-0.07748973369598389,-0.08831673860549927,-0.05454012297764166,-0.11209514737129211,-0.23204690217971802,-0.0809842414475952,-0.06214559078216553,-0.3665597438812256,-0.10839493491425856,0.011103928089141846,-0.4482433795928955,-0.13139091350808485,-0.10167425870895386,-0.4327506124973297,-0.018268468908217983,-0.07429558038711548,-0.5948307514190674,-0.06101093359961851,-0.038845062255859375,-0.6988604366779327,-0.09204963513388975,-0.005849719047546387,-0.7835552394390106,-0.11116164096370085,-0.03568488359451294,-0.4267651438713074,-0.022188955105093555,-0.04669314622879028,-0.6284227967262268,-0.06510439433827742,-0.044758617877960205,-0.7333241105079651,-0.09149743535294874,-0.03757596015930176,-0.8185468018054962,-0.10303090431466444,0.029966533184051514,-0.38005751371383667,-0.03577715449705465,0.05010223388671875,-0.48067426681518555,-0.10371430136933668,0.01925748586654663,-0.37334686517715454,-0.11328887113108976,-0.005843520164489746,-0.29174137115478516,-0.09857517399564131,0.08978140354156494,-0.3069819211959839,-0.053841936520484523,0.08763384819030762,-0.3794914186000824,-0.10468431480899199,0.05069613456726074,-0.3102293014526367,-0.10376322933211668,0.01933985948562622,-0.2524028420448303,-0.0902419454671417
R,0.0,0.0,0.0,-0.0786316990852356,-0.09289252758026123,-0.05097298495797986,-0.11401411890983582,-0.23615247011184692,-0.07675713099865789,-0.06509077548980713,-0.37057048082351685,-0.10478520192532415,0.008441746234893799,-0.45190319418907166,-0.12840534545807714,-0.10210338234901428,-0.43332934379577637,-0.01464003216801757,-0.07703149318695068,-0.5993659496307373,-0.056135026592301074,-0.04364585876464844,-0.7044495046138763,-0.08675793357519979,-0.011711061000823975,-0.7907686829566956,-0.10604423828749532,-0.03564858436584473,-0.42686548829078674,-0.01993643850414628,-0.045854151248931885,-0.6238333582878113,-0.0629115680637824,-0.0433955192565918,-0.7323304414749146,-0.09078848161129827,-0.03500407934188843,-0.8212343752384186,-0.10414339401154393,0.030215084552764893,-0.3805476725101471,-0.034542823064612094,0.04657536745071411,-0.47872036695480347,-0.09966859020619268,0.014641225337982178,-0.3753995895385742,-0.10883740134863729,-0.010803639888763428,-0.29465675354003906,-0.09512489088206166,0.09060746431350708,-0.3087201714515686,-0.05371787943272466,0.08811396360397339,-0.38480520248413086,-0.10178329594759816,0.0518152117729187,-0.31886059045791626,-0.10024986960320348,0.020925402641296387,-0.26019859313964844,-0.08709491588501805
R,0.0,0.0,0.0,-0.07800024747848511,-0.09255212545394897,-0.05077600618210454,-0.11276614665985107,-0.22935444116592407,-0.07711182673779149,-0.06792968511581421,-0.35991543531417847,-0.10563807328549046,0.001970529556274414,-0.43880072236061096,-0.1295901550849976,-0.09943816065788269,-0.42630064487457275,-0.013042885338336418,-0.07657873630523682,-0.5840275883674622,-0.05671719228234906,-0.04097330570220947,-0.6842431426048279,-0.08989182998743672,-0.005602777004241943,-0.7654106616973877,-0.11022626002636571,-0.03432744741439819,-0.41964268684387207,-0.018339754541784714,-0.04686558246612549,-0.615890383720398,-0.06261948635187764,-0.04469919204711914,-0.7199200391769409,-0.09164964546766896,-0.036076128482818604,-0.8050971925258636,-0.10527785261479039,0.029989778995513916,-0.37457308173179626,-0.0330071127912106,0.04665327072143555,-0.4743432104587555,-0.09975799312201161,0.01752316951751709,-0.37315604090690613,-0.10920287062731404,-0.006520628929138184,-0.2904251217842102,-0.09488845755663533,0.08923536539077759,-0.3028859496116638,-0.052062814583450745,0.08848690986633301,-0.37937086820602417,-0.0996330468854012,0.05049043893814087,-0.3160887360572815,-0.09665607055035252,0.015882015228271484,-0.2563239336013794,-0.08217967440691609
R,0.0,0.0,0.0,-0.07844722270965576,-0.08981496095657349,-0.048261997787903965,-0.11427122354507446,-0.22423529624938965,-0.07529635125274581,-0.07263660430908203,-0.35466575622558594,-0.10511551195259017,-0.005909740924835205,-0.43368497490882874,-0.13047268384570998,-0.10078161954879761,-0.4190451502799988,-0.018300560800980747,-0.07990476489067078,-0.5814045965671539,-0.06451812529439849,-0.045327067375183105,-0.6818512082099915,-0.09842223816986007,-0.009906470775604248,-0.7622272074222565,-0.11911827468748015,-0.035702288150787354,-0.4108555316925049,-0.02565681704754752,-0.04905283451080322,-0.6070342063903809,-0.07402949923152846,-0.047199785709381104,-0.7101861536502838,-0.10422337943191451,-0.03749734163284302,-0.7941048443317413,-0.11818947040910643,0.028702080249786377,-0.36583614349365234,-0.04145030075187606,0.04162454605102539,-0.4693116843700409,-0.10809458935136718,0.010710954666137695,-0.3659704029560089,-0.11281345182533187,-0.01217120885848999,-0.2820163369178772,-0.0955648958074562,0.0877537727355957,-0.29431891441345215,-0.0617518998074047,0.08201062679290771,-0.37269356846809387,-0.10785365247602385,0.043620407581329346,-0.3096104860305786,-0.10158366852874678,0.011838853359222412,-0.25123023986816406,-0.08476203822965545
R,0.0,0.0,0.0,-0.07756245136260986,-0.08630919456481934,-0.04918966625109533,-0.11324220895767212,-0.21843785047531128,-0.07656326327696661,-0.07248261570930481,-0.34655898809432983,-0.1063384953536115,-0.005968153476715088,-0.4246070384979248,-0.13160628263131002,-0.09968286752700806,-0.4177154302597046,-0.019783960620316066,-0.07759132981300354,-0.5812204778194427,-0.06326832805052618,-0.04524362087249756,-0.6827996671199799,-0.09487536732331137,-0.011785626411437988,-0.7646267414093018,-0.11435696665421347,-0.03509777784347534,-0.40710288286209106,-0.025818977469953097,-0.046946167945861816,-0.5967498123645782,-0.07180410806313375,-0.0481266975402832,-0.7028666138648987,-0.1013048085965238,-0.04172450304031372,-0.7888108193874359,-0.11558512035981039,0.02839493751525879,-0.3614734411239624,-0.0401139203108869,0.04434537887573242,-0.4639185070991516,-0.10495206151381353,0.013493120670318604,-0.3617136478424072,-0.11128378097191671,-0.009784340858459473,-0.27762776613235474,-0.09582819972411016,0.08637803792953491,-0.29147523641586304,-0.058888947556170024,0.08055835962295532,-0.36334750056266785,-0.10489076558724264,0.043858349323272705,-0.3004996180534363,-0.1010429802931867,0.01395493745803833,-0.2425892949104309,-0.08612919036522726
R,0.0,0.0,0.0,-0.07921138405799866,-0.08531308174133301,-0.04886782513938215,-0.11635413765907288,-0.2182597517967224,-0.07569805504761007,-0.07541930675506592,-0.34661030769348145,-0.1049803269096401,-0.007355332374572754,-0.4245489835739136,-0.1296639514156368,-0.10200846195220947,-0.41746383905410767,-0.017200657818534637,-0.08401370048522949,-0.581832766532898,-0.058861102629521156,-0.05619347095489502,-0.6871466636657715,-0.0899005305954006,-0.026877522468566895,-0.7721280753612518,-0.10965826334438589,-0.0379982590675354,-0.4050593078136444,-0.02299686307094362,-0.04788929224014282,-0.5897834300994873,-0.07002450497827795,-0.048507869243621826,-0.6914939880371094,-0.1010440436192539,-0.0412861704826355,-0.773099273443222,-0.1159598750062969,0.024560153484344482,-0.3586835563182831,-0.03691911669454839,0.040787696838378906,-0.4546062648296356,-0.10086826952181127,0.005525767803192139,-0.354542076587677,-0.1078625244089153,-0.020506441593170166,-0.2724039554595947,-0.09314786614856985,0.0801851749420166,-0.2887495756149292,-0.05540515454492834,0.07714188098907471,-0.3607591390609741,-0.10037976475439336,0.03880280256271362,-0.30087924003601074,-0.09683590354404714,0.006894052028656006,-0.24407464265823364,-0.08242530347786214
R,0.0,0.0,0.0,-0.08295926451683044,-0.08642339706420898,-0.043258847280867485,-0.12387999892234802,-0.21886980533599854,-0.06760881616128245,-0.08505043387413025,-0.34775370359420776,-0.09568311794055262,-0.016248047351837158,-0.422953724861145,-0.11968429161561289,-0.1070171594619751,-0.4110303521156311,-0.012159155293829826,-0.09013575315475464,-0.5737527906894684,-0.053547167762644676,-0.06152889132499695,-0.6790246665477753,-0.08556923045171061,-0.03233152627944946,-0.7638896405696869,-0.1060698158885316,-0.044804394245147705,-0.40178102254867554,-0.020035750776060013,-0.05550879240036011,-0.5839053392410278,-0.06481338812363902,-0.05636113882064819,-0.6883399784564972,-0.09511580093158045,-0.04977381229400635,-0.7730182111263275,-0.11064706517709055,0.015987396240234375,-0.3580906391143799,-0.035886844232209114,0.029709458351135254,-0.4552134871482849,-0.09596732033742228,-0.0030875205993652344,-0.36374223232269287,-0.10295250041735926,-0.02714473009109497,-0.2837064862251282,-0.08979808314097681,0.07024228572845459,-0.2893274426460266,-0.05622849015844622,0.07001668214797974,-0.3646180331707001,-0.09829415155900278,0.03179347515106201,-0.3117092251777649,-0.09503561033261576,-0.0022162199020385742,-0.2556486129760742,-0.08194523079646387
R,0.0,0.0,0.0,-0.08236384391784668,-0.08726829290390015,-0.03897391901671199,-0.12395432591438293,-0.21295219659805298,-0.06276214764773158,-0.08852475881576538,-0.33475756645202637,-0.09064480559288768,-0.021869361400604248,-0.40545135736465454,-0.11428893254458217,-0.10441893339157104,-0.40701746940612793,-0.01046244603901414,-0.08388060331344604,-0.5613517761230469,-0.05105795608221797,-0.05560100078582764,-0.6635951995849609,-0.08239303426205424,-0.027178049087524414,-0.7480665445327759,-0.10259450123965053,-0.04428231716156006,-0.39855071902275085,-0.020702599448554793,-0.05725035071372986,-0.5806327164173126,-0.06264386223017482,-0.060052454471588135,-0.6829554736614227,-0.09077202425658015,-0.055122584104537964,-0.769186407327652,-0.10541645334421901,0.016409695148468018,-0.35514187812805176,-0.03858106480299739,0.029645442962646484,-0.4515218138694763,-0.09740273551403789,-0.0013402104377746582,-0.3569144010543823,-0.10382379488407878,-0.02467656135559082,-0.27783042192459106,-0.0906251211589506,0.07189804315567017,-0.28505122661590576,-0.06042709471046237,0.06793719530105591,-0.35578736662864685,-0.10158938811480311,0.027735888957977295,-0.3011069893836975,-0.09825710849224834,-0.0077741146087646484,-0.24761313199996948,-0.08553357319294719
R,0.0,0.0,0.0,-0.07782596349716187,-0.08421957492828369,-0.0392349233384266,-0.11830398440361023,-0.20922929048538208,-0.06432737237764741,-0.08530375361442566,-0.33093857765197754,-0.09308540648771668,-0.01947927474975586,-0.4030057191848755,-0.11799301779819871,-0.1007499098777771,-0.3975100517272949,-0.017931793024672515,-0.08456450700759888,-0.5542687773704529,-0.059084793692363746,-0.06032004952430725,-0.6556572914123535,-0.08896691179825211,-0.03487306833267212,-0.7385375499725342,-0.10793694681478883,-0.040811747312545776,-0.38850390911102295,-0.02789664468718911,-0.05129706859588623,-0.5707409977912903,-0.07063415474249268,-0.05354472994804382,-0.6729924082756042,-0.09852372682644273,-0.04855510592460632,-0.757712334394455,-0.11303376979185487,0.020420491695404053,-0.3461151421070099,-0.04472062191916848,0.030926644802093506,-0.43950963020324707,-0.1033148003275528,-0.0048986077308654785,-0.3497375547885895,-0.11083669043136979,-0.031090617179870605,-0.2740072011947632,-0.09916434264732743,0.07606089115142822,-0.27894192934036255,-0.0652296004350319,0.0659712553024292,-0.3445426821708679,-0.10650882697655106,0.023777008056640625,-0.29434943199157715,-0.10424838042808915,-0.011977314949035645,-0.2447858452796936,-0.0927143154199257
R,0.0,0.0,0.0,-0.07877779006958008,-0.08162832260131836,-0.038427285575721726,-0.12120720744132996,-0.20528477430343628,-0.06345738070592688,-0.08883315324783325,-0.3253735303878784,-0.09247910576448248,-0.024611592292785645,-0.39803630113601685,-0.11784350472078131,-0.10128289461135864,-0.39200302958488464,-0.01826876746997641,-0.08762472867965698,-0.5474278330802917,-0.059391725534055695,-0.06355151534080505,-0.6483315229415894,-0.08989876108751105,-0.03826481103897095,-0.7313728630542755,-0.10987767177209662,-0.04159170389175415,-0.38202303647994995,-0.028718244010065064,-0.05287212133407593,-0.5566346645355225,-0.07291339682922171,-0.05532565712928772,-0.6550399959087372,-0.10194854783401297,-0.050376325845718384,-0.7365981042385101,-0.1173663918910961,0.018655836582183838,-0.3397095799446106,-0.045831508660171494,0.026860058307647705,-0.4324844181537628,-0.10448930012569235,-0.009733200073242188,-0.3440319299697876,-0.1115879078446369,-0.03577309846878052,-0.26858949661254883,-0.10001987563953207,0.07340091466903687,-0.2735077738761902,-0.06667894470081137,0.06259661912918091,-0.34126996994018555,-0.10848196941003607,0.020360589027404785,-0.29202014207839966,-0.10657193111762808,-0.014656364917755127,-0.2420925498008728,-0.09532434838399695
R,0.0,0.0,0.0,-0.07939940690994263,-0.07335662841796875,-0.0393483976411062,-0.1220177412033081,-0.1915888786315918,-0.06420335942380007,-0.09569710493087769,-0.3118208050727844,-0.09191724681727464,-0.03700760006904602,-0.3863397538661957,-0.11557344370953615,-0.10223346948623657,-0.37935325503349304,-0.019907709448261812,-0.08874991536140442,-0.5312502980232239,-0.05952253216378267,-0.0661570131778717,-0.6279379427433014,-0.08778920793406542,-0.041957318782806396,-0.7071233689785004,-0.10558920377366121,-0.04355323314666748,-0.3707226514816284,-0.02857802645735319,-0.058133602142333984,-0.5452829599380493,-0.07078269892804201,-0.061488330364227295,-0.6440896689891815,-0.09828556352726991,-0.057691752910614014,-0.7249258756637573,-0.11241883808247621,0.015427231788635254,-0.33052173256874084,-0.04374248185627039,0.019281089305877686,-0.4187716543674469,-0.10125681781642015,-0.014634549617767334,-0.33418962359428406,-0.10952486121527727,-0.03963261842727661,-0.2629023790359497,-0.09882597648970659,0.06891250610351562,-0.26721876859664917,-0.062401756881399706,0.05360281467437744,-0.3287956714630127,-0.10355247580878313,0.013640761375427246,-0.27978330850601196,-0.10261172824971254,-0.019360065460205078,-0.23285317420959473,-0.09209164255730684
R,0.0,0.0,0.0,-0.07667821645736694,-0.07201594114303589,-0.0387947372125268,-0.11785751581192017,-0.188615083694458,-0.06394067396985292,-0.09167975187301636,-0.30674999952316284,-0.0919132529722333,-0.03405308723449707,-0.38008737564086914,-0.11622972776757479,-0.1019936203956604,-0.3685336410999298,-0.022729242123830318,-0.0886334478855133,-0.518194317817688,-0.06359313418732881,-0.06606078147888184,-0.6145147681236267,-0.09282947321997881,-0.041980206966400146,-0.693691074848175,-0.11142563065158129,-0.0441267192363739,-0.3629232347011566,-0.03156040226684809,-0.0590512752532959,-0.5353260636329651,-0.07484148433076143,-0.06283462047576904,-0.6325910985469818,-0.10314752151833773,-0.0601617693901062,-0.7134345173835754,-0.11806458225117922,0.014675915241241455,-0.32591158151626587,-0.04649379094706774,0.018077373504638672,-0.4150039851665497,-0.10455441465245485,-0.01551508903503418,-0.32917341589927673,-0.11292941113578081,-0.040398985147476196,-0.25661641359329224,-0.10259436061249971,0.0683138370513916,-0.26560044288635254,-0.06482271095381975,0.051088571548461914,-0.3238775432109833,-0.1067987828479886,0.010837197303771973,-0.27771317958831787,-0.10662135472165346,-0.022430419921875,-0.23280829191207886,-0.09674135585891008
R,0.0,0.0,0.0,-0.07599914073944092,-0.06976914405822754,-0.038615419910115634,-0.11691996455192566,-0.18023180961608887,-0.06422334109322492,-0.09320029616355896,-0.29356980323791504,-0.09256110285298291,-0.03812888264656067,-0.3641131520271301,-0.11733989362494412,-0.09962469339370728,-0.36086440086364746,-0.02421236914472047,-0.08696135878562927,-0.5063825845718384,-0.06465846245066587,-0.06634879112243652,-0.600426197052002,-0.09372945074812833,-0.04328685998916626,-0.6779680550098419,-0.11238454227225247,-0.0428338348865509,-0.3538154363632202,-0.03305365462676946,-0.058148324489593506,-0.5207451283931732,-0.07657540534512464,-0.06146085262298584,-0.6156347393989563,-0.10493230019585553,-0.05743050575256348,-0.6954739093780518,-0.12003371064440671,0.015044987201690674,-0.3163159489631653,-0.04774746988789502,0.017866849899291992,-0.4036535322666168,-0.10513871108071271,-0.016232728958129883,-0.31990283727645874,-0.11295138244406644,-0.041439205408096313,-0.24889278411865234,-0.10265769754425946,0.06802326440811157,-0.2556762099266052,-0.06582900826708737,0.05175060033798218,-0.3141075372695923,-0.10696089957730237,0.01139146089553833,-0.27128666639328003,-0.106262809977693,-0.02248227596282959,-0.22924834489822388,-0.0962421292521185
R,0.0,0.0,0.0,-0.07392439246177673,-0.06525886058807373,-0.038945635973618664,-0.11442014575004578,-0.17297214269638062,-0.06447396632950131,-0.09243249893188477,-0.284717321395874,-0.09237369355480496,-0.03871956467628479,-0.35470613837242126,-0.11669811066906277,-0.09670060873031616,-0.3507612645626068,-0.025940293639109768,-0.08372300863265991,-0.4941869378089905,-0.0660025199941856,-0.06359872221946716,-0.5869655013084412,-0.09421137925903622,-0.04162898659706116,-0.6636787950992584,-0.11202500221054379,-0.040947407484054565,-0.3457520604133606,-0.034411279677556195,-0.05557519197463989,-0.5113664865493774,-0.07717097756187741,-0.05916786193847656,-0.6046076416969299,-0.10402456131498639,-0.056353479623794556,-0.6836313605308533,-0.11780012604515377,0.01602470874786377,-0.3100225329399109,-0.04868295621793095,0.01653599739074707,-0.3943529725074768,-0.10545799341718975,-0.016977518796920776,-0.30985695123672485,-0.1123308932475311,-0.04059082269668579,-0.24007022380828857,-0.10126719084303204,0.06799983978271484,-0.25098371505737305,-0.06637759712259594,0.049710631370544434,-0.3080306053161621,-0.10709211435835186,0.01007544994354248,-0.2636439800262451,-0.1059163605860931,-0.02153882384300232,-0.22113418579101562,-0.0954837372593147
R,0.0,0.0,0.0,-0.07387977838516235,-0.06574767827987671,-0.040067456065742135,-0.11428108811378479,-0.1683308482170105,-0.06632287740620768,-0.09698328375816345,-0.27688664197921753,-0.09473805069836772,-0.046329647302627563,-0.3478323221206665,-0.11951777279290354,-0.09527161717414856,-0.3466462790966034,-0.025427737607685685,-0.08348482847213745,-0.4851534962654114,-0.06539967596444285,-0.06423398852348328,-0.5756892561912537,-0.0943941467991749,-0.042130738496780396,-0.6513637900352478,-0.1131760248533169,-0.040803492069244385,-0.34184175729751587,-0.033660437314836145,-0.0558452308177948,-0.5028344392776489,-0.07630628287705576,-0.06037762761116028,-0.596736490726471,-0.1049747908106724,-0.05798381567001343,-0.6770689785480499,-0.12091454058798945,0.014865368604660034,-0.3060145974159241,-0.04785037726077235,0.01651403307914734,-0.3927464783191681,-0.10464230865153468,-0.016906023025512695,-0.31237807869911194,-0.11405046224507487,-0.041322797536849976,-0.24274230003356934,-0.10562144160184062,0.06606504321098328,-0.2469547986984253,-0.06551957815798914,0.0477200448513031,-0.30123835802078247,-0.10726559102448618,0.007250577211380005,-0.2608681321144104,-0.10872413903388178,-0.026866406202316284,-0.2200976014137268,-0.10066541224631465
R,0.0,0.0,0.0,-0.07316231727600098,-0.0624767541885376,-0.03822556076727324,-0.11383730173110962,-0.166509747505188,-0.06345775289616995,-0.09484097361564636,-0.2736908793449402,-0.09085595173917227,-0.0438285768032074,-0.34325146675109863,-0.11496651483855658,-0.09523451328277588,-0.3402445614337921,-0.027313012016634275,-0.08450999855995178,-0.47930973768234253,-0.06639344556413107,-0.0669771134853363,-0.5696864724159241,-0.09434234662137442,-0.0465448796749115,-0.6447215676307678,-0.1126444743402999,-0.04131507873535156,-0.33509811758995056,-0.03580172298632078,-0.053730547428131104,-0.49433189630508423,-0.0775773258336585,-0.05629873275756836,-0.5856496393680573,-0.10567099167190008,-0.05177772045135498,-0.663747638463974,-0.12139870537600927,0.013698279857635498,-0.29994383454322815,-0.04963920576653891,0.01567596197128296,-0.38727617263793945,-0.10467829121432715,-0.01810881495475769,-0.3087588846683502,-0.11366024179540091,-0.041785985231399536,-0.2406299114227295,-0.10554762495837622,0.06384456157684326,-0.24214935302734375,-0.06675251139483862,0.04562860727310181,-0.2961471974849701,-0.10787719799361639,0.00655895471572876,-0.25660568475723267,-0.10961903942904883,-0.024974167346954346,-0.21617233753204346,-0.10192615104995184
R,0.0,0.0,0.0,-0.0734686553478241,-0.061566829681396484,-0.03619755428735516,-0.11452603340148926,-0.16160118579864502,-0.061007294771115994,-0.09712135791778564,-0.26646435260772705,-0.08836623277966282,-0.046065449714660645,-0.3329956531524658,-0.11250076439682744,-0.09442701935768127,-0.3310663104057312,-0.025277124685089802,-0.08386337757110596,-0.46855831146240234,-0.06433704492155812,-0.06621852517127991,-0.5577867925167084,-0.09191946682039998,-0.045880138874053955,-0.6317133903503418,-0.10954746600691578,-0.04181772470474243,-0.3258472979068756,-0.034036580440442776,-0.05549579858779907,-0.4832402467727661,-0.07609833028618596,-0.05824419856071472,-0.5726414322853088,-0.10320204493109486,-0.05442523956298828,-0.6478637158870697,-0.11751460280720494,0.012288868427276611,-0.2927666902542114,-0.04805061217848561,0.011217385530471802,-0.3759322464466095,-0.10282035913769505,-0.022800564765930176,-0.29728129506111145,-0.1105402037173917,-0.04695746302604675,-0.23017483949661255,-0.1010397970349004,0.061932146549224854,-0.23798567056655884,-0.06519782539908192,0.04103398323059082,-0.2886897921562195,-0.10496023294035695,0.002064228057861328,-0.24807411432266235,-0.10522998121086857,-0.02917739748954773,-0.20849746465682983,-0.0962836518556287
R,0.0,0.0,0.0,-0.07237005233764648,-0.06025731563568115,-0.03608426704602152,-0.11297738552093506,-0.1582358479499817,-0.06112692012982279,-0.09622472524642944,-0.2603493928909302,-0.0886615130265227,-0.04821935296058655,-0.32817932963371277,-0.1130341428478232,-0.09235396981239319,-0.32748761773109436,-0.02613944254414946,-0.08164876699447632,-0.4618047773838043,-0.06481142967538744,-0.06488960981369019,-0.5492376685142517,-0.09228531896667391,-0.045635074377059937,-0.6228914856910706,-0.11007742464141756,-0.04071363806724548,-0.32310953736305237,-0.03503763556079775,-0.054091811180114746,-0.47602659463882446,-0.07661491512851626,-0.05808982253074646,-0.5639208853244781,-0.1037875699956885,-0.05609700083732605,-0.6393800675868988,-0.11846098184184939,0.012670755386352539,-0.2906791567802429,-0.04908412947850138,0.009808003902435303,-0.37267810106277466,-0.1036672058661452,-0.023982346057891846,-0.29322075843811035,-0.11188118040161044,-0.04779094457626343,-0.22577184438705444,-0.10303962856130511,0.061905503273010254,-0.2362557053565979,-0.06619230538206011,0.03876602649688721,-0.28503671288490295,-0.10655705511169344,-0.0009997785091400146,-0.24342995882034302,-0.10759296893672854,-0.03289473056793213,-0.20300036668777466,-0.09925834714965731
R,0.0,0.0,0.0,-0.07289320230484009,-0.06048762798309326,-0.03567488028875232,-0.11340436339378357,-0.1543247103691101,-0.06008198394647479,-0.09770405292510986,-0.25509434938430786,-0.08696726246944309,-0.05147421360015869,-0.32240480184555054,-0.11064203365913272,-0.09086593985557556,-0.319558709859848,-0.024017180346163514,-0.08205175399780273,-0.4509112238883972,-0.06155785828104854,-0.06596267223358154,-0.535560667514801,-0.08840969487300754,-0.0471595823764801,-0.607610285282135,-0.10564289524427295,-0.04086273908615112,-0.31638824939727783,-0.03253276183477283,-0.05627250671386719,-0.4685826897621155,-0.07242314054838062,-0.06136375665664673,-0.5555610060691833,-0.09881004973522067,-0.06049063801765442,-0.6299158334732056,-0.11311058237424731,0.011485040187835693,-0.2855108380317688,-0.04633583410850406,0.007297605276107788,-0.36555275321006775,-0.09935883715024829,-0.025844186544418335,-0.2891051471233368,-0.10814504607787967,-0.04961949586868286,-0.2224307656288147,-0.10004754646888614,0.06028556823730469,-0.23288631439208984,-0.06323638840785861,0.038768768310546875,-0.2816580533981323,-0.10201672747007251,-0.0007797479629516602,-0.24177026748657227,-0.10308335258832813,-0.033695608377456665,-0.20122182369232178,-0.0951650766955936
R,0.0,0.0,0.0,-0.07139444351196289,-0.05710649490356445,-0.034577725580618335,-0.11315670609474182,-0.15302109718322754,-0.058909053108379794,-0.09852680563926697,-0.2538391351699829,-0.08582847391693349,-0.04948514699935913,-0.3190246820449829,-0.10973730509607549,-0.09158733487129211,-0.3125162422657013,-0.025592520958468867,-0.0834483802318573,-0.44401925802230835,-0.06408601080505605,-0.06716999411582947,-0.5292908549308777,-0.09108757798998113,-0.0479581356048584,-0.6008748114109039,-0.10832750623552556,-0.041545480489730835,-0.3099157512187958,-0.03444777627913709,-0.05700439214706421,-0.4625008702278137,-0.07552692865459676,-0.061862558126449585,-0.5478726625442505,-0.10180686985580678,-0.06082072854042053,-0.6210047006607056,-0.11573369627325292,0.010371863842010498,-0.2803117036819458,-0.048239937177584125,0.005708098411560059,-0.3643922209739685,-0.10194812541334386,-0.026683419942855835,-0.28488826751708984,-0.10884372716276403,-0.04951295256614685,-0.21641695499420166,-0.09909472440807576,0.05822262167930603,-0.22918641567230225,-0.06500375097124333,0.034886568784713745,-0.280215859413147,-0.10428348754970784,-0.003261774778366089,-0.24019408226013184,-0.10447168921558614,-0.03414720296859741,-0.20003783702850342,-0.09567732190220113
R,0.0,0.0,0.0,-0.06932982802391052,-0.054202258586883545,-0.0353776302102915,-0.1100229024887085,-0.1473262906074524,-0.05948617792762434,-0.09853848814964294,-0.2462167739868164,-0.0858224455181471,-0.05450430512428284,-0.314134418964386,-0.10906517244018232,-0.0914764404296875,-0.3109406530857086,-0.024755220106612796,-0.08162188529968262,-0.4370843768119812,-0.0633949462238661,-0.06508022546768188,-0.5213590264320374,-0.09101883805431044,-0.04625365138053894,-0.5922466516494751,-0.10862096882499372,-0.04195612668991089,-0.30889734625816345,-0.03338143340386068,-0.05709880590438843,-0.4588301181793213,-0.07392389810718214,-0.06317627429962158,-0.5454169809818268,-0.10023617482818281,-0.063967764377594,-0.6202850043773651,-0.11427094525731718,0.009384125471115112,-0.27936461567878723,-0.047292360282312984,0.0034214556217193604,-0.3597238063812256,-0.10111773497499144,-0.028491824865341187,-0.2833538353443146,-0.10971521324552214,-0.05077117681503296,-0.21774977445602417,-0.10129072255529081,0.056865841150283813,-0.22805345058441162,-0.06419758237041151,0.03287723660469055,-0.274374395608902,-0.10364903247989332,-0.004655629396438599,-0.23442959785461426,-0.10505226737893736,-0.03448149561882019,-0.19573622941970825,-0.09733191615976011
R,0.0,0.0,0.0,-0.07111456990242004,-0.052119672298431396,-0.033427899568550856,-0.11298912763595581,-0.14748942852020264,-0.05561036789345053,-0.09932065010070801,-0.2474002242088318,-0.08028546893524435,-0.052313804626464844,-0.3122366964817047,-0.10202046656536368,-0.09287771582603455,-0.30858951807022095,-0.021178755774371893,-0.08237287402153015,-0.4337143898010254,-0.057246072082989485,-0.06599506735801697,-0.5178636908531189,-0.0826926099650791,-0.04805940389633179,-0.5882721841335297,-0.09885150366949347,-0.04400709271430969,-0.30816859006881714,-0.030045058443420203,-0.05986541509628296,-0.4574228525161743,-0.0682134869091442,-0.06675276160240173,-0.5423901081085205,-0.09227151596473959,-0.06898289918899536,-0.6144397258758545,-0.10457256609129217,0.0067313313484191895,-0.28044188022613525,-0.04412494772600439,-0.0013622641563415527,-0.359436571598053,-0.09632519805359152,-0.03224682807922363,-0.2803950607776642,-0.10359741175102499,-0.05385717749595642,-0.21327108144760132,-0.09416689896511343,0.05383121967315674,-0.23137331008911133,-0.06108527058290747,0.026776790618896484,-0.27468129992485046,-0.0992740707986286,-0.00960436463356018,-0.2313128113746643,-0.09971010112690237,-0.03768989443778992,-0.19041693210601807,-0.09126960658954886
R,0.0,0.0,0.0,-0.06661489605903625,-0.049601197242736816,-0.0330965448414986,-0.10656800866127014,-0.14508956670761108,-0.055448525050849184,-0.09362038969993591,-0.24333304166793823,-0.08035426254031108,-0.048436909914016724,-0.3079511523246765,-0.10260631556269573,-0.08923110365867615,-0.3053607940673828,-0.024870684767336115,-0.08082017302513123,-0.4336077570915222,-0.06142613331434177,-0.06629699468612671,-0.5193554759025574,-0.08636767084357189,-0.049891769886016846,-0.5906245112419128,-0.10190076048132823,-0.040707409381866455,-0.30269479751586914,-0.03337268198487209,-0.054855138063430786,-0.44989949464797974,-0.07233243102785991,-0.05928468704223633,-0.5318992435932159,-0.09569113368746685,-0.05895590782165527,-0.6017257869243622,-0.10703999216315196,0.00929415225982666,-0.27443382143974304,-0.04662461618539737,0.0009292066097259521,-0.3499113619327545,-0.0982024114823048,-0.029411286115646362,-0.2705778479576111,-0.10372247959134029,-0.04865202307701111,-0.20521283149719238,-0.0929405283426945,0.05464532971382141,-0.2267591953277588,-0.0627157952880566,0.028247207403182983,-0.27010220289230347,-0.09924129808899806,-0.006506383419036865,-0.22857731580734253,-0.0981014114117329,-0.030952811241149902,-0.1904921531677246,-0.08853751088139461
R,0.0,0.0,0.0,-0.06906703114509583,-0.051546454429626465,-0.0322225005825203,-0.10917383432388306,-0.1469293236732483,-0.05393103002506905,-0.09441626071929932,-0.24375450611114502,-0.07837734981376343,-0.04794907569885254,-0.3059696853160858,-0.10007268800336533,-0.08869925141334534,-0.30686840415000916,-0.022233067591969302,-0.08038777112960815,-0.43257617950439453,-0.05747218294936829,-0.06589570641517639,-0.5170855224132538,-0.0820436464150589,-0.04970008134841919,-0.5879671275615692,-0.09779203548032456,-0.04111263155937195,-0.30374181270599365,-0.031173741956536105,-0.054678529500961304,-0.44679969549179077,-0.06884111328918152,-0.05932697653770447,-0.5269246399402618,-0.09180145575601273,-0.058948665857315063,-0.5948830842971802,-0.10331000252563172,0.008182913064956665,-0.2747262716293335,-0.044983407994095614,0.001578211784362793,-0.34933018684387207,-0.09544636919099503,-0.029465019702911377,-0.2695651054382324,-0.10068064047891312,-0.049510806798934937,-0.2036452293395996,-0.0901201353867691,0.053262561559677124,-0.22548609972000122,-0.06167616932589226,0.028247565031051636,-0.2690305709838867,-0.09796330942708664,-0.0074277520179748535,-0.22645926475524902,-0.0969909714062851,-0.03336641192436218,-0.18708395957946777,-0.08767787977058106
R,0.0,0.0,0.0,-0.0668134093284607,-0.049285948276519775,-0.03164828381989082,-0.10620519518852234,-0.14503860473632812,-0.0526349786624678,-0.09293270111083984,-0.24165993928909302,-0.07659125886414131,-0.048209697008132935,-0.30409306287765503,-0.097917025904394,-0.08761930465698242,-0.30281293392181396,-0.020524572576618993,-0.0790485143661499,-0.4284750819206238,-0.05607986263487419,-0.06371241807937622,-0.5126796364784241,-0.08068497292254051,-0.047028809785842896,-0.5826409757137299,-0.0959469284817942,-0.040318071842193604,-0.30069613456726074,-0.02931023202393135,-0.05337360501289368,-0.44368571043014526,-0.06777592561695656,-0.0572037398815155,-0.5242227613925934,-0.09087768755409797,-0.056976646184921265,-0.591876745223999,-0.101708931843973,0.008535802364349365,-0.2736845016479492,-0.043052790682054365,3.382563591003418e-05,-0.3465947210788727,-0.09417389891598305,-0.029542893171310425,-0.2681255340576172,-0.09957555494759163,-0.04857507348060608,-0.20354485511779785,-0.0884316321418055,0.052709758281707764,-0.22696328163146973,-0.05958861298415741,0.026505112648010254,-0.27056729793548584,-0.0955189671323069,-0.007934004068374634,-0.2273769974708557,-0.09397448412630638,-0.03242364525794983,-0.18764668703079224,-0.08393739722225746
R,0.0,0.0,0.0,-0.06507816910743713,-0.05121737718582153,-0.03450866186898338,-0.10321858525276184,-0.14324569702148438,-0.05763083467167007,-0.09083911776542664,-0.23834240436553955,-0.08293744692485916,-0.04565000534057617,-0.3010629713535309,-0.10509226241987335,-0.08627498149871826,-0.30171191692352295,-0.023329745548778646,-0.07751759886741638,-0.4266204237937927,-0.05969787904899704,-0.062452733516693115,-0.5090805292129517,-0.08464763084333526,-0.04511868953704834,-0.5772779285907745,-0.09995899865310776,-0.03851938247680664,-0.29832154512405396,-0.030977643596941107,-0.05166572332382202,-0.4428742825984955,-0.0695953495232402,-0.056596577167510986,-0.5245019793510437,-0.09330409536045181,-0.05627310276031494,-0.5926335453987122,-0.1048099748222171,0.01079857349395752,-0.26997262239456177,-0.04382857078593361,0.0054566264152526855,-0.34377726912498474,-0.09547785440366852,-0.02583235502243042,-0.2677490711212158,-0.1023806757656871,-0.047109395265579224,-0.20427227020263672,-0.09246715674083816,0.055397361516952515,-0.22146713733673096,-0.05958869451563942,0.03109326958656311,-0.2635546922683716,-0.09647487619798767,-0.004963994026184082,-0.22284609079360962,-0.09639423856418716,-0.03263998031616211,-0.1848917007446289,-0.08748117605131256
R,0.0,0.0,0.0,-0.06459474563598633,-0.04881817102432251,-0.034859164809688536,-0.10350456833839417,-0.13974756002426147,-0.05786061212967297,-0.09033834934234619,-0.23621904850006104,-0.0829893343205299,-0.04632359743118286,-0.3010050356388092,-0.10483274534891507,-0.0880877673625946,-0.3002013862133026,-0.02336594947229287,-0.08015987277030945,-0.42476150393486023,-0.05937005878041646,-0.06628265976905823,-0.5075441598892212,-0.0839843146557655,-0.05040562152862549,-0.5762699544429779,-0.0993673719520416,-0.039935529232025146,-0.29856953024864197,-0.030877069761857,-0.05415987968444824,-0.43937161564826965,-0.07025658265303036,-0.0587134063243866,-0.5183525383472443,-0.09415023699949643,-0.05838790535926819,-0.5853794515132904,-0.1055420778746452,0.009702861309051514,-0.27123141288757324,-0.04355056509922406,0.0032569169998168945,-0.3406791687011719,-0.09579355940769574,-0.026547610759735107,-0.2625964283943176,-0.10193564668844601,-0.046363770961761475,-0.19994783401489258,-0.0913191877360191,0.05428007245063782,-0.22364044189453125,-0.05917821005533597,0.029262512922286987,-0.2645028233528137,-0.09645537958095929,-0.005990117788314819,-0.2228946089744568,-0.09596499726723096,-0.0325007438659668,-0.18585890531539917,-0.08661054745863339
R,0.0,0.0,0.0,-0.06513389945030212,-0.04743152856826782,-0.03248123241678513,-0.10376143455505371,-0.1393168568611145,-0.05338655946866311,-0.08881750702857971,-0.23611003160476685,-0.0765419059814576,-0.04401084780693054,-0.2974551320075989,-0.09664775965825356,-0.08751431107521057,-0.29936683177948,-0.020983654764449966,-0.07920512557029724,-0.423836886882782,-0.0549914145292405,-0.06445261836051941,-0.5058972537517548,-0.07834133295432366,-0.04867088794708252,-0.573425829410553,-0.09288015751258172,-0.03992220759391785,-0.2971714735031128,-0.02880026562229432,-0.05443122982978821,-0.43941473960876465,-0.06547532765284814,-0.059451282024383545,-0.518910139799118,-0.08823550282136239,-0.06006866693496704,-0.5843743681907654,-0.09921460388318337,0.009374558925628662,-0.2697046995162964,-0.04159484593287743,0.002483278512954712,-0.3372356593608856,-0.09162770001307763,-0.026822447776794434,-0.2637031674385071,-0.09936710236684121,-0.04718169569969177,-0.20287084579467773,-0.09046856848613061,0.054099202156066895,-0.22238409519195557,-0.05707026807681359,0.030227184295654297,-0.2619064450263977,-0.09301639137879647,-0.0053653717041015625,-0.22235321998596191,-0.09357852278367318,-0.03308182954788208,-0.18604880571365356,-0.08547252951279916
R,0.0,0.0,0.0,-0.06600213050842285,-0.046418964862823486,-0.03190663900386426,-0.1053386926651001,-0.14210379123687744,-0.05208281498562428,-0.08897170424461365,-0.2394697070121765,-0.07466220926653477,-0.043485820293426514,-0.3008183240890503,-0.09440001171242329,-0.08946028351783752,-0.2996341586112976,-0.02078609425734612,-0.08123946189880371,-0.42348289489746094,-0.054717224800697295,-0.0662156343460083,-0.5068559646606445,-0.07847528230558964,-0.05019819736480713,-0.5750471949577332,-0.09352355521332356,-0.041660845279693604,-0.2968144416809082,-0.028900739514938323,-0.055338114500045776,-0.4391500949859619,-0.06544915657650563,-0.060658276081085205,-0.5185504257678986,-0.08830460231911275,-0.06119942665100098,-0.5843817591667175,-0.09945570748459431,0.0071506500244140625,-0.268873929977417,-0.04186850484620663,0.0016518235206604004,-0.3368281424045563,-0.09063607525240513,-0.02907615900039673,-0.2618635296821594,-0.09685147624622914,-0.049796998500823975,-0.2014000415802002,-0.08714956116091344,0.05087560415267944,-0.22153562307357788,-0.057659213209262816,0.028344154357910156,-0.2635406255722046,-0.09224940907370183,-0.0058934688568115234,-0.2234613299369812,-0.09151433479200932,-0.03126394748687744,-0.1874678134918213,-0.08265771042715642
R,0.0,0.0,0.0,-0.06431210041046143,-0.049076974391937256,-0.03129468318030604,-0.10223448276519775,-0.14187443256378174,-0.051576284877512535,-0.0863538384437561,-0.236549973487854,-0.07424835320517786,-0.04220294952392578,-0.29678264260292053,-0.09423397686288126,-0.08813178539276123,-0.2996915578842163,-0.020632909796688637,-0.07864168286323547,-0.4242820143699646,-0.053889399580214103,-0.06421467661857605,-0.5059122741222382,-0.0769628604869581,-0.04935649037361145,-0.5725494921207428,-0.09134395625397929,-0.04055440425872803,-0.2956460118293762,-0.028699344209883293,-0.050190240144729614,-0.436968058347702,-0.06440460886761912,-0.05264627933502197,-0.5156476497650146,-0.08701726254031428,-0.051994919776916504,-0.5806997716426849,-0.09802855011031397,0.008512943983078003,-0.267508327960968,-0.04153685476586588,0.005260556936264038,-0.3341006636619568,-0.08966938611075648,-0.024034619331359863,-0.2630932927131653,-0.09765248950526484,-0.04511871933937073,-0.20457559823989868,-0.08941552992865809,0.052740246057510376,-0.22087037563323975,-0.05693636294409998,0.032289713621139526,-0.26188135147094727,-0.0907435065130926,-0.0004820823669433594,-0.22190409898757935,-0.09035970475480326,-0.025554895401000977,-0.18527263402938843,-0.08194995131299265
R,0.0,0.0,0.0,-0.06499937176704407,-0.049076199531555176,-0.03223577034952996,-0.10269850492477417,-0.14227938652038574,-0.05316769969942925,-0.08562618494033813,-0.23639315366744995,-0.07619033274534104,-0.03968408703804016,-0.29672184586524963,-0.09650323060634491,-0.08588698506355286,-0.296497642993927,-0.022590138812688565,-0.07606938481330872,-0.41994839906692505,-0.05701416624071953,-0.06042879819869995,-0.5017186999320984,-0.08079782394054291,-0.04388195276260376,-0.5685690343379974,-0.09554442283990738,-0.038144707679748535,-0.29348841309547424,-0.030392226626304364,-0.05099967122077942,-0.4382230341434479,-0.06622418281915543,-0.056003421545028687,-0.5187293589115143,-0.0887677919614589,-0.056461840867996216,-0.5853715538978577,-0.09987890986087677,0.01112741231918335,-0.2657310366630554,-0.0430526946234977,0.0063658952713012695,-0.3367084860801697,-0.09156991807105896,-0.02399301528930664,-0.2657838463783264,-0.0992692064988887,-0.045033425092697144,-0.2065746784210205,-0.09081699964883683,0.05568760633468628,-0.21878141164779663,-0.058386239086416936,0.0332794189453125,-0.2620120048522949,-0.09298920897128937,-0.0007824897766113281,-0.22285914421081543,-0.09307785597923157,-0.02611011266708374,-0.1867658495903015,-0.084963018869189
R,0.0,0.0,0.0,-0.06477808952331543,-0.04846906661987305,-0.031083940462167448,-0.10205188393592834,-0.1439618468284607,-0.05096647602408666,-0.0851738452911377,-0.2393375039100647,-0.07346732255905408,-0.039411336183547974,-0.2980777621269226,-0.09308129635542173,-0.0856630802154541,-0.30141741037368774,-0.019843085602815336,-0.07623299956321716,-0.4243195652961731,-0.05389420402138967,-0.060438066720962524,-0.5071621239185333,-0.07766850379198331,-0.04316157102584839,-0.5748900771141052,-0.09258951333254117,-0.037485361099243164,-0.2984507977962494,-0.028310573593671506,-0.05185842514038086,-0.44018590450286865,-0.06497869727104444,-0.05703863501548767,-0.5195655822753906,-0.08764010009258527,-0.05677485466003418,-0.5853971540927887,-0.09847379562347669,0.011848658323287964,-0.2700558304786682,-0.04162865218609113,0.0060499608516693115,-0.3380483388900757,-0.09079465356558103,-0.023147016763687134,-0.26179778575897217,-0.09630461868732709,-0.0421622097492218,-0.20075905323028564,-0.08578286406486768,0.056086957454681396,-0.2216922640800476,-0.05770585027426023,0.0331500768661499,-0.2641458511352539,-0.09237519738167066,-0.001514345407485962,-0.2235599160194397,-0.09107385662287015,-0.02651691436767578,-0.18789148330688477,-0.0815905117699458
R,0.0,0.0,0.0,-0.06492999196052551,-0.05085456371307373,-0.0312001983686514,-0.10150566697120667,-0.1457122564315796,-0.051401173607928285,-0.085182785987854,-0.24061334133148193,-0.07418902023277951,-0.038829147815704346,-0.299880713224411,-0.09418372614823056,-0.08393198251724243,-0.3002761900424957,-0.02007408990107251,-0.07392469048500061,-0.4240777790546417,-0.05389723359189702,-0.058646440505981445,-0.5063712000846863,-0.07717102570973111,-0.04212063550949097,-0.573803722858429,-0.0917228366299696,-0.03625789284706116,-0.2960973381996155,-0.028458977030140886,-0.049464285373687744,-0.4398651719093323,-0.06458727075300885,-0.05425286293029785,-0.5182931423187256,-0.08648792459212018,-0.05420637130737305,-0.5830011665821075,-0.09693562044344617,0.012675225734710693,-0.26727527379989624,-0.041718045161587725,0.007471531629562378,-0.33865129947662354,-0.09097285373650266,-0.022391080856323242,-0.26280277967453003,-0.09625604553662015,-0.04258662462234497,-0.20141184329986572,-0.08566964967690183,0.05641430616378784,-0.21914565563201904,-0.057671857909781465,0.033482491970062256,-0.2634602189064026,-0.09267233862124158,-0.00032150745391845703,-0.22183328866958618,-0.09115641369066907,-0.02493494749069214,-0.1846071481704712,-0.08154396517716123
R,0.0,0.0,0.0,-0.06425333023071289,-0.05116516351699829,-0.0321083962031139,-0.10122814774513245,-0.14529627561569214,-0.052871670485330924,-0.08612486720085144,-0.24132174253463745,-0.075881488532616,-0.03997048735618591,-0.30142709612846375,-0.09602570524890552,-0.08233445882797241,-0.3012726306915283,-0.021157635287238463,-0.07152995467185974,-0.42531299591064453,-0.05468687778790127,-0.05551406741142273,-0.506533145904541,-0.07791156312902103,-0.038877785205841064,-0.5734853744506836,-0.09246217450578342,-0.03459411859512329,-0.29685676097869873,-0.028898702845765456,-0.04518163204193115,-0.43918919563293457,-0.06501132240970264,-0.04830235242843628,-0.5178539752960205,-0.08743927618940006,-0.04807582497596741,-0.5829077661037445,-0.09838885060031544,0.014333337545394897,-0.26786717772483826,-0.041500721038175925,0.00906360149383545,-0.3395773768424988,-0.09083887180764805,-0.02103862166404724,-0.26759424805641174,-0.0982797070451511,-0.04241940379142761,-0.20718002319335938,-0.08944319924790989,0.058230847120285034,-0.21970123052597046,-0.05671238517840038,0.034908801317214966,-0.26437628269195557,-0.09195952853639255,-0.0011108219623565674,-0.22548186779022217,-0.09193260958869587,-0.02926880121231079,-0.1883983612060547,-0.083620384246899
R,0.0,0.0,0.0,-0.06434080004692078,-0.055837810039520264,-0.031235064901466103,-0.10086190700531006,-0.14757919311523438,-0.05295355949556324,-0.0865161120891571,-0.24138551950454712,-0.07727313745772335,-0.040248215198516846,-0.2997231185436249,-0.09900364983832333,-0.07975772023200989,-0.29888826608657837,-0.021969044171328278,-0.06896704435348511,-0.42553314566612244,-0.05603636387741062,-0.053493231534957886,-0.5070681571960449,-0.079808413572664,-0.03710368275642395,-0.5742890536785126,-0.09487086493527386,-0.03259962797164917,-0.29260531067848206,-0.029920074679012032,-0.040636539459228516,-0.4341259002685547,-0.06721709627663586,-0.040859729051589966,-0.5123619437217712,-0.09079781878745052,-0.03829649090766907,-0.5761547386646271,-0.10262216586625073,0.015697509050369263,-0.2633169889450073,-0.04245287138974163,0.009436577558517456,-0.3357936441898346,-0.09135744679724667,-0.021386533975601196,-0.26775822043418884,-0.09932690072810146,-0.043553948402404785,-0.2080278992652893,-0.0912260930613229,0.059103816747665405,-0.21601378917694092,-0.057528204806203576,0.03391435742378235,-0.25954669713974,-0.09192149300133678,-0.0024119019508361816,-0.22674816846847534,-0.09233018714940044,-0.0316101610660553,-0.19389647245407104,-0.08462197292601559
R,0.0,0.0,0.0,-0.06457632780075073,-0.05999201536178589,-0.03113589043397269,-0.10114777088165283,-0.14934754371643066,-0.054235432098096226,-0.08875787258148193,-0.23975014686584473,-0.080042965511268,-0.041557103395462036,-0.3003353178501129,-0.1031522674359735,-0.0699390172958374,-0.29696518182754517,-0.02296434881765208,-0.058181941509246826,-0.4201984405517578,-0.05807015279907546,-0.04284963011741638,-0.4995189309120178,-0.08223936686891875,-0.02648112177848816,-0.5656956434249878,-0.09727450440306029,-0.024243026971817017,-0.2895755469799042,-0.03171592185873351,-0.031081974506378174,-0.4335954487323761,-0.06938573698181472,-0.03323689103126526,-0.5140320360660553,-0.09302343408245406,-0.03250250220298767,-0.580182284116745,-0.10469231734651885,0.02259141206741333,-0.2586723566055298,-0.04506265724677405,0.013518840074539185,-0.33164578676223755,-0.09414097646850905,-0.020296424627304077,-0.264227956533432,-0.10098046044487319,-0.044405847787857056,-0.2055366039276123,-0.09182380864996276,0.06466782093048096,-0.20968526601791382,-0.06103675047535262,0.038059890270233154,-0.256402850151062,-0.09523060152906737,8.571147918701172e-05,-0.2235715389251709,-0.09454272667545638,-0.030759364366531372,-0.1906006932258606,-0.08585338274616561
R,0.0,0.0,0.0,-0.06525588035583496,-0.05529820919036865,-0.02953115519125049,-0.10536876320838928,-0.14853692054748535,-0.05134686682362144,-0.09781846404075623,-0.24125701189041138,-0.07622974220652168,-0.049439311027526855,-0.29761406779289246,-0.09858050797123497,-0.06661629676818848,-0.295454740524292,-0.02298816148180549,-0.054957807064056396,-0.4197210669517517,-0.057936931438632655,-0.0385512113571167,-0.49894407391548157,-0.08180778328318183,-0.020366579294204712,-0.5654511749744415,-0.0968573972954232,-0.022157639265060425,-0.28862306475639343,-0.03245420236129348,-0.030315518379211426,-0.43315982818603516,-0.07090343389648979,-0.03300926089286804,-0.5145536065101624,-0.09449992928642814,-0.031881481409072876,-0.5818047523498535,-0.10602009896177833,0.023803502321243286,-0.2577517628669739,-0.046144476570077586,0.011871665716171265,-0.33421239256858826,-0.09612539265293663,-0.025283098220825195,-0.26508885622024536,-0.10183776024717872,-0.050701647996902466,-0.20380932092666626,-0.09167772386211936,0.06487169861793518,-0.20775586366653442,-0.0623483159019429,0.034249454736709595,-0.2569262385368347,-0.09799654636520927,-0.005885690450668335,-0.2235090136528015,-0.09724816534657066,-0.0366901159286499,-0.18925964832305908,-0.08823706064362113
R,0.0,0.0,0.0,-0.06403976678848267,-0.057382822036743164,-0.028288427607492395,-0.10444483160972595,-0.1495532989501953,-0.050644323096946664,-0.10093578696250916,-0.24070590734481812,-0.07632094235844988,-0.053004175424575806,-0.2970903813838959,-0.09950825186200518,-0.06191533803939819,-0.29472750425338745,-0.023582422972992845,-0.04986348748207092,-0.41770488023757935,-0.059103190766052194,-0.03305724263191223,-0.49481555819511414,-0.083146434144453,-0.014406979084014893,-0.5600410401821136,-0.09814085425563235,-0.01740020513534546,-0.28949347138404846,-0.03364271657295603,-0.023741990327835083,-0.4339296817779541,-0.07212454439826388,-0.026827245950698853,-0.515987902879715,-0.09542257698007006,-0.026866137981414795,-0.5831867754459381,-0.10663491101689715,0.028343260288238525,-0.2594812512397766,-0.04775060700006861,0.010534822940826416,-0.3343525528907776,-0.09668924273677248,-0.028389811515808105,-0.2684198021888733,-0.10185439498849291,-0.054075688123703,-0.20834064483642578,-0.09157781662173647,0.06830060482025146,-0.21011430025100708,-0.06435878934092898,0.03269416093826294,-0.25727325677871704,-0.0983809939188518,-0.008505940437316895,-0.22454768419265747,-0.09702677638955493,-0.038308948278427124,-0.1897895336151123,-0.08782936991877932
R,0.0,0.0,0.0,-0.06429123878479004,-0.05350691080093384,-0.029209045286336277,-0.10566836595535278,-0.1469329595565796,-0.0521439142181066,-0.10458317399024963,-0.23751461505889893,-0.0781226098193315,-0.05816808342933655,-0.2929898202419281,-0.10159201320544753,-0.05758601427078247,-0.2967110276222229,-0.026997187699237202,-0.04595586657524109,-0.4207203984260559,-0.06245149445072684,-0.03173917531967163,-0.49705448746681213,-0.08589372929469619,-0.014756262302398682,-0.5615295469760895,-0.10063624527589354,-0.013235419988632202,-0.2887401282787323,-0.036956833268561695,-0.019518166780471802,-0.4320853352546692,-0.07644549157754454,-0.02325308322906494,-0.5133509039878845,-0.09987867769137893,-0.023620009422302246,-0.5804028213024139,-0.11103990074531112,0.03193783760070801,-0.25649428367614746,-0.05073633935586486,0.012079328298568726,-0.33337271213531494,-0.10141520347730193,-0.029803365468978882,-0.2662578523159027,-0.1068856730713037,-0.05769693851470947,-0.20610898733139038,-0.09655463841096434,0.07083433866500854,-0.20543402433395386,-0.06686591502563033,0.03298848867416382,-0.25424325466156006,-0.10337359603778395,-0.010114699602127075,-0.22100329399108887,-0.10289985832110915,-0.04125356674194336,-0.18667078018188477,-0.09390422102347884
R,0.0,0.0,0.0,-0.0646141767501831,-0.054806649684906006,-0.028964132406429144,-0.10589191317558289,-0.14628469944000244,-0.05248858440728554,-0.10771921277046204,-0.23450112342834473,-0.07958382774205575,-0.06125637888908386,-0.28783169388771057,-0.1039904769143618,-0.05348709225654602,-0.29671698808670044,-0.025635939427331778,-0.04344290494918823,-0.41928625106811523,-0.061292492189124914,-0.029804915189743042,-0.49458450078964233,-0.0851691405853785,-0.013401955366134644,-0.5585745573043823,-0.100255240090803,-0.009740680456161499,-0.2889615595340729,-0.03614104572744736,-0.015427559614181519,-0.4307468831539154,-0.07601360637755761,-0.020024210214614868,-0.5117795765399933,-0.0995782952389277,-0.02080366015434265,-0.578364759683609,-0.11067281324477563,0.03427085280418396,-0.256453275680542,-0.050633520223811956,0.01061791181564331,-0.33043789863586426,-0.1004962440213717,-0.034349262714385986,-0.26401761174201965,-0.1048730950436152,-0.06251254677772522,-0.2039662003517151,-0.09374133158536324,0.07073250412940979,-0.20454388856887817,-0.06775344569297204,0.030866235494613647,-0.2539371848106384,-0.10262008417458901,-0.013407409191131592,-0.22055476903915405,-0.10108254510970482,-0.04387274384498596,-0.18475985527038574,-0.09141403097720513
R,0.0,0.0,0.0,-0.06647366285324097,-0.05398964881896973,-0.026236149280180143,-0.10757702589035034,-0.14631712436676025,-0.04826076215397279,-0.1114351749420166,-0.23151236772537231,-0.0747950587261812,-0.06941697001457214,-0.2830900549888611,-0.09890663510452669,-0.051694780588150024,-0.29806414246559143,-0.023041079549898313,-0.04403194785118103,-0.4217984676361084,-0.05771944558512132,-0.03227236866950989,-0.4978967308998108,-0.08131324386488359,-0.017461717128753662,-0.5634675025939941,-0.09651536381136339,-0.007404357194900513,-0.2899351119995117,-0.03467440864335458,-0.013209730386734009,-0.42372721433639526,-0.07462353145967882,-0.01715254783630371,-0.5021998882293701,-0.09830706453215043,-0.017602980136871338,-0.5676546394824982,-0.10959339028488557,0.0359843373298645,-0.2579720914363861,-0.05008556952964227,0.0063555240631103516,-0.32449379563331604,-0.09925594067465227,-0.04266023635864258,-0.2577991485595703,-0.10320620870481889,-0.07338717579841614,-0.1979917287826538,-0.0921040836561815,0.06988507509231567,-0.2072136402130127,-0.06806199139248292,0.02660202980041504,-0.254834920167923,-0.10198701059709947,-0.01922038197517395,-0.21939027309417725,-0.09977991765629213,-0.05005478858947754,-0.18129682540893555,-0.0897903282035486
R,0.0,0.0,0.0,-0.06681272387504578,-0.049957334995269775,-0.029686474018149056,-0.10939675569534302,-0.14164119958877563,-0.05323389615898577,-0.11659619212150574,-0.22835242748260498,-0.0799880481887385,-0.07505202293395996,-0.2854265868663788,-0.10402313690667597,-0.052521735429763794,-0.2911902666091919,-0.02656270261888949,-0.04271391034126282,-0.41341155767440796,-0.06152094226365534,-0.02975594997406006,-0.4886298179626465,-0.08466023277526347,-0.01376110315322876,-0.5537404417991638,-0.09930716525798289,-0.008254021406173706,-0.28557586669921875,-0.03587203171139208,-0.014383435249328613,-0.42074984312057495,-0.07527975808864085,-0.017210543155670166,-0.5005987882614136,-0.09787049215321986,-0.01772400736808777,-0.5662294924259186,-0.10835094075684992,0.0347025990486145,-0.25548771023750305,-0.049315769933514275,0.0009358227252960205,-0.31912246346473694,-0.09908174794202296,-0.04800337553024292,-0.2557074725627899,-0.10459380667691676,-0.08011874556541443,-0.19916635751724243,-0.09472119879012553,0.06812167167663574,-0.20739585161209106,-0.06533909659867732,0.019182294607162476,-0.25014036893844604,-0.1009904525805041,-0.02875465154647827,-0.21213781833648682,-0.10091467272525279,-0.0625152587890625,-0.1742691993713379,-0.09255843680386988
R,0.0,0.0,0.0,-0.065694659948349,-0.05143862962722778,-0.030714566845176705,-0.10951539874076843,-0.14111024141311646,-0.05519147126722146,-0.12204575538635254,-0.22500616312026978,-0.08315943090963174,-0.08153754472732544,-0.28210121393203735,-0.10825616030740548,-0.053311049938201904,-0.2893221378326416,-0.02676548718261529,-0.043303340673446655,-0.4127364754676819,-0.0632392978553753,-0.03082522749900818,-0.48846304416656494,-0.08685684858608056,-0.01590690016746521,-0.5539789199829102,-0.10141220598268319,-0.009740948677062988,-0.2858235538005829,-0.03612919061231423,-0.01532474160194397,-0.42342936992645264,-0.0773141896610241,-0.020313680171966553,-0.5055215954780579,-0.10044994114684869,-0.0243242084980011,-0.5733103156089783,-0.11060750393914986,0.03312748670578003,-0.2577681541442871,-0.04997103198218156,-0.003537774085998535,-0.32074955105781555,-0.10164913444566537,-0.054136306047439575,-0.25670555233955383,-0.10763493834781457,-0.08828434348106384,-0.1994827389717102,-0.09703312723684121,0.06624972820281982,-0.2114129662513733,-0.06653145610141564,0.019710183143615723,-0.255399227142334,-0.10242082088041116,-0.027617186307907104,-0.21828800439834595,-0.10220119266557504,-0.06191781163215637,-0.17972451448440552,-0.09331741093444634
R,0.0,0.0,0.0,-0.06504401564598083,-0.05198472738265991,-0.032742171756012795,-0.10913965106010437,-0.14016270637512207,-0.059054694346173164,-0.12402483820915222,-0.22304880619049072,-0.08859988602159774,-0.0840996503829956,-0.28169476985931396,-0.11510823967216766,-0.05363360047340393,-0.2928229570388794,-0.03013763131855285,-0.04392769932746887,-0.4179927706718445,-0.06810243727920806,-0.03287321329116821,-0.4944406747817993,-0.09236464949606216,-0.019050955772399902,-0.5603133141994476,-0.1071241378998593,-0.009806185960769653,-0.28846681118011475,-0.038878265044672844,-0.014263778924942017,-0.4274062216281891,-0.08011404725073135,-0.019018441438674927,-0.507621169090271,-0.10222790690420425,-0.022601395845413208,-0.5741837322711945,-0.11159924717901504,0.03339153528213501,-0.2581329941749573,-0.05230715425966537,-0.00432160496711731,-0.3221406936645508,-0.10362194033621108,-0.053688883781433105,-0.25533026456832886,-0.10806771667955672,-0.08526283502578735,-0.19652295112609863,-0.0963717878079251,0.06664514541625977,-0.20832335948944092,-0.06877051594017303,0.02131950855255127,-0.251969575881958,-0.10425689371584212,-0.02546975016593933,-0.21678680181503296,-0.10357163401602065,-0.05865389108657837,-0.18041551113128662,-0.09424322398660934
R,0.0,0.0,0.0,-0.06522461771965027,-0.050733208656311035,-0.03157946565494285,-0.11031806468963623,-0.13841354846954346,-0.05705975839242683,-0.12690067291259766,-0.22007757425308228,-0.08578411587819801,-0.08883869647979736,-0.2775628864765167,-0.11165090003356681,-0.05552712082862854,-0.2903958261013031,-0.030871181798431735,-0.04530835151672363,-0.417508065700531,-0.06842838325843559,-0.03383079171180725,-0.4943636655807495,-0.09224313595638023,-0.02008056640625,-0.5606110692024231,-0.10678909817085014,-0.011824637651443481,-0.2867433726787567,-0.040068262306306224,-0.016792863607406616,-0.42776960134506226,-0.08143668719873176,-0.01972264051437378,-0.5082007348537445,-0.10331590571746574,-0.02196410298347473,-0.5738099813461304,-0.11255547502383934,0.031321436166763306,-0.25790733098983765,-0.05368855321154342,-0.00698968768119812,-0.32322561740875244,-0.10521663078412757,-0.05593255162239075,-0.25834786891937256,-0.11010731109723793,-0.08748820424079895,-0.20029932260513306,-0.09900631108627067,0.06395187973976135,-0.21023178100585938,-0.07016918161258445,0.015976428985595703,-0.2523753046989441,-0.10658565261707054,-0.03175732493400574,-0.21432238817214966,-0.10653903433427558,-0.06490281224250793,-0.17599838972091675,-0.09776174375161872
R,0.0,0.0,0.0,-0.06460002064704895,-0.05198639631271362,-0.03243826263661731,-0.11038801074028015,-0.13924545049667358,-0.057812041873887665,-0.1275503933429718,-0.22158730030059814,-0.0862226218831097,-0.08870664238929749,-0.28023868799209595,-0.11172573574896205,-0.057456761598587036,-0.29048603773117065,-0.02769503490145553,-0.04681915044784546,-0.412764310836792,-0.06368377366180766,-0.03457823395729065,-0.4868112802505493,-0.08647732743139613,-0.01968526840209961,-0.550858199596405,-0.10011717983599056,-0.013489782810211182,-0.2874806523323059,-0.03639260613437045,-0.019413113594055176,-0.4305976629257202,-0.0764327526938473,-0.024443119764328003,-0.5123903751373291,-0.09857541629190791,-0.02828747034072876,-0.5772133767604828,-0.1077898249876057,0.029829800128936768,-0.25984519720077515,-0.04989937999363292,-0.007357299327850342,-0.32243311405181885,-0.10214361109848369,-0.05802026391029358,-0.25901931524276733,-0.11016322233791698,-0.09227192401885986,-0.20136117935180664,-0.10061104902143825,0.06247532367706299,-0.2147735357284546,-0.06601980635042537,0.014223635196685791,-0.25729310512542725,-0.10283406385298122,-0.032481104135513306,-0.21970021724700928,-0.10424217143173564,-0.0663914680480957,-0.18097323179244995,-0.09642755546684612
R,0.0,0.0,0.0,-0.06403708457946777,-0.049880802631378174,-0.03202277718679625,-0.10946884751319885,-0.13687068223953247,-0.05699930264250952,-0.12339934706687927,-0.21769088506698608,-0.08488308190004545,-0.08683639764785767,-0.27872517704963684,-0.10998130141393858,-0.05701303482055664,-0.2893592119216919,-0.029759762050673544,-0.045582205057144165,-0.41322988271713257,-0.06565490661756712,-0.03341907262802124,-0.48859575390815735,-0.08811127691166121,-0.019246160984039307,-0.5529152452945709,-0.10154125391142088,-0.012690633535385132,-0.2858135402202606,-0.03861358313457686,-0.016499966382980347,-0.42757025361061096,-0.07931360154049116,-0.01971384882926941,-0.5089951455593109,-0.1019260689486714,-0.022747069597244263,-0.5740499496459961,-0.11149451433317381,0.03048226237297058,-0.2578364610671997,-0.05199710948960501,-0.006200581789016724,-0.3189573287963867,-0.10459620057241636,-0.056330084800720215,-0.2563098669052124,-0.11302951275007445,-0.09071356058120728,-0.19994443655014038,-0.10395408718483168,0.06368336081504822,-0.21300703287124634,-0.06786782591240126,0.01544603705406189,-0.25551509857177734,-0.10515049396650511,-0.03158682584762573,-0.22010284662246704,-0.10696067957775313,-0.06627196073532104,-0.18373894691467285,-0.09951073973076063
R,0.0,0.0,0.0,-0.06334677338600159,-0.048715293407440186,-0.031273573170437885,-0.10812065005302429,-0.13642680644989014,-0.05596716655327327,-0.1199997067451477,-0.21825337409973145,-0.08356526819898136,-0.08129248023033142,-0.27697473764419556,-0.1085181417865897,-0.0523013174533844,-0.28925570845603943,-0.030246514360442234,-0.04212281107902527,-0.4132983386516571,-0.06560641853047855,-0.030981898307800293,-0.4894828796386719,-0.08780489442779071,-0.01753818988800049,-0.554516464471817,-0.10149076161815174,-0.007612079381942749,-0.2844867706298828,-0.039572029839291645,-0.01217043399810791,-0.4246421456336975,-0.07985903648568637,-0.0160943865776062,-0.505594402551651,-0.102161515037551,-0.01912665367126465,-0.5699776113033295,-0.11181594757272251,0.0356079638004303,-0.25480008125305176,-0.05312062753273494,-0.0015364587306976318,-0.31737932562828064,-0.10509335575534351,-0.0517270565032959,-0.25620919466018677,-0.11258439300490863,-0.0851183831691742,-0.20044994354248047,-0.10331622091962345,0.06826713681221008,-0.20736747980117798,-0.06914810417129047,0.017802834510803223,-0.2474815845489502,-0.10688778338862903,-0.029869645833969116,-0.21014350652694702,-0.10852577863170154,-0.06334930658340454,-0.17228245735168457,-0.10092720715238102
R,0.0,0.0,0.0,-0.06421095132827759,-0.04926079511642456,-0.029242225291454815,-0.1082751452922821,-0.13578945398330688,-0.05274973467203381,-0.12245267629623413,-0.21522295475006104,-0.07979616552802327,-0.08735981583595276,-0.2701161205768585,-0.10436262965413334,-0.05448782444000244,-0.28880080580711365,-0.028873591052615666,-0.04360544681549072,-0.4125455617904663,-0.06388388604136708,-0.03228813409805298,-0.48727381229400635,-0.08590474009724858,-0.019050508737564087,-0.5520536601543427,-0.0992994684002042,-0.010409235954284668,-0.28370171785354614,-0.038576998116695904,-0.014670908451080322,-0.42358899116516113,-0.077781677546227,-0.019053727388381958,-0.5052830278873444,-0.09953291744204762,-0.02328658103942871,-0.5719138085842133,-0.10889761179896595,0.03297260403633118,-0.2538277506828308,-0.05231842801185849,-0.005519896745681763,-0.3142724931240082,-0.10279367894145253,-0.055951207876205444,-0.25341796875,-0.11026199937077763,-0.09042805433273315,-0.19805389642715454,-0.10113745957823994,0.06581225991249084,-0.2060302495956421,-0.06847343623849156,0.019017577171325684,-0.24833250045776367,-0.10440515756818058,-0.028741389513015747,-0.21377640962600708,-0.10560274154158833,-0.06403294205665588,-0.17798614501953125,-0.0979368317148328
R,0.0,0.0,0.0,-0.0630473792552948,-0.052273571491241455,-0.03272471988191228,-0.1061195433139801,-0.13594472408294678,-0.05848681592931371,-0.12075525522232056,-0.21669816970825195,-0.08715530151118855,-0.08440294861793518,-0.2728497385978699,-0.11301682555665593,-0.05462300777435303,-0.2915138900279999,-0.029317312329908418,-0.04335007071495056,-0.41246122121810913,-0.06603187733878713,-0.031775981187820435,-0.48773765563964844,-0.09026693963994603,-0.017504870891571045,-0.5529614984989166,-0.10547897630920033,-0.010314971208572388,-0.286966472864151,-0.037991863131424,-0.015692055225372314,-0.4258607029914856,-0.07879420036067586,-0.020207256078720093,-0.5073410868644714,-0.1025643911360703,-0.022777825593948364,-0.5744300186634064,-0.11357257181396108,0.03369629383087158,-0.2565259337425232,-0.05122881048907857,0.00167924165725708,-0.31821995973587036,-0.10317628496875386,-0.04895615577697754,-0.25796714425086975,-0.1114217382072411,-0.08388543128967285,-0.20300179719924927,-0.10269429200877767,0.06715917587280273,-0.20697689056396484,-0.06715325677384953,0.021973848342895508,-0.24864786863327026,-0.10413366967429738,-0.025040417909622192,-0.21700769662857056,-0.10592711383094411,-0.05976700782775879,-0.18379348516464233,-0.09856735581149678
R,0.0,0.0,0.0,-0.06344503164291382,-0.05463963747024536,-0.03232964458425158,-0.10625666379928589,-0.1392899751663208,-0.058335385793043315,-0.12100094556808472,-0.21977382898330688,-0.0875385660167467,-0.08223754167556763,-0.27413463592529297,-0.11405152412612551,-0.05663341283798218,-0.2939116358757019,-0.029269119301034152,-0.04602822661399841,-0.4168294072151184,-0.06692663165290469,-0.03531348705291748,-0.49367666244506836,-0.09186951401193255,-0.021711349487304688,-0.5597674548625946,-0.1074570971961748,-0.012457311153411865,-0.2885017991065979,-0.0384108308192026,-0.017191648483276367,-0.4282863140106201,-0.07966933729608172,-0.02139952778816223,-0.5103020370006561,-0.103647719645096,-0.02364802360534668,-0.5782922506332397,-0.11479788603742236,0.032082319259643555,-0.25778594613075256,-0.052088435315681636,0.0017380714416503906,-0.3228633403778076,-0.10396202238757724,-0.0472143292427063,-0.26216956973075867,-0.11154955955703372,-0.08019885420799255,-0.20606869459152222,-0.10239221485812777,0.06648588180541992,-0.20751559734344482,-0.06846648039777392,0.022092223167419434,-0.25190556049346924,-0.10477825584371203,-0.02465689182281494,-0.21949392557144165,-0.10548806520660037,-0.05809742212295532,-0.18482214212417603,-0.09744669082124346
R,0.0,0.0,0.0,-0.06206592917442322,-0.05317586660385132,-0.03293628635697132,-0.10533425211906433,-0.13928717374801636,-0.05914093571595913,-0.11721941828727722,-0.22475755214691162,-0.08814267831735378,-0.07450363039970398,-0.28111639618873596,-0.11428260075740582,-0.05731642246246338,-0.2911308705806732,-0.029449941766188203,-0.04645895957946777,-0.41326504945755005,-0.06730731594257122,-0.03474080562591553,-0.489115834236145,-0.0919425787299133,-0.019956529140472412,-0.5536724328994751,-0.10702811199121243,-0.013800978660583496,-0.2868741452693939,-0.03789684939079052,-0.0197393000125885,-0.42935803532600403,-0.07871806639127499,-0.023766309022903442,-0.5100769400596619,-0.10185501742057568,-0.025563061237335205,-0.5765208005905151,-0.11221503483943707,0.03028908371925354,-0.25700655579566956,-0.050935842272565424,0.0021726787090301514,-0.3237312436103821,-0.10241821425847775,-0.04229557514190674,-0.2602640688419342,-0.1087253095477081,-0.07173609733581543,-0.20248252153396606,-0.09841870534114605,0.06541517376899719,-0.20815181732177734,-0.06672780978374249,0.021059662103652954,-0.2516171932220459,-0.10225091147117382,-0.023562461137771606,-0.2201632261276245,-0.10224863159351116,-0.05540746450424194,-0.18685376644134521,-0.09363987314395672
R,0.0,0.0,0.0,-0.062319040298461914,-0.05248934030532837,-0.034379635827178845,-0.10442176461219788,-0.13840413093566895,-0.06150977023088444,-0.11490181088447571,-0.2248300313949585,-0.09118770517551411,-0.07296931743621826,-0.28253546357154846,-0.11796973355257023,-0.05833423137664795,-0.29141372442245483,-0.03213635914170254,-0.04815638065338135,-0.41755861043930054,-0.0707775325342368,-0.03640073537826538,-0.49453192949295044,-0.09605714388334263,-0.02144801616668701,-0.5606994032859802,-0.11180577136718739,-0.013573825359344482,-0.285348504781723,-0.04003622837507237,-0.020180165767669678,-0.4280310273170471,-0.08197475679361332,-0.025642991065979004,-0.5084488391876221,-0.10614937253438939,-0.02845737338066101,-0.5752496719360352,-0.11747334607088078,0.03148549795150757,-0.2546170651912689,-0.05237763829671849,0.005200594663619995,-0.32626742124557495,-0.10456333764039982,-0.04000812768936157,-0.2613547444343567,-0.11051011540138234,-0.0701335072517395,-0.20267915725708008,-0.10008785583221425,0.0676722526550293,-0.2047070860862732,-0.0675886765881728,0.02496814727783203,-0.24918299913406372,-0.1041695595546912,-0.019746333360671997,-0.218167245388031,-0.10439780809127797,-0.05148044228553772,-0.18534737825393677,-0.0957721442743491
R,0.0,0.0,0.0,-0.06372508406639099,-0.054201602935791016,-0.031240866874668427,-0.10574093461036682,-0.14022529125213623,-0.05622118467590553,-0.11226490139961243,-0.22666412591934204,-0.08426974469921333,-0.06893107295036316,-0.28178927302360535,-0.10963964963457329,-0.06173974275588989,-0.28981494903564453,-0.027539984678242035,-0.053882718086242676,-0.4129628539085388,-0.06478988880417091,-0.04256144165992737,-0.4903792142868042,-0.08994386101267082,-0.02706015110015869,-0.5572920739650726,-0.10601132119199974,-0.017370551824569702,-0.28398728370666504,-0.03640338907143814,-0.02621862292289734,-0.4205610752105713,-0.07818345481655342,-0.030088365077972412,-0.5003280341625214,-0.10314555222294075,-0.030230849981307983,-0.5674764513969421,-0.11525765562555534,0.028000861406326294,-0.25473466515541077,-0.049366639350864716,0.005948454141616821,-0.3230658173561096,-0.10085160786411507,-0.037852972745895386,-0.2565537393093109,-0.10680471861860497,-0.0677156150341034,-0.1973974108695984,-0.0968009358098243,0.06578680872917175,-0.2064400315284729,-0.06500458473465187,0.02495589852333069,-0.24819660186767578,-0.10130475217601997,-0.01945778727531433,-0.21266967058181763,-0.10114485526582939,-0.05171307921409607,-0.17682510614395142,-0.09246301407119972
R,0.0,0.0,0.0,-0.06299176812171936,-0.051629841327667236,-0.031120945809050227,-0.10343408584594727,-0.1367526650428772,-0.05540056071953359,-0.10494548082351685,-0.22441381216049194,-0.08228064246253552,-0.06163293123245239,-0.28057974576950073,-0.10641401178912702,-0.06195130944252014,-0.2853216826915741,-0.028417390880747462,-0.05282756686210632,-0.40559840202331543,-0.06475911207274976,-0.040353745222091675,-0.4805615544319153,-0.08873943902329984,-0.02509114146232605,-0.5455354452133179,-0.10365441359357419,-0.017773151397705078,-0.28173425793647766,-0.03743284113483014,-0.028440862894058228,-0.4237658679485321,-0.0763951680787045,-0.036873966455459595,-0.5071349442005157,-0.099781087709232,-0.04176980257034302,-0.5777561962604523,-0.11099807835893216,0.027817457914352417,-0.2528659403324127,-0.050506080610318804,0.006991475820541382,-0.32372936606407166,-0.10068095393256726,-0.032734036445617676,-0.25699448585510254,-0.10664604522065702,-0.05942472815513611,-0.1984965205192566,-0.09660456247405591,0.0676591694355011,-0.2038707137107849,-0.06612080253438535,0.028289705514907837,-0.2447727918624878,-0.1016971460707623,-0.014259904623031616,-0.20985162258148193,-0.10134565748052182,-0.04510575532913208,-0.1752772331237793,-0.09251718885974469
R,0.0,0.0,0.0,-0.06336206197738647,-0.05315852165222168,-0.029733739958658134,-0.1028217077255249,-0.13831692934036255,-0.05205902287508479,-0.09872913360595703,-0.22696638107299805,-0.07747523316885463,-0.055413633584976196,-0.28039249777793884,-0.09986739435936443,-0.07434543967247009,-0.2876276671886444,-0.023564543740405952,-0.06785997748374939,-0.4110509753227234,-0.059166511686100876,-0.05584287643432617,-0.489038348197937,-0.08318888971353999,-0.04153779149055481,-0.5546158254146576,-0.09826458075787059,-0.029596567153930664,-0.28406208753585815,-0.03312628919030658,-0.0417502224445343,-0.4231010675430298,-0.07252932170177928,-0.04833671450614929,-0.5036461353302002,-0.09646215120102397,-0.050747424364089966,-0.5718026459217072,-0.1080369485333108,0.017787575721740723,-0.2558259069919586,-0.04686920175100795,0.005240976810455322,-0.32735827565193176,-0.09686034748102657,-0.026540756225585938,-0.2581414580345154,-0.10197266021515361,-0.04744565486907959,-0.1983736753463745,-0.09134321490074626,0.06058084964752197,-0.20724010467529297,-0.06327721306826106,0.02897590398788452,-0.24937599897384644,-0.09874814579035274,-0.008682608604431152,-0.2133108377456665,-0.09760170260216228,-0.03587073087692261,-0.17774224281311035,-0.08805151859070293
R,0.0,0.0,0.0,-0.06279504299163818,-0.04581940174102783,-0.03371599893040411,-0.10102143883705139,-0.13259273767471313,-0.055950181735227034,-0.0916629433631897,-0.22553062438964844,-0.07991561497516386,-0.0478082001209259,-0.28125569224357605,-0.10039942915506117,-0.08602356910705566,-0.28794634342193604,-0.025189433423349783,-0.07878607511520386,-0.41118234395980835,-0.06044351513452284,-0.06564202904701233,-0.4903816282749176,-0.08477381820745222,-0.050973355770111084,-0.5560133755207062,-0.10011252964801542,-0.03927922248840332,-0.28613418340682983,-0.03256187419361822,-0.05547794699668884,-0.42520588636398315,-0.07075137103862517,-0.06422963738441467,-0.5067178606987,-0.0945683142072653,-0.06839150190353394,-0.5765670239925385,-0.10634692962236159,0.01002591848373413,-0.2590309977531433,-0.044504610998103544,0.00565183162689209,-0.3276728391647339,-0.09427111054725401,-0.021118074655532837,-0.2548108696937561,-0.09948622639245741,-0.040597766637802124,-0.1960102915763855,-0.08893611486024611,0.05473142862319946,-0.2111072540283203,-0.059407601309487745,0.03128993511199951,-0.2508842945098877,-0.09584623034066908,-0.002945542335510254,-0.21060901880264282,-0.094963828278253,-0.029616057872772217,-0.17457741498947144,-0.08534363861150496
R,0.0,0.0,0.0,-0.061682164669036865,-0.044213950634002686,-0.035260790881466164,-0.09863609075546265,-0.13492166996002197,-0.054691841748308434,-0.07527667284011841,-0.2270052433013916,-0.07492514133150507,-0.028943955898284912,-0.282256543636322,-0.09191521435673167,-0.09435164928436279,-0.28953468799591064,-0.024752393287371888,-0.08576095104217529,-0.41438233852386475,-0.05698476910288264,-0.0745464563369751,-0.49619367718696594,-0.07946206807787348,-0.06317993998527527,-0.5626594424247742,-0.09388239115173747,-0.04537031054496765,-0.2895788848400116,-0.03018790475721289,-0.0638388991355896,-0.42671582102775574,-0.06570501804048945,-0.0722699761390686,-0.5063407719135284,-0.08743866711552073,-0.0769563615322113,-0.5727432072162628,-0.09730518042738368,0.005606353282928467,-0.2625831365585327,-0.04032306551630427,0.007513761520385742,-0.3212681710720062,-0.08809761136467387,-0.011124849319458008,-0.2421731948852539,-0.09150351017410685,-0.026879996061325073,-0.18511295318603516,-0.07930032342369486,0.051503539085388184,-0.2158442735671997,-0.053627794530939354,0.03789794445037842,-0.2542572319507599,-0.08947901606256892,0.013869941234588623,-0.20206385850906372,-0.08653227418358256,-0.004651188850402832,-0.1618519425392151,-0.07494580924208094
R,0.0,0.0,0.0,-0.0586419403553009,-0.046586573123931885,-0.04075222248218324,-0.09245622158050537,-0.1358708143234253,-0.061255303863504196,-0.06280997395515442,-0.22956430912017822,-0.08136295685551431,-0.013338446617126465,-0.2899845838546753,-0.09809251287958887,-0.09623435139656067,-0.2890790104866028,-0.025093668792464996,-0.08919215202331543,-0.4093669056892395,-0.058093057666042114,-0.07706063985824585,-0.491413414478302,-0.08171300748369958,-0.06455552577972412,-0.5607408583164215,-0.09716142127297189,-0.04679572582244873,-0.2927141785621643,-0.027816075552323127,-0.06975823640823364,-0.427223265171051,-0.06278918841860559,-0.08035743236541748,-0.50480617582798,-0.08384600440047052,-0.08528518676757812,-0.571774423122406,-0.09358568647883203,0.004835009574890137,-0.265886127948761,-0.03625061148784425,0.013149440288543701,-0.32682040333747864,-0.08596209594986703,-0.002565324306488037,-0.24415475130081177,-0.08932989249012735,-0.01680135726928711,-0.18561947345733643,-0.07663037786267068,0.05147993564605713,-0.21677881479263306,-0.04829975003383424,0.045116126537323,-0.2565581202507019,-0.08652302036068704,0.025304555892944336,-0.1986778974533081,-0.0839220971801069,0.009954452514648438,-0.15590471029281616,-0.07223731437704828
R,0.0,0.0,0.0,-0.057999104261398315,-0.05049616098403931,-0.049947476217653275,-0.08752793073654175,-0.14019978046417236,-0.07322854382744026,-0.054289281368255615,-0.23254549503326416,-0.09438214285125923,-0.004492700099945068,-0.29924702644348145,-0.11130533946504784,-0.0998462438583374,-0.2914637327194214,-0.026753226498271943,-0.09277310967445374,-0.4074872136116028,-0.06274719370355797,-0.07768389582633972,-0.49121326208114624,-0.0889999849890728,-0.061323076486587524,-0.5605455935001373,-0.1054797081445713,-0.050053417682647705,-0.29696187376976013,-0.025510696897413254,-0.07582023739814758,-0.42730385065078735,-0.06347966028204155,-0.08855772018432617,-0.5079216957092285,-0.08614204658022118,-0.09454280138015747,-0.5774062275886536,-0.09607203138818932,0.0018396973609924316,-0.2697570025920868,-0.03152220902791214,0.012999176979064941,-0.3293043375015259,-0.08509050888767433,0.002384006977081299,-0.245111882686615,-0.08851222527971458,-0.00855708122253418,-0.18750691413879395,-0.07420523298731041,0.04867476224899292,-0.2200750708580017,-0.04203325716605377,0.046829402446746826,-0.26174670457839966,-0.08246687633743477,0.031000137329101562,-0.20257127285003662,-0.07947674227705193,0.017132341861724854,-0.1615193486213684,-0.06652334911575508
R,0.0,0.0,0.0,-0.05437922477722168,-0.045917510986328125,-0.05637076949051334,-0.08185192942619324,-0.12692618370056152,-0.08477202509811832,-0.04789531230926514,-0.2160680890083313,-0.10960444514921619,-0.0019224882125854492,-0.28866082429885864,-0.1298458025353284,-0.09989923238754272,-0.2797701060771942,-0.038566992481264606,-0.09267297387123108,-0.39897316694259644,-0.07832835321596576,-0.07870060205459595,-0.48406121134757996,-0.10636444841793491,-0.06223541498184204,-0.554500013589859,-0.1235974401729436,-0.051426321268081665,-0.2896663546562195,-0.034822513212475315,-0.07838395237922668,-0.42133647203445435,-0.0745925128953786,-0.09062173962593079,-0.5026907622814178,-0.09734730874470188,-0.09665906429290771,-0.5734535753726959,-0.1076554105179639,-0.0008808374404907227,-0.2658672630786896,-0.03861580868533565,0.017057418823242188,-0.3256549835205078,-0.09275901769569828,0.01165163516998291,-0.24644041061401367,-0.0961592540638776,0.002161383628845215,-0.18985581398010254,-0.08255213205984546,0.0448685884475708,-0.21893978118896484,-0.04752647583654834,0.049532294273376465,-0.2592408359050751,-0.0887626082198949,0.03729665279388428,-0.2018364667892456,-0.08640401517322971,0.023553073406219482,-0.15916717052459717,-0.07415216123035862
R,0.0,0.0,0.0,-0.05028572678565979,-0.046601712703704834,-0.057888369117620186,-0.07210618257522583,-0.12918508052825928,-0.08600369751894732,-0.038385987281799316,-0.2193569540977478,-0.10985191077435275,0.004062533378601074,-0.2944467067718506,-0.1286620116277959,-0.10148546099662781,-0.27577149868011475,-0.037818296854140954,-0.0933302640914917,-0.3949936628341675,-0.07584535241568346,-0.07979592680931091,-0.4799189865589142,-0.10210722595894595,-0.06394240260124207,-0.5500546991825104,-0.11803936124289294,-0.0542415976524353,-0.2874704599380493,-0.03267602906072398,-0.08328843116760254,-0.4188128113746643,-0.07208420247280856,-0.09490153193473816,-0.4998147636651993,-0.09439580053532381,-0.10120528936386108,-0.5719042122364044,-0.10404580742562075,-0.0034366250038146973,-0.26579684019088745,-0.035096394871118264,0.016731619834899902,-0.3257654905319214,-0.08994305789912005,0.01612997055053711,-0.24600136280059814,-0.09334475458109637,0.008039414882659912,-0.18996399641036987,-0.0790946698232915,0.04327303171157837,-0.22107917070388794,-0.04255695552075167,0.05007028579711914,-0.2613757252693176,-0.08391975522482653,0.04097169637680054,-0.20418769121170044,-0.08139515579188128,0.027372002601623535,-0.16225868463516235,-0.06875348002159853
R,0.0,0.0,0.0,-0.047377943992614746,-0.04525196552276611,-0.06392046827670583,-0.06634896993637085,-0.12672841548919678,-0.0921507554113532,-0.03120666742324829,-0.21686625480651855,-0.11410193163749227,0.01056283712387085,-0.29409629106521606,-0.13074331749078283,-0.10562729835510254,-0.2699878513813019,-0.042929429745640846,-0.1018892228603363,-0.3921763300895691,-0.07939867693778524,-0.0903857946395874,-0.47829002141952515,-0.10256212223168859,-0.0782029926776886,-0.546919584274292,-0.11518070865270147,-0.05950266122817993,-0.2832966148853302,-0.03357585910555372,-0.09001067280769348,-0.4187552034854889,-0.07075991500016698,-0.1005307137966156,-0.500998005270958,-0.08837872762080679,-0.10763370990753174,-0.5704377591609955,-0.09298944491740713,-0.008856713771820068,-0.2629859745502472,-0.032621462082829566,0.011364638805389404,-0.3101295828819275,-0.08700909484025487,0.015103578567504883,-0.23108720779418945,-0.09074899572726736,0.006569087505340576,-0.1827201247215271,-0.07532296348210821,0.03782075643539429,-0.22108811140060425,-0.036917369997468086,0.04767578840255737,-0.2571459114551544,-0.07586739230748663,0.040937960147857666,-0.1989361047744751,-0.07244652528163442,0.025081098079681396,-0.16177690029144287,-0.05903322640654096
R,0.0,0.0,0.0,-0.04470330476760864,-0.040345966815948486,-0.06684712183044894,-0.06466874480247498,-0.11819124221801758,-0.09859898548887713,-0.03055518865585327,-0.21055155992507935,-0.12304521214531405,0.008262217044830322,-0.2947596311569214,-0.141807331259713,-0.10516530275344849,-0.26633864641189575,-0.05350067701505168,-0.10122132301330566,-0.3917425274848938,-0.09311140936182483,-0.09243461489677429,-0.4784037470817566,-0.11791061472462161,-0.08411270380020142,-0.5507395565509796,-0.13225734096334918,-0.05938968062400818,-0.28206896781921387,-0.043528488393292264,-0.09093055129051208,-0.41616010665893555,-0.08290809255407794,-0.10127079486846924,-0.49620918929576874,-0.09997629236744388,-0.11040210723876953,-0.5672933161258698,-0.10491774093674167,-0.00938272476196289,-0.26430678367614746,-0.04171026360558017,0.01279836893081665,-0.308997243642807,-0.09649328749941333,0.019853293895721436,-0.22859442234039307,-0.09779802572296603,0.01140373945236206,-0.18124806880950928,-0.0817821980671738,0.037861406803131104,-0.2248324155807495,-0.04561122369335635,0.05114835500717163,-0.25580674409866333,-0.08660696309374316,0.0448572039604187,-0.19475144147872925,-0.08400034021900638,0.02610611915588379,-0.15813153982162476,-0.07152411949203952
R,0.0,0.0,0.0,-0.044082701206207275,-0.040361225605010986,-0.06838602788241133,-0.06386518478393555,-0.1168864369392395,-0.10025955952198728,-0.02715909481048584,-0.20554983615875244,-0.12424227810890898,0.011310398578643799,-0.2893287241458893,-0.14255023963244184,-0.10458144545555115,-0.2626469135284424,-0.053467272142484035,-0.1004900336265564,-0.38324737548828125,-0.09115878708155378,-0.08991369605064392,-0.4659966826438904,-0.11489249236376509,-0.08023545145988464,-0.5353611409664154,-0.12828251189978346,-0.06012868881225586,-0.2797122001647949,-0.042410465250327434,-0.09262153506278992,-0.414853572845459,-0.07825987256558165,-0.10376980900764465,-0.4969329535961151,-0.09337961144240126,-0.11434268951416016,-0.5700743794441223,-0.09722165978939756,-0.01057887077331543,-0.2616586983203888,-0.04002077348025068,0.012935996055603027,-0.3055712580680847,-0.09396984643728956,0.021981418132781982,-0.22670644521713257,-0.09808882541449293,0.013824760913848877,-0.18152379989624023,-0.0839362389543794,0.03675788640975952,-0.22279000282287598,-0.043206753502204265,0.052708327770233154,-0.2546234726905823,-0.08452593750746473,0.047292888164520264,-0.1958554983139038,-0.08421083010227903,0.028071224689483643,-0.16205918788909912,-0.07357815123589262
R,0.0,0.0,0.0,-0.04357713460922241,-0.043458759784698486,-0.06990822726106671,-0.06223607063293457,-0.12062579393386841,-0.10075090401983289,-0.024785995483398438,-0.20687741041183472,-0.12372266077613858,0.015185117721557617,-0.28895822167396545,-0.14167607897138623,-0.10324162244796753,-0.2680855393409729,-0.05044018426156072,-0.09918200969696045,-0.38823845982551575,-0.08670397424316434,-0.08902508020401001,-0.4699335992336273,-0.11045597070074109,-0.07967916131019592,-0.5374882817268372,-0.12318519824361829,-0.060053884983062744,-0.2827077805995941,-0.03850583308553723,-0.09115615487098694,-0.4203068017959595,-0.07013903134679822,-0.10215309262275696,-0.5044536292552948,-0.08326737904167203,-0.11292842030525208,-0.575517863035202,-0.0855647432169917,-0.011461138725280762,-0.2625328600406647,-0.03610167973852185,0.012579023838043213,-0.3090836703777313,-0.08933417075490979,0.02378559112548828,-0.23234689235687256,-0.09684773110961942,0.01838076114654541,-0.18546980619430542,-0.08424623632049588,0.03418004512786865,-0.22251886129379272,-0.039249706502914705,0.05114036798477173,-0.25821757316589355,-0.08105361783123044,0.047279179096221924,-0.1988247036933899,-0.0824555712304118,0.03109276294708252,-0.1607714295387268,-0.07255394333219556
R,0.0,0.0,0.0,-0.04255211353302002,-0.04563230276107788,-0.06894042383640908,-0.0596749484539032,-0.12657403945922852,-0.09751692455023431,-0.021049916744232178,-0.21334308385849,-0.11807984154432916,0.01801919937133789,-0.2958904802799225,-0.1336075816652169,-0.10231861472129822,-0.2710154056549072,-0.04831624071806573,-0.09986746311187744,-0.39231452345848083,-0.08287399302929543,-0.09000381827354431,-0.47414445877075195,-0.10506817739218377,-0.08184343576431274,-0.5415566563606262,-0.11654893349617623,-0.05976352095603943,-0.2847633361816406,-0.03604797687142991,-0.09001868963241577,-0.42348361015319824,-0.0667101595899453,-0.1004440188407898,-0.5078488886356354,-0.0792935941717019,-0.1105046272277832,-0.5781684815883636,-0.08086684386938714,-0.012142300605773926,-0.264477401971817,-0.0332888219854226,0.014548420906066895,-0.30769121646881104,-0.08609736751526498,0.025012671947479248,-0.23202800750732422,-0.09471581171959542,0.017812907695770264,-0.18824875354766846,-0.08268317620962762,0.0327378511428833,-0.22564584016799927,-0.035862796415983667,0.05237102508544922,-0.2602539360523224,-0.07727690081804894,0.0481029748916626,-0.20144671201705933,-0.07932026725023889,0.029874324798583984,-0.16555899381637573,-0.06990913342445992
R,0.0,0.0,0.0,-0.04097294807434082,-0.04368096590042114,-0.06983614326935594,-0.057060688734054565,-0.12254256010055542,-0.0995344555519182,-0.0181543231010437,-0.20843994617462158,-0.1210607326171953,0.02011770009994507,-0.29043254256248474,-0.13754831613522356,-0.09976047277450562,-0.26980581879615784,-0.05178252594095056,-0.09720805287361145,-0.39158862829208374,-0.0876330992720682,-0.0887850821018219,-0.4731207489967346,-0.11009677113514726,-0.08161607384681702,-0.5410903692245483,-0.12165011079531496,-0.056992024183273315,-0.2843741178512573,-0.03939799205880945,-0.08820730447769165,-0.4227456748485565,-0.07147001089077776,-0.09906387329101562,-0.5070922076702118,-0.08416825891953295,-0.10930019617080688,-0.5793533325195312,-0.08566113175373857,-0.008975088596343994,-0.2647961974143982,-0.03640674041133707,0.016900599002838135,-0.30491748452186584,-0.0901297068737108,0.028035104274749756,-0.22767680883407593,-0.09818496914130037,0.021748363971710205,-0.18403708934783936,-0.08549756170731371,0.03633522987365723,-0.22639060020446777,-0.03883610279780214,0.054934918880462646,-0.2582909166812897,-0.08026641966324632,0.05175048112869263,-0.19859760999679565,-0.08182344944697206,0.035331547260284424,-0.16332465410232544,-0.07198161990862673
R,0.0,0.0,0.0,-0.04209339618682861,-0.04180186986923218,-0.0738005225781535,-0.05978837609291077,-0.11852556467056274,-0.10375871856251706,-0.02010524272918701,-0.2036617398262024,-0.12470936377087583,0.01861858367919922,-0.284893661737442,-0.14024564225712766,-0.1039358377456665,-0.26731643080711365,-0.0516939346913432,-0.1007477343082428,-0.38990360498428345,-0.08574933905640592,-0.09038928151130676,-0.47227364778518677,-0.10668148447314252,-0.08231469988822937,-0.5400047600269318,-0.11707601298132886,-0.061085283756256104,-0.2836441993713379,-0.03671353284755696,-0.08988642692565918,-0.4215414524078369,-0.06804875631371488,-0.09908774495124817,-0.506040096282959,-0.08022421200314511,-0.10901373624801636,-0.5758844316005707,-0.08100515205899228,-0.013579010963439941,-0.26546674966812134,-0.03169269461670865,0.012072563171386719,-0.3052077889442444,-0.08718534905949582,0.026682794094085693,-0.22621071338653564,-0.09664340664187421,0.022946476936340332,-0.17939937114715576,-0.08387268681565274,0.0314178466796875,-0.22846007347106934,-0.032159916800651445,0.04939138889312744,-0.2607826590538025,-0.07548728932181348,0.04945272207260132,-0.19999408721923828,-0.07798650462666501,0.03554964065551758,-0.16134744882583618,-0.0680574213389491
R,0.0,0.0,0.0,-0.04101842641830444,-0.04529738426208496,-0.07156578793490098,-0.057375967502593994,-0.12540137767791748,-0.10172562643253968,-0.01719897985458374,-0.21189957857131958,-0.12380174889528917,0.022919654846191406,-0.2956237196922302,-0.14091537489855455,-0.09967422485351562,-0.27569112181663513,-0.04873007505500482,-0.09487447142601013,-0.397774875164032,-0.08354633643591569,-0.08315175771713257,-0.48040783405303955,-0.10589669241869615,-0.0733514130115509,-0.5474710166454315,-0.11746116324627565,-0.05597430467605591,-0.28829798102378845,-0.035996135019900066,-0.08400300145149231,-0.42739608883857727,-0.06723109229767488,-0.09429505467414856,-0.5122780948877335,-0.08052125170195268,-0.10482347011566162,-0.5821890234947205,-0.0824561600323932,-0.0075934529304504395,-0.26591959595680237,-0.03321615203583406,0.01918017864227295,-0.3107602000236511,-0.08756966485941575,0.03018718957901001,-0.23435473442077637,-0.09714947237932847,0.0240478515625,-0.19003427028656006,-0.08538627221548722,0.03772681951522827,-0.22511088848114014,-0.035914174908043606,0.05690562725067139,-0.26212078332901,-0.0787531320687549,0.05329787731170654,-0.2023136019706726,-0.08144402101004289,0.0364951491355896,-0.16555792093276978,-0.07222436710560487
R,0.0,0.0,0.0,-0.04516470432281494,-0.044049859046936035,-0.06824782294052056,-0.06175273656845093,-0.12523573637008667,-0.09717454564588479,-0.019552111625671387,-0.21267211437225342,-0.11819201511161737,0.02164161205291748,-0.2934522032737732,-0.1339881549479287,-0.0988793671131134,-0.272590309381485,-0.04966462951915673,-0.09351333975791931,-0.39424800872802734,-0.08539265197532586,-0.0815470814704895,-0.47615936398506165,-0.10850788456218652,-0.07097166776657104,-0.5433193445205688,-0.12058633369224481,-0.055674850940704346,-0.28811463713645935,-0.03796995979564599,-0.08588993549346924,-0.42835545539855957,-0.06897011202590875,-0.09576928615570068,-0.5141896605491638,-0.08126750391738824,-0.10447174310684204,-0.5870850384235382,-0.08282984596507958,-0.007536172866821289,-0.26835593581199646,-0.03563834902661256,0.016342461109161377,-0.31201133131980896,-0.08722351294773034,0.025669097900390625,-0.23311293125152588,-0.09316544038074426,0.019311070442199707,-0.18818700313568115,-0.07955312532203607,0.03823745250701904,-0.22840642929077148,-0.03886496824043206,0.055400848388671875,-0.2663246989250183,-0.07831523370759896,0.050897836685180664,-0.2071317434310913,-0.07784364920871667,0.03451263904571533,-0.17157816886901855,-0.06679121953266076
R,0.0,0.0,0.0,-0.044069886207580566,-0.04524773359298706,-0.0693888792824282,-0.059768080711364746,-0.12735515832901,-0.09709563647027153,-0.01821833848953247,-0.21427834033966064,-0.11657266859526771,0.020591914653778076,-0.29446691274642944,-0.13091927562470573,-0.09904387593269348,-0.2763688266277313,-0.047101801080657424,-0.09390851855278015,-0.3975922465324402,-0.08060213719124931,-0.08239218592643738,-0.478971004486084,-0.10227455739493507,-0.07218024134635925,-0.5455454885959625,-0.113452402694179,-0.0561140775680542,-0.2890831232070923,-0.03462067414636749,-0.08619549870491028,-0.42957085371017456,-0.06479359958882469,-0.09606146812438965,-0.5142779797315598,-0.07743599061484474,-0.10458892583847046,-0.5856631398200989,-0.07899649981970924,-0.00804746150970459,-0.2673637270927429,-0.031593100918485106,0.016728103160858154,-0.3137398362159729,-0.08429902587647575,0.0265958309173584,-0.23430979251861572,-0.09178496692891258,0.0203094482421875,-0.188559889793396,-0.07869571243043083,0.03746509552001953,-0.22643256187438965,-0.03394914959187645,0.054362356662750244,-0.26655590534210205,-0.0747679973077311,0.0514528751373291,-0.20563513040542603,-0.07477219943518776,0.03615212440490723,-0.16866809129714966,-0.06367104296202797
R,0.0,0.0,0.0,-0.043382346630096436,-0.04763525724411011,-0.06988200800606137,-0.05918934941291809,-0.12927061319351196,-0.09743292885013943,-0.017718076705932617,-0.2164934277534485,-0.116711894740547,0.022705793380737305,-0.29678261280059814,-0.13085834192224866,-0.09822028875350952,-0.2799359858036041,-0.04627395304032689,-0.0912211537361145,-0.40292447805404663,-0.07843584077545529,-0.08039066195487976,-0.4844323992729187,-0.09928497927376156,-0.07165619730949402,-0.551157683134079,-0.11005519585796719,-0.054597675800323486,-0.2919723093509674,-0.03313844906278973,-0.08311900496482849,-0.43245929479599,-0.06135464714952832,-0.09293568134307861,-0.5177678465843201,-0.07308007286974316,-0.10265380144119263,-0.5895769596099854,-0.07428370671459561,-0.006258666515350342,-0.2696744203567505,-0.029658832346285635,0.01739424467086792,-0.3131975531578064,-0.08067759381719952,0.02743518352508545,-0.23605448007583618,-0.08889038371034985,0.02073150873184204,-0.19184833765029907,-0.07656724261232739,0.03884899616241455,-0.22843468189239502,-0.03163923578449612,0.054706871509552,-0.2667545974254608,-0.07138981180378323,0.05125457048416138,-0.20729565620422363,-0.07218160735556012,0.035449087619781494,-0.17073184251785278,-0.06185281159469014
R,0.0,0.0,0.0,-0.0438767671585083,-0.045658767223358154,-0.06790790332490815,-0.060468852519989014,-0.12712931632995605,-0.09640823675329102,-0.019779205322265625,-0.21496134996414185,-0.11688659710819138,0.020936250686645508,-0.2954998314380646,-0.1320276446455182,-0.0973760187625885,-0.27493104338645935,-0.048249039780444036,-0.089607834815979,-0.3965766429901123,-0.08075599743062867,-0.0781686007976532,-0.47639840841293335,-0.10147021336490525,-0.06880250573158264,-0.5423164367675781,-0.11254466695720566,-0.05346927046775818,-0.28859585523605347,-0.03610740227634324,-0.08223217725753784,-0.4288173317909241,-0.06438287718231095,-0.09114879369735718,-0.5125513970851898,-0.07549596948558701,-0.09973132610321045,-0.5832975506782532,-0.07695451749498261,-0.005151510238647461,-0.266827255487442,-0.03312444685036553,0.018051624298095703,-0.31284046173095703,-0.08307111633951081,0.028854668140411377,-0.23555612564086914,-0.08934400601322068,0.02355879545211792,-0.18918877840042114,-0.07660303635532273,0.040374159812927246,-0.22490811347961426,-0.03551436213786019,0.05648523569107056,-0.26502975821495056,-0.07443850113088502,0.0539364218711853,-0.20768654346466064,-0.07429823650056733,0.03948521614074707,-0.170546293258667,-0.06385174764329804
R,0.0,0.0,0.0,-0.04282939434051514,-0.0465351939201355,-0.07113607084585283,-0.0595054030418396,-0.12696200609207153,-0.10129950052333925,-0.017743945121765137,-0.2153705358505249,-0.12290708577467058,0.023119032382965088,-0.29719093441963196,-0.13892360633445833,-0.09832644462585449,-0.27646538615226746,-0.05096981158686731,-0.09057146310806274,-0.4006671905517578,-0.08462967580391023,-0.07959738373756409,-0.4832507371902466,-0.10615541642738435,-0.07092523574829102,-0.5519099831581116,-0.11817359036041353,-0.053786635398864746,-0.28960537910461426,-0.037320709286461806,-0.0806242823600769,-0.42770305275917053,-0.06845623856617067,-0.08729022741317749,-0.5109082460403442,-0.08151274031234834,-0.09445562958717346,-0.5827094614505768,-0.08426735406948183,-0.005391299724578857,-0.26776373386383057,-0.03293263396454904,0.019819974899291992,-0.3117493987083435,-0.0846517891271219,0.02879643440246582,-0.2339937686920166,-0.09106813973022554,0.020621120929718018,-0.18861174583435059,-0.07846697276664827,0.03997749090194702,-0.22610020637512207,-0.03420410534573648,0.05704224109649658,-0.2627134621143341,-0.07471756493879411,0.05271494388580322,-0.2051849365234375,-0.07544723754955385,0.03510260581970215,-0.16970205307006836,-0.06550986921621416
R,0.0,0.0,0.0,-0.046256422996520996,-0.04619431495666504,-0.06769372983836774,-0.06358343362808228,-0.12958282232284546,-0.09681247635745649,-0.022595643997192383,-0.2194141149520874,-0.11829279079103117,0.01904827356338501,-0.30056899785995483,-0.13441050513648634,-0.10009241104125977,-0.2768629789352417,-0.04852821393870954,-0.09249460697174072,-0.40208524465560913,-0.08333368315362577,-0.08160030841827393,-0.4871854782104492,-0.10548596545123701,-0.07229310274124146,-0.5574220418930054,-0.11796351983213071,-0.05422472953796387,-0.2899070382118225,-0.0369219379034007,-0.08031600713729858,-0.4267900586128235,-0.070261915167805,-0.08927047252655029,-0.509321853518486,-0.08469747467898969,-0.09763884544372559,-0.5809465944766998,-0.08816390945577268,-0.0047550201416015625,-0.2684435546398163,-0.0341555000748599,0.018093347549438477,-0.31239789724349976,-0.08655836894178037,0.024008750915527344,-0.23308873176574707,-0.09132227762603407,0.015359878540039062,-0.18777084350585938,-0.07755886479282026,0.04115283489227295,-0.22584927082061768,-0.03690799414181356,0.0547446608543396,-0.26308026909828186,-0.07715604915284757,0.04829418659210205,-0.20423465967178345,-0.07644651546144132,0.030794978141784668,-0.16918331384658813,-0.06545132859611158
R,0.0,0.0,0.0,-0.045959532260894775,-0.047888338565826416,-0.06569524459473541,-0.06262287497520447,-0.1328134536743164,-0.0951682364188855,-0.021935641765594482,-0.2234196662902832,-0.11799289636246613,0.023195087909698486,-0.3019850254058838,-0.13559952728382996,-0.09713995456695557,-0.27743518352508545,-0.046030588223857194,-0.08838123083114624,-0.4023491144180298,-0.08319361112944534,-0.07408210635185242,-0.4890819191932678,-0.10709613166682175,-0.06103110313415527,-0.5591582357883453,-0.12060215674273422,-0.05160072445869446,-0.288890540599823,-0.03558728448979309,-0.07505711913108826,-0.4240584969520569,-0.07294154517285278,-0.08172225952148438,-0.5042158365249634,-0.09039201937548569,-0.08674365282058716,-0.5719385147094727,-0.09540039651028565,-0.002428770065307617,-0.2672547996044159,-0.03370924271575859,0.021252930164337158,-0.31203293800354004,-0.08737716428868225,0.02414780855178833,-0.2339898943901062,-0.09134691558710983,0.014704585075378418,-0.1879737377166748,-0.07678147010437897,0.043003857135772705,-0.22414785623550415,-0.03730913601748398,0.05614316463470459,-0.2619275748729706,-0.0764449869834607,0.04878568649291992,-0.20459753274917603,-0.07415769599310806,0.03199881315231323,-0.16945332288742065,-0.061965510024947434
R,0.0,0.0,0.0,-0.046064138412475586,-0.050975799560546875,-0.0643514239451406,-0.061993181705474854,-0.1375291347503662,-0.09309627052755332,-0.021493971347808838,-0.22664713859558105,-0.1160392233392713,0.025149226188659668,-0.3002340793609619,-0.13408137794942832,-0.09355086088180542,-0.2796359062194824,-0.04227753665657019,-0.084713876247406,-0.40400969982147217,-0.079737617935848,-0.07132002711296082,-0.490908145904541,-0.10454273160905814,-0.05732756853103638,-0.5614799559116364,-0.11907878455133414,-0.04732668399810791,-0.28720203042030334,-0.03289517324776625,-0.06901940703392029,-0.41808128356933594,-0.07305529650659537,-0.07425308227539062,-0.49540045857429504,-0.09416933294744467,-0.07599818706512451,-0.5617993175983429,-0.10145331856222128,0.001971721649169922,-0.26302370429039,-0.03173678677887892,0.02746683359146118,-0.30921733379364014,-0.08747344401092505,0.02535182237625122,-0.23078680038452148,-0.09255850252122855,0.014528930187225342,-0.1828826665878296,-0.07833461400480246,0.04620504379272461,-0.2176232933998108,-0.03594218504042601,0.05877983570098877,-0.25427234172821045,-0.07663057681531882,0.04968082904815674,-0.19847196340560913,-0.07490938838930106,0.033849895000457764,-0.1635504961013794,-0.06262867834777808
R,0.0,0.0,0.0,-0.04679304361343384,-0.04856008291244507,-0.06413878081173152,-0.06386908888816833,-0.1325620412826538,-0.09419389394849986,-0.02196657657623291,-0.2207394242286682,-0.11809407500356883,0.023449182510375977,-0.29626256227493286,-0.13695736555189342,-0.09071385860443115,-0.27733856439590454,-0.04606223059624881,-0.07941636443138123,-0.39955106377601624,-0.08487493125528545,-0.0639270544052124,-0.4855065941810608,-0.11045294580787868,-0.047480374574661255,-0.5543029308319092,-0.12543906597227306,-0.04259389638900757,-0.2839968800544739,-0.037664338478748505,-0.06289035081863403,-0.41794097423553467,-0.0790316569599554,-0.0689363181591034,-0.4985147714614868,-0.10101562319130153,-0.07060077786445618,-0.5693850517272949,-0.10926412371725291,0.007645726203918457,-0.2573769986629486,-0.037006295749847595,0.030502378940582275,-0.3055593967437744,-0.0924974041971609,0.023599684238433838,-0.22558391094207764,-0.09575439570278377,0.010840535163879395,-0.17808550596237183,-0.08097690669626445,0.05195194482803345,-0.21007603406906128,-0.04172898037165851,0.06086188554763794,-0.24570763111114502,-0.08253673789829463,0.0493660569190979,-0.18899989128112793,-0.07944710133403987,0.03301316499710083,-0.1559920310974121,-0.06640348909229488
R,0.0,0.0,0.0,-0.04783937335014343,-0.0511593222618103,-0.06116283598021255,-0.06649833917617798,-0.13707411289215088,-0.09019744681791053,-0.025941193103790283,-0.22486728429794312,-0.1139358459658979,0.020005106925964355,-0.29825472831726074,-0.13257641630843864,-0.08912402391433716,-0.28388896584510803,-0.04078065517023788,-0.07468581199645996,-0.40354055166244507,-0.07917231606916175,-0.05699756741523743,-0.4877890348434448,-0.1057527689881681,-0.03869831562042236,-0.556602269411087,-0.12221540051177726,-0.040824055671691895,-0.2889542579650879,-0.034071519101416925,-0.05951234698295593,-0.4225901961326599,-0.07561837422326789,-0.06645995378494263,-0.5019895732402802,-0.09944028692916618,-0.06871756911277771,-0.5731678903102875,-0.10978175985292182,0.008990705013275146,-0.26111966371536255,-0.034913803512608865,0.034283578395843506,-0.31714725494384766,-0.08982046979144798,0.024829089641571045,-0.23878121376037598,-0.09295696305707679,0.009570717811584473,-0.18941354751586914,-0.07894537883476005,0.05328887701034546,-0.2126888632774353,-0.04109830694869743,0.06432098150253296,-0.2503952383995056,-0.08230434643701301,0.04996365308761597,-0.194269061088562,-0.07970778929666267,0.030782222747802734,-0.15987980365753174,-0.06732008891776786
R,0.0,0.0,0.0,-0.048403531312942505,-0.04793143272399902,-0.06034333943534875,-0.06779944896697998,-0.13624966144561768,-0.08810182600427652,-0.028134465217590332,-0.2239058017730713,-0.11055874764133478,0.016730964183807373,-0.2953309416770935,-0.12810805379558587,-0.08640959858894348,-0.2865045368671417,-0.041579067103157286,-0.07229781150817871,-0.4087482988834381,-0.07814891575981164,-0.05615735054016113,-0.4936485290527344,-0.10274367719102884,-0.039082884788513184,-0.5624607503414154,-0.11800417988706613,-0.03816711902618408,-0.28927797079086304,-0.03506531505991006,-0.05521070957183838,-0.42445629835128784,-0.0753876784365275,-0.06134223937988281,-0.5032306909561157,-0.09791420339752221,-0.06290918588638306,-0.5713554322719574,-0.10734394877363229,0.01089775562286377,-0.2595706284046173,-0.035851209751854185,0.03520268201828003,-0.31635287404060364,-0.08955505429912591,0.023760199546813965,-0.2369031310081482,-0.09264427363086725,0.007554292678833008,-0.18831175565719604,-0.078910037271271,0.05429685115814209,-0.21054434776306152,-0.041862516991386656,0.06396090984344482,-0.24798011779785156,-0.08272798299003625,0.049171388149261475,-0.19185084104537964,-0.08087031482864404,0.030694663524627686,-0.15943223237991333,-0.0693105527680018
R,0.0,0.0,0.0,-0.050277769565582275,-0.04935222864151001,-0.05329276504301106,-0.06960326433181763,-0.14072197675704956,-0.07806588592313801,-0.028810620307922363,-0.22916388511657715,-0.09932079049133336,0.017565369606018066,-0.2942861318588257,-0.11607901634954487,-0.0809638500213623,-0.287291944026947,-0.03328124689244305,-0.06540367007255554,-0.4067224860191345,-0.06842145951770817,-0.045450687408447266,-0.48982593417167664,-0.09285956504129445,-0.024638652801513672,-0.5572643876075745,-0.10837159933828389,-0.032488226890563965,-0.28979843854904175,-0.030253550729980816,-0.05103349685668945,-0.42608416080474854,-0.06907326611064946,-0.05699756741523743,-0.5053090751171112,-0.09222809108280217,-0.05710121989250183,-0.5739850103855133,-0.10271470876716648,0.01638615131378174,-0.2599536180496216,-0.033978777698507656,0.03801095485687256,-0.3209979236125946,-0.0862661960937885,0.025982916355133057,-0.24130940437316895,-0.0884900751926807,0.01162177324295044,-0.1887187957763672,-0.07452794792436634,0.059769511222839355,-0.20937323570251465,-0.04248984786056553,0.0659669041633606,-0.2502829432487488,-0.08221947284721409,0.05148768424987793,-0.19419413805007935,-0.07897067698024784,0.036549925804138184,-0.15809673070907593,-0.066561757347813
R,0.0,0.0,0.0,-0.052254050970077515,-0.05200636386871338,-0.0509949213200116,-0.07055974006652832,-0.1444476842880249,-0.07478678955965279,-0.030095398426055908,-0.23266547918319702,-0.09577251955204247,0.015522658824920654,-0.2988061010837555,-0.1125251425736451,-0.07957124710083008,-0.29347604513168335,-0.030680946850111468,-0.06450241804122925,-0.41577404737472534,-0.06343111380272148,-0.04726168513298035,-0.5007648468017578,-0.08620998992853401,-0.02906632423400879,-0.5698378086090088,-0.10096368178062676,-0.0309717059135437,-0.2946165204048157,-0.028298424401214106,-0.04664945602416992,-0.4284399747848511,-0.06544048323564766,-0.05184999108314514,-0.5046607255935669,-0.08793210967712639,-0.05189317464828491,-0.5678985118865967,-0.0981111599438691,0.017361044883728027,-0.26411885023117065,-0.03251959367923973,0.03960317373275757,-0.32284218072891235,-0.08375355585747002,0.028303861618041992,-0.24856066703796387,-0.08831312491827248,0.01485133171081543,-0.19703948497772217,-0.07639215871029137,0.059783339500427246,-0.2133570909500122,-0.041187964224150164,0.06758534908294678,-0.2581664025783539,-0.08041795327596901,0.05234193801879883,-0.20548582077026367,-0.07887657716207741,0.036518394947052,-0.1670389175415039,-0.06799772366218804
R,0.0,0.0,0.0,-0.050755083560943604,-0.05198699235916138,-0.051119368635340834,-0.06990641355514526,-0.14565205574035645,-0.07552498217694392,-0.030761420726776123,-0.23450320959091187,-0.09689932700268855,0.01641172170639038,-0.3009082078933716,-0.11364243563286891,-0.07651352882385254,-0.2955173850059509,-0.032568458579703474,-0.06199842691421509,-0.4180508255958557,-0.06497338797919383,-0.04439219832420349,-0.5024362802505493,-0.08695172157160869,-0.025390625,-0.5714015662670135,-0.10127390559784999,-0.02809739112854004,-0.29455408453941345,-0.030170768611355925,-0.04368561506271362,-0.4298596978187561,-0.06744453694693675,-0.04850384593009949,-0.5048753321170807,-0.08935395266883006,-0.04709070920944214,-0.5676425397396088,-0.09937714424006572,0.019702792167663574,-0.262101411819458,-0.03423264633886447,0.04181796312332153,-0.3191390633583069,-0.0845008530842506,0.027550160884857178,-0.24687600135803223,-0.08822865422837367,0.012804865837097168,-0.1985570788383484,-0.0764531531559669,0.0619773268699646,-0.2106086015701294,-0.0428080112861835,0.07040387392044067,-0.25465646386146545,-0.08040878560416331,0.05324524641036987,-0.2030509114265442,-0.07818844553105464,0.0360872745513916,-0.16672861576080322,-0.06751945253483882
R,0.0,0.0,0.0,-0.05118471384048462,-0.05487626791000366,-0.04919936012936432,-0.07111221551895142,-0.15040838718414307,-0.07247554015827973,-0.034358590841293335,-0.2378612756729126,-0.09318449598265488,0.010939717292785645,-0.303469181060791,-0.10916529100848038,-0.07730701565742493,-0.299503892660141,-0.029431537431605648,-0.06002509593963623,-0.4187124967575073,-0.06212293606711228,-0.04042807221412659,-0.501087486743927,-0.08494234335137207,-0.019975721836090088,-0.5684285163879395,-0.09959759068203766,-0.029253274202346802,-0.29876622557640076,-0.02787132997525532,-0.04352852702140808,-0.43665364384651184,-0.06349055719090302,-0.04916650056838989,-0.5152287185192108,-0.08453075837803681,-0.048539817333221436,-0.5825503766536713,-0.09428797912312348,0.01858663558959961,-0.265664279460907,-0.03288182866288025,0.038703978061676025,-0.32620948553085327,-0.08233668905211289,0.02291494607925415,-0.24992746114730835,-0.08492771786166031,0.007054150104522705,-0.1985190510749817,-0.07218227785540421,0.06113576889038086,-0.21310847997665405,-0.04234405857039292,0.06972730159759521,-0.259884238243103,-0.07962266605807145,0.05052793025970459,-0.20799601078033447,-0.07670514535618622,0.03135412931442261,-0.17167937755584717,-0.06535499047947724
R,0.0,0.0,0.0,-0.05320730805397034,-0.05426347255706787,-0.04775792574201887,-0.07459300756454468,-0.15134865045547485,-0.0704946725598461,-0.03450119495391846,-0.24044597148895264,-0.09074736972962683,0.011725246906280518,-0.3065957725048065,-0.10651045133982961,-0.07726180553436279,-0.30198219418525696,-0.029540343486416987,-0.06088563799858093,-0.42093682289123535,-0.06167575185810392,-0.04173487424850464,-0.5039114952087402,-0.08420999934588735,-0.021903574466705322,-0.5716269314289093,-0.09915547659312551,-0.02882489562034607,-0.3008809983730316,-0.028997307919610193,-0.04362213611602783,-0.4394383728504181,-0.06454188218032186,-0.049331218004226685,-0.5164672136306763,-0.08615223904763525,-0.048638492822647095,-0.5818276703357697,-0.09669855823432272,0.019124865531921387,-0.26665499806404114,-0.03468803902779882,0.04004865884780884,-0.3281295597553253,-0.08392251124297445,0.02293229103088379,-0.2522397041320801,-0.08695121695910757,0.005779564380645752,-0.2012472152709961,-0.07515787174617117,0.06186497211456299,-0.212319016456604,-0.04464515512501066,0.06954067945480347,-0.2599691152572632,-0.08262202730094259,0.0500258207321167,-0.20751512050628662,-0.080165585779298,0.030777275562286377,-0.17088556289672852,-0.06943843355094259
R,0.0,0.0,0.0,-0.053271859884262085,-0.05381965637207031,-0.04509462465523484,-0.07756605744361877,-0.14948850870132446,-0.06690709342240098,-0.041741520166397095,-0.24077832698822021,-0.08713110585688355,0.005288124084472656,-0.30369430780410767,-0.10311537285326722,-0.07637381553649902,-0.3037000894546509,-0.02664873239575627,-0.059719741344451904,-0.421600878238678,-0.059650499867188955,-0.039890438318252563,-0.5034568905830383,-0.08329588969229462,-0.01939934492111206,-0.5710459351539612,-0.09901599635361436,-0.02753359079360962,-0.3029271960258484,-0.027792526902544523,-0.042420893907547,-0.44148576259613037,-0.0639199619459987,-0.0490836501121521,-0.5187029987573624,-0.08607991834162476,-0.049763888120651245,-0.5854603052139282,-0.09706885416983368,0.02064359188079834,-0.2698979675769806,-0.03509543885468247,0.03988736867904663,-0.3339118957519531,-0.08511680413960221,0.02240389585494995,-0.2553292512893677,-0.0876279999780536,0.0049828290939331055,-0.20150995254516602,-0.07521238227366212,0.06359457969665527,-0.21545881032943726,-0.04650815998195412,0.06974303722381592,-0.26392993330955505,-0.08466963519333603,0.05007660388946533,-0.20926356315612793,-0.08151542444704774,0.031300902366638184,-0.16994702816009521,-0.07017806221722367
R,0.0,0.0,0.0,-0.05659577250480652,-0.056992173194885254,-0.041436279855020075,-0.08166813850402832,-0.15491551160812378,-0.06186021371865991,-0.04317212104797363,-0.24404126405715942,-0.08187126248265031,0.006299138069152832,-0.30284231901168823,-0.09810864060307267,-0.07701602578163147,-0.3080357313156128,-0.022411600417740374,-0.06097322702407837,-0.4239233732223511,-0.056066333047397166,-0.04056510329246521,-0.5054035186767578,-0.08087477713013413,-0.01915016770362854,-0.572798103094101,-0.09730692832852128,-0.02820366621017456,-0.3049600124359131,-0.025878653592712908,-0.04226648807525635,-0.440376341342926,-0.06305285423184159,-0.04886719584465027,-0.5183796286582947,-0.08657576023722413,-0.049037396907806396,-0.5873548686504364,-0.09830483674193147,0.019878864288330078,-0.2705615162849426,-0.03530373304272416,0.037928760051727295,-0.3320167064666748,-0.08555510520125154,0.016544044017791748,-0.2501402497291565,-0.08719995497847322,-0.00272977352142334,-0.19523996114730835,-0.07383779316330674,0.062387287616729736,-0.21443140506744385,-0.04868537440086129,0.06777703762054443,-0.2618686854839325,-0.08605869739437821,0.0449637770652771,-0.2047635316848755,-0.08110491811419251,0.024483799934387207,-0.1646111011505127,-0.06828287868881944
R,0.0,0.0,0.0,-0.057803958654403687,-0.05373173952102661,-0.04404929081829323,-0.0837659239768982,-0.15246635675430298,-0.06538615549834503,-0.04299679398536682,-0.2428179383277893,-0.08582643593581452,0.008739233016967773,-0.3010108470916748,-0.10261093254121079,-0.07939213514328003,-0.30697232484817505,-0.025697752711494104,-0.06422090530395508,-0.4256921410560608,-0.060223111760933534,-0.04403102397918701,-0.5100873112678528,-0.08585363055499329,-0.023243337869644165,-0.5794878005981445,-0.10321118856700195,-0.029777944087982178,-0.30366310477256775,-0.028227928904016153,-0.04359757900238037,-0.43804943561553955,-0.06673127586873306,-0.04791998863220215,-0.5156302899122238,-0.09112850750716461,-0.04634031653404236,-0.5835618674755096,-0.10335089440377487,0.01893925666809082,-0.2682155966758728,-0.03673879603775276,0.03532302379608154,-0.3322141766548157,-0.08783112640412583,0.013802111148834229,-0.25092679262161255,-0.08980520988734497,-0.004713118076324463,-0.1952168345451355,-0.07659398938449158,0.061637938022613525,-0.21082061529159546,-0.049448998523075716,0.06470370292663574,-0.2558073401451111,-0.08866229082377686,0.04140818119049072,-0.1998283863067627,-0.08500335539611115,0.021823108196258545,-0.15997976064682007,-0.07271465088160767
R,0.0,0.0,0.0,-0.060503214597702026,-0.052121758460998535,-0.03933122855653437,-0.0897950828075409,-0.15134894847869873,-0.06005900827278765,-0.051384568214416504,-0.24244457483291626,-0.08105044540991457,0.004423737525939941,-0.2941893935203552,-0.0987709361039606,-0.0820416510105133,-0.3102717399597168,-0.0235823924564329,-0.06657636165618896,-0.42577284574508667,-0.05840810489883097,-0.04661548137664795,-0.5096997022628784,-0.0843780088149515,-0.025187373161315918,-0.5789642930030823,-0.10191634771456393,-0.03156620264053345,-0.30663537979125977,-0.029041978614827713,-0.04456630349159241,-0.44047755002975464,-0.06775358048309954,-0.04839661717414856,-0.5190131366252899,-0.09169103679289492,-0.04588848352432251,-0.5892944931983948,-0.10332207110752734,0.018676161766052246,-0.2708599269390106,-0.039925386282106956,0.030056238174438477,-0.3308747410774231,-0.09065679189791354,0.00536683201789856,-0.24632108211517334,-0.09105284986128481,-0.013284176588058472,-0.18790733814239502,-0.0762855085455385,0.062131643295288086,-0.2110610008239746,-0.054654915901323875,0.058755457401275635,-0.2520182132720947,-0.09182867881884249,0.03370070457458496,-0.19562441110610962,-0.08571549234022768,0.015704035758972168,-0.1550428867340088,-0.07152289626230868
R,0.0,0.0,0.0,-0.06073033809661865,-0.05174565315246582,-0.037760603261006054,-0.09202009439468384,-0.14982306957244873,-0.05867493061424511,-0.058356404304504395,-0.24216681718826294,-0.08046957014204281,-0.00398370623588562,-0.29337644577026367,-0.0993587589085223,-0.08862745761871338,-0.3050409257411957,-0.024976472389710125,-0.07296472787857056,-0.42680373787879944,-0.06186346991063374,-0.052630484104156494,-0.5118007659912109,-0.08888303397299069,-0.0321180522441864,-0.5806358456611633,-0.10640990642906445,-0.03824940323829651,-0.30094701051712036,-0.03084939627052563,-0.04957118630409241,-0.4402606785297394,-0.07013559250236767,-0.05329522490501404,-0.5222087800502777,-0.09466182349325436,-0.05228149890899658,-0.59327632188797,-0.10656041560770291,0.013065516948699951,-0.2665209174156189,-0.04185749871732014,0.023607075214385986,-0.3301769196987152,-0.09236796109081524,-0.0003420412540435791,-0.2500994801521301,-0.09478002695442456,-0.01868981122970581,-0.1910572052001953,-0.0814652880847575,0.05742448568344116,-0.20919030904769897,-0.05651739521027821,0.05067330598831177,-0.24751347303390503,-0.09380035756231564,0.024306654930114746,-0.1946202516555786,-0.08948408721090573,0.00514143705368042,-0.15417540073394775,-0.07650682983995694
R,0.0,0.0,0.0,-0.06371909379959106,-0.04732292890548706,-0.0372196740987647,-0.10130429267883301,-0.14282047748565674,-0.058846206176554006,-0.07451418042182922,-0.2362871766090393,-0.08143637772229795,-0.01994505524635315,-0.2857869267463684,-0.10141258384612684,-0.09137660264968872,-0.3044050633907318,-0.027109252992545407,-0.07912889122962952,-0.4280508756637573,-0.06285477872518186,-0.06294792890548706,-0.5132520794868469,-0.08855551179078702,-0.04537147283554077,-0.5806920230388641,-0.10478274967101697,-0.041075050830841064,-0.2984676957130432,-0.03350412915972356,-0.05087509751319885,-0.4414049983024597,-0.07155794348147992,-0.05632540583610535,-0.5270655751228333,-0.09608962829736356,-0.05575612187385559,-0.5977526009082794,-0.10806570645002012,0.010974347591400146,-0.26436442136764526,-0.044780873465811055,0.020683258771896362,-0.332236111164093,-0.09363357420591001,-0.004922151565551758,-0.25743407011032104,-0.09862973238853101,-0.023070454597473145,-0.19758927822113037,-0.08774308558133725,0.05702924728393555,-0.208507239818573,-0.059463706571136754,0.04681682586669922,-0.24806708097457886,-0.09488176997331266,0.01882341504096985,-0.19925421476364136,-0.09185802634385709,-0.0008295774459838867,-0.15852713584899902,-0.08047863538888578
R,0.0,0.0,0.0,-0.06570297479629517,-0.04535317420959473,-0.035522631507888036,-0.10298246145248413,-0.13889718055725098,-0.057938787293210225,-0.08565002679824829,-0.23393285274505615,-0.08203938151575585,-0.035103440284729004,-0.2845054566860199,-0.1034146502134945,-0.09362339973449707,-0.3032827079296112,-0.02683436605013867,-0.08086302876472473,-0.4311130940914154,-0.06348067070223351,-0.06448540091514587,-0.5156166851520538,-0.08940233583427926,-0.04550403356552124,-0.5816438496112823,-0.10522452290035744,-0.04422321915626526,-0.29678013920783997,-0.0343318126616623,-0.05344077944755554,-0.44156527519226074,-0.07398420865513344,-0.06060364842414856,-0.5314347743988037,-0.09981969292141457,-0.06152158975601196,-0.6045017242431641,-0.11239292020775338,0.007686972618103027,-0.26368993520736694,-0.046400240760817724,0.015339881181716919,-0.3331265449523926,-0.09631730164267083,-0.012093901634216309,-0.25931060314178467,-0.10243075634218712,-0.031831830739974976,-0.19844800233840942,-0.09195737833954354,0.05423271656036377,-0.2094355821609497,-0.06158704976417084,0.04086446762084961,-0.25074756145477295,-0.09737476254679223,0.010328441858291626,-0.20599859952926636,-0.09485452915407677,-0.012660413980484009,-0.16676121950149536,-0.08356258566357155
R,0.0,0.0,0.0,-0.06604143977165222,-0.04194360971450806,-0.03320719865820365,-0.10480371117591858,-0.131544291973114,-0.05476377723476844,-0.09215456247329712,-0.2261033058166504,-0.0778513830687757,-0.052078694105148315,-0.2817688584327698,-0.09842166123650031,-0.09064456820487976,-0.29901236295700073,-0.028302336164927056,-0.08029916882514954,-0.42557239532470703,-0.06412075279018836,-0.0652180016040802,-0.5080571472644806,-0.08966445741913276,-0.04719182848930359,-0.5742500424385071,-0.10554579464456992,-0.04178258776664734,-0.29489806294441223,-0.03677320299408393,-0.05615055561065674,-0.44102925062179565,-0.07407137570640998,-0.06612014770507812,-0.5313376784324646,-0.0993752461459394,-0.06747812032699585,-0.6055326461791992,-0.11285177437326865,0.009432017803192139,-0.26247066259384155,-0.04931076435110526,0.01145961880683899,-0.33821094036102295,-0.09687148598692374,-0.01800122857093811,-0.2691619396209717,-0.10376768378279166,-0.037948161363601685,-0.20983266830444336,-0.09570357767603355,0.05654031038284302,-0.20844054222106934,-0.06465095845720725,0.03696879744529724,-0.24750590324401855,-0.10059500304720359,0.0046638548374176025,-0.20266449451446533,-0.09973276225588279,-0.01839369535446167,-0.1635393500328064,-0.09042243478558021
R,0.0,0.0,0.0,-0.07180693745613098,-0.03987962007522583,-0.03429493034246889,-0.11323016881942749,-0.13628655672073364,-0.055111416671309144,-0.10195350646972656,-0.2359134554862976,-0.07736903155210939,-0.059910982847213745,-0.2977094054222107,-0.09696265781286684,-0.09503898024559021,-0.2997685968875885,-0.02660587342444387,-0.08585944771766663,-0.4302118420600891,-0.06233096593979326,-0.07078471779823303,-0.5146448910236359,-0.08701017225149599,-0.05370482802391052,-0.5822687149047852,-0.10208695853117433,-0.04677709937095642,-0.2951498031616211,-0.034523696694407136,-0.059721797704696655,-0.44327569007873535,-0.07314811373117891,-0.0695410668849945,-0.5330578982830048,-0.098060880843434,-0.07311323285102844,-0.6072490811347961,-0.11054189974430528,0.004038870334625244,-0.2640525698661804,-0.04696071246627298,0.005438119173049927,-0.34716010093688965,-0.09863193804386583,-0.022058218717575073,-0.27574777603149414,-0.10635567182663408,-0.041579753160476685,-0.21392834186553955,-0.09725839370850053,0.05150452256202698,-0.21218019723892212,-0.06200987199309793,0.03236624598503113,-0.26039671897888184,-0.10156126791599718,-0.00024074316024780273,-0.21450036764144897,-0.10158329928282228,-0.025395959615707397,-0.171461820602417,-0.0919813560879561
R,0.0,0.0,0.0,-0.07195848226547241,-0.04426896572113037,-0.03168258408464908,-0.1145789623260498,-0.13979732990264893,-0.05283706972755908,-0.10491225123405457,-0.2384306788444519,-0.07647262106098651,-0.06271308660507202,-0.30052581429481506,-0.0976310182587099,-0.09265804290771484,-0.298916757106781,-0.027080006547350877,-0.0875096321105957,-0.4351568818092346,-0.06262874940790653,-0.0774916410446167,-0.5241234004497528,-0.08632012049116611,-0.06560039520263672,-0.5974634289741516,-0.10115130583204746,-0.04511156678199768,-0.29522112011909485,-0.03668134251989841,-0.05822327733039856,-0.44167208671569824,-0.07600647548593997,-0.06376808881759644,-0.527720719575882,-0.09987698832907199,-0.06475526094436646,-0.6001562476158142,-0.11164486000694751,0.005680829286575317,-0.265777587890625,-0.05035045707978725,0.00035199522972106934,-0.3456963896751404,-0.10244852641977786,-0.025687068700790405,-0.26851776242256165,-0.10800210724033832,-0.04364442825317383,-0.20357108116149902,-0.09726816008247852,0.05269432067871094,-0.21543264389038086,-0.06656418333210468,0.028379112482070923,-0.26092788577079773,-0.1055650968328905,-0.005863547325134277,-0.21455073356628418,-0.10462722519793033,-0.032475441694259644,-0.170457661151886,-0.09452821651854038
R,0.0,0.0,0.0,-0.07297101616859436,-0.04380595684051514,-0.03334752125419982,-0.11653906106948853,-0.1387837529182434,-0.05506240604199775,-0.10943764448165894,-0.2418648600578308,-0.07890845490373977,-0.0677759051322937,-0.30824336409568787,-0.10000711334623702,-0.09811607003211975,-0.29882609844207764,-0.025331069060939626,-0.0914517343044281,-0.432414710521698,-0.06073317331947692,-0.07956942915916443,-0.5200278759002686,-0.08504449976362594,-0.06580230593681335,-0.5928559601306915,-0.10049210143961318,-0.04984003305435181,-0.29748740792274475,-0.03384110731758483,-0.06467774510383606,-0.4448903799057007,-0.0731778631893576,-0.0716317892074585,-0.5313520729541779,-0.09831589115538009,-0.07366669178009033,-0.6044740676879883,-0.11123990667738326,0.0016620457172393799,-0.2703877389431,-0.04669328434147246,-0.0036825239658355713,-0.3559120297431946,-0.09908682508148559,-0.03242987394332886,-0.28122809529304504,-0.10637796325363524,-0.05309849977493286,-0.21678870916366577,-0.0970082174030722,0.04918214678764343,-0.22237056493759155,-0.06216299189009078,0.02297493815422058,-0.2686186134815216,-0.10186175657190688,-0.012624382972717285,-0.22431546449661255,-0.10268986625351317,-0.04045450687408447,-0.18098974227905273,-0.09391317916788466
R,0.0,0.0,0.0,-0.07042688131332397,-0.04658997058868408,-0.03280867571641011,-0.11299067735671997,-0.14321553707122803,-0.05429677600670857,-0.10643875598907471,-0.24660062789916992,-0.07813686812926335,-0.06317952275276184,-0.31316304206848145,-0.09905567700673146,-0.0949343740940094,-0.2988075017929077,-0.023257156188378758,-0.08808621764183044,-0.4316994547843933,-0.05754792998243374,-0.0773485004901886,-0.5194197595119476,-0.08047111267853779,-0.06467205286026001,-0.5918945372104645,-0.09457009221125645,-0.04706040024757385,-0.2957874834537506,-0.03118004957843823,-0.06244763731956482,-0.44471797347068787,-0.06906374479342503,-0.070283442735672,-0.52932208776474,-0.09210587228346867,-0.07192346453666687,-0.6005176603794098,-0.10307328338433308,0.00402069091796875,-0.2682496905326843,-0.043566516886244244,-0.0020340383052825928,-0.3502133786678314,-0.09418048645068211,-0.03368315100669861,-0.27275919914245605,-0.09910465712357563,-0.05538070201873779,-0.2089899778366089,-0.08766132528592152,0.051344454288482666,-0.22041219472885132,-0.058633986214886136,0.025778651237487793,-0.26914411783218384,-0.09488405967761082,-0.009650468826293945,-0.22525399923324585,-0.09305751259137196,-0.03622019290924072,-0.18459534645080566,-0.08254358852911992
R,0.0,0.0,0.0,-0.0703698992729187,-0.05317193269729614,-0.031467372109659664,-0.1120990514755249,-0.15121877193450928,-0.05208353840328073,-0.10739564895629883,-0.2560802102088928,-0.07585322253919458,-0.06515905261039734,-0.324186235666275,-0.09653021537280893,-0.09462499618530273,-0.3010634183883667,-0.017047380586632244,-0.09037059545516968,-0.43648627400398254,-0.050168295880325786,-0.08073994517326355,-0.5252761840820312,-0.07269613586879586,-0.06820517778396606,-0.598354697227478,-0.08702457093215799,-0.0478188693523407,-0.29869771003723145,-0.025360287656553737,-0.064395010471344,-0.4464879631996155,-0.06387739025569772,-0.0703158974647522,-0.5285268127918243,-0.08828571580863809,-0.06905025243759155,-0.5967424213886261,-0.10031378411269998,0.00243222713470459,-0.2720336318016052,-0.03838714354253625,-0.004331082105636597,-0.3591275215148926,-0.0899953930876336,-0.03582778573036194,-0.28224289417266846,-0.09609113030649041,-0.05693820118904114,-0.21618950366973877,-0.08539167188621377,0.04977688193321228,-0.2257767915725708,-0.05399226539350366,0.023453354835510254,-0.2773462235927582,-0.09141987704254007,-0.012009501457214355,-0.23646143078804016,-0.09109364592052316,-0.038968294858932495,-0.19586312770843506,-0.08161172412849282
R,0.0,0.0,0.0,-0.06996315717697144,-0.05419588088989258,-0.030296042655265865,-0.11226823925971985,-0.15493714809417725,-0.049798177648938236,-0.1065223217010498,-0.2620723843574524,-0.0726517979992991,-0.06246387958526611,-0.33008137345314026,-0.09256700621978098,-0.0936996340751648,-0.30419284105300903,-0.014618920256054935,-0.08928579092025757,-0.437595009803772,-0.046658014972365436,-0.07889023423194885,-0.5260542631149292,-0.06857514577046686,-0.06558361649513245,-0.5986874401569366,-0.08245682912007624,-0.04704099893569946,-0.30177614092826843,-0.022757712845361766,-0.062244534492492676,-0.4473377615213394,-0.06012141900197321,-0.06933930516242981,-0.5268705785274506,-0.08380010919705683,-0.06909459829330444,-0.5914256572723389,-0.0951684434904223,0.0028911828994750977,-0.27514252066612244,-0.03564546452895456,-0.0033240020275115967,-0.3591606020927429,-0.08599969940320307,-0.03585788607597351,-0.28187304735183716,-0.09199877278939539,-0.05692186951637268,-0.21616464853286743,-0.0812812616123324,0.0499822199344635,-0.22946658730506897,-0.05102081419960314,0.02184164524078369,-0.27835673093795776,-0.08689855234757715,-0.013502508401870728,-0.23812901973724365,-0.08648658739463144,-0.03905168175697327,-0.20011571049690247,-0.0771555771125918
R,0.0,0.0,0.0,-0.06942406296730042,-0.055437445640563965,-0.030540263139926083,-0.11232060194015503,-0.1557416319847107,-0.05015229419740308,-0.10750207304954529,-0.2646992802619934,-0.0729108414140569,-0.06444299221038818,-0.33538007736206055,-0.09269243092211354,-0.09589871764183044,-0.30008575320243835,-0.0143583368969189,-0.0911327600479126,-0.4331071823835373,-0.04720132038863767,-0.07848885655403137,-0.521172434091568,-0.07018594802292455,-0.06276518106460571,-0.5937864184379578,-0.08505113781365026,-0.04895785450935364,-0.2992534637451172,-0.022183339902483112,-0.06501689553260803,-0.4462484121322632,-0.0599178670433389,-0.0720384418964386,-0.5252456665039062,-0.08476720363768209,-0.07091549038887024,-0.5892399847507477,-0.09759146333607305,0.0011567771434783936,-0.27395227551460266,-0.034891556808076984,-0.0030085742473602295,-0.36223292350769043,-0.08499756813915837,-0.03750082850456238,-0.2909829020500183,-0.09316674978407491,-0.06081652641296387,-0.22773122787475586,-0.08495422066124547,0.04825592041015625,-0.22920003533363342,-0.05008164779218305,0.02066218852996826,-0.27920326590538025,-0.0866817793336736,-0.015837669372558594,-0.24142542481422424,-0.0886746457305776,-0.0428372323513031,-0.20434477925300598,-0.08163594067963231
R,0.0,0.0,0.0,-0.06974726915359497,-0.0554121732711792,-0.029971806947742152,-0.11254417896270752,-0.1565679907798767,-0.04905459346309726,-0.10669547319412231,-0.2649379372596741,-0.07128193290964191,-0.0656951367855072,-0.3349646329879761,-0.09065714540020053,-0.09554257988929749,-0.3011474311351776,-0.014512624275539565,-0.09130048751831055,-0.4322538524866104,-0.047380746026192355,-0.07930082082748413,-0.5198297500610352,-0.07108735354677265,-0.06391119956970215,-0.5929858088493347,-0.08668467463985507,-0.049405574798583984,-0.2998559772968292,-0.022566738222394633,-0.06667196750640869,-0.44568000733852386,-0.05979472087756221,-0.0738525390625,-0.5248614251613617,-0.08436713429227893,-0.0721195638179779,-0.591433972120285,-0.097330153603707,-2.2530555725097656e-05,-0.2743227481842041,-0.03547662185565059,-0.002422034740447998,-0.3645314574241638,-0.08479950638547962,-0.037743717432022095,-0.2920011878013611,-0.09193040492073123,-0.062193483114242554,-0.2284165620803833,-0.08332764418855731,0.047420501708984375,-0.22917792201042175,-0.05095086308256214,0.02358013391494751,-0.2839708626270294,-0.08738114746347492,-0.01247340440750122,-0.2466038465499878,-0.0886294922424895,-0.0401894748210907,-0.2092723846435547,-0.08113800795808856
R,0.0,0.0,0.0,-0.06851997971534729,-0.05701535940170288,-0.03081692729375618,-0.1107824444770813,-0.15852919220924377,-0.050080481658199005,-0.10618773102760315,-0.2700909376144409,-0.07243684280894058,-0.06404951214790344,-0.3436886966228485,-0.09184590328715103,-0.09711503982543945,-0.3003990352153778,-0.011691655705192261,-0.0937868058681488,-0.43065547943115234,-0.04391684729836243,-0.08163625001907349,-0.515926718711853,-0.06703247476599472,-0.065754234790802,-0.5869109630584717,-0.08215841997645157,-0.05095475912094116,-0.300009161233902,-0.018719941119172745,-0.06907826662063599,-0.4462221711874008,-0.05527015004537361,-0.07599326968193054,-0.5250962376594543,-0.08017477739832657,-0.07402420043945312,-0.5911849141120911,-0.09346212793371933,-0.0016878843307495117,-0.27562305331230164,-0.03094054732702034,-0.0028818249702453613,-0.37028759717941284,-0.08016546417258041,-0.037952423095703125,-0.29693669080734253,-0.08871360469839829,-0.06262880563735962,-0.23189523816108704,-0.08105257500193375,0.04607906937599182,-0.23274314403533936,-0.04564725581786888,0.021257400512695312,-0.2880982458591461,-0.08237579066536682,-0.013905435800552368,-0.2512340247631073,-0.0851544101931836,-0.04153144359588623,-0.21386191248893738,-0.07872969258806961
