label,x0,y0,z0,x1,y1,z1,x2,y2,z2,x3,y3,z3,x4,y4,z4,x5,y5,z5,x6,y6,z6,x7,y7,z7,x8,y8,z8,x9,y9,z9,x10,y10,z10,x11,y11,z11,x12,y12,z12,x13,y13,z13,x14,y14,z14,x15,y15,z15,x16,y16,z16,x17,y17,z17,x18,y18,z18,x19,y19,z19,x20,y20,z20
S,0.0,0.0,0.0,-0.07295650243759155,-0.06161993741989136,-0.022816095099699396,-0.12192106246948242,-0.1722949743270874,-0.034194623649966616,-0.09725207090377808,-0.2738107740879059,-0.05017330643619289,-0.03705477714538574,-0.29028603434562683,-0.05775395926917781,-0.11795425415039062,-0.26374539732933044,0.012084243289280039,-0.12040337920188904,-0.3743123263120651,-0.033072715223681826,-0.10180473327636719,-0.2816604971885681,-0.05593545880998363,-0.09519186615943909,-0.23124024271965027,-0.06356162351454486,-0.06485509872436523,-0.2703804075717926,0.004230813524770838,-0.06061136722564697,-0.3771117776632309,-0.038054151059043306,-0.0542413592338562,-0.27192044258117676,-0.04365845915759792,-0.057701170444488525,-0.23512637615203857,-0.03470481705750217,-0.01199263334274292,-0.2616454064846039,-0.013089068763804335,-0.0019345879554748535,-0.3562316745519638,-0.05104227882708301,-0.007017850875854492,-0.2558867037296295,-0.0364381946333765,-0.015470266342163086,-0.212832510471344,-0.0139209400572895,0.039784371852874756,-0.2385537028312683,-0.033986987144601244,0.042587101459503174,-0.30954837799072266,-0.04699612554992427,0.03158479928970337,-0.24932819604873657,-0.02990420681322803,0.025204181671142578,-0.21336644887924194,-0.011369177670133013
S,0.0,0.0,0.0,-0.07230609655380249,-0.06217813491821289,-0.025986055732118984,-0.12171810865402222,-0.17120590806007385,-0.0396422751996397,-0.09794110059738159,-0.27230003476142883,-0.057301931903111836,-0.034673333168029785,-0.2931947410106659,-0.06615557603572597,-0.11810371279716492,-0.26767513155937195,0.008723132423710922,-0.12081465125083923,-0.37515461444854736,-0.038810004368770024,-0.10359019041061401,-0.2788124680519104,-0.06283677451347103,-0.09690198302268982,-0.23042535781860352,-0.07115382783149471,-0.06478643417358398,-0.2736371159553528,0.0009235558632099128,-0.06073296070098877,-0.3805670589208603,-0.04344683967565288,-0.056863367557525635,-0.2721811532974243,-0.04885515652631511,-0.05900317430496216,-0.23783954977989197,-0.039393731281506916,-0.01186680793762207,-0.2635830342769623,-0.0168767635527729,-0.001673877239227295,-0.3590170741081238,-0.05634587340091457,-0.009819984436035156,-0.25818535685539246,-0.041110277995812794,-0.017252802848815918,-0.21880173683166504,-0.018019094020473858,0.03968000411987305,-0.2384362518787384,-0.038642228469598194,0.04172801971435547,-0.30859145522117615,-0.05242296762799015,0.028142809867858887,-0.24637332558631897,-0.03492984630202045,0.022057712078094482,-0.2106788456439972,-0.016003533155071636
S,0.0,0.0,0.0,-0.0706486701965332,-0.06348681449890137,-0.024608788043281038,-0.12050327658653259,-0.1741878092288971,-0.03702836386861463,-0.09769231081008911,-0.275644987821579,-0.053589670881649454,-0.034584641456604004,-0.293531209230423,-0.06149445377292295,-0.1163613498210907,-0.27058035135269165,0.010291101448217432,-0.11822950839996338,-0.3776041269302368,-0.035391258969923456,-0.10068345069885254,-0.282367467880249,-0.058036512658020456,-0.09429335594177246,-0.23618164658546448,-0.06583157084884306,-0.06339132785797119,-0.276275098323822,0.002096628108972709,-0.05876874923706055,-0.3806420564651489,-0.04074386410417219,-0.05463355779647827,-0.273811936378479,-0.045475239828249414,-0.05818605422973633,-0.24183955788612366,-0.03595000781120916,-0.010277211666107178,-0.2661000192165375,-0.01588523291053434,0.00030237436294555664,-0.3606009781360626,-0.054308692887445886,-0.0070345401763916016,-0.25919294357299805,-0.03851067923011442,-0.015346348285675049,-0.22110393643379211,-0.015464221090098818,0.041671931743621826,-0.24049073457717896,-0.037696159407516916,0.04268157482147217,-0.3102661669254303,-0.050689286515137155,0.030636847019195557,-0.24705824255943298,-0.032573665455004175,0.02533555030822754,-0.21256113052368164,-0.013480061627944906
S,0.0,0.0,0.0,-0.0704042911529541,-0.06114780902862549,-0.026683990532490043,-0.11824840307235718,-0.1682456135749817,-0.04069357241127136,-0.09370997548103333,-0.267901211977005,-0.058247106770011214,-0.031097233295440674,-0.2889994978904724,-0.06728661681148651,-0.11321359872817993,-0.27040958404541016,0.007456021694508763,-0.11387819051742554,-0.3724353164434433,-0.03819548959467056,-0.09657353162765503,-0.27804747223854065,-0.06112097452017906,-0.09021821618080139,-0.23415130376815796,-0.06954911226961258,-0.059636592864990234,-0.2760430574417114,-0.0001767883167644868,-0.054446518421173096,-0.3759331852197647,-0.043312846371861724,-0.05101877450942993,-0.26966527104377747,-0.048749795803757934,-0.05533713102340698,-0.23990416526794434,-0.04014064992401245,-0.006798863410949707,-0.2654806673526764,-0.017546414086552886,0.004230380058288574,-0.35710448026657104,-0.056390790888997344,-0.003712296485900879,-0.2569579482078552,-0.04097268606159332,-0.012854576110839844,-0.22226542234420776,-0.01858017655644062,0.04461127519607544,-0.23958557844161987,-0.0388619440290654,0.04558360576629639,-0.30557042360305786,-0.05262638876769188,0.03368324041366577,-0.2423221468925476,-0.034716113159390716,0.027967453002929688,-0.21064543724060059,-0.01587997625205162
S,0.0,0.0,0.0,-0.07107818126678467,-0.05830007791519165,-0.024986614934391582,-0.12090528011322021,-0.16927438974380493,-0.03765919198770007,-0.09688273072242737,-0.2711431682109833,-0.05405037244338473,-0.03299915790557861,-0.28658193349838257,-0.06208495189923724,-0.1149255633354187,-0.268181174993515,0.006938364361189997,-0.11446461081504822,-0.3724977374076843,-0.0372323556758829,-0.09782189130783081,-0.2786870300769806,-0.05859478702325305,-0.09191963076591492,-0.23384541273117065,-0.06603447859663447,-0.06142067909240723,-0.2734583914279938,-0.0004060444435936006,-0.05700504779815674,-0.3754175007343292,-0.042684914074129665,-0.05273205041885376,-0.2697838544845581,-0.047123355320877636,-0.05660051107406616,-0.23669737577438354,-0.037530617318338955,-0.00852346420288086,-0.2637750208377838,-0.0170476413287588,0.0014532804489135742,-0.3553819805383682,-0.05481462319869479,-0.005186319351196289,-0.25516316294670105,-0.039283575020022,-0.013903617858886719,-0.21598505973815918,-0.016501504457778537,0.04319870471954346,-0.23980775475502014,-0.03738959272880038,0.04337203502655029,-0.3085900843143463,-0.05035735433477839,0.032288968563079834,-0.24737977981567383,-0.032982913307137096,0.02680140733718872,-0.21380755305290222,-0.014461023262924755
S,0.0,0.0,0.0,-0.0723094642162323,-0.05855947732925415,-0.026339337995011647,-0.12289845943450928,-0.162769615650177,-0.040456651543934186,-0.09926748275756836,-0.26395586133003235,-0.058181843554336865,-0.03466606140136719,-0.2891463041305542,-0.06760556886132463,-0.11550408601760864,-0.2648198902606964,0.007866882885139148,-0.11677736043930054,-0.3692779690027237,-0.037156591957170804,-0.09831029176712036,-0.2784559726715088,-0.06051637867625459,-0.09143450856208801,-0.23279660940170288,-0.06920067856248124,-0.0620761513710022,-0.27219587564468384,0.0008004986362379896,-0.05746805667877197,-0.37477006018161774,-0.04238714540537103,-0.05203205347061157,-0.2710716426372528,-0.04892771208818658,-0.05626589059829712,-0.23603445291519165,-0.040704163556654294,-0.009609699249267578,-0.2634471654891968,-0.015784018506963093,-0.00010448694229125977,-0.3546852320432663,-0.0541822675817798,-0.00539398193359375,-0.2566828727722168,-0.039949114268381436,-0.01404350996017456,-0.2174065113067627,-0.017950038259584744,0.04193609952926636,-0.239335298538208,-0.03618934268291696,0.04249465465545654,-0.3070073127746582,-0.05012155214484437,0.03202623128890991,-0.2463792860507965,-0.03325588891442521,0.026171386241912842,-0.2125924527645111,-0.014886199330646832
S,0.0,0.0,0.0,-0.07246097922325134,-0.059735238552093506,-0.023595178592358934,-0.12312987446784973,-0.1671287715435028,-0.036090649756943094,-0.09924805164337158,-0.2673487961292267,-0.052622526976620065,-0.034739673137664795,-0.2858859896659851,-0.061197385284458505,-0.11521318554878235,-0.2627308666706085,0.00831758687331785,-0.11753085255622864,-0.3662821501493454,-0.03535908097342144,-0.10002312064170837,-0.2759016454219818,-0.057424347940241205,-0.09278559684753418,-0.23088344931602478,-0.06557048866466175,-0.062466979026794434,-0.2696324586868286,-2.1536043050218723e-05,-0.05823934078216553,-0.3728594034910202,-0.042070761415516245,-0.05379080772399902,-0.2687259912490845,-0.04713816577509533,-0.05633729696273804,-0.23330560326576233,-0.03804000848845135,-0.010155081748962402,-0.2604603171348572,-0.01752473050669323,2.2530555725097656e-05,-0.35261839628219604,-0.055137977096592294,-0.006950974464416504,-0.25383108854293823,-0.04023749018028866,-0.014656245708465576,-0.2137954831123352,-0.017946500423704492,0.041104912757873535,-0.23593032360076904,-0.038667954597030985,0.041656553745269775,-0.3038269579410553,-0.052066624257122385,0.030135154724121094,-0.2426634132862091,-0.03489105412677418,0.025275230407714844,-0.2083066701889038,-0.016506768855606424
S,0.0,0.0,0.0,-0.0726783275604248,-0.057916998863220215,-0.02625809376252164,-0.12304553389549255,-0.15732091665267944,-0.04088103351307382,-0.10018545389175415,-0.25560370087623596,-0.05915807140183915,-0.0361863374710083,-0.2832385003566742,-0.06933030066204537,-0.11500930786132812,-0.262040913105011,0.007074327216173515,-0.11737868189811707,-0.3605809062719345,-0.037594247135643855,-0.10032433271408081,-0.26981157064437866,-0.060519851270441904,-0.09330704808235168,-0.22672542929649353,-0.06923899379683007,-0.06193655729293823,-0.2687225043773651,-0.0004821745015988199,-0.05854165554046631,-0.3678286075592041,-0.04357119229746331,-0.05437690019607544,-0.26365622878074646,-0.04982448694420327,-0.057258784770965576,-0.2306167483329773,-0.041623632881169215,-0.009633004665374756,-0.25904858112335205,-0.0174611336470889,-0.0005188584327697754,-0.348089799284935,-0.05677453753662576,-0.00736767053604126,-0.249476820230484,-0.04289532405448426,-0.01541072130203247,-0.21166354417800903,-0.021035702425365344,0.04186129570007324,-0.23333021998405457,-0.0381623464555787,0.04266422986984253,-0.29764997959136963,-0.053371857378010645,0.030598580837249756,-0.23710155487060547,-0.03710757521105279,0.0240364670753479,-0.2043420672416687,-0.018970753523831263
S,0.0,0.0,0.0,-0.07202064990997314,-0.04903542995452881,-0.026269579990810143,-0.12850797176361084,-0.15620598196983337,-0.03790821203500627,-0.10663861036300659,-0.260288268327713,-0.05289355361372827,-0.04031860828399658,-0.2843779921531677,-0.059761744677132356,-0.11613506078720093,-0.262677401304245,0.008312608362132323,-0.11978596448898315,-0.3636004626750946,-0.034292039214676606,-0.1017974317073822,-0.2744428813457489,-0.0556805215171039,-0.09391146898269653,-0.22934433817863464,-0.06354433366567491,-0.06311193108558655,-0.2720489203929901,0.001974615747997177,-0.06140643358230591,-0.3706856518983841,-0.039280914454764115,-0.05588388442993164,-0.26641470193862915,-0.04353146323472856,-0.05725681781768799,-0.2308574914932251,-0.03365741366059183,-0.011073052883148193,-0.2628321945667267,-0.01395653163552879,-0.0033454298973083496,-0.35032787919044495,-0.05175978013784288,-0.00894993543624878,-0.2511919140815735,-0.03709250384480356,-0.015561401844024658,-0.21083110570907593,-0.0146728248661816,0.0403742790222168,-0.23768290877342224,-0.03372399577409624,0.04004848003387451,-0.30106061697006226,-0.0491478151968181,0.028752803802490234,-0.2404513955116272,-0.03364926645070909,0.0236966609954834,-0.20666778087615967,-0.015910087837880837
S,0.0,0.0,0.0,-0.07311391830444336,-0.05426853895187378,-0.022774262114182875,-0.1252669394016266,-0.15791159868240356,-0.035013384877458975,-0.1028643548488617,-0.2575116455554962,-0.05138719057919161,-0.040823519229888916,-0.2794424593448639,-0.06017666658641474,-0.11495232582092285,-0.2563026249408722,0.00621431251732929,-0.12025821208953857,-0.3609343320131302,-0.03726994594813959,-0.10267561674118042,-0.27125799655914307,-0.05922674363733904,-0.09524047374725342,-0.22394290566444397,-0.0674263720798649,-0.06260806322097778,-0.2652182877063751,-0.0022269389524467442,-0.06205493211746216,-0.3685154765844345,-0.04382459795357363,-0.05669710040092468,-0.2650684714317322,-0.0488496494877495,-0.05856004357337952,-0.22723692655563354,-0.04014935693027155,-0.010461390018463135,-0.2574935853481293,-0.019464807345286772,-0.004269123077392578,-0.3495054841041565,-0.05666132992388384,-0.009729325771331787,-0.2503736615180969,-0.04178083664061205,-0.016548633575439453,-0.20785179734230042,-0.019825374467984602,0.04117870330810547,-0.23400455713272095,-0.04019521525384562,0.03956401348114014,-0.2979375123977661,-0.054559528588072226,0.02785027027130127,-0.2377062439918518,-0.03848247206093447,0.022345304489135742,-0.20326486229896545,-0.020892807974234984
S,0.0,0.0,0.0,-0.07432588934898376,-0.052419304847717285,-0.022901702243530053,-0.12689164280891418,-0.15622472763061523,-0.03526871049746205,-0.10443755984306335,-0.2558636963367462,-0.05200125420435597,-0.044073283672332764,-0.2817833721637726,-0.06145692387565305,-0.11607962846755981,-0.25661784410476685,0.006296539176560145,-0.12197339534759521,-0.3605305850505829,-0.038463292214714784,-0.10352566838264465,-0.2727496027946472,-0.06164098301871945,-0.09529268741607666,-0.22447171807289124,-0.07022069537981679,-0.06348198652267456,-0.26491183042526245,-0.0024437962935053292,-0.06272050738334656,-0.367815300822258,-0.04571127662404706,-0.05766305327415466,-0.26429158449172974,-0.05178068349107434,-0.05961903929710388,-0.2247244417667389,-0.04315535495027234,-0.011459052562713623,-0.2565704584121704,-0.02012635724588563,-0.005475044250488281,-0.34796226024627686,-0.058433292004906434,-0.011659383773803711,-0.2488311231136322,-0.04398169511898686,-0.018610835075378418,-0.2059270441532135,-0.021816748697006005,0.04023677110671997,-0.23271730542182922,-0.04134191343530347,0.03895246982574463,-0.2974434494972229,-0.056257606986605424,0.02661430835723877,-0.23753434419631958,-0.04012059191211392,0.020343542098999023,-0.20284128189086914,-0.022155938241326112
S,0.0,0.0,0.0,-0.07304045557975769,-0.05198311805725098,-0.024177786919665323,-0.12802058458328247,-0.1571928858757019,-0.036308080914807306,-0.10641595721244812,-0.2580213248729706,-0.052367427411866174,-0.04413729906082153,-0.28458231687545776,-0.060610656652045236,-0.11855611205101013,-0.2579898536205292,0.005865324263083949,-0.12400978803634644,-0.3624415695667267,-0.03812309822757243,-0.10743671655654907,-0.27116280794143677,-0.05933686068971156,-0.10171046853065491,-0.22708746790885925,-0.06695998928267954,-0.0663720965385437,-0.26773735880851746,-0.002068133118939386,-0.06630566716194153,-0.3692835569381714,-0.04404126575906275,-0.061735957860946655,-0.26469308137893677,-0.0480600307019472,-0.0645250678062439,-0.2315049171447754,-0.03840641773064135,-0.013845562934875488,-0.26020023226737976,-0.019207176777911172,-0.008590757846832275,-0.3505077362060547,-0.056441378805232034,-0.014389574527740479,-0.2510030269622803,-0.040672899249386774,-0.021414220333099365,-0.21329563856124878,-0.018231450605583177,0.038728952407836914,-0.23759037256240845,-0.04008675089795588,0.03615182638168335,-0.29916393756866455,-0.054267776224207864,0.024232983589172363,-0.23780909180641174,-0.03785388267357348,0.018730580806732178,-0.20527386665344238,-0.020000678512644754
S,0.0,0.0,0.0,-0.07194292545318604,-0.05231505632400513,-0.023528464656237702,-0.12711462378501892,-0.16038069128990173,-0.035444070171479325,-0.10703662037849426,-0.26461124420166016,-0.05154435760891829,-0.04356825351715088,-0.2782837450504303,-0.060015682648781876,-0.11513131856918335,-0.2554216682910919,0.006588214024986883,-0.12223315238952637,-0.3606279194355011,-0.03718540124214087,-0.1048276424407959,-0.2722376883029938,-0.05862240545070563,-0.09663671255111694,-0.2275986671447754,-0.06657843716061507,-0.06397217512130737,-0.26421406865119934,-0.0017213294570410653,-0.06434959173202515,-0.36747169494628906,-0.043689773004416566,-0.05943754315376282,-0.26484692096710205,-0.04749961994207297,-0.061265259981155396,-0.23127985000610352,-0.03783624671018515,-0.012331724166870117,-0.2559075951576233,-0.019247476529244523,-0.006643354892730713,-0.3480415344238281,-0.057052623998288254,-0.012957334518432617,-0.2497369945049286,-0.04196581668770705,-0.019511282444000244,-0.21164900064468384,-0.019900760199789147,0.03906667232513428,-0.23315170407295227,-0.0404698406866828,0.03715240955352783,-0.29731807112693787,-0.054652195941571335,0.025469481945037842,-0.23717811703681946,-0.03874966181433592,0.02124035358428955,-0.20434775948524475,-0.021562547009352784
S,0.0,0.0,0.0,-0.07260215282440186,-0.05355799198150635,-0.024477480036580346,-0.12875744700431824,-0.15826204419136047,-0.037168892157637856,-0.1107315719127655,-0.2614375054836273,-0.05376681877430656,-0.047861337661743164,-0.2774002254009247,-0.06223285017665603,-0.11683282256126404,-0.259393572807312,0.007264371438509443,-0.1235058605670929,-0.3613849878311157,-0.0356438812440274,-0.10643747448921204,-0.2710282802581787,-0.056759851110541604,-0.0987224280834198,-0.22599893808364868,-0.06449773727115371,-0.0652865469455719,-0.2674422562122345,9.935305672570394e-05,-0.06571555137634277,-0.3673802614212036,-0.040749864709937356,-0.05978190898895264,-0.2637130618095398,-0.044214243126475594,-0.06087788939476013,-0.22984451055526733,-0.03441438270863273,-0.013574004173278809,-0.2583141624927521,-0.016373859775626443,-0.0076195597648620605,-0.3480790853500366,-0.05283848015722015,-0.012768924236297607,-0.25174403190612793,-0.037752216739022515,-0.018971025943756104,-0.21348756551742554,-0.015760554057919762,0.03784233331680298,-0.23473289608955383,-0.03666202543433883,0.03852260112762451,-0.3018568158149719,-0.04985248861964919,0.026775717735290527,-0.24432411789894104,-0.03410877479370811,0.02111750841140747,-0.21111872792243958,-0.0169630032604573
S,0.0,0.0,0.0,-0.07221770286560059,-0.0538519024848938,-0.02502238085224917,-0.12791725993156433,-0.15386444330215454,-0.03900780608609011,-0.11238792538642883,-0.255093514919281,-0.05673213755443385,-0.051257312297821045,-0.2758711278438568,-0.06621358995988658,-0.11769133806228638,-0.2566351592540741,0.005650847352001165,-0.12564927339553833,-0.3591383993625641,-0.03880750467732241,-0.10673481225967407,-0.2671191990375519,-0.06071636533096125,-0.09945079684257507,-0.2219545841217041,-0.06857970064237406,-0.06614068150520325,-0.2637203633785248,-0.0013755437518625513,-0.06717047095298767,-0.3628345727920532,-0.04280855959012797,-0.05996143817901611,-0.25738734006881714,-0.046568651550558116,-0.06284534931182861,-0.2246498465538025,-0.03723288034751704,-0.014255285263061523,-0.2545403838157654,-0.017697133922126795,-0.008868396282196045,-0.34398311376571655,-0.05541158547356417,-0.013012707233428955,-0.24504736065864563,-0.039893512481000926,-0.02044534683227539,-0.2069346010684967,-0.0175304905112057,0.03739476203918457,-0.23085865378379822,-0.03771147584274104,0.03698164224624634,-0.2970591187477112,-0.05187645261838725,0.025771737098693848,-0.2375132441520691,-0.035583802365806605,0.019022703170776367,-0.20433902740478516,-0.01786940252139857
S,0.0,0.0,0.0,-0.07319536805152893,-0.05356937646865845,-0.025336116801383923,-0.1294727325439453,-0.14848542213439941,-0.04060013803410811,-0.11237466335296631,-0.24681001901626587,-0.059408916409495305,-0.04976189136505127,-0.2726829946041107,-0.07040054934788031,-0.11749377846717834,-0.25618866086006165,0.004272976641175319,-0.12478277087211609,-0.3525097370147705,-0.04019759806561751,-0.10779744386672974,-0.262433260679245,-0.0631424992041616,-0.09987714886665344,-0.2170104682445526,-0.07177635865974707,-0.06533312797546387,-0.2632254362106323,-0.002961594394776057,-0.06483852863311768,-0.36087197065353394,-0.044921348120453786,-0.05981260538101196,-0.2571760416030884,-0.05000542687940879,-0.06230348348617554,-0.2215307652950287,-0.04138759362268729,-0.013608455657958984,-0.2544794976711273,-0.019281011323812436,-0.006763577461242676,-0.33950716257095337,-0.05745019229817672,-0.012515604496002197,-0.2417595386505127,-0.043058591212513875,-0.01988619565963745,-0.20191195607185364,-0.02122180188763423,0.03742170333862305,-0.23062121868133545,-0.039214613165142964,0.037943243980407715,-0.2949736714363098,-0.05378201815057082,0.026553213596343994,-0.23409003019332886,-0.037379460658314656,0.019780337810516357,-0.19946271181106567,-0.01938904660511298
S,0.0,0.0,0.0,-0.07360965013504028,-0.04949122667312622,-0.02313494534905658,-0.1291773021221161,-0.14912918210029602,-0.03585561962540851,-0.11041426658630371,-0.2486516237258911,-0.05239245520647273,-0.05059993267059326,-0.27832460403442383,-0.06141941101964221,-0.11904186010360718,-0.25408804416656494,0.006365324447642706,-0.1250954270362854,-0.3528904318809509,-0.03766181917603717,-0.10725069046020508,-0.26499295234680176,-0.060625581459362365,-0.09928309917449951,-0.21594750881195068,-0.06884395183737979,-0.06675785779953003,-0.2620687186717987,-0.001243169458803095,-0.06434929370880127,-0.36214128136634827,-0.04307021425779567,-0.05747807025909424,-0.26025113463401794,-0.0491385296147655,-0.06019777059555054,-0.22162091732025146,-0.04077483566220508,-0.014736950397491455,-0.25484034419059753,-0.01762192176397548,-0.007388770580291748,-0.3396424949169159,-0.05541549103077159,-0.010603070259094238,-0.24280956387519836,-0.041304780558903076,-0.01731163263320923,-0.20275253057479858,-0.019435383768040992,0.03717619180679321,-0.232631117105484,-0.037387973086197235,0.0381816029548645,-0.297558069229126,-0.05194802434857593,0.029092013835906982,-0.23745596408843994,-0.03520745264108882,0.02289801836013794,-0.20346492528915405,-0.016796382532675125
S,0.0,0.0,0.0,-0.0717933177947998,-0.05460965633392334,-0.022787457675292444,-0.12410128116607666,-0.15533965826034546,-0.034762235701634836,-0.09957939386367798,-0.2501714527606964,-0.05067098361308808,-0.03707170486450195,-0.2770805358886719,-0.05925706249530549,-0.11811774969100952,-0.25239473581314087,0.005119463551238823,-0.11954638361930847,-0.35090744495391846,-0.04029318165834184,-0.10437563061714172,-0.2599124610424042,-0.06365866807158227,-0.09829342365264893,-0.21153196692466736,-0.07205049541647668,-0.06537270545959473,-0.2583232522010803,-0.002777858514889431,-0.061776816844940186,-0.3585778474807739,-0.04629280266220803,-0.058331191539764404,-0.25430113077163696,-0.05320741456802125,-0.061653316020965576,-0.21872469782829285,-0.0451869874900126,-0.013655483722686768,-0.2520798146724701,-0.01938167993779416,-0.0038715004920959473,-0.33572643995285034,-0.057958016515328836,-0.010327160358428955,-0.23711976408958435,-0.04442455467636819,-0.017417311668395996,-0.20107394456863403,-0.02280873467083211,0.0372965931892395,-0.23061376810073853,-0.03942434337790246,0.04115837812423706,-0.2925741672515869,-0.053408669651105356,0.030517876148223877,-0.23010268807411194,-0.03662294742520089,0.02460479736328125,-0.19787219166755676,-0.01831623201127286
S,0.0,0.0,0.0,-0.07174593210220337,-0.05520915985107422,-0.021262587214664563,-0.1214531660079956,-0.156762033700943,-0.03310793748016749,-0.09541946649551392,-0.2515494227409363,-0.04914454480524455,-0.0336918830871582,-0.2777506113052368,-0.058157120997861966,-0.11707702279090881,-0.2483445405960083,0.004084106833829537,-0.11723867058753967,-0.35366180539131165,-0.04054197778816615,-0.10064366459846497,-0.2665174603462219,-0.06409737577553187,-0.09505116939544678,-0.21521472930908203,-0.07257698586101924,-0.06400859355926514,-0.2544774115085602,-0.0040843898233333675,-0.05972778797149658,-0.35903817415237427,-0.04677627717967425,-0.05418264865875244,-0.2580501139163971,-0.0541880663287202,-0.058447837829589844,-0.2165279984474182,-0.04674821829314624,-0.012125372886657715,-0.24840006232261658,-0.02043431175763999,-0.0020740628242492676,-0.3338061273097992,-0.05789149289842044,-0.0067601799964904785,-0.23746353387832642,-0.04455242788310443,-0.01481252908706665,-0.19452780485153198,-0.023201567287401303,0.038300275802612305,-0.22664573788642883,-0.040060465390638456,0.04342389106750488,-0.29229825735092163,-0.053950783963159665,0.03330641984939575,-0.23186060786247253,-0.037363563830808744,0.025654733180999756,-0.19434982538223267,-0.019205431620434865
S,0.0,0.0,0.0,-0.0709526538848877,-0.0540425181388855,-0.021196960826898703,-0.12045708298683167,-0.16387352347373962,-0.030484053661609778,-0.09272289276123047,-0.2559486925601959,-0.04389003792920221,-0.032041966915130615,-0.27286872267723083,-0.04980937520184625,-0.12185516953468323,-0.24510592222213745,0.006030331941758504,-0.1196775734424591,-0.35540978610515594,-0.037591190432692656,-0.10108739137649536,-0.2656031847000122,-0.0588475478641044,-0.09712529182434082,-0.21531370282173157,-0.0655103189698707,-0.06944334506988525,-0.253910630941391,-0.0015001496128093095,-0.06218045949935913,-0.36267799139022827,-0.044111878966475615,-0.05349898338317871,-0.2612512707710266,-0.050242764299298415,-0.05812758207321167,-0.22062107920646667,-0.04097616801180948,-0.01722627878189087,-0.25003233551979065,-0.017336967756534705,-0.006773114204406738,-0.33532577753067017,-0.053402570431615004,-0.006567895412445068,-0.24018219113349915,-0.03950831795253862,-0.013874650001525879,-0.20070886611938477,-0.017592051421786437,0.033681631088256836,-0.23200508952140808,-0.0366007214240085,0.03895008563995361,-0.2948499321937561,-0.04827523360171426,0.03264665603637695,-0.2356719970703125,-0.031519548391486296,0.026768803596496582,-0.20243552327156067,-0.013487600145424494
S,0.0,0.0,0.0,-0.06956613063812256,-0.05758261680603027,-0.022697912623527827,-0.11549234390258789,-0.16537144780158997,-0.03313699746632892,-0.0866771936416626,-0.25787031650543213,-0.047448013072255435,-0.02956181764602661,-0.27428895235061646,-0.054071996455434146,-0.11699569225311279,-0.25688859820365906,0.005685603151675878,-0.11127704381942749,-0.3620109409093857,-0.039661113267186465,-0.09449297189712524,-0.27294817566871643,-0.06303283581638652,-0.09291023015975952,-0.22150525450706482,-0.07114576557779628,-0.06403130292892456,-0.2611294984817505,-0.0016761444056214714,-0.05381292104721069,-0.3644979000091553,-0.045149456804040256,-0.046228229999542236,-0.2623128890991211,-0.052639734094384494,-0.05248689651489258,-0.22327449917793274,-0.04528176421428043,-0.012468516826629639,-0.25341182947158813,-0.017724400480631175,0.0014048218727111816,-0.33992162346839905,-0.055566273724082293,-0.00037801265716552734,-0.24451738595962524,-0.04273371035361606,-0.009716808795928955,-0.20386174321174622,-0.0220239256521495,0.03749591112136841,-0.23154279589653015,-0.0372569301178487,0.0460856556892395,-0.2969111204147339,-0.050101395790818515,0.0380365252494812,-0.2381216585636139,-0.03395565236115772,0.03006875514984131,-0.20439401268959045,-0.016577301641348186
S,0.0,0.0,0.0,-0.07111817598342896,-0.058468639850616455,-0.02330473661385213,-0.11662310361862183,-0.17181485891342163,-0.032432167231661424,-0.08634650707244873,-0.2662445902824402,-0.04533786922655736,-0.0308724045753479,-0.27962401509284973,-0.050221203267199144,-0.1223834753036499,-0.2624262869358063,0.009118783846872702,-0.11507540941238403,-0.37068548798561096,-0.037356706708294496,-0.09754699468612671,-0.28277990221977234,-0.061527016013485536,-0.09636783599853516,-0.231597900390625,-0.06962340548597012,-0.06889134645462036,-0.2679949104785919,0.002187205339225784,-0.056980788707733154,-0.37189626693725586,-0.04285821914635335,-0.047018349170684814,-0.27086883783340454,-0.05156616345010434,-0.05381929874420166,-0.2325718104839325,-0.04418159499726926,-0.01620185375213623,-0.2624777853488922,-0.01397622320763503,-0.0032277703285217285,-0.3488757014274597,-0.0528988637026373,-0.0021416544914245605,-0.2558680772781372,-0.040865289419514284,-0.01142972707748413,-0.21814703941345215,-0.02004121467433606,0.03487682342529297,-0.24456503987312317,-0.03372095748744641,0.04103809595108032,-0.3093453645706177,-0.046362540125471696,0.0352933406829834,-0.2511751353740692,-0.03017964437566434,0.028056025505065918,-0.218949556350708,-0.012526653147858724
S,0.0,0.0,0.0,-0.06901919841766357,-0.05793893337249756,-0.024776280931916972,-0.11544322967529297,-0.1737409234046936,-0.034277192391243716,-0.08263802528381348,-0.2660190165042877,-0.04714613322147443,-0.024195492267608643,-0.2789624333381653,-0.05211194891461446,-0.1214221715927124,-0.25795456767082214,0.0026163220593957703,-0.11327129602432251,-0.3712044358253479,-0.04449872586855008,-0.09575390815734863,-0.2821269631385803,-0.06794058073290898,-0.0966452956199646,-0.23147046566009521,-0.07586485434302404,-0.06776928901672363,-0.2644695043563843,-0.003999382797417184,-0.05585116147994995,-0.37157270312309265,-0.04892588693627431,-0.045526087284088135,-0.27083882689476013,-0.057036354280796786,-0.054481446743011475,-0.23560503125190735,-0.05033099938162877,-0.014954566955566406,-0.26007530093193054,-0.01962608199545457,-0.0020335912704467773,-0.35001274943351746,-0.05747383002170636,4.0531158447265625e-05,-0.2587386965751648,-0.045155237503138324,-0.011179864406585693,-0.2248481810092926,-0.02560658480950906,0.035565316677093506,-0.2430533468723297,-0.039114422239151736,0.04360067844390869,-0.3082917630672455,-0.051353211588946124,0.03931635618209839,-0.2513728141784668,-0.035871255285826464,0.03206348419189453,-0.22121137380599976,-0.019811541847673197
S,0.0,0.0,0.0,-0.06825995445251465,-0.05953085422515869,-0.024879889405497124,-0.1124691367149353,-0.17776083946228027,-0.03232983856571536,-0.0753905177116394,-0.2669050693511963,-0.042944673291572144,-0.013094544410705566,-0.2754582464694977,-0.045721579185851624,-0.11504173278808594,-0.26157432794570923,0.005699117825201938,-0.10583722591400146,-0.3686007857322693,-0.040966257295735886,-0.09157097339630127,-0.2781733572483063,-0.06403231977594714,-0.09302353858947754,-0.2287200391292572,-0.07136844455374103,-0.061944425106048584,-0.26619571447372437,-0.00031154773307662254,-0.048388779163360596,-0.3675309419631958,-0.04459157197845798,-0.042032599449157715,-0.2665272653102875,-0.052353534690269043,-0.05089163780212402,-0.23416262865066528,-0.04502714782131534,-0.010319530963897705,-0.2611718773841858,-0.0157278197176538,0.0027379393577575684,-0.34522247314453125,-0.053287129691966584,0.0023116469383239746,-0.25461938977241516,-0.04173921777976375,-0.008697688579559326,-0.22504788637161255,-0.022453127271660378,0.039000630378723145,-0.2440413534641266,-0.035002957872279694,0.04580104351043701,-0.3085769712924957,-0.04631714879644733,0.04093635082244873,-0.25036346912384033,-0.030370801530011704,0.03480029106140137,-0.22083643078804016,-0.01387161466402631
S,0.0,0.0,0.0,-0.06767028570175171,-0.05815553665161133,-0.023826089547355878,-0.11067235469818115,-0.16961055994033813,-0.03375253346689533,-0.07455390691757202,-0.25712481141090393,-0.04711143565305065,-0.01330423355102539,-0.26981961727142334,-0.053383390278895604,-0.11314988136291504,-0.2603822946548462,0.003873125091786278,-0.10350704193115234,-0.3653636872768402,-0.040419964910825,-0.0901746153831482,-0.2803836464881897,-0.06440116357930492,-0.09150385856628418,-0.22949016094207764,-0.07333373171218227,-0.059475481510162354,-0.26535388827323914,-0.003031600824897396,-0.04639017581939697,-0.36690008640289307,-0.044792688311417805,-0.03973960876464844,-0.27283379435539246,-0.0545115758193333,-0.04716622829437256,-0.235399067401886,-0.049644018383105504,-0.007397770881652832,-0.2584405541419983,-0.018401092709382283,0.006331086158752441,-0.3430122435092926,-0.05292945620544742,0.006391465663909912,-0.258342444896698,-0.04261400443442653,-0.003613412380218506,-0.22379475831985474,-0.0252085261506636,0.042112112045288086,-0.23771807551383972,-0.03750168424971889,0.050838470458984375,-0.30313047766685486,-0.0477790561033089,0.045326054096221924,-0.24948224425315857,-0.03230897602566074,0.03845006227493286,-0.2182406783103943,-0.016652676136573064
S,0.0,0.0,0.0,-0.06588000059127808,-0.054869771003723145,-0.02960909703796233,-0.10660034418106079,-0.15600180625915527,-0.04513831982438887,-0.07381224632263184,-0.2453969419002533,-0.06277331510608519,-0.013224422931671143,-0.2704201638698578,-0.07301166454379882,-0.11486124992370605,-0.26413416862487793,-0.004035695326081168,-0.10354524850845337,-0.3646872341632843,-0.049549991135052096,-0.08798718452453613,-0.27965760231018066,-0.07473604181831206,-0.08699017763137817,-0.2273554801940918,-0.08457298377578581,-0.05976748466491699,-0.2698301374912262,-0.008496702518812072,-0.04521256685256958,-0.3674696385860443,-0.0502124073547634,-0.03640127182006836,-0.2730995714664459,-0.059946367387226474,-0.04071110486984253,-0.2341311275959015,-0.05551706055229033,-0.006460607051849365,-0.2624901533126831,-0.02151397043888892,0.009937524795532227,-0.34361204504966736,-0.05688112402384604,0.009398400783538818,-0.26036179065704346,-0.046876529101780307,0.0006837248802185059,-0.22361725568771362,-0.02950562709992255,0.04394322633743286,-0.23930707573890686,-0.03846609765713538,0.0525132417678833,-0.3075944483280182,-0.05020601475661124,0.046626389026641846,-0.25647813081741333,-0.03500639820521201,0.04001504182815552,-0.22382932901382446,-0.018914732952168833
S,0.0,0.0,0.0,-0.06552350521087646,-0.05730140209197998,-0.029461148432915252,-0.10726922750473022,-0.15975123643875122,-0.043434146098320525,-0.07347983121871948,-0.2506287097930908,-0.05959433620375876,-0.010210573673248291,-0.27218878269195557,-0.0682764828721929,-0.11598759889602661,-0.2651505172252655,0.0017728017359104342,-0.10326731204986572,-0.36132821440696716,-0.04255152424377684,-0.08947741985321045,-0.27579939365386963,-0.06751884078187231,-0.0884891152381897,-0.22558361291885376,-0.07745052432221655,-0.060465216636657715,-0.2711154520511627,-0.0026481952569383793,-0.04640817642211914,-0.3656195104122162,-0.044341872684185546,-0.04012906551361084,-0.2704237699508667,-0.054205301455681365,-0.04427725076675415,-0.23241543769836426,-0.049214366130058806,-0.007129073143005371,-0.26480790972709656,-0.016105608321254294,0.008963406085968018,-0.34120428562164307,-0.05109082093042616,0.005752921104431152,-0.25631439685821533,-0.041253178618376296,-0.003859221935272217,-0.2220553159713745,-0.02373096463782076,0.04371005296707153,-0.24273407459259033,-0.033675766787951034,0.05184650421142578,-0.30736488103866577,-0.044030375085299056,0.044422447681427,-0.2523406445980072,-0.028203840605442565,0.03768366575241089,-0.2205018699169159,-0.011774772084777396
S,0.0,0.0,0.0,-0.06646442413330078,-0.06235969066619873,-0.026020038572141857,-0.10448795557022095,-0.16004520654678345,-0.04064671478886339,-0.07092392444610596,-0.24502167105674744,-0.05847169987578127,-0.007854938507080078,-0.2673399746417999,-0.06914337135572168,-0.10979282855987549,-0.26150041818618774,0.003363983307963281,-0.09743976593017578,-0.3599088788032532,-0.04098333574552271,-0.08391910791397095,-0.2755182981491089,-0.0666539610149357,-0.08315306901931763,-0.22340813279151917,-0.07701531953830454,-0.055279314517974854,-0.26574668288230896,-0.0031871063886228512,-0.04075002670288086,-0.3638322651386261,-0.0445292011620495,-0.034923255443573,-0.27025866508483887,-0.05570743761677477,-0.03938090801239014,-0.2310914397239685,-0.052178525996396274,-0.002398192882537842,-0.25806719064712524,-0.018265181851575107,0.015690863132476807,-0.33879193663597107,-0.052868751508185596,0.01125878095626831,-0.25608351826667786,-0.04386973164696428,0.0011835694313049316,-0.2191963493824005,-0.027146793601104946,0.04856562614440918,-0.23429235816001892,-0.03703154779691431,0.05808907747268677,-0.30449923872947693,-0.04670309431571695,0.04997020959854126,-0.25255435705184937,-0.030546446961352558,0.0422360897064209,-0.21910351514816284,-0.01415330607164833
S,0.0,0.0,0.0,-0.06687510013580322,-0.06294369697570801,-0.030514654199009783,-0.10582500696182251,-0.1575157642364502,-0.04773434853029812,-0.06861388683319092,-0.2442569136619568,-0.06769421925616825,-0.0026476383209228516,-0.26882094144821167,-0.0797899760849532,-0.10779094696044922,-0.27122652530670166,0.004270927553648107,-0.09130740165710449,-0.3631463050842285,-0.04374527042580212,-0.08078157901763916,-0.2765998840332031,-0.07154809167457188,-0.08128935098648071,-0.22763681411743164,-0.08307284345698918,-0.0512692928314209,-0.27522337436676025,-0.0016034273043032954,-0.03424316644668579,-0.36820346117019653,-0.048232162798171885,-0.031325697898864746,-0.2683883011341095,-0.06005510171723927,-0.036720216274261475,-0.23132431507110596,-0.05532078301382626,0.0022710561752319336,-0.26639047265052795,-0.017269656489020235,0.02196401357650757,-0.34284430742263794,-0.05736514037323559,0.01532977819442749,-0.2530808746814728,-0.04728900497627819,0.004198670387268066,-0.2185484766960144,-0.027965238744741328,0.05368638038635254,-0.240118145942688,-0.03718265374970997,0.06557005643844604,-0.30501770973205566,-0.05070523401570881,0.054803311824798584,-0.24841070175170898,-0.034742908979183085,0.044354796409606934,-0.21795541048049927,-0.01724198503268326
S,0.0,0.0,0.0,-0.0669214129447937,-0.0572817325592041,-0.029270612598793377,-0.10796123743057251,-0.1489294171333313,-0.047161697374122014,-0.07181745767593384,-0.23501062393188477,-0.06739525400234925,-0.004693269729614258,-0.25775474309921265,-0.08045269452168213,-0.10057669878005981,-0.26697126030921936,-0.0035727575527744193,-0.08498573303222656,-0.35989534854888916,-0.049895076976554265,-0.0738227367401123,-0.2760023772716522,-0.07585123084618317,-0.07429558038711548,-0.22939848899841309,-0.08705842398239838,-0.043761491775512695,-0.2703975737094879,-0.01007752210034596,-0.026353001594543457,-0.36241039633750916,-0.055050830320851674,-0.02483302354812622,-0.26383334398269653,-0.06499281428887116,-0.033125221729278564,-0.22786802053451538,-0.06018856443597542,0.009910821914672852,-0.26035964488983154,-0.02540320806338059,0.030089855194091797,-0.33723706007003784,-0.06433839254214035,0.021425485610961914,-0.24750065803527832,-0.053078061865107884,0.007437229156494141,-0.21426838636398315,-0.03414130114151703,0.06075519323348999,-0.23253405094146729,-0.04466769002510773,0.07295358180999756,-0.29582569003105164,-0.059427655266063084,0.06198477745056152,-0.2394552230834961,-0.04372238271071183,0.050701022148132324,-0.2101985216140747,-0.026779009924666752
S,0.0,0.0,0.0,-0.06662201881408691,-0.0515170693397522,-0.032530408322770654,-0.11139154434204102,-0.1423783302307129,-0.05204091590638882,-0.07619285583496094,-0.22643440961837769,-0.07305527848001248,-0.0057337284088134766,-0.24465596675872803,-0.08637188744540936,-0.10405135154724121,-0.2628832459449768,-0.007943921692628919,-0.0896371603012085,-0.35567402839660645,-0.054515194117982446,-0.07702857255935669,-0.2692992091178894,-0.08036924523111111,-0.0758664608001709,-0.22103846073150635,-0.09160621088739163,-0.04698091745376587,-0.26652252674102783,-0.012659566447098314,-0.03061389923095703,-0.3570728898048401,-0.05763187256451374,-0.026349544525146484,-0.2567164897918701,-0.0677785761355949,-0.033809125423431396,-0.22055423259735107,-0.06343170624967343,0.0066141486167907715,-0.25602591037750244,-0.02627550248797661,0.02597862482070923,-0.3309982419013977,-0.06450076770778423,0.01984560489654541,-0.2431638240814209,-0.054326765209395944,0.005957484245300293,-0.20946615934371948,-0.03660548475380665,0.05640077590942383,-0.22755825519561768,-0.04412354153390652,0.06996709108352661,-0.2881104648113251,-0.059226434647996484,0.06028836965560913,-0.23481065034866333,-0.045643933087546884,0.048523783683776855,-0.20566540956497192,-0.030526008427102624
S,0.0,0.0,0.0,-0.06349533796310425,-0.05168747901916504,-0.03477459256578186,-0.10854077339172363,-0.13647007942199707,-0.0559214748911927,-0.07683712244033813,-0.21652555465698242,-0.07805777941871384,-0.00845324993133545,-0.2373325228691101,-0.0919828474991391,-0.10261338949203491,-0.2647194266319275,-0.010598035017437724,-0.0888553261756897,-0.3489997684955597,-0.05842693005729416,-0.07704710960388184,-0.25872939825057983,-0.08334285621572235,-0.07708370685577393,-0.21634846925735474,-0.09384143953252533,-0.045183777809143066,-0.26836949586868286,-0.014983006241209296,-0.028312206268310547,-0.35412976145744324,-0.06182074775028923,-0.02669578790664673,-0.2489824891090393,-0.06957987551618317,-0.03551203012466431,-0.2175479531288147,-0.06265039597678879,0.008952021598815918,-0.25716155767440796,-0.028694460587985304,0.028212904930114746,-0.3247690200805664,-0.07012712066102722,0.019669532775878906,-0.2315683364868164,-0.05799136911559799,0.005650162696838379,-0.20243406295776367,-0.037577497261054305,0.059511661529541016,-0.22816389799118042,-0.04661829625297287,0.07082724571228027,-0.2786170244216919,-0.06305011962581375,0.05978548526763916,-0.22326529026031494,-0.048047783272750166,0.04856377840042114,-0.19939571619033813,-0.030972693534977225
S,0.0,0.0,0.0,-0.06444543600082397,-0.05116206407546997,-0.032725750015174526,-0.11393094062805176,-0.13506489992141724,-0.05222058902779736,-0.08518081903457642,-0.2147865891456604,-0.0730078169266335,-0.016742169857025146,-0.2372167706489563,-0.08600395406881489,-0.09745389223098755,-0.26692062616348267,-0.007698697981481928,-0.08902841806411743,-0.34516283869743347,-0.05379907648364224,-0.08039379119873047,-0.25600600242614746,-0.07860548283258595,-0.07907146215438843,-0.21638518571853638,-0.08979838575521626,-0.04084223508834839,-0.27028942108154297,-0.013258006901537556,-0.02918422222137451,-0.3536491394042969,-0.058362504945193905,-0.029429078102111816,-0.2508382797241211,-0.06618177379766621,-0.03510230779647827,-0.22008657455444336,-0.060063833848630566,0.012394964694976807,-0.2571890354156494,-0.027990684391056675,0.02917635440826416,-0.3316076993942261,-0.06722893799940266,0.020371615886688232,-0.24029463529586792,-0.05410810048977055,0.008979439735412598,-0.20977908372879028,-0.0340390303293816,0.06236886978149414,-0.22408342361450195,-0.04707885395089306,0.07316035032272339,-0.27883946895599365,-0.06367042894760289,0.060405433177948,-0.22437721490859985,-0.049204396561776775,0.04934227466583252,-0.2000492811203003,-0.032978976623212475
S,0.0,0.0,0.0,-0.06809836626052856,-0.04752910137176514,-0.030662373057225523,-0.12040889263153076,-0.1375412940979004,-0.047372512868264494,-0.08704036474227905,-0.21733856201171875,-0.06540095841012317,-0.016100525856018066,-0.23069846630096436,-0.07540837710223514,-0.1008036732673645,-0.2591792941093445,-0.00845777930192071,-0.09507209062576294,-0.34340327978134155,-0.05266256665311175,-0.08840322494506836,-0.2502802610397339,-0.07380964641890841,-0.08603286743164062,-0.21243816614151,-0.08278077875695544,-0.04491978883743286,-0.2628483176231384,-0.01400408090523797,-0.03560936450958252,-0.3491710126399994,-0.056630716076710996,-0.03714877367019653,-0.2443329095840454,-0.06025711481890994,-0.04012399911880493,-0.21787762641906738,-0.051608544191935835,0.007657766342163086,-0.25065767765045166,-0.028572442358949957,0.023948192596435547,-0.3283975124359131,-0.06628222053370791,0.014214038848876953,-0.23558467626571655,-0.05050996725879031,0.0055539608001708984,-0.2095310091972351,-0.029161248705008802,0.057850182056427,-0.22001630067825317,-0.047362529090264616,0.06811904907226562,-0.2765551805496216,-0.06367073242984134,0.055416762828826904,-0.22092342376708984,-0.0486944433065446,0.047147274017333984,-0.19814622402191162,-0.03236469661317187
S,0.0,0.0,0.0,-0.06915116310119629,-0.04295259714126587,-0.032490146035627276,-0.12655895948410034,-0.13327085971832275,-0.04875512855716124,-0.09632939100265503,-0.21365892887115479,-0.06591721313662902,-0.026893913745880127,-0.22950994968414307,-0.07465838330455199,-0.10697749257087708,-0.2606543302536011,-0.00659206105984822,-0.10190650820732117,-0.34255754947662354,-0.05100278245873824,-0.0934712290763855,-0.2512966990470886,-0.07267620104022399,-0.09041464328765869,-0.2157178521156311,-0.08195769476361647,-0.05103272199630737,-0.2662231922149658,-0.01125366954721585,-0.04203593730926514,-0.3529069423675537,-0.05536787646479979,-0.04214823246002197,-0.24762576818466187,-0.05988618421025649,-0.045845985412597656,-0.22138339281082153,-0.05082323091693297,0.001545250415802002,-0.2542816400527954,-0.025347727040127666,0.01795053482055664,-0.32851457595825195,-0.0640103785938777,0.008729159832000732,-0.23492902517318726,-0.04874206023879424,-0.0014592409133911133,-0.20974957942962646,-0.02698152015574351,0.05112183094024658,-0.22367161512374878,-0.04389160188503638,0.05980813503265381,-0.27613699436187744,-0.06044247435994521,0.04817759990692139,-0.2179773449897766,-0.045357574397996814,0.03980523347854614,-0.19520467519760132,-0.028538685912565143
S,0.0,0.0,0.0,-0.07141578197479248,-0.04314613342285156,-0.03137001236609649,-0.13174909353256226,-0.13825583457946777,-0.04585546469024848,-0.10164165496826172,-0.21901613473892212,-0.06168583994440269,-0.03149306774139404,-0.23121994733810425,-0.0691253191762371,-0.11218607425689697,-0.26321959495544434,-0.004120877289096825,-0.10787999629974365,-0.3477921485900879,-0.04932446619204711,-0.09900572896003723,-0.2542800307273865,-0.07102210288576316,-0.0957372784614563,-0.217154860496521,-0.07989546125463676,-0.055783987045288086,-0.26896095275878906,-0.00923755885742139,-0.04713022708892822,-0.35616669058799744,-0.05459602391056251,-0.04757368564605713,-0.24793016910552979,-0.058995457642595284,-0.051765501499176025,-0.22131842374801636,-0.04911752631596755,-0.0024722814559936523,-0.25686949491500854,-0.024016861148993485,0.013029694557189941,-0.331559956073761,-0.06335273598961066,0.003733038902282715,-0.23536676168441772,-0.04799222787551116,-0.006343185901641846,-0.21017342805862427,-0.025669403650681488,0.04786062240600586,-0.22719824314117432,-0.04319793944887351,0.0552293062210083,-0.2791699171066284,-0.05914114629558753,0.04420053958892822,-0.21992439031600952,-0.04353516762785148,0.03730189800262451,-0.19881677627563477,-0.026261579521815293
S,0.0,0.0,0.0,-0.07457619905471802,-0.04142087697982788,-0.03155995449395732,-0.1383889615535736,-0.1350691318511963,-0.04650961524220065,-0.11196410655975342,-0.21847254037857056,-0.06284371679993228,-0.04186171293258667,-0.2323666214942932,-0.07058881139727191,-0.1168445348739624,-0.26383429765701294,-0.005525930415558378,-0.11435264348983765,-0.3480112552642822,-0.051730434506851,-0.10439878702163696,-0.2514195442199707,-0.07335295444698886,-0.10052868723869324,-0.21648859977722168,-0.08235665327282504,-0.059863924980163574,-0.27038562297821045,-0.011317249484079639,-0.053237974643707275,-0.3561759293079376,-0.05760399541230754,-0.05293506383895874,-0.24486911296844482,-0.061428322553354064,-0.056210219860076904,-0.22128844261169434,-0.05136092668743686,-0.005388021469116211,-0.2592170834541321,-0.026845363065319816,0.00805509090423584,-0.3332746624946594,-0.06718025273056583,-0.0005680322647094727,-0.23368990421295166,-0.050641301184612075,-0.00904148817062378,-0.21036183834075928,-0.027702112778740684,0.04677003622055054,-0.2308935523033142,-0.04686884871097163,0.05246967077255249,-0.2794031500816345,-0.06312410449953632,0.0410078763961792,-0.2176370620727539,-0.046930677354055206,0.034904420375823975,-0.19776427745819092,-0.029355526998358528
S,0.0,0.0,0.0,-0.0759439766407013,-0.04509657621383667,-0.03001313387034088,-0.139299213886261,-0.1424102783203125,-0.04406604087529331,-0.11491578817367554,-0.2270832657814026,-0.059814139367915686,-0.04718279838562012,-0.2351425290107727,-0.06723276069936901,-0.11321014165878296,-0.271131694316864,-0.003953281422980126,-0.11311221122741699,-0.3541662096977234,-0.04770267298994213,-0.10447132587432861,-0.2589724063873291,-0.06800312093076855,-0.09969449043273926,-0.22483015060424805,-0.07680361262140423,-0.056310564279556274,-0.2766193747520447,-0.010477679880239066,-0.053765714168548584,-0.3622271716594696,-0.054869740368701514,-0.054717034101486206,-0.25185149908065796,-0.05769820055542141,-0.055322498083114624,-0.22759240865707397,-0.047369244607068595,-0.0016838908195495605,-0.26303166151046753,-0.026464213715769347,0.008276879787445068,-0.34175628423690796,-0.0651757448035255,-0.0012950301170349121,-0.24200445413589478,-0.04771113312420994,-0.007059335708618164,-0.21670305728912354,-0.024564785050131377,0.05077725648880005,-0.23247307538986206,-0.04690560987768322,0.05387318134307861,-0.2857702374458313,-0.06220971709666401,0.04143404960632324,-0.2240568995475769,-0.045281938375808295,0.0374293327331543,-0.20294445753097534,-0.027455429645158347
S,0.0,0.0,0.0,-0.0781165361404419,-0.04519915580749512,-0.029940200618909785,-0.14370623230934143,-0.14240843057632446,-0.044262775800632426,-0.1216897964477539,-0.23083168268203735,-0.06037405284445185,-0.05283302068710327,-0.24138665199279785,-0.06805655511419673,-0.11660274863243103,-0.2733696699142456,-0.002577158271776625,-0.11915427446365356,-0.3565855622291565,-0.04575067164699931,-0.10931923985481262,-0.2625344395637512,-0.06585642846624751,-0.1024797260761261,-0.2297106385231018,-0.07467348279755015,-0.059407591819763184,-0.2791293263435364,-0.009083998970197626,-0.058502197265625,-0.3669682741165161,-0.053763722650217005,-0.05872645974159241,-0.25656837224960327,-0.0564616412142982,-0.057908445596694946,-0.23082536458969116,-0.04553796129624743,-0.0047917962074279785,-0.26577216386795044,-0.025105412698792406,0.0035602450370788574,-0.34458470344543457,-0.06437411310474772,-0.005573749542236328,-0.2452077865600586,-0.04721442388694186,-0.010134398937225342,-0.21914047002792358,-0.023761478833364436,0.048178255558013916,-0.23519045114517212,-0.04551340790789027,0.04882919788360596,-0.28773897886276245,-0.061099806449817606,0.03538638353347778,-0.22635644674301147,-0.04459294455449481,0.030894458293914795,-0.20405811071395874,-0.026893218628572413
S,0.0,0.0,0.0,-0.07962095737457275,-0.04552912712097168,-0.03054303836267991,-0.14627936482429504,-0.14199209213256836,-0.045213382432280014,-0.129068523645401,-0.23428267240524292,-0.0617311743293385,-0.06052619218826294,-0.24398618936538696,-0.06977365140062375,-0.11887449026107788,-0.27406615018844604,0.00014054793848572444,-0.12278982996940613,-0.35727161169052124,-0.0427262407932858,-0.11295115947723389,-0.2663906216621399,-0.06300695214611096,-0.10620185732841492,-0.23299145698547363,-0.07159337375503583,-0.06078729033470154,-0.2801530361175537,-0.006438260639129112,-0.06127059459686279,-0.3699585795402527,-0.05190366108161015,-0.06123727560043335,-0.26010334491729736,-0.055668022224722336,-0.060296714305877686,-0.23030436038970947,-0.044428206721363495,-0.004831790924072266,-0.2668225169181824,-0.022619761267719696,0.002601325511932373,-0.34746330976486206,-0.06359801415544553,-0.005531013011932373,-0.24766004085540771,-0.04775135938268704,-0.009817957878112793,-0.2177281379699707,-0.02382703658383889,0.049644291400909424,-0.23540812730789185,-0.04305009890538258,0.05055391788482666,-0.2880855202674866,-0.05973422873955769,0.0382501482963562,-0.22698694467544556,-0.04352371368747754,0.03392738103866577,-0.20312774181365967,-0.025116262698588798
S,0.0,0.0,0.0,-0.07972967624664307,-0.04183638095855713,-0.029777105580592433,-0.15055271983146667,-0.1364266276359558,-0.044650058876300136,-0.1388322412967682,-0.23167818784713745,-0.06131439251782922,-0.07291129231452942,-0.24744540452957153,-0.06957810712935952,-0.12697210907936096,-0.27427035570144653,-0.0013151478809731998,-0.13228937983512878,-0.35804468393325806,-0.04428423164370088,-0.12262946367263794,-0.26684004068374634,-0.0637652908075097,-0.11605322360992432,-0.23598355054855347,-0.07203092021825341,-0.06814920902252197,-0.2807565927505493,-0.008678478803062717,-0.06980574131011963,-0.36868441104888916,-0.053689855765128414,-0.06956687569618225,-0.257058322429657,-0.05587947336914567,-0.06852614879608154,-0.23188632726669312,-0.044147345851683895,-0.011133968830108643,-0.26829594373703003,-0.025554289724254886,-0.006243646144866943,-0.3471222519874573,-0.06662173164966134,-0.014517724514007568,-0.2449502944946289,-0.048762399386191646,-0.018146097660064697,-0.21912682056427002,-0.024120697434568683,0.045204997062683105,-0.238941490650177,-0.046562935839915554,0.04149729013442993,-0.29147154092788696,-0.06311382694127587,0.02930968999862671,-0.2276087999343872,-0.04526901585938958,0.026065468788146973,-0.2049890160560608,-0.026070598195815364
S,0.0,0.0,0.0,-0.07965242862701416,-0.04521608352661133,-0.028626215997007876,-0.15149849653244019,-0.14765232801437378,-0.04279097111788133,-0.14080780744552612,-0.24147963523864746,-0.05898792611327508,-0.07388842105865479,-0.2507244944572449,-0.06714540289607385,-0.1235632598400116,-0.28321152925491333,-0.0012777338305909325,-0.13363030552864075,-0.3626665472984314,-0.04196938814487794,-0.12549763917922974,-0.2698240876197815,-0.05962022336092332,-0.11865964531898499,-0.24350833892822266,-0.06771352456775048,-0.06572791934013367,-0.2908394932746887,-0.00936112401899436,-0.07332468032836914,-0.3773951530456543,-0.05195292027559617,-0.075990229845047,-0.26547855138778687,-0.05210407765474656,-0.07347771525382996,-0.24475646018981934,-0.039798531102803736,-0.008841067552566528,-0.2768377661705017,-0.0268566248741422,-0.008548498153686523,-0.35639965534210205,-0.06592259870734551,-0.02081763744354248,-0.2526152729988098,-0.04745453165736535,-0.023497074842453003,-0.22865957021713257,-0.023267864602473765,0.04730263352394104,-0.24625182151794434,-0.04851422028508523,0.03722319006919861,-0.29982805252075195,-0.06372966186967233,0.02258661389350891,-0.23602324724197388,-0.04588702263203004,0.021640092134475708,-0.2148529291152954,-0.02735362516608575
S,0.0,0.0,0.0,-0.08012548089027405,-0.04254859685897827,-0.02602030628901275,-0.15299180150032043,-0.13847476243972778,-0.04056319886427673,-0.14707359671592712,-0.2347375750541687,-0.0576240412293032,-0.08000865578651428,-0.2507472634315491,-0.06753072434645446,-0.12517836689949036,-0.27638787031173706,-1.191599227468032e-05,-0.13674241304397583,-0.357012003660202,-0.03978073143940719,-0.12872451543807983,-0.27093642950057983,-0.05869981193524154,-0.11972278356552124,-0.23603779077529907,-0.06729380333405288,-0.06645020842552185,-0.28508424758911133,-0.008866901635940394,-0.07557874917984009,-0.3722260594367981,-0.04887817347031387,-0.07844185829162598,-0.2659016251564026,-0.05003057712298187,-0.07506895065307617,-0.23664307594299316,-0.039154484063203654,-0.008543521165847778,-0.27240997552871704,-0.026537553533728442,-0.011523723602294922,-0.354173481464386,-0.06477009797077926,-0.023332595825195312,-0.25283390283584595,-0.04736807861905845,-0.025047600269317627,-0.22114044427871704,-0.02403644764405044,0.04862743616104126,-0.24217623472213745,-0.047874591439779124,0.03656136989593506,-0.2994529604911804,-0.06465973997097763,0.021741032600402832,-0.23634260892868042,-0.04728421488385948,0.020582377910614014,-0.20957595109939575,-0.028716628566201052
S,0.0,0.0,0.0,-0.07965075969696045,-0.038297414779663086,-0.029896644991538324,-0.15466845035552979,-0.1290057897567749,-0.04766745504429082,-0.15310794115066528,-0.2276800274848938,-0.06723076861788968,-0.08585008978843689,-0.253930926322937,-0.07888951164176206,-0.13029718399047852,-0.27368879318237305,-0.003735646023130812,-0.14283600449562073,-0.3589397370815277,-0.047772847232124604,-0.13474339246749878,-0.2695189118385315,-0.06852889072587232,-0.12705421447753906,-0.23405200242996216,-0.07752626400878171,-0.07061880826950073,-0.2833365201950073,-0.011636703391275205,-0.08176961541175842,-0.37504443526268005,-0.05552241590311269,-0.08353820443153381,-0.2647058963775635,-0.05709481623460988,-0.07998716831207275,-0.23488694429397583,-0.0455649347274516,-0.011669844388961792,-0.27198702096939087,-0.028978929039737977,-0.017000257968902588,-0.35806000232696533,-0.07106559735228757,-0.0272810161113739,-0.2519461512565613,-0.05244161572744588,-0.02782118320465088,-0.2174331545829773,-0.027046512928507127,0.047446370124816895,-0.2435639500617981,-0.050230890628597535,0.03295058012008667,-0.30181121826171875,-0.07001805317094068,0.01895880699157715,-0.23647171258926392,-0.052552793291113176,0.018440663814544678,-0.20781761407852173,-0.0329502822129939
S,0.0,0.0,0.0,-0.07984548807144165,-0.03599727153778076,-0.028472530507031024,-0.1566084325313568,-0.13038384914398193,-0.04458979781765038,-0.15618747472763062,-0.23103654384613037,-0.0628644440700441,-0.08902645111083984,-0.2589716911315918,-0.07311551909941727,-0.13145095109939575,-0.2765020728111267,-0.0027239996385901577,-0.1464260220527649,-0.3655991554260254,-0.046481172405663074,-0.13742274045944214,-0.275979220867157,-0.06686085354584748,-0.12834781408309937,-0.23719501495361328,-0.07556004714268738,-0.07211971282958984,-0.28676778078079224,-0.01122434515554005,-0.08385205268859863,-0.38052675127983093,-0.05389313291806275,-0.0854211151599884,-0.26850777864456177,-0.05461918082136208,-0.08207795023918152,-0.23766356706619263,-0.04290275912779862,-0.012903720140457153,-0.2746385335922241,-0.029132579304757655,-0.0181768536567688,-0.3634624779224396,-0.06995923709172303,-0.02882564067840576,-0.255204975605011,-0.0505627196659475,-0.03007352352142334,-0.22000515460968018,-0.025288526751580775,0.04678213596343994,-0.2453078031539917,-0.050942770056906284,0.032070815563201904,-0.30451124906539917,-0.06992389153737122,0.016724854707717896,-0.2382935881614685,-0.052218376510325015,0.01507580280303955,-0.21023064851760864,-0.03291316594976479
S,0.0,0.0,0.0,-0.08231750130653381,-0.038114726543426514,-0.029662361701980444,-0.1603969931602478,-0.13492894172668457,-0.04653486084009728,-0.16096115112304688,-0.23847109079360962,-0.06571059893633446,-0.0922234058380127,-0.2690354585647583,-0.07671657424236855,-0.1347065269947052,-0.2826644778251648,-0.0017905408591332161,-0.15076816082000732,-0.37244945764541626,-0.04726462658311448,-0.14132750034332275,-0.27918291091918945,-0.06831921111609063,-0.13064152002334595,-0.2398664951324463,-0.07694118689562401,-0.07404822111129761,-0.293667197227478,-0.010283646507218691,-0.08650285005569458,-0.38990169763565063,-0.05576752345825753,-0.08827343583106995,-0.27380603551864624,-0.05685070749188981,-0.08224710822105408,-0.2400495409965515,-0.04386336948539338,-0.013895392417907715,-0.2818084955215454,-0.02860966358150563,-0.02079719305038452,-0.36921975016593933,-0.07184247147108636,-0.03159436583518982,-0.2579243779182434,-0.05262587439085564,-0.0299951434135437,-0.22162169218063354,-0.026037760412350508,0.04729551076889038,-0.25265389680862427,-0.05091878618861756,0.030369848012924194,-0.311775267124176,-0.07045836221243462,0.014411956071853638,-0.24374723434448242,-0.052416773846402975,0.01485288143157959,-0.21434807777404785,-0.03213611092235169
S,0.0,0.0,0.0,-0.08382946252822876,-0.03665781021118164,-0.028159102557424376,-0.16265779733657837,-0.13597840070724487,-0.043625367937806914,-0.16054505109786987,-0.24191337823867798,-0.061631998179677794,-0.090861976146698,-0.27431267499923706,-0.07148656076026327,-0.13773873448371887,-0.2812572419643402,-0.0011585019689164255,-0.1544344425201416,-0.37730008363723755,-0.04641377007794745,-0.1454683542251587,-0.2834770679473877,-0.06711248135400183,-0.1351134479045868,-0.24063807725906372,-0.0752464515550173,-0.07725608348846436,-0.29355838894844055,-0.00975769585204489,-0.08932089805603027,-0.39279261231422424,-0.05379855459761984,-0.09111720323562622,-0.2774156332015991,-0.05422793155742056,-0.08561617136001587,-0.24334478378295898,-0.04129652878475554,-0.016845107078552246,-0.28328585624694824,-0.02805930575561888,-0.023921102285385132,-0.37224602699279785,-0.06948926126790411,-0.03418436646461487,-0.2614554166793823,-0.049776325134757826,-0.03238177299499512,-0.2257656455039978,-0.023594651503685782,0.04521632194519043,-0.25639909505844116,-0.05030045112800963,0.026923060417175293,-0.31627678871154785,-0.0682421756370104,0.011790424585342407,-0.2472051978111267,-0.04963994970751173,0.013433575630187988,-0.21790307760238647,-0.029481848834279845
S,0.0,0.0,0.0,-0.08621639013290405,-0.0365031361579895,-0.027706692711944925,-0.1632988154888153,-0.13486140966415405,-0.04356535037004505,-0.16304165124893188,-0.2453993558883667,-0.06265319769227062,-0.09487989544868469,-0.2821728587150574,-0.0739975709184364,-0.13929614424705505,-0.28228139877319336,0.002355647255171789,-0.15625131130218506,-0.3819868564605713,-0.04532382895195042,-0.14745467901229858,-0.2980268597602844,-0.06942750398957287,-0.13666903972625732,-0.24589675664901733,-0.0783952314122871,-0.0792185366153717,-0.29427292943000793,-0.006218966347660171,-0.0903286337852478,-0.39419060945510864,-0.04978517700874363,-0.09052598476409912,-0.28254684805870056,-0.05167593692385708,-0.08531975746154785,-0.24253350496292114,-0.039911373303766595,-0.018779635429382324,-0.28407734632492065,-0.0249401859655336,-0.024522870779037476,-0.3758278787136078,-0.06772784774148022,-0.035140037536621094,-0.26694363355636597,-0.05007850264155422,-0.035211771726608276,-0.22448062896728516,-0.02473799397193943,0.043702155351638794,-0.2559431195259094,-0.04738426838957821,0.027354687452316284,-0.3209652602672577,-0.06676746045195614,0.012098520994186401,-0.2534716725349426,-0.048856369005079614,0.011217325925827026,-0.2191501259803772,-0.028649997682805406
S,0.0,0.0,0.0,-0.09014904499053955,-0.04106014966964722,-0.026988506706288717,-0.16766470670700073,-0.1392686367034912,-0.04273368643396225,-0.16590633988380432,-0.2516339421272278,-0.06221435444228973,-0.09546661376953125,-0.29111218452453613,-0.07310521455281105,-0.1467953324317932,-0.2856532037258148,0.005759019946822264,-0.1640741229057312,-0.38656508922576904,-0.04251204656236496,-0.15272948145866394,-0.29211798310279846,-0.06611208470337715,-0.1410200595855713,-0.2436356544494629,-0.07492021323912468,-0.08661186695098877,-0.2977895736694336,-0.0037880532144072276,-0.09911513328552246,-0.39879941940307617,-0.04837669284813728,-0.09721654653549194,-0.28160566091537476,-0.049933081881931685,-0.09010383486747742,-0.24663931131362915,-0.037580388055971525,-0.02579045295715332,-0.2885434031486511,-0.023795670287540815,-0.0321231484413147,-0.3800535798072815,-0.06668639780752983,-0.04102686047554016,-0.2673957943916321,-0.04723412023656692,-0.03865596652030945,-0.22847068309783936,-0.020446923019221686,0.03766024112701416,-0.261869877576828,-0.047726782427957914,0.020804166793823242,-0.327968031167984,-0.06552481503956642,0.006195545196533203,-0.25779709219932556,-0.04577797131412353,0.00740090012550354,-0.224631667137146,-0.024318615363768004
S,0.0,0.0,0.0,-0.09164115786552429,-0.045284152030944824,-0.024558190139885028,-0.16557306051254272,-0.14485818147659302,-0.0402187461731387,-0.16111382842063904,-0.2562108635902405,-0.06061722512816914,-0.09337905049324036,-0.2963540554046631,-0.0728938708779765,-0.14533135294914246,-0.2881646454334259,0.007981155184154431,-0.16344156861305237,-0.3926074802875519,-0.040764020639414866,-0.15042895078659058,-0.3022004961967468,-0.06610526691650875,-0.13770785927772522,-0.24975478649139404,-0.07559522043442257,-0.08560037612915039,-0.30058616399765015,-0.0025922608328414753,-0.09759193658828735,-0.4040904939174652,-0.0468199754831744,-0.0952690839767456,-0.2920724153518677,-0.05091330583667286,-0.08904877305030823,-0.25402888655662537,-0.040749469655509074,-0.02491176128387451,-0.29271888732910156,-0.023324945825095256,-0.03135889768600464,-0.3872985243797302,-0.06475372414564617,-0.04059121012687683,-0.2792876660823822,-0.04746699880337246,-0.03962826728820801,-0.23699325323104858,-0.02269224997138508,0.03802737593650818,-0.2668517827987671,-0.047818792867417415,0.022747546434402466,-0.3361441195011139,-0.06403234403109082,0.007347315549850464,-0.2697088122367859,-0.044812785345072825,0.006832510232925415,-0.2349618673324585,-0.02409064013039597
S,0.0,0.0,0.0,-0.09160444140434265,-0.040821194648742676,-0.024114435978901838,-0.16905838251113892,-0.14934474229812622,-0.037372420050871824,-0.15731805562973022,-0.2632155418395996,-0.05470994345165536,-0.08648726344108582,-0.29976364970207214,-0.06359008929945276,-0.1531102955341339,-0.2861347198486328,0.0023168165025140297,-0.16642045974731445,-0.3956625461578369,-0.04521202898837373,-0.15299665927886963,-0.29770955443382263,-0.06823801479555414,-0.14213702082633972,-0.24610882997512817,-0.07706013552166269,-0.0917266309261322,-0.300005167722702,-0.00785701579667375,-0.09741005301475525,-0.4033253788948059,-0.05107734955169008,-0.09479022026062012,-0.2840825617313385,-0.05271432406522081,-0.09193521738052368,-0.24777236580848694,-0.04158864773131654,-0.029916048049926758,-0.2937026917934418,-0.02762959941543386,-0.02979704737663269,-0.3857042193412781,-0.06762331954456613,-0.03886359930038452,-0.2715598940849304,-0.0485518448732023,-0.04086896777153015,-0.2306104302406311,-0.023705369301808332,0.03321099281311035,-0.26991286873817444,-0.05110727853394792,0.021870315074920654,-0.33614581823349,-0.06652542433954522,0.008222758769989014,-0.2631185054779053,-0.04635000459171579,0.007346034049987793,-0.2278313934803009,-0.0257157296619539
S,0.0,0.0,0.0,-0.09084895253181458,-0.0426296591758728,-0.02839546317153463,-0.17139893770217896,-0.14272195100784302,-0.0447306674151946,-0.16478121280670166,-0.2582148313522339,-0.06507504397922048,-0.09206435084342957,-0.29419732093811035,-0.07748587096028814,-0.1537582278251648,-0.28224629163742065,0.0024286434807549995,-0.17140784859657288,-0.3901634216308594,-0.048391316476397606,-0.15378448367118835,-0.3021036386489868,-0.07440365517430791,-0.13801899552345276,-0.25275251269340515,-0.08496686482720861,-0.09328308701515198,-0.2976834177970886,-0.007213015965305658,-0.10356640815734863,-0.40740740299224854,-0.055808205547862144,-0.09738245606422424,-0.2940128445625305,-0.060020115616850944,-0.09153300523757935,-0.2561153769493103,-0.04912878984504232,-0.03250131011009216,-0.2909848093986511,-0.02740395294421205,-0.03531739115715027,-0.3859958350658417,-0.0714386444716979,-0.04194292426109314,-0.27582165598869324,-0.0540373291998435,-0.04334273934364319,-0.2362370789051056,-0.028938105720214935,0.030295968055725098,-0.2661120891571045,-0.05193714091473112,0.01982647180557251,-0.33021149039268494,-0.06970684641891012,0.006552636623382568,-0.26252785325050354,-0.05208623820834646,0.004276573657989502,-0.23159587383270264,-0.03287018129520902
S,0.0,0.0,0.0,-0.09026530385017395,-0.0501248836517334,-0.025848705004420935,-0.16346704959869385,-0.15260708332061768,-0.042626833226051986,-0.15236467123031616,-0.26647597551345825,-0.06362423082765645,-0.08363577723503113,-0.3054385781288147,-0.07631996801075047,-0.14896848797798157,-0.29147374629974365,0.003363322783741296,-0.16293764114379883,-0.3969387412071228,-0.04607591560062474,-0.14745450019836426,-0.29682397842407227,-0.07090917756733006,-0.13432788848876953,-0.24734467267990112,-0.08080144008573598,-0.08806756138801575,-0.3029496967792511,-0.0074314322876603,-0.09664279222488403,-0.4088093936443329,-0.05366772195276326,-0.09226024150848389,-0.29006317257881165,-0.05795991947826451,-0.08567163348197937,-0.2526441812515259,-0.04767088746604031,-0.02660009264945984,-0.2955522835254669,-0.02806673726018971,-0.028060585260391235,-0.3878374695777893,-0.07089239140924519,-0.03591090440750122,-0.27268844842910767,-0.0531800702768237,-0.035790085792541504,-0.22962826490402222,-0.027914818059173285,0.03664654493331909,-0.270374596118927,-0.052504745926228225,0.023524761199951172,-0.33407026529312134,-0.06928963741239613,0.010386466979980469,-0.2610435485839844,-0.049490065928068816,0.01033484935760498,-0.2258797585964203,-0.028343183602657973
S,0.0,0.0,0.0,-0.08916142582893372,-0.048181772232055664,-0.025310453983877323,-0.16261672973632812,-0.15402936935424805,-0.04044407888028445,-0.15104374289512634,-0.2679421901702881,-0.06001737623188319,-0.08219835162162781,-0.3047568202018738,-0.0711686080572349,-0.1483544111251831,-0.2905503213405609,0.0060907755727726,-0.1603824496269226,-0.397155225276947,-0.042392640399668835,-0.14379537105560303,-0.29922404885292053,-0.06682178287479701,-0.132887065410614,-0.24978798627853394,-0.07632146685097041,-0.08807659149169922,-0.3026309609413147,-0.004325989658866547,-0.09321117401123047,-0.4089367985725403,-0.05000845997307124,-0.08749690651893616,-0.2937085032463074,-0.054345867621634625,-0.08463269472122192,-0.2557712495326996,-0.04400863780352893,-0.027192354202270508,-0.2957926094532013,-0.024676942291591786,-0.025698959827423096,-0.3875994086265564,-0.06639461873743358,-0.03098362684249878,-0.27766454219818115,-0.04888988568160357,-0.03372085094451904,-0.23636656999588013,-0.024074320706461094,0.03505516052246094,-0.27105218172073364,-0.048955882924531124,0.02794414758682251,-0.3367553651332855,-0.06524056105587306,0.015564978122711182,-0.2659819722175598,-0.04592814578387561,0.011839687824249268,-0.2299124300479889,-0.025305773156617306
S,0.0,0.0,0.0,-0.08622568845748901,-0.047295331954956055,-0.027782224614668394,-0.1595916450023651,-0.15414607524871826,-0.043194713566947485,-0.14390245079994202,-0.2697311043739319,-0.06222111967628052,-0.07214781641960144,-0.30844730138778687,-0.07274960962359955,-0.14760473370552063,-0.28837719559669495,0.0034867610945070737,-0.1584155559539795,-0.39362674951553345,-0.04598935929362824,-0.14077776670455933,-0.29405343532562256,-0.07095512983624985,-0.13052791357040405,-0.2457106113433838,-0.08088908580367615,-0.08715856075286865,-0.30154937505722046,-0.005838021200645471,-0.09084826707839966,-0.4097675085067749,-0.052128373209882284,-0.0841858983039856,-0.2926279902458191,-0.056481218461442495,-0.08342263102531433,-0.2561798095703125,-0.04618503016655495,-0.02662128210067749,-0.29482272267341614,-0.025311265636730695,-0.022462666034698486,-0.3875357210636139,-0.067895735178638,-0.028027474880218506,-0.275623083114624,-0.050626157347608114,-0.034571826457977295,-0.23613080382347107,-0.026188495133567358,0.03455781936645508,-0.2694278359413147,-0.04885929313724091,0.028920412063598633,-0.3317359685897827,-0.06630547580544999,0.01815551519393921,-0.2588016092777252,-0.047522465263057256,0.012973129749298096,-0.22525230050086975,-0.027359990899014974
S,0.0,0.0,0.0,-0.08564433455467224,-0.04933136701583862,-0.026619761137169462,-0.15695935487747192,-0.1574428677558899,-0.04094253934721337,-0.13880643248558044,-0.27119192481040955,-0.05924070708255158,-0.06848606467247009,-0.30868130922317505,-0.06881779886583672,-0.14801913499832153,-0.2858949899673462,0.005882948750752348,-0.15903252363204956,-0.3938091993331909,-0.04466023377875672,-0.13744574785232544,-0.29593876004219055,-0.0709504456053196,-0.12677153944969177,-0.24381303787231445,-0.08103052980999337,-0.0883394181728363,-0.2998346984386444,-0.0033127198720990236,-0.09152090549468994,-0.4078478515148163,-0.05021802045206414,-0.08050206303596497,-0.29215002059936523,-0.05580437637667046,-0.08101227879524231,-0.25314009189605713,-0.04604112811188088,-0.028274238109588623,-0.29412490129470825,-0.022747489509981733,-0.022886335849761963,-0.3870339095592499,-0.06503283686737404,-0.024649739265441895,-0.27747103571891785,-0.048556611759465795,-0.032003045082092285,-0.2360517978668213,-0.024372060669463735,0.03225070238113403,-0.2700331509113312,-0.046266973836225134,0.03045213222503662,-0.33375391364097595,-0.06324132241110192,0.021334469318389893,-0.2639569640159607,-0.04510402016143189,0.014270603656768799,-0.2293732464313507,-0.025228514222305876
S,0.0,0.0,0.0,-0.08255976438522339,-0.04999196529388428,-0.024511612838693964,-0.15162402391433716,-0.1663956344127655,-0.03693498659748684,-0.12840420007705688,-0.2801821529865265,-0.053740281498619424,-0.0574040412902832,-0.30654528737068176,-0.06218444172162663,-0.146815687417984,-0.2856338322162628,0.004984560535660876,-0.15409711003303528,-0.4012436270713806,-0.044762108361908304,-0.13205501437187195,-0.3019803464412689,-0.07053454208988796,-0.12192457914352417,-0.24550315737724304,-0.08047355700153958,-0.08555528521537781,-0.2984294593334198,-0.004920277631470071,-0.08589676022529602,-0.4104261249303818,-0.05185034114737164,-0.07519608736038208,-0.294571191072464,-0.058280669039675104,-0.07719457149505615,-0.252720445394516,-0.0491440555812801,-0.02485370635986328,-0.2926909029483795,-0.02450176317114483,-0.01834571361541748,-0.3881433308124542,-0.06501741696018826,-0.01977407932281494,-0.2795281410217285,-0.049022890514322626,-0.02808433771133423,-0.23752111196517944,-0.02575659181792389,0.03447514772415161,-0.2690083980560303,-0.04807685676831852,0.03402292728424072,-0.3347064256668091,-0.06320060778278958,0.02578336000442505,-0.2654861807823181,-0.044968217498251306,0.0198633074760437,-0.23115327954292297,-0.02567952673751961
S,0.0,0.0,0.0,-0.08689230680465698,-0.050710320472717285,-0.02523563336200141,-0.15604808926582336,-0.16947472095489502,-0.03794118482238673,-0.12954214215278625,-0.2799730896949768,-0.05501376185185336,-0.05820631980895996,-0.3050473928451538,-0.06388079840309047,-0.14788731932640076,-0.28565239906311035,0.0034074869510618555,-0.15722441673278809,-0.40231551229953766,-0.04697306546933078,-0.1341398060321808,-0.3004167675971985,-0.07272448110944651,-0.12572404742240906,-0.24774205684661865,-0.08293974864847087,-0.08677005767822266,-0.29933974146842957,-0.006735937200403441,-0.0895003080368042,-0.4152863323688507,-0.054632813665932645,-0.07824373245239258,-0.2984972894191742,-0.06102015543348216,-0.07999855279922485,-0.25818440318107605,-0.05161780211693667,-0.026021957397460938,-0.29403039813041687,-0.02661410066849612,-0.02250903844833374,-0.39000028371810913,-0.06672704685098552,-0.022921442985534668,-0.2815604507923126,-0.049619187597102155,-0.02937847375869751,-0.2426346242427826,-0.025730102319187154,0.03482097387313843,-0.27161383628845215,-0.05071736964947604,0.03123950958251953,-0.33618873357772827,-0.06476240325338267,0.02272629737854004,-0.26740169525146484,-0.045616586688822736,0.018241941928863525,-0.23473143577575684,-0.025914148423737515
S,0.0,0.0,0.0,-0.08274930715560913,-0.049367547035217285,-0.028302182971742695,-0.15107616782188416,-0.1722099781036377,-0.041616323932316845,-0.1232231855392456,-0.2844565808773041,-0.058513812317755765,-0.04974520206451416,-0.3058509826660156,-0.06668585126033122,-0.1454847753047943,-0.2871526777744293,9.738270011894201e-05,-0.1472674012184143,-0.40991438925266266,-0.051725100322869366,-0.12598538398742676,-0.3059238791465759,-0.07803885970940883,-0.11963272094726562,-0.24856597185134888,-0.08823546354403788,-0.08373159170150757,-0.2981812357902527,-0.007755646079090184,-0.07864058017730713,-0.41404545307159424,-0.05752689723601634,-0.0692710280418396,-0.2931705117225647,-0.06446940784087474,-0.07472419738769531,-0.24970117211341858,-0.05524264608254725,-0.02396857738494873,-0.2927524447441101,-0.02555137273600394,-0.013431012630462646,-0.3891715407371521,-0.0674873325668841,-0.015326440334320068,-0.2781522572040558,-0.05109001283278758,-0.025570452213287354,-0.23623061180114746,-0.02724941220810706,0.03394550085067749,-0.27068713307380676,-0.04774032120337779,0.038159847259521484,-0.33882853388786316,-0.06353163306346232,0.03015035390853882,-0.26816943287849426,-0.04535582621326739,0.02341771125793457,-0.23245510458946228,-0.02597762790253455
S,0.0,0.0,0.0,-0.08311182260513306,-0.0555419921875,-0.028710297461771006,-0.14872032403945923,-0.1823899745941162,-0.04118287299218082,-0.11913555860519409,-0.2940461337566376,-0.0576987463647356,-0.04556477069854736,-0.3149682581424713,-0.06487938125076198,-0.1486157476902008,-0.292101114988327,0.0033229851031819635,-0.1478264331817627,-0.41945940256118774,-0.050861698728226656,-0.12389630079269409,-0.3100392818450928,-0.07681550193967723,-0.11902725696563721,-0.2538853585720062,-0.08546985049190425,-0.08591294288635254,-0.30435681343078613,-0.004106852844529385,-0.07822185754776001,-0.42297646403312683,-0.05611068491282367,-0.06502765417098999,-0.2974749803543091,-0.062423770468853945,-0.07091158628463745,-0.25710901618003845,-0.051470258426093096,-0.02415066957473755,-0.30148568749427795,-0.022190674361013407,-0.013318777084350586,-0.39669689536094666,-0.0665447126740446,-0.011417090892791748,-0.28384241461753845,-0.049689901214264864,-0.02048701047897339,-0.24453476071357727,-0.02396960292401218,0.03573888540267944,-0.2836912274360657,-0.044563749026679034,0.03955620527267456,-0.3547970652580261,-0.05902373899164104,0.033731937408447266,-0.2850951552391052,-0.039442558925770754,0.027635633945465088,-0.2503451108932495,-0.01851191666366958
S,0.0,0.0,0.0,-0.08131033182144165,-0.062161803245544434,-0.027832919964168923,-0.13839015364646912,-0.1907576322555542,-0.04080795147416438,-0.10119682550430298,-0.2965608239173889,-0.05811595194933261,-0.031375885009765625,-0.31388893723487854,-0.06646294542548503,-0.14059528708457947,-0.29990503191947937,0.0016303033339113426,-0.13643980026245117,-0.42627283930778503,-0.05271748849150981,-0.11731421947479248,-0.3187311291694641,-0.07999232062098827,-0.11521297693252563,-0.2597190737724304,-0.08973642089364375,-0.07784533500671387,-0.3078064024448395,-0.007183426757876532,-0.0675317645072937,-0.4274301081895828,-0.05827379994985904,-0.059375882148742676,-0.30668506026268005,-0.06632943102118816,-0.06629353761672974,-0.2653827965259552,-0.05795483686921443,-0.015928804874420166,-0.3003975749015808,-0.02626868546900596,-0.003658294677734375,-0.4024161994457245,-0.06890832283494319,-0.0054264068603515625,-0.2937546670436859,-0.053046733373378174,-0.014900147914886475,-0.25262558460235596,-0.0296332670837387,0.043774425983428955,-0.27719423174858093,-0.04976728581783618,0.05000382661819458,-0.35161346197128296,-0.06322747864720668,0.04046952724456787,-0.28419414162635803,-0.04402444534895267,0.03313946723937988,-0.2483268678188324,-0.024391507962320702
S,0.0,0.0,0.0,-0.08305251598358154,-0.06538122892379761,-0.026574120434190718,-0.14247238636016846,-0.18902942538261414,-0.03900126604941079,-0.10658931732177734,-0.29723989963531494,-0.05610711737182328,-0.03534787893295288,-0.32327088713645935,-0.06458349390533158,-0.14131850004196167,-0.30100274085998535,0.0073288846330683555,-0.13759005069732666,-0.4269605278968811,-0.04516719891336152,-0.12270486354827881,-0.32260942459106445,-0.07268375767972657,-0.12091165781021118,-0.26081013679504395,-0.08272537453677842,-0.07781869173049927,-0.3123847544193268,-0.002090086272175995,-0.07127588987350464,-0.4359075576066971,-0.0519857318570871,-0.0655517578125,-0.3197520971298218,-0.06124000860955903,-0.07056140899658203,-0.27239397168159485,-0.053319732235934225,-0.014776825904846191,-0.30503252148628235,-0.021731764586832014,-0.005615592002868652,-0.41407114267349243,-0.06319256736543366,-0.009219765663146973,-0.307515412569046,-0.04820553077962586,-0.018408358097076416,-0.260998398065567,-0.02543612434175202,0.04703277349472046,-0.2788131535053253,-0.04575218869950959,0.0504801869392395,-0.35179591178894043,-0.06040999902990052,0.038578569889068604,-0.28506073355674744,-0.04272871701624581,0.030699551105499268,-0.24756330251693726,-0.023914948614503828
S,0.0,0.0,0.0,-0.08411645889282227,-0.06597685813903809,-0.03010707156386161,-0.13875603675842285,-0.18139153718948364,-0.04601545253422046,-0.09868371486663818,-0.2884128987789154,-0.06599672505285525,-0.028567194938659668,-0.3243195116519928,-0.07769465068008685,-0.13534748554229736,-0.30567607283592224,0.003950896732249021,-0.12935107946395874,-0.4290764331817627,-0.04899703705336833,-0.1137160062789917,-0.33033111691474915,-0.07981054106380725,-0.11108392477035522,-0.2668120861053467,-0.09232259908344531,-0.0714070200920105,-0.3138660192489624,-0.0036093184596666106,-0.06231039762496948,-0.43528884649276733,-0.05273130530144954,-0.054937541484832764,-0.3229471445083618,-0.06646652141239429,-0.061115562915802,-0.2738191783428192,-0.06317121157076144,-0.009862661361694336,-0.3038034737110138,-0.021243644818923713,0.003969550132751465,-0.4130593538284302,-0.06247532734300876,0.0001589655876159668,-0.3109997808933258,-0.051871225178501845,-0.011351227760314941,-0.258643239736557,-0.032743047863505126,0.049469828605651855,-0.27401649951934814,-0.043360672831795455,0.05831730365753174,-0.35585495829582214,-0.058741312414667846,0.04642331600189209,-0.2933782637119293,-0.0431500858965137,0.035148561000823975,-0.25096583366394043,-0.026064781412742377
S,0.0,0.0,0.0,-0.08080428838729858,-0.06523293256759644,-0.031492686447052165,-0.1360645294189453,-0.1895228624343872,-0.04572924840107362,-0.09923356771469116,-0.2993641495704651,-0.06365653741016786,-0.025926828384399414,-0.3139510750770569,-0.07165516781464021,-0.13646215200424194,-0.30685028433799744,0.007329933728726701,-0.12976396083831787,-0.4284975528717041,-0.044010079082397624,-0.109832763671875,-0.3218368887901306,-0.07032242285862367,-0.10682463645935059,-0.2675170600414276,-0.08015899228706758,-0.07239371538162231,-0.3144257962703705,0.00044034861417685534,-0.062344908714294434,-0.4365044832229614,-0.04912018271937768,-0.054046809673309326,-0.3192655146121979,-0.057575116481928035,-0.06124579906463623,-0.2804339826107025,-0.04899067672744195,-0.009201586246490479,-0.30250084400177,-0.017344888847617312,0.005815625190734863,-0.40764909982681274,-0.059657550033477946,0.0023353099822998047,-0.30357053875923157,-0.046176342841533824,-0.011410117149353027,-0.2648671567440033,-0.023869228165892764,0.05107557773590088,-0.2730938494205475,-0.03986118229880731,0.06152141094207764,-0.35036537051200867,-0.054728190031198665,0.04948502779006958,-0.2863890826702118,-0.038257344242481395,0.03784537315368652,-0.25000765919685364,-0.020154439460782214
S,0.0,0.0,0.0,-0.08078926801681519,-0.0673249363899231,-0.0300213049837339,-0.13482409715652466,-0.19146186113357544,-0.043684103313921696,-0.09836989641189575,-0.3009464740753174,-0.06151279878997684,-0.02441227436065674,-0.3140626847743988,-0.0694494217374313,-0.134485125541687,-0.30748292803764343,0.009604594882489437,-0.12848585844039917,-0.43002796173095703,-0.04199390185260654,-0.10992759466171265,-0.32243064045906067,-0.06875908819222332,-0.10633093118667603,-0.26753515005111694,-0.07877309319758297,-0.07013964653015137,-0.3142976462841034,0.0017911506378140984,-0.06091123819351196,-0.43619173765182495,-0.04741639343285442,-0.054754555225372314,-0.31868648529052734,-0.05582653057956577,-0.061310410499572754,-0.2805618643760681,-0.047431637320755726,-0.006994009017944336,-0.3015528619289398,-0.017006675500510937,0.007907390594482422,-0.40834712982177734,-0.05861585286641002,0.0017722845077514648,-0.3034699857234955,-0.04453605112814785,-0.011468946933746338,-0.2637217044830322,-0.022079617504118687,0.05321162939071655,-0.2711069881916046,-0.04053071585678936,0.06314617395401001,-0.3498789370059967,-0.05428246480607868,0.04926580190658569,-0.2855713367462158,-0.03704485369109989,0.0380973219871521,-0.24842482805252075,-0.01865175810837627
S,0.0,0.0,0.0,-0.0813373327255249,-0.0653066635131836,-0.031062954057063052,-0.13686203956604004,-0.18959051370620728,-0.04533644853910346,-0.09998887777328491,-0.29987218976020813,-0.0633414582796945,-0.026058614253997803,-0.31562158465385437,-0.0714933098741426,-0.13523626327514648,-0.3099183142185211,0.007625580813680699,-0.1270143985748291,-0.4297685921192169,-0.044869706917609165,-0.10911732912063599,-0.32133927941322327,-0.07126663341006179,-0.10481178760528564,-0.26761820912361145,-0.0809486628957643,-0.07022964954376221,-0.3163333237171173,-0.00021827744313895892,-0.059242963790893555,-0.4352765381336212,-0.05077392323693175,-0.05427849292755127,-0.3152952790260315,-0.05829992233594794,-0.06065458059310913,-0.2795834541320801,-0.04892717017611403,-0.007288217544555664,-0.3034583032131195,-0.019193117458428333,0.008833706378936768,-0.4064840078353882,-0.06287561817845244,0.0010077953338623047,-0.297211229801178,-0.04766597314556975,-0.012513935565948486,-0.2609526216983795,-0.024056334931458423,0.052750587463378906,-0.2729046642780304,-0.04285321472963233,0.06193709373474121,-0.34787461161613464,-0.058140055228079746,0.04782557487487793,-0.2790977656841278,-0.0400054538138761,0.0371740460395813,-0.2447108030319214,-0.020593869451488445
S,0.0,0.0,0.0,-0.08278417587280273,-0.06843549013137817,-0.031270533807344236,-0.13827329874038696,-0.18545377254486084,-0.04743568972475032,-0.10347217321395874,-0.29467371106147766,-0.0676003433836172,-0.031077444553375244,-0.31845468282699585,-0.0778123401177595,-0.13658636808395386,-0.30932819843292236,0.009760908775263033,-0.12960582971572876,-0.4275217056274414,-0.043504551060266294,-0.11115550994873047,-0.31988289952278137,-0.0716148577702711,-0.10811358690261841,-0.2677851915359497,-0.082329671837158,-0.07171505689620972,-0.3146444261074066,0.0017170181891401626,-0.06219220161437988,-0.435194730758667,-0.05029912293679217,-0.05610758066177368,-0.3161589503288269,-0.06036569551355342,-0.06331765651702881,-0.2785911560058594,-0.052257157869405546,-0.008864760398864746,-0.30177438259124756,-0.017495442189044752,0.005871891975402832,-0.404568076133728,-0.062452431775398054,0.0006072521209716797,-0.29788267612457275,-0.048556610949106016,-0.01277691125869751,-0.2595592737197876,-0.02503857203549842,0.05160015821456909,-0.2718115448951721,-0.04134703800804118,0.06138050556182861,-0.34718459844589233,-0.057277347899741926,0.04832601547241211,-0.2805033326148987,-0.039463270462817945,0.035888612270355225,-0.24470335245132446,-0.019795037813253202
S,0.0,0.0,0.0,-0.08280467987060547,-0.06569206714630127,-0.03236247334194786,-0.13816159963607788,-0.18462276458740234,-0.048399862977987596,-0.10334086418151855,-0.2950127124786377,-0.06788255754423744,-0.03141301870346069,-0.3222784399986267,-0.07744257632208473,-0.13587450981140137,-0.3125423192977905,0.007831846219175986,-0.1284528374671936,-0.43070030212402344,-0.04472381356669075,-0.11202490329742432,-0.32545506954193115,-0.07230378422451622,-0.10913753509521484,-0.27266108989715576,-0.08276266339731819,-0.07067829370498657,-0.31809329986572266,0.0006135218145004728,-0.060927510261535645,-0.43731875717639923,-0.04948606449676163,-0.05613523721694946,-0.32049962878227234,-0.0583614233465255,-0.0622745156288147,-0.28351354598999023,-0.05013730112028725,-0.007476091384887695,-0.3046249449253082,-0.017799235093718835,0.007984578609466553,-0.40817537903785706,-0.061912347707277604,0.0013390183448791504,-0.3023340404033661,-0.0476766351194442,-0.011576592922210693,-0.2634006440639496,-0.02452919739795334,0.05356574058532715,-0.2738885283470154,-0.0409530859024585,0.0635867714881897,-0.35020264983177185,-0.05755689847779877,0.04994422197341919,-0.28324228525161743,-0.04021471846414215,0.03765428066253662,-0.2472444474697113,-0.020979483756548234
S,0.0,0.0,0.0,-0.08048224449157715,-0.06722748279571533,-0.03051013356520116,-0.13620424270629883,-0.19154611229896545,-0.045626366943849916,-0.10177087783813477,-0.30324068665504456,-0.06475070348454892,-0.029071152210235596,-0.33082112669944763,-0.07389214119388043,-0.13438361883163452,-0.3109697699546814,0.007878956883416777,-0.12957650423049927,-0.43356141448020935,-0.04532795628978192,-0.11095011234283447,-0.3250333070755005,-0.0718390592045921,-0.10642331838607788,-0.27154529094696045,-0.08095410695744931,-0.06981933116912842,-0.31656816601753235,0.00013627404774751994,-0.06098121404647827,-0.44087719917297363,-0.05081921300364911,-0.05599522590637207,-0.32005932927131653,-0.05800460881067693,-0.06143397092819214,-0.28191667795181274,-0.04761644309832036,-0.006892204284667969,-0.30395621061325073,-0.018704362646474237,0.008074700832366943,-0.4071026146411896,-0.06350260457469403,0.001050412654876709,-0.29675814509391785,-0.047617374420894976,-0.010662496089935303,-0.2577020227909088,-0.02251151992453515,0.0545123815536499,-0.27465856075286865,-0.04206028810216367,0.06362020969390869,-0.35310667753219604,-0.05815401157809674,0.049280643463134766,-0.28354692459106445,-0.039428731859459276,0.03770703077316284,-0.24603170156478882,-0.01889974480940282
S,0.0,0.0,0.0,-0.08302360773086548,-0.06975603103637695,-0.030555201546860644,-0.13932675123214722,-0.19542014598846436,-0.0444243306681642,-0.1059103012084961,-0.3087448179721832,-0.0626745613679418,-0.034646809101104736,-0.34082716703414917,-0.0704851391181478,-0.1398976445198059,-0.316883385181427,0.015252718849467328,-0.13272279500961304,-0.43790513277053833,-0.038560373561097094,-0.11333149671554565,-0.32728901505470276,-0.06622449480147452,-0.10927802324295044,-0.2735280990600586,-0.0756678076848516,-0.07526504993438721,-0.3224877119064331,0.007758203575747302,-0.06388318538665771,-0.4472239762544632,-0.044670721368504474,-0.05857586860656738,-0.3219981789588928,-0.05358302392215819,-0.06518590450286865,-0.28298112750053406,-0.043488064633322665,-0.012000203132629395,-0.31069424748420715,-0.011444506087912032,0.004769027233123779,-0.4137917757034302,-0.0581102611884603,-0.0025929808616638184,-0.2991842031478882,-0.0431387255355844,-0.015395283699035645,-0.2591984272003174,-0.017668515296293208,0.050010502338409424,-0.2822926640510559,-0.03516246922464461,0.06122946739196777,-0.3617667257785797,-0.05198460988850684,0.04586493968963623,-0.28852415084838867,-0.03302708439679236,0.03232473134994507,-0.24935919046401978,-0.011694061422360846
S,0.0,0.0,0.0,-0.08200103044509888,-0.06715631484985352,-0.030357528718866433,-0.1379162073135376,-0.19081586599349976,-0.046150876450099076,-0.10426628589630127,-0.3043428063392639,-0.06592177810028943,-0.03419727087020874,-0.33211973309516907,-0.07613390894488248,-0.13831859827041626,-0.31106093525886536,0.005701852255754147,-0.13244712352752686,-0.43181653320789337,-0.04786695377782735,-0.1137688159942627,-0.32534658908843994,-0.07525567175702008,-0.1085088849067688,-0.27060946822166443,-0.08529873402670773,-0.07326382398605347,-0.31644296646118164,-0.0026496078434661285,-0.06201660633087158,-0.4421028345823288,-0.0551951585884467,-0.057523906230926514,-0.3208056688308716,-0.06391600729779157,-0.06362086534500122,-0.27872031927108765,-0.05470046611384305,-0.009719610214233398,-0.3053191900253296,-0.021693224328316774,0.008173048496246338,-0.4095708429813385,-0.06891893805817517,-0.0004654526710510254,-0.2962226867675781,-0.05413956405476483,-0.013520419597625732,-0.25320813059806824,-0.029451778399504747,0.052584946155548096,-0.2773837745189667,-0.045022065060891236,0.06101799011230469,-0.357221782207489,-0.06281911792115125,0.04588395357131958,-0.28452515602111816,-0.04413483874753865,0.03345942497253418,-0.24419429898262024,-0.02353651659444722
S,0.0,0.0,0.0,-0.08154726028442383,-0.06784665584564209,-0.03007180145550592,-0.13658010959625244,-0.19790714979171753,-0.04413556023109777,-0.0970260500907898,-0.31298062205314636,-0.0619291671978317,-0.021386384963989258,-0.3362579345703125,-0.07032302110064848,-0.13476622104644775,-0.31423166394233704,0.006307009192369151,-0.12874138355255127,-0.43301810324192047,-0.04541342421043737,-0.11026269197463989,-0.32820427417755127,-0.07240983931887968,-0.1034579873085022,-0.2720066010951996,-0.08243908821214063,-0.06915551424026489,-0.3209800720214844,-0.0011896969012923364,-0.057040393352508545,-0.4454731047153473,-0.05212797312606199,-0.05337166786193848,-0.32609134912490845,-0.06045250310171468,-0.057696402072906494,-0.2800922989845276,-0.05063107697833402,-0.005560696125030518,-0.3083871603012085,-0.019356698678620887,0.013052880764007568,-0.4086802303791046,-0.0637326174842201,0.0030992627143859863,-0.30014896392822266,-0.050023649768718315,-0.009053587913513184,-0.25626957416534424,-0.02637650905717237,0.056269943714141846,-0.27871406078338623,-0.04197036190498693,0.06635594367980957,-0.3557948172092438,-0.05825759931076391,0.05026435852050781,-0.2867203950881958,-0.04100392846930845,0.038153767585754395,-0.24750086665153503,-0.02161373472381456
S,0.0,0.0,0.0,-0.0828360915184021,-0.07271009683609009,-0.03003064080542117,-0.13626021146774292,-0.20535141229629517,-0.04382382057076484,-0.09513187408447266,-0.3169912099838257,-0.06157262719636947,-0.020588696002960205,-0.33929234743118286,-0.06923865250712424,-0.13769656419754028,-0.32133132219314575,0.008533650977256002,-0.12946254014968872,-0.44195985794067383,-0.04467385731106788,-0.11194705963134766,-0.3314105272293091,-0.07137951723700553,-0.10782766342163086,-0.2758307158946991,-0.08075540981656104,-0.07103770971298218,-0.3274560868740082,0.00041046298872515763,-0.05891233682632446,-0.4524846374988556,-0.05136977232461959,-0.05544024705886841,-0.3276975750923157,-0.05895355812674552,-0.06028389930725098,-0.28724727034568787,-0.04816933072572738,-0.005598187446594238,-0.3132621943950653,-0.01875376983946353,0.013858199119567871,-0.41409537196159363,-0.06424899123078376,0.0036184191703796387,-0.2999023199081421,-0.0483250068820098,-0.008510708808898926,-0.25992551445961,-0.022678731972632704,0.058103322982788086,-0.2809913754463196,-0.04242170325881034,0.07017189264297485,-0.3597579002380371,-0.058920827726183234,0.05324441194534302,-0.28887924551963806,-0.039845761874971686,0.040515124797821045,-0.2519705891609192,-0.01869786999588996
S,0.0,0.0,0.0,-0.08376187086105347,-0.07449167966842651,-0.030261340130550707,-0.13963466882705688,-0.2102620005607605,-0.04247954538880094,-0.09757012128829956,-0.32501420378685,-0.05901608294664129,-0.02138495445251465,-0.345997154712677,-0.06490455246387228,-0.14085042476654053,-0.32212063670158386,0.013007658022957003,-0.13388901948928833,-0.4507775753736496,-0.04214458218632444,-0.11183863878250122,-0.3392423987388611,-0.07015840387759908,-0.10576581954956055,-0.2817307412624359,-0.08007695949493154,-0.07365268468856812,-0.3300778865814209,0.005069344725029623,-0.06094783544540405,-0.4591093510389328,-0.048775315795523966,-0.054203033447265625,-0.33125412464141846,-0.0572622684281896,-0.06005984544754028,-0.2899918556213379,-0.046861239288432444,-0.007937490940093994,-0.3172317147254944,-0.014668552715761507,0.013445436954498291,-0.4239472299814224,-0.062161125753505075,0.004220783710479736,-0.30572423338890076,-0.04635639912305578,-0.010496377944946289,-0.2637687027454376,-0.020495210353715265,0.05605083703994751,-0.2859256863594055,-0.03913771412192091,0.07193255424499512,-0.36365702748298645,-0.05740253305850729,0.05483728647232056,-0.29113730788230896,-0.03959966129480108,0.039189159870147705,-0.25345945358276367,-0.019263851035816515
S,0.0,0.0,0.0,-0.08593016862869263,-0.0682564377784729,-0.03493388807754627,-0.1462712287902832,-0.20813119411468506,-0.049160544484664115,-0.09714728593826294,-0.32625600695610046,-0.06629748707990757,-0.011207520961761475,-0.3550100028514862,-0.07285483992080799,-0.14221179485321045,-0.3436009883880615,0.0023296289576251183,-0.1288345456123352,-0.46742983162403107,-0.05580585515480152,-0.1151542067527771,-0.3506549298763275,-0.08481947398166767,-0.11260867118835449,-0.2914488613605499,-0.09560097819547764,-0.07086449861526489,-0.34915879368782043,-0.004066634181697282,-0.0534052848815918,-0.47415758669376373,-0.060069245010424765,-0.05394202470779419,-0.33835282921791077,-0.06752590155582539,-0.06039071083068848,-0.29621589183807373,-0.05655513769369236,-0.00234222412109375,-0.33497312664985657,-0.02246327204983345,0.022466421127319336,-0.43724100291728973,-0.0723968080280315,0.00825577974319458,-0.31060296297073364,-0.05551223522405735,-0.0057489871978759766,-0.2670590579509735,-0.028857052981663855,0.06438881158828735,-0.3013058006763458,-0.045855925142575416,0.07900333404541016,-0.38026878237724304,-0.06675003534536472,0.05999433994293213,-0.3016081750392914,-0.048690599113513144,0.04561769962310791,-0.2625412046909332,-0.027821241602111968
S,0.0,0.0,0.0,-0.08727878332138062,-0.07650083303451538,-0.03555639375025521,-0.14897692203521729,-0.22762450575828552,-0.048986299969499214,-0.0996788740158081,-0.35188499093055725,-0.06616301748925935,-0.012013494968414307,-0.3717319965362549,-0.07171558503085862,-0.14950025081634521,-0.3506644070148468,0.009909132420773403,-0.1403316855430603,-0.4879601299762726,-0.04847356963927041,-0.12075263261795044,-0.36772599816322327,-0.07729231480533372,-0.11509597301483154,-0.3062646687030792,-0.08731752548391114,-0.07638406753540039,-0.3599589169025421,0.003510350985209243,-0.0615997314453125,-0.49834302067756653,-0.05443554658467065,-0.056661367416381836,-0.36028626561164856,-0.06250703994209061,-0.06189084053039551,-0.3136155307292938,-0.05000291306549798,-0.0053708553314208984,-0.3465673625469208,-0.01574673604244481,0.017378032207489014,-0.45983293652534485,-0.06627491030866395,0.006743788719177246,-0.333716481924057,-0.050162552930657966,-0.00790172815322876,-0.2861720323562622,-0.022644194849078758,0.06393957138061523,-0.3134746551513672,-0.0403542212026764,0.07986021041870117,-0.39813458919525146,-0.06021465275460969,0.06083744764328003,-0.3220902383327484,-0.04304347846681367,0.044367969036102295,-0.28027600049972534,-0.022412552573030098
S,0.0,0.0,0.0,-0.08644968271255493,-0.07458662986755371,-0.032283731252789494,-0.14921706914901733,-0.22296303510665894,-0.04741450071418285,-0.09934449195861816,-0.3477480411529541,-0.06686560481870174,-0.010900378227233887,-0.37554389238357544,-0.07581223964774608,-0.14949136972427368,-0.3514862358570099,0.0023342755335420406,-0.13712412118911743,-0.49402114748954773,-0.05755810484373569,-0.11699432134628296,-0.37649106979370117,-0.08779982149684429,-0.11165225505828857,-0.3079233169555664,-0.09881747186267376,-0.07405751943588257,-0.3608541786670685,-0.006912588124066588,-0.05617755651473999,-0.5038095861673355,-0.06495832324111461,-0.051620543003082275,-0.3677259385585785,-0.07374767631375789,-0.05905431509017944,-0.3145717978477478,-0.06316806048238277,-0.0007271170616149902,-0.34773609042167664,-0.027761998102903362,0.02476024627685547,-0.46679340302944183,-0.07830201506698131,0.014639973640441895,-0.33998262882232666,-0.061096948088049885,-0.002144455909729004,-0.28803136944770813,-0.03422199606978893,0.06926709413528442,-0.3124430179595947,-0.05345546126449108,0.08649075031280518,-0.399908185005188,-0.07405070632779598,0.06792020797729492,-0.3200211822986603,-0.05518386557781696,0.04994255304336548,-0.27492257952690125,-0.03415984705173969
S,0.0,0.0,0.0,-0.08738529682159424,-0.07689547538757324,-0.03370011651816185,-0.14978867769241333,-0.22573524713516235,-0.04865995475950058,-0.09830796718597412,-0.3525335192680359,-0.06795488351883705,-0.007975220680236816,-0.37699654698371887,-0.07585863822998817,-0.14763695001602173,-0.35258203744888306,0.0066600091948885165,-0.13798868656158447,-0.502284586429596,-0.05306997949185188,-0.11545062065124512,-0.38239848613739014,-0.08390684479775246,-0.10927939414978027,-0.3142494559288025,-0.09540777707400139,-0.07266753911972046,-0.3614378869533539,-0.0019698085535537757,-0.05774730443954468,-0.508634552359581,-0.05933555269541557,-0.051977336406707764,-0.37403473258018494,-0.06923881227078255,-0.05987471342086792,-0.3239140510559082,-0.05983059534730728,-0.00015503168106079102,-0.34705668687820435,-0.022842558640263633,0.023840487003326416,-0.4744752198457718,-0.07151135856213386,0.014299333095550537,-0.351924866437912,-0.055188011917493895,-0.003780186176300049,-0.30153656005859375,-0.029720580744765357,0.06900584697723389,-0.3112158477306366,-0.04896917248072441,0.08629059791564941,-0.401358962059021,-0.06819001639189537,0.06752443313598633,-0.32549136877059937,-0.05057976821365173,0.049423038959503174,-0.28079578280448914,-0.031040380316994742
S,0.0,0.0,0.0,-0.08653426170349121,-0.07521164417266846,-0.03652279304606054,-0.15188878774642944,-0.22958001494407654,-0.05185007529598806,-0.09702068567276001,-0.35484904050827026,-0.07068170460206602,-0.0013210177421569824,-0.3817092776298523,-0.07792497279388044,-0.14662593603134155,-0.36677825450897217,0.0003692888849400333,-0.13051605224609375,-0.5148744732141495,-0.061659073850933055,-0.11471349000930786,-0.3878115713596344,-0.09197826536637876,-0.11313498020172119,-0.31650808453559875,-0.1027612820480499,-0.0689159631729126,-0.3743588328361511,-0.006395227203938703,-0.04820060729980469,-0.519377812743187,-0.06592897923928831,-0.04665762186050415,-0.3736778497695923,-0.07355610134345625,-0.055788278579711914,-0.32090893387794495,-0.0618413448546562,0.0053372979164123535,-0.3594798445701599,-0.02567716168505285,0.03271520137786865,-0.48025426268577576,-0.0773595258806381,0.019703030586242676,-0.3472684323787689,-0.05915666597229574,0.0009613037109375,-0.29553139209747314,-0.03125691266996,0.07601827383041382,-0.3225540816783905,-0.05032557847243879,0.09439420700073242,-0.41279417276382446,-0.07162213923675154,0.07403254508972168,-0.3300371766090393,-0.05304775612694357,0.05499166250228882,-0.28430259227752686,-0.032008124909225444
S,0.0,0.0,0.0,-0.08909857273101807,-0.07992243766784668,-0.04002875686393281,-0.1527072787284851,-0.23439806699752808,-0.058139143891196454,-0.09378212690353394,-0.36393633484840393,-0.07962552309737703,0.005417823791503906,-0.39468541741371155,-0.08894271255240938,-0.14738726615905762,-0.3792908787727356,0.0006821504491085761,-0.13116949796676636,-0.5309514105319977,-0.06385796368823549,-0.11174541711807251,-0.40355077385902405,-0.0964245334337761,-0.10632354021072388,-0.3294006586074829,-0.1081306845019867,-0.0672980546951294,-0.38764798641204834,-0.00524973255352279,-0.047342658042907715,-0.5397648811340332,-0.066944813735347,-0.04301881790161133,-0.3906370997428894,-0.07470165789828798,-0.04871267080307007,-0.33086657524108887,-0.06212009713755151,0.008935630321502686,-0.3704909682273865,-0.024598839140992368,0.03811770677566528,-0.49952051043510437,-0.07838778794513246,0.024828195571899414,-0.36418741941452026,-0.05946681872711679,0.006936609745025635,-0.3038889169692993,-0.029918998859386647,0.08173000812530518,-0.3295274078845978,-0.049725858874182904,0.10142713785171509,-0.4254806637763977,-0.07262507677779695,0.07866507768630981,-0.34499889612197876,-0.05423943550096055,0.05691784620285034,-0.29515448212623596,-0.03258182332621118
S,0.0,0.0,0.0,-0.09179425239562988,-0.08457666635513306,-0.046166396850878755,-0.1573479175567627,-0.2503131628036499,-0.06514596115999893,-0.09340184926986694,-0.3868134915828705,-0.08713895004444794,0.011330962181091309,-0.41469767689704895,-0.09544908177309708,-0.15118920803070068,-0.4084630608558655,0.007310263661508998,-0.13287997245788574,-0.5530579388141632,-0.06029413934999184,-0.11449819803237915,-0.4158138632774353,-0.09453154277258591,-0.10899525880813599,-0.3498298227787018,-0.10761266868763641,-0.06774318218231201,-0.41616830229759216,0.002724134212201079,-0.044858574867248535,-0.5591821372509003,-0.06453256976061539,-0.043409764766693115,-0.3988072872161865,-0.0735940701907225,-0.051246821880340576,-0.34940406680107117,-0.06023661714249329,0.011751055717468262,-0.39716246724128723,-0.01738249805026726,0.04426896572113037,-0.5210137814283371,-0.07665656428986267,0.02752584218978882,-0.37654799222946167,-0.057532160693938295,0.0075182318687438965,-0.32433128356933594,-0.02635546136849598,0.0875931978225708,-0.35427194833755493,-0.04411281939798073,0.10902470350265503,-0.44573065638542175,-0.06958095651322083,0.08349329233169556,-0.3571021258831024,-0.05144031267815308,0.06029278039932251,-0.3112313449382782,-0.029129327425891915
S,0.0,0.0,0.0,-0.09094172716140747,-0.08168673515319824,-0.045814741109040824,-0.1600956916809082,-0.23763084411621094,-0.06784331769171104,-0.09780687093734741,-0.3816964030265808,-0.09284547686996802,0.011080563068389893,-0.416559636592865,-0.10411736339750632,-0.15250414609909058,-0.40960457921028137,0.0004252006793308283,-0.1378999948501587,-0.5601376891136169,-0.06927169830026969,-0.1145162582397461,-0.42202818393707275,-0.10529273719015464,-0.10631686449050903,-0.35313138365745544,-0.11980832338753089,-0.06682640314102173,-0.41722455620765686,-0.0053812476662074005,-0.046988725662231445,-0.5663591027259827,-0.07371466577473029,-0.040986597537994385,-0.4071635901927948,-0.08375699043693885,-0.04913729429244995,-0.35688602924346924,-0.07206544250669822,0.014576256275177002,-0.3980237543582916,-0.026003639851239768,0.046111464500427246,-0.5277175903320312,-0.08634774357500419,0.03286653757095337,-0.3851613700389862,-0.06696946889582023,0.010544240474700928,-0.33251550793647766,-0.03619830280962333,0.09125185012817383,-0.35443177819252014,-0.05301132768812522,0.11275941133499146,-0.44800546765327454,-0.08021389663639411,0.08886641263961792,-0.3604157567024231,-0.062021217946437446,0.06301385164260864,-0.3117764890193939,-0.03991274506273612
S,0.0,0.0,0.0,-0.09572774171829224,-0.08491313457489014,-0.049056390690452645,-0.16500216722488403,-0.24307918548583984,-0.07310873495305259,-0.09622138738632202,-0.3874577283859253,-0.09950202928746421,0.017020106315612793,-0.42586055397987366,-0.11209605114424903,-0.1511988639831543,-0.42050638794898987,-0.004651329404509852,-0.13715237379074097,-0.5742333829402924,-0.07762175278628547,-0.11407548189163208,-0.4338548183441162,-0.11501970367396552,-0.10345679521560669,-0.3624536097049713,-0.13003647552693565,-0.06255567073822021,-0.42846783995628357,-0.010268540511674473,-0.0425647497177124,-0.5798593461513519,-0.08015597091878135,-0.039244234561920166,-0.4171692728996277,-0.08926561700070579,-0.04669123888015747,-0.36587485671043396,-0.07715534644091804,0.020601749420166016,-0.4073857367038727,-0.03128966541851241,0.05298352241516113,-0.540088564157486,-0.09462441729272086,0.03598356246948242,-0.3909749388694763,-0.07348493711913306,0.014080286026000977,-0.33412185311317444,-0.041082149761564324,0.0987580418586731,-0.3594570457935333,-0.05896184446180541,0.11839193105697632,-0.455935537815094,-0.08922279106343467,0.09235203266143799,-0.36416441202163696,-0.07003784404957969,0.0669134259223938,-0.3120916783809662,-0.04652066009009559
S,0.0,0.0,0.0,-0.09793561697006226,-0.09082669019699097,-0.05362464307921755,-0.16460245847702026,-0.25342440605163574,-0.07956369786637651,-0.09473824501037598,-0.39558735489845276,-0.10781554698127138,0.01633375883102417,-0.4410906434059143,-0.12108578353303301,-0.15597999095916748,-0.43205463886260986,-2.342843885116963e-05,-0.1353856921195984,-0.5913469642400742,-0.07528154372351992,-0.11205649375915527,-0.44825929403305054,-0.11428803025859224,-0.10392141342163086,-0.3747935891151428,-0.12945291220324862,-0.06477707624435425,-0.4398863911628723,-0.003613834102850433,-0.040087878704071045,-0.5976409912109375,-0.07756637602227556,-0.03715997934341431,-0.4306564927101135,-0.08966542600768435,-0.04664117097854614,-0.3730725049972534,-0.07760084985869753,0.02018362283706665,-0.4187681972980499,-0.0236606170155369,0.05532479286193848,-0.5552024692296982,-0.08956194489377367,0.03831738233566284,-0.40333279967308044,-0.06893819390910494,0.014920711517333984,-0.343540221452713,-0.03515131591933596,0.09959995746612549,-0.3713074028491974,-0.05091882317441332,0.12405389547348022,-0.469785213470459,-0.0816674959577881,0.0986359715461731,-0.37875857949256897,-0.06248868822234499,0.07186007499694824,-0.32910335063934326,-0.038036441496785756
S,0.0,0.0,0.0,-0.1016806960105896,-0.09227073192596436,-0.04914858031526137,-0.1703552007675171,-0.2687785029411316,-0.07135001409307051,-0.09506624937057495,-0.41872215270996094,-0.09703626322999526,0.02207624912261963,-0.45753365755081177,-0.10809120375171233,-0.15727299451828003,-0.4480515718460083,0.00743826360002231,-0.13636410236358643,-0.6181467324495316,-0.06503560233369399,-0.11350542306900024,-0.47371721267700195,-0.10390734511867095,-0.1050868034362793,-0.39065441489219666,-0.11912301767125655,-0.06415122747421265,-0.455663800239563,0.002116232156083697,-0.039992451667785645,-0.6203409284353256,-0.06963626134648848,-0.036283254623413086,-0.45252880454063416,-0.08278617102160979,-0.045338451862335205,-0.3862607479095459,-0.07133046376958418,0.021938085556030273,-0.4331885278224945,-0.019417016091495043,0.057335853576660156,-0.5770134776830673,-0.08208850610509444,0.0397418737411499,-0.423160195350647,-0.06251553285375167,0.015724778175354004,-0.3538103699684143,-0.02991065967336226,0.10361981391906738,-0.3837448060512543,-0.04796251121416617,0.12509572505950928,-0.49013346433639526,-0.07608443337932158,0.09877228736877441,-0.3969888389110565,-0.0565197116459899,0.07272595167160034,-0.3403777778148651,-0.03233447882786322
S,0.0,0.0,0.0,-0.10050684213638306,-0.0945855975151062,-0.05357770836064901,-0.17305046319961548,-0.2729119658470154,-0.07820568820545759,-0.102752685546875,-0.43226611614227295,-0.10596587350676145,0.015604913234710693,-0.47535187005996704,-0.11811618348667707,-0.1651933789253235,-0.46015676856040955,0.006391112878077365,-0.14620155096054077,-0.636897087097168,-0.07057493766853895,-0.12098795175552368,-0.4872582256793976,-0.11092740139076795,-0.11140555143356323,-0.40280771255493164,-0.1261311008603343,-0.06917715072631836,-0.46945953369140625,0.0015202536704919112,-0.04597383737564087,-0.6417631506919861,-0.07451858213255491,-0.040597617626190186,-0.4688933491706848,-0.0877668841750392,-0.049463093280792236,-0.4042341709136963,-0.07511155894110289,0.020376741886138916,-0.447252094745636,-0.020581199136472605,0.055493295192718506,-0.5972187519073486,-0.088472156134344,0.03847473859786987,-0.43936628103256226,-0.0684320314795741,0.01354449987411499,-0.3731932044029236,-0.03402102580378141,0.10450023412704468,-0.397000253200531,-0.049962094333864115,0.12543082237243652,-0.5041680932044983,-0.0807885139257678,0.09916085004806519,-0.40780723094940186,-0.06081532156179037,0.07296282052993774,-0.352033406496048,-0.03559724828312483
S,0.0,0.0,0.0,-0.10495966672897339,-0.08916378021240234,-0.05552941968301184,-0.18194866180419922,-0.267866849899292,-0.08274314960101492,-0.10997194051742554,-0.43045303225517273,-0.1126213636026705,0.01253575086593628,-0.47575369477272034,-0.1269508044944132,-0.17166173458099365,-0.4624253809452057,-0.0015086914655739747,-0.1552174687385559,-0.6399576365947723,-0.07904397358754522,-0.12480193376541138,-0.4873480200767517,-0.11926132848122961,-0.11099368333816528,-0.40588173270225525,-0.13547091593602545,-0.07233244180679321,-0.4737679958343506,-0.00724261289099104,-0.04994863271713257,-0.6497478485107422,-0.08701216091969854,-0.04071468114852905,-0.47425881028175354,-0.10193769296267874,-0.04778087139129639,-0.4064558148384094,-0.08971643110373861,0.01988685131072998,-0.4542023539543152,-0.029547168292197057,0.05426788330078125,-0.6023121178150177,-0.09942474623778708,0.038990020751953125,-0.44123199582099915,-0.07987871428588278,0.01358562707901001,-0.37493211030960083,-0.045507163159641095,0.1073344349861145,-0.40572285652160645,-0.05923483183244116,0.12481069564819336,-0.5057806372642517,-0.09160392393926031,0.09899497032165527,-0.40612685680389404,-0.07223186304429419,0.0723041296005249,-0.34983792901039124,-0.047407098464759656
S,0.0,0.0,0.0,-0.10966610908508301,-0.09375119209289551,-0.05941536136833747,-0.18725067377090454,-0.2777702808380127,-0.08802529656259139,-0.11248570680618286,-0.44047221541404724,-0.11871054255334457,0.013537347316741943,-0.48519229888916016,-0.1334075876411589,-0.1787911057472229,-0.47489842772483826,-0.0048996573214026284,-0.16178816556930542,-0.6540382504463196,-0.08601410173741897,-0.13452011346817017,-0.4957810640335083,-0.12744870268670638,-0.12257033586502075,-0.4096381962299347,-0.14322775089112838,-0.07622212171554565,-0.4862600266933441,-0.008763357521274884,-0.054840922355651855,-0.6684719324111938,-0.08986324303714355,-0.04809004068374634,-0.4839245676994324,-0.10222424053517898,-0.05231606960296631,-0.4088617265224457,-0.08700356119243224,0.019059419631958008,-0.46581682562828064,-0.030047243916669686,0.05145716667175293,-0.6156842559576035,-0.1022067614730986,0.03333079814910889,-0.4473549425601959,-0.08039215438930114,0.011864066123962402,-0.37326881289482117,-0.042586772226968606,0.109524667263031,-0.41536930203437805,-0.05901044838992675,0.1263253092765808,-0.5253210961818695,-0.09178624533979018,0.09847259521484375,-0.4242439270019531,-0.07039981567231735,0.07383954524993896,-0.36207717657089233,-0.042922927522340615
S,0.0,0.0,0.0,-0.10797226428985596,-0.09293591976165771,-0.05890461728893115,-0.1882169246673584,-0.2786642014980316,-0.08950995207749202,-0.11321884393692017,-0.44455111026763916,-0.12226774097405269,0.014879226684570312,-0.49074405431747437,-0.13916658163986995,-0.17412328720092773,-0.47452273964881897,-0.01295538918100192,-0.15777164697647095,-0.6666720360517502,-0.09510688037596537,-0.12913376092910767,-0.5061852931976318,-0.13587980271302058,-0.11810213327407837,-0.4181099236011505,-0.15138835013829066,-0.06956017017364502,-0.48703518509864807,-0.01808848903499438,-0.048934221267700195,-0.6806625723838806,-0.0997282892557223,-0.041689395904541016,-0.4968315064907074,-0.11093902141772105,-0.04743683338165283,-0.41911301016807556,-0.09541654140673472,0.02800309658050537,-0.4674760699272156,-0.040064501771553296,0.05767327547073364,-0.6270714700222015,-0.11077840180121257,0.04036593437194824,-0.45867568254470825,-0.08712425381861522,0.0177498459815979,-0.38360506296157837,-0.04929513783179118,0.12139362096786499,-0.41768303513526917,-0.06974974573574855,0.13349342346191406,-0.5279079079627991,-0.10178940297089412,0.10554784536361694,-0.4259033203125,-0.08004418314419581,0.08053714036941528,-0.36325889825820923,-0.053193918624742764
S,0.0,0.0,0.0,-0.10957878828048706,-0.09087049961090088,-0.05572442573418357,-0.1865454912185669,-0.27624428272247314,-0.08347787571062781,-0.11233651638031006,-0.44507670402526855,-0.11469322306027152,0.01188361644744873,-0.4948359727859497,-0.1307024346004937,-0.17814791202545166,-0.4768853783607483,-0.0034281339302424385,-0.15726816654205322,-0.6695390343666077,-0.08422167462219932,-0.1244935393333435,-0.5151002407073975,-0.1261228011261437,-0.1109766960144043,-0.4236454367637634,-0.14166875046601035,-0.07307314872741699,-0.4894315004348755,-0.009924352661869307,-0.049886882305145264,-0.6875830888748169,-0.09154026818384864,-0.03818744421005249,-0.5042975544929504,-0.10650904339661338,-0.043098270893096924,-0.4196547567844391,-0.09245820951571204,0.02433115243911743,-0.4700789749622345,-0.03297415238728263,0.05733853578567505,-0.6313491314649582,-0.10508889567961432,0.04359579086303711,-0.46336352825164795,-0.08561284703125693,0.01986098289489746,-0.3827302157878876,-0.04920695212592818,0.1163409948348999,-0.41874510049819946,-0.06320654463877418,0.13502782583236694,-0.5333112329244614,-0.0959923030148957,0.10712939500808716,-0.43041402101516724,-0.07517608118166663,0.07789349555969238,-0.36210691928863525,-0.04827969011773803
S,0.0,0.0,0.0,-0.10995876789093018,-0.09905219078063965,-0.05653125174808338,-0.187555730342865,-0.27478134632110596,-0.08729392417239978,-0.11739873886108398,-0.4424779415130615,-0.12143208213615253,0.007322430610656738,-0.5021498203277588,-0.14036996789741352,-0.17358773946762085,-0.48257288336753845,-0.004800309767006183,-0.151760995388031,-0.6738644242286682,-0.08854109921026065,-0.12518948316574097,-0.5192809998989105,-0.1340436650114043,-0.11599355936050415,-0.4203484356403351,-0.15181842573451831,-0.06955450773239136,-0.4943312108516693,-0.011702571404157425,-0.04504382610321045,-0.6863555908203125,-0.09432520099448993,-0.03796672821044922,-0.5058561563491821,-0.11163811512756183,-0.04397851228713989,-0.4215569794178009,-0.10022577025461032,0.027714550495147705,-0.47317519783973694,-0.035404303451059604,0.06164973974227905,-0.6315402239561081,-0.10696412004995182,0.04241180419921875,-0.46773773431777954,-0.0881556359724982,0.01663506031036377,-0.39037418365478516,-0.053555646319864536,0.11998963356018066,-0.4183775782585144,-0.06653048970269992,0.13785886764526367,-0.5296568870544434,-0.09870331861543491,0.10762977600097656,-0.4299679398536682,-0.07763043918180301,0.07821100950241089,-0.36617588996887207,-0.051141393710850025
S,0.0,0.0,0.0,-0.1128203272819519,-0.1051483154296875,-0.05747837636283748,-0.19056588411331177,-0.28909146785736084,-0.08750146317890994,-0.11381703615188599,-0.45520105957984924,-0.12088961589745395,0.014110386371612549,-0.5082387030124664,-0.13843292433432453,-0.17275786399841309,-0.4980774521827698,-0.0009990645818334087,-0.15067917108535767,-0.684897392988205,-0.08472605485133045,-0.12299782037734985,-0.5245360136032104,-0.12941304284743183,-0.11296486854553223,-0.43169504404067993,-0.14679785508326404,-0.06698733568191528,-0.5094375610351562,-0.007881059941269086,-0.04297614097595215,-0.7008816003799438,-0.09221987861803882,-0.034740447998046875,-0.5137746036052704,-0.10869784343651645,-0.03959935903549194,-0.43242210149765015,-0.09514702547005527,0.03168785572052002,-0.48723480105400085,-0.032214023802794145,0.06470513343811035,-0.641287237405777,-0.10423861879519336,0.04697531461715698,-0.4722038209438324,-0.08377072650603168,0.022387206554412842,-0.3973444998264313,-0.04689085546544902,0.12530815601348877,-0.4316073954105377,-0.0643740935962569,0.14156663417816162,-0.5366135388612747,-0.09555181551388614,0.11172521114349365,-0.434561550617218,-0.07379857886246555,0.08325070142745972,-0.3747442066669464,-0.046273690346993135
S,0.0,0.0,0.0,-0.11539214849472046,-0.10461288690567017,-0.05851355693368987,-0.19593006372451782,-0.28812047839164734,-0.08915025866656379,-0.12210184335708618,-0.45745715498924255,-0.12365321940808371,0.005527853965759277,-0.514024406671524,-0.14186819768576697,-0.18031662702560425,-0.5018690824508667,0.00618206211299821,-0.16093403100967407,-0.689231663942337,-0.08300396180777625,-0.13055801391601562,-0.5273422300815582,-0.13105236864714698,-0.11648035049438477,-0.43500036001205444,-0.14940250790743903,-0.07349008321762085,-0.5121484398841858,-0.0016999678692855014,-0.05074232816696167,-0.6952624022960663,-0.09251518673329429,-0.043509066104888916,-0.5054077208042145,-0.11211182302861289,-0.05012005567550659,-0.431435763835907,-0.0990718243184574,0.026302218437194824,-0.49182242155075073,-0.028284111386824407,0.05771392583847046,-0.638887494802475,-0.10657639927296714,0.03784114122390747,-0.4645872712135315,-0.08613815284400062,0.011115193367004395,-0.39833059906959534,-0.04768914482622222,0.12209361791610718,-0.4399816691875458,-0.06275964654116706,0.13374608755111694,-0.535812497138977,-0.09578219926982001,0.10400164127349854,-0.4235787093639374,-0.07166997469096259,0.07618856430053711,-0.3671208918094635,-0.0416227256420143
S,0.0,0.0,0.0,-0.11630982160568237,-0.1054532527923584,-0.055108060813836346,-0.19870567321777344,-0.2908119261264801,-0.08305484963148047,-0.12613511085510254,-0.46176886558532715,-0.11541242314069677,0.0045397281646728516,-0.5111721158027649,-0.13146541429250647,-0.18604284524917603,-0.500400185585022,0.006574528072633257,-0.16482758522033691,-0.6902019679546356,-0.07788441491811682,-0.14132076501846313,-0.5207712948322296,-0.12082500917404104,-0.1334683895111084,-0.4317123293876648,-0.13674932134836126,-0.07995188236236572,-0.5107775032520294,-0.0021655983155142167,-0.0562557578086853,-0.6964797973632812,-0.08823082012622763,-0.05134379863739014,-0.505574643611908,-0.10424231899469305,-0.05775749683380127,-0.4357776939868927,-0.0898059324690621,0.020252346992492676,-0.49082452058792114,-0.028800582266740093,0.05122750997543335,-0.6427582800388336,-0.10393171919076849,0.03113234043121338,-0.46865972876548767,-0.08323627871959616,0.005509376525878906,-0.4040447175502777,-0.04541281772344519,0.11586564779281616,-0.4394340515136719,-0.062861094004802,0.12749993801116943,-0.5413346737623215,-0.09402452570884634,0.09733432531356812,-0.4322461783885956,-0.07043493700712133,0.07139205932617188,-0.3754223883152008,-0.04133696643202711
S,0.0,0.0,0.0,-0.11478817462921143,-0.10203880071640015,-0.05370098145613156,-0.20058077573776245,-0.2912387251853943,-0.0801140719831892,-0.1296314001083374,-0.4655746519565582,-0.1114442551315733,-2.6524066925048828e-05,-0.5121642053127289,-0.12636247070440731,-0.1879105567932129,-0.4974502921104431,0.0078090515180520015,-0.17125070095062256,-0.6921727657318115,-0.07768805863270245,-0.1460927128791809,-0.5216344892978668,-0.12047120721945248,-0.13673657178878784,-0.4311150312423706,-0.13601293953070126,-0.08478188514709473,-0.5090084373950958,-0.0015263759105437202,-0.0634564757347107,-0.6908383965492249,-0.0882189178646513,-0.05759698152542114,-0.49968773126602173,-0.10370290817627392,-0.06515282392501831,-0.4344944953918457,-0.08946684541115246,0.01336050033569336,-0.49094387888908386,-0.028993107172937016,0.043857693672180176,-0.6479015797376633,-0.10463474484095059,0.024664640426635742,-0.47193649411201477,-0.08296061100372754,-0.0005074739456176758,-0.40800946950912476,-0.04517144130477391,0.10748249292373657,-0.44220760464668274,-0.06386869938978634,0.11564713716506958,-0.5434629768133163,-0.09562093557724438,0.08752453327178955,-0.43164387345314026,-0.07191523702749691,0.06566745042800903,-0.3744174838066101,-0.04306497590550862
S,0.0,0.0,0.0,-0.11442065238952637,-0.10247659683227539,-0.052800333278128164,-0.1990046501159668,-0.28277522325515747,-0.08161572940821316,-0.13149428367614746,-0.452593058347702,-0.11494725771422054,-0.005276024341583252,-0.5040252506732941,-0.132785355822989,-0.1831291913986206,-0.4924998879432678,0.0008273041696611472,-0.16750943660736084,-0.6841937303543091,-0.08288409389729168,-0.1445356011390686,-0.5163228511810303,-0.12579556383366253,-0.13687705993652344,-0.42394131422042847,-0.14222613550896313,-0.07970744371414185,-0.5029996037483215,-0.008563394809016245,-0.05978739261627197,-0.6853570640087128,-0.090815460460135,-0.054473936557769775,-0.49775272607803345,-0.10608415879482891,-0.0615617036819458,-0.42889028787612915,-0.09389799662108089,0.018143177032470703,-0.4847559928894043,-0.03491052068943645,0.04700130224227905,-0.6413958966732025,-0.10734187640423443,0.02957284450531006,-0.4693867564201355,-0.08615419842476513,0.005272328853607178,-0.4021388590335846,-0.05030515991325046,0.11197125911712646,-0.43529027700424194,-0.06828442789787914,0.12047749757766724,-0.5400411486625671,-0.09911876000637676,0.09352284669876099,-0.42981085181236267,-0.0751180557178941,0.07083427906036377,-0.369671106338501,-0.04680562220687534
S,0.0,0.0,0.0,-0.10854959487915039,-0.10451221466064453,-0.056441866749310066,-0.1912568211555481,-0.2821528911590576,-0.08542747884371238,-0.126980721950531,-0.45197322964668274,-0.118613124781632,-0.0019353032112121582,-0.4967215359210968,-0.13512488543369727,-0.1821044683456421,-0.49537622928619385,0.006947139787143897,-0.16296160221099854,-0.677803248167038,-0.07857705741503196,-0.141912043094635,-0.5065252184867859,-0.12145330845692115,-0.13505125045776367,-0.42355042695999146,-0.13751406311371284,-0.08092939853668213,-0.5064629316329956,-0.0012472705714117183,-0.055780231952667236,-0.6780891716480255,-0.08690893738844352,-0.05492973327636719,-0.48502978682518005,-0.10170682608463721,-0.06560242176055908,-0.4292682111263275,-0.08810044913866477,0.015425562858581543,-0.48825711011886597,-0.02789346217491584,0.05071812868118286,-0.6355996876955032,-0.10455563008167701,0.028396904468536377,-0.46080663800239563,-0.0840340340075727,0.0003352165222167969,-0.4041416049003601,-0.04747048854210334,0.1061663031578064,-0.4398682415485382,-0.0619543315408464,0.12106359004974365,-0.5346347093582153,-0.09416888743021445,0.09118366241455078,-0.42153245210647583,-0.07094381093361335,0.06576460599899292,-0.36763086915016174,-0.04267251580336051
S,0.0,0.0,0.0,-0.10821413993835449,-0.10597491264343262,-0.05401364584054136,-0.18977713584899902,-0.28550684452056885,-0.0812102729507842,-0.1219673752784729,-0.4521409869194031,-0.11288515721048498,0.004671692848205566,-0.49217966198921204,-0.1285880604812064,-0.18019884824752808,-0.48995542526245117,0.010086773330613141,-0.15963047742843628,-0.6700493693351746,-0.07295385245765829,-0.13696062564849854,-0.5067329108715057,-0.11648284141506338,-0.1297227144241333,-0.42022550106048584,-0.13333215807165288,-0.07915753126144409,-0.4999609589576721,0.0018606155824727466,-0.054788947105407715,-0.6699744462966919,-0.08352557812418127,-0.051456987857818604,-0.48529890179634094,-0.10114956144775533,-0.0614963173866272,-0.42100122570991516,-0.08915781472410345,0.016523122787475586,-0.48214396834373474,-0.024274029401794905,0.05273789167404175,-0.6276482343673706,-0.09867786113704824,0.030931711196899414,-0.45867615938186646,-0.08061473314251089,0.0010723471641540527,-0.3950243592262268,-0.04589063544358396,0.10607254505157471,-0.43439680337905884,-0.05778360982026243,0.12124478816986084,-0.5267822742462158,-0.08877070490802907,0.09211134910583496,-0.41722163558006287,-0.0676471466251769,0.06625926494598389,-0.36222004890441895,-0.041182851982966895
S,0.0,0.0,0.0,-0.11035579442977905,-0.10678982734680176,-0.052543803435355585,-0.18787652254104614,-0.2701996862888336,-0.08297240300157682,-0.12317472696304321,-0.43261173367500305,-0.1180899546859564,0.0021030306816101074,-0.47965922951698303,-0.13825571103075163,-0.16720354557037354,-0.4801327586174011,0.004606436620861132,-0.14861130714416504,-0.6530912071466446,-0.07909176809766905,-0.12701201438903809,-0.4937891960144043,-0.12470996690967695,-0.11883372068405151,-0.40653321146965027,-0.1428147361991705,-0.06811028718948364,-0.4840020537376404,-0.005446750056535166,-0.045861780643463135,-0.654875248670578,-0.08886547697761671,-0.04337811470031738,-0.47679126262664795,-0.10675253285148756,-0.0513339638710022,-0.40986669063568115,-0.09631748063543455,0.02468806505203247,-0.46108579635620117,-0.03258398113825933,0.05859220027923584,-0.6117299497127533,-0.10544351799467222,0.03614926338195801,-0.4467158913612366,-0.08613362474420683,0.009045183658599854,-0.3774207830429077,-0.051059293877870005,0.11186003684997559,-0.4081174433231354,-0.066756974291593,0.12316334247589111,-0.5115126669406891,-0.09604822410324232,0.09394878149032593,-0.40708842873573303,-0.07193818999508039,0.07007986307144165,-0.34802523255348206,-0.04356322376111166
S,0.0,0.0,0.0,-0.10656082630157471,-0.101692795753479,-0.05026168780818807,-0.18417924642562866,-0.2678945064544678,-0.0783232602705084,-0.11703264713287354,-0.4296513795852661,-0.11073716016903745,0.006200075149536133,-0.4701717495918274,-0.1284900608886801,-0.16100770235061646,-0.469773530960083,0.000498931883385012,-0.14811843633651733,-0.6386565864086151,-0.08113090726033079,-0.12616682052612305,-0.4789453148841858,-0.12422647359267103,-0.11717218160629272,-0.39832788705825806,-0.1418102237810217,-0.06467729806900024,-0.47583508491516113,-0.009685259633215537,-0.04404217004776001,-0.6395256817340851,-0.08990140291348325,-0.042137324810028076,-0.46046847105026245,-0.10423976960078107,-0.05009251832962036,-0.40505629777908325,-0.09295153649941312,0.025864779949188232,-0.45253875851631165,-0.036402073078306785,0.05916309356689453,-0.5986298322677612,-0.1074726361264311,0.037267208099365234,-0.43492913246154785,-0.08587057920590269,0.012357771396636963,-0.3763526678085327,-0.05076940017238485,0.10995811223983765,-0.39923617243766785,-0.07002472909584867,0.12642598152160645,-0.49925950169563293,-0.10057222875252592,0.09688234329223633,-0.39776214957237244,-0.077234782599362,0.07336646318435669,-0.34426164627075195,-0.049909659050854316
S,0.0,0.0,0.0,-0.10729974508285522,-0.09661197662353516,-0.056711792363103086,-0.18620151281356812,-0.2660534381866455,-0.08458357991116827,-0.12159228324890137,-0.42567119002342224,-0.11527287901776617,-0.002333998680114746,-0.47055214643478394,-0.1303264641894657,-0.1654333472251892,-0.472429096698761,0.002582043526444977,-0.14622914791107178,-0.6358028203248978,-0.07851248176234549,-0.12701958417892456,-0.47498977184295654,-0.12155147583621329,-0.12098312377929688,-0.3977147340774536,-0.13947261811631506,-0.0682787299156189,-0.4778006374835968,-0.003987062139685804,-0.04647946357727051,-0.639300674200058,-0.08659971447127646,-0.045868873596191406,-0.45791852474212646,-0.10390675754683798,-0.05525779724121094,-0.4022901654243469,-0.09352097602027243,0.021581292152404785,-0.45362478494644165,-0.02779921085971182,0.05771636962890625,-0.5951072126626968,-0.10137391032117193,0.03530740737915039,-0.42873847484588623,-0.08189810009139364,0.007729947566986084,-0.3691210448741913,-0.04720306338208502,0.10547143220901489,-0.39962080121040344,-0.059048011316235716,0.12616771459579468,-0.4931952953338623,-0.09273795725243872,0.09712320566177368,-0.3898516893386841,-0.07212127686875647,0.07048690319061279,-0.33982163667678833,-0.045922450138505155
S,0.0,0.0,0.0,-0.10609608888626099,-0.10262250900268555,-0.053359572154818125,-0.18354636430740356,-0.2677634358406067,-0.08162116662913377,-0.12200945615768433,-0.42777347564697266,-0.11390557543688828,-0.0017852187156677246,-0.4662074148654938,-0.1308573003237825,-0.1537807583808899,-0.47177690267562866,0.005941505699070149,-0.14031261205673218,-0.6337459832429886,-0.07435425029450471,-0.12151563167572021,-0.4758724868297577,-0.11750086800509507,-0.11467820405960083,-0.40248963236808777,-0.13533799008780534,-0.05972611904144287,-0.4757339358329773,-0.001941734304068632,-0.041607022285461426,-0.6294824033975601,-0.08063587949925477,-0.04296237230300903,-0.4540550112724304,-0.09543131695443208,-0.052440345287323,-0.40724989771842957,-0.08487303213530595,0.028287649154663086,-0.4487912654876709,-0.02710008279734666,0.062133193016052246,-0.59255650639534,-0.09782942043000276,0.03895580768585205,-0.4300428032875061,-0.07629590140038545,0.013630509376525879,-0.3711391091346741,-0.041014291656551904,0.10963457822799683,-0.3913135826587677,-0.05962171809130723,0.13082456588745117,-0.49365970492362976,-0.09135964171343858,0.10066062211990356,-0.3950323164463043,-0.06930763678008134,0.0756579041481018,-0.34191253781318665,-0.04223074422532136
S,0.0,0.0,0.0,-0.10621553659439087,-0.10177576541900635,-0.048754006223930446,-0.1856958270072937,-0.26658689975738525,-0.07564550970698747,-0.12823766469955444,-0.4217015504837036,-0.10711718683148774,-0.010831892490386963,-0.46023324131965637,-0.12336781953479203,-0.15412509441375732,-0.4653499722480774,0.0058839264603420816,-0.1425524353981018,-0.6327233910560608,-0.07451252971793565,-0.12401348352432251,-0.472455233335495,-0.11729413603450212,-0.11631268262863159,-0.3956294655799866,-0.1346238214244977,-0.06108170747756958,-0.4658857583999634,-0.003674467392443148,-0.04406380653381348,-0.6266686171293259,-0.08243479912187013,-0.045400023460388184,-0.4476364552974701,-0.09619627480412873,-0.05408138036727905,-0.3950239419937134,-0.08459662233497056,0.026108741760253906,-0.43916186690330505,-0.02978669625724706,0.05752450227737427,-0.5882407426834106,-0.0991158667674199,0.03538620471954346,-0.4229167401790619,-0.0753632593622342,0.01227867603302002,-0.3623379170894623,-0.03859963600541505,0.10751998424530029,-0.3842434585094452,-0.06282428984548005,0.12676239013671875,-0.4894746243953705,-0.09320749674941453,0.09636366367340088,-0.38874006271362305,-0.06957409118319902,0.07181733846664429,-0.33538973331451416,-0.0415510084202424
S,0.0,0.0,0.0,-0.10630428791046143,-0.10506874322891235,-0.047422460094026064,-0.18566960096359253,-0.2631443738937378,-0.07479246594004962,-0.1287606954574585,-0.41517382860183716,-0.10736686624579761,-0.016373932361602783,-0.4652809500694275,-0.125303006544641,-0.15650886297225952,-0.4647060036659241,0.008812691271373296,-0.14654678106307983,-0.6289438903331757,-0.07299748696379993,-0.12573814392089844,-0.47375717759132385,-0.1180383700876746,-0.11731791496276855,-0.3934828042984009,-0.1359732363372359,-0.06448644399642944,-0.4661054313182831,-0.0009968796977091188,-0.04562985897064209,-0.6257136464118958,-0.0793980274348769,-0.04594159126281738,-0.4456714987754822,-0.09522750861935947,-0.05666857957839966,-0.3891793191432953,-0.08541293330483768,0.02290177345275879,-0.43920883536338806,-0.0273466508834872,0.05523329973220825,-0.5861371904611588,-0.0978860843925986,0.034522056579589844,-0.41810375452041626,-0.07576671130948398,0.01020205020904541,-0.3534685969352722,-0.03984222076826427,0.1046820878982544,-0.38331326842308044,-0.060213102772763705,0.1263575553894043,-0.49024099111557007,-0.09134556241326663,0.0956888198852539,-0.38851186633110046,-0.06730604805045459,0.0682644248008728,-0.3333858251571655,-0.03869948424392078
S,0.0,0.0,0.0,-0.1084669828414917,-0.09378910064697266,-0.05269494920867146,-0.18768161535263062,-0.2604079246520996,-0.08046235784786404,-0.1292312741279602,-0.41404834389686584,-0.11187694117325009,-0.011661052703857422,-0.45499497652053833,-0.1286886771013087,-0.15406757593154907,-0.4620372951030731,0.00144878262290149,-0.14077061414718628,-0.6240431368350983,-0.0780770097662753,-0.12274932861328125,-0.4689461588859558,-0.12011891499059857,-0.11447983980178833,-0.39435991644859314,-0.13741375401514233,-0.06065726280212402,-0.4630380868911743,-0.006505094821477542,-0.04311954975128174,-0.6197596192359924,-0.08523365750806988,-0.047432124614715576,-0.4428066611289978,-0.09889639064567746,-0.05530667304992676,-0.38983362913131714,-0.08713260188596905,0.026515662670135498,-0.43553125858306885,-0.031040609701449284,0.05861818790435791,-0.5835917592048645,-0.10289945348995388,0.03338503837585449,-0.4148397147655487,-0.08043710037964047,0.010471463203430176,-0.3511897921562195,-0.043839461057359586,0.10876011848449707,-0.3795018792152405,-0.06255812838571728,0.12717139720916748,-0.4806375205516815,-0.09719542309539975,0.09646999835968018,-0.37849798798561096,-0.07555184408920468,0.07378721237182617,-0.32747435569763184,-0.04805321887033642
S,0.0,0.0,0.0,-0.1096230149269104,-0.09057235717773438,-0.050688272830029746,-0.19157624244689941,-0.26508665084838867,-0.07420286026217582,-0.139565110206604,-0.4238291382789612,-0.10184389587857368,-0.02219676971435547,-0.45928630232810974,-0.11478628453232886,-0.15129739046096802,-0.4687592089176178,0.007836951386252622,-0.1404656171798706,-0.629658505320549,-0.06804243710257651,-0.12306123971939087,-0.47659823298454285,-0.1067762994430268,-0.11457139253616333,-0.40094494819641113,-0.12165668096758964,-0.05843287706375122,-0.47142818570137024,8.837895393298822e-05,-0.041368961334228516,-0.6300034523010254,-0.07606493171670081,-0.045322537422180176,-0.45303967595100403,-0.08693243053176047,-0.053778767585754395,-0.3954472541809082,-0.0722623788974488,0.028551995754241943,-0.4424889385700226,-0.024401493858476897,0.05826157331466675,-0.5882380306720734,-0.09518280115344169,0.033408284187316895,-0.41811826825141907,-0.07243297484137656,0.010113239288330078,-0.3487822115421295,-0.03481895711638572,0.11189281940460205,-0.3849133849143982,-0.05576742302991988,0.12868088483810425,-0.48594361543655396,-0.09003173794963004,0.09647160768508911,-0.38397911190986633,-0.06900786098458411,0.07195872068405151,-0.3306064009666443,-0.04152942683913352
S,0.0,0.0,0.0,-0.10866940021514893,-0.089394211769104,-0.05131649382883552,-0.19126775860786438,-0.2644740343093872,-0.07596416183287147,-0.14533615112304688,-0.42250412702560425,-0.10448751755529884,-0.031001567840576172,-0.4607662856578827,-0.1194342017965937,-0.145563542842865,-0.46888256072998047,0.0048762111132418795,-0.1329997181892395,-0.6294050961732864,-0.07186079182201865,-0.12163829803466797,-0.48358282446861267,-0.11251654632860664,-0.1157713532447815,-0.40457019209861755,-0.12889456905895713,-0.0534743070602417,-0.4685199558734894,-0.0035925050592595653,-0.03425407409667969,-0.6304888874292374,-0.08148256846243385,-0.04568898677825928,-0.4574696123600006,-0.09475690283352378,-0.055156409740448,-0.3933616876602173,-0.08123409159952644,0.03272664546966553,-0.4376528859138489,-0.028360740919652017,0.06212431192398071,-0.5837055742740631,-0.1015407086210871,0.03188812732696533,-0.41142767667770386,-0.07986320712143424,0.009769737720489502,-0.33811771869659424,-0.042203759481253655,0.1163325309753418,-0.37887513637542725,-0.059832965661826165,0.12862074375152588,-0.4748859405517578,-0.09643842436844352,0.09507477283477783,-0.3705584704875946,-0.07563440658623222,0.0741889476776123,-0.31914442777633667,-0.04785513662272933
S,0.0,0.0,0.0,-0.1062849760055542,-0.09230971336364746,-0.050458427091143676,-0.19133827090263367,-0.26315903663635254,-0.07558809550573642,-0.15283262729644775,-0.41586834192276,-0.10451803686191852,-0.04498767852783203,-0.45231106877326965,-0.11926808538009936,-0.1404043436050415,-0.46706366539001465,0.0010847471039596712,-0.13157027959823608,-0.6219057887792587,-0.07775084259083087,-0.12609869241714478,-0.468041330575943,-0.11550578804781253,-0.1220359206199646,-0.4000031054019928,-0.13014109762480075,-0.048105061054229736,-0.46401262283325195,-0.009078587909243652,-0.0321345329284668,-0.6203139573335648,-0.08935223104526813,-0.049942731857299805,-0.43769514560699463,-0.09776059122850711,-0.05910193920135498,-0.3861309289932251,-0.08065602513124759,0.038815200328826904,-0.4313778281211853,-0.03575078355243022,0.0640707015991211,-0.5747666507959366,-0.11142907621433551,0.02942216396331787,-0.3968912363052368,-0.08393401982357318,0.010769963264465332,-0.3364667594432831,-0.04228515135218913,0.12290513515472412,-0.3716864585876465,-0.06902091534902866,0.12858182191848755,-0.46345260739326477,-0.10514954062273318,0.09337663650512695,-0.3554561138153076,-0.08020192714502627,0.07781177759170532,-0.3113436698913574,-0.049632422198556014
S,0.0,0.0,0.0,-0.10760027170181274,-0.09394174814224243,-0.04927835561898064,-0.19496184587478638,-0.28312939405441284,-0.06913869776394677,-0.16093185544013977,-0.4435093104839325,-0.09278919496205162,-0.048281848430633545,-0.45145174860954285,-0.1019704336729319,-0.12941718101501465,-0.4815903604030609,0.008363865831825024,-0.12704455852508545,-0.6280159503221512,-0.06232316740420174,-0.12595367431640625,-0.47487157583236694,-0.09471242823269677,-0.11941152811050415,-0.4163527190685272,-0.10806875624325585,-0.039230942726135254,-0.47737836837768555,-0.0007896181275555136,-0.02937418222427368,-0.6258811950683594,-0.0745487133469851,-0.052042484283447266,-0.44480183720588684,-0.07774701662924599,-0.057537615299224854,-0.3985791802406311,-0.057505323967006916,0.04531395435333252,-0.43828508257865906,-0.026771680867341274,0.06334418058395386,-0.5705613493919373,-0.09734015860226464,0.025316834449768066,-0.3962557017803192,-0.06896271505024743,0.01327890157699585,-0.33828312158584595,-0.027179644858506435,0.12943029403686523,-0.3725082278251648,-0.05966932274964165,0.12687218189239502,-0.4593656063079834,-0.09128915466931176,0.08980947732925415,-0.35807710886001587,-0.06696807541516137,0.07958966493606567,-0.31751611828804016,-0.0376914585438044
S,0.0,0.0,0.0,-0.10810530185699463,-0.10446733236312866,-0.048648904303036034,-0.196792870759964,-0.27941352128982544,-0.07215877179237395,-0.17430290579795837,-0.43560487031936646,-0.09993552718492538,-0.06473958492279053,-0.4585479199886322,-0.114184747675381,-0.12664222717285156,-0.4827878773212433,0.009556991754152477,-0.1280958652496338,-0.6244890838861465,-0.062149851808271706,-0.13414627313613892,-0.4792475700378418,-0.09565208409162551,-0.1259341835975647,-0.42042794823646545,-0.10917315934034377,-0.037345170974731445,-0.47659817337989807,-0.00030892929476067366,-0.03285074234008789,-0.6264082044363022,-0.07602668855520278,-0.062284886837005615,-0.4510403871536255,-0.08209441904159576,-0.0638498067855835,-0.4003407061100006,-0.06311516765686065,0.046902596950531006,-0.43787693977355957,-0.02665593777032882,0.05589932203292847,-0.5707009136676788,-0.10069845173688918,0.012273669242858887,-0.4017907679080963,-0.07592786405416518,0.0042861104011535645,-0.34142574667930603,-0.03508371044131309,0.13200515508651733,-0.3717687726020813,-0.05919991363020927,0.11472588777542114,-0.45517414808273315,-0.09325290773244888,0.07364368438720703,-0.35749053955078125,-0.07046839151712447,0.06627541780471802,-0.3146136403083801,-0.04121265117260009
S,0.0,0.0,0.0,-0.10990262031555176,-0.10753369331359863,-0.03897001276970968,-0.19438791275024414,-0.3026842474937439,-0.057378668890009976,-0.17193830013275146,-0.4619041085243225,-0.08149898852468596,-0.0688028335571289,-0.4665433168411255,-0.093569808260213,-0.10114830732345581,-0.4972045123577118,0.012698083564032459,-0.1189197301864624,-0.6332326233386993,-0.05512774790884123,-0.13085979223251343,-0.490389883518219,-0.0856800457394229,-0.1135106086730957,-0.4369719326496124,-0.09832992459894285,-0.016867876052856445,-0.4828612804412842,-0.0016585891997920044,-0.029660344123840332,-0.6260804384946823,-0.071623288646947,-0.06609416007995605,-0.45667600631713867,-0.07439501638771162,-0.05474656820297241,-0.41585487127304077,-0.055484135255824185,0.06318777799606323,-0.4370463192462921,-0.031514686152945615,0.05204707384109497,-0.5767521262168884,-0.10185729022384749,0.0037606358528137207,-0.4072440266609192,-0.07423669900060759,0.011597096920013428,-0.35135090351104736,-0.03353476207018957,0.14383459091186523,-0.36850643157958984,-0.06680576558471785,0.10157167911529541,-0.4627000689506531,-0.10008350814939604,0.057392239570617676,-0.3610117733478546,-0.07581289167762861,0.06674826145172119,-0.3161391317844391,-0.04636585395098791
S,0.0,0.0,0.0,-0.10976046323776245,-0.1121135950088501,-0.03627469794105309,-0.19279709458351135,-0.31101980805397034,-0.054662231665361105,-0.17552024126052856,-0.46783220767974854,-0.079260621529329,-0.07481962442398071,-0.47296857833862305,-0.09249663011382836,-0.08912193775177002,-0.5085467398166656,0.015527705352496923,-0.10997676849365234,-0.6360423862934113,-0.05282358856152314,-0.1285436749458313,-0.5041706562042236,-0.08617736802648324,-0.1146392822265625,-0.44573986530303955,-0.10035110668491143,-0.0060759782791137695,-0.48975008726119995,-0.0002735803611813026,-0.02447986602783203,-0.6246421635150909,-0.07147229121278542,-0.0657433271408081,-0.46341192722320557,-0.07788332955192345,-0.054307401180267334,-0.41522425413131714,-0.06114758954595345,0.07252490520477295,-0.43965667486190796,-0.031106775935995756,0.05340367555618286,-0.5750456750392914,-0.1036368872339608,0.0007342696189880371,-0.40944135189056396,-0.07914889262269753,0.008942067623138428,-0.34745845198631287,-0.039868351381528555,0.14917349815368652,-0.36489883065223694,-0.06692113385747689,0.09916555881500244,-0.4545302987098694,-0.1042208637411477,0.05119037628173828,-0.35553282499313354,-0.08285896883558053,0.06069523096084595,-0.30856257677078247,-0.0545823167378785
S,0.0,0.0,0.0,-0.10537844896316528,-0.1217273473739624,-0.02981296228699648,-0.18283116817474365,-0.31312301754951477,-0.04805240454606974,-0.17064622044563293,-0.4642450511455536,-0.07339320378832781,-0.07046282291412354,-0.4793178141117096,-0.08715066360764467,-0.07053804397583008,-0.5069764256477356,0.01523966388322151,-0.09735065698623657,-0.6356651484966278,-0.05239798920683825,-0.12184050679206848,-0.4947226643562317,-0.0834928532176491,-0.10678547620773315,-0.4376768469810486,-0.09619557904534304,0.008504211902618408,-0.4833965003490448,-0.0028194387023177114,-0.01727086305618286,-0.6198283135890961,-0.07162559824519121,-0.06304687261581421,-0.45358806848526,-0.07557069557242357,-0.048274338245391846,-0.4084571301937103,-0.05824491056137049,0.08393257856369019,-0.4316854178905487,-0.0349192847543236,0.055510759353637695,-0.5737703740596771,-0.10537910508446657,0.0008075237274169922,-0.4058501422405243,-0.07825332927041018,0.014932513236999512,-0.3473431169986725,-0.038136814259814855,0.15635669231414795,-0.355874240398407,-0.07109240489535296,0.09789180755615234,-0.45169535279273987,-0.10663408833079302,0.04833787679672241,-0.3505029082298279,-0.08290941315226519,0.062373578548431396,-0.3026825189590454,-0.05325256335072481
S,0.0,0.0,0.0,-0.1034199595451355,-0.1220131516456604,-0.02315198793644413,-0.179066002368927,-0.3164491057395935,-0.036816060315914,-0.17311760783195496,-0.46755412220954895,-0.05954163498813614,-0.07822734117507935,-0.48357656598091125,-0.07125299773747429,-0.061840593814849854,-0.503464937210083,0.02645339280729786,-0.09191054105758667,-0.6430253386497498,-0.03842442832524284,-0.12242543697357178,-0.5083497166633606,-0.06844058982665047,-0.10715675354003906,-0.44305747747421265,-0.07960609696442589,0.011854231357574463,-0.4809686541557312,0.007265726797186289,-0.013888180255889893,-0.6300153136253357,-0.0595172604137133,-0.06549948453903198,-0.4691202938556671,-0.06355192117030128,-0.05032503604888916,-0.4109640419483185,-0.04521020851666435,0.08399379253387451,-0.43183064460754395,-0.025737218331641998,0.05303359031677246,-0.5836310684680939,-0.09299587808186516,-0.004862546920776367,-0.42236948013305664,-0.06667374424273476,0.010104119777679443,-0.35371989011764526,-0.026529717963285293,0.15443670749664307,-0.3578932583332062,-0.062412187229938354,0.09588390588760376,-0.466264933347702,-0.09461843572194084,0.04307323694229126,-0.3719874918460846,-0.07122084848219856,0.05600196123123169,-0.31670886278152466,-0.04183246917659744
S,0.0,0.0,0.0,-0.10450482368469238,-0.1265934705734253,-0.02720497505424646,-0.17843079566955566,-0.31873735785484314,-0.04553307922242311,-0.18385609984397888,-0.4658277928829193,-0.07213759751675752,-0.09601283073425293,-0.48342806100845337,-0.08762394221184877,-0.055611371994018555,-0.5130277276039124,0.02198904237093302,-0.08957958221435547,-0.6503003835678101,-0.04487176568864015,-0.12441545724868774,-0.5230605006217957,-0.07805940093157915,-0.11143261194229126,-0.45691007375717163,-0.09193351449130205,0.017910242080688477,-0.48838451504707336,0.003966332379150117,-0.01474982500076294,-0.632022812962532,-0.06506233991740373,-0.06968384981155396,-0.47357040643692017,-0.07228203447220949,-0.052825868129730225,-0.4145835041999817,-0.05672342287061838,0.0885125994682312,-0.4362644553184509,-0.02799039104638723,0.04818147420883179,-0.5801892727613449,-0.09499468238709596,-0.011195123195648193,-0.4227026700973511,-0.0696994099175754,0.007522523403167725,-0.3580178916454315,-0.03147666485665468,0.15527111291885376,-0.36074209213256836,-0.06410824091790346,0.08627474308013916,-0.45940738916397095,-0.09524515600560335,0.03291600942611694,-0.3664783835411072,-0.07258999677060274,0.05123704671859741,-0.31725192070007324,-0.04476939843652872
S,0.0,0.0,0.0,-0.10724639892578125,-0.13024985790252686,-0.027486703851423044,-0.17733511328697205,-0.3175243139266968,-0.04784746237953641,-0.1867688000202179,-0.4640231430530548,-0.0770278512771938,-0.10535329580307007,-0.48911941051483154,-0.09442345940431096,-0.053638756275177,-0.5181179344654083,0.02562174244860671,-0.0923801064491272,-0.6562110781669617,-0.0440628133054588,-0.12897264957427979,-0.5326898097991943,-0.07922376089652516,-0.11474975943565369,-0.46903401613235474,-0.09361571215947606,0.017652034759521484,-0.4919769763946533,0.007451017360040169,-0.019168376922607422,-0.6342030018568039,-0.06292612248023488,-0.07615137100219727,-0.47823071479797363,-0.07028593265374639,-0.05795496702194214,-0.4229198694229126,-0.0547091043825958,0.08687102794647217,-0.43886062502861023,-0.025411823325953264,0.043147921562194824,-0.5851496160030365,-0.09276463233788945,-0.017372429370880127,-0.42933446168899536,-0.06625235223134496,0.0032416582107543945,-0.3655282258987427,-0.02729808867832162,0.15257680416107178,-0.362773597240448,-0.06277917467912175,0.08200091123580933,-0.4615307152271271,-0.09337571405728795,0.02817326784133911,-0.371204674243927,-0.0702962964113567,0.04845792055130005,-0.3234880864620209,-0.04202570536097028
S,0.0,0.0,0.0,-0.10855469107627869,-0.1323915719985962,-0.026662016458089965,-0.1788158416748047,-0.32198524475097656,-0.0471250602819282,-0.1868336796760559,-0.4710916578769684,-0.07594012486117663,-0.10499244928359985,-0.49346065521240234,-0.09322632121222796,-0.05760437250137329,-0.5197998285293579,0.023362930693451744,-0.09351122379302979,-0.6594907343387604,-0.04630356299060168,-0.12894946336746216,-0.5374384820461273,-0.08308016525882067,-0.11589080095291138,-0.47226548194885254,-0.09925692545550646,0.015218377113342285,-0.4946865141391754,0.005429465153042656,-0.02098923921585083,-0.6370784193277359,-0.06296057271140398,-0.075847327709198,-0.4814590513706207,-0.07062026875394167,-0.057997286319732666,-0.42581498622894287,-0.05659272538798632,0.08561480045318604,-0.4419344663619995,-0.026741780511315483,0.04246675968170166,-0.5879022032022476,-0.09103468822615923,-0.016335606575012207,-0.43292707204818726,-0.06433466838973345,0.00405430793762207,-0.3695642948150635,-0.026893122292335647,0.15182489156723022,-0.3664852976799011,-0.06345161067622485,0.07969212532043457,-0.46240201592445374,-0.09230359660762133,0.0275421142578125,-0.3721318244934082,-0.06915724294560732,0.04902392625808716,-0.32611119747161865,-0.041737169197972435
S,0.0,0.0,0.0,-0.11401021480560303,-0.1361902952194214,-0.02307812071205717,-0.1873253881931305,-0.3218214511871338,-0.04164065181078058,-0.19702938199043274,-0.4669780135154724,-0.06963069869937044,-0.11690336465835571,-0.49700549244880676,-0.08625643833340746,-0.070315420627594,-0.5181245505809784,0.027774710741027775,-0.10890519618988037,-0.6635300815105438,-0.04230177162946802,-0.14128625392913818,-0.543055534362793,-0.0801348848527823,-0.12489074468612671,-0.47851988673210144,-0.09692339732112032,0.0008292198181152344,-0.49401530623435974,0.007966237675532284,-0.0348048210144043,-0.6427336931228638,-0.062312138665333805,-0.08678966760635376,-0.48756319284439087,-0.07230524106682878,-0.06717908382415771,-0.42972174286842346,-0.05934053047360521,0.07169437408447266,-0.44374826550483704,-0.02583897246779543,0.028088033199310303,-0.5935260206460953,-0.09056148065985781,-0.027410507202148438,-0.43844521045684814,-0.06439736618460756,-0.00458371639251709,-0.37466344237327576,-0.02701516023637396,0.14035362005233765,-0.3701920807361603,-0.06396489723385912,0.06840264797210693,-0.4681066870689392,-0.09224487229050737,0.018139421939849854,-0.3771001398563385,-0.06835004820288759,0.04174673557281494,-0.3308084011077881,-0.04032771794857126
S,0.0,0.0,0.0,-0.10921776294708252,-0.13707363605499268,-0.02134150765573395,-0.18062472343444824,-0.3213629126548767,-0.039505287406200296,-0.18930083513259888,-0.4690597653388977,-0.06649533226823223,-0.1116563081741333,-0.4898238778114319,-0.08347412511443508,-0.06887882947921753,-0.5152076184749603,0.02265883296990978,-0.09988135099411011,-0.6581790447235107,-0.041664309200996286,-0.13522237539291382,-0.5396772027015686,-0.07787819519376171,-0.12213966250419617,-0.4737231135368347,-0.09586218312119854,0.0046204328536987305,-0.489793986082077,0.0026006595164744795,-0.02807718515396118,-0.6409977674484253,-0.061236712482923394,-0.08187663555145264,-0.49105316400527954,-0.07133941665028942,-0.06425058841705322,-0.4302712082862854,-0.061569112685674554,0.07714909315109253,-0.4399210214614868,-0.029945346859449273,0.038783133029937744,-0.5941043049097061,-0.0886860595617236,-0.01977860927581787,-0.44564399123191833,-0.06428271844720257,-0.0004801750183105469,-0.3760019540786743,-0.030675872561687356,0.14765715599060059,-0.3671996593475342,-0.06655312642192257,0.07688599824905396,-0.46979108452796936,-0.09156433060502422,0.023640215396881104,-0.38174477219581604,-0.06840699478721035,0.043668389320373535,-0.3297806978225708,-0.04271395817136181
S,0.0,0.0,0.0,-0.10967916250228882,-0.132240891456604,-0.02353685557204699,-0.18645358085632324,-0.31782329082489014,-0.042620737322749846,-0.19362753629684448,-0.4720640182495117,-0.07064941547173476,-0.10653412342071533,-0.49599114060401917,-0.08728952727574324,-0.07520455121994019,-0.5111919045448303,0.023386560163316972,-0.10676348209381104,-0.6585105955600739,-0.04463924116748785,-0.13854610919952393,-0.5290446877479553,-0.07866166553753828,-0.12340599298477173,-0.46311476826667786,-0.09299486897248244,-0.0013085007667541504,-0.48830947279930115,0.0041098853264429636,-0.03341037034988403,-0.6372538506984711,-0.06297782830256438,-0.0833863615989685,-0.4789161682128906,-0.06880071035880064,-0.06611698865890503,-0.42314383387565613,-0.05356776363510107,0.0714184045791626,-0.4397476315498352,-0.02885252817827677,0.0320398211479187,-0.5879921317100525,-0.0930581840063951,-0.02199476957321167,-0.4308777153491974,-0.0654753672267816,-0.0029108524322509766,-0.36655494570732117,-0.026848314547123664,0.14246773719787598,-0.36830344796180725,-0.06576028487938856,0.07291138172149658,-0.4727335572242737,-0.09331071398514723,0.022737503051757812,-0.37942925095558167,-0.06779728851574873,0.041620492935180664,-0.3285943865776062,-0.03858078665393805
S,0.0,0.0,0.0,-0.11082839965820312,-0.13394653797149658,-0.022897259541991843,-0.18798679113388062,-0.32013362646102905,-0.040300511964801444,-0.19071805477142334,-0.46835044026374817,-0.06681827942395557,-0.10030496120452881,-0.4909590482711792,-0.08218678573632587,-0.07524263858795166,-0.5091389119625092,0.024444185918923722,-0.10691201686859131,-0.6511591672897339,-0.04301145786905636,-0.13595351576805115,-0.5187216401100159,-0.07727011779809345,-0.12173756957054138,-0.4555482268333435,-0.09213261047864307,-0.0013109445571899414,-0.48797357082366943,0.004784211772289382,-0.03397732973098755,-0.6336416006088257,-0.06208447481060375,-0.0813208818435669,-0.4755326509475708,-0.06852497647071232,-0.06402122974395752,-0.422233521938324,-0.05413557330632557,0.07192361354827881,-0.4409808814525604,-0.02850034388268341,0.03465837240219116,-0.5902838855981827,-0.09279451260829319,-0.01816713809967041,-0.43170636892318726,-0.06541640053058018,2.562999725341797e-06,-0.3678296208381653,-0.027169599407557143,0.1433393955230713,-0.3696126937866211,-0.06583581606412281,0.07767832279205322,-0.47041335701942444,-0.09429059664273609,0.0282171368598938,-0.3759419620037079,-0.06933346877360691,0.04631149768829346,-0.3268361985683441,-0.040567440190557136
S,0.0,0.0,0.0,-0.1112777590751648,-0.12543916702270508,-0.024837222221435695,-0.19075298309326172,-0.3121526837348938,-0.042544344711245685,-0.19453084468841553,-0.4607945382595062,-0.06880895261758724,-0.10613161325454712,-0.47864648699760437,-0.08368081067794719,-0.07840317487716675,-0.5038317441940308,0.02254966246789536,-0.11319047212600708,-0.6438421607017517,-0.04526645531052509,-0.13832801580429077,-0.508399248123169,-0.07959717725509563,-0.12255790829658508,-0.4444364905357361,-0.09417792623037258,-0.004128754138946533,-0.48325932025909424,0.0035061239813103384,-0.03848373889923096,-0.6269672065973282,-0.06466848616594234,-0.0824999213218689,-0.4669976532459259,-0.07128777568334499,-0.06613165140151978,-0.41319480538368225,-0.0561917259275333,0.06885659694671631,-0.43674659729003906,-0.029255900803150325,0.03174912929534912,-0.5823293179273605,-0.09484051381343761,-0.017303168773651123,-0.4223268926143646,-0.06688060079807201,0.0001830458641052246,-0.35929805040359497,-0.027524385872425228,0.1394553780555725,-0.36583706736564636,-0.06623885993951717,0.07692205905914307,-0.4664805829524994,-0.09583144848340908,0.029745101928710938,-0.3703055679798126,-0.07002967064374843,0.04664421081542969,-0.32083722949028015,-0.040117567676247745
S,0.0,0.0,0.0,-0.10791492462158203,-0.11234867572784424,-0.024538529488495442,-0.19692879915237427,-0.3062868118286133,-0.03886545022135124,-0.20075958967208862,-0.4649735689163208,-0.06240095888381347,-0.10532540082931519,-0.48858603835105896,-0.07392036487465248,-0.09346908330917358,-0.49628156423568726,0.02821984383160725,-0.12456661462783813,-0.6405636370182037,-0.04042894710903511,-0.14404505491256714,-0.5050293207168579,-0.07204414476757393,-0.12800288200378418,-0.43987733125686646,-0.0830099614441906,-0.01719045639038086,-0.4807865619659424,0.009885548230954555,-0.04791074991226196,-0.6251984387636185,-0.05905912016635284,-0.08493465185165405,-0.46312272548675537,-0.06201784257893905,-0.06903547048568726,-0.4143403470516205,-0.04283286948805198,0.05821263790130615,-0.4375822842121124,-0.02315102462773666,0.022197842597961426,-0.5848754942417145,-0.09278949667816505,-0.021731793880462646,-0.4180729389190674,-0.06401148756151542,-0.00539475679397583,-0.35548293590545654,-0.022073121193102452,0.13412612676620483,-0.3713894784450531,-0.06003950481419906,0.0732811689376831,-0.47224074602127075,-0.09237721880083427,0.029088497161865234,-0.37208694219589233,-0.0671795712888752,0.043572306632995605,-0.32179033756256104,-0.03659463246469841
S,0.0,0.0,0.0,-0.10821723937988281,-0.1178331971168518,-0.027304895972406484,-0.19589266180992126,-0.3070579767227173,-0.04245013259867392,-0.19294065237045288,-0.4617089033126831,-0.06639041640380583,-0.09184646606445312,-0.4836016297340393,-0.0781460542283412,-0.09708964824676514,-0.49739524722099304,0.030494895944798373,-0.12514132261276245,-0.6366617381572723,-0.038430756708180525,-0.1419035792350769,-0.5004368126392365,-0.07040642835715971,-0.1269710659980774,-0.4377475380897522,-0.08128627278426848,-0.018250346183776855,-0.48362869024276733,0.01249543874939718,-0.04389619827270508,-0.6244402080774307,-0.05816190206030569,-0.07764017581939697,-0.46215808391571045,-0.06324955709794722,-0.06266242265701294,-0.4149356484413147,-0.04416538291195593,0.06001216173171997,-0.4408256411552429,-0.020609118794595815,0.02793949842453003,-0.5762529969215393,-0.0908660579524394,-0.01212012767791748,-0.41136834025382996,-0.06390230246404371,0.0034145712852478027,-0.35570308566093445,-0.022238497441207983,0.14039546251296997,-0.3742259740829468,-0.05785319470385275,0.08180820941925049,-0.4644213914871216,-0.08837809302428923,0.0414881706237793,-0.36492282152175903,-0.06224237643698416,0.05683779716491699,-0.32132741808891296,-0.03074022084990702
S,0.0,0.0,0.0,-0.11194485425949097,-0.11383569240570068,-0.031606476349338664,-0.20289453864097595,-0.2979907989501953,-0.04802464653323568,-0.19607114791870117,-0.4521690309047699,-0.07223456685017027,-0.09368896484375,-0.47232872247695923,-0.08376735780905165,-0.1147540807723999,-0.4933292269706726,0.02688098553051077,-0.13975989818572998,-0.6225023716688156,-0.041396051240667475,-0.1505451202392578,-0.48292359709739685,-0.07243977074097074,-0.1339113712310791,-0.42786651849746704,-0.08345856104563154,-0.03295928239822388,-0.48244810104370117,0.01059189106752001,-0.05555760860443115,-0.6171969175338745,-0.06149380613635458,-0.08472317457199097,-0.45283669233322144,-0.0661798972315637,-0.07027995586395264,-0.4085471034049988,-0.046470980686649455,0.04713684320449829,-0.44196832180023193,-0.020951194284066332,0.021286308765411377,-0.5698375701904297,-0.0921263727969972,-0.016922056674957275,-0.4066651463508606,-0.06487930153082289,-0.004078805446624756,-0.3530420660972595,-0.02274825010965742,0.12966573238372803,-0.37684643268585205,-0.057094994527801646,0.07793748378753662,-0.4597671926021576,-0.0880665812320558,0.04002082347869873,-0.36281126737594604,-0.0624044347233621,0.05225270986557007,-0.3220774829387665,-0.031107341466054095
S,0.0,0.0,0.0,-0.11085045337677002,-0.11169171333312988,-0.03429737674014177,-0.20086726546287537,-0.2831757664680481,-0.05394024016277399,-0.18953609466552734,-0.43212753534317017,-0.08070998625771608,-0.0848691463470459,-0.4585117995738983,-0.0957727803470334,-0.12274765968322754,-0.4767289459705353,0.021274827551678754,-0.13951706886291504,-0.6083755493164062,-0.049636542666121386,-0.14522093534469604,-0.46958303451538086,-0.08342723535315599,-0.13093572854995728,-0.40559226274490356,-0.09543912099616136,-0.03848749399185181,-0.4700208902359009,0.005655751228914596,-0.05190753936767578,-0.6089248359203339,-0.06743003414885607,-0.07651007175445557,-0.44133517146110535,-0.0737981869460782,-0.0662490725517273,-0.3895658254623413,-0.05482665436284151,0.04371821880340576,-0.432237446308136,-0.025173516813083552,0.029490172863006592,-0.5553791224956512,-0.09656065689341631,-0.005690455436706543,-0.3898225724697113,-0.0711930541874608,0.00018727779388427734,-0.3325654864311218,-0.030004879328771494,0.12741434574127197,-0.36933135986328125,-0.0606199315370759,0.085843026638031,-0.4449112117290497,-0.09072461711184587,0.0514068603515625,-0.3445678949356079,-0.06490464495436754,0.05851715803146362,-0.3052033483982086,-0.03365466730610933
S,0.0,0.0,0.0,-0.10541713237762451,-0.11274141073226929,-0.04236149523671884,-0.19161096215248108,-0.27319324016571045,-0.06563079465445298,-0.17454618215560913,-0.42052987217903137,-0.09424822885807771,-0.0650981068611145,-0.4488547146320343,-0.1102222736578824,-0.12906420230865479,-0.46329760551452637,0.016365262528097446,-0.1406152844429016,-0.5967260748147964,-0.05403494943197984,-0.14012306928634644,-0.45485419034957886,-0.08848918337639589,-0.12576735019683838,-0.3957759439945221,-0.10200886536654252,-0.042938172817230225,-0.45988142490386963,0.004520567913687046,-0.04777592420578003,-0.6048512607812881,-0.06927476186569947,-0.06846779584884644,-0.4335021674633026,-0.07728789110001344,-0.06193035840988159,-0.3818986415863037,-0.05971675846990365,0.040295541286468506,-0.4253186285495758,-0.022947426105702107,0.038829684257507324,-0.5546226054430008,-0.095578187296951,0.005208909511566162,-0.387570321559906,-0.0711670230728032,0.006323277950286865,-0.3268766403198242,-0.03019680004831571,0.1256422996520996,-0.3647996783256531,-0.055640620331132595,0.09754800796508789,-0.448175311088562,-0.08677596707161683,0.06437110900878906,-0.3491547107696533,-0.061209590325916,0.06687384843826294,-0.30773037672042847,-0.029951366747582142
S,0.0,0.0,0.0,-0.10870361328125,-0.10300219058990479,-0.038840587388676795,-0.19687652587890625,-0.2565634250640869,-0.06040790225188175,-0.175212562084198,-0.40753552317619324,-0.08773974249879757,-0.07041656970977783,-0.44865962862968445,-0.10266783009092251,-0.14602339267730713,-0.44497203826904297,0.017656025338965264,-0.15288209915161133,-0.586888313293457,-0.05350565830985943,-0.14713817834854126,-0.4461742639541626,-0.08892030189554134,-0.13579308986663818,-0.38109034299850464,-0.1022345415763084,-0.05945158004760742,-0.4467381238937378,0.0047234709859367285,-0.05893862247467041,-0.5996906757354736,-0.0674152142814819,-0.073050856590271,-0.4262749254703522,-0.07477946500102917,-0.06973797082901001,-0.3701027035713196,-0.05716628129403034,0.024150729179382324,-0.4184558689594269,-0.02355797882000843,0.029552996158599854,-0.5529480576515198,-0.0945809252075378,0.00042629241943359375,-0.3840605616569519,-0.0689381800107185,-0.00306624174118042,-0.3219834864139557,-0.02766825924436489,0.10994821786880493,-0.36297279596328735,-0.05680278609315792,0.09271132946014404,-0.4535270929336548,-0.08752316902200619,0.06171911954879761,-0.3526880741119385,-0.060781757485074195,0.05841463804244995,-0.30899712443351746,-0.028920126285356673
S,0.0,0.0,0.0,-0.1049048900604248,-0.08968514204025269,-0.04662874269376971,-0.19246625900268555,-0.242112398147583,-0.0706400342572806,-0.1731167435646057,-0.3996216654777527,-0.09939403015266635,-0.06838339567184448,-0.44292977452278137,-0.11508717316280581,-0.1509959101676941,-0.4355316162109375,0.012405462348056062,-0.15929639339447021,-0.5785174518823624,-0.06040832701216914,-0.1444036364555359,-0.4382675886154175,-0.09668258505951144,-0.13082939386367798,-0.3721878230571747,-0.11033089387308337,-0.0667981505393982,-0.44113048911094666,0.0032027180019440493,-0.06658363342285156,-0.5879760384559631,-0.06926041024814822,-0.0721859335899353,-0.4160057306289673,-0.07661642062555529,-0.0707518458366394,-0.36402854323387146,-0.059725902258264796,0.015354812145233154,-0.41607487201690674,-0.02242031249295451,0.024932682514190674,-0.5486739724874496,-0.09407832401882388,0.0014343857765197754,-0.3824329972267151,-0.06980989056717135,-0.006448209285736084,-0.3231755793094635,-0.030141321225869433,0.09896636009216309,-0.3636346161365509,-0.05394386055957057,0.09149676561355591,-0.45736488699913025,-0.08655458617101885,0.0631747841835022,-0.3565381169319153,-0.062297928361999766,0.05448269844055176,-0.3096465468406677,-0.032440039544212596
S,0.0,0.0,0.0,-0.10612940788269043,-0.0887136459350586,-0.04596499498381945,-0.19553762674331665,-0.23511135578155518,-0.07019708077802989,-0.17794066667556763,-0.3895060420036316,-0.09873652975454661,-0.07501882314682007,-0.43721020221710205,-0.1140517644156489,-0.15532171726226807,-0.42774277925491333,0.010165968393835101,-0.16189885139465332,-0.5721345692873001,-0.062191107826379266,-0.1463879942893982,-0.4334518313407898,-0.09806950162544581,-0.13469678163528442,-0.3694385290145874,-0.11177438269749018,-0.06986510753631592,-0.4340495467185974,0.0004992814580191407,-0.07058686017990112,-0.58348548412323,-0.07180646579161021,-0.07444483041763306,-0.4151309132575989,-0.07975733797445628,-0.07419270277023315,-0.3638039827346802,-0.0635800711382899,0.013080894947052002,-0.4098324775695801,-0.025019591258910623,0.021281719207763672,-0.5463855415582657,-0.09701452176466319,7.963180541992188e-05,-0.3785000443458557,-0.07258829246654841,-0.008418560028076172,-0.31619009375572205,-0.032812153505233255,0.09718537330627441,-0.35836461186408997,-0.056245123552230325,0.08814096450805664,-0.445268839597702,-0.09062946360006663,0.061578571796417236,-0.3446686863899231,-0.06736801336899134,0.05253666639328003,-0.2998192608356476,-0.03788745920553538
S,0.0,0.0,0.0,-0.10730606317520142,-0.08614754676818848,-0.04492036895669571,-0.19461405277252197,-0.24362456798553467,-0.0662940879336702,-0.16709500551223755,-0.40259531140327454,-0.09269845383084885,-0.06547558307647705,-0.43796998262405396,-0.1059414957634317,-0.16145074367523193,-0.4264703691005707,0.01724120145820507,-0.16801708936691284,-0.5759220272302628,-0.05511733414448372,-0.1475536823272705,-0.43709102272987366,-0.0921771218053209,-0.1359362006187439,-0.36618372797966003,-0.10609402404941193,-0.07686561346054077,-0.43478667736053467,0.00803441936307081,-0.07544058561325073,-0.5813301801681519,-0.06362414257444016,-0.072315514087677,-0.41165482997894287,-0.07271001385367981,-0.07372266054153442,-0.3581063151359558,-0.05734518812812439,0.005866944789886475,-0.4134668707847595,-0.0177161534301149,0.01710689067840576,-0.5441323816776276,-0.08747560428298584,0.0004070401191711426,-0.3794296681880951,-0.06476060198463074,-0.011378884315490723,-0.3190746307373047,-0.026921992095481073,0.0900043249130249,-0.3656860291957855,-0.0494810705057489,0.08637130260467529,-0.4548068940639496,-0.0815029953590738,0.06253516674041748,-0.35397329926490784,-0.058694324361454164,0.051278114318847656,-0.3073312044143677,-0.030288348811041033
S,0.0,0.0,0.0,-0.10524451732635498,-0.09039628505706787,-0.04327207916219322,-0.18911212682724,-0.2401975393295288,-0.06715061628062813,-0.15466153621673584,-0.39176198840141296,-0.09664102011163322,-0.056853532791137695,-0.4384334087371826,-0.11358983182151405,-0.16380399465560913,-0.4144439995288849,0.011827040270077305,-0.17268335819244385,-0.5723468512296677,-0.06602233015735237,-0.14531856775283813,-0.44016802310943604,-0.10811366998393623,-0.128576397895813,-0.3619689345359802,-0.12406828366954414,-0.07922095060348511,-0.4254649877548218,0.0019431607025808262,-0.07678383588790894,-0.5778666138648987,-0.0723551299496421,-0.06987512111663818,-0.411639928817749,-0.0844880577250251,-0.07318294048309326,-0.3520316481590271,-0.07203406207997887,0.0033316612243652344,-0.4089685082435608,-0.024050024531675263,0.01632523536682129,-0.5490720123052597,-0.09408182763297646,0.0017743110656738281,-0.3859568238258362,-0.0718564551397094,-0.012617886066436768,-0.3190414309501648,-0.03519662582118599,0.0854727029800415,-0.36648252606391907,-0.056028445444894714,0.08722251653671265,-0.46022459864616394,-0.08893143498141853,0.06279319524765015,-0.359746515750885,-0.06668122970302193,0.04759538173675537,-0.30784738063812256,-0.03891452141840546
S,0.0,0.0,0.0,-0.10264784097671509,-0.0866900086402893,-0.041392215156065504,-0.1864250898361206,-0.22470980882644653,-0.06591515671561865,-0.153220534324646,-0.3764033019542694,-0.09594052713464407,-0.05422842502593994,-0.4264545440673828,-0.11346063446353583,-0.1706586480140686,-0.4067831337451935,0.008866775221122225,-0.17938339710235596,-0.5620259493589401,-0.06545149963449148,-0.14643710851669312,-0.43181300163269043,-0.10542388688872961,-0.1284118890762329,-0.3562646806240082,-0.12069121431659369,-0.08619391918182373,-0.41918471455574036,-0.001150895586306433,-0.08320975303649902,-0.5684577375650406,-0.07111795675109533,-0.0691596269607544,-0.40475520491600037,-0.08226576875995306,-0.0721558928489685,-0.34810468554496765,-0.07090743314574866,-0.0031681060791015625,-0.4043590724468231,-0.026243817620979826,0.012141168117523193,-0.5403912663459778,-0.09175304751943258,0.0031798481941223145,-0.3822188675403595,-0.06961163561891226,-0.012336671352386475,-0.318882018327713,-0.0347924387092462,0.0774335265159607,-0.3626761734485626,-0.05706840064476637,0.08413392305374146,-0.4586857557296753,-0.08667912017654089,0.06288540363311768,-0.36245858669281006,-0.06378949117015509,0.04573565721511841,-0.31008630990982056,-0.03659772556375174
S,0.0,0.0,0.0,-0.10119253396987915,-0.08170175552368164,-0.042799188770800356,-0.181424081325531,-0.21219968795776367,-0.06875141618445468,-0.14483791589736938,-0.3573014736175537,-0.09881649819806171,-0.05325669050216675,-0.4173072874546051,-0.11617018190815998,-0.17552947998046875,-0.3926923871040344,-0.0013572067408631483,-0.1802775263786316,-0.5492452681064606,-0.07677832899287296,-0.14722812175750732,-0.4109831154346466,-0.11715893355801654,-0.1338403820991516,-0.33202946186065674,-0.132838509060889,-0.09055435657501221,-0.40762093663215637,-0.010409107447117094,-0.08725428581237793,-0.5581201463937759,-0.08053045628264499,-0.07183802127838135,-0.3904381990432739,-0.09271406290724826,-0.0780070424079895,-0.3325040340423584,-0.08313662467196536,-0.007393062114715576,-0.39648184180259705,-0.03352758196785999,0.007819294929504395,-0.5320842862129211,-0.09842807707980228,0.0010630488395690918,-0.371697336435318,-0.07588153240874362,-0.01704871654510498,-0.30923396348953247,-0.04192245287492824,0.07184833288192749,-0.35819852352142334,-0.06217598450973583,0.08091163635253906,-0.4543732702732086,-0.09245084879592014,0.06170380115509033,-0.35443758964538574,-0.06870326308205676,0.04178065061569214,-0.30121755599975586,-0.041132106461077456
S,0.0,0.0,0.0,-0.09321528673171997,-0.07691431045532227,-0.050186478685532165,-0.17049366235733032,-0.22000789642333984,-0.07681048397341783,-0.1198112964630127,-0.3578373193740845,-0.10521147881070192,-0.014194607734680176,-0.40549400448799133,-0.12065544460335786,-0.18505775928497314,-0.38148385286331177,-0.012522984448764873,-0.17654043436050415,-0.5355807542800903,-0.08400976393738802,-0.1460648775100708,-0.39457130432128906,-0.11868361119547899,-0.1389099359512329,-0.3220197856426239,-0.13206353519478853,-0.09862804412841797,-0.4017089605331421,-0.017349905487094475,-0.08769607543945312,-0.5563034415245056,-0.08617238436261232,-0.06935346126556396,-0.3928722143173218,-0.09522121135512407,-0.07335132360458374,-0.33617985248565674,-0.08320890102902467,-0.013846874237060547,-0.39674052596092224,-0.0361417691818815,0.007481038570404053,-0.5271522700786591,-0.10070118043938692,0.004710793495178223,-0.3716591000556946,-0.08025859032193239,-0.01293724775314331,-0.3122478425502777,-0.04763495285430963,0.06760549545288086,-0.3650391697883606,-0.060899385403786255,0.07683879137039185,-0.45447415113449097,-0.09060832593957002,0.06270235776901245,-0.35551515221595764,-0.06996297572175081,0.04424506425857544,-0.3027135729789734,-0.04542429108539636
S,0.0,0.0,0.0,-0.09193164110183716,-0.06830692291259766,-0.05402505817744441,-0.167546808719635,-0.20856422185897827,-0.08173920634123988,-0.11959469318389893,-0.34852445125579834,-0.11004294129941172,-0.0183866024017334,-0.4021984934806824,-0.12510879012677378,-0.18396413326263428,-0.37790659070014954,-0.014153963429066607,-0.17520815134048462,-0.5301044583320618,-0.086841147867176,-0.14282983541488647,-0.3961634933948517,-0.12340357574555583,-0.1330270767211914,-0.32165461778640747,-0.1378677603873939,-0.09748077392578125,-0.40130341053009033,-0.0167813957754106,-0.08577185869216919,-0.5535546392202377,-0.08774431469771571,-0.06602925062179565,-0.3950454890727997,-0.09889764758679576,-0.06793785095214844,-0.33518293499946594,-0.08763610991570658,-0.01371842622756958,-0.39686617255210876,-0.0339672793719501,0.007669210433959961,-0.5187921971082687,-0.09854376736018367,0.004394352436065674,-0.3710276186466217,-0.08099382045600123,-0.013475596904754639,-0.31450265645980835,-0.05057285773489184,0.06727921962738037,-0.36580267548561096,-0.057677172598573634,0.07817482948303223,-0.4450801908969879,-0.08817167255017466,0.0626268982887268,-0.35107535123825073,-0.07127952250573344,0.04234963655471802,-0.30347204208374023,-0.049577080187532374
S,0.0,0.0,0.0,-0.0960039496421814,-0.07153469324111938,-0.055523865075883805,-0.17207574844360352,-0.22605949640274048,-0.07956891894536966,-0.1178935170173645,-0.3657507598400116,-0.10440356672006601,-0.011110544204711914,-0.40763112902641296,-0.11540037781196588,-0.1901751160621643,-0.385100781917572,-0.005237647483227192,-0.1757725477218628,-0.5407758951187134,-0.07311165720420831,-0.14270073175430298,-0.40814653038978577,-0.10689933240610117,-0.1329118013381958,-0.33693596720695496,-0.1200571545978164,-0.1016761064529419,-0.4130058288574219,-0.006087944528189837,-0.08732789754867554,-0.5717688649892807,-0.07630517721372598,-0.06606841087341309,-0.41432225704193115,-0.08777363240915292,-0.0656130313873291,-0.3471796214580536,-0.07450478911596292,-0.015985608100891113,-0.4115156829357147,-0.02220936320918554,0.0069162845611572266,-0.5330899655818939,-0.08426356703239435,0.005975842475891113,-0.3885236382484436,-0.06927197814184183,-0.010332882404327393,-0.3259345591068268,-0.03918095693188661,0.06708884239196777,-0.38314881920814514,-0.04536601171093935,0.07938307523727417,-0.46326982975006104,-0.07280721903043741,0.06517148017883301,-0.3727404773235321,-0.05795832738476747,0.04542207717895508,-0.3231627345085144,-0.03741658866601938
S,0.0,0.0,0.0,-0.09277147054672241,-0.07097220420837402,-0.057763945416695606,-0.16858196258544922,-0.2192080020904541,-0.08389311294365598,-0.11294013261795044,-0.3574283719062805,-0.11033434431362821,-0.006407439708709717,-0.40276896953582764,-0.12239440541077329,-0.19155097007751465,-0.38362061977386475,-0.008529580303616058,-0.17577487230300903,-0.5367740839719772,-0.07944465439129544,-0.14199143648147583,-0.3989030420780182,-0.11344213049221707,-0.13291943073272705,-0.33291923999786377,-0.1266154796938963,-0.10208112001419067,-0.4122384786605835,-0.009267973818964492,-0.086514413356781,-0.5675450712442398,-0.08420757214832975,-0.06550824642181396,-0.4046620726585388,-0.09675679366398526,-0.0680849552154541,-0.3449886441230774,-0.08347253511954023,-0.016684353351593018,-0.41381168365478516,-0.02553630258250905,0.005453824996948242,-0.5305124372243881,-0.09162484864998532,0.004186034202575684,-0.3826141059398651,-0.07691936205435468,-0.015592098236083984,-0.32994893193244934,-0.04647737006951047,0.06577962636947632,-0.38924935460090637,-0.0488455557386942,0.0771443247795105,-0.45773079991340637,-0.07811380933333112,0.06339502334594727,-0.3623673617839813,-0.06378867487717343,0.04231482744216919,-0.31981179118156433,-0.04346713061738683
S,0.0,0.0,0.0,-0.09362536668777466,-0.08078640699386597,-0.05547651736242187,-0.1624833345413208,-0.225166916847229,-0.08235985500914467,-0.10773581266403198,-0.3603883683681488,-0.10993115319115532,-0.005490601062774658,-0.40905559062957764,-0.1236396552453698,-0.186634361743927,-0.38998210430145264,-0.007496447713947418,-0.16750353574752808,-0.5447279512882233,-0.07587619586092842,-0.13577157258987427,-0.4133428633213043,-0.11142612708908928,-0.12866699695587158,-0.3449079990386963,-0.126373608542508,-0.09542495012283325,-0.41604939103126526,-0.008995910121029738,-0.07806652784347534,-0.5743317008018494,-0.07865210337740791,-0.05875241756439209,-0.4211551547050476,-0.09235194040638817,-0.060433387756347656,-0.3590693175792694,-0.08232395811182869,-0.00878441333770752,-0.4139106571674347,-0.025361691547459486,0.014567434787750244,-0.5376552045345306,-0.0861146496067704,0.011243283748626709,-0.39858773350715637,-0.07212492538792503,-0.007235825061798096,-0.3394719362258911,-0.044158388806408766,0.07416355609893799,-0.38448527455329895,-0.048703112585371855,0.08562678098678589,-0.4671303629875183,-0.07469752146107567,0.06951051950454712,-0.37979668378829956,-0.059457578642195585,0.0482669472694397,-0.3312922716140747,-0.03951703472239387
S,0.0,0.0,0.0,-0.09357297420501709,-0.08062243461608887,-0.057597708612320275,-0.16213488578796387,-0.2165762186050415,-0.0864219821091865,-0.1064179539680481,-0.3535541296005249,-0.11544287270271525,-0.0033680200576782227,-0.4052954316139221,-0.13018067246639475,-0.18228328227996826,-0.3909689784049988,-0.010360885135469289,-0.1628342866897583,-0.5402009934186935,-0.08222235804760203,-0.13095563650131226,-0.40363287925720215,-0.1186860731836532,-0.1240193247795105,-0.3353341817855835,-0.13328120177948222,-0.09150564670562744,-0.415070116519928,-0.011189354307589383,-0.07595717906951904,-0.5678164660930634,-0.0835463262196754,-0.05476236343383789,-0.4080203175544739,-0.09612149810755,-0.05591773986816406,-0.34909409284591675,-0.08467927640640482,-0.005320310592651367,-0.41204899549484253,-0.02724001994693026,0.016143500804901123,-0.5337341278791428,-0.09173912620508418,0.015026450157165527,-0.388553649187088,-0.07530573821031794,-0.0023939013481140137,-0.33204248547554016,-0.044562366515037866,0.07697951793670654,-0.38072669506073,-0.05017475476824984,0.08536982536315918,-0.4611354470252991,-0.0781362137790893,0.0696343183517456,-0.3703862726688385,-0.06091649150812373,0.04884970188140869,-0.32317042350769043,-0.03866263544523463
S,0.0,0.0,0.0,-0.09400653839111328,-0.07973742485046387,-0.06349818224691717,-0.1633603572845459,-0.21672552824020386,-0.09442165310167638,-0.10605990886688232,-0.34870317578315735,-0.1239730399348673,-0.0034929513931274414,-0.4043084383010864,-0.1384492572643694,-0.18878710269927979,-0.3962836265563965,-0.01331135353677837,-0.16723066568374634,-0.537219911813736,-0.08632422054790823,-0.132857084274292,-0.402167946100235,-0.12315323020004598,-0.12417608499526978,-0.3397982120513916,-0.13857298160576192,-0.09749490022659302,-0.42523518204689026,-0.011735878909462372,-0.07633286714553833,-0.567669004201889,-0.08706041986727087,-0.05573171377182007,-0.4053688645362854,-0.10024144316696493,-0.05828481912612915,-0.3516419231891632,-0.0883844699957308,-0.011023998260498047,-0.42395323514938354,-0.026268795157307068,0.01531749963760376,-0.526812806725502,-0.09275008554243414,0.011568427085876465,-0.3807034492492676,-0.07721652651810018,-0.008501052856445312,-0.3347572088241577,-0.04688360358261434,0.07186579704284668,-0.39368462562561035,-0.04834489713095991,0.08301424980163574,-0.45248931646347046,-0.07777496243500082,0.06621485948562622,-0.35987773537635803,-0.06230312029504148,0.042510271072387695,-0.3234921395778656,-0.04103754649543134
S,0.0,0.0,0.0,-0.09898483753204346,-0.08114659786224365,-0.05361082050023924,-0.17111051082611084,-0.22096747159957886,-0.0791134575289334,-0.11288046836853027,-0.35528481006622314,-0.10576394590555083,-0.008927524089813232,-0.4086824357509613,-0.11813481542287718,-0.1915082335472107,-0.3860817551612854,-0.0013982570404778016,-0.17195361852645874,-0.5377582907676697,-0.07185306790290724,-0.13852804899215698,-0.40266263484954834,-0.10782242956577193,-0.1300867795944214,-0.33726605772972107,-0.122443083850726,-0.10067814588546753,-0.41333165764808655,-0.004264256162628044,-0.08487993478775024,-0.568698063492775,-0.07773463073192488,-0.0639803409576416,-0.40542080998420715,-0.09210026654420744,-0.06580454111099243,-0.34616580605506897,-0.08078469726262938,-0.0143967866897583,-0.4128897488117218,-0.0224006438535298,0.009105861186981201,-0.5345061123371124,-0.08648041280923735,0.005884706974029541,-0.38544997572898865,-0.07055136206565749,-0.014478027820587158,-0.3306373357772827,-0.039886813787802566,0.06799721717834473,-0.3832269608974457,-0.04726045968948256,0.07778555154800415,-0.45698392391204834,-0.07457925769506346,0.06089627742767334,-0.3622545599937439,-0.05728455650626074,0.03745216131210327,-0.31879356503486633,-0.03494538757024657
S,0.0,0.0,0.0,-0.09854704141616821,-0.0809662938117981,-0.0517387280000321,-0.16987252235412598,-0.22107523679733276,-0.0766531714929215,-0.11241805553436279,-0.3569551110267639,-0.1032894665135018,-0.007841944694519043,-0.4064071476459503,-0.11628917248378912,-0.18934303522109985,-0.3865962624549866,0.0005684120820887983,-0.17154759168624878,-0.5350420475006104,-0.06934439779649892,-0.1387309432029724,-0.40236422419548035,-0.10542098821531454,-0.12974023818969727,-0.3354087173938751,-0.11998504043947378,-0.09915339946746826,-0.4134066700935364,-0.0031043546499631702,-0.08419197797775269,-0.5676494836807251,-0.07524740339647451,-0.06324225664138794,-0.40804892778396606,-0.08902036042343298,-0.06280392408370972,-0.3485312759876251,-0.07741422594915548,-0.012274324893951416,-0.41184002161026,-0.021961255161272675,0.010704457759857178,-0.5305213183164597,-0.08572601170669714,0.007582128047943115,-0.38486361503601074,-0.07076561839710394,-0.010846138000488281,-0.3307160437107086,-0.04066120476852575,0.07151955366134644,-0.3814656138420105,-0.04732718707452932,0.08145612478256226,-0.45745399594306946,-0.07471213878523031,0.06393164396286011,-0.3638403117656708,-0.05777291597257772,0.04145479202270508,-0.31745344400405884,-0.03563072176109472
S,0.0,0.0,0.0,-0.09341567754745483,-0.08082687854766846,-0.06089784712906976,-0.16380411386489868,-0.21697497367858887,-0.09021387384649415,-0.10973256826400757,-0.35182619094848633,-0.1194365112614264,-0.005167067050933838,-0.40414202213287354,-0.13353643701788087,-0.18498164415359497,-0.3947405219078064,-0.005079136187248423,-0.16616791486740112,-0.5373850911855698,-0.07863945649381776,-0.13179033994674683,-0.40235480666160583,-0.11634180830236573,-0.12204301357269287,-0.34038063883781433,-0.13199166343923707,-0.09578096866607666,-0.42204684019088745,-0.005551571449302628,-0.07947373390197754,-0.5690903067588806,-0.08294749395366807,-0.05867689847946167,-0.4056432247161865,-0.09815174476619859,-0.06104773283004761,-0.352902889251709,-0.08683934943195482,-0.01132422685623169,-0.42076703906059265,-0.0225101518016686,0.014371156692504883,-0.5334854274988174,-0.09041048721786638,0.009446680545806885,-0.3862258791923523,-0.07655166970010896,-0.012606561183929443,-0.3378011882305145,-0.046662935478650525,0.06957995891571045,-0.3904993534088135,-0.046921876682006314,0.08324122428894043,-0.4577406942844391,-0.07650842653032441,0.06538140773773193,-0.3642286956310272,-0.06189857558723588,0.040498971939086914,-0.3253891170024872,-0.041209397329055264
S,0.0,0.0,0.0,-0.0911605954170227,-0.0797232985496521,-0.05821082140829503,-0.16363203525543213,-0.21208643913269043,-0.0874341591778034,-0.11113786697387695,-0.344588965177536,-0.1165040671410793,-0.006198227405548096,-0.3982817828655243,-0.13174669589426458,-0.1779559850692749,-0.3940640985965729,-0.009162100549303887,-0.16012614965438843,-0.5335286557674408,-0.07890141155149877,-0.12635117769241333,-0.40306317806243896,-0.11644125129606664,-0.11574214696884155,-0.3393537104129791,-0.13339513685133397,-0.08854925632476807,-0.41854962706565857,-0.010803655307256577,-0.07318615913391113,-0.5678063631057739,-0.08338678028013646,-0.05328291654586792,-0.40865403413772583,-0.09931865479376256,-0.054313063621520996,-0.3489131033420563,-0.09042233373548925,-0.004340052604675293,-0.4135505259037018,-0.027511830958985684,0.02130448818206787,-0.5302294045686722,-0.09099060441877782,0.01715219020843506,-0.38785094022750854,-0.07786671217110097,-0.0026475191116333008,-0.3329472541809082,-0.05006667371418416,0.07578390836715698,-0.37828633189201355,-0.05132206301715314,0.08748060464859009,-0.4506349563598633,-0.07965839054014623,0.07104980945587158,-0.3610913157463074,-0.06493160273458898,0.04887515306472778,-0.31820806860923767,-0.045000845152401325
S,0.0,0.0,0.0,-0.09210085868835449,-0.07643359899520874,-0.05816763689603022,-0.16563671827316284,-0.20687484741210938,-0.0878646863051813,-0.11376035213470459,-0.3397868871688843,-0.11733586018766573,-0.009607791900634766,-0.39273935556411743,-0.13260347818817309,-0.17657065391540527,-0.3933144211769104,-0.009695623571531087,-0.16132670640945435,-0.5276670306921005,-0.08214159732546022,-0.12844204902648926,-0.3943886160850525,-0.12022796695913485,-0.11694735288619995,-0.331172913312912,-0.136953648681299,-0.08784306049346924,-0.4156900644302368,-0.01194571846957615,-0.07282578945159912,-0.5605126917362213,-0.08728663300956896,-0.05303168296813965,-0.39672964811325073,-0.10220919227089098,-0.05372059345245361,-0.34012189507484436,-0.09187987124408892,-0.004209160804748535,-0.40891021490097046,-0.0295573310353916,0.021905899047851562,-0.5205527245998383,-0.09688997691358736,0.017084181308746338,-0.37326672673225403,-0.08174483155693224,-0.0031973719596862793,-0.3217800259590149,-0.05158828621591738,0.07532459497451782,-0.37198248505592346,-0.05415084263171366,0.08964806795120239,-0.4427216053009033,-0.08555638467754534,0.07221412658691406,-0.34962132573127747,-0.06994162177528551,0.0483362078666687,-0.3078327775001526,-0.04853189041699579
S,0.0,0.0,0.0,-0.08957958221435547,-0.07931196689605713,-0.05468462294436449,-0.15503156185150146,-0.21155965328216553,-0.08395272380209917,-0.1014258861541748,-0.33665430545806885,-0.11330914384222979,4.863739013671875e-05,-0.37762799859046936,-0.13088444507218355,-0.15046203136444092,-0.40444594621658325,-0.013967647948334161,-0.13200902938842773,-0.5334858596324921,-0.08254456406928057,-0.10608679056167603,-0.41097602248191833,-0.12386240697003359,-0.09694939851760864,-0.3367176353931427,-0.14422768986321444,-0.06253623962402344,-0.42235469818115234,-0.017923238487014714,-0.044590115547180176,-0.5635132193565369,-0.0857224378595447,-0.03147798776626587,-0.41601526737213135,-0.10468052214480394,-0.03247570991516113,-0.3534237742424011,-0.10110945886469835,0.019313037395477295,-0.4080463647842407,-0.035627039880523625,0.049512624740600586,-0.5210236757993698,-0.09535985326863283,0.038372695446014404,-0.388773113489151,-0.08678851908541674,0.01773303747177124,-0.32961127161979675,-0.0648881334672069,0.09650862216949463,-0.3619098663330078,-0.06010231262541765,0.11450010538101196,-0.4370688199996948,-0.08952195084191317,0.09260821342468262,-0.35495737195014954,-0.07826712614394182,0.06747812032699585,-0.3100099563598633,-0.06212510055399889
S,0.0,0.0,0.0,-0.08346337080001831,-0.07292675971984863,-0.06110385846574218,-0.14963454008102417,-0.20660656690597534,-0.09273805510480315,-0.09228885173797607,-0.32877853512763977,-0.12218902301270873,0.01174914836883545,-0.3660988509654999,-0.13822865527350814,-0.14857906103134155,-0.4011276960372925,-0.027411468739103384,-0.11779218912124634,-0.529633641242981,-0.09793434333283813,-0.09742331504821777,-0.3955283463001251,-0.13427847665030868,-0.094143807888031,-0.32646772265434265,-0.1510691199846974,-0.05702334642410278,-0.41440895199775696,-0.028072273770760603,-0.027480661869049072,-0.5546197444200516,-0.09809704166133315,-0.020126044750213623,-0.39459437131881714,-0.10966051411111266,-0.025995969772338867,-0.33905020356178284,-0.10031229298789412,0.026967108249664307,-0.3975498080253601,-0.04280667793233306,0.0632447600364685,-0.5053496956825256,-0.10686286580045135,0.04843759536743164,-0.3622797429561615,-0.09064453881461532,0.0249483585357666,-0.31421181559562683,-0.06257580261905105,0.10393786430358887,-0.3507128059864044,-0.06446611177403838,0.1258333921432495,-0.4228682518005371,-0.09766158502776534,0.10343509912490845,-0.3355005383491516,-0.08290489804227263,0.07741689682006836,-0.2976141571998596,-0.06325301569182784
S,0.0,0.0,0.0,-0.08744090795516968,-0.07644796371459961,-0.06472910821213418,-0.1456628441810608,-0.20035982131958008,-0.1000134187914341,-0.07973700761795044,-0.30970948934555054,-0.13201602428927117,0.02248525619506836,-0.3431108891963959,-0.15122962623610192,-0.13645488023757935,-0.404986172914505,-0.034449337718626794,-0.10108739137649536,-0.517890140414238,-0.1044292736031025,-0.08450937271118164,-0.3878346383571625,-0.14306001990809136,-0.08065193891525269,-0.3177275061607361,-0.16220829516424828,-0.04463791847229004,-0.4151005148887634,-0.034063405094286736,-0.01047426462173462,-0.5433627218008041,-0.10280672341360741,-0.006432175636291504,-0.3844118118286133,-0.11649991452469521,-0.01197594404220581,-0.32507702708244324,-0.10969579845442468,0.038127779960632324,-0.3938497304916382,-0.04728506386055642,0.07832938432693481,-0.4956836551427841,-0.11113677054419213,0.06374824047088623,-0.35289180278778076,-0.09726022809519463,0.04342073202133179,-0.2985886037349701,-0.07087053239121133,0.11325407028198242,-0.3396696150302887,-0.06751896321549111,0.1395779252052307,-0.41284748911857605,-0.10220479100718194,0.11540019512176514,-0.3272435665130615,-0.08841305851711923,0.0882335901260376,-0.2846326231956482,-0.06893998265042
S,0.0,0.0,0.0,-0.0826869010925293,-0.0730934739112854,-0.07132204032120626,-0.14017736911773682,-0.20092487335205078,-0.108884969415044,-0.07306170463562012,-0.3092883825302124,-0.1412669957297794,0.03363889455795288,-0.3267652094364166,-0.15988042360720556,-0.12437862157821655,-0.40861591696739197,-0.04052968105850141,-0.0831717848777771,-0.5118842124938965,-0.11288309252438467,-0.07142400741577148,-0.3788018226623535,-0.15031414634165685,-0.06972551345825195,-0.3174549639225006,-0.16922091847834508,-0.03159075975418091,-0.4176868200302124,-0.037831065865134406,0.011459112167358398,-0.5374484360218048,-0.11302160626826208,0.00840747356414795,-0.3743523955345154,-0.12504347568926732,-0.0005282759666442871,-0.32332444190979004,-0.11483180678067129,0.05055886507034302,-0.3937019109725952,-0.04966877556023519,0.09787428379058838,-0.4800640642642975,-0.11975063538727682,0.07491260766983032,-0.335878849029541,-0.10596601820168416,0.04955679178237915,-0.29553285241127014,-0.07800281948027532,0.12401264905929565,-0.3379761874675751,-0.0690256223696224,0.15363377332687378,-0.3890150189399719,-0.10858214801726263,0.12302827835083008,-0.3016508221626282,-0.09783692813095968,0.09156131744384766,-0.2711562514305115,-0.0795805916803829
