label,x0,y0,z0,x1,y1,z1,x2,y2,z2,x3,y3,z3,x4,y4,z4,x5,y5,z5,x6,y6,z6,x7,y7,z7,x8,y8,z8,x9,y9,z9,x10,y10,z10,x11,y11,z11,x12,y12,z12,x13,y13,z13,x14,y14,z14,x15,y15,z15,x16,y16,z16,x17,y17,z17,x18,y18,z18,x19,y19,z19,x20,y20,z20
T,0.0,0.0,0.0,-0.07715430855751038,-0.0560966432094574,-0.022166491269615562,-0.11329755187034607,-0.16573378443717957,-0.02748283256545392,-0.10289207100868225,-0.27648109197616577,-0.0363782744552168,-0.09687468409538269,-0.3547944128513336,-0.03775913153543797,-0.09941548109054565,-0.24550414085388184,0.01809856224105033,-0.11854040622711182,-0.3384593427181244,-0.025575176596191795,-0.10934078693389893,-0.2855469286441803,-0.04164191593184796,-0.09346216917037964,-0.2363705039024353,-0.040683193847087296,-0.04622596502304077,-0.24376541376113892,0.013530189387950031,-0.05254858732223511,-0.3243398368358612,-0.029480260580328377,-0.056724369525909424,-0.22661498188972473,-0.03024563637330857,-0.054292917251586914,-0.20050126314163208,-0.014892371154871853,0.004527866840362549,-0.22858846187591553,-0.0014403988770368414,0.0013450980186462402,-0.2892783284187317,-0.04747049023166028,-0.01237499713897705,-0.19273674488067627,-0.02980727773859826,-0.011490821838378906,-0.1672559380531311,-0.0019867469254108983,0.056595683097839355,-0.20580264925956726,-0.01922705282225934,0.04825866222381592,-0.25721126794815063,-0.04187571515097943,0.031276822090148926,-0.19281557202339172,-0.025020635470298203,0.03087538480758667,-0.16688594222068787,-0.0032955114892843085
T,0.0,0.0,0.0,-0.07580876350402832,-0.049670636653900146,-0.023567413587386454,-0.11444979906082153,-0.16262668371200562,-0.028540959257895793,-0.10291898250579834,-0.27688561379909515,-0.0365542300532411,-0.09074768424034119,-0.3547504097223282,-0.036656109292323436,-0.10296094417572021,-0.24073153734207153,0.015107642251734887,-0.12209570407867432,-0.33824171125888824,-0.030671111915523852,-0.10914552211761475,-0.2824779450893402,-0.04740600814324125,-0.09274300932884216,-0.23545479774475098,-0.04659601827364668,-0.04972320795059204,-0.24182868003845215,0.010962693344538366,-0.054969608783721924,-0.3261503726243973,-0.03408813630443319,-0.056590646505355835,-0.22727343440055847,-0.0349479407558988,-0.055662572383880615,-0.20160284638404846,-0.01908817296128973,0.001956760883331299,-0.22927141189575195,-0.003649071233610357,-0.0018469691276550293,-0.29167333245277405,-0.051799608070666636,-0.012586712837219238,-0.1920386552810669,-0.03350445036988958,-0.011791706085205078,-0.16748148202896118,-0.004610920001084651,0.05608266592025757,-0.20883747935295105,-0.02108438094359144,0.046100616455078125,-0.25988587737083435,-0.04483118062120184,0.031770944595336914,-0.19293427467346191,-0.0272263806800197,0.032372236251831055,-0.1672394573688507,-0.004596730835999097
T,0.0,0.0,0.0,-0.07656997442245483,-0.05230933427810669,-0.021713063717129444,-0.11373713612556458,-0.16634398698806763,-0.026642213240506862,-0.10160940885543823,-0.2785593718290329,-0.035178822130205845,-0.0894540548324585,-0.35595278441905975,-0.036080636680367206,-0.09855917096138,-0.24620312452316284,0.01496491521572807,-0.11752751469612122,-0.34418439865112305,-0.029341541826966022,-0.10987529158592224,-0.28613120317459106,-0.04490182980919144,-0.09565716981887817,-0.235512375831604,-0.04366632610583565,-0.045781731605529785,-0.24475708603858948,0.009842636398730065,-0.05251741409301758,-0.3269142508506775,-0.03343623191142342,-0.05598282814025879,-0.22685375809669495,-0.032707647085430835,-0.053064823150634766,-0.20108512043952942,-0.016337846070769046,0.005315542221069336,-0.229587584733963,-0.00549706224376223,-0.0006330609321594238,-0.2887301445007324,-0.05127455353760979,-0.012728452682495117,-0.18989291787147522,-0.0319455160203006,-0.010692715644836426,-0.16474562883377075,-0.0032804448998149383,0.057937443256378174,-0.20774492621421814,-0.023633905351402973,0.04581749439239502,-0.25699368119239807,-0.04601906299615166,0.031003892421722412,-0.19143414497375488,-0.028161407113316272,0.03313106298446655,-0.16668438911437988,-0.005938643254580711
T,0.0,0.0,0.0,-0.0779075026512146,-0.05558788776397705,-0.02222793087634045,-0.11542582511901855,-0.16584134101867676,-0.027966632547702375,-0.10356158018112183,-0.27913644909858704,-0.037715326103295865,-0.09314417839050293,-0.3597113937139511,-0.040147672447290006,-0.10394623875617981,-0.243114173412323,0.01830882854488891,-0.1250794231891632,-0.3402694761753082,-0.027549217495050016,-0.11296659708023071,-0.2870241403579712,-0.045452698173846784,-0.09672322869300842,-0.2385941445827484,-0.045443444552745405,-0.05076831579208374,-0.24483957886695862,0.012659086805854258,-0.05792674422264099,-0.33172160387039185,-0.03290632650526959,-0.05892682075500488,-0.23319298028945923,-0.03551510259779889,-0.05632680654525757,-0.2042222023010254,-0.020598935934629026,0.0014826059341430664,-0.2320711612701416,-0.003374547039072695,-0.00448298454284668,-0.29339824616909027,-0.0512214554873367,-0.014924943447113037,-0.19424447417259216,-0.03378772646459538,-0.012969255447387695,-0.1676023006439209,-0.005340250714596095,0.05613577365875244,-0.2102113664150238,-0.022249772253360334,0.04442828893661499,-0.26046788692474365,-0.04464483917030293,0.030144691467285156,-0.19604572653770447,-0.026647455098952832,0.03150486946105957,-0.17114365100860596,-0.0039647310440500405
T,0.0,0.0,0.0,-0.07570016384124756,-0.05622154474258423,-0.02013030352873102,-0.11177369952201843,-0.16913864016532898,-0.025464006540005357,-0.09991824626922607,-0.2786007821559906,-0.03493212985677019,-0.08737605810165405,-0.3555675745010376,-0.03723184469026819,-0.09815403819084167,-0.2467910647392273,0.015478921282465308,-0.11855369806289673,-0.3445586860179901,-0.028158611458366067,-0.11053550243377686,-0.29215535521507263,-0.04418505805415407,-0.09556755423545837,-0.238744854927063,-0.043289617475693376,-0.04566115140914917,-0.2469756007194519,0.009046499777014105,-0.0530582070350647,-0.3304007947444916,-0.0338077888159205,-0.055763185024261475,-0.2330608069896698,-0.03441865819377199,-0.053004324436187744,-0.2039322853088379,-0.018960599627916963,0.006356775760650635,-0.23228269815444946,-0.00717244188172117,0.0002688169479370117,-0.2918577790260315,-0.05205846655053392,-0.010972559452056885,-0.19479158520698547,-0.03356397229117647,-0.009532690048217773,-0.16733884811401367,-0.005623537421797664,0.06040686368942261,-0.2087365984916687,-0.026105171841209085,0.04831570386886597,-0.2602277398109436,-0.04763135763687387,0.03290337324142456,-0.19571220874786377,-0.02933939437252775,0.03295135498046875,-0.16955453157424927,-0.006975846205477865
T,0.0,0.0,0.0,-0.0779256820678711,-0.05547332763671875,-0.021390973739755736,-0.11348339915275574,-0.16673830151557922,-0.02666275870097934,-0.10072004795074463,-0.27949337661266327,-0.036028222330344306,-0.0896008312702179,-0.35895808041095734,-0.03840687233997642,-0.10019931197166443,-0.24241438508033752,0.017228077016341103,-0.12129208445549011,-0.341071754693985,-0.028106757589114295,-0.11140292882919312,-0.2842310667037964,-0.04650802273346244,-0.09676897525787354,-0.23173454403877258,-0.047119305618537055,-0.04742804169654846,-0.24339181184768677,0.011035270839499844,-0.054876893758773804,-0.32977308332920074,-0.032736488767397987,-0.05653423070907593,-0.23269107937812805,-0.035793018676770316,-0.053506702184677124,-0.202511727809906,-0.02215749133421241,0.004359722137451172,-0.22941425442695618,-0.005247133002114879,-0.0012983083724975586,-0.2927001714706421,-0.051326033808720695,-0.011515974998474121,-0.19418296217918396,-0.03387510884596168,-0.009170770645141602,-0.16563796997070312,-0.0063420293484455215,0.059289753437042236,-0.20634815096855164,-0.024364673681986915,0.047524333000183105,-0.25883716344833374,-0.04614924747539817,0.03378093242645264,-0.19358214735984802,-0.02781006988180934,0.03564584255218506,-0.1669059693813324,-0.005370010305625783
T,0.0,0.0,0.0,-0.07544687390327454,-0.05977296829223633,-0.020946978087749812,-0.11038798093795776,-0.1701543629169464,-0.02581182164999518,-0.10049861669540405,-0.282579630613327,-0.0353370071009067,-0.0915810763835907,-0.3625035434961319,-0.03790587043317828,-0.09447610378265381,-0.24854543805122375,0.02341109285202947,-0.11519008874893188,-0.34168335795402527,-0.023209315221038196,-0.10798388719558716,-0.28154343366622925,-0.04229347636851344,-0.09281721711158752,-0.23779624700546265,-0.04336203118714366,-0.04150018095970154,-0.2472982108592987,0.01679498100725141,-0.05003795027732849,-0.33097800612449646,-0.0281648994043735,-0.05470556020736694,-0.23022401332855225,-0.03142240127476725,-0.050268590450286865,-0.20631608366966248,-0.01732399171146426,0.010453343391418457,-0.23194760084152222,-0.0006239829438072775,0.0031970739364624023,-0.29270364344120026,-0.04934155052455935,-0.009608328342437744,-0.19068804383277893,-0.03263601517232928,-0.006341159343719482,-0.16630864143371582,-0.0042090671688583825,0.06404072046279907,-0.2077959179878235,-0.020690069030251834,0.049725472927093506,-0.2607633173465729,-0.04320794200452838,0.03332144021987915,-0.19236290454864502,-0.024936978201594684,0.03552365303039551,-0.16532039642333984,-0.00181426232143167
T,0.0,0.0,0.0,-0.07394260168075562,-0.06140407919883728,-0.018140325924662193,-0.10931628942489624,-0.1715957522392273,-0.022514070054796775,-0.09752300381660461,-0.2814582586288452,-0.030885983860400756,-0.08295938372612,-0.3599262535572052,-0.03231425271025046,-0.09854915738105774,-0.24745365977287292,0.019670809948536316,-0.11804977059364319,-0.34048697352409363,-0.023174891850260337,-0.10721737146377563,-0.29775315523147583,-0.0405609241186653,-0.09061390161514282,-0.2518409490585327,-0.04133514375081404,-0.044508010149002075,-0.25018349289894104,0.012510238544734875,-0.04978257417678833,-0.33336737751960754,-0.02987983696749552,-0.05227497220039368,-0.2389892041683197,-0.031893190598395904,-0.0502963662147522,-0.209371417760849,-0.01782510862341269,0.00817960500717163,-0.23697295784950256,-0.004265689427313646,0.0035473108291625977,-0.2973773777484894,-0.04965996057381972,-0.008289575576782227,-0.20205774903297424,-0.03121532559981688,-0.0065610408782958984,-0.1745542287826538,-0.0031726017094229064,0.06398409605026245,-0.21244752407073975,-0.02354053840628012,0.05277937650680542,-0.2654018700122833,-0.04558773771515234,0.03687328100204468,-0.1999529004096985,-0.02668912955215319,0.03646892309188843,-0.173030287027359,-0.0037641554570768676
T,0.0,0.0,0.0,-0.07363763451576233,-0.05632054805755615,-0.02078730225707659,-0.11301964521408081,-0.168643981218338,-0.02559197679306635,-0.10118800401687622,-0.28246212005615234,-0.033745443300858824,-0.08564698696136475,-0.3606882244348526,-0.03439674325431952,-0.09888803958892822,-0.24249106645584106,0.013961205406531008,-0.12101083993911743,-0.33586743474006653,-0.03097765319193968,-0.1113319993019104,-0.2846708297729492,-0.04582757301773199,-0.09582501649856567,-0.23693445324897766,-0.0439676771327413,-0.04484763741493225,-0.24271684885025024,0.007991168795570047,-0.05262884497642517,-0.3252042382955551,-0.036559594647542326,-0.055182039737701416,-0.22651249170303345,-0.03512671016301283,-0.0538669228553772,-0.20325380563735962,-0.017834616677419035,0.00851660966873169,-0.22933629155158997,-0.008033176736489622,0.0015063881874084473,-0.2888697385787964,-0.056285893396989195,-0.009032726287841797,-0.19059577584266663,-0.03572578154648909,-0.007887125015258789,-0.1699412763118744,-0.0056602115198529646,0.06411218643188477,-0.2068309783935547,-0.026643877701417296,0.05143946409225464,-0.2593991160392761,-0.05137332700337538,0.03709155321121216,-0.1914345622062683,-0.03248892523492941,0.03777182102203369,-0.16640087962150574,-0.009062365481213419
T,0.0,0.0,0.0,-0.07290220260620117,-0.05124783515930176,-0.02323521204118606,-0.11352431774139404,-0.1680121123790741,-0.028293005151795114,-0.10275816917419434,-0.2837570607662201,-0.03576660618011829,-0.08787170052528381,-0.3641607016324997,-0.03496037512843486,-0.10421639680862427,-0.2442176640033722,0.011836311818910872,-0.12867698073387146,-0.3388293981552124,-0.0339781427366006,-0.1177108883857727,-0.28702300786972046,-0.04860421359364864,-0.09979608654975891,-0.23796099424362183,-0.04617704912845966,-0.04876607656478882,-0.24759900569915771,0.007804469244433676,-0.058224111795425415,-0.33020368218421936,-0.03612209945742961,-0.05892527103424072,-0.22914054989814758,-0.03280186742370006,-0.05576026439666748,-0.20873814821243286,-0.014126239305483068,0.005530118942260742,-0.23552587628364563,-0.006723546849684681,-0.003202676773071289,-0.2948712706565857,-0.054294560996936525,-0.013090848922729492,-0.1951206624507904,-0.03222612008278247,-0.010804831981658936,-0.177488774061203,-0.0012936616159322512,0.061666667461395264,-0.21506986021995544,-0.02413988388900634,0.04777872562408447,-0.26587310433387756,-0.048324742315458025,0.03348034620285034,-0.19671934843063354,-0.029123078061388696,0.0346638560295105,-0.17444312572479248,-0.005465246232347454
T,0.0,0.0,0.0,-0.07537943124771118,-0.055889248847961426,-0.022987145322417746,-0.11549296975135803,-0.17066851258277893,-0.028509780156468878,-0.10460567474365234,-0.28481394052505493,-0.03716998113975478,-0.0935693085193634,-0.3657938092947006,-0.03763309805378867,-0.10463106632232666,-0.2460269331932068,0.014848990973973741,-0.13091593980789185,-0.339474081993103,-0.031189815464472304,-0.11963149905204773,-0.28481701016426086,-0.04615780277833892,-0.10081398487091064,-0.23567456007003784,-0.043800521033858786,-0.04965031147003174,-0.24838119745254517,0.010199179549658766,-0.0609872043132782,-0.32965849339962006,-0.03480838178381873,-0.0625162422657013,-0.22655615210533142,-0.033453437822913656,-0.05828210711479187,-0.20714667439460754,-0.015652514386033545,0.0043683648109436035,-0.23642653226852417,-0.005081713057165871,-0.006374537944793701,-0.2958689033985138,-0.05346235944614364,-0.016959726810455322,-0.1937226951122284,-0.0328364328919406,-0.013026654720306396,-0.17733430862426758,-0.0022717249552215435,0.05996471643447876,-0.21633601188659668,-0.023241515594577322,0.043521881103515625,-0.264533668756485,-0.046747501331424246,0.028974533081054688,-0.19503486156463623,-0.027680048110937605,0.03231704235076904,-0.1743336319923401,-0.003921324710404406
T,0.0,0.0,0.0,-0.07659640908241272,-0.05714148283004761,-0.022683548896338834,-0.11701315641403198,-0.16663634777069092,-0.028778224407460584,-0.1091366708278656,-0.2806517779827118,-0.038742211802627935,-0.10163271427154541,-0.36298157274723053,-0.04088051353278388,-0.10602650046348572,-0.24615922570228577,0.01949415247258912,-0.13289299607276917,-0.33627545833587646,-0.025546363710191144,-0.12191194295883179,-0.28249457478523254,-0.0408349271554016,-0.10311347246170044,-0.23678424954414368,-0.03899994601192702,-0.05217298865318298,-0.24849587678909302,0.014382905171487437,-0.06448164582252502,-0.32693956792354584,-0.030001419751670255,-0.0651189386844635,-0.2258826494216919,-0.0294374629545473,-0.05996006727218628,-0.20618745684623718,-0.012351322143103971,0.0007042884826660156,-0.23662662506103516,-0.0016082396421097656,-0.00946044921875,-0.2939341962337494,-0.04989721734705199,-0.019598543643951416,-0.19398921728134155,-0.030651318995978727,-0.016041934490203857,-0.17579099535942078,-0.0008981936650798161,0.05505526065826416,-0.21582865715026855,-0.02050414231302966,0.040952861309051514,-0.2643008828163147,-0.044147649003889455,0.025986552238464355,-0.1962854564189911,-0.02628853466990222,0.028048336505889893,-0.17322051525115967,-0.0033353268324844976
T,0.0,0.0,0.0,-0.07767155766487122,-0.05583631992340088,-0.020952844906162227,-0.11625346541404724,-0.16487249732017517,-0.026021135884832347,-0.10795965790748596,-0.27606117725372314,-0.034581199202250446,-0.1008262038230896,-0.35580065846443176,-0.03542086100907227,-0.10578793287277222,-0.24217838048934937,0.014632735487509763,-0.1305151879787445,-0.3346005529165268,-0.02962535052330395,-0.11901164054870605,-0.275603711605072,-0.0449337883922567,-0.10299217700958252,-0.22933948040008545,-0.0438237785431852,-0.051090359687805176,-0.2440606653690338,0.008856328290391957,-0.06201756000518799,-0.32154251635074615,-0.03468359253139397,-0.061940670013427734,-0.2202727198600769,-0.03447665638060471,-0.05712255835533142,-0.19603756070137024,-0.01892656638057133,0.0020954012870788574,-0.23127320408821106,-0.006888728037040437,-0.008174240589141846,-0.28670811653137207,-0.053475163790892566,-0.01697474718093872,-0.18652451038360596,-0.034334108147334064,-0.012294352054595947,-0.16408216953277588,-0.005729320838611329,0.0560796856880188,-0.2101319432258606,-0.025202497753809894,0.04081445932388306,-0.25626426935195923,-0.047859448853444064,0.02833735942840576,-0.19087901711463928,-0.030052469957183803,0.03293484449386597,-0.16840264201164246,-0.007926982741366828
T,0.0,0.0,0.0,-0.07998916506767273,-0.05692356824874878,-0.01670633494404683,-0.12101951241493225,-0.16523271799087524,-0.02022975548652539,-0.11474770307540894,-0.2713389992713928,-0.02761748112288842,-0.09847003221511841,-0.3447340428829193,-0.027991049508727883,-0.10969233512878418,-0.23749515414237976,0.014599742782138492,-0.13143110275268555,-0.3313535153865814,-0.02790924027112851,-0.11631003022193909,-0.2951468825340271,-0.04388271510151753,-0.09911620616912842,-0.24660196900367737,-0.04323396324662099,-0.05568045377731323,-0.2374190092086792,0.007613609493546392,-0.05908471345901489,-0.31832534074783325,-0.035198646183289384,-0.05767810344696045,-0.2298831045627594,-0.03572186693099866,-0.059076130390167236,-0.19839486479759216,-0.02075328170803914,-0.002800464630126953,-0.22633102536201477,-0.008422302599228715,-0.005177915096282959,-0.28146204352378845,-0.05332849785236249,-0.012851715087890625,-0.19306743144989014,-0.035753487195052,-0.01383066177368164,-0.1663171947002411,-0.008902391935862397,0.05199122428894043,-0.20682835578918457,-0.026687831203616952,0.04502761363983154,-0.25552624464035034,-0.05048733815101514,0.03402191400527954,-0.19545194506645203,-0.03384400769618878,0.03376394510269165,-0.1685396134853363,-0.012711075651623105
T,0.0,0.0,0.0,-0.08012902736663818,-0.05558216571807861,-0.018209310220015595,-0.11884576082229614,-0.15766292810440063,-0.0234674066020375,-0.11342945694923401,-0.2593858540058136,-0.032429167972338746,-0.10088032484054565,-0.3229304552078247,-0.03424497877193744,-0.10770291090011597,-0.23456090688705444,0.010814472130107333,-0.12115460634231567,-0.3332747668027878,-0.034081092075837205,-0.1059998869895935,-0.29474852979183197,-0.05238464285565669,-0.09512978792190552,-0.24721968173980713,-0.05315285359455402,-0.05380207300186157,-0.22963672876358032,0.0037027064529979725,-0.05596911907196045,-0.31347817182540894,-0.04101921056343372,-0.054219603538513184,-0.2264053225517273,-0.04345316995812709,-0.06046950817108154,-0.19598037004470825,-0.030025204615128587,-0.0022928714752197266,-0.21878746151924133,-0.01245881986750419,-0.003188908100128174,-0.27608078718185425,-0.05808519010378177,-0.009934425354003906,-0.19034671783447266,-0.04169129018617923,-0.0142630934715271,-0.16430437564849854,-0.015816315980089257,0.052643001079559326,-0.20168280601501465,-0.031021796138418267,0.04602372646331787,-0.2531207799911499,-0.05403749083114917,0.037699997425079346,-0.19511786103248596,-0.03697299023104961,0.03761947154998779,-0.16729950904846191,-0.015860905842316697
T,0.0,0.0,0.0,-0.07988095283508301,-0.051751017570495605,-0.016599559890437376,-0.11972737312316895,-0.15403622388839722,-0.02040443542819048,-0.11581212282180786,-0.25859397649765015,-0.028264876189041388,-0.10468000173568726,-0.32353152334690094,-0.02895384255270983,-0.11213445663452148,-0.23316994309425354,0.015924252835702646,-0.12258440256118774,-0.3310573697090149,-0.027223573731589568,-0.10741594433784485,-0.2876614034175873,-0.044746048482465994,-0.0964617133140564,-0.24206620454788208,-0.04538064795951868,-0.05834227800369263,-0.2305665910243988,0.008144037132751691,-0.059708356857299805,-0.3165087401866913,-0.0358850357256415,-0.055079519748687744,-0.22830730676651,-0.03872773024659182,-0.0587119460105896,-0.19543150067329407,-0.025277336793351424,-0.006124556064605713,-0.21975141763687134,-0.008578545147884142,-0.006352603435516357,-0.27841900289058685,-0.05398896682481791,-0.009924888610839844,-0.19000351428985596,-0.037418387564230216,-0.01262122392654419,-0.15979084372520447,-0.010981576251197112,0.04927957057952881,-0.2017694115638733,-0.027483949171710265,0.04339534044265747,-0.25543370842933655,-0.04938404607992197,0.03626209497451782,-0.19488540291786194,-0.03146053824048067,0.03574168682098389,-0.16496491432189941,-0.009702197941351187
T,0.0,0.0,0.0,-0.0812913179397583,-0.053903818130493164,-0.01803284192561705,-0.11939498782157898,-0.16249322891235352,-0.021288767998214553,-0.1130375862121582,-0.2688003480434418,-0.027779490296836684,-0.10056999325752258,-0.338572159409523,-0.02704548331081469,-0.11168870329856873,-0.23320701718330383,0.012245661969188859,-0.12896943092346191,-0.3273420035839081,-0.03164158070563872,-0.11069035530090332,-0.28613975644111633,-0.04916485825657446,-0.0948503315448761,-0.23967188596725464,-0.04949747825145323,-0.05617243051528931,-0.23171502351760864,0.005615833139870574,-0.059127092361450195,-0.3147242069244385,-0.03857676738977034,-0.055600643157958984,-0.2262231707572937,-0.04018111953615744,-0.05934017896652222,-0.19563207030296326,-0.02610440420090754,-0.0029592514038085938,-0.22011029720306396,-0.010131965932544063,-0.005534768104553223,-0.2772163301706314,-0.05669856125592787,-0.011943578720092773,-0.1890409290790558,-0.040216200594898055,-0.013848662376403809,-0.1626242995262146,-0.013950927724238227,0.052712976932525635,-0.20177051424980164,-0.02804998921334345,0.043958067893981934,-0.25070661306381226,-0.05295324007153113,0.03526812791824341,-0.19091826677322388,-0.0369381202208956,0.03684413433074951,-0.16398885846138,-0.01625705937027533
T,0.0,0.0,0.0,-0.08020621538162231,-0.05786168575286865,-0.016329322408523694,-0.1153266429901123,-0.17159411311149597,-0.018475184615340368,-0.10651811957359314,-0.2782796323299408,-0.02436662318893923,-0.09561729431152344,-0.34835705161094666,-0.022914439838018552,-0.10770535469055176,-0.23585757613182068,0.014402006354544028,-0.12239247560501099,-0.3368455469608307,-0.029417528237786428,-0.10214996337890625,-0.2811793386936188,-0.04866162168571009,-0.08856111764907837,-0.2288326621055603,-0.050547758515563146,-0.05178725719451904,-0.23467624187469482,0.006905824944738015,-0.0536578893661499,-0.3185535669326782,-0.03604558336326136,-0.048456430435180664,-0.228398859500885,-0.040388120736565725,-0.052610814571380615,-0.1936926543712616,-0.02925042289086832,0.0012317895889282227,-0.22180375456809998,-0.009407514173176423,8.285045623779297e-05,-0.28096188604831696,-0.05361668246575846,-0.005510210990905762,-0.19131046533584595,-0.03796483429857744,-0.009392380714416504,-0.1611892282962799,-0.013284474078204767,0.057496845722198486,-0.20208194851875305,-0.0278370980430509,0.049266159534454346,-0.25636374950408936,-0.049749171759572164,0.041746437549591064,-0.19571861624717712,-0.03224308269807352,0.04253357648849487,-0.1661221981048584,-0.011254707749571935
T,0.0,0.0,0.0,-0.08177042007446289,-0.05820441246032715,-0.018062763711213847,-0.12079739570617676,-0.17309582233428955,-0.02023887713789918,-0.11598378419876099,-0.2855073809623718,-0.027274212663769504,-0.10631132125854492,-0.34926068782806396,-0.02650002283394315,-0.10937380790710449,-0.24231311678886414,0.02257577995419524,-0.1224680244922638,-0.3431451618671417,-0.02355793011724927,-0.10023099184036255,-0.27861204743385315,-0.045019746621846934,-0.08694678544998169,-0.22861135005950928,-0.04809839357972123,-0.05365389585494995,-0.23781123757362366,0.01518059814929984,-0.05486941337585449,-0.3195835053920746,-0.03002346759080865,-0.048520028591156006,-0.22417384386062622,-0.03585591619253137,-0.052229464054107666,-0.192937970161438,-0.025135583108067294,-0.0008212924003601074,-0.22408249974250793,-0.002331785022988697,-0.0018031001091003418,-0.28766362369060516,-0.04862996270298936,-0.0058411359786987305,-0.1930433213710785,-0.03306338270544984,-0.008794069290161133,-0.16108179092407227,-0.007369172623157283,0.05441313982009888,-0.20459672808647156,-0.022450762664675494,0.04719346761703491,-0.2586638033390045,-0.043212474187612315,0.03882116079330444,-0.19562819600105286,-0.025131658514737865,0.03913456201553345,-0.164897620677948,-0.003470412086471697
T,0.0,0.0,0.0,-0.08208245038986206,-0.055696189403533936,-0.023436926316605877,-0.12210732698440552,-0.17659109830856323,-0.025370528932796788,-0.11581772565841675,-0.2927468717098236,-0.031042475264655423,-0.1104314923286438,-0.35481613874435425,-0.027367526676641774,-0.1132001280784607,-0.2467188537120819,0.02071867695809715,-0.12442225217819214,-0.35055506229400635,-0.026792865257846188,-0.10134047269821167,-0.2734353542327881,-0.046032046910511326,-0.09026795625686646,-0.2271893322467804,-0.04735192843912728,-0.05703938007354736,-0.24207353591918945,0.015654092643273998,-0.056897103786468506,-0.32470738887786865,-0.030368132528053593,-0.051268935203552246,-0.22081828117370605,-0.033972280111299824,-0.05706346035003662,-0.20254164934158325,-0.02151610330878384,-0.0035903453826904297,-0.22832533717155457,-0.0006576640411708468,-0.0010677576065063477,-0.2920891344547272,-0.04876665585874207,-0.007216274738311768,-0.19176390767097473,-0.032418379571424794,-0.012314438819885254,-0.17332926392555237,-0.006116392102228474,0.05065244436264038,-0.2106284499168396,-0.02011258528767712,0.04829472303390503,-0.2626088261604309,-0.041573574777828526,0.03873389959335327,-0.1958073079586029,-0.023687930788980793,0.038321852684020996,-0.17088258266448975,-0.002134419988976788
T,0.0,0.0,0.0,-0.08176708221435547,-0.05641263723373413,-0.024193449176834747,-0.11707919836044312,-0.1757221519947052,-0.02722682081906669,-0.11074137687683105,-0.2931284010410309,-0.03405575663595073,-0.10755348205566406,-0.3632083237171173,-0.031725289531038925,-0.10711789131164551,-0.2439449429512024,0.021599117435528115,-0.11887180805206299,-0.3524509072303772,-0.02745128818600051,-0.09810549020767212,-0.28002962470054626,-0.047921644754694626,-0.08605378866195679,-0.23040834069252014,-0.04928802535681598,-0.05060094594955444,-0.2376108467578888,0.017166273437453583,-0.05045199394226074,-0.32510456442832947,-0.030898969851421043,-0.04708582162857056,-0.2210032045841217,-0.03560997010021083,-0.05203056335449219,-0.20006996393203735,-0.022972919277833626,0.0019150376319885254,-0.22355744242668152,0.0012711249310655148,0.004170119762420654,-0.2864427864551544,-0.04850695864109866,-0.004542708396911621,-0.1869075894355774,-0.03299534530191295,-0.010222136974334717,-0.16928264498710632,-0.006374479502426311,0.055217623710632324,-0.20722639560699463,-0.017758116357015297,0.050957560539245605,-0.25945842266082764,-0.039514558620737716,0.040254831314086914,-0.19360214471817017,-0.021451665319489166,0.03981781005859375,-0.16911914944648743,0.0006312980568168314
T,0.0,0.0,0.0,-0.07876890897750854,-0.054415345191955566,-0.025053874698414802,-0.11615896224975586,-0.17415368556976318,-0.02843242056383133,-0.11197292804718018,-0.29235514998435974,-0.03511686540855408,-0.10866576433181763,-0.36000096797943115,-0.03279131568683624,-0.1066136360168457,-0.24996986985206604,0.018846464234457017,-0.11578935384750366,-0.35730618238449097,-0.030421306488051414,-0.0950055718421936,-0.28589293360710144,-0.050956922692193984,-0.08412641286849976,-0.23684343695640564,-0.05241263948096275,-0.050408244132995605,-0.24180638790130615,0.014826246428356171,-0.04675930738449097,-0.32732562720775604,-0.03323139913095474,-0.04447370767593384,-0.2232561707496643,-0.037803727311029434,-0.051939964294433594,-0.20150616765022278,-0.02521899260295868,0.0023044943809509277,-0.22623053193092346,-0.00048551696067988814,0.007681727409362793,-0.2884158492088318,-0.05058815620554924,-0.001299738883972168,-0.18865320086479187,-0.035628813427820205,-0.009193956851959229,-0.17144441604614258,-0.009462796260550022,0.055151164531707764,-0.20756715536117554,-0.018837710020079612,0.05580747127532959,-0.2594294250011444,-0.04190852410806656,0.04456561803817749,-0.19250336289405823,-0.02497279002977848,0.04076385498046875,-0.16846895217895508,-0.0035869510536485905
T,0.0,0.0,0.0,-0.0786595344543457,-0.05618411302566528,-0.02494129517856436,-0.11608129739761353,-0.173691064119339,-0.028872109742792418,-0.11323297023773193,-0.28912338614463806,-0.036000853197606375,-0.11074501276016235,-0.347891241312027,-0.034183846579821875,-0.10377418994903564,-0.24790990352630615,0.016171267462937067,-0.11182171106338501,-0.35320112109184265,-0.032600423114331534,-0.09093183279037476,-0.2798655033111572,-0.05268792973640757,-0.0802951455116272,-0.23385769128799438,-0.054328599737914374,-0.04682070016860962,-0.23844364285469055,0.011799358038274477,-0.044827282428741455,-0.32067906856536865,-0.03576981069329577,-0.043016910552978516,-0.21857020258903503,-0.04046821014765101,-0.04986840486526489,-0.2009063959121704,-0.02865642661038237,0.0058133602142333984,-0.22304075956344604,-0.003500612478660514,0.00861448049545288,-0.2842406928539276,-0.05248670073035555,-0.00021797418594360352,-0.18672189116477966,-0.03716398941162424,-0.0068833231925964355,-0.17340004444122314,-0.011501372585030367,0.05794203281402588,-0.20503941178321838,-0.021903447600038817,0.055639028549194336,-0.2559469938278198,-0.04324032904389696,0.04582619667053223,-0.18931061029434204,-0.025118965448768904,0.04525792598724365,-0.16673371195793152,-0.0034308263826687835
T,0.0,0.0,0.0,-0.07993394136428833,-0.05856525897979736,-0.025860682585232553,-0.116829514503479,-0.17757004499435425,-0.028865613498680887,-0.11099016666412354,-0.29480087757110596,-0.0347851351731947,-0.10529083013534546,-0.3641684353351593,-0.03099004038512021,-0.10846894979476929,-0.2495565116405487,0.02064674302101821,-0.11621969938278198,-0.35477662086486816,-0.029495023646347818,-0.09576833248138428,-0.2811110317707062,-0.05067363613187581,-0.08535200357437134,-0.2344171404838562,-0.052428747051351365,-0.051411211490631104,-0.24075475335121155,0.01782200439930648,-0.047735750675201416,-0.3257446885108948,-0.03081303880452424,-0.045370280742645264,-0.2223656177520752,-0.03592458599149495,-0.05279630422592163,-0.2056572437286377,-0.023739312299483117,0.0017051100730895996,-0.22713106870651245,0.003324401808015409,0.0066977739334106445,-0.2911059856414795,-0.04737796121179372,-0.002436697483062744,-0.19194969534873962,-0.03261313446699887,-0.00974881649017334,-0.17793479561805725,-0.006410671387754974,0.054434001445770264,-0.21130728721618652,-0.01432027154504567,0.05442768335342407,-0.2638348340988159,-0.037676455908410844,0.043372929096221924,-0.19667956233024597,-0.021161262401335534,0.04103916883468628,-0.1734517216682434,7.45497339380563e-05
T,0.0,0.0,0.0,-0.07873892784118652,-0.055981576442718506,-0.02590210173940477,-0.1147538423538208,-0.17268583178520203,-0.03225844909167108,-0.10610473155975342,-0.2895880937576294,-0.042317880286930176,-0.10367041826248169,-0.36013221740722656,-0.04380684529161272,-0.1036260724067688,-0.2486724853515625,0.015834013030769256,-0.11411154270172119,-0.3551258444786072,-0.035615446015356156,-0.09693324565887451,-0.28752145171165466,-0.05716445852732477,-0.08653014898300171,-0.23714467883110046,-0.05857672353005228,-0.04781311750411987,-0.24142181873321533,0.01131498071634951,-0.04588747024536133,-0.3269457221031189,-0.03713674281453905,-0.04505962133407593,-0.22573477029800415,-0.0415885466775876,-0.05015045404434204,-0.20742028951644897,-0.028900515257475945,0.004714250564575195,-0.2275426685810089,-0.004592621202675673,0.007139980792999268,-0.29230666160583496,-0.05401443500733194,-0.0022543668746948242,-0.19518283009529114,-0.037345094575641724,-0.007553279399871826,-0.17863062024116516,-0.010316178171990487,0.05750495195388794,-0.20960712432861328,-0.023901741921065423,0.0531461238861084,-0.26443007588386536,-0.04548588578319368,0.042361438274383545,-0.19817909598350525,-0.026443479552028748,0.04230421781539917,-0.17310237884521484,-0.0035881041242760148
T,0.0,0.0,0.0,-0.07727795839309692,-0.06398159265518188,-0.023612664368101832,-0.11247128248214722,-0.17673692107200623,-0.026434636961766955,-0.10516875982284546,-0.2871915102005005,-0.031826199319311854,-0.10097777843475342,-0.36072835326194763,-0.02855903963381934,-0.10997921228408813,-0.2458396553993225,0.021835759926489118,-0.12117522954940796,-0.3443355858325958,-0.0223703601473062,-0.1007031798362732,-0.2825782001018524,-0.04125205176706004,-0.08888620138168335,-0.23793470859527588,-0.042380729045817134,-0.05221736431121826,-0.24242320656776428,0.018701073426655057,-0.051644206047058105,-0.3280765414237976,-0.026093635063716647,-0.046709537506103516,-0.23089826107025146,-0.03231689455742526,-0.051672279834747314,-0.20794710516929626,-0.021057931061932322,0.0009733438491821289,-0.22876200079917908,0.00513618410741401,0.005744636058807373,-0.2872471213340759,-0.0437260021531074,-0.0017271041870117188,-0.1931397020816803,-0.03131558122868228,-0.007946491241455078,-0.17794039845466614,-0.006643735159286734,0.05540198087692261,-0.20995411276817322,-0.010832988944002864,0.054767489433288574,-0.2623232305049896,-0.03253653767342257,0.044779181480407715,-0.19787722826004028,-0.015317232634970424,0.04079008102416992,-0.17500731348991394,0.006239408805868152
T,0.0,0.0,0.0,-0.07590991258621216,-0.05828535556793213,-0.026453504002518002,-0.11153489351272583,-0.1667461395263672,-0.03230774368984157,-0.10347563028335571,-0.2794361412525177,-0.04097220640522892,-0.09815263748168945,-0.3532014489173889,-0.04109289463502819,-0.1095624566078186,-0.23778018355369568,0.017328570001893695,-0.12340337038040161,-0.3416286110877991,-0.032680757007426564,-0.10270464420318604,-0.2822395861148834,-0.0549488101516431,-0.09101545810699463,-0.23905912041664124,-0.05740366469962055,-0.05318230390548706,-0.23457971215248108,0.013892936856620963,-0.0514335036277771,-0.32194215059280396,-0.03516529094321186,-0.04670184850692749,-0.22441744804382324,-0.04245818372709209,-0.05420482158660889,-0.2049020528793335,-0.0312298756454652,-0.0003609657287597656,-0.223660409450531,-0.0005800488999625486,0.004427671432495117,-0.2847757637500763,-0.052681054583615605,-0.0009560585021972656,-0.18833062052726746,-0.03954351287228519,-0.007507801055908203,-0.1736088991165161,-0.01360874496293718,0.05349451303482056,-0.20811554789543152,-0.017929425126737897,0.052359580993652344,-0.25970694422721863,-0.04183734174711162,0.04470562934875488,-0.19401127099990845,-0.024376367813772504,0.043235063552856445,-0.1709250807762146,-0.0019596113253896874
T,0.0,0.0,0.0,-0.07525932788848877,-0.051740825176239014,-0.028568778915314397,-0.11057090759277344,-0.16053146123886108,-0.03478193169644328,-0.10417437553405762,-0.27404308319091797,-0.04337708911111804,-0.10012006759643555,-0.34646934270858765,-0.04310962816884967,-0.10773688554763794,-0.23352479934692383,0.015609441528113166,-0.11735725402832031,-0.33836883306503296,-0.03543957954457255,-0.09836846590042114,-0.2733404338359833,-0.058005383966474255,-0.08881282806396484,-0.22945329546928406,-0.060742909817008695,-0.051289379596710205,-0.22865238785743713,0.013305529223771373,-0.04801928997039795,-0.315226286649704,-0.03685709720662089,-0.04577934741973877,-0.21513307094573975,-0.04405809080412837,-0.05518883466720581,-0.19802194833755493,-0.03289832061341258,0.0006006360054016113,-0.21731463074684143,-0.00034291530096197675,0.006846606731414795,-0.27862152457237244,-0.05245783811619731,-0.0006853938102722168,-0.18136674165725708,-0.038772943226604184,-0.0089949369430542,-0.16976076364517212,-0.012952795980481824,0.05365288257598877,-0.20250257849693298,-0.01722627951016875,0.054736554622650146,-0.25207510590553284,-0.04105952268650981,0.04596048593521118,-0.18585944175720215,-0.02401312699726077,0.042534470558166504,-0.1645321249961853,-0.002253326849995574
T,0.0,0.0,0.0,-0.07668006420135498,-0.05129903554916382,-0.03073536133052812,-0.11438620090484619,-0.16164517402648926,-0.03665758756579862,-0.1083601713180542,-0.2780305743217468,-0.044780974217076164,-0.10416942834854126,-0.35480016469955444,-0.04338145343245969,-0.11065167188644409,-0.23813652992248535,0.019321632630806107,-0.11795544624328613,-0.3395828604698181,-0.03191574750127302,-0.09767234325408936,-0.2685590982437134,-0.05361344379963384,-0.08647745847702026,-0.22516736388206482,-0.055306435503382545,-0.05478769540786743,-0.23232737183570862,0.018073801941852707,-0.050223469734191895,-0.32004061341285706,-0.03306921286167608,-0.04832577705383301,-0.2177574634552002,-0.040540241577048164,-0.05514979362487793,-0.2009829878807068,-0.02832578582348333,-0.0023503899574279785,-0.2204698622226715,0.0047861054201234765,0.0058852434158325195,-0.28241682052612305,-0.0482596540230702,-0.0033811330795288086,-0.18297410011291504,-0.03550277365030752,-0.011437594890594482,-0.17118918895721436,-0.009176745951492649,0.05102217197418213,-0.20569276809692383,-0.011879968397636276,0.05451667308807373,-0.2569957971572876,-0.035776977368016105,0.04265773296356201,-0.18834620714187622,-0.019325074680466514,0.037484169006347656,-0.165094792842865,0.0026880205270458646
T,0.0,0.0,0.0,-0.07408106327056885,-0.05109202861785889,-0.02681016953965809,-0.11005812883377075,-0.16034775972366333,-0.03434720853647377,-0.10128957033157349,-0.2749105393886566,-0.04445186848124649,-0.0917859673500061,-0.35089632868766785,-0.04628118345817711,-0.10608965158462524,-0.23351171612739563,0.010834731773229578,-0.12004578113555908,-0.3382354974746704,-0.03903226027568962,-0.10079449415206909,-0.28083035349845886,-0.059761444426385424,-0.08678877353668213,-0.23500722646713257,-0.06140426392039444,-0.04903602600097656,-0.23184815049171448,0.006918767147453764,-0.04950094223022461,-0.31807559728622437,-0.04235834474047806,-0.047124385833740234,-0.21947771310806274,-0.04750674063643601,-0.05346578359603882,-0.19799762964248657,-0.035084082133380434,0.0035403966903686523,-0.21995463967323303,-0.00764144476806905,0.00502389669418335,-0.2817251682281494,-0.05846418658575203,-0.0021317005157470703,-0.1849806308746338,-0.04250103080948975,-0.007265806198120117,-0.16869056224822998,-0.015527956507412455,0.05772590637207031,-0.20286381244659424,-0.02529589305004265,0.053680598735809326,-0.25323840975761414,-0.04909209007701065,0.04472231864929199,-0.18822544813156128,-0.031036598927585146,0.04367321729660034,-0.16598182916641235,-0.008605976908711455
T,0.0,0.0,0.0,-0.07202422618865967,-0.05015522241592407,-0.030844716452861576,-0.10956430435180664,-0.1637183427810669,-0.03909435691764429,-0.10064166784286499,-0.28051313757896423,-0.049280675225759296,-0.09555822610855103,-0.36133912205696106,-0.05047210874488428,-0.10699301958084106,-0.241052508354187,0.011569504528438301,-0.1214337944984436,-0.3453594446182251,-0.038891891115213184,-0.10193830728530884,-0.2864398956298828,-0.059032494299913196,-0.08810925483703613,-0.23791497945785522,-0.059568902575279026,-0.050067245960235596,-0.23955631256103516,0.010006965971683712,-0.049009859561920166,-0.3250598907470703,-0.03817248912980631,-0.046601295471191406,-0.2232440710067749,-0.041725425147319584,-0.052847445011138916,-0.2047826647758484,-0.027905641221309452,0.002810537815093994,-0.2270790934562683,-0.003153914450535922,0.00634998083114624,-0.2890101373195648,-0.054193860017562656,-0.0018635392189025879,-0.18965786695480347,-0.03751650276115015,-0.007499575614929199,-0.17565888166427612,-0.009781514392102508,0.05695754289627075,-0.20952099561691284,-0.01983282911112383,0.053509652614593506,-0.26018109917640686,-0.04426238136818483,0.043847739696502686,-0.19294697046279907,-0.026226464756632595,0.04290288686752319,-0.17170220613479614,-0.0034233346626706407
T,0.0,0.0,0.0,-0.06937229633331299,-0.049433350563049316,-0.029683908884919674,-0.10645639896392822,-0.16306054592132568,-0.04023403904358247,-0.09749656915664673,-0.27859988808631897,-0.05296057320157388,-0.09014236927032471,-0.3576602339744568,-0.05682194462934831,-0.10076647996902466,-0.2453562617301941,0.004487304976635187,-0.11500543355941772,-0.34824198484420776,-0.04682193181434968,-0.09793335199356079,-0.2911514341831207,-0.06578463173428872,-0.08303952217102051,-0.24104714393615723,-0.06547001606742242,-0.04419618844985962,-0.2426515817642212,0.0015434179505859902,-0.0440329909324646,-0.3257940411567688,-0.046402672742999584,-0.04349660873413086,-0.22405189275741577,-0.04719188294330934,-0.04761230945587158,-0.20676416158676147,-0.03181448808828691,0.00941765308380127,-0.22865664958953857,-0.012467305613256485,0.01036214828491211,-0.2873044013977051,-0.061664389883674176,0.00046449899673461914,-0.18997681140899658,-0.0421914444021354,-0.0037990212440490723,-0.17738187313079834,-0.013601658371783287,0.0634775161743164,-0.20903396606445312,-0.03001312396446565,0.05769026279449463,-0.2575919032096863,-0.052307559614575894,0.04535400867462158,-0.19171524047851562,-0.032549316500819714,0.044033050537109375,-0.17213064432144165,-0.00924450389067033
T,0.0,0.0,0.0,-0.07110989093780518,-0.04862576723098755,-0.03274711749361359,-0.1075090765953064,-0.16500580310821533,-0.042277617071135865,-0.09608203172683716,-0.28370290994644165,-0.053137393359406815,-0.08901286125183105,-0.36536937952041626,-0.05468881285594307,-0.10284382104873657,-0.24637854099273682,0.005180031835720911,-0.11728018522262573,-0.3510796129703522,-0.04677207550810181,-0.09809410572052002,-0.28498342633247375,-0.0657586135606607,-0.08371126651763916,-0.23486602306365967,-0.06529924056337677,-0.04528617858886719,-0.24371975660324097,0.003935704316631927,-0.0454791784286499,-0.3294505476951599,-0.04594791835950218,-0.044168710708618164,-0.2227434515953064,-0.048042116377814637,-0.04868191480636597,-0.20375889539718628,-0.0328289472203096,0.008585691452026367,-0.22983181476593018,-0.008863198262019978,0.009788155555725098,-0.29218611121177673,-0.06125672689483963,0.00032126903533935547,-0.18805164098739624,-0.04299128210948311,-0.004602789878845215,-0.1742296814918518,-0.01393693561510645,0.0626746416091919,-0.21075034141540527,-0.025261697981818543,0.05881005525588989,-0.2598229646682739,-0.050466643337472306,0.046684980392456055,-0.1897592544555664,-0.032192865077718125,0.044310152530670166,-0.16962385177612305,-0.009203266974850521
T,0.0,0.0,0.0,-0.06901997327804565,-0.051817357540130615,-0.03072600029025807,-0.104766845703125,-0.1647992730140686,-0.03969650491688981,-0.09410858154296875,-0.28264403343200684,-0.05045094489668145,-0.08602803945541382,-0.362954705953598,-0.051470072563631675,-0.09818333387374878,-0.24821192026138306,0.008248977739469865,-0.11017453670501709,-0.3546784818172455,-0.04426027983043923,-0.09329569339752197,-0.29091677069664,-0.06399265452836289,-0.08097034692764282,-0.24028915166854858,-0.063929898287995,-0.04103583097457886,-0.2432161569595337,0.006574295371876815,-0.04015398025512695,-0.3270353078842163,-0.04290575682733788,-0.04098266363143921,-0.22165006399154663,-0.04506395905826821,-0.04841715097427368,-0.2065068483352661,-0.030257301028711936,0.012176454067230225,-0.22857552766799927,-0.006706073969496629,0.01361459493637085,-0.2891591787338257,-0.058379908647282264,0.003117501735687256,-0.18793630599975586,-0.03981648161624207,-0.0028743743896484375,-0.17767351865768433,-0.01108411289368405,0.06662005186080933,-0.20961850881576538,-0.023531011860711715,0.0617908239364624,-0.2584776282310486,-0.04790911599610581,0.04955834150314331,-0.1897103190422058,-0.029008069630606315,0.047574520111083984,-0.1708465814590454,-0.005735782064391515
T,0.0,0.0,0.0,-0.0691956877708435,-0.05207669734954834,-0.03152653059504473,-0.10476374626159668,-0.16843700408935547,-0.04112871965907061,-0.0927470326423645,-0.28615307807922363,-0.05239234349272692,-0.08246219158172607,-0.3673337996006012,-0.053935537548284174,-0.096108078956604,-0.25288069248199463,0.0067674694903985255,-0.11022889614105225,-0.3564305305480957,-0.04661811372778857,-0.09605717658996582,-0.289792537689209,-0.06618571883581126,-0.08311116695404053,-0.23900318145751953,-0.06580236411235774,-0.03900104761123657,-0.2485385537147522,0.005203860378344416,-0.038917720317840576,-0.3331031799316406,-0.04492419815204585,-0.04098868370056152,-0.22549641132354736,-0.04568795716903651,-0.04583907127380371,-0.21025174856185913,-0.029195750565747858,0.015109002590179443,-0.23284751176834106,-0.008144691088716627,0.015624940395355225,-0.292369544506073,-0.06037993586204493,0.004149496555328369,-0.19000422954559326,-0.04053549698136294,0.0004820823669433594,-0.18029260635375977,-0.010353073911289812,0.07009130716323853,-0.21202969551086426,-0.025100347088198305,0.06424379348754883,-0.26064926385879517,-0.049562825323562265,0.05069148540496826,-0.19176560640335083,-0.030218238444547296,0.04958522319793701,-0.17351454496383667,-0.006380838309894443
T,0.0,0.0,0.0,-0.07126963138580322,-0.054998934268951416,-0.03177512824191808,-0.10530024766921997,-0.17236357927322388,-0.04062562077893972,-0.09072005748748779,-0.2909923195838928,-0.05094130351795911,-0.0799403190612793,-0.3728606104850769,-0.051044523861548896,-0.09693318605422974,-0.2537120580673218,0.008828557882168298,-0.11252284049987793,-0.3587726354598999,-0.0461883434618926,-0.0961255431175232,-0.2906804084777832,-0.06698284312739133,-0.08113795518875122,-0.23890697956085205,-0.06692370041861295,-0.039120495319366455,-0.24978435039520264,0.007695911306598191,-0.04083251953125,-0.33638903498649597,-0.04373438670887708,-0.04193800687789917,-0.22731435298919678,-0.04544328167690992,-0.0452001690864563,-0.21128398180007935,-0.029188204702279563,0.015389025211334229,-0.2349528670310974,-0.0055135387520408585,0.014163076877593994,-0.29681503772735596,-0.05943798288359403,0.0023331642150878906,-0.19148075580596924,-0.03948968663468122,9.965896606445312e-05,-0.1801651120185852,-0.008510261919639106,0.07146269083023071,-0.21533101797103882,-0.022338187467596526,0.06380528211593628,-0.26433277130126953,-0.047767080512187476,0.04939514398574829,-0.19308435916900635,-0.028073001798532005,0.04842168092727661,-0.17385685443878174,-0.0034315981029635623
T,0.0,0.0,0.0,-0.0694165825843811,-0.05652642250061035,-0.03320255231102465,-0.1035698652267456,-0.17644977569580078,-0.041443367563090305,-0.08924400806427002,-0.29532837867736816,-0.05087242376049517,-0.07883739471435547,-0.37808534502983093,-0.05006587233384607,-0.09634202718734741,-0.2583322525024414,0.008988087922432442,-0.11174476146697998,-0.36050862073898315,-0.04505276780565737,-0.09598356485366821,-0.2908024191856384,-0.06500556420525072,-0.0811997652053833,-0.244248628616333,-0.06475528430183886,-0.03857994079589844,-0.253711462020874,0.00853202484557869,-0.038728952407836914,-0.33701929450035095,-0.04262620311220644,-0.0419192910194397,-0.2284066081047058,-0.04478548940261362,-0.04626423120498657,-0.21659106016159058,-0.02885498020788191,0.0163993239402771,-0.23800724744796753,-0.0041144486329471874,0.016268253326416016,-0.297774076461792,-0.058414508663020115,0.0032851099967956543,-0.19302088022232056,-0.04045524176200388,-0.00014448165893554688,-0.18659573793411255,-0.01061179868867157,0.07189738750457764,-0.21802467107772827,-0.02034876223643778,0.06528103351593018,-0.2671797275543213,-0.04612146046002863,0.0507165789604187,-0.19675517082214355,-0.027702483422956448,0.04993939399719238,-0.1788618564605713,-0.0038085226713633347
T,0.0,0.0,0.0,-0.07589066028594971,-0.05262058973312378,-0.03128121339017298,-0.11824959516525269,-0.17324542999267578,-0.04007624007994082,-0.10527265071868896,-0.2964707612991333,-0.050475022869648,-0.09277671575546265,-0.3797230124473572,-0.05052411474520113,-0.10786491632461548,-0.25918811559677124,0.009395392497538069,-0.12366467714309692,-0.3585470914840698,-0.04407493688398745,-0.1101982593536377,-0.28918832540512085,-0.06255676515633013,-0.09595203399658203,-0.24028491973876953,-0.06145314045483019,-0.04923444986343384,-0.255065381526947,0.00769640167942498,-0.049588561058044434,-0.33686256408691406,-0.04251432709628489,-0.05216187238693237,-0.2292490005493164,-0.04104892082744982,-0.05577516555786133,-0.21797901391983032,-0.022755128445567152,0.00629425048828125,-0.23956382274627686,-0.006312633978666327,0.0061653852462768555,-0.2963138222694397,-0.05841140739852335,-0.007252097129821777,-0.19672441482543945,-0.0372565604024544,-0.01143181324005127,-0.19000959396362305,-0.00623351672896888,0.06266528367996216,-0.21924424171447754,-0.023962824719490072,0.05424535274505615,-0.26514869928359985,-0.04728748195105936,0.03881913423538208,-0.1975240707397461,-0.027208357232154867,0.03735131025314331,-0.18087345361709595,-0.0028397528198524924
T,0.0,0.0,0.0,-0.0760965347290039,-0.050731003284454346,-0.03501827262550705,-0.11686307191848755,-0.17406874895095825,-0.044634476231635745,-0.10367059707641602,-0.2990163564682007,-0.05514193318992966,-0.09395688772201538,-0.3851810693740845,-0.055085509943069155,-0.10764318704605103,-0.26079750061035156,0.00613647473767287,-0.1255066990852356,-0.3605736494064331,-0.04655062400013321,-0.11441323161125183,-0.2908213138580322,-0.062442816721500094,-0.09859257936477661,-0.23970109224319458,-0.05903685458213204,-0.04791414737701416,-0.256527304649353,0.006299451997278993,-0.05174970626831055,-0.33818519115448,-0.04368994005233162,-0.05572068691253662,-0.22857338190078735,-0.04137761138588303,-0.05706524848937988,-0.2178381085395813,-0.021947061570585902,0.008095264434814453,-0.24007773399353027,-0.0061307981817435575,0.004194915294647217,-0.2940176725387573,-0.05873212583571785,-0.008749842643737793,-0.19109654426574707,-0.038216337489188845,-0.009474456310272217,-0.1866999864578247,-0.006979835147262747,0.06419456005096436,-0.2207174301147461,-0.022380815746487315,0.051556289196014404,-0.2653962969779968,-0.04561237611085289,0.03745317459106445,-0.1966959834098816,-0.026048298852742846,0.04030519723892212,-0.1820734739303589,-0.0019203778796281767
T,0.0,0.0,0.0,-0.0754818320274353,-0.048391520977020264,-0.03275491708251366,-0.11783495545387268,-0.1742645502090454,-0.042128786829437104,-0.10535058379173279,-0.2987709045410156,-0.052503984806264725,-0.09494322538375854,-0.3855789303779602,-0.052268322941984025,-0.10821253061294556,-0.26389628648757935,0.00380111028147212,-0.12526386976242065,-0.3655638098716736,-0.049924549100126114,-0.11604472994804382,-0.2909049987792969,-0.06607602575155624,-0.10071671009063721,-0.24004244804382324,-0.06319054999681839,-0.047691285610198975,-0.2612648606300354,0.0028570618823664518,-0.052732646465301514,-0.34186065196990967,-0.04677821361752876,-0.05645722150802612,-0.23062336444854736,-0.04258684479924568,-0.05474114418029785,-0.22051167488098145,-0.022615414497579422,0.009755611419677734,-0.24571764469146729,-0.010494826746310082,0.002829611301422119,-0.2986549139022827,-0.06168383025857338,-0.01001209020614624,-0.19418978691101074,-0.03854198419782051,-0.00866776704788208,-0.189710795879364,-0.006587584422106829,0.06674152612686157,-0.22751998901367188,-0.02758160085710415,0.0500449538230896,-0.27006202936172485,-0.04979871251913437,0.035719335079193115,-0.199149489402771,-0.029020054650629845,0.040421128273010254,-0.1850854754447937,-0.004637626384521809
T,0.0,0.0,0.0,-0.0749194324016571,-0.050122737884521484,-0.031483814550597344,-0.11819210648536682,-0.17692077159881592,-0.03991406081433979,-0.11000913381576538,-0.3003584146499634,-0.04966919912214962,-0.10548624396324158,-0.38724929094314575,-0.04888642622347561,-0.10868385434150696,-0.2664579749107361,0.005391208024661864,-0.1277691125869751,-0.3694536089897156,-0.04912100402827946,-0.11805069446563721,-0.29125386476516724,-0.06646779595132557,-0.10440337657928467,-0.24024975299835205,-0.06438422618623463,-0.0491672158241272,-0.2648347020149231,0.0035746163110843554,-0.05708479881286621,-0.34468013048171997,-0.04695086596723286,-0.059230029582977295,-0.23252040147781372,-0.044676486833054696,-0.05764228105545044,-0.2212461233139038,-0.025971873162347947,0.008320093154907227,-0.24958080053329468,-0.010497333912212525,-0.0009057521820068359,-0.3010546565055847,-0.0631950837206432,-0.012139201164245605,-0.19478720426559448,-0.04162941916104046,-0.0109749436378479,-0.18957751989364624,-0.010316990746218835,0.06552708148956299,-0.23039060831069946,-0.028017905039746438,0.04736125469207764,-0.2728860378265381,-0.05186082838292805,0.03404045104980469,-0.2008700966835022,-0.03169944180365292,0.0386011004447937,-0.18588656187057495,-0.007338508928228293
T,0.0,0.0,0.0,-0.07394331693649292,-0.053579747676849365,-0.03256264704310752,-0.11760613322257996,-0.18295937776565552,-0.03970225903236724,-0.10948273539543152,-0.30758315324783325,-0.048144247411130436,-0.1031140685081482,-0.3934967517852783,-0.04543171825849868,-0.10664710402488708,-0.27173173427581787,0.009115376481474868,-0.12395524978637695,-0.3704254627227783,-0.042899418650506504,-0.11272755265235901,-0.28623998165130615,-0.05808620530211783,-0.09969332814216614,-0.24076026678085327,-0.05524202811562873,-0.045975446701049805,-0.269262433052063,0.007811529999287359,-0.0563543438911438,-0.34696143865585327,-0.04110327365839339,-0.05857020616531372,-0.23207372426986694,-0.03869168463194228,-0.055575549602508545,-0.22590786218643188,-0.02003224755668498,0.012212753295898438,-0.25338900089263916,-0.00598539740809656,0.0009670853614807129,-0.3042749762535095,-0.059098873315690525,-0.01000833511352539,-0.19417887926101685,-0.037869416205523976,-0.006201267242431641,-0.19102978706359863,-0.0064036650865659794,0.06944912672042847,-0.23441475629806519,-0.023242678521512516,0.0498923659324646,-0.27422505617141724,-0.04669722544991828,0.03702348470687866,-0.20088475942611694,-0.02647147703015662,0.04469519853591919,-0.1875709891319275,-0.0020764114152029833
T,0.0,0.0,0.0,-0.07763135433197021,-0.0492168664932251,-0.031674067984226895,-0.12201112508773804,-0.18240267038345337,-0.03874237791717405,-0.11035412549972534,-0.3062589168548584,-0.04636441127479429,-0.0975601077079773,-0.3933483958244324,-0.042807511548403454,-0.1126050353050232,-0.2715523838996887,0.0038784059873933074,-0.13354617357254028,-0.37201112508773804,-0.04774311513722296,-0.1230945885181427,-0.2959015369415283,-0.062189850519303036,-0.10812461376190186,-0.2427416443824768,-0.058681424270275784,-0.05095982551574707,-0.2709222435951233,0.0027915637186879394,-0.06026846170425415,-0.34658282995224,-0.04657104940235968,-0.06168276071548462,-0.2345505952835083,-0.042923278669718457,-0.058648765087127686,-0.2238137125968933,-0.02358694703400488,0.007795870304107666,-0.25567251443862915,-0.010320956381860924,-0.0028325319290161133,-0.3043004274368286,-0.061510934988859844,-0.014212191104888916,-0.19915896654129028,-0.0394693534177577,-0.012427866458892822,-0.1955012083053589,-0.008567691343728256,0.0658150315284729,-0.23691117763519287,-0.026924352656010342,0.047730445861816406,-0.27654755115509033,-0.05004915178835745,0.033101797103881836,-0.2051997184753418,-0.03039236881852503,0.036361873149871826,-0.19226300716400146,-0.006854298553321314
T,0.0,0.0,0.0,-0.07771483063697815,-0.04966616630554199,-0.030150082537375056,-0.12315481901168823,-0.18096864223480225,-0.03709134889527377,-0.1107138991355896,-0.30753952264785767,-0.04503763152047213,-0.10210269689559937,-0.3970230519771576,-0.04260407073184069,-0.1129804253578186,-0.27315181493759155,0.004886955844767726,-0.13701966404914856,-0.37294191122055054,-0.046138171681604945,-0.12972378730773926,-0.2992357015609741,-0.06071540770813044,-0.11360439658164978,-0.24546867609024048,-0.057426937499485575,-0.05182009935379028,-0.27286648750305176,0.0031422519894022116,-0.06293287873268127,-0.3473632335662842,-0.04550695476814326,-0.06576338410377502,-0.23490917682647705,-0.041672163286648356,-0.06122481822967529,-0.2246355414390564,-0.02258723286672648,0.007012486457824707,-0.2576219439506531,-0.010428807341895663,-0.005208134651184082,-0.3065728545188904,-0.06161241290851649,-0.017250478267669678,-0.1986439824104309,-0.03924288285656985,-0.01460409164428711,-0.19390475749969482,-0.008297266082308852,0.06487685441970825,-0.23867058753967285,-0.02740646769984778,0.045611560344696045,-0.2783985137939453,-0.05169801844044741,0.030530095100402832,-0.2045014500617981,-0.03250283805414256,0.03441339731216431,-0.19131147861480713,-0.009290814043424689
T,0.0,0.0,0.0,-0.0766133964061737,-0.05247151851654053,-0.02899558538410929,-0.12265452742576599,-0.18211323022842407,-0.03632833132360247,-0.11169251799583435,-0.30740445852279663,-0.045586892159917625,-0.1054157018661499,-0.398479700088501,-0.04443932765934733,-0.11352124810218811,-0.2774163484573364,0.008021993806323735,-0.14010784029960632,-0.37544143199920654,-0.0438130504808214,-0.13190802931785583,-0.3076050281524658,-0.05885255032990244,-0.11382165551185608,-0.2504197359085083,-0.055046786310413154,-0.053037822246551514,-0.2776275873184204,0.005464284458867041,-0.06568282842636108,-0.3511075973510742,-0.04266133973214892,-0.06650620698928833,-0.23793315887451172,-0.037090771587827476,-0.06103283166885376,-0.225979745388031,-0.016118054034450324,0.006024062633514404,-0.26203030347824097,-0.009383726621308597,-0.006009995937347412,-0.31091105937957764,-0.060423058213928016,-0.016620934009552002,-0.2036237120628357,-0.03652906859133509,-0.012579083442687988,-0.19677376747131348,-0.003883531771862181,0.06411391496658325,-0.2413579225540161,-0.02772927352998522,0.0460931658744812,-0.2838994264602661,-0.05202673444364336,0.030878782272338867,-0.21229243278503418,-0.03191270002935198,0.03494131565093994,-0.19832509756088257,-0.007424437662848504
T,0.0,0.0,0.0,-0.07503503561019897,-0.049519896507263184,-0.028445207515346738,-0.12281900644302368,-0.18096715211868286,-0.03580266703067991,-0.11338290572166443,-0.3061378002166748,-0.045407221654045316,-0.10645022988319397,-0.39746588468551636,-0.04485883284507963,-0.11190289258956909,-0.2809576392173767,0.00806037336440113,-0.14026477932929993,-0.37761390209198,-0.044195768424856396,-0.1342933177947998,-0.30478644371032715,-0.05965240020452711,-0.11637607216835022,-0.24934148788452148,-0.056438260713207455,-0.05197858810424805,-0.2819116711616516,0.004701952914160756,-0.06735557317733765,-0.35193735361099243,-0.04390925634800169,-0.06893247365951538,-0.23670518398284912,-0.0383773194640753,-0.06105351448059082,-0.226080060005188,-0.017435361632692548,0.00669938325881958,-0.2663353681564331,-0.01096099056451294,-0.007707357406616211,-0.31165575981140137,-0.062304177322971555,-0.018186450004577637,-0.20254898071289062,-0.03820808697639677,-0.01155465841293335,-0.19738787412643433,-0.005425051787483426,0.06426066160202026,-0.24578529596328735,-0.03008183743952486,0.04342466592788696,-0.2830093502998352,-0.053552852013694974,0.02845841646194458,-0.2101271152496338,-0.03298038337527487,0.03533726930618286,-0.19816017150878906,-0.008426860907661649
T,0.0,0.0,0.0,-0.07900410890579224,-0.04934269189834595,-0.028428363532555068,-0.12707868218421936,-0.18179303407669067,-0.03584965030921694,-0.11565577983856201,-0.3085702657699585,-0.04499210502279993,-0.10601234436035156,-0.4003409147262573,-0.0438397907770991,-0.11798232793807983,-0.2803311347961426,0.006347641895729339,-0.1448197364807129,-0.37680816650390625,-0.043885764584672415,-0.13606834411621094,-0.304379940032959,-0.056998417631518805,-0.11873140931129456,-0.2478000521659851,-0.052299414680135214,-0.056527674198150635,-0.2813834547996521,0.0037906012378812193,-0.0708751380443573,-0.34955739974975586,-0.04228964160455462,-0.07056999206542969,-0.23611009120941162,-0.03549095328224894,-0.06462627649307251,-0.22640377283096313,-0.014511004009079898,0.0029395222663879395,-0.2667003273963928,-0.010712868452799285,-0.011855781078338623,-0.31133174896240234,-0.05985431830657717,-0.02126210927963257,-0.20299029350280762,-0.03540758128536936,-0.017041325569152832,-0.1979805827140808,-0.0033626068968146683,0.06123262643814087,-0.24708253145217896,-0.02859802442861792,0.038803815841674805,-0.2835389971733093,-0.051070329651963675,0.02444005012512207,-0.20924162864685059,-0.03054865348411795,0.029437720775604248,-0.19639426469802856,-0.0065469042517065645
T,0.0,0.0,0.0,-0.07866403460502625,-0.054802000522613525,-0.02656904014952488,-0.12614798545837402,-0.18825072050094604,-0.03261396254606552,-0.11495646834373474,-0.31453561782836914,-0.04150347377367325,-0.10652491450309753,-0.40616375207901,-0.040463007643893434,-0.11294397711753845,-0.28823012113571167,0.012446572415456103,-0.13969936966896057,-0.3833915591239929,-0.038218825712874605,-0.13382714986801147,-0.30937522649765015,-0.05338817800588913,-0.11700725555419922,-0.25185853242874146,-0.05015249516077347,-0.052205562591552734,-0.2882477641105652,0.008200706325396823,-0.06742841005325317,-0.3560273051261902,-0.03767878900475807,-0.06943869590759277,-0.24223250150680542,-0.032088741317465974,-0.0626712441444397,-0.23157274723052979,-0.011799437582567407,0.00754857063293457,-0.27130794525146484,-0.008356373414471818,-0.008491754531860352,-0.31883734464645386,-0.05722938071198769,-0.0186501145362854,-0.21034055948257446,-0.0331565473527462,-0.012593746185302734,-0.20428597927093506,-0.0013609904628992808,0.06658625602722168,-0.24888479709625244,-0.028395259410217477,0.04469364881515503,-0.28664886951446533,-0.050899486646130754,0.029584527015686035,-0.21336865425109863,-0.03035014647252865,0.03660476207733154,-0.20163631439208984,-0.0062360937074572576
T,0.0,0.0,0.0,-0.08035582304000854,-0.05674445629119873,-0.025576792344566,-0.1285800337791443,-0.19220155477523804,-0.030586940854902878,-0.11752107739448547,-0.31838440895080566,-0.038514468506093635,-0.10864469408988953,-0.4097384214401245,-0.036359056517596855,-0.1159406304359436,-0.2919429540634155,0.014719751976315365,-0.14212241768836975,-0.3858683407306671,-0.03522540970158161,-0.13632625341415405,-0.3096970319747925,-0.048703152373548164,-0.1204490065574646,-0.2570640444755554,-0.04433286903810085,-0.05454862117767334,-0.29180437326431274,0.010593098901097164,-0.07190558314323425,-0.359413743019104,-0.0351932306439835,-0.07380327582359314,-0.24378424882888794,-0.02822129024576725,-0.06514883041381836,-0.23619681596755981,-0.006713237300630226,0.006130337715148926,-0.27579832077026367,-0.005949100632335558,-0.012292593717575073,-0.32353031635284424,-0.05537241666030468,-0.021702110767364502,-0.21409064531326294,-0.030535336271043434,-0.013615727424621582,-0.20992529392242432,0.0021548111325842,0.06506770849227905,-0.2543136477470398,-0.02581570452463211,0.04070490598678589,-0.2926156520843506,-0.048490304187055244,0.02573084831237793,-0.2176598310470581,-0.02786220020067276,0.03416925668716431,-0.20445263385772705,-0.0035553832204300306
T,0.0,0.0,0.0,-0.08407026529312134,-0.058096885681152344,-0.022701492251144373,-0.13111940026283264,-0.18838059902191162,-0.02735012182711216,-0.1226920485496521,-0.31019335985183716,-0.035410240010605776,-0.12308484315872192,-0.3994019329547882,-0.033914155976162874,-0.10860276222229004,-0.2939366102218628,0.017111219747675932,-0.1427018642425537,-0.3813946545124054,-0.030363775507794344,-0.14267802238464355,-0.3051255941390991,-0.04253134103237244,-0.12688440084457397,-0.25401729345321655,-0.03788273380814644,-0.0496009886264801,-0.2925265431404114,0.011382181479348219,-0.07650703191757202,-0.3558417558670044,-0.0333504897516832,-0.0814967155456543,-0.23832100629806519,-0.02608231799422356,-0.06820449233055115,-0.23019194602966309,-0.004642985944883549,0.009070217609405518,-0.27489906549453735,-0.00625292975200864,-0.017382770776748657,-0.3188275098800659,-0.05584327103315445,-0.027973264455795288,-0.2078215479850769,-0.030511593164192163,-0.013955771923065186,-0.2033778429031372,0.002692093190489686,0.06553792953491211,-0.25181347131729126,-0.02684844815848919,0.032423436641693115,-0.28769421577453613,-0.049867409930811846,0.017442286014556885,-0.21268993616104126,-0.028794973806725466,0.031952500343322754,-0.20094847679138184,-0.004093110279427492
T,0.0,0.0,0.0,-0.08577382564544678,-0.057139039039611816,-0.020969785718534695,-0.1341855525970459,-0.18874001502990723,-0.02423840012988876,-0.12929993867874146,-0.30966150760650635,-0.03136531632981132,-0.13175731897354126,-0.39872056245803833,-0.028689272670362698,-0.10925772786140442,-0.29207485914230347,0.0193926282540815,-0.14281773567199707,-0.38083815574645996,-0.027685297621701466,-0.1408860683441162,-0.2973482608795166,-0.04002015662035774,-0.12336313724517822,-0.2527506947517395,-0.036443430898998486,-0.05217203497886658,-0.29132866859436035,0.0128304427803414,-0.08113914728164673,-0.3587564527988434,-0.03251065683207344,-0.08495214581489563,-0.24116605520248413,-0.026914970917914616,-0.06821706891059875,-0.23594152927398682,-0.006845205990885006,0.005472004413604736,-0.2754330635070801,-0.005341754263554321,-0.023425012826919556,-0.3214550018310547,-0.05459817495784591,-0.03287476301193237,-0.21090167760849,-0.030062565548632847,-0.015598803758621216,-0.209617018699646,0.002281049297835125,0.06250005960464478,-0.2542074918746948,-0.0263934209629042,0.029025733470916748,-0.29317283630371094,-0.0483508295997126,0.013346672058105469,-0.21704131364822388,-0.02724445421836208,0.02912527322769165,-0.2044413685798645,-0.0029104130494488345
T,0.0,0.0,0.0,-0.08464941382408142,-0.05900442600250244,-0.01829962322636902,-0.13383740186691284,-0.19330167770385742,-0.020769840871537326,-0.12867900729179382,-0.31232571601867676,-0.027459689249837993,-0.1287042200565338,-0.40143173933029175,-0.024820306172216533,-0.10968849062919617,-0.29615819454193115,0.018108925948297383,-0.14689558744430542,-0.38320285081863403,-0.02886466758474171,-0.14644509553909302,-0.3068304657936096,-0.039679699411237834,-0.12901216745376587,-0.2576260566711426,-0.03448074760063946,-0.05273878574371338,-0.29613131284713745,0.010195546949660184,-0.08398205041885376,-0.36048343777656555,-0.03452010529264271,-0.08655303716659546,-0.24163872003555298,-0.02611921990438759,-0.0686776340007782,-0.23516178131103516,-0.0038529348760789617,0.00606265664100647,-0.2804691195487976,-0.00914362708255112,-0.02471691370010376,-0.32321858406066895,-0.05805093126519978,-0.03296574950218201,-0.21109914779663086,-0.03140556516274273,-0.014900445938110352,-0.20943677425384521,0.0022632448732906596,0.0635915994644165,-0.2578737139701843,-0.031178961341822742,0.028766274452209473,-0.29652607440948486,-0.05426021369322598,0.013543874025344849,-0.2183794379234314,-0.03266366275175869,0.02957218885421753,-0.20507556200027466,-0.0077995120748823865
T,0.0,0.0,0.0,-0.08388257026672363,-0.06096923351287842,-0.017302683967159282,-0.1319284737110138,-0.19462627172470093,-0.02054978110174943,-0.12448439002037048,-0.3142818808555603,-0.028104522678063404,-0.12241321802139282,-0.4053296744823456,-0.027097608375356685,-0.11116224527359009,-0.2937777042388916,0.016057422903372753,-0.15202507376670837,-0.38257133960723877,-0.031220793205307018,-0.15139615535736084,-0.3122551441192627,-0.04281395435612012,-0.1330462396144867,-0.26006215810775757,-0.03784123197476674,-0.052869826555252075,-0.2957947850227356,0.007667252846999872,-0.08536350727081299,-0.36266082525253296,-0.036589135828421604,-0.08785873651504517,-0.24447011947631836,-0.028460505831048977,-0.06897151470184326,-0.2332690954208374,-0.006563195439980518,0.006922721862792969,-0.2808290123939514,-0.011768755915568363,-0.02506294846534729,-0.3274615406990051,-0.06034736842195798,-0.033497750759124756,-0.21480101346969604,-0.03354015335719396,-0.01465269923210144,-0.2089279294013977,0.00012723967154215643,0.06532043218612671,-0.2577272057533264,-0.03372754290978719,0.02909436821937561,-0.29878509044647217,-0.0571374012557726,0.013797014951705933,-0.2200220227241516,-0.03516275942604352,0.029846757650375366,-0.20437467098236084,-0.00999510981421281
T,0.0,0.0,0.0,-0.0859115719795227,-0.06205546855926514,-0.01750927263202584,-0.13625487685203552,-0.19477641582489014,-0.020171143424533966,-0.13168826699256897,-0.31514155864715576,-0.027410781320952537,-0.1301037073135376,-0.4064396917819977,-0.025880912628792885,-0.11411294341087341,-0.29379117488861084,0.020073841947294113,-0.15354198217391968,-0.3807346224784851,-0.026908019867562416,-0.152147114276886,-0.3087427020072937,-0.03806172901096261,-0.13490399718284607,-0.25980275869369507,-0.03283519887628472,-0.056344181299209595,-0.29642611742019653,0.0117086066558727,-0.09150940179824829,-0.363338828086853,-0.033172043350361946,-0.09202471375465393,-0.2445623278617859,-0.02531026707293904,-0.07247352600097656,-0.23467624187469482,-0.003055691330530408,0.0033482015132904053,-0.282720685005188,-0.008015502554201248,-0.031299442052841187,-0.32984459400177,-0.05837460824551499,-0.0375305712223053,-0.21585792303085327,-0.032016152825974586,-0.018304258584976196,-0.21043777465820312,0.0022418528489538403,0.06231421232223511,-0.260698139667511,-0.030209580746316078,0.02447521686553955,-0.30311518907546997,-0.055085482385777595,0.0102730393409729,-0.22264713048934937,-0.033562673565768364,0.026595354080200195,-0.20616871118545532,-0.00812881377788699
T,0.0,0.0,0.0,-0.08414465188980103,-0.060174524784088135,-0.018009610047613478,-0.1356501281261444,-0.1938346028327942,-0.0221635844018806,-0.12871333956718445,-0.3163444399833679,-0.030936661681209898,-0.1249786913394928,-0.4102521538734436,-0.031088232567583418,-0.11555969715118408,-0.2931084632873535,0.015618807131374979,-0.15639260411262512,-0.38538265228271484,-0.03375527406302581,-0.15341967344284058,-0.31318092346191406,-0.04699536929098258,-0.13457730412483215,-0.258167028427124,-0.04271953696576247,-0.05691403150558472,-0.2953908443450928,0.007047672716851139,-0.09004321694374084,-0.36420291662216187,-0.03959836581913123,-0.08956626057624817,-0.24539905786514282,-0.0332418247517694,-0.07230037450790405,-0.23075878620147705,-0.01193923367378602,0.0030162036418914795,-0.2824782133102417,-0.012734090482865668,-0.0320582389831543,-0.32914555072784424,-0.06290931398240218,-0.0358695387840271,-0.21411311626434326,-0.036630888974343634,-0.01764550805091858,-0.20566219091415405,-0.00255498852772007,0.06379470229148865,-0.26185357570648193,-0.03507469365564475,0.024145156145095825,-0.3056904673576355,-0.05906320506898055,0.01095503568649292,-0.22441715002059937,-0.03678350294200072,0.026030153036117554,-0.20650798082351685,-0.010921649208341933
T,0.0,0.0,0.0,-0.08563971519470215,-0.06822770833969116,-0.013721398078871516,-0.1366613209247589,-0.20160669088363647,-0.01598102506346777,-0.13311243057250977,-0.32059037685394287,-0.023901266046834735,-0.13102084398269653,-0.41349291801452637,-0.02362371329314783,-0.11096858978271484,-0.3018881678581238,0.022724431938456746,-0.15397775173187256,-0.3890467882156372,-0.024944164791179446,-0.15295341610908508,-0.31517279148101807,-0.03833953384406641,-0.1346750259399414,-0.26207906007766724,-0.034506314435077456,-0.05467379093170166,-0.30316275358200073,0.012217471375095101,-0.09286776185035706,-0.3714032769203186,-0.03290251735694483,-0.09245213866233826,-0.25306642055511475,-0.02722917031593397,-0.07163676619529724,-0.2383400797843933,-0.006316470914555339,0.0039675235748291016,-0.28863734006881714,-0.009197765962255744,-0.03461137413978577,-0.3350912034511566,-0.0581750171268709,-0.0380004346370697,-0.2219201922416687,-0.0327085787440069,-0.01627698540687561,-0.21464866399765015,0.0008726368532165907,0.06337684392929077,-0.26544928550720215,-0.03282577637679651,0.02149897813796997,-0.3111199736595154,-0.05622244719512537,0.008965611457824707,-0.23094874620437622,-0.03387473616845682,0.027474671602249146,-0.2130787968635559,-0.00785687845296934
T,0.0,0.0,0.0,-0.08658254146575928,-0.06705600023269653,-0.015381190681750923,-0.138485848903656,-0.19820427894592285,-0.018474905507559924,-0.13780361413955688,-0.31731823086738586,-0.027151849808092265,-0.13733553886413574,-0.4104466736316681,-0.027527748363013416,-0.1110985279083252,-0.3027406632900238,0.022881119756107182,-0.15379443764686584,-0.3915095329284668,-0.025217792706484943,-0.156462162733078,-0.3207573890686035,-0.03969003142594829,-0.14096039533615112,-0.2675436735153198,-0.03666196645974651,-0.05597871541976929,-0.30400580167770386,0.013272559514348359,-0.09584885835647583,-0.3719949722290039,-0.03225927309870258,-0.0968647301197052,-0.2543325424194336,-0.02728950300991073,-0.07536786794662476,-0.23805546760559082,-0.007072705065752416,0.0019470751285552979,-0.28835177421569824,-0.007439186552460342,-0.03714063763618469,-0.3384421169757843,-0.05690349893450275,-0.04223901033401489,-0.2248082160949707,-0.03187405200480953,-0.020162731409072876,-0.21299058198928833,0.0014601798142166444,0.06058967113494873,-0.2636931538581848,-0.030581612827177196,0.019891560077667236,-0.309385746717453,-0.05516589315413967,0.0056570470333099365,-0.2307424545288086,-0.03410841034531131,0.0236741304397583,-0.2110377550125122,-0.008754594938750415
T,0.0,0.0,0.0,-0.08877131342887878,-0.06707513332366943,-0.015221908824344155,-0.14312505722045898,-0.20100122690200806,-0.018319955231447693,-0.14113259315490723,-0.3224804997444153,-0.027300724895496842,-0.13762536644935608,-0.4154776930809021,-0.02736588208546209,-0.11134836077690125,-0.30747395753860474,0.022586073590616706,-0.15794283151626587,-0.3969014286994934,-0.02622687271406221,-0.15924915671348572,-0.3162711262702942,-0.040920250253577706,-0.1403818428516388,-0.2639765739440918,-0.0381317736076312,-0.05659589171409607,-0.30709803104400635,0.012906815720896248,-0.09660476446151733,-0.3754965662956238,-0.03284683464636373,-0.09918403625488281,-0.2538236975669861,-0.027427528189321038,-0.07717040181159973,-0.23972690105438232,-0.006999462978740212,-6.607174873352051e-05,-0.29085516929626465,-0.007937409119506356,-0.039029061794281006,-0.3429200053215027,-0.05620393170585203,-0.04597857594490051,-0.22626465559005737,-0.029733043299813744,-0.0226612389087677,-0.21494120359420776,0.0042859160845978295,0.05800387263298035,-0.26666492223739624,-0.031454496221442696,0.018232494592666626,-0.31439223885536194,-0.05400268747081327,0.0015268325805664062,-0.235720694065094,-0.031753569977183815,0.019642025232315063,-0.21606945991516113,-0.005684177992691275
T,0.0,0.0,0.0,-0.08924919366836548,-0.06532454490661621,-0.017647551499294423,-0.1439858078956604,-0.2008008360862732,-0.021496689073728703,-0.1414499580860138,-0.32397329807281494,-0.030621610708521985,-0.13527333736419678,-0.4178040027618408,-0.030584331728505276,-0.11560645699501038,-0.3043273389339447,0.0204614585861691,-0.16172286868095398,-0.3960863947868347,-0.029708100609468602,-0.1613086760044098,-0.31239238381385803,-0.04473391746728339,-0.14099901914596558,-0.26313814520835876,-0.04217836087195792,-0.05873149633407593,-0.3053629398345947,0.01180305598677478,-0.09724527597427368,-0.3760872185230255,-0.03525799339263358,-0.09980815649032593,-0.25272148847579956,-0.029821448154734753,-0.07790243625640869,-0.24047112464904785,-0.00936181855945506,-0.0006775259971618652,-0.2897164821624756,-0.008330501742648266,-0.03765684366226196,-0.3437309265136719,-0.05910906022040763,-0.045102983713150024,-0.2242194414138794,-0.03274699871985831,-0.022586017847061157,-0.21283191442489624,0.0017532928511627688,0.058174073696136475,-0.26662346720695496,-0.031184492759393834,0.01996147632598877,-0.31579849123954773,-0.05553648447244086,0.002390950918197632,-0.2328302264213562,-0.03347212647645392,0.018530577421188354,-0.21027672290802002,-0.0072749249040953146
T,0.0,0.0,0.0,-0.08979976177215576,-0.06387054920196533,-0.01643946496363924,-0.1437714695930481,-0.1976640820503235,-0.021156885750258425,-0.1397174596786499,-0.3223941922187805,-0.03161497888680742,-0.13341432809829712,-0.4157748222351074,-0.03361564604159639,-0.11478918790817261,-0.3001416325569153,0.0174870294559355,-0.15863722562789917,-0.39509645104408264,-0.03289805827256487,-0.15869003534317017,-0.31550896167755127,-0.047328178859913805,-0.13884830474853516,-0.2639339864253998,-0.044196662582123736,-0.058053821325302124,-0.30193230509757996,0.007218698881899854,-0.09521716833114624,-0.37808459997177124,-0.03989694369550989,-0.09795820713043213,-0.25502318143844604,-0.03316694600101755,-0.07655665278434753,-0.23867762088775635,-0.011607272639537314,0.0002670884132385254,-0.28684040904045105,-0.01417412431504772,-0.037291884422302246,-0.3440554141998291,-0.064186715609992,-0.044401735067367554,-0.22505158185958862,-0.03601640937444017,-0.022333234548568726,-0.21049654483795166,-0.0005373403272983523,0.060527265071868896,-0.2632504105567932,-0.038242154843771914,0.021358907222747803,-0.3144533038139343,-0.06218889457699106,0.004556030035018921,-0.2336055040359497,-0.038846277720892886,0.02107822895050049,-0.21044564247131348,-0.011905996217990378
T,0.0,0.0,0.0,-0.09120762348175049,-0.06717705726623535,-0.01691152177170352,-0.14515423774719238,-0.20298397541046143,-0.02179248839036063,-0.1421593427658081,-0.32491883635520935,-0.03246957271710471,-0.13806769251823425,-0.4187135696411133,-0.034428501719389715,-0.11258882284164429,-0.3072490096092224,0.01887954190954133,-0.15521109104156494,-0.3990840017795563,-0.03167887612596587,-0.1581895351409912,-0.321109801530838,-0.045413157189045705,-0.14053595066070557,-0.26928532123565674,-0.041423829490099706,-0.055723756551742554,-0.30764418840408325,0.008679940147544585,-0.0934014618396759,-0.37940117716789246,-0.03854249253288344,-0.09731417894363403,-0.2558355927467346,-0.03077364734724597,-0.07559651136398315,-0.24225178360939026,-0.007994596132789411,0.0026375949382781982,-0.29169827699661255,-0.013076286049340524,-0.036497026681900024,-0.34414002299308777,-0.06346789955512122,-0.04356434941291809,-0.22609728574752808,-0.035015816086684026,-0.020901918411254883,-0.21554803848266602,0.0008985173923292678,0.062482357025146484,-0.2675427496433258,-0.0376047848106964,0.022456258535385132,-0.3166106641292572,-0.061809672260437765,0.0054923295974731445,-0.23509615659713745,-0.03854892610922889,0.022507697343826294,-0.21378028392791748,-0.011491133117829122
T,0.0,0.0,0.0,-0.09092018008232117,-0.06844592094421387,-0.017311680212628744,-0.14509791135787964,-0.19771841168403625,-0.02180414561928501,-0.14436137676239014,-0.3221714496612549,-0.03220772844554176,-0.13822075724601746,-0.41662174463272095,-0.033481174230587385,-0.11330932378768921,-0.2981056571006775,0.023300922393787005,-0.15240707993507385,-0.3981928825378418,-0.025339013978850744,-0.15347987413406372,-0.32078713178634644,-0.03839773413540115,-0.13613930344581604,-0.2700071632862091,-0.034468588501226805,-0.0574532151222229,-0.29804879426956177,0.013622254982578852,-0.09244179725646973,-0.3776100277900696,-0.03431207042933693,-0.09390640258789062,-0.2541102468967438,-0.027766562148940466,-0.07247346639633179,-0.2363937795162201,-0.0053395978994785764,-0.0003177225589752197,-0.2840759754180908,-0.007688028354209564,-0.03545951843261719,-0.34454357624053955,-0.059592791914951704,-0.04171186685562134,-0.22568798065185547,-0.03237724405528297,-0.020830810070037842,-0.2099771499633789,0.0036760393176109574,0.059192001819610596,-0.2623099982738495,-0.0317200879454731,0.02297443151473999,-0.3185386061668396,-0.057215445756924055,0.007227122783660889,-0.23688465356826782,-0.03458720174432983,0.023147881031036377,-0.21069052815437317,-0.007455712731939457
T,0.0,0.0,0.0,-0.09089124202728271,-0.06843376159667969,-0.016690824286570205,-0.1453067660331726,-0.19841015338897705,-0.02251160155378784,-0.14157575368881226,-0.32174795866012573,-0.034631066130032195,-0.13310140371322632,-0.41458046436309814,-0.03820553060018028,-0.11858302354812622,-0.2993824779987335,0.022394146664510117,-0.15410271286964417,-0.3980169892311096,-0.021812858165731086,-0.1595272421836853,-0.3478829264640808,-0.030257990689506187,-0.14533543586730957,-0.29660680890083313,-0.023113900901307716,-0.06194490194320679,-0.3012710511684418,0.012707955098221646,-0.09371206164360046,-0.37599146366119385,-0.029835017503728523,-0.09652712941169739,-0.2569757103919983,-0.017858093710174217,-0.07879513502120972,-0.2412894368171692,0.007752761604706393,-0.0026629865169525146,-0.2879047393798828,-0.008361579024722232,-0.0356537401676178,-0.3430742919445038,-0.05536027263246979,-0.042082250118255615,-0.23034319281578064,-0.024360878498782768,-0.023151010274887085,-0.21461522579193115,0.012651879234681473,0.05924713611602783,-0.2646976113319397,-0.03248438622199501,0.024841487407684326,-0.3194701373577118,-0.055484600470890655,0.00862962007522583,-0.24212545156478882,-0.031129313738574638,0.02257537841796875,-0.21688663959503174,-0.0036463545295646327
T,0.0,0.0,0.0,-0.0924426019191742,-0.06648164987564087,-0.01618533302735159,-0.14656582474708557,-0.19416701793670654,-0.02215815429281065,-0.14307278394699097,-0.3192504048347473,-0.034582869156110974,-0.1347954273223877,-0.41361577808856964,-0.039088905795324536,-0.12076762318611145,-0.2949184775352478,0.023132198483835964,-0.15439245104789734,-0.3964650630950928,-0.022529733373630734,-0.15637704730033875,-0.34674185514450073,-0.03451096732806036,-0.14225861430168152,-0.29488319158554077,-0.029842632829058857,-0.06288966536521912,-0.2991683781147003,0.012652263970267086,-0.0917152464389801,-0.3774493634700775,-0.031020297675240727,-0.09414884448051453,-0.2609112858772278,-0.023185658274996968,-0.08048257231712341,-0.23922333121299744,-0.0006542994005940272,-0.0036042332649230957,-0.28718554973602295,-0.008958620956946106,-0.03400936722755432,-0.3427470922470093,-0.05607754085849592,-0.03934475779533386,-0.23112013936042786,-0.027377574710953922,-0.023359298706054688,-0.2112240195274353,0.00810407008339098,0.05869761109352112,-0.26461711525917053,-0.03355400730561087,0.02528741955757141,-0.31879836320877075,-0.055300761951912136,0.011218994855880737,-0.2416573166847229,-0.03071015049408743,0.023565739393234253,-0.21587157249450684,-0.003363551112670393
T,0.0,0.0,0.0,-0.09296748042106628,-0.06054091453552246,-0.014580518851630586,-0.14607316255569458,-0.1816207468509674,-0.021377019497208494,-0.14164841175079346,-0.3014286756515503,-0.034515025007181066,-0.12824246287345886,-0.3878420889377594,-0.03962540431564321,-0.1211259663105011,-0.2903718948364258,0.017520271328635317,-0.1474159061908722,-0.3976260870695114,-0.029308421450309652,-0.15263527631759644,-0.35432854294776917,-0.042767783539943593,-0.14288783073425293,-0.29546093940734863,-0.03907520874088277,-0.06276088953018188,-0.2928738594055176,0.006645030894674164,-0.08526062965393066,-0.36984333395957947,-0.03683081446831693,-0.09001573920249939,-0.2564266622066498,-0.02854054785018434,-0.08208554983139038,-0.23283621668815613,-0.006502431730382341,-0.0046384334564208984,-0.2810770869255066,-0.014674192207507986,-0.029734790325164795,-0.33304518461227417,-0.05975577040260305,-0.03782334923744202,-0.22621005773544312,-0.030113005923681158,-0.02632617950439453,-0.20311391353607178,0.004707881802119118,0.05716705322265625,-0.25953662395477295,-0.03901964603608121,0.027320802211761475,-0.30975058674812317,-0.05965009509270658,0.012260496616363525,-0.23577415943145752,-0.03448476819937696,0.020811915397644043,-0.20949524641036987,-0.007315519644521373
T,0.0,0.0,0.0,-0.09573733806610107,-0.06408369541168213,-0.015731252885302638,-0.14786210656166077,-0.18696650862693787,-0.020868439382752513,-0.1412966251373291,-0.31224149465560913,-0.03224418514116678,-0.12969177961349487,-0.4041561633348465,-0.03564922340854082,-0.12786537408828735,-0.28687340021133423,0.024363661029497052,-0.1578979194164276,-0.3895855247974396,-0.02007569015665922,-0.15621209144592285,-0.3461858630180359,-0.03308419712527666,-0.1428365707397461,-0.29060590267181396,-0.029460009342869853,-0.06854864954948425,-0.29296883940696716,0.01389576013491478,-0.0897308886051178,-0.3739306330680847,-0.030504366538366412,-0.09125116467475891,-0.2630487382411957,-0.026545956886252497,-0.08432850241661072,-0.23340103030204773,-0.006698776191910838,-0.00880122184753418,-0.2820982336997986,-0.007142826138874625,-0.032698988914489746,-0.3373301923274994,-0.05450536139949236,-0.03907102346420288,-0.22858494520187378,-0.029395817003091906,-0.02906811237335205,-0.2006683051586151,0.003770275351712371,0.05467045307159424,-0.25985270738601685,-0.030906954935630893,0.02451878786087036,-0.30793270468711853,-0.05337494441016588,0.011471211910247803,-0.23450538516044617,-0.030941434359988307,0.02041679620742798,-0.2086205780506134,-0.005124390746345853
T,0.0,0.0,0.0,-0.09530839323997498,-0.06742769479751587,-0.013915280479864123,-0.14201897382736206,-0.19368940591812134,-0.01696887579180384,-0.13271749019622803,-0.3179832994937897,-0.02676808987177992,-0.11987331509590149,-0.4083390086889267,-0.02898465995110655,-0.12164780497550964,-0.29060935974121094,0.028182652179225443,-0.15265661478042603,-0.39320406317710876,-0.016867201443687918,-0.15165609121322632,-0.3383861184120178,-0.03188686412192965,-0.13694441318511963,-0.28062400221824646,-0.029625471349731924,-0.06274053454399109,-0.2953495383262634,0.017067099321707246,-0.08358538150787354,-0.3811904937028885,-0.027002382691875937,-0.08579975366592407,-0.2682129144668579,-0.024329799827114584,-0.07682302594184875,-0.23490983247756958,-0.005241209775135758,-0.002550065517425537,-0.2829960882663727,-0.004639770038352253,-0.026163220405578613,-0.34458690881729126,-0.05091435429073954,-0.03361591696739197,-0.23260614275932312,-0.026090547110811713,-0.022694766521453857,-0.1998496949672699,0.00693932395063257,0.06074023246765137,-0.25899410247802734,-0.029016710486189368,0.03024160861968994,-0.3102778494358063,-0.0507078539989152,0.016306579113006592,-0.23568052053451538,-0.028280974965468886,0.025797128677368164,-0.20762193202972412,-0.0024532509445407413
T,0.0,0.0,0.0,-0.09477901458740234,-0.07007783651351929,-0.01356918484242442,-0.14426958560943604,-0.19663608074188232,-0.015805134813206223,-0.1365944743156433,-0.32337525486946106,-0.024671145046966103,-0.12352213263511658,-0.4141135513782501,-0.026867514739649323,-0.12564343214035034,-0.2854703366756439,0.029335738827569457,-0.15571731328964233,-0.3884032815694809,-0.014896427544670132,-0.15342044830322266,-0.34794479608535767,-0.029602147902267006,-0.13693058490753174,-0.29090040922164917,-0.026675999428050545,-0.06734693050384521,-0.2907314598560333,0.018867931996567222,-0.08673462271690369,-0.3782060146331787,-0.024612359966056374,-0.08817744255065918,-0.27128350734710693,-0.021719754005687264,-0.07918503880500793,-0.23839828372001648,-0.0020007426225561176,-0.00709003210067749,-0.2802879214286804,-0.002208305320607451,-0.02621978521347046,-0.3442853093147278,-0.0491565375429559,-0.03258848190307617,-0.23717525601387024,-0.02499926489116433,-0.02212458848953247,-0.207401305437088,0.008062700477523776,0.05738115310668945,-0.2575255334377289,-0.02587918777288678,0.03252232074737549,-0.3139839470386505,-0.04857883442463162,0.020071744918823242,-0.24040168523788452,-0.02655927304448369,0.02887636423110962,-0.21242660284042358,-0.000750834676807699
T,0.0,0.0,0.0,-0.09343844652175903,-0.06464427709579468,-0.015239749552733883,-0.13991621136665344,-0.19282180070877075,-0.019095213601417527,-0.12969174981117249,-0.3172318637371063,-0.02924471859080313,-0.11926358938217163,-0.4065159112215042,-0.03150338445050238,-0.1197216808795929,-0.2888694107532501,0.0238234591837454,-0.14984938502311707,-0.39340101182460785,-0.023055701965517983,-0.14687344431877136,-0.34134238958358765,-0.037690763810701355,-0.13120558857917786,-0.27874329686164856,-0.03424934063298224,-0.05964699387550354,-0.2929370403289795,0.013164935184590831,-0.07823508977890015,-0.38160695135593414,-0.03246362645370482,-0.08006387948989868,-0.26709073781967163,-0.02792873557848452,-0.07205194234848022,-0.2344236671924591,-0.006579393969900593,0.0006225705146789551,-0.2804671823978424,-0.008312589006550297,-0.019819200038909912,-0.3415454626083374,-0.05578033764106749,-0.028123199939727783,-0.23018494248390198,-0.02941317063016413,-0.01896953582763672,-0.19957244396209717,0.005196442378633037,0.0638500452041626,-0.2572793960571289,-0.032607117185420975,0.03722262382507324,-0.3105851411819458,-0.05537977952701567,0.022646009922027588,-0.23745623230934143,-0.03234906260115622,0.03046739101409912,-0.21075934171676636,-0.005731027090973839
T,0.0,0.0,0.0,-0.09655246138572693,-0.0641295313835144,-0.01773851287521211,-0.14376255869865417,-0.19366440176963806,-0.019911152468694127,-0.13220319151878357,-0.3224563002586365,-0.027943170787466443,-0.12270042300224304,-0.4133944660425186,-0.027971043409479535,-0.12531182169914246,-0.2885010242462158,0.02791639308475169,-0.15806880593299866,-0.39215703308582306,-0.019476094441188252,-0.15143781900405884,-0.33458787202835083,-0.034271151916755116,-0.13287347555160522,-0.275337278842926,-0.030624526710880673,-0.06434592604637146,-0.29263171553611755,0.018608086584436023,-0.08278092741966248,-0.38074491918087006,-0.028977227555287755,-0.08399221301078796,-0.26429247856140137,-0.026660741464866078,-0.07588431239128113,-0.23519352078437805,-0.005915079889518893,-0.0030481815338134766,-0.27922847867012024,-0.0021788684368857503,-0.021552622318267822,-0.340058833360672,-0.054225773708594716,-0.030604183673858643,-0.22567570209503174,-0.03141145517088262,-0.022777199745178223,-0.19935888051986694,0.002486080471726382,0.060672640800476074,-0.25501230359077454,-0.025583041058553135,0.03495526313781738,-0.3080752193927765,-0.05179589350677816,0.02112346887588501,-0.2313556969165802,-0.030936523498667157,0.028748631477355957,-0.20506322383880615,-0.004779908964110291
T,0.0,0.0,0.0,-0.09769624471664429,-0.06005525588989258,-0.022276188719445145,-0.14536651968955994,-0.19604739546775818,-0.02554572514014808,-0.1304229199886322,-0.3299053907394409,-0.034003199550681984,-0.12136149406433105,-0.42311401665210724,-0.033815251204543983,-0.12834671139717102,-0.2914394736289978,0.025961928528374756,-0.15966960787773132,-0.3980620801448822,-0.026319017175012505,-0.1537393033504486,-0.3338266611099243,-0.043839541736417686,-0.13436764478683472,-0.27266353368759155,-0.04079145706015197,-0.06551015377044678,-0.293073832988739,0.01850831554514798,-0.08359983563423157,-0.3867852985858917,-0.032286000910573875,-0.0844157338142395,-0.2668412923812866,-0.030158847111636078,-0.0751083493232727,-0.24101758003234863,-0.008448779124194061,-0.0029894113540649414,-0.2801400423049927,-0.0015546683058005328,-0.019936800003051758,-0.3434138298034668,-0.05618010974245635,-0.029533863067626953,-0.22650861740112305,-0.03282310581522552,-0.02164238691329956,-0.20266380906105042,0.0024542317191276197,0.061145126819610596,-0.2603994607925415,-0.02479186235683528,0.035914599895477295,-0.31524255871772766,-0.05179529404955474,0.022612452507019043,-0.23598194122314453,-0.030477080035382187,0.03165113925933838,-0.20933383703231812,-0.0034680888125535603
T,0.0,0.0,0.0,-0.10011619329452515,-0.058570027351379395,-0.023629822995701488,-0.1508948802947998,-0.19429025053977966,-0.02756460126880711,-0.14112204313278198,-0.33099937438964844,-0.036908633303085026,-0.13475269079208374,-0.4271738827228546,-0.03763533313218659,-0.13606128096580505,-0.28818103671073914,0.02553368802722389,-0.1689034104347229,-0.40050244331359863,-0.02848347392324513,-0.15693992376327515,-0.3266979157924652,-0.04794942144695824,-0.1369873583316803,-0.26753005385398865,-0.046349681209960636,-0.07128620147705078,-0.2930893301963806,0.01754464651997978,-0.09093570709228516,-0.39096513390541077,-0.03488346118871277,-0.0878899097442627,-0.269657701253891,-0.03555010561291283,-0.07651996612548828,-0.2422378659248352,-0.01595287699643677,-0.006797611713409424,-0.2809532880783081,-0.003135773347878512,-0.024110376834869385,-0.3473510146141052,-0.059583946358600315,-0.031656742095947266,-0.22781530022621155,-0.0381931059474141,-0.022805750370025635,-0.20329204201698303,-0.003829583520257529,0.059645891189575195,-0.2605581283569336,-0.0268708348685891,0.03281289339065552,-0.3184252977371216,-0.053145463805833515,0.020843029022216797,-0.23780035972595215,-0.03106561977807587,0.031340956687927246,-0.20967993140220642,-0.0036337950678557718
T,0.0,0.0,0.0,-0.1002192497253418,-0.0559391975402832,-0.026576723475386643,-0.15500161051750183,-0.191546231508255,-0.031715876926114106,-0.15022790431976318,-0.33223703503608704,-0.04174196304791167,-0.1451602578163147,-0.4318823367357254,-0.04264511125199988,-0.14579170942306519,-0.2872353494167328,0.02479726491458223,-0.17954319715499878,-0.40071330964565277,-0.03133485050909712,-0.16231751441955566,-0.32772383093833923,-0.0518151070367594,-0.1396116316318512,-0.27128687500953674,-0.05048884408586218,-0.07863485813140869,-0.2942870259284973,0.017625865023205733,-0.09685903787612915,-0.39712098240852356,-0.037332254965235734,-0.09124040603637695,-0.2740491032600403,-0.038819696326186204,-0.0824097990989685,-0.2468937337398529,-0.019079615865280175,-0.012438833713531494,-0.2844943106174469,-0.002681194376577878,-0.026596903800964355,-0.35339537262916565,-0.06235314862840369,-0.032384634017944336,-0.23059970140457153,-0.04167208032720282,-0.025866687297821045,-0.20700225234031677,-0.006770183835556054,0.055444419384002686,-0.2664549648761749,-0.026111326683690095,0.03185009956359863,-0.32392480969429016,-0.05369879262559607,0.021241307258605957,-0.24081748723983765,-0.03155696349256232,0.0302695631980896,-0.21226045489311218,-0.0036146322175909518
T,0.0,0.0,0.0,-0.10463517904281616,-0.06266242265701294,-0.026124001209382186,-0.15703904628753662,-0.20694881677627563,-0.02972232802653707,-0.14716511964797974,-0.35440486669540405,-0.03872873886371053,-0.14164063334465027,-0.4567052870988846,-0.03823041423106588,-0.1466885805130005,-0.3038330376148224,0.03085784548079573,-0.17715153098106384,-0.42088089883327484,-0.024601247821692596,-0.15963631868362427,-0.3475928008556366,-0.04407486571813024,-0.13568854331970215,-0.2839236259460449,-0.0416480886831323,-0.07567161321640015,-0.3100411593914032,0.023502513106222978,-0.09255921840667725,-0.41154004633426666,-0.029899094913844237,-0.08699232339859009,-0.27987340092658997,-0.02848840570891298,-0.078666090965271,-0.2495327889919281,-0.006604734071288476,-0.00689852237701416,-0.2969955503940582,0.0021038051147570513,-0.02093493938446045,-0.37315839529037476,-0.056973400254491935,-0.028905630111694336,-0.24314069747924805,-0.032151831974033485,-0.02269911766052246,-0.21422284841537476,0.005337774093504777,0.06453555822372437,-0.27474889159202576,-0.022830624793414245,0.04018646478652954,-0.338198721408844,-0.05179643883252538,0.028776347637176514,-0.25175848603248596,-0.028162364576701293,0.03910607099533081,-0.2219277024269104,0.001162792012337377
T,0.0,0.0,0.0,-0.10207295417785645,-0.05502724647521973,-0.030407331176945718,-0.1601717174053192,-0.20198500156402588,-0.03596973534757808,-0.15269061923027039,-0.35396093130111694,-0.04546101879412845,-0.14231011271476746,-0.4602457880973816,-0.04504104074175075,-0.15314355492591858,-0.30609002709388733,0.022246670684864966,-0.18618491291999817,-0.4295845329761505,-0.034532469921657594,-0.1672922968864441,-0.3585759401321411,-0.05366388078863338,-0.14359867572784424,-0.29513055086135864,-0.05079502355391696,-0.08266311883926392,-0.31458497047424316,0.016736107654026,-0.09801536798477173,-0.42658479511737823,-0.03841371577317432,-0.09104686975479126,-0.2949412167072296,-0.03717374544675067,-0.08586019277572632,-0.26265236735343933,-0.014838938825675996,-0.013491272926330566,-0.30350959300994873,-0.00259316315958813,-0.02333599328994751,-0.3821645975112915,-0.06299818422729686,-0.029670298099517822,-0.25084638595581055,-0.03912806253964618,-0.027968108654022217,-0.22286462783813477,-0.001901787464419158,0.05815666913986206,-0.2834044396877289,-0.025559037216851266,0.03894466161727905,-0.3503493368625641,-0.05518784862096027,0.027647078037261963,-0.2602429687976837,-0.032038648837158235,0.03236830234527588,-0.2285049557685852,-0.0029754580379517392
T,0.0,0.0,0.0,-0.10453832149505615,-0.05901074409484863,-0.03385175318101119,-0.1622810661792755,-0.20689597725868225,-0.03908692226389121,-0.1545085906982422,-0.36250990629196167,-0.04842626974561881,-0.14565610885620117,-0.4686832129955292,-0.04604602531173896,-0.15661188960075378,-0.31125348806381226,0.028060774126856813,-0.18451952934265137,-0.4384085536003113,-0.032954937970430365,-0.16176751255989075,-0.3572285771369934,-0.05375057384947013,-0.13953769207000732,-0.29630202054977417,-0.050747218733818045,-0.08395636081695557,-0.31688833236694336,0.02437266222557355,-0.09384685754776001,-0.42670196294784546,-0.034943859284908285,-0.08711916208267212,-0.29113081097602844,-0.03470563814619254,-0.08741134405136108,-0.26624032855033875,-0.011926446302027216,-0.014239847660064697,-0.3057454526424408,0.005314202321528683,-0.020050346851348877,-0.3824000656604767,-0.05888851285556029,-0.026842594146728516,-0.2495957314968109,-0.0354260422346897,-0.028525233268737793,-0.22750279307365417,0.0027695720026486015,0.056843698024749756,-0.2879668176174164,-0.017820808297187796,0.041411638259887695,-0.3541930615901947,-0.04837986380437087,0.030949532985687256,-0.2641490399837494,-0.025012684246689787,0.03566849231719971,-0.23324769735336304,0.005062292137949953
T,0.0,0.0,0.0,-0.10591882467269897,-0.05521988868713379,-0.03767027408247259,-0.16537481546401978,-0.20602640509605408,-0.045550451431324745,-0.15820568799972534,-0.36461010575294495,-0.05662155971293714,-0.15294426679611206,-0.47481608390808105,-0.05592833534245756,-0.1629813015460968,-0.3176126778125763,0.02147618606323931,-0.19141268730163574,-0.44419771432876587,-0.041972410682490136,-0.16609713435173035,-0.3676176071166992,-0.06347028985982206,-0.14196395874023438,-0.3047860562801361,-0.06026887596016195,-0.08820921182632446,-0.3225736618041992,0.01867012232179377,-0.0976414680480957,-0.4333066940307617,-0.04292042628293302,-0.08981627225875854,-0.29631826281547546,-0.042596229169419075,-0.09056079387664795,-0.27056559920310974,-0.019248726595094467,-0.016376733779907227,-0.3119368553161621,0.00019306061659563056,-0.02013629674911499,-0.3875536620616913,-0.06613669619326856,-0.027738511562347412,-0.25306519865989685,-0.04273767099147108,-0.03129178285598755,-0.23207151889801025,-0.004353865798464085,0.05608034133911133,-0.29490065574645996,-0.02265130617087152,0.04375118017196655,-0.359881192445755,-0.055392489585926796,0.03219228982925415,-0.266716331243515,-0.03258965611820486,0.03456008434295654,-0.23491796851158142,-0.0026779184619840635
T,0.0,0.0,0.0,-0.10774892568588257,-0.056980788707733154,-0.03827410517510543,-0.1681431531906128,-0.20967167615890503,-0.04612731887277732,-0.15923690795898438,-0.3733368515968323,-0.0575470025676168,-0.15224748849868774,-0.48537038266658783,-0.056891999675599436,-0.16366827487945557,-0.3216543197631836,0.02305587799969544,-0.19480440020561218,-0.44991204142570496,-0.04214329971250663,-0.16919010877609253,-0.3704545497894287,-0.06370132370170722,-0.1437092423439026,-0.30779343843460083,-0.06015799893316398,-0.08742469549179077,-0.32606881856918335,0.019708253906401296,-0.0965765118598938,-0.44087255001068115,-0.044320143296090464,-0.0887719988822937,-0.29865777492523193,-0.04383812053379188,-0.09004288911819458,-0.27523910999298096,-0.019491573332516055,-0.014597594738006592,-0.31506240367889404,0.0002223853928171593,-0.017490923404693604,-0.39485588669776917,-0.06862399680790077,-0.025525689125061035,-0.2557450532913208,-0.04397638840850959,-0.029698550701141357,-0.2371230125427246,-0.003929182423917155,0.05911153554916382,-0.2974358797073364,-0.023784577383366923,0.04778319597244263,-0.36538660526275635,-0.057445022745696406,0.03612470626831055,-0.2697181701660156,-0.03352102590974937,0.03824734687805176,-0.2386971414089203,-0.002361405643341641
T,0.0,0.0,0.0,-0.11103945970535278,-0.05447810888290405,-0.04015943712352055,-0.17194384336471558,-0.21665707230567932,-0.04662643677352207,-0.16269582509994507,-0.38190239667892456,-0.05573356083391445,-0.15576398372650146,-0.49435901641845703,-0.05224623835442799,-0.16844290494918823,-0.3295208811759949,0.022087362345473593,-0.19725042581558228,-0.4615139067173004,-0.0445087917780711,-0.16985535621643066,-0.37800660729408264,-0.06652687794326084,-0.14438772201538086,-0.31155070662498474,-0.06305662846921223,-0.09032130241394043,-0.33480972051620483,0.019823922526256865,-0.10017532110214233,-0.4515121579170227,-0.04664278707264202,-0.09111511707305908,-0.3058586120605469,-0.047452005807144815,-0.09129709005355835,-0.2807038724422455,-0.023170796472413713,-0.015504658222198486,-0.3233613967895508,0.0011549622120128333,-0.019028902053833008,-0.40326982736587524,-0.07005621052144306,-0.026973068714141846,-0.2603543698787689,-0.04595542258380192,-0.03130364418029785,-0.24172931909561157,-0.005619354795499021,0.0600818395614624,-0.30575433373451233,-0.02210305376706856,0.048648715019226074,-0.37306341528892517,-0.058401855889542276,0.03677356243133545,-0.27347394824028015,-0.03561698577163952,0.038084208965301514,-0.24343383312225342,-0.004759058605714017
T,0.0,0.0,0.0,-0.10656297206878662,-0.053867220878601074,-0.040727572320975014,-0.16970717906951904,-0.21294426918029785,-0.04865469577816839,-0.16246044635772705,-0.37788400053977966,-0.05899840387610311,-0.15312552452087402,-0.48808495700359344,-0.055314799576080986,-0.16906368732452393,-0.33226004242897034,0.019187862248145393,-0.19520610570907593,-0.470598042011261,-0.04933085459379072,-0.1658322811126709,-0.38484108448028564,-0.07058644089011068,-0.1437915563583374,-0.3163681924343109,-0.0657571012070548,-0.08956193923950195,-0.337911456823349,0.017449761004172615,-0.0972219705581665,-0.45792272686958313,-0.04991777780560369,-0.08571028709411621,-0.309537410736084,-0.048506570785320946,-0.09009057283401489,-0.287559449672699,-0.022199589564479538,-0.013282477855682373,-0.3283553123474121,-0.0007605973896716023,-0.014332473278045654,-0.4069499373435974,-0.07225136253146047,-0.020918428897857666,-0.26431718468666077,-0.046343626259840676,-0.028366923332214355,-0.2502480149269104,-0.004688049006290385,0.06383037567138672,-0.3138541281223297,-0.02352482619789953,0.05336731672286987,-0.3776746094226837,-0.05850976872352476,0.0428318977355957,-0.27867457270622253,-0.03388404640463705,0.04278457164764404,-0.2508912682533264,-0.0016979868905764306
T,0.0,0.0,0.0,-0.10981988906860352,-0.05742675065994263,-0.03978328720506852,-0.17095577716827393,-0.2187129259109497,-0.048751875169841696,-0.16192877292633057,-0.38508543372154236,-0.06057610303935235,-0.15404504537582397,-0.49953657388687134,-0.05982582957324212,-0.1672987937927246,-0.3333319127559662,0.01730870886865432,-0.19578301906585693,-0.47345489263534546,-0.05124357283887093,-0.16924023628234863,-0.3867211937904358,-0.07512436375793641,-0.14621812105178833,-0.3153575658798218,-0.07294462189850037,-0.08864915370941162,-0.33979740738868713,0.013589632354410242,-0.09853214025497437,-0.4623727798461914,-0.05529687122282212,-0.089103102684021,-0.3154604732990265,-0.058988514699308325,-0.09048217535018921,-0.2859594225883484,-0.03663882926878159,-0.01236867904663086,-0.32810312509536743,-0.00569974944767182,-0.016436219215393066,-0.4103590250015259,-0.07782144413170045,-0.02382558584213257,-0.2675120234489441,-0.05488788277682488,-0.029223918914794922,-0.24688470363616943,-0.015309223316876341,0.06469684839248657,-0.30907273292541504,-0.029305815108386923,0.051912009716033936,-0.37599027156829834,-0.06428056523975556,0.03989225625991821,-0.2787036895751953,-0.04022948757585709,0.039979398250579834,-0.2499980330467224,-0.008759841665892054
T,0.0,0.0,0.0,-0.1120864748954773,-0.05897665023803711,-0.03743409054936819,-0.17426520586013794,-0.21526622772216797,-0.043554336453098585,-0.1654660701751709,-0.37998631596565247,-0.05244070726098471,-0.154052734375,-0.4905610531568527,-0.047803979987520506,-0.1702510118484497,-0.3317798972129822,0.023569100847225855,-0.19946631789207458,-0.4733766168355942,-0.04392702567042761,-0.16963404417037964,-0.3941434323787689,-0.06628428461613112,-0.14565253257751465,-0.324361652135849,-0.0624485655373519,-0.08915817737579346,-0.33809080719947815,0.020192190384250353,-0.09717559814453125,-0.462464839220047,-0.04825298550190382,-0.08530759811401367,-0.31443899869918823,-0.049256478125471403,-0.09017980098724365,-0.2843141555786133,-0.024146594727653792,-0.012758731842041016,-0.32804492115974426,0.000821023500748197,-0.012942612171173096,-0.408275306224823,-0.07203092488111906,-0.019147753715515137,-0.26555120944976807,-0.047462814176697066,-0.02697145938873291,-0.2465512752532959,-0.006131095966566136,0.06563085317611694,-0.3111473321914673,-0.02266477296711855,0.057619690895080566,-0.37754032015800476,-0.058850955838579466,0.047610342502593994,-0.27706101536750793,-0.03430524530472212,0.04576420783996582,-0.24751725792884827,-0.001927471641693046
T,0.0,0.0,0.0,-0.11624544858932495,-0.0495639443397522,-0.04414255483754914,-0.18409866094589233,-0.2193790078163147,-0.0510919460535888,-0.1758342981338501,-0.39688849449157715,-0.059730368989789895,-0.16477519273757935,-0.5164709240198135,-0.05416881977328103,-0.1800081729888916,-0.34084001183509827,0.021050869163786956,-0.2081316113471985,-0.48283515870571136,-0.04793053804644387,-0.1771203875541687,-0.3970091938972473,-0.0683493906141166,-0.15154850482940674,-0.3270971477031708,-0.06252886294134896,-0.09682053327560425,-0.3485737144947052,0.020711597663080283,-0.10237348079681396,-0.47333356738090515,-0.048855263131940774,-0.09083187580108643,-0.3186716139316559,-0.04702479331501763,-0.0952879786491394,-0.29357272386550903,-0.01916258535095494,-0.01894545555114746,-0.3396242558956146,0.002967081873407551,-0.017177462577819824,-0.41935598850250244,-0.07188165127047341,-0.024650275707244873,-0.27104032039642334,-0.04588072313674729,-0.03282231092453003,-0.25733277201652527,-0.0030885349002574003,0.061071038246154785,-0.32624849677085876,-0.01957876360722821,0.054363906383514404,-0.38996458053588867,-0.05728461905130189,0.0429343581199646,-0.2856910526752472,-0.03346875249155801,0.040750980377197266,-0.2583622336387634,-0.0013152109200973428
T,0.0,0.0,0.0,-0.11566877365112305,-0.04979097843170166,-0.04336853698521281,-0.1823607087135315,-0.2183455228805542,-0.050800435251289855,-0.17406046390533447,-0.39928674697875977,-0.060853600508266936,-0.17070633172988892,-0.5189546942710876,-0.05769581720858241,-0.17544037103652954,-0.34066280722618103,0.0218539144781289,-0.20445328950881958,-0.48280346393585205,-0.0503045395079198,-0.17526596784591675,-0.39297249913215637,-0.07417998463540698,-0.14878207445144653,-0.3255438208580017,-0.07059250772624637,-0.09132283926010132,-0.3463059663772583,0.019577121355837335,-0.10104787349700928,-0.4725980758666992,-0.053360182798201095,-0.09162652492523193,-0.31742146611213684,-0.054918657994562636,-0.09324806928634644,-0.29231852293014526,-0.029136946431094657,-0.012060463428497314,-0.3358413279056549,-0.00012424415660916566,-0.01584833860397339,-0.4204486608505249,-0.07832868397861148,-0.023807287216186523,-0.2679249048233032,-0.0532344579759183,-0.029185593128204346,-0.2517649531364441,-0.010154974653119098,0.0689007043838501,-0.32097235321998596,-0.02445561439424182,0.05522125959396362,-0.3873727321624756,-0.0632790997686925,0.044526875019073486,-0.28148597478866577,-0.038660444325500976,0.047565579414367676,-0.2532418966293335,-0.005554360809469472
T,0.0,0.0,0.0,-0.11697494983673096,-0.044398486614227295,-0.04625567706898437,-0.18676221370697021,-0.2207202911376953,-0.05420541303828941,-0.17707490921020508,-0.40497228503227234,-0.06380221533254371,-0.1687130331993103,-0.5279290229082108,-0.05949856626466499,-0.18300515413284302,-0.347028911113739,0.017528277759993216,-0.21436405181884766,-0.4924834072589874,-0.056213776642835,-0.18105942010879517,-0.4005604684352875,-0.07953407155946479,-0.15127438306808472,-0.3312981128692627,-0.07519500243142829,-0.09710925817489624,-0.3565625548362732,0.01641437311991467,-0.10565406084060669,-0.4845278263092041,-0.05816419708207832,-0.09401261806488037,-0.32225891947746277,-0.057610645020758966,-0.09552866220474243,-0.29581353068351746,-0.029862512896215776,-0.016189157962799072,-0.3457529842853546,-0.0025988496527133975,-0.017186760902404785,-0.43082427978515625,-0.08285018342212425,-0.02489006519317627,-0.2721877098083496,-0.055818784112489084,-0.03055816888809204,-0.25657176971435547,-0.011074632468080381,0.06691765785217285,-0.3294495940208435,-0.02653054061011062,0.05767941474914551,-0.3962739109992981,-0.06703670608476386,0.04625588655471802,-0.28624582290649414,-0.04232001962736831,0.04683631658554077,-0.25878432393074036,-0.008999203393614152
T,0.0,0.0,0.0,-0.12149304151535034,-0.05510890483856201,-0.04411027334106166,-0.19066941738128662,-0.2358272671699524,-0.05132207773101527,-0.18101787567138672,-0.4235318899154663,-0.06092416993749339,-0.174172043800354,-0.552754208445549,-0.05699266246926982,-0.18896043300628662,-0.362077921628952,0.023615236064074452,-0.22450244426727295,-0.5062633603811264,-0.04884067676437098,-0.18982326984405518,-0.42076990008354187,-0.07357654101622302,-0.15482795238494873,-0.348021000623703,-0.07035633302700717,-0.09763878583908081,-0.37228119373321533,0.021218419676301892,-0.10570073127746582,-0.5012330114841461,-0.05130513138544757,-0.0933312177658081,-0.3336438536643982,-0.04999795682203967,-0.09298104047775269,-0.29742705821990967,-0.021892846892001216,-0.013793647289276123,-0.3586154878139496,0.000677593129807974,-0.016684234142303467,-0.4458571970462799,-0.07857656605017382,-0.026510417461395264,-0.28272002935409546,-0.05020430810225207,-0.03177076578140259,-0.25802794098854065,-0.004534745453270261,0.07076585292816162,-0.3366391062736511,-0.02467545993101794,0.058910906314849854,-0.40419095754623413,-0.06465403861773211,0.044274210929870605,-0.2922678291797638,-0.03826005137932498,0.043173134326934814,-0.2620363235473633,-0.003666578889237826
T,0.0,0.0,0.0,-0.1222429871559143,-0.050382018089294434,-0.04793196328546401,-0.1961156129837036,-0.22982215881347656,-0.05588217236663695,-0.1876310110092163,-0.42152950167655945,-0.06564472772743102,-0.1801927089691162,-0.55147984623909,-0.06045706727172728,-0.19400620460510254,-0.3652326762676239,0.02300266205702428,-0.22555196285247803,-0.5175566077232361,-0.05312321864630576,-0.191095232963562,-0.4211859703063965,-0.07676160492565032,-0.16058099269866943,-0.350180983543396,-0.07187435933019515,-0.10361117124557495,-0.374812513589859,0.02171569719348554,-0.10986679792404175,-0.5105144679546356,-0.05594488017823096,-0.09832262992858887,-0.3392839729785919,-0.05609589227105971,-0.10180675983428955,-0.3123890459537506,-0.027338219514149387,-0.01824629306793213,-0.3642802834510803,0.00154863059424315,-0.018943190574645996,-0.4522317349910736,-0.08269994862939711,-0.027296900749206543,-0.28557026386260986,-0.0560135745313346,-0.03668510913848877,-0.27194756269454956,-0.009994335180181224,0.067818284034729,-0.3475858271121979,-0.02353381150032874,0.05690157413482666,-0.4171128273010254,-0.06593097158338423,0.043980181217193604,-0.298842191696167,-0.04017855011488791,0.04153025150299072,-0.269523024559021,-0.005223830869454105
T,0.0,0.0,0.0,-0.12239235639572144,-0.05790168046951294,-0.04479042957711954,-0.19377219676971436,-0.2380657196044922,-0.05330584715295572,-0.18550777435302734,-0.4302273392677307,-0.06424873094249506,-0.1768474578857422,-0.5640307813882828,-0.06087464611221094,-0.19388902187347412,-0.370228111743927,0.023170005947463324,-0.22706085443496704,-0.524024561047554,-0.053258193239457796,-0.18913739919662476,-0.43286624550819397,-0.08025264511991281,-0.1560758352279663,-0.360067218542099,-0.07825952540326853,-0.10235834121704102,-0.3804822564125061,0.019808827385418226,-0.10974955558776855,-0.5185788571834564,-0.05863627935934801,-0.09579092264175415,-0.3508652150630951,-0.06273203115154047,-0.09916836023330688,-0.3130939304828644,-0.0376268900482728,-0.016574203968048096,-0.369001567363739,-0.0015400711464508277,-0.01781231164932251,-0.462968647480011,-0.08498171488929529,-0.024947762489318848,-0.2970092296600342,-0.05909373010683794,-0.03445792198181152,-0.2709958255290985,-0.01424101232726116,0.07098639011383057,-0.34923839569091797,-0.02754896837461729,0.060747385025024414,-0.42526522278785706,-0.06961127887655039,0.04713082313537598,-0.3079114854335785,-0.04338096971798677,0.04204225540161133,-0.2721599340438843,-0.00835630162794132
T,0.0,0.0,0.0,-0.12616091966629028,-0.048296570777893066,-0.044555452335771406,-0.20394593477249146,-0.23236417770385742,-0.051633764673169935,-0.19771116971969604,-0.4311743974685669,-0.06145447554081329,-0.1893216371536255,-0.5660508722066879,-0.05684627281516441,-0.19945311546325684,-0.37332436442375183,0.02471294565111748,-0.2339116930961609,-0.529982402920723,-0.051764552164968336,-0.19985055923461914,-0.4337458312511444,-0.07711638571709045,-0.1670616865158081,-0.3594585061073303,-0.07385326238363632,-0.10791295766830444,-0.3819615840911865,0.021247006337944185,-0.11694693565368652,-0.5228628516197205,-0.057026703525480116,-0.10558223724365234,-0.3492107391357422,-0.05881280140965828,-0.10624921321868896,-0.3147486448287964,-0.03159961538403877,-0.021784067153930664,-0.37069207429885864,-0.0006131573209131602,-0.023818671703338623,-0.46734046936035156,-0.08540023924797424,-0.03281056880950928,-0.29539090394973755,-0.058224011827405775,-0.039198875427246094,-0.271129846572876,-0.011921951230760897,0.06738024950027466,-0.3525790870189667,-0.02710878351717838,0.05556929111480713,-0.42949947714805603,-0.07042386444300064,0.04028010368347168,-0.3066527247428894,-0.044198785592016065,0.03780287504196167,-0.27036547660827637,-0.008853013310726965
T,0.0,0.0,0.0,-0.12469428777694702,-0.052078068256378174,-0.04953046396167338,-0.2049306035041809,-0.24224460124969482,-0.05988707646520197,-0.19688892364501953,-0.4448730945587158,-0.07252963512928545,-0.1827484369277954,-0.5843047648668289,-0.07011406004221499,-0.20031899213790894,-0.3870868682861328,0.01969319701402128,-0.23594456911087036,-0.5452634990215302,-0.060507251618219016,-0.2009771466255188,-0.44879183173179626,-0.08471541732342303,-0.16940736770629883,-0.3729270398616791,-0.07896160214932024,-0.10661888122558594,-0.3962329924106598,0.017460995616602304,-0.1156049370765686,-0.5367132872343063,-0.06414956480057299,-0.10355216264724731,-0.3598778545856476,-0.06403572737963259,-0.10868817567825317,-0.3316233456134796,-0.0335341158488518,-0.017718493938446045,-0.3857671618461609,-0.0039981614963835455,-0.021475791931152344,-0.47861921787261963,-0.09180303543598711,-0.02889227867126465,-0.3044016659259796,-0.06338824212343752,-0.03938651084899902,-0.28854215145111084,-0.014906910916579363,0.07247215509414673,-0.36917394399642944,-0.03045776739509165,0.057205796241760254,-0.44231849908828735,-0.07482088982851565,0.04522144794464111,-0.31835582852363586,-0.04719571649820864,0.04380267858505249,-0.28708958625793457,-0.00982970438690245
T,0.0,0.0,0.0,-0.12557119131088257,-0.0551486611366272,-0.050225537233814066,-0.20526736974716187,-0.2426777482032776,-0.06107169013546354,-0.19804316759109497,-0.4448850452899933,-0.07385171946214086,-0.18198943138122559,-0.5832207053899765,-0.07060159739182836,-0.1994590163230896,-0.38752976059913635,0.017048131711021597,-0.23456436395645142,-0.54795803129673,-0.06478183712886221,-0.19669944047927856,-0.4479956030845642,-0.08984977748320944,-0.16319721937179565,-0.37384694814682007,-0.08511594679282553,-0.10345011949539185,-0.39690107107162476,0.014591966792181665,-0.11168092489242554,-0.5362093299627304,-0.06962176408694631,-0.09933137893676758,-0.3565979599952698,-0.07069803025649435,-0.10251820087432861,-0.3279871940612793,-0.04142715778277761,-0.01358264684677124,-0.3868614137172699,-0.00692673349828965,-0.016127288341522217,-0.4799748957157135,-0.09659975763486273,-0.025387465953826904,-0.30493777990341187,-0.06758935000823385,-0.03413766622543335,-0.2889900505542755,-0.018713712655767267,0.07837706804275513,-0.36929750442504883,-0.033520311080678766,0.06632709503173828,-0.44420570135116577,-0.07925713803695089,0.051998674869537354,-0.32090234756469727,-0.0515876039497698,0.05031365156173706,-0.2891659736633301,-0.014076855928465193
T,0.0,0.0,0.0,-0.132257342338562,-0.05108243227005005,-0.04352792426630003,-0.22023701667785645,-0.23662596940994263,-0.05225895791932089,-0.21872740983963013,-0.44149884581565857,-0.06369467153831465,-0.20224881172180176,-0.5821187198162079,-0.05977948456688864,-0.2166430950164795,-0.3797174394130707,0.021818516034045388,-0.25369471311569214,-0.5460197329521179,-0.057610840347251724,-0.21385115385055542,-0.4571947157382965,-0.08385004922433836,-0.18110132217407227,-0.3780626654624939,-0.08066374137683852,-0.11869996786117554,-0.3938502073287964,0.016304972770967652,-0.1299263834953308,-0.5387578159570694,-0.0661100380091284,-0.11336630582809448,-0.36439648270606995,-0.06946120485349638,-0.11898964643478394,-0.32540157437324524,-0.04259713813348753,-0.02618652582168579,-0.38692325353622437,-0.0070229347763870464,-0.03215909004211426,-0.4829374849796295,-0.09481817558094008,-0.036519527435302734,-0.3105354607105255,-0.06581533029361708,-0.047509193420410156,-0.2853529155254364,-0.01800237670227034,0.0699620246887207,-0.3697854280471802,-0.03470023423119528,0.05434292554855347,-0.4463103413581848,-0.08024394586368544,0.04297947883605957,-0.3214476704597473,-0.051379074153146576,0.03823632001876831,-0.284645140171051,-0.01357948109193785
T,0.0,0.0,0.0,-0.12812447547912598,-0.052529096603393555,-0.04320131863687493,-0.21925824880599976,-0.24494540691375732,-0.05296157549355485,-0.210921049118042,-0.4498690366744995,-0.06665881972048737,-0.18152129650115967,-0.5880349725484848,-0.06539110343192078,-0.21043938398361206,-0.39999574422836304,0.019497785091061814,-0.25016528367996216,-0.5640860497951508,-0.06450639914010026,-0.21317058801651,-0.4698912799358368,-0.09322921435568787,-0.17659848928451538,-0.388373464345932,-0.09099762390587784,-0.10954391956329346,-0.41251686215400696,0.012340615808625444,-0.12475454807281494,-0.5602172315120697,-0.07318718235228516,-0.11002302169799805,-0.37652596831321716,-0.07369723419878937,-0.10965871810913086,-0.33685627579689026,-0.04327165211770989,-0.015083909034729004,-0.4022705852985382,-0.013489694960753695,-0.024757683277130127,-0.4998214542865753,-0.10278839866850831,-0.0329166054725647,-0.3198682367801666,-0.07106574128602006,-0.039687156677246094,-0.2929628789424896,-0.020244358733634726,0.08235317468643188,-0.3836248815059662,-0.04394674550030686,0.06055933237075806,-0.4605657756328583,-0.08917235086892106,0.04616314172744751,-0.332407146692276,-0.058676211789588706,0.04517674446105957,-0.2945112884044647,-0.01918718095157601
T,0.0,0.0,0.0,-0.13155591487884521,-0.048714280128479004,-0.049413899076739654,-0.22120481729507446,-0.2501137852668762,-0.05858288903311859,-0.21582120656967163,-0.4622000753879547,-0.06993774522618423,-0.19902199506759644,-0.6051514595746994,-0.0648389776475824,-0.21325713396072388,-0.40266090631484985,0.020859446259578363,-0.24729251861572266,-0.5704866796731949,-0.062092037988463744,-0.21243631839752197,-0.46432429552078247,-0.08795535017327438,-0.18166905641555786,-0.38307806849479675,-0.0836481993325151,-0.11251240968704224,-0.4155372083187103,0.01718414563163151,-0.12590140104293823,-0.5622449666261673,-0.06772659171895157,-0.11377429962158203,-0.37567251920700073,-0.06882971723155151,-0.11475145816802979,-0.3432292938232422,-0.03871970076636444,-0.017001032829284668,-0.40623411536216736,-0.00594744889588128,-0.024407804012298584,-0.4994199872016907,-0.09654893924073349,-0.03398311138153076,-0.3164047598838806,-0.06614965398387085,-0.04201751947402954,-0.29741013050079346,-0.015945365769425734,0.08120465278625488,-0.3898145258426666,-0.03402564500049721,0.05967360734939575,-0.4600857198238373,-0.07884425867871414,0.04446190595626831,-0.32846346497535706,-0.04874532495216499,0.04371589422225952,-0.2958388328552246,-0.009661391494432792
T,0.0,0.0,0.0,-0.13360607624053955,-0.06018131971359253,-0.05056915828436104,-0.22237181663513184,-0.26175475120544434,-0.06292622560113159,-0.21784847974777222,-0.4732566773891449,-0.07816300564854828,-0.19624245166778564,-0.6207976192235947,-0.07672881358712402,-0.21093136072158813,-0.41817381978034973,0.01913154287785801,-0.25141775608062744,-0.5792622715234756,-0.06541038328259674,-0.21697998046875,-0.480227530002594,-0.09101045155375687,-0.17896020412445068,-0.40222087502479553,-0.08618582808821884,-0.10682904720306396,-0.43035396933555603,0.015116381222014752,-0.12252569198608398,-0.5702216923236847,-0.07079142355769363,-0.11291003227233887,-0.38234764337539673,-0.06949359202235428,-0.109458327293396,-0.35448741912841797,-0.0376535395666906,-0.009410977363586426,-0.41884157061576843,-0.008817734433705482,-0.02055257558822632,-0.511199414730072,-0.099289603768284,-0.03423166275024414,-0.32931697368621826,-0.06606923812478271,-0.038134992122650146,-0.31225037574768066,-0.013968345946068439,0.09036111831665039,-0.39883166551589966,-0.0381871128961393,0.06882363557815552,-0.47082531452178955,-0.08273522579520431,0.04795914888381958,-0.3424801230430603,-0.05201723450272766,0.046921372413635254,-0.30992817878723145,-0.012216762876505527
T,0.0,0.0,0.0,-0.13296246528625488,-0.056392014026641846,-0.049848733275325685,-0.22479397058486938,-0.2665061950683594,-0.06239865887084761,-0.21680980920791626,-0.4791181683540344,-0.07833251523891249,-0.1923685073852539,-0.6265943348407745,-0.07773848044791976,-0.2149285078048706,-0.42574799060821533,0.019779296786396117,-0.25644248723983765,-0.5904591977596283,-0.06395972686925688,-0.21841084957122803,-0.4938982129096985,-0.08845796602884093,-0.18054205179214478,-0.4140078127384186,-0.0828069688669757,-0.11341899633407593,-0.44008055329322815,0.014302438319532484,-0.12237286567687988,-0.5843112170696259,-0.07192038911500731,-0.1100454330444336,-0.39078328013420105,-0.06929052042880812,-0.11162632703781128,-0.35778939723968506,-0.03527623209276953,-0.01601862907409668,-0.4297558665275574,-0.01114499549487391,-0.01901113986968994,-0.518985390663147,-0.10237056928792754,-0.02998441457748413,-0.333607017993927,-0.06875401902118483,-0.03901994228363037,-0.31530797481536865,-0.015695538177283197,0.08279740810394287,-0.4095188081264496,-0.042091382472904115,0.07053732872009277,-0.4797741770744324,-0.08707676994720259,0.05126297473907471,-0.3481297492980957,-0.055606258838565736,0.04444760084152222,-0.31440475583076477,-0.014959610804112344
T,0.0,0.0,0.0,-0.13832491636276245,-0.06914740800857544,-0.0507908407900004,-0.22767162322998047,-0.28395897150039673,-0.06260052885147616,-0.21943986415863037,-0.49780499935150146,-0.07812807525726839,-0.19684964418411255,-0.6489664316177368,-0.07649792547556444,-0.21607637405395508,-0.43896377086639404,0.024896221205267466,-0.255446195602417,-0.6048089265823364,-0.06074347163769289,-0.21620780229568481,-0.49937278032302856,-0.0886597615036635,-0.17950594425201416,-0.4191626012325287,-0.08499780114027544,-0.10996675491333008,-0.4510105848312378,0.019971944361600436,-0.12152868509292603,-0.5954789370298386,-0.06610718186232134,-0.11090677976608276,-0.4034312069416046,-0.06672096814247652,-0.11077880859375,-0.3712743818759918,-0.03553123961421534,-0.009968757629394531,-0.4358537793159485,-0.005406395096656524,-0.016925811767578125,-0.5281634330749512,-0.09542538042398974,-0.029349446296691895,-0.34348294138908386,-0.06262636001440569,-0.03552067279815674,-0.32358095049858093,-0.01018172226133629,0.0909874439239502,-0.410247266292572,-0.03645790185066744,0.07613259553909302,-0.48611515760421753,-0.07812867875429674,0.054468631744384766,-0.35632258653640747,-0.044874804124560796,0.048705458641052246,-0.3209374248981476,-0.0031124218668310277
T,0.0,0.0,0.0,-0.13380050659179688,-0.0672616958618164,-0.057580780657303876,-0.22171413898468018,-0.28720641136169434,-0.07194072050072009,-0.21435970067977905,-0.5088992118835449,-0.08797989082552249,-0.19370299577713013,-0.6674456298351288,-0.08625017148472125,-0.2235109806060791,-0.4454455077648163,0.017688858834731036,-0.258736252784729,-0.6174130886793137,-0.07060983073927218,-0.21060770750045776,-0.5115663707256317,-0.1019055624029761,-0.1751648187637329,-0.4255273640155792,-0.1006415043494826,-0.11608690023422241,-0.45860037207603455,0.01570465373777097,-0.11391311883926392,-0.6069203019142151,-0.07237525326229388,-0.09737169742584229,-0.4141887128353119,-0.07546497178293521,-0.10667085647583008,-0.3737627863883972,-0.047157943668139524,-0.016056954860687256,-0.44172900915145874,-0.007168047549498624,-0.005367696285247803,-0.5382536053657532,-0.10089549464203174,-0.017263412475585938,-0.35155409574508667,-0.07060378086782748,-0.03605586290359497,-0.32253438234329224,-0.020427696826232022,0.08343929052352905,-0.41230857372283936,-0.03603839543677623,0.08734816312789917,-0.4878630042076111,-0.08327704709984118,0.06675028800964355,-0.3548315763473511,-0.05300954771257693,0.04872018098831177,-0.31466352939605713,-0.013282855460715837
T,0.0,0.0,0.0,-0.13352876901626587,-0.058067142963409424,-0.06363603313911881,-0.22794348001480103,-0.2838793396949768,-0.08114189495790924,-0.22174817323684692,-0.5140701830387115,-0.09962083240498032,-0.2005102038383484,-0.670217365026474,-0.09911121269215073,-0.2266804575920105,-0.44707050919532776,0.005312616662195069,-0.2562900185585022,-0.6286836117506027,-0.0881399570916983,-0.20944637060165405,-0.520064651966095,-0.11727713634718384,-0.17632067203521729,-0.4314799904823303,-0.11333027323235001,-0.11805886030197144,-0.4552163779735565,0.0044537751982716145,-0.11390149593353271,-0.6119297742843628,-0.0882204010104033,-0.09817290306091309,-0.40981316566467285,-0.08590157171238388,-0.11099112033843994,-0.3744305670261383,-0.053150905570873874,-0.016585469245910645,-0.4382716715335846,-0.018248291960844654,-0.0044182538986206055,-0.5467614531517029,-0.116507521173844,-0.014168858528137207,-0.3503611087799072,-0.07904165824402298,-0.033618807792663574,-0.3210635185241699,-0.023532672128567356,0.08211278915405273,-0.4112202525138855,-0.04774565463412728,0.08755320310592651,-0.4981609284877777,-0.09887569238890137,0.06974959373474121,-0.35817497968673706,-0.06594462533939804,0.05387163162231445,-0.3139738440513611,-0.023888763314971584
T,0.0,0.0,0.0,-0.1358690857887268,-0.06538224220275879,-0.06339616234834011,-0.2254360318183899,-0.2861994504928589,-0.08339263405139263,-0.21567243337631226,-0.5137895941734314,-0.10459966863925274,-0.1930299997329712,-0.6737058162689209,-0.10699801798398312,-0.22711771726608276,-0.45238807797431946,0.0037567855375755244,-0.2583656311035156,-0.6344146877527237,-0.09163749869401272,-0.21017897129058838,-0.5246153473854065,-0.12278681154782589,-0.1760684847831726,-0.4343174695968628,-0.11957196797663983,-0.11733537912368774,-0.4602864980697632,0.0023834279323864394,-0.111319899559021,-0.6139171421527863,-0.09062055404717739,-0.0963330864906311,-0.4157293736934662,-0.09050261880690869,-0.10966664552688599,-0.38169699907302856,-0.05940321739251431,-0.014339625835418701,-0.442799836397171,-0.020569101902196962,-0.0011647343635559082,-0.5463065505027771,-0.11804827954108532,-0.012729227542877197,-0.35513824224472046,-0.08343392516906079,-0.03263050317764282,-0.33009886741638184,-0.029962846072862703,0.08494842052459717,-0.41465237736701965,-0.050123407500336725,0.0889204740524292,-0.5006454288959503,-0.09912959392602261,0.06996411085128784,-0.36427709460258484,-0.06597354914481457,0.055053651332855225,-0.32250726222991943,-0.02369761745865162
T,0.0,0.0,0.0,-0.13717001676559448,-0.05450260639190674,-0.0664643727168368,-0.23030269145965576,-0.28066468238830566,-0.08369577004759776,-0.21776163578033447,-0.5149344205856323,-0.1010155983194636,-0.1938014030456543,-0.6696988046169281,-0.0992041908129977,-0.2278975248336792,-0.445313960313797,0.0020566924549711985,-0.25537359714508057,-0.6304592490196228,-0.09221690221875178,-0.20948338508605957,-0.5139297246932983,-0.12097714915125835,-0.17724817991256714,-0.42852646112442017,-0.11695689036696422,-0.11885994672775269,-0.4505213499069214,0.002598960844807152,-0.11038798093795776,-0.6059713810682297,-0.09157776906340587,-0.09808123111724854,-0.40124210715293884,-0.09010131730883586,-0.11370015144348145,-0.37246906757354736,-0.05799580811708438,-0.018089711666107178,-0.4331018924713135,-0.018817805491380568,0.0006468892097473145,-0.539287805557251,-0.11951959951966273,-0.013181507587432861,-0.3416728973388672,-0.085012771926813,-0.03515881299972534,-0.3213023841381073,-0.031416193388395186,0.08016586303710938,-0.40815216302871704,-0.047015302620820876,0.09100639820098877,-0.4896029829978943,-0.10032821520417201,0.07317227125167847,-0.34873509407043457,-0.06963180824368465,0.05865669250488281,-0.309373676776886,-0.028949145965270873
T,0.0,0.0,0.0,-0.13296234607696533,-0.0614355206489563,-0.06404364270315455,-0.22396183013916016,-0.28710752725601196,-0.08278677028761194,-0.20768821239471436,-0.5190503597259521,-0.10331801486358927,-0.1780627965927124,-0.6745747923851013,-0.1052785680924444,-0.2201053500175476,-0.45526301860809326,0.004056580148926514,-0.24592840671539307,-0.6383646726608276,-0.0911208481822996,-0.20189785957336426,-0.5235609710216522,-0.12018524271593378,-0.17066705226898193,-0.43385207653045654,-0.11548754734144495,-0.11034506559371948,-0.46066194772720337,0.002501448866269129,-0.10436773300170898,-0.6113622486591339,-0.0901869179044752,-0.09428775310516357,-0.40913382172584534,-0.0872383208309202,-0.10836386680603027,-0.381499707698822,-0.05399508935556696,-0.007824301719665527,-0.4417581558227539,-0.021227316681006414,0.0060479044914245605,-0.5442092418670654,-0.11977386635885523,-0.009464561939239502,-0.3483368158340454,-0.08379137677297877,-0.029492318630218506,-0.32662367820739746,-0.029221301648476583,0.09131300449371338,-0.4133049547672272,-0.05179082018480585,0.09642934799194336,-0.49736565351486206,-0.10226548624382303,0.07580924034118652,-0.35910549759864807,-0.0694317908321409,0.06199634075164795,-0.3183358907699585,-0.027232371020772916
T,0.0,0.0,0.0,-0.1357693076133728,-0.0581355094909668,-0.06581198519324971,-0.22785675525665283,-0.2847684621810913,-0.08327053582524968,-0.21520358324050903,-0.5176273882389069,-0.10272990262365056,-0.1955835223197937,-0.6733981668949127,-0.10311012065267278,-0.2253994345664978,-0.45597660541534424,0.01112430261218833,-0.25030213594436646,-0.6433227062225342,-0.08683797812318517,-0.20699524879455566,-0.5191467106342316,-0.11818590110397054,-0.17942935228347778,-0.43013158440589905,-0.11421048736428929,-0.11767733097076416,-0.46099939942359924,0.010102940702381602,-0.11085450649261475,-0.6167314499616623,-0.08593604063844396,-0.10146212577819824,-0.4100634455680847,-0.08530266678189946,-0.1167442798614502,-0.3833751678466797,-0.05200704282378865,-0.015763044357299805,-0.4431350827217102,-0.014134435004052648,0.0001220703125,-0.547572135925293,-0.11717984175538732,-0.015184521675109863,-0.34647050499916077,-0.08281061148500157,-0.036566078662872314,-0.3273777961730957,-0.0273315282747717,0.08488237857818604,-0.41640886664390564,-0.045259793309924135,0.09218204021453857,-0.49902719259262085,-0.09761965370034886,0.0711907148361206,-0.35661864280700684,-0.06528420096492482,0.05530989170074463,-0.31641530990600586,-0.022551146356818208
T,0.0,0.0,0.0,-0.13552415370941162,-0.06495881080627441,-0.06372353448512058,-0.22501075267791748,-0.2860161066055298,-0.08337136371972065,-0.2131286859512329,-0.5174176692962646,-0.1058612541759203,-0.19807952642440796,-0.6774790585041046,-0.11029384299160938,-0.22339600324630737,-0.45433422923088074,0.010512152547221376,-0.25297707319259644,-0.6413102149963379,-0.08799993260743122,-0.20873534679412842,-0.5301727652549744,-0.121354244788904,-0.17604786157608032,-0.442638635635376,-0.11881361170651417,-0.11609798669815063,-0.4602701663970947,0.007823740923981859,-0.11354392766952515,-0.6188499480485916,-0.08755759163739185,-0.10071820020675659,-0.414972186088562,-0.08779640509726505,-0.11322224140167236,-0.3856421113014221,-0.05569871901514034,-0.013145625591278076,-0.44321924448013306,-0.017484843870420264,-0.001866161823272705,-0.5565491318702698,-0.12039896114708881,-0.014005303382873535,-0.3547781705856323,-0.08507481231333713,-0.03304821252822876,-0.32837164402008057,-0.02888103960992794,0.0879785418510437,-0.41587990522384644,-0.04950021221281986,0.09157496690750122,-0.5088686347007751,-0.1021725015247057,0.07245427370071411,-0.368308961391449,-0.06852718456627827,0.058594465255737305,-0.3248092234134674,-0.02457989766242008
T,0.0,0.0,0.0,-0.13828575611114502,-0.07130581140518188,-0.059929643590180603,-0.22644346952438354,-0.29303669929504395,-0.07566380577179643,-0.21467649936676025,-0.5196540355682373,-0.09466675000282976,-0.19765251874923706,-0.6771096289157867,-0.09563517646881792,-0.22160637378692627,-0.4567444622516632,0.018360206093461784,-0.25058436393737793,-0.6413679718971252,-0.07775674091669771,-0.20767027139663696,-0.5179311633110046,-0.11177115963789674,-0.17864829301834106,-0.43175482749938965,-0.11065377371403429,-0.1135549545288086,-0.4634745717048645,0.014409491959781917,-0.11480295658111572,-0.6210038512945175,-0.08072754072043153,-0.10265672206878662,-0.41748711466789246,-0.08523787634464952,-0.11131811141967773,-0.38440951704978943,-0.056044240314690796,-0.010684072971343994,-0.44504207372665405,-0.011772710662512509,-0.003336668014526367,-0.5521813035011292,-0.11375606881472322,-0.01605445146560669,-0.3509676456451416,-0.08253964858147356,-0.03156381845474243,-0.32562804222106934,-0.02879149729403707,0.09089893102645874,-0.4160532057285309,-0.04410786630603525,0.09112799167633057,-0.5047741234302521,-0.09431046323868486,0.07000982761383057,-0.3646477162837982,-0.0616991825589821,0.05774331092834473,-0.3221784234046936,-0.018835534174172608
T,0.0,0.0,0.0,-0.13771414756774902,-0.07325923442840576,-0.060168168967265956,-0.22741878032684326,-0.28813111782073975,-0.07838736799885737,-0.2179337739944458,-0.5127231180667877,-0.09982037124564158,-0.1955777406692505,-0.6712161004543304,-0.10300435451199519,-0.22415924072265625,-0.45451828837394714,0.01698633144269479,-0.25507259368896484,-0.6375606209039688,-0.07840343145062434,-0.21101343631744385,-0.5232262015342712,-0.11225661215712535,-0.1787494421005249,-0.4382711946964264,-0.11134599474598872,-0.1163298487663269,-0.46327292919158936,0.01335679973135484,-0.11759954690933228,-0.6192135810852051,-0.08037498173644053,-0.10493350028991699,-0.41918665170669556,-0.08385176536967265,-0.11351799964904785,-0.38868075609207153,-0.05429943603803622,-0.013508379459381104,-0.44539228081703186,-0.012396197294492595,-0.0059822797775268555,-0.5479893088340759,-0.11169563559224116,-0.019648313522338867,-0.3542059659957886,-0.08052733120848643,-0.03627234697341919,-0.3341873586177826,-0.027823294972677104,0.08789205551147461,-0.4159071147441864,-0.04448053193618762,0.08818405866622925,-0.4986817240715027,-0.09211164293219554,0.06549173593521118,-0.36317670345306396,-0.05955686745573985,0.05090487003326416,-0.32525721192359924,-0.017474146088261477
T,0.0,0.0,0.0,-0.13868677616119385,-0.0675966739654541,-0.06028745363391863,-0.22795790433883667,-0.28977882862091064,-0.07673974747694956,-0.21845269203186035,-0.5184540748596191,-0.09559283072985636,-0.20147699117660522,-0.6758572161197662,-0.09565493131913172,-0.22610688209533691,-0.4501897096633911,0.014867969388888014,-0.2555217146873474,-0.6339354068040848,-0.07862457300461756,-0.20984411239624023,-0.5206710696220398,-0.10876671637333857,-0.17742270231246948,-0.43385642766952515,-0.10491408075131403,-0.11719220876693726,-0.4583280682563782,0.01234422304742111,-0.11660677194595337,-0.6129803955554962,-0.0796840977195643,-0.10324060916900635,-0.41211774945259094,-0.07976463104523646,-0.11477655172348022,-0.38174158334732056,-0.04810581023730265,-0.014590680599212646,-0.44088220596313477,-0.012168242064490187,-0.0060416460037231445,-0.543653130531311,-0.11038367862738596,-0.018574118614196777,-0.34893515706062317,-0.07679085100926386,-0.03706216812133789,-0.3270665407180786,-0.023109665540232527,0.08611655235290527,-0.41354915499687195,-0.043007277351989615,0.08762174844741821,-0.49378857016563416,-0.09126027340926157,0.06680715084075928,-0.3569374680519104,-0.058575869006290304,0.05197024345397949,-0.31869351863861084,-0.016558640104904043
T,0.0,0.0,0.0,-0.13756811618804932,-0.0696306824684143,-0.06301760308815574,-0.22575116157531738,-0.2865660786628723,-0.07954813920332526,-0.21710312366485596,-0.5111231207847595,-0.09800093256308173,-0.19917011260986328,-0.664698451757431,-0.09789726518465613,-0.22331947088241577,-0.44657906889915466,0.013745550919338712,-0.24892783164978027,-0.6289575546979904,-0.0818300806768093,-0.20569974184036255,-0.5082313716411591,-0.11483103417231177,-0.17762815952301025,-0.4241895377635956,-0.11339589588715171,-0.11368930339813232,-0.4523826539516449,0.012026342485114583,-0.11274927854537964,-0.6103388071060181,-0.08358043812586402,-0.10014277696609497,-0.4081428349018097,-0.08678953729940986,-0.11155843734741211,-0.3756156265735626,-0.05671887107564544,-0.010923326015472412,-0.4342415928840637,-0.011976116415098659,-0.0017018318176269531,-0.5396900177001953,-0.11424665533377265,-0.014916658401489258,-0.34284529089927673,-0.08358490102364158,-0.033741652965545654,-0.3189055919647217,-0.03054991931094264,0.08993440866470337,-0.4072229564189911,-0.04231403403355216,0.09247344732284546,-0.48965322971343994,-0.09404329590870475,0.07154422998428345,-0.3517026901245117,-0.06372733049465751,0.055937886238098145,-0.3104417324066162,-0.022732414383426658
T,0.0,0.0,0.0,-0.13529479503631592,-0.07098966836929321,-0.062202269487897865,-0.22387075424194336,-0.2894480228424072,-0.07910948460630607,-0.2150927186012268,-0.5142354369163513,-0.09839899306825828,-0.1972678303718567,-0.6710105240345001,-0.09931509410671424,-0.22252410650253296,-0.4539707899093628,0.015503677263041027,-0.250000536441803,-0.6336972564458847,-0.08059976463846397,-0.20709866285324097,-0.516291618347168,-0.11357122873596381,-0.1769782304763794,-0.43153810501098633,-0.11176470135978889,-0.11400437355041504,-0.4609062671661377,0.012780374570866115,-0.11373013257980347,-0.6196093410253525,-0.08249331479601096,-0.10110121965408325,-0.41623127460479736,-0.08480295007757377,-0.11074799299240112,-0.3855506181716919,-0.05375078534416389,-0.010350406169891357,-0.4420715570449829,-0.012463235572795384,-0.0009748339653015137,-0.5474995076656342,-0.11471196477941703,-0.014950156211853027,-0.3502503037452698,-0.08339239125780296,-0.033028244972229004,-0.32886093854904175,-0.02972101634077262,0.0919351577758789,-0.4130801856517792,-0.04405863424472045,0.0942491888999939,-0.4992169737815857,-0.09583869790367316,0.07162714004516602,-0.36153554916381836,-0.06502089118293952,0.055741190910339355,-0.3208281695842743,-0.023515833818237297
T,0.0,0.0,0.0,-0.13759958744049072,-0.07202976942062378,-0.05526701381540988,-0.22791677713394165,-0.28772038221359253,-0.06920040419436191,-0.21978914737701416,-0.51090407371521,-0.08656341603136752,-0.20072782039642334,-0.665442943572998,-0.08607370426989291,-0.22343528270721436,-0.4414573907852173,0.021032381596796768,-0.2534959316253662,-0.6249861121177673,-0.06812591871357654,-0.2126239538192749,-0.5112877786159515,-0.09675834348536227,-0.18473374843597412,-0.4222067892551422,-0.09242251535988544,-0.11651754379272461,-0.45386630296707153,0.017056619542472617,-0.12163126468658447,-0.6111007928848267,-0.07340779176092838,-0.10824686288833618,-0.4156572222709656,-0.07629063746071552,-0.11602330207824707,-0.3809143900871277,-0.04593642076588367,-0.013505637645721436,-0.4409148693084717,-0.007970167529947503,-0.009461402893066406,-0.5389219224452972,-0.10459859689808582,-0.02100837230682373,-0.3499040901660919,-0.0760528223786423,-0.03657108545303345,-0.33028602600097656,-0.025073593688375695,0.09055143594741821,-0.41739335656166077,-0.03859362026787494,0.08611428737640381,-0.49791207909584045,-0.08490109464264606,0.06463223695755005,-0.366586297750473,-0.05477178117371295,0.05229461193084717,-0.3290003538131714,-0.014691132326788647
T,0.0,0.0,0.0,-0.13575339317321777,-0.07450872659683228,-0.05386736392415514,-0.2244257926940918,-0.29813849925994873,-0.06667693480289927,-0.21226996183395386,-0.5204383432865143,-0.08369625135696879,-0.1898277997970581,-0.6733390688896179,-0.08327482416666498,-0.21533656120300293,-0.4506436884403229,0.022809926798572633,-0.24356162548065186,-0.6322862803936005,-0.06634761914051523,-0.20600032806396484,-0.5179731547832489,-0.09473197683132639,-0.18004024028778076,-0.4279164969921112,-0.09007087125814905,-0.10914081335067749,-0.4615435004234314,0.01749832593463907,-0.11337882280349731,-0.6167692840099335,-0.07168044670856943,-0.10143327713012695,-0.4194859564304352,-0.07322958632744303,-0.10990864038467407,-0.3879425823688507,-0.04169582724011889,-0.005681514739990234,-0.4473106861114502,-0.009022626647720244,-0.002539396286010742,-0.5451180338859558,-0.10426834001577845,-0.014474570751190186,-0.3540239930152893,-0.0737421713713502,-0.030676662921905518,-0.3350365161895752,-0.02172899022139063,0.09870302677154541,-0.4227472245693207,-0.04129365980065813,0.09283852577209473,-0.5048457384109497,-0.08648521229065409,0.07164907455444336,-0.3712013363838196,-0.054477883124718574,0.059385061264038086,-0.33270877599716187,-0.013210813136765864
T,0.0,0.0,0.0,-0.13762515783309937,-0.07076263427734375,-0.054890117179297704,-0.22576189041137695,-0.28314584493637085,-0.06715297935500075,-0.21064358949661255,-0.5051679015159607,-0.08262469110979964,-0.19134628772735596,-0.6567789614200592,-0.08053810385956695,-0.2166348695755005,-0.4414084255695343,0.023467957470870715,-0.251009464263916,-0.6186319440603256,-0.0657384121228688,-0.21482133865356445,-0.5013961791992188,-0.09579605845704009,-0.18463724851608276,-0.41596296429634094,-0.09306975690617492,-0.10966479778289795,-0.45317137241363525,0.01975267516479562,-0.1203310489654541,-0.6072736084461212,-0.07070850817456176,-0.11080890893936157,-0.4097650945186615,-0.0747117796350949,-0.11316341161727905,-0.37977898120880127,-0.04500577462806632,-0.006563842296600342,-0.4405815005302429,-0.005104342978142995,-0.009659230709075928,-0.5381367802619934,-0.10208687422766616,-0.024226725101470947,-0.3450934588909149,-0.0728347027112477,-0.03409171104431152,-0.32856038212776184,-0.0210316018570893,0.09920382499694824,-0.4190519452095032,-0.03564287958636214,0.08595436811447144,-0.49600255489349365,-0.08164135603203704,0.062147676944732666,-0.3620382249355316,-0.050503479819440145,0.05453366041183472,-0.3289186954498291,-0.009559442791783113
T,0.0,0.0,0.0,-0.13499444723129272,-0.07083249092102051,-0.0514603344228135,-0.2229018211364746,-0.2861558198928833,-0.06225682920478448,-0.2073512077331543,-0.5067164897918701,-0.07654999321960076,-0.18348711729049683,-0.6547970175743103,-0.07381183779500589,-0.21126866340637207,-0.44465726613998413,0.02163899191953078,-0.24683690071105957,-0.6204769611358643,-0.06679976111911401,-0.21254360675811768,-0.5047999322414398,-0.09512775516770944,-0.18284231424331665,-0.41648197174072266,-0.09094096845649347,-0.10435938835144043,-0.4554704427719116,0.016259467837585362,-0.11818480491638184,-0.6110719740390778,-0.07299076146148309,-0.10921865701675415,-0.41157272458076477,-0.07394069558642968,-0.11067265272140503,-0.3787202537059784,-0.04183201617263421,-0.000914156436920166,-0.43971511721611023,-0.009676550837980358,-0.008295655250549316,-0.539300411939621,-0.10609033084176644,-0.022902071475982666,-0.3436535596847534,-0.0740491536881791,-0.03139638900756836,-0.3236920237541199,-0.020268644529210178,0.10482192039489746,-0.4132291078567505,-0.04088173559568986,0.08781111240386963,-0.4946433901786804,-0.08713384843133554,0.06470280885696411,-0.3591611981391907,-0.05413768193386659,0.05904960632324219,-0.3237384557723999,-0.011710136520491687
T,0.0,0.0,0.0,-0.13423508405685425,-0.07003122568130493,-0.054115942501084646,-0.22406458854675293,-0.2761126756668091,-0.06742836796547635,-0.21254324913024902,-0.4939437508583069,-0.08342613541390165,-0.19522815942764282,-0.6430301368236542,-0.0821696918537782,-0.21739161014556885,-0.43982750177383423,0.01796106732581393,-0.2532445192337036,-0.6112034469842911,-0.07051739358212217,-0.21707266569137573,-0.5013135373592377,-0.09836479537989362,-0.1867281198501587,-0.4149366617202759,-0.09388280176426633,-0.1108434796333313,-0.45356816053390503,0.01368373370860354,-0.12351006269454956,-0.6059648990631104,-0.07483291142489179,-0.11177068948745728,-0.4094190001487732,-0.07503768318201764,-0.114127516746521,-0.3797122836112976,-0.04268398397471174,-0.006962776184082031,-0.4418131411075592,-0.011112520292954287,-0.01340949535369873,-0.5391470938920975,-0.10907379054333433,-0.02579289674758911,-0.3446877598762512,-0.07713020854498609,-0.03598672151565552,-0.32573604583740234,-0.023137966923968634,0.09905719757080078,-0.41721752285957336,-0.04114335291887983,0.08211463689804077,-0.49613410234451294,-0.0904821183612512,0.060599565505981445,-0.3594406247138977,-0.05819390603210195,0.05362457036972046,-0.323583722114563,-0.015567213118629297
T,0.0,0.0,0.0,-0.13670098781585693,-0.061275601387023926,-0.05124023602900252,-0.2261257767677307,-0.2708345651626587,-0.06038242624697432,-0.21317654848098755,-0.4921469986438751,-0.07301252381500944,-0.19542145729064941,-0.6380775421857834,-0.06847950862345442,-0.21542000770568848,-0.43123510479927063,0.02855364559593454,-0.24968791007995605,-0.6095359921455383,-0.058667395725819915,-0.21768814325332642,-0.4929679036140442,-0.08731614844498381,-0.18930524587631226,-0.4044070839881897,-0.08349654869732603,-0.10969400405883789,-0.4434042274951935,0.02449773578348413,-0.12238377332687378,-0.5948467999696732,-0.06423943535980925,-0.11330276727676392,-0.39599156379699707,-0.06653383420405135,-0.11456727981567383,-0.3659529387950897,-0.03543723420796141,-0.009234070777893066,-0.43112584948539734,-0.000443465014427602,-0.01667952537536621,-0.5302890092134476,-0.09648298518357024,-0.030432522296905518,-0.3350161612033844,-0.06489780591425642,-0.038248300552368164,-0.3161587417125702,-0.01167778623846516,0.0940544605255127,-0.40948790311813354,-0.03076707431671366,0.07335495948791504,-0.4840114414691925,-0.07717111752924666,0.05354517698287964,-0.3461224436759949,-0.04482449264821753,0.051365554332733154,-0.31224456429481506,-0.002823599377620667
T,0.0,0.0,0.0,-0.14117121696472168,-0.06493622064590454,-0.04982090140958917,-0.22954118251800537,-0.2680426836013794,-0.05996736283680093,-0.21723151206970215,-0.49020519852638245,-0.07416385929366243,-0.20589584112167358,-0.6432809829711914,-0.07302318285485399,-0.2208402156829834,-0.4247543215751648,0.03380632255891669,-0.26253068447113037,-0.5945108979940414,-0.05233678738852632,-0.23268914222717285,-0.49778464436531067,-0.08195056538363588,-0.1959139108657837,-0.4127289950847626,-0.07850085716029298,-0.11737436056137085,-0.43688273429870605,0.02878671739915717,-0.13332325220108032,-0.5928034484386444,-0.05996925528427255,-0.12352168560028076,-0.4015342593193054,-0.06329671810647142,-0.11975640058517456,-0.36615467071533203,-0.031804715798102734,-0.017704665660858154,-0.42569229006767273,0.0028530696380357767,-0.026960790157318115,-0.5284320563077927,-0.09493639092227113,-0.039441823959350586,-0.33654752373695374,-0.06474473099490297,-0.044554293155670166,-0.3127484917640686,-0.010955824100278733,0.08679181337356567,-0.4045489728450775,-0.028161938817106602,0.06114017963409424,-0.48608189821243286,-0.07743783812304628,0.04297381639480591,-0.349225789308548,-0.04620105545302522,0.043573975563049316,-0.31265878677368164,-0.004038287375919936
T,0.0,0.0,0.0,-0.13920921087265015,-0.06478166580200195,-0.05053523809272065,-0.22728252410888672,-0.27161315083503723,-0.05964659780818238,-0.2147057056427002,-0.49393582344055176,-0.07226128385025277,-0.1982952356338501,-0.6449854373931885,-0.06905763105112328,-0.21671652793884277,-0.42822265625,0.03172594054979072,-0.25582510232925415,-0.5904337018728256,-0.052683948283970494,-0.22582584619522095,-0.4916226863861084,-0.07853251949507012,-0.18997156620025635,-0.4077552556991577,-0.07256738350349679,-0.11201995611190796,-0.4394019544124603,0.02732157453340278,-0.12651056051254272,-0.5899510234594345,-0.060368052428543706,-0.1157904863357544,-0.39484894275665283,-0.05921334282118096,-0.1145402193069458,-0.36045143008232117,-0.02442509189802422,-0.012262403964996338,-0.42647820711135864,0.0017978328038452673,-0.02057814598083496,-0.5246667563915253,-0.09603248790460839,-0.03191554546356201,-0.33114567399024963,-0.06329933062750115,-0.038387835025787354,-0.3082238733768463,-0.007848862303376336,0.09045815467834473,-0.4035724997520447,-0.028849792411506314,0.06948208808898926,-0.4837214946746826,-0.0799886758680941,0.05274760723114014,-0.34670886397361755,-0.04937812567311539,0.0526314377784729,-0.3113747239112854,-0.0073916667382718515
T,0.0,0.0,0.0,-0.1412796974182129,-0.06503331661224365,-0.05021924025277258,-0.22779256105422974,-0.26771777868270874,-0.06000283977846266,-0.21372640132904053,-0.48485445976257324,-0.07348385325531126,-0.19451558589935303,-0.6347377896308899,-0.07184085122207762,-0.21236389875411987,-0.4229740500450134,0.03263194614191889,-0.2536191940307617,-0.5867699384689331,-0.051452691321173916,-0.22471648454666138,-0.4896292984485626,-0.08019716164926649,-0.18931609392166138,-0.4065660536289215,-0.07709616294960142,-0.10962039232254028,-0.4356856644153595,0.027843981395562878,-0.12367618083953857,-0.5864465534687042,-0.05986575282076956,-0.11556226015090942,-0.39575621485710144,-0.0625211583719647,-0.11290121078491211,-0.3584718704223633,-0.030854393382469425,-0.012004971504211426,-0.42227351665496826,0.002261967511003604,-0.0199773907661438,-0.5197618156671524,-0.0939586373315251,-0.03340882062911987,-0.3309989869594574,-0.0638786988602078,-0.03839612007141113,-0.3084776997566223,-0.010773398567835102,0.08990192413330078,-0.39757248759269714,-0.028546104793349514,0.06939715147018433,-0.47533613443374634,-0.07840821019271971,0.05094271898269653,-0.34069526195526123,-0.04859209678033949,0.05053454637527466,-0.3059247136116028,-0.007511104577133665
T,0.0,0.0,0.0,-0.135972797870636,-0.06360304355621338,-0.04988224194551094,-0.21985667943954468,-0.26469099521636963,-0.06073827059174164,-0.2056065797805786,-0.48344409465789795,-0.07551333443427666,-0.18895339965820312,-0.6340644955635071,-0.0747892721107064,-0.20698553323745728,-0.4235720634460449,0.030608922753685874,-0.24780458211898804,-0.5846613347530365,-0.054689792405611115,-0.21863853931427002,-0.484732061624527,-0.08229776607061012,-0.18277013301849365,-0.39857473969459534,-0.07776461676860436,-0.10479390621185303,-0.43331122398376465,0.02577291852628605,-0.1193082332611084,-0.5784248560667038,-0.0604225336124955,-0.1098020076751709,-0.3859707713127136,-0.05952496961856468,-0.1081700325012207,-0.3549153804779053,-0.026201834391599732,-0.007831752300262451,-0.4194720685482025,-8.801116803169862e-05,-0.014672279357910156,-0.516230583190918,-0.09622826562429054,-0.026992976665496826,-0.3267221450805664,-0.06323333964849098,-0.03181016445159912,-0.3048921823501587,-0.008729475971108513,0.09313017129898071,-0.3951280117034912,-0.0312782465031205,0.07338553667068481,-0.47363799810409546,-0.08238876001144035,0.05583149194717407,-0.3391319215297699,-0.05224317447448357,0.05586904287338257,-0.30306893587112427,-0.010992976326292592
T,0.0,0.0,0.0,-0.13599151372909546,-0.0620495080947876,-0.04971049748701262,-0.22039705514907837,-0.26400405168533325,-0.0605258757655065,-0.20476502180099487,-0.48416003584861755,-0.07505618803543257,-0.1883946657180786,-0.6351766288280487,-0.07451251916927504,-0.20988166332244873,-0.42514514923095703,0.029033029225047358,-0.25118929147720337,-0.5872629284858704,-0.05526318423790144,-0.223857581615448,-0.4952237904071808,-0.08214888744396376,-0.1884068250656128,-0.40508273243904114,-0.07702712737363981,-0.10790151357650757,-0.43672043085098267,0.02413042425769163,-0.12309211492538452,-0.5857874602079391,-0.060589533526126615,-0.11400896310806274,-0.3934177756309509,-0.0578986967389028,-0.11186826229095459,-0.3570238947868347,-0.023311216611091368,-0.010668039321899414,-0.4221631586551666,-0.0015990005281310005,-0.01708167791366577,-0.523438885807991,-0.09702084981245207,-0.03029698133468628,-0.3338654935359955,-0.06207313783806967,-0.03476172685623169,-0.3054605722427368,-0.006320849287931196,0.09242886304855347,-0.3953188955783844,-0.032729454565469496,0.07223886251449585,-0.47906363010406494,-0.08481071167034315,0.053766489028930664,-0.34463411569595337,-0.054081566858712904,0.0524178147315979,-0.3054155111312866,-0.012272319052044622
T,0.0,0.0,0.0,-0.13879966735839844,-0.0714411735534668,-0.045368127003484915,-0.22293132543563843,-0.26874715089797974,-0.053652047589594076,-0.21131330728530884,-0.4847561717033386,-0.06665147788839931,-0.19792813062667847,-0.6360253989696503,-0.06466360338049526,-0.20974647998809814,-0.42457830905914307,0.04066398419422512,-0.25525492429733276,-0.5812678337097168,-0.039965059086853216,-0.22850286960601807,-0.4928032159805298,-0.06607112236338253,-0.1902235746383667,-0.409151554107666,-0.06100520811992283,-0.10774517059326172,-0.43658170104026794,0.034562327489084055,-0.12764859199523926,-0.5845002979040146,-0.04836898244934673,-0.1184086799621582,-0.39403337240219116,-0.04734751902537937,-0.11171901226043701,-0.35829830169677734,-0.013528321348303507,-0.010436713695526123,-0.4226936399936676,0.007699619103050281,-0.02300506830215454,-0.5232662409543991,-0.08637523598986263,-0.034928977489471436,-0.3346942365169525,-0.05343252368288631,-0.034540772438049316,-0.30936336517333984,0.0015991957018286485,0.09210836887359619,-0.3965880572795868,-0.024083157479935835,0.06755727529525757,-0.47789129614830017,-0.07361953653412456,0.04884791374206543,-0.3434622883796692,-0.04282875679450626,0.05155748128890991,-0.3071075677871704,-0.0008880465200036269
T,0.0,0.0,0.0,-0.137060284614563,-0.0618898868560791,-0.04992222075463815,-0.22149741649627686,-0.26002395153045654,-0.059222601699843835,-0.20825797319412231,-0.4781418740749359,-0.07194639404417558,-0.19771713018417358,-0.6281532049179077,-0.06912940402628465,-0.20957887172698975,-0.41796013712882996,0.03279374132750945,-0.2519392967224121,-0.5815629661083221,-0.05127515305878205,-0.2226475477218628,-0.480640172958374,-0.07948572595716996,-0.1872691512107849,-0.3946678936481476,-0.07572894205452485,-0.10677099227905273,-0.4297082722187042,0.02885743382273631,-0.12108594179153442,-0.579196572303772,-0.05756375973226113,-0.11293017864227295,-0.3852348029613495,-0.05824706737996621,-0.1110985279083252,-0.350139319896698,-0.025856931108251047,-0.010766148567199707,-0.4160442352294922,0.004015012298509646,-0.01710110902786255,-0.5193756073713303,-0.0918578546226172,-0.030373990535736084,-0.32770058512687683,-0.0594377632916121,-0.03415316343307495,-0.30238568782806396,-0.0051579008542148586,0.089272141456604,-0.39149218797683716,-0.026203666228070688,0.07301300764083862,-0.4700636565685272,-0.07764871080519242,0.05403459072113037,-0.33568286895751953,-0.048484798866525125,0.05323106050491333,-0.2998077869415283,-0.007778212308153343
T,0.0,0.0,0.0,-0.1418759822845459,-0.0660359263420105,-0.04619948279412256,-0.22543877363204956,-0.2647709250450134,-0.052686464901285035,-0.2116723656654358,-0.4830350875854492,-0.06369074892552362,-0.19869083166122437,-0.6318302154541016,-0.059800811971740586,-0.2129644751548767,-0.4183430075645447,0.04323578912465109,-0.2529486417770386,-0.5766438692808151,-0.037930876876430375,-0.225019633769989,-0.4798823893070221,-0.0649868146732615,-0.18947339057922363,-0.3968537449836731,-0.06040698003323541,-0.11093020439147949,-0.4301678538322449,0.0381092942103578,-0.12742602825164795,-0.5808813720941544,-0.0452354111924933,-0.11904913187026978,-0.38954484462738037,-0.04547704097183214,-0.11524289846420288,-0.35400065779685974,-0.012404226626472337,-0.014176607131958008,-0.41755589842796326,0.011912237924320834,-0.023634016513824463,-0.5193471312522888,-0.08338257383854852,-0.03631293773651123,-0.32821786403656006,-0.0521556445613669,-0.038383662700653076,-0.30081427097320557,0.002220582986979025,0.08815670013427734,-0.3941044211387634,-0.019106182198243005,0.06576496362686157,-0.4766255021095276,-0.06915533256085382,0.04745912551879883,-0.3401956260204315,-0.03905830245764719,0.047853052616119385,-0.3012159466743469,0.002554644436372655
T,0.0,0.0,0.0,-0.13830417394638062,-0.052890896797180176,-0.04506644668322224,-0.2266223430633545,-0.25342923402786255,-0.051062167308145945,-0.2132377028465271,-0.4751703143119812,-0.06139116050940174,-0.1962451934814453,-0.6206551492214203,-0.0569911679838242,-0.21076899766921997,-0.405938982963562,0.03644508434194904,-0.2511184811592102,-0.5689513087272644,-0.045244109502846186,-0.2226811647415161,-0.47134724259376526,-0.0738482332442345,-0.1875300407409668,-0.3855416774749756,-0.07114637704830784,-0.10976123809814453,-0.4179524779319763,0.030937665456121977,-0.12556052207946777,-0.5685700327157974,-0.05370669128637928,-0.11590796709060669,-0.3811696767807007,-0.055907101056391184,-0.11350351572036743,-0.3409763276576996,-0.025503760821038668,-0.015104293823242188,-0.4054943919181824,0.005315041483527239,-0.02279895544052124,-0.5106656700372696,-0.08873567791920323,-0.03342092037200928,-0.3231373727321625,-0.05757876547318119,-0.03585749864578247,-0.2905980348587036,-0.004905661719703858,0.08622497320175171,-0.384169340133667,-0.025118955097013895,0.06515413522720337,-0.46483713388442993,-0.07480222793560642,0.049479544162750244,-0.33235979080200195,-0.045707714429909174,0.05129742622375488,-0.2934790849685669,-0.005898412003034537
T,0.0,0.0,0.0,-0.13718509674072266,-0.05291944742202759,-0.04642602930039175,-0.22130435705184937,-0.25347569584846497,-0.05186224857538946,-0.20909595489501953,-0.4721788167953491,-0.06105832139223821,-0.19638586044311523,-0.6163118630647659,-0.05541708449095495,-0.21087324619293213,-0.40222564339637756,0.03568123897343867,-0.248959481716156,-0.5657616257667542,-0.04586467275589712,-0.22076469659805298,-0.46095260977745056,-0.07375635335415609,-0.1891474723815918,-0.37646448612213135,-0.07031329849928625,-0.10923522710800171,-0.41332894563674927,0.03117143606573336,-0.12572669982910156,-0.5629538595676422,-0.05294685194462545,-0.11599528789520264,-0.3734986186027527,-0.05528565624922521,-0.11431890726089478,-0.3362576961517334,-0.024815525284111573,-0.01376032829284668,-0.4010637700557709,0.0064828448164462316,-0.023427367210388184,-0.5045734792947769,-0.08750748763054617,-0.03306150436401367,-0.31465885043144226,-0.05750358605951078,-0.03563284873962402,-0.2854972779750824,-0.005265126826316191,0.08599841594696045,-0.38109347224235535,-0.02296144271463163,0.06468373537063599,-0.45943236351013184,-0.07188613841503866,0.05035525560379028,-0.32530149817466736,-0.04285650829046972,0.05247122049331665,-0.28771573305130005,-0.0030338581484556926
T,0.0,0.0,0.0,-0.12467551231384277,-0.05183684825897217,-0.048858746370797235,-0.2068260908126831,-0.25335994362831116,-0.05779132940483578,-0.19061380624771118,-0.4723083972930908,-0.07010236330938824,-0.1733359694480896,-0.6121795624494553,-0.0677041704268504,-0.1890016794204712,-0.40642213821411133,0.023586828777069968,-0.22073841094970703,-0.5651154816150665,-0.058017413547759134,-0.1987101435661316,-0.46941983699798584,-0.08315265127134808,-0.16898924112319946,-0.3858989179134369,-0.07809707470846661,-0.09048080444335938,-0.4099234640598297,0.020156786361212653,-0.10249388217926025,-0.5556057542562485,-0.06294515677404888,-0.0980292558670044,-0.3674577474594116,-0.06037632696938999,-0.09981071949005127,-0.33747223019599915,-0.027549964791660386,0.0023719072341918945,-0.3945810794830322,-0.0031291183051962435,-0.0023542046546936035,-0.49701814353466034,-0.09516376950455196,-0.01683652400970459,-0.3103237748146057,-0.06111301802707203,-0.022977232933044434,-0.2833738327026367,-0.0077457180680085,0.09876281023025513,-0.3731958568096161,-0.03167852707815655,0.08054977655410767,-0.4528818726539612,-0.0803391704769183,0.06335276365280151,-0.32239100337028503,-0.05084493704748638,0.06439059972763062,-0.2856844365596771,-0.011452064333980161
T,0.0,0.0,0.0,-0.12425017356872559,-0.06481295824050903,-0.04795908628830148,-0.20056277513504028,-0.2582475244998932,-0.056560252596227656,-0.18369507789611816,-0.46762603521347046,-0.0681386560095234,-0.16669148206710815,-0.6090517342090607,-0.06537794767746163,-0.18659627437591553,-0.405758261680603,0.024290348600061407,-0.22239553928375244,-0.5629689991474152,-0.054854155321208964,-0.19679105281829834,-0.46995314955711365,-0.079206858564703,-0.16592097282409668,-0.39201778173446655,-0.07404669820198251,-0.08948612213134766,-0.4122174382209778,0.02158846632710265,-0.10194021463394165,-0.5543103665113449,-0.058845636237947474,-0.0970425009727478,-0.37312325835227966,-0.05683935879596902,-0.09455752372741699,-0.3432185649871826,-0.02501473090478612,0.0036772489547729492,-0.39735132455825806,-0.000507425203522871,-0.0022629499435424805,-0.4982810467481613,-0.09146568625101281,-0.017772436141967773,-0.3152656853199005,-0.06018473653921319,-0.02068096399307251,-0.288675993680954,-0.00831329616585208,0.09959137439727783,-0.37216073274612427,-0.02753085716494752,0.08450812101364136,-0.4550764560699463,-0.0772665485633297,0.0645022988319397,-0.3290003538131714,-0.05048042236694528,0.06522780656814575,-0.29143986105918884,-0.012408688467530737
T,0.0,0.0,0.0,-0.12688612937927246,-0.06363368034362793,-0.04473311617550735,-0.20334386825561523,-0.25762253999710083,-0.049014979745720666,-0.1842813491821289,-0.4677674472332001,-0.05641412153420333,-0.16193050146102905,-0.602819487452507,-0.04898331477818374,-0.1862872838973999,-0.39656615257263184,0.03148546651425477,-0.22202181816101074,-0.5537687391042709,-0.04428568645892028,-0.19911980628967285,-0.4635259062051773,-0.06727890833792571,-0.16880500316619873,-0.3882506489753723,-0.06207443564710502,-0.08930879831314087,-0.40146398544311523,0.02886577159586068,-0.1015576720237732,-0.5441782921552658,-0.05037109344777946,-0.10049104690551758,-0.36404889822006226,-0.04854891612706069,-0.09946936368942261,-0.334028035402298,-0.01717733755288009,0.0027282238006591797,-0.3862091302871704,0.007101251040126044,-0.0041335225105285645,-0.491380974650383,-0.08170586242852096,-0.021077334880828857,-0.3081662058830261,-0.04843075736937408,-0.022325634956359863,-0.2800973653793335,0.0041004933831345625,0.09838932752609253,-0.36249274015426636,-0.019551429669832032,0.08181440830230713,-0.4410957098007202,-0.06741422578272704,0.06075239181518555,-0.3138523995876312,-0.03976125806150321,0.06225210428237915,-0.2776045501232147,-0.001616770173882287
T,0.0,0.0,0.0,-0.12239211797714233,-0.06988006830215454,-0.043643622890726874,-0.19618934392929077,-0.2624487578868866,-0.04921095748306925,-0.1781827211380005,-0.4646395295858383,-0.05850621987940485,-0.15287655591964722,-0.5979045331478119,-0.05288571794392283,-0.17564189434051514,-0.3995825946331024,0.028728456004841973,-0.20571014285087585,-0.5584621727466583,-0.0504308224177521,-0.18351423740386963,-0.4627128839492798,-0.07622985099317248,-0.15911000967025757,-0.38753658533096313,-0.0726306468701523,-0.08091413974761963,-0.40111809968948364,0.024349641754611184,-0.09181153774261475,-0.5400286912918091,-0.05794971366287882,-0.09167176485061646,-0.3629344403743744,-0.05899549578191454,-0.09477514028549194,-0.33561593294143677,-0.02938056294681246,0.00942385196685791,-0.3848179578781128,0.0010199822730783126,0.0028123855590820312,-0.48517704010009766,-0.08865612302781756,-0.013498485088348389,-0.3066641092300415,-0.05760229308964426,-0.017754018306732178,-0.28421640396118164,-0.006576388374583075,0.102935791015625,-0.3608587086200714,-0.02711735037030394,0.08867710828781128,-0.44075220823287964,-0.07411329750777895,0.0685809850692749,-0.31649646162986755,-0.04611255903603251,0.0688287615776062,-0.2828751504421234,-0.007752810836450408
T,0.0,0.0,0.0,-0.12241071462631226,-0.07541263103485107,-0.04561059443631166,-0.19467169046401978,-0.2616199254989624,-0.05326760081925386,-0.17676430940628052,-0.4629998654127121,-0.06441036133446687,-0.15343600511550903,-0.5998509079217911,-0.06127460195102685,-0.1764850616455078,-0.39828547835350037,0.03093396233043677,-0.21047458052635193,-0.5478085279464722,-0.04805471269764894,-0.19267606735229492,-0.46071943640708923,-0.07329886673369401,-0.16386348009109497,-0.39692991971969604,-0.0696028795687198,-0.08317255973815918,-0.399090439081192,0.027239189610099857,-0.09505093097686768,-0.5388416945934296,-0.055154464080715115,-0.09893155097961426,-0.36119237542152405,-0.05421581386008256,-0.09772169589996338,-0.33893999457359314,-0.022600401997351582,0.007786989212036133,-0.3831877112388611,0.003919203892564838,-0.0008972883224487305,-0.48573149740695953,-0.08777248381056779,-0.020249903202056885,-0.30593401193618774,-0.05627065046110147,-0.021445512771606445,-0.28640636801719666,-0.0037050313444524363,0.10051405429840088,-0.35843485593795776,-0.024349636271381314,0.08408129215240479,-0.4378228783607483,-0.07307926087059968,0.06095325946807861,-0.3124890923500061,-0.04613130433835977,0.06225007772445679,-0.279712438583374,-0.00795763811447614
T,0.0,0.0,0.0,-0.11708879470825195,-0.07360577583312988,-0.04564240709316891,-0.18669164180755615,-0.26776230335235596,-0.05283208325874966,-0.16627007722854614,-0.4694475084543228,-0.06390128791701954,-0.14862102270126343,-0.6053846329450607,-0.06056980178129834,-0.16186726093292236,-0.4095446467399597,0.028854631405351938,-0.19361016154289246,-0.560128703713417,-0.04865879327428502,-0.17998147010803223,-0.4531856179237366,-0.07161742955815953,-0.15571826696395874,-0.3825095295906067,-0.06658269971978825,-0.06957358121871948,-0.40710633993148804,0.024816975515363993,-0.08280491828918457,-0.5387789160013199,-0.052627326402785,-0.08921658992767334,-0.3579897880554199,-0.04924990371239346,-0.08566534519195557,-0.34184256196022034,-0.0179020831770913,0.01992732286453247,-0.384417861700058,0.0010736663183479322,0.010445892810821533,-0.48300381004810333,-0.0861896550692336,-0.01119905710220337,-0.30262887477874756,-0.0531422583795802,-0.011433422565460205,-0.28675878047943115,-0.0015769382649750696,0.10999298095703125,-0.35426896810531616,-0.02779183112454575,0.09219324588775635,-0.4357365667819977,-0.07416485011947316,0.06787532567977905,-0.3106492757797241,-0.04627134040367764,0.07129091024398804,-0.27910175919532776,-0.00839052856338185
T,0.0,0.0,0.0,-0.11976462602615356,-0.08603262901306152,-0.04683424135600944,-0.18272721767425537,-0.2740773558616638,-0.05934202274238487,-0.15755629539489746,-0.4713798463344574,-0.07602841382777115,-0.1343621015548706,-0.6112860441207886,-0.0795394924834909,-0.15609955787658691,-0.4085647761821747,0.027868800108080904,-0.1951548457145691,-0.5574381500482559,-0.05154763510381599,-0.1866185963153839,-0.47989219427108765,-0.07730941450154205,-0.1591893434524536,-0.4058982729911804,-0.07321397935902496,-0.06558007001876831,-0.40638795495033264,0.023714540769105952,-0.07896161079406738,-0.5434424579143524,-0.05555082460796257,-0.08855825662612915,-0.3678252398967743,-0.0519540270224752,-0.0826263427734375,-0.3434326946735382,-0.018761526550406415,0.02365291118621826,-0.3839817941188812,-0.0002516813883630675,0.012945413589477539,-0.4848802089691162,-0.08840361213242431,-0.011473238468170166,-0.3110652565956116,-0.05324017232214828,-0.008988142013549805,-0.2900940775871277,0.001049414170665841,0.11573034524917603,-0.35062018036842346,-0.02972420280730148,0.09478706121444702,-0.4342804551124573,-0.07676710909163376,0.0683063268661499,-0.31289005279541016,-0.04698538755928894,0.07238727807998657,-0.27944713830947876,-0.0068114751384200645
T,0.0,0.0,0.0,-0.11806213855743408,-0.08471626043319702,-0.04759541391854327,-0.18217670917510986,-0.2743337154388428,-0.05993308737402003,-0.1583126187324524,-0.4710695743560791,-0.07609838857774776,-0.134160578250885,-0.6097395122051239,-0.07850330188398402,-0.15215939283370972,-0.4115877151489258,0.025133911003422327,-0.1892859935760498,-0.5593205392360687,-0.053756109024334364,-0.17970997095108032,-0.4800616204738617,-0.0777341039431576,-0.1532309651374817,-0.40754395723342896,-0.07286846503143352,-0.0630081295967102,-0.40794578194618225,0.021558200423669405,-0.07572484016418457,-0.5413083583116531,-0.057268417025852614,-0.08590680360794067,-0.36500880122184753,-0.051900515849638396,-0.08045530319213867,-0.34475719928741455,-0.017932586888719015,0.024556100368499756,-0.3849329352378845,-0.0019050110643092921,0.014911055564880371,-0.4822903871536255,-0.08976939931039851,-0.010681867599487305,-0.30916541814804077,-0.05401829868083041,-0.008272707462310791,-0.29221686720848083,0.00020222856960572244,0.1143236756324768,-0.35100921988487244,-0.03099010191385787,0.09692209959030151,-0.43097078800201416,-0.07896482809906047,0.0683298110961914,-0.3109945058822632,-0.05054335161571544,0.07150834798812866,-0.2788146734237671,-0.011380978445458823
T,0.0,0.0,0.0,-0.11308556795120239,-0.09904670715332031,-0.04339106586598973,-0.17419680953025818,-0.291275292634964,-0.05392221939587216,-0.1484616994857788,-0.4852091670036316,-0.06867917460226636,-0.11779195070266724,-0.6250993311405182,-0.07150225174450497,-0.13899922370910645,-0.42938926815986633,0.029778344362739517,-0.17556527256965637,-0.5651029199361801,-0.043490791887279556,-0.17524629831314087,-0.5175008922815323,-0.06435264480137448,-0.14848124980926514,-0.46562665700912476,-0.05897265878343205,-0.05051696300506592,-0.4215696156024933,0.023894006192449524,-0.06525450944900513,-0.5575511008501053,-0.05249259081506352,-0.08269709348678589,-0.38413798809051514,-0.04403072428726773,-0.0756005048751831,-0.3623104691505432,-0.00688571036630492,0.03743225336074829,-0.39389145374298096,-0.0012977101916931133,0.023077964782714844,-0.4917202591896057,-0.08970466089272122,-0.0055893659591674805,-0.3196326792240143,-0.053115675419803665,-0.0010249614715576172,-0.30378258228302,0.0030636676044650812,0.12730509042739868,-0.35408255457878113,-0.03145428580069165,0.10612362623214722,-0.4404353201389313,-0.08076046985411267,0.07382833957672119,-0.32112932205200195,-0.05206141081475835,0.07665354013442993,-0.29033362865448,-0.01208291408443074
T,0.0,0.0,0.0,-0.1093590259552002,-0.09924113750457764,-0.039629264941595466,-0.1639491617679596,-0.2897731065750122,-0.053229185959480674,-0.13484501838684082,-0.4779902398586273,-0.07184206249394265,-0.11398249864578247,-0.6185920536518097,-0.07879379691758004,-0.12961119413375854,-0.41963082551956177,0.025451068559505075,-0.16532275080680847,-0.5610799938440323,-0.04882015960492936,-0.16668745875358582,-0.5123922824859619,-0.06973361524023858,-0.14266788959503174,-0.4436565637588501,-0.06365198197045174,-0.04190748929977417,-0.4140058159828186,0.0176013286950365,-0.05835026502609253,-0.5561919212341309,-0.05916912408747521,-0.07719957828521729,-0.3827958405017853,-0.05034703316368905,-0.06502360105514526,-0.3497908115386963,-0.01333226843007651,0.04516023397445679,-0.3865627348423004,-0.008545726744614512,0.02691572904586792,-0.49069565534591675,-0.09387846591152993,-0.0024194717407226562,-0.32324594259262085,-0.053700755557201774,0.007370114326477051,-0.29797181487083435,0.0036702552138194733,0.1359686255455017,-0.34590041637420654,-0.039460423609398276,0.10804533958435059,-0.43501725792884827,-0.08596112879195061,0.07460403442382812,-0.3199900686740875,-0.05450780617275086,0.07939928770065308,-0.2840999960899353,-0.01338052863457051
T,0.0,0.0,0.0,-0.10473012924194336,-0.10472655296325684,-0.0347002422922742,-0.15537965297698975,-0.30168312788009644,-0.04594859988628741,-0.12548571825027466,-0.48188158869743347,-0.06232433156310435,-0.10304921865463257,-0.6212909817695618,-0.06693271682797786,-0.11741375923156738,-0.43198373913764954,0.023172636095296184,-0.15705126523971558,-0.5778295695781708,-0.051374932240833004,-0.16096580028533936,-0.5044020414352417,-0.07302841679393168,-0.13955682516098022,-0.4159412384033203,-0.06699159131585475,-0.03128337860107422,-0.4262288808822632,0.013759568843852321,-0.052997708320617676,-0.5601396709680557,-0.060535752635587414,-0.07348597049713135,-0.3879435658454895,-0.05263083190857287,-0.057474732398986816,-0.3484368920326233,-0.0177236194276702,0.0538327693939209,-0.3938378095626831,-0.01313783270506974,0.028470993041992188,-0.4894561171531677,-0.09309160844622966,-0.0007489919662475586,-0.32389843463897705,-0.05352381379543658,0.013556182384490967,-0.2988080382347107,0.001104008334550599,0.1428849697113037,-0.34765860438346863,-0.04444377632080432,0.10732322931289673,-0.4320392608642578,-0.08778220550357219,0.07430672645568848,-0.31719452142715454,-0.05633094669519778,0.08305811882019043,-0.2844623923301697,-0.016330629076946934
T,0.0,0.0,0.0,-0.10590910911560059,-0.11378222703933716,-0.031136665272128994,-0.156982421875,-0.3115376830101013,-0.04034398101509851,-0.12530863285064697,-0.48995065689086914,-0.055944598990095074,-0.10057449340820312,-0.6280069351196289,-0.05899447553099435,-0.11320936679840088,-0.4461449980735779,0.03096776291488368,-0.15306228399276733,-0.5940095633268356,-0.04401969142497819,-0.1583642065525055,-0.5244462192058563,-0.06507378421963494,-0.13860207796096802,-0.4399909973144531,-0.05823437847436708,-0.029698491096496582,-0.43532171845436096,0.02021508872269351,-0.0545843243598938,-0.5680941343307495,-0.052619896608007366,-0.07572633028030396,-0.3966193199157715,-0.042699534224880153,-0.05775189399719238,-0.3676875829696655,-0.0065010397346441096,0.05489152669906616,-0.4015563726425171,-0.008524030225885326,0.026018202304840088,-0.4985644221305847,-0.08906570427359384,-0.0038590431213378906,-0.33426743745803833,-0.04871360562981408,0.013924956321716309,-0.3154670000076294,0.006702268251615351,0.14375805854797363,-0.3552303612232208,-0.041496317612541134,0.1039387583732605,-0.44195589423179626,-0.0851973181241874,0.06904363632202148,-0.3265870213508606,-0.05321980245651048,0.08123886585235596,-0.2944965362548828,-0.01252236847074073
T,0.0,0.0,0.0,-0.10515791177749634,-0.11630189418792725,-0.029877464651008268,-0.15519949793815613,-0.31788527965545654,-0.03792487773193898,-0.12311345338821411,-0.4941254258155823,-0.05246627646579327,-0.09852242469787598,-0.6311381161212921,-0.05458180549635472,-0.10460841655731201,-0.4492006301879883,0.02955349218950687,-0.14329946041107178,-0.6005377769470215,-0.04481390061869206,-0.15740904211997986,-0.5198104530572891,-0.06512451860203328,-0.1423395872116089,-0.43487948179244995,-0.05801302510394635,-0.023778259754180908,-0.43563419580459595,0.018898707450489383,-0.05244326591491699,-0.5688220709562302,-0.05297758746041836,-0.07702118158340454,-0.3947523236274719,-0.04318755063309254,-0.05520975589752197,-0.36508631706237793,-0.007718029330362697,0.05946129560470581,-0.4012202322483063,-0.009322601734538694,0.02568817138671875,-0.49724435806274414,-0.08904094937338414,-0.0051116943359375,-0.33032384514808655,-0.049984216122766156,0.017267823219299316,-0.3116511106491089,0.0042087590406936215,0.14563143253326416,-0.35556718707084656,-0.04144924822344365,0.10167121887207031,-0.4447857141494751,-0.08339206817640843,0.06589484214782715,-0.3282169699668884,-0.051416053800721784,0.08258116245269775,-0.2951042056083679,-0.011363328798552175
T,0.0,0.0,0.0,-0.10388660430908203,-0.1120826005935669,-0.030884096392469473,-0.15582793951034546,-0.31599435210227966,-0.04118301159985549,-0.12166118621826172,-0.4939148426055908,-0.05802298150308616,-0.1000138521194458,-0.630499392747879,-0.06165986321218497,-0.10136151313781738,-0.45163652300834656,0.021552680066747598,-0.14477920532226562,-0.6024978011846542,-0.05506196431167609,-0.15731891989707947,-0.5165915340185165,-0.07253605685480125,-0.1406295895576477,-0.4265618324279785,-0.0622943658316899,-0.021000981330871582,-0.43457216024398804,0.011205940513832502,-0.055513083934783936,-0.5622403174638748,-0.05995244345911033,-0.07763820886611938,-0.38393309712409973,-0.043609218665437766,-0.05251753330230713,-0.36187660694122314,-0.004100568586068221,0.0614476203918457,-0.398550420999527,-0.017014652484135695,0.02216261625289917,-0.49393513798713684,-0.09675134531505591,-0.007020831108093262,-0.32565855979919434,-0.05207434854753501,0.01856917142868042,-0.3089079260826111,0.005255099392456941,0.1459122896194458,-0.35159599781036377,-0.04940624348171241,0.09986257553100586,-0.44344907999038696,-0.09232483617313392,0.06333738565444946,-0.3267167806625366,-0.05829322523720748,0.08166420459747314,-0.29192498326301575,-0.01661360449440963
T,0.0,0.0,0.0,-0.10449308156967163,-0.11890149116516113,-0.028448606875713267,-0.15555456280708313,-0.3188544511795044,-0.03850375398712913,-0.12342578172683716,-0.4938660264015198,-0.05562966227250854,-0.10089236497879028,-0.6295395195484161,-0.059839769300992884,-0.09958702325820923,-0.45203259587287903,0.023839016410533986,-0.1429198980331421,-0.6013248115777969,-0.0512347473176078,-0.15595746040344238,-0.5218146741390228,-0.06821751132326881,-0.14223337173461914,-0.43721407651901245,-0.058113365468557276,-0.021019279956817627,-0.4358299672603607,0.012273926253442369,-0.05564612150192261,-0.5607242584228516,-0.05788712113815109,-0.07699716091156006,-0.3873864412307739,-0.04227971940952102,-0.05315202474594116,-0.365154504776001,-0.0038217814052359245,0.06196039915084839,-0.4007258415222168,-0.01671742371934215,0.02095848321914673,-0.49558812379837036,-0.09518617674427787,-0.007127523422241211,-0.3301283121109009,-0.051717947271640696,0.01792621612548828,-0.3136049509048462,0.004286954144959054,0.1463283896446228,-0.3531798720359802,-0.04960674330311576,0.09976500272750854,-0.44354650378227234,-0.09085516914444725,0.06399679183959961,-0.32906240224838257,-0.057025535997922816,0.08262121677398682,-0.29487481713294983,-0.016006180119688906
T,0.0,0.0,0.0,-0.10682344436645508,-0.12011486291885376,-0.026580834947708354,-0.1596468985080719,-0.32148703932762146,-0.035521030612471804,-0.1306920051574707,-0.4964870512485504,-0.052005801536324725,-0.11155152320861816,-0.6331799030303955,-0.05646915007400821,-0.10207802057266235,-0.45553648471832275,0.027010865323063626,-0.14728790521621704,-0.6036883294582367,-0.045896571316006884,-0.16210612654685974,-0.5319786965847015,-0.062176436372283206,-0.14833849668502808,-0.4447828531265259,-0.051827635802510486,-0.023657798767089844,-0.44043877720832825,0.014545342698511377,-0.05926603078842163,-0.5666437745094299,-0.0544748717920811,-0.08214670419692993,-0.3918793499469757,-0.03867038730550121,-0.056561291217803955,-0.3640983998775482,0.00041208921447832836,0.05882793664932251,-0.4047590494155884,-0.015119207278075919,0.017569124698638916,-0.49709388613700867,-0.09293366614747356,-0.010979175567626953,-0.331989586353302,-0.04951492715645145,0.015738844871520996,-0.31249046325683594,0.0067554449660747196,0.14267492294311523,-0.35513541102409363,-0.048554629273894534,0.09565675258636475,-0.44566410779953003,-0.09033094737696956,0.059438347816467285,-0.33123326301574707,-0.05655869860220264,0.078380286693573,-0.2954939305782318,-0.01528911218065332
T,0.0,0.0,0.0,-0.10536670684814453,-0.11387670040130615,-0.03111960638398159,-0.15638190507888794,-0.3160829544067383,-0.03998218376273144,-0.12607043981552124,-0.49539750814437866,-0.054454690703096276,-0.1045190691947937,-0.6323932707309723,-0.0550441545628928,-0.10307139158248901,-0.4548470973968506,0.022798528037128563,-0.144914448261261,-0.6051394492387772,-0.05282357234591473,-0.16024401783943176,-0.5191873162984848,-0.07080378282898891,-0.14472514390945435,-0.4328651428222656,-0.06150957096451748,-0.022509336471557617,-0.43710020184516907,0.013620490281937236,-0.05476939678192139,-0.5662177205085754,-0.058357044049444085,-0.08002781867980957,-0.38886427879333496,-0.04483519766563404,-0.05557596683502197,-0.3658563196659088,-0.007234496922137623,0.0601690411567688,-0.40102383494377136,-0.01300846871072281,0.02335590124130249,-0.49638301134109497,-0.09242463756436337,-0.008655965328216553,-0.32955506443977356,-0.05016504127615917,0.016707539558410645,-0.3137773275375366,0.005669281425980444,0.14467579126358032,-0.3547687530517578,-0.043663556613864785,0.1010507345199585,-0.4438326358795166,-0.08463381875390041,0.06340920925140381,-0.32885223627090454,-0.05134186048144329,0.08171612024307251,-0.2966635823249817,-0.010405660533251648
T,0.0,0.0,0.0,-0.10641849040985107,-0.11330485343933105,-0.030291790799310547,-0.1584376096725464,-0.31556594371795654,-0.03884344427387987,-0.12785595655441284,-0.49262917041778564,-0.05308972551029001,-0.10574352741241455,-0.6281364262104034,-0.053620519773176056,-0.10286223888397217,-0.4516024887561798,0.0204704490442964,-0.1478801965713501,-0.6028612852096558,-0.054963438496997696,-0.16225343942642212,-0.5150480270385742,-0.07273080079357896,-0.14727598428726196,-0.42555052042007446,-0.06347633777659212,-0.023603379726409912,-0.43495410680770874,0.01068115075577225,-0.05912578105926514,-0.5615488439798355,-0.06179294614594255,-0.08163487911224365,-0.3849741220474243,-0.0485673385719565,-0.05795508623123169,-0.35898423194885254,-0.011564104543140274,0.05838966369628906,-0.3994045555591583,-0.016217141137531144,0.01847285032272339,-0.495025634765625,-0.09545343993704591,-0.010591268539428711,-0.32731473445892334,-0.0530434797565249,0.01478433609008789,-0.3092725872993469,0.002321284073332208,0.14275282621383667,-0.3528428375720978,-0.0470872323076037,0.09635239839553833,-0.4403649866580963,-0.08881934611599718,0.060383498668670654,-0.3249626159667969,-0.05613635359804903,0.07892829179763794,-0.29292577505111694,-0.015915116951873642
T,0.0,0.0,0.0,-0.10483968257904053,-0.11561030149459839,-0.03322793930658463,-0.15792441368103027,-0.30984675884246826,-0.04558154955395821,-0.12751293182373047,-0.48720431327819824,-0.06365640848764542,-0.10377013683319092,-0.6236816346645355,-0.06819840907940034,-0.10552018880844116,-0.4476041793823242,0.01908732749632236,-0.1468493938446045,-0.5999884307384491,-0.05717693284043435,-0.1618010401725769,-0.5303940176963806,-0.07405710607656601,-0.14880353212356567,-0.4415096938610077,-0.06361250221618775,-0.026639878749847412,-0.43190327286720276,0.009750840106221403,-0.0570489764213562,-0.5592478513717651,-0.06409440576919678,-0.0805022120475769,-0.3853576183319092,-0.048665266631928716,-0.05943095684051514,-0.3601514399051666,-0.00903704404720429,0.055583834648132324,-0.39766088128089905,-0.017300270645705496,0.01854926347732544,-0.49463582038879395,-0.09896161049493912,-0.01034998893737793,-0.329466849565506,-0.055015321968880926,0.01277071237564087,-0.31266656517982483,0.0023417373571419375,0.1399570107460022,-0.35080695152282715,-0.04865145698079232,0.09637248516082764,-0.43886062502861023,-0.0929763355840123,0.06102252006530762,-0.3248555064201355,-0.06012158855685357,0.07853347063064575,-0.2935345470905304,-0.019055076091376577
T,0.0,0.0,0.0,-0.10695964097976685,-0.1125185489654541,-0.033055927615237124,-0.16081765294075012,-0.3084334135055542,-0.044142548005652316,-0.130642831325531,-0.48650479316711426,-0.060922663669657595,-0.10723996162414551,-0.6226085424423218,-0.06366955490000237,-0.10944151878356934,-0.44719135761260986,0.02266170269660961,-0.1513250470161438,-0.5979682803153992,-0.053729165356230624,-0.16313961148262024,-0.5249932259321213,-0.07202053816206444,-0.14851367473602295,-0.43675366044044495,-0.06261610240824211,-0.029389917850494385,-0.4322439432144165,0.013857075933742635,-0.05895453691482544,-0.5575894564390182,-0.0594159104037999,-0.08026397228240967,-0.38281190395355225,-0.045352526019883044,-0.060375094413757324,-0.360758900642395,-0.006957147746902592,0.05242729187011719,-0.3987106680870056,-0.012910358618569262,0.017072737216949463,-0.49264079332351685,-0.09416870773918617,-0.01054471731185913,-0.3277062773704529,-0.05134658144004334,0.01201540231704712,-0.31266289949417114,0.005124619219827764,0.1374184489250183,-0.35401925444602966,-0.04402282462604035,0.09532517194747925,-0.4393375813961029,-0.08757754416353691,0.060522377490997314,-0.32525596022605896,-0.055108360956978686,0.07700079679489136,-0.2950221300125122,-0.014437719259035475
T,0.0,0.0,0.0,-0.10898876190185547,-0.11574888229370117,-0.02975089648600715,-0.16073673963546753,-0.3052594065666199,-0.03871504949268001,-0.13247227668762207,-0.4815230071544647,-0.0543013176494469,-0.10927319526672363,-0.6155914962291718,-0.057084414976202424,-0.11567819118499756,-0.4361850321292877,0.02889904579285485,-0.1575014591217041,-0.5880637764930725,-0.046101041006409105,-0.16450929641723633,-0.5135882645845413,-0.06792486818369525,-0.14678257703781128,-0.4271412789821625,-0.06195910261806148,-0.033221662044525146,-0.4257282316684723,0.01860413527253968,-0.05993694067001343,-0.5512307584285736,-0.05580171184476512,-0.07889026403427124,-0.3831529915332794,-0.04903110848601955,-0.06267845630645752,-0.3526381552219391,-0.016229584681354936,0.05029284954071045,-0.3946615755558014,-0.008792823048793252,0.016897261142730713,-0.48961782455444336,-0.08955172063645023,-0.008646786212921143,-0.3283044099807739,-0.05161135630544322,0.011229455471038818,-0.3057856261730194,0.0013729205974186698,0.13816505670547485,-0.34922924637794495,-0.040114171671234544,0.09576296806335449,-0.43434739112854004,-0.08278498412903446,0.06373703479766846,-0.3227117657661438,-0.05183934779699939,0.0783771276473999,-0.2893950045108795,-0.012569104189537939
T,0.0,0.0,0.0,-0.1128876805305481,-0.11181604862213135,-0.038762596265200955,-0.16567569971084595,-0.29628148674964905,-0.04961628170383392,-0.13775897026062012,-0.4772017002105713,-0.06542082952034889,-0.11860132217407227,-0.6154237687587738,-0.06633798854124962,-0.12654519081115723,-0.4296596646308899,0.032541825606699604,-0.16384106874465942,-0.5751633942127228,-0.0437213488079351,-0.16615527868270874,-0.507151186466217,-0.06481362210286079,-0.14945721626281738,-0.42591822147369385,-0.05698299856555877,-0.0429348349571228,-0.41856932640075684,0.027737719177480358,-0.06304442882537842,-0.540283277630806,-0.04683485330713211,-0.08030295372009277,-0.3717181384563446,-0.03924062179100929,-0.06942635774612427,-0.35425737500190735,-0.0044723668291908325,0.04185009002685547,-0.39081746339797974,0.003902713473166841,0.016894936561584473,-0.48354387283325195,-0.07905156241429268,-0.008470535278320312,-0.32218965888023376,-0.042181146160487515,0.006026923656463623,-0.3101292848587036,0.011641053653534073,0.13006162643432617,-0.3530084490776062,-0.02467324847054897,0.0958176851272583,-0.4289934039115906,-0.06776332186234413,0.06558138132095337,-0.3181847035884857,-0.03814699576867042,0.07844877243041992,-0.2930845618247986,0.0011094543693843661
T,0.0,0.0,0.0,-0.11159110069274902,-0.0969628095626831,-0.04506505984375053,-0.16709887981414795,-0.2817279100418091,-0.06032533902236992,-0.14115142822265625,-0.46751898527145386,-0.07865495565840774,-0.11950069665908813,-0.6057139933109283,-0.08244137052008682,-0.13448888063430786,-0.41854575276374817,0.01572825428536362,-0.17425477504730225,-0.5663397014141083,-0.06174096796223694,-0.1707865595817566,-0.49127456545829773,-0.08135955366799408,-0.14809459447860718,-0.4106990098953247,-0.07301870319554382,-0.04687511920928955,-0.411618709564209,0.012289468613175814,-0.06628227233886719,-0.535225972533226,-0.06386322114178711,-0.0797189474105835,-0.364862859249115,-0.05447227466413551,-0.06943118572235107,-0.34428030252456665,-0.01878827023813301,0.03908056020736694,-0.38438233733177185,-0.00974899768391424,0.01632922887802124,-0.4682111144065857,-0.09375936869093948,-0.008074283599853516,-0.3057435154914856,-0.055817849519939955,0.002581477165222168,-0.29488861560821533,-0.001610628031471606,0.12608277797698975,-0.34639889001846313,-0.03683547261664444,0.09305679798126221,-0.416442334651947,-0.07991418573567444,0.06570315361022949,-0.3059188723564148,-0.049682486388178404,0.07618755102157593,-0.28238120675086975,-0.010521448734493788
T,0.0,0.0,0.0,-0.11292600631713867,-0.08007210493087769,-0.05422966061053103,-0.1727551817893982,-0.2616712152957916,-0.07162860287246531,-0.14667421579360962,-0.4504825472831726,-0.09029726190385645,-0.12174314260482788,-0.5820211321115494,-0.09244541330156153,-0.14242911338806152,-0.4102468192577362,0.007243009564604108,-0.17282193899154663,-0.562515377998352,-0.07578999055442637,-0.16165298223495483,-0.46949973702430725,-0.09887369228420084,-0.14157384634017944,-0.3900439739227295,-0.09254772467431849,-0.052009403705596924,-0.40338224172592163,0.008102109936203306,-0.06286805868148804,-0.5263466536998749,-0.07097092522201365,-0.07398301362991333,-0.3512524664402008,-0.06273314608154124,-0.07004636526107788,-0.3404257893562317,-0.028136654476497824,0.0350189208984375,-0.3784008026123047,-0.010596281568382437,0.020719945430755615,-0.4604194164276123,-0.09670903039989298,-0.005090475082397461,-0.2938063144683838,-0.05896717561302012,-0.0002465248107910156,-0.28851985931396484,-0.005079923382822926,0.12288761138916016,-0.3448321521282196,-0.035302760730360205,0.09813129901885986,-0.4049207866191864,-0.0801231662732107,0.07198703289031982,-0.29308056831359863,-0.0506809676986677,0.07994276285171509,-0.2731030285358429,-0.011649005765889342
T,0.0,0.0,0.0,-0.11995744705200195,-0.07104277610778809,-0.052065993311543934,-0.18053185939788818,-0.2590322494506836,-0.0645182194436984,-0.15259039402008057,-0.4527624547481537,-0.07849193236484098,-0.13209819793701172,-0.5864464938640594,-0.07756435743226575,-0.15594089031219482,-0.3976011574268341,0.01737635338054133,-0.18678712844848633,-0.5505367368459702,-0.06251501909150647,-0.17139315605163574,-0.4520415961742401,-0.08715368679418134,-0.147769033908844,-0.3702506124973297,-0.08231327554835843,-0.06571400165557861,-0.3923158049583435,0.017125222248296268,-0.07345694303512573,-0.5266171246767044,-0.061195830466886036,-0.07907676696777344,-0.35175108909606934,-0.05671487248196172,-0.07517421245574951,-0.32829049229621887,-0.02407920232667493,0.020028650760650635,-0.3680904507637024,-0.002871226404522531,0.014990746974945068,-0.4560493528842926,-0.0896521123374896,-0.008811771869659424,-0.2870771586894989,-0.05729410296930837,-0.009435176849365234,-0.27418869733810425,-0.006455371274341815,0.1079755425453186,-0.33662286400794983,-0.028491037550111287,0.09137380123138428,-0.40058061480522156,-0.074064886781116,0.06708323955535889,-0.28383153676986694,-0.047344895663400166,0.06951439380645752,-0.2580969035625458,-0.010809588829715722
