label,x0,y0,z0,x1,y1,z1,x2,y2,z2,x3,y3,z3,x4,y4,z4,x5,y5,z5,x6,y6,z6,x7,y7,z7,x8,y8,z8,x9,y9,z9,x10,y10,z10,x11,y11,z11,x12,y12,z12,x13,y13,z13,x14,y14,z14,x15,y15,z15,x16,y16,z16,x17,y17,z17,x18,y18,z18,x19,y19,z19,x20,y20,z20
U,0.0,0.0,0.0,-0.07202422618865967,-0.08875888586044312,-0.020191840853499343,-0.09086865186691284,-0.21645909547805786,-0.025717798646496703,-0.03645062446594238,-0.32048851251602173,-0.036485705550717284,0.02680516242980957,-0.36232006549835205,-0.046653971102045944,-0.08573436737060547,-0.3045698404312134,0.004821701414925883,-0.0866696834564209,-0.43896202743053436,-0.019538415621923377,-0.08066421747207642,-0.5212866812944412,-0.038197070386218,-0.07332378625869751,-0.5909749269485474,-0.049796964999245574,-0.030223309993743896,-0.3037566542625427,-0.005722371421711614,-0.036953747272491455,-0.4566221833229065,-0.03345699983458417,-0.03895372152328491,-0.5476569533348083,-0.05577165636043446,-0.031832098960876465,-0.6271649897098541,-0.06670178103070157,0.024950504302978516,-0.27424734830856323,-0.020942594882058074,0.033229172229766846,-0.3495996296405792,-0.06601657348494427,0.0010564923286437988,-0.2734673321247101,-0.07545884328703778,-0.016739070415496826,-0.21045377850532532,-0.0661989040933122,0.0728147029876709,-0.22469636797904968,-0.037789460297631194,0.06356841325759888,-0.2882669270038605,-0.06943866985659497,0.029304087162017822,-0.24718120694160461,-0.06629145520548718,0.007250785827636719,-0.20319661498069763,-0.05494334923844235
U,0.0,0.0,0.0,-0.07097995281219482,-0.08483994007110596,-0.025918800633974115,-0.09055584669113159,-0.21270012855529785,-0.0351720808712912,-0.03602725267410278,-0.3163144290447235,-0.04853753956837181,0.027753591537475586,-0.3591444492340088,-0.06115159603638176,-0.0850682258605957,-0.3137686848640442,-0.003243586997143666,-0.08377999067306519,-0.4461047947406769,-0.03070314439816002,-0.07547926902770996,-0.5294210910797119,-0.05113965111655716,-0.06621891260147095,-0.5991793870925903,-0.06356937649530892,-0.02828305959701538,-0.3105362355709076,-0.01210895391983513,-0.03315234184265137,-0.4642617404460907,-0.04260245549363617,-0.03466278314590454,-0.5551539957523346,-0.06539590868038658,-0.027859270572662354,-0.6340086460113525,-0.07594415756744866,0.02771657705307007,-0.27788686752319336,-0.026009889569706957,0.036765217781066895,-0.34848517179489136,-0.07404725464863304,0.001874685287475586,-0.27101409435272217,-0.08458662989420418,-0.018882036209106445,-0.2088894248008728,-0.07523443761152748,0.07492297887802124,-0.22536295652389526,-0.041822603222556154,0.06723946332931519,-0.28591594099998474,-0.0758910125760508,0.030372798442840576,-0.24330633878707886,-0.07367075445932869,0.004237711429595947,-0.19951757788658142,-0.062370883551068346
U,0.0,0.0,0.0,-0.07220286130905151,-0.08529889583587646,-0.02397036303227651,-0.093150794506073,-0.21898192167282104,-0.03354968067651498,-0.037870705127716064,-0.3262134790420532,-0.04724696215635049,0.03042769432067871,-0.3665831685066223,-0.060366268571669934,-0.08460754156112671,-0.31474846601486206,-0.007786837242747424,-0.0816965103149414,-0.4540454000234604,-0.034831214066798566,-0.07290858030319214,-0.539491668343544,-0.05491695862656343,-0.06392717361450195,-0.6118612885475159,-0.0677775063777517,-0.026789188385009766,-0.3114205598831177,-0.017421099659259198,-0.03228354454040527,-0.4715850055217743,-0.046939305331761716,-0.03358584642410278,-0.5666353404521942,-0.06947261777168023,-0.0270235538482666,-0.649154782295227,-0.08110617038255441,0.030501902103424072,-0.2793387472629547,-0.03120048653727281,0.03443938493728638,-0.35889214277267456,-0.0780425661469053,-0.0010996460914611816,-0.2837478518486023,-0.08908803698068368,-0.021901249885559082,-0.21841302514076233,-0.08117824729924905,0.07918751239776611,-0.22859492897987366,-0.04662164237743127,0.0660141110420227,-0.29336684942245483,-0.0816325017476629,0.028662800788879395,-0.25388103723526,-0.08116429981237161,0.0040285587310791016,-0.20849201083183289,-0.07159497525935876
U,0.0,0.0,0.0,-0.07846719026565552,-0.08519023656845093,-0.02302140785843676,-0.10093748569488525,-0.22228863835334778,-0.031062324033086952,-0.044802963733673096,-0.33108988404273987,-0.04367431669027155,0.02435976266860962,-0.37193387746810913,-0.055455815480058845,-0.08933520317077637,-0.32401448488235474,-0.002684289324065503,-0.08913964033126831,-0.46536919474601746,-0.028462777347272095,-0.08118706941604614,-0.5520335733890533,-0.04735889329106158,-0.07182568311691284,-0.6242428123950958,-0.058964152322118935,-0.03077775239944458,-0.3214747905731201,-0.012792838239079174,-0.03695124387741089,-0.4825700372457504,-0.04135600520760363,-0.0377848744392395,-0.5781287252902985,-0.06284998400599306,-0.029769599437713623,-0.6604378819465637,-0.07307889355809039,0.026437044143676758,-0.28935039043426514,-0.02747748462945765,0.03194147348403931,-0.3634988069534302,-0.07332622303158587,-0.003898799419403076,-0.28592050075531006,-0.08257546319157427,-0.025123119354248047,-0.22166073322296143,-0.07298684163481539,0.07486104965209961,-0.23670703172683716,-0.043898225263660606,0.06498807668685913,-0.30298545956611633,-0.07604799462944811,0.02720475196838379,-0.2597034275531769,-0.07228404326826876,0.0005519986152648926,-0.2130453884601593,-0.060419261888569054
U,0.0,0.0,0.0,-0.07584220170974731,-0.09477055072784424,-0.022543249002069388,-0.09487414360046387,-0.23273608088493347,-0.03138877945241347,-0.0363580584526062,-0.3400096297264099,-0.045561117401689444,0.034876227378845215,-0.3808513879776001,-0.05930280434188262,-0.08451169729232788,-0.3306317925453186,-0.0017168403625191786,-0.08407175540924072,-0.4706660509109497,-0.028275733163923178,-0.07648366689682007,-0.5562606453895569,-0.04872540505823508,-0.06883150339126587,-0.6306102275848389,-0.06202692659792319,-0.02573108673095703,-0.3272234797477722,-0.01323798513260499,-0.029969513416290283,-0.48683321475982666,-0.04273488121327773,-0.032499611377716064,-0.5833132863044739,-0.06597517924603835,-0.027507662773132324,-0.6693024933338165,-0.07819100218114272,0.03207629919052124,-0.29308897256851196,-0.029382345548242483,0.03771895170211792,-0.3731924593448639,-0.07641173647937194,3.3020973205566406e-05,-0.2930504083633423,-0.08648827420768157,-0.022382020950317383,-0.22621339559555054,-0.07763379561004058,0.08049970865249634,-0.23849359154701233,-0.047286545208066855,0.07084840536117554,-0.30829834938049316,-0.0806382571369113,0.03051769733428955,-0.26491716504096985,-0.07771431403455153,0.0019521117210388184,-0.21659862995147705,-0.06664633499678985
U,0.0,0.0,0.0,-0.07802671194076538,-0.09446913003921509,-0.02113693950252582,-0.09924787282943726,-0.23551571369171143,-0.02799111788647224,-0.039559245109558105,-0.3451959788799286,-0.040296446508932604,0.03171151876449585,-0.3857342004776001,-0.05207944286541988,-0.0846826434135437,-0.33745330572128296,0.0014778630805949433,-0.08528971672058105,-0.4790124148130417,-0.02331102823393394,-0.07813465595245361,-0.5651598870754242,-0.04234149304704715,-0.06965160369873047,-0.6389955282211304,-0.054677706188726916,-0.02425217628479004,-0.33553290367126465,-0.01015092802720119,-0.030088186264038086,-0.49522504210472107,-0.03867589680032779,-0.030791044235229492,-0.5921768844127655,-0.06168354300336887,-0.02342355251312256,-0.6766806840896606,-0.07351573181824733,0.034668028354644775,-0.301532119512558,-0.026383094466496004,0.036808133125305176,-0.38209640979766846,-0.07355082405285884,0.0009788870811462402,-0.3009920120239258,-0.0844338275261407,-0.01964116096496582,-0.2311306595802307,-0.07594887537436534,0.08445626497268677,-0.2471747100353241,-0.04415399578886081,0.06931018829345703,-0.3151165246963501,-0.0780103541679864,0.026472628116607666,-0.2755826413631439,-0.07620702309088756,-0.004386842250823975,-0.23012003302574158,-0.0659225024052148
U,0.0,0.0,0.0,-0.07777142524719238,-0.09450829029083252,-0.02265064657564153,-0.10036885738372803,-0.23658019304275513,-0.030372333311390776,-0.04276919364929199,-0.3491528630256653,-0.04305789486403455,0.02934741973876953,-0.3913337290287018,-0.05510244385237684,-0.08874344825744629,-0.33891403675079346,-0.0020819041588424625,-0.0891997218132019,-0.48277315497398376,-0.02698549867506017,-0.08262914419174194,-0.5688358843326569,-0.04549518094296445,-0.07500863075256348,-0.6435571014881134,-0.057770068355750936,-0.028399288654327393,-0.3364372253417969,-0.013269750931215185,-0.03347897529602051,-0.49851031601428986,-0.04220197589035024,-0.03468805551528931,-0.595760852098465,-0.06472129613990774,-0.028355956077575684,-0.6816582977771759,-0.0765203112446784,0.03135257959365845,-0.30205801129341125,-0.028944785305213827,0.0350571870803833,-0.3870636224746704,-0.07731808216209402,-0.0014366507530212402,-0.3038410544395447,-0.08806754142875661,-0.02326488494873047,-0.23340973258018494,-0.07953793049688329,0.08184313774108887,-0.24647659063339233,-0.046142029174518484,0.06552380323410034,-0.31456097960472107,-0.08215186239118566,0.023369669914245605,-0.27240875363349915,-0.08126876742477407,-0.006168723106384277,-0.22541403770446777,-0.07141739369268407
U,0.0,0.0,0.0,-0.0820569396018982,-0.0891495943069458,-0.02312317308388856,-0.10774081945419312,-0.234258770942688,-0.030588310252653628,-0.04983729124069214,-0.34913861751556396,-0.0431319419702163,0.021748244762420654,-0.39591875672340393,-0.054967062588559656,-0.09471052885055542,-0.34085583686828613,-0.002871347864868312,-0.09547179937362671,-0.4915839284658432,-0.02862980220817235,-0.08672899007797241,-0.5818279683589935,-0.047398390289174586,-0.0772596001625061,-0.6580726504325867,-0.05941203054391053,-0.033646225929260254,-0.3395359218120575,-0.01376860313467887,-0.04113513231277466,-0.504841610789299,-0.04258221578203347,-0.04358530044555664,-0.605344146490097,-0.06424039047561791,-0.038747310638427734,-0.6911387741565704,-0.07530238669716027,0.026741325855255127,-0.30667054653167725,-0.029471131082402735,0.026012957096099854,-0.389536589384079,-0.07717061233125833,-0.006116390228271484,-0.30594509840011597,-0.08705974560581353,-0.02363818883895874,-0.23353710770606995,-0.07792496871553567,0.07857877016067505,-0.25306206941604614,-0.04701420482598451,0.062374114990234375,-0.32205525040626526,-0.08340623420082238,0.02308666706085205,-0.2732049822807312,-0.08232092302642968,-0.003708362579345703,-0.21895116567611694,-0.07207751464449075
U,0.0,0.0,0.0,-0.08321928977966309,-0.0954708456993103,-0.022294478852415978,-0.10630154609680176,-0.23854577541351318,-0.03138502723362535,-0.0487748384475708,-0.3509581387042999,-0.046713270608449875,0.021635770797729492,-0.39974772930145264,-0.06140240690496057,-0.09475499391555786,-0.34419724345207214,-0.000753076817488818,-0.09751331806182861,-0.49390292167663574,-0.028722316388154923,-0.09152740240097046,-0.5855854153633118,-0.049731068674589096,-0.08348661661148071,-0.6639730930328369,-0.0632781986036548,-0.03429490327835083,-0.34276601672172546,-0.013594752539063393,-0.040867745876312256,-0.5073482096195221,-0.04520690849807352,-0.04539233446121216,-0.6095562875270844,-0.07029032743361086,-0.040985822677612305,-0.6983829140663147,-0.08360716736700624,0.026523292064666748,-0.3097306787967682,-0.031133875612283646,0.030008256435394287,-0.3914855122566223,-0.08007990605022997,-0.008490502834320068,-0.30670279264450073,-0.08983416891481966,-0.030661404132843018,-0.23403215408325195,-0.08030933177855104,0.07802456617355347,-0.25506526231765747,-0.05061166769650072,0.0645856261253357,-0.3247893452644348,-0.08548620379355043,0.025062084197998047,-0.2768300771713257,-0.08194489068176836,-0.00129777193069458,-0.22273683547973633,-0.06982140279200166
U,0.0,0.0,0.0,-0.08192402124404907,-0.08798187971115112,-0.024018019988943706,-0.1059994101524353,-0.2334423065185547,-0.03385579454879917,-0.04847651720046997,-0.34751448035240173,-0.04932612049560703,0.021702170372009277,-0.39844536781311035,-0.06419611591081775,-0.09290629625320435,-0.35055357217788696,-0.00558189450930513,-0.09484779834747314,-0.5008175820112228,-0.034540797203590046,-0.08836370706558228,-0.5932953655719757,-0.05549185219388164,-0.08047664165496826,-0.6708554923534393,-0.0688189180491463,-0.030374884605407715,-0.3479987382888794,-0.018368639603068004,-0.03647798299789429,-0.5146640539169312,-0.051056234717179905,-0.04114645719528198,-0.6171658337116241,-0.07601266223173297,-0.03814232349395752,-0.705199122428894,-0.08888815957288898,0.031488001346588135,-0.31254491209983826,-0.03573869037609256,0.03454345464706421,-0.3948978781700134,-0.08656068760137714,-0.002431809902191162,-0.3080074191093445,-0.09627906101923145,-0.02487039566040039,-0.23598414659500122,-0.0863161446450249,0.08294922113418579,-0.25499358773231506,-0.05493944007139362,0.0696873664855957,-0.3240725100040436,-0.09221601355056919,0.028725922107696533,-0.2737428545951843,-0.08911169934253849,-0.0007714033126831055,-0.2194545865058899,-0.07688412684183277
U,0.0,0.0,0.0,-0.08335942029953003,-0.08942121267318726,-0.025595908758589303,-0.10940408706665039,-0.23475265502929688,-0.03589141346270708,-0.0531390905380249,-0.3520633280277252,-0.0517249030595508,0.020529448986053467,-0.40240365266799927,-0.06666126079613832,-0.0953105092048645,-0.3498525023460388,-0.005379927584328925,-0.09762942790985107,-0.5058346092700958,-0.0341705007081714,-0.09129607677459717,-0.599577397108078,-0.05429115496332315,-0.08364832401275635,-0.6793120801448822,-0.06683222181851534,-0.03226363658905029,-0.3492598533630371,-0.016929838580438172,-0.03844267129898071,-0.5207494348287582,-0.04978373624140886,-0.04362386465072632,-0.6249572336673737,-0.07420747704560426,-0.040960848331451416,-0.7141524851322174,-0.08638734347874788,0.030225932598114014,-0.3157044053077698,-0.033262308461019074,0.030053555965423584,-0.40136051177978516,-0.08516356326396135,-0.007317304611206055,-0.3122473657131195,-0.09517715103680757,-0.028142988681793213,-0.23704540729522705,-0.08459508396441606,0.08300864696502686,-0.2603302001953125,-0.051506832016059434,0.06564503908157349,-0.3291811943054199,-0.0890147013192859,0.024895191192626953,-0.28079354763031006,-0.08647654182965425,-0.0018078088760375977,-0.22808700799942017,-0.07433529175574449
U,0.0,0.0,0.0,-0.084084153175354,-0.0875626802444458,-0.026112838457322596,-0.11223089694976807,-0.23846399784088135,-0.0363164812279706,-0.054482460021972656,-0.3579568862915039,-0.0515462018502717,0.02417778968811035,-0.4021865427494049,-0.06590506508479166,-0.09982234239578247,-0.35387489199638367,-0.008672883543169974,-0.10259228944778442,-0.5096292495727539,-0.03711100741753626,-0.09603673219680786,-0.6039134562015533,-0.0567848131013875,-0.08828788995742798,-0.6828878819942474,-0.06913139745125818,-0.03600853681564331,-0.35209324955940247,-0.01977866403291273,-0.0426253080368042,-0.5251407325267792,-0.05173495858440447,-0.04743391275405884,-0.6304793953895569,-0.07453458830246973,-0.043584465980529785,-0.7201347351074219,-0.08565024360547113,0.027400851249694824,-0.3172655403614044,-0.035528410966492174,0.0278283953666687,-0.3994595408439636,-0.08605765625367212,-0.010702371597290039,-0.31174004077911377,-0.09526741578707743,-0.03207427263259888,-0.23759418725967407,-0.08440892472395944,0.08038544654846191,-0.26037734746932983,-0.05330303757915544,0.06498497724533081,-0.33137384057044983,-0.0903638459695344,0.023821353912353516,-0.2814180552959442,-0.08752298429141092,-0.003260314464569092,-0.22704821825027466,-0.07531681730876016
U,0.0,0.0,0.0,-0.08817178010940552,-0.09344863891601562,-0.023592850415582234,-0.11772125959396362,-0.24432241916656494,-0.03193244919049221,-0.061396896839141846,-0.3685426115989685,-0.04622331097590404,0.015626251697540283,-0.41860175132751465,-0.05975822940337139,-0.10316985845565796,-0.34975576400756836,-0.0017979950537778677,-0.1084902286529541,-0.5113730728626251,-0.02883478835093456,-0.1045038104057312,-0.6078892648220062,-0.04792716562616306,-0.09883350133895874,-0.689445436000824,-0.05989388584958988,-0.03950953483581543,-0.3516772389411926,-0.013514935261184746,-0.048919737339019775,-0.5292757153511047,-0.044607615320558125,-0.05523604154586792,-0.6372921466827393,-0.06849123746025043,-0.05238056182861328,-0.729909211397171,-0.08058420032131153,0.02429717779159546,-0.32185205817222595,-0.029846504552835995,0.02364581823348999,-0.41346973180770874,-0.07944552808868366,-0.014992833137512207,-0.3256498873233795,-0.08900537550317722,-0.035640060901641846,-0.24872523546218872,-0.0785303956257053,0.07873749732971191,-0.269917368888855,-0.04808634728061634,0.06209951639175415,-0.34490150213241577,-0.08334090769159275,0.020621299743652344,-0.29617488384246826,-0.07987839192020374,-0.006046712398529053,-0.24013209342956543,-0.06748644471036869
U,0.0,0.0,0.0,-0.08707451820373535,-0.09904682636260986,-0.02403835895387374,-0.11662214994430542,-0.24684566259384155,-0.03299437406388961,-0.06049323081970215,-0.3732254207134247,-0.04849968048660003,0.017105460166931152,-0.423395574092865,-0.06319488528100692,-0.10499870777130127,-0.35792335867881775,0.002978524063621535,-0.11018216609954834,-0.5176677703857422,-0.024592214626352416,-0.10731911659240723,-0.6142916679382324,-0.045062876668851004,-0.1022910475730896,-0.697202205657959,-0.058449893620888815,-0.04156970977783203,-0.3603852689266205,-0.009968812008480654,-0.0513644814491272,-0.5346253961324692,-0.04243520590392791,-0.055710792541503906,-0.6425798833370209,-0.06800499501554214,-0.051483213901519775,-0.7374905943870544,-0.08120449575511657,0.022678732872009277,-0.32968518137931824,-0.028149717849771605,0.025434434413909912,-0.42266857624053955,-0.08084626438943587,-0.011179029941558838,-0.32959210872650146,-0.0911974752220317,-0.03167182207107544,-0.25091660022735596,-0.08048105182973586,0.07851094007492065,-0.27518582344055176,-0.04831060337750159,0.06258285045623779,-0.34951379895210266,-0.08706084581939422,0.02424919605255127,-0.2932126522064209,-0.08443771245805465,8.106231689453125e-05,-0.23305857181549072,-0.07187117579309188
U,0.0,0.0,0.0,-0.08751606941223145,-0.10365694761276245,-0.023915209543474703,-0.1146957278251648,-0.2549094557762146,-0.032353698012002496,-0.05747777223587036,-0.3824009597301483,-0.04758447661674836,0.01978844404220581,-0.4320772588253021,-0.062161239531405954,-0.10542088747024536,-0.3664274513721466,0.004785086292258711,-0.10955214500427246,-0.5261822640895844,-0.02295308626867154,-0.10525733232498169,-0.6247766613960266,-0.04431689038551667,-0.09933769702911377,-0.7100759744644165,-0.05844029292143205,-0.04006451368331909,-0.36883634328842163,-0.008476680812009363,-0.0482974648475647,-0.5432505160570145,-0.04145872473395684,-0.051698923110961914,-0.653950035572052,-0.06834066539681771,-0.04771298170089722,-0.7521326839923859,-0.08256646871245721,0.02534341812133789,-0.3376123607158661,-0.027133662920959978,0.03047710657119751,-0.4306170344352722,-0.08153939127601006,-0.006959319114685059,-0.3339751362800598,-0.09338711827672341,-0.030316412448883057,-0.2530587911605835,-0.08315778404153207,0.08196413516998291,-0.2825680375099182,-0.0476376737622104,0.06745326519012451,-0.35763081908226013,-0.0877973499862037,0.02791893482208252,-0.2979508340358734,-0.085783905085691,0.0006423592567443848,-0.2348828911781311,-0.07338775574839929
U,0.0,0.0,0.0,-0.08880728483200073,-0.10858678817749023,-0.023508012410957235,-0.11513692140579224,-0.26076871156692505,-0.03179419611092271,-0.05644017457962036,-0.38912031054496765,-0.046971237403113264,0.021658003330230713,-0.4389054775238037,-0.061271531623560804,-0.10711139440536499,-0.36893051862716675,0.0056591125905924855,-0.11064082384109497,-0.5297070890665054,-0.021735636633593458,-0.10650801658630371,-0.628180205821991,-0.04250732262130441,-0.10097581148147583,-0.7133133113384247,-0.05610751186009111,-0.0409168004989624,-0.3733108341693878,-0.0074604438848382415,-0.04734444618225098,-0.5461623668670654,-0.04022194643016519,-0.05004894733428955,-0.6566279530525208,-0.06615312222834291,-0.0452042818069458,-0.7532138526439667,-0.0795656127154416,0.02556169033050537,-0.34390348196029663,-0.026031155255395788,0.0329555869102478,-0.4348495304584503,-0.07947887305613222,-0.004536330699920654,-0.33739933371543884,-0.09014022175665559,-0.027150392532348633,-0.25418663024902344,-0.07913251046534242,0.08276087045669556,-0.29030483961105347,-0.04659443174000444,0.07065874338150024,-0.3624000549316406,-0.08482681785221757,0.030721962451934814,-0.3029838800430298,-0.08182265434857072,0.004053175449371338,-0.23931634426116943,-0.06886642996664705
U,0.0,0.0,0.0,-0.09129512310028076,-0.1079944372177124,-0.025775603214412968,-0.11882156133651733,-0.2644840478897095,-0.03373458349159364,-0.058878302574157715,-0.395587682723999,-0.048084904635459225,0.02041459083557129,-0.4459555745124817,-0.06149310731342439,-0.11166620254516602,-0.37239840626716614,0.005824872096866329,-0.1158297061920166,-0.5345467925071716,-0.020576772475749294,-0.11158329248428345,-0.634331464767456,-0.04105466716936235,-0.1065213680267334,-0.7199269831180573,-0.054788694912701885,-0.04407709836959839,-0.3758418560028076,-0.006073206858843605,-0.05124610662460327,-0.5498684197664261,-0.038088993365079205,-0.05445981025695801,-0.6606191694736481,-0.06414222084930543,-0.05117082595825195,-0.7573318481445312,-0.07794427984407548,0.023971199989318848,-0.3455771505832672,-0.023759615803271572,0.030585765838623047,-0.4405265152454376,-0.0778693866079152,-0.007595479488372803,-0.34459659457206726,-0.09078543000867967,-0.03137660026550293,-0.2609649896621704,-0.08139485978534822,0.08210998773574829,-0.2912871837615967,-0.043453556681186,0.06823819875717163,-0.36581823229789734,-0.08324666433981065,0.025446832180023193,-0.30909985303878784,-0.08249824606826905,-0.004740238189697266,-0.24611937999725342,-0.07123296820572023
U,0.0,0.0,0.0,-0.09203499555587769,-0.10564559698104858,-0.027629738400150927,-0.11993885040283203,-0.2621481418609619,-0.037292167270948084,-0.05951094627380371,-0.3949081301689148,-0.05333436625676313,0.019981026649475098,-0.44780245423316956,-0.06844164031224409,-0.11255818605422974,-0.37622305750846863,0.003458054311181513,-0.11837232112884521,-0.5392555743455887,-0.026658653939534815,-0.11410951614379883,-0.6424862444400787,-0.05012046518402258,-0.108207106590271,-0.7294521331787109,-0.06560920524077574,-0.04412490129470825,-0.3786880373954773,-0.009304069640506896,-0.05308496952056885,-0.5579485595226288,-0.04485262530522505,-0.05678856372833252,-0.6717950403690338,-0.07356261062102476,-0.05257773399353027,-0.7709338366985321,-0.08870859044270674,0.02423614263534546,-0.3454691171646118,-0.027982519666124972,0.031224489212036133,-0.4423736333847046,-0.08476306098179975,-0.00702059268951416,-0.3453083038330078,-0.09664272117095152,-0.031159400939941406,-0.2634819746017456,-0.08584058629946867,0.08268201351165771,-0.2870146930217743,-0.04885596009569326,0.07023274898529053,-0.3677486777305603,-0.09020002531485716,0.028650641441345215,-0.3079667091369629,-0.08731233673768202,-0.0015965700149536133,-0.2432035207748413,-0.07394352155404249
U,0.0,0.0,0.0,-0.09237366914749146,-0.10988593101501465,-0.02784400871064463,-0.1207956075668335,-0.2651737332344055,-0.038168816548250106,-0.05961424112319946,-0.397765576839447,-0.05505131809081831,0.021377503871917725,-0.4522286057472229,-0.0708924035545806,-0.1155165433883667,-0.37801098823547363,0.004017938207425686,-0.12068694829940796,-0.5480573922395706,-0.025741356145999816,-0.11682456731796265,-0.6521110832691193,-0.04804361490573683,-0.11150360107421875,-0.7397023141384125,-0.06221007807221213,-0.045767009258270264,-0.3818219304084778,-0.00773020060773888,-0.05227428674697876,-0.5642781108617783,-0.04211852578487196,-0.05531644821166992,-0.6781718134880066,-0.06926031662192145,-0.05101478099822998,-0.7770893573760986,-0.08311932040419379,0.02441483736038208,-0.35112276673316956,-0.025466308650038627,0.031821250915527344,-0.4500923156738281,-0.08095900220837393,-0.007461071014404297,-0.3513696789741516,-0.09239073349203863,-0.031280696392059326,-0.26575767993927,-0.0811860213991622,0.08388650417327881,-0.2953251600265503,-0.04547398788895407,0.07020044326782227,-0.37324023246765137,-0.08544414741959372,0.028675079345703125,-0.3154054284095764,-0.08250200999941626,-0.0001399517059326172,-0.2517443895339966,-0.06896335138048926
U,0.0,0.0,0.0,-0.09291493892669678,-0.10285615921020508,-0.027118770611082255,-0.12373018264770508,-0.2652433514595032,-0.03698533235171908,-0.06317383050918579,-0.4005630910396576,-0.05338705165365809,0.019733905792236328,-0.45585891604423523,-0.06898699162582034,-0.11344027519226074,-0.38039761781692505,-0.0013819831382306802,-0.11966419219970703,-0.5547053515911102,-0.03172473816255206,-0.1162482500076294,-0.6614474952220917,-0.05326938463429087,-0.11143529415130615,-0.7513705193996429,-0.06699514595845812,-0.04270118474960327,-0.3850087821483612,-0.014205566812847792,-0.0513380765914917,-0.5735366940498352,-0.04972968457320803,-0.05769383907318115,-0.6914847493171692,-0.07716254351714724,-0.0555381178855896,-0.7939928770065308,-0.09127915112355822,0.028143465518951416,-0.3544117212295532,-0.03232776952961558,0.03188532590866089,-0.45820412039756775,-0.08947821168283099,-0.007825374603271484,-0.3578948378562927,-0.10049942342618579,-0.029768824577331543,-0.2713574171066284,-0.08874239979365939,0.08936101198196411,-0.29788506031036377,-0.0524962080834257,0.07145446538925171,-0.3781231641769409,-0.09446338025907153,0.028906047344207764,-0.3188531994819641,-0.09174153415540331,0.0015977025032043457,-0.2535340189933777,-0.07817235795835131
U,0.0,0.0,0.0,-0.09269464015960693,-0.10280293226242065,-0.027785737266526667,-0.12445706129074097,-0.26909297704696655,-0.03616403621970221,-0.06095242500305176,-0.40372204780578613,-0.050849693095074144,0.023013055324554443,-0.4568862318992615,-0.06476842818199202,-0.11630886793136597,-0.3951495885848999,0.002227795344083461,-0.12088596820831299,-0.5648460537195206,-0.027938183596120325,-0.11650890111923218,-0.6720510721206665,-0.05011990500031516,-0.11219143867492676,-0.7603137195110321,-0.06401496586738631,-0.0443229079246521,-0.39677247405052185,-0.011002208305285421,-0.05125027894973755,-0.5837399363517761,-0.04646555540500685,-0.0562325119972229,-0.7012134194374084,-0.07374701855121657,-0.05386775732040405,-0.8026116192340851,-0.08676926252780959,0.027910292148590088,-0.36026960611343384,-0.03018230405984923,0.03025418519973755,-0.4536641240119934,-0.08918766138492629,-0.008210718631744385,-0.3525826930999756,-0.10176573899923369,-0.030006229877471924,-0.2695891857147217,-0.08989957926212355,0.08962017297744751,-0.2962362766265869,-0.05125595462857291,0.07460141181945801,-0.3754066526889801,-0.09419681338010832,0.031027793884277344,-0.3137910068035126,-0.09111903814016387,0.0020995736122131348,-0.24935507774353027,-0.07681571898399397
U,0.0,0.0,0.0,-0.09189707040786743,-0.10674124956130981,-0.026990786437238512,-0.12129706144332886,-0.27541428804397583,-0.03485921049519902,-0.05613178014755249,-0.407188355922699,-0.04920315021678334,0.025061964988708496,-0.46544140577316284,-0.06272113347455388,-0.10652297735214233,-0.3958874046802521,0.0023629609399336005,-0.1123420000076294,-0.5698985308408737,-0.026593752447809038,-0.11132705211639404,-0.6769006252288818,-0.046716857943977175,-0.10859692096710205,-0.766836017370224,-0.05918184692069417,-0.03517770767211914,-0.3990466892719269,-0.010813644398297129,-0.0445406436920166,-0.591568186879158,-0.044343367461408434,-0.05292642116546631,-0.7089109122753143,-0.07045958960458165,-0.051109910011291504,-0.8092957139015198,-0.08304759139224416,0.03636586666107178,-0.36410295963287354,-0.029827900473321733,0.03968995809555054,-0.46087750792503357,-0.08891272569104558,-0.002330958843231201,-0.36073634028434753,-0.10312390351697331,-0.025111019611358643,-0.2763545513153076,-0.09264417761966115,0.09877580404281616,-0.30384230613708496,-0.05051492178841954,0.08111453056335449,-0.38237056136131287,-0.09556555027171498,0.03869825601577759,-0.3188773989677429,-0.09445819282933599,0.01381617784500122,-0.25191730260849,-0.08137932444020635
U,0.0,0.0,0.0,-0.09185022115707397,-0.10176187753677368,-0.030266895064755772,-0.1238592267036438,-0.27245134115219116,-0.04058714687232623,-0.057618796825408936,-0.4079296588897705,-0.05680578305725703,0.02922600507736206,-0.46365106105804443,-0.0716877925336803,-0.11597466468811035,-0.40733134746551514,-0.004055084300830458,-0.12018382549285889,-0.5909610837697983,-0.03649870409969935,-0.11491388082504272,-0.7054643929004669,-0.0579538951755012,-0.1095532774925232,-0.7988469302654266,-0.07045384972695956,-0.040775418281555176,-0.40823984146118164,-0.01699264823798785,-0.047506630420684814,-0.6141364425420761,-0.05427416145209918,-0.0517541766166687,-0.737816721200943,-0.08031356065873752,-0.047339558601379395,-0.8422304391860962,-0.0912613990843738,0.03435879945755005,-0.3706870377063751,-0.03584376453761706,0.03908783197402954,-0.46784508228302,-0.09785391866569171,-0.0018885135650634766,-0.36350634694099426,-0.10901651262645373,-0.024559617042541504,-0.2759687900543213,-0.0944255489051784,0.09810620546340942,-0.3074222803115845,-0.05675642296080241,0.08194923400878906,-0.38967084884643555,-0.1011980223596538,0.0401691198348999,-0.32626107335090637,-0.09643955259923587,0.015003979206085205,-0.25952017307281494,-0.07988650082950244
U,0.0,0.0,0.0,-0.09331619739532471,-0.10601866245269775,-0.034397424023268286,-0.1277260184288025,-0.2748740315437317,-0.04697944672000176,-0.06535369157791138,-0.42018842697143555,-0.06491280795228249,0.0213620662689209,-0.48396992683410645,-0.08070665300976998,-0.11986637115478516,-0.4071415066719055,-0.005662641778258148,-0.1256076693534851,-0.6018546968698502,-0.03830264584314591,-0.12235194444656372,-0.7177394330501556,-0.05907347128879792,-0.1158757209777832,-0.8130498826503754,-0.07088473887336022,-0.04532283544540405,-0.4109506905078888,-0.0159114904810167,-0.055413126945495605,-0.6220367699861526,-0.053394616406080786,-0.06018739938735962,-0.7451163232326508,-0.07881471217763192,-0.05417013168334961,-0.8485978841781616,-0.08966321946275002,0.03003835678100586,-0.3784855008125305,-0.03257345856320626,0.03974992036819458,-0.48466622829437256,-0.09502293617617852,-0.002782166004180908,-0.37882527709007263,-0.10629998595607049,-0.02648019790649414,-0.28877323865890503,-0.09199376852404839,0.09503376483917236,-0.3210821747779846,-0.0516952842582441,0.08249622583389282,-0.40816357731819153,-0.0968942389000631,0.040996432304382324,-0.34246861934661865,-0.0933118283857084,0.017034709453582764,-0.2730141878128052,-0.07761698664319283
U,0.0,0.0,0.0,-0.09129422903060913,-0.10957765579223633,-0.032559621060045174,-0.12322449684143066,-0.2846255898475647,-0.04294609921589654,-0.05566906929016113,-0.42977821826934814,-0.05944729494467538,0.030888676643371582,-0.4967566132545471,-0.07440792667284768,-0.12002915143966675,-0.4216477870941162,0.0012533002013697114,-0.1249685287475586,-0.615327000617981,-0.03070234219148915,-0.12036079168319702,-0.7336980700492859,-0.05225289511099618,-0.11382395029067993,-0.8306061327457428,-0.06472423570767205,-0.043624281883239746,-0.42274874448776245,-0.009916411624999455,-0.04868191480636597,-0.6307013630867004,-0.047291229391248635,-0.05255246162414551,-0.7568468153476715,-0.0747854848445968,-0.04761207103729248,-0.8639506697654724,-0.08703954415932458,0.03288501501083374,-0.3871695399284363,-0.02769871326700013,0.04462635517120361,-0.49406155943870544,-0.09131651269808572,0.0008119344711303711,-0.38595137000083923,-0.10450320588961404,-0.024792492389678955,-0.2952876091003418,-0.09117697822466653,0.09807157516479492,-0.3262420892715454,-0.047672456973941735,0.08635812997817993,-0.41299617290496826,-0.09458403187409203,0.04332834482192993,-0.34139084815979004,-0.0914890085400657,0.016828954219818115,-0.26898807287216187,-0.07575523006335061
U,0.0,0.0,0.0,-0.08690714836120605,-0.11089813709259033,-0.03785385630567362,-0.1199650764465332,-0.2843126654624939,-0.05315010316212465,-0.05454409122467041,-0.43041664361953735,-0.0735640569730549,0.035167157649993896,-0.49868786334991455,-0.09184484622915079,-0.11760371923446655,-0.4300484359264374,-0.008711480270221728,-0.12369376420974731,-0.6302081048488617,-0.044639033000066775,-0.11894881725311279,-0.7523514330387115,-0.06792974166114618,-0.11129498481750488,-0.8513699173927307,-0.08127935669858743,-0.039699673652648926,-0.4285460114479065,-0.018980965684249895,-0.04538702964782715,-0.6411112844944,-0.059525043438270586,-0.049804508686065674,-0.7643122971057892,-0.0873146473570614,-0.044738709926605225,-0.8706741333007812,-0.09929445825059702,0.03925514221191406,-0.3904416561126709,-0.03592687539298822,0.050817787647247314,-0.5005408227443695,-0.10239503226716806,0.006035804748535156,-0.38937148451805115,-0.11385564945180704,-0.019932687282562256,-0.2985178232192993,-0.09868210993249704,0.10684162378311157,-0.32593590021133423,-0.055424355636432665,0.09406054019927979,-0.41632670164108276,-0.10329346052844812,0.04963219165802002,-0.3449086546897888,-0.09848437152345468,0.022122681140899658,-0.27249276638031006,-0.08117080918987085
U,0.0,0.0,0.0,-0.09002959728240967,-0.11036205291748047,-0.04065248689391865,-0.12250363826751709,-0.2862986922264099,-0.05695412254669918,-0.05490797758102417,-0.4285322427749634,-0.0782851273451115,0.03556478023529053,-0.49722734093666077,-0.09740599936583294,-0.1195061206817627,-0.4524691104888916,-0.010596470374252931,-0.12068790197372437,-0.6616136133670807,-0.048261399779107705,-0.11349111795425415,-0.7955705225467682,-0.07203116959669842,-0.10413968563079834,-0.9018748104572296,-0.08483815139868511,-0.040470123291015625,-0.44485554099082947,-0.021574090633180276,-0.03994685411453247,-0.6625912487506866,-0.06426737404206051,-0.04134571552276611,-0.7942563593387604,-0.092448934379604,-0.03593355417251587,-0.9053021967411041,-0.10316601342299236,0.03964352607727051,-0.3999851942062378,-0.03968154213168873,0.055467188358306885,-0.5000787675380707,-0.10956633037665142,0.012586116790771484,-0.38181325793266296,-0.11977699345686688,-0.01348048448562622,-0.289520800113678,-0.10154719597437634,0.10769027471542358,-0.32888907194137573,-0.06059767625072254,0.09701865911483765,-0.4170801341533661,-0.1093869129452969,0.055133700370788574,-0.33786672353744507,-0.10112275874951138,0.03011000156402588,-0.262731671333313,-0.08008288538792385
U,0.0,0.0,0.0,-0.0946386456489563,-0.11871504783630371,-0.042344378200823485,-0.1299682855606079,-0.29899466037750244,-0.0571601408398692,-0.05922502279281616,-0.4486384391784668,-0.07778309833770436,0.03864699602127075,-0.5061613619327545,-0.09590907943015736,-0.12183177471160889,-0.4636216461658478,-0.0016149843675066222,-0.12373125553131104,-0.6732367426156998,-0.03713666078215283,-0.11919784545898438,-0.8035143315792084,-0.06081219565635365,-0.11196160316467285,-0.9084418714046478,-0.0742175186849181,-0.04220610857009888,-0.46206769347190857,-0.011968479385132014,-0.04509848356246948,-0.6844612061977386,-0.05414756935601872,-0.04462069272994995,-0.8229092359542847,-0.08445848327642125,-0.03708714246749878,-0.9395350217819214,-0.09675118875270527,0.03733348846435547,-0.4192427694797516,-0.030501818177754103,0.05416184663772583,-0.5147907137870789,-0.1023857424831931,0.010082244873046875,-0.39620402455329895,-0.1185188944316451,-0.01703667640686035,-0.3000829815864563,-0.10334495258098286,0.10243731737136841,-0.34870827198028564,-0.05203168642287892,0.09317266941070557,-0.4297221601009369,-0.10368707579141301,0.05355793237686157,-0.3543022871017456,-0.10099469673400563,0.03205639123916626,-0.2808438539505005,-0.08349345427518529
U,0.0,0.0,0.0,-0.09582126140594482,-0.11418932676315308,-0.044776511693385146,-0.1310868263244629,-0.2991138696670532,-0.06151447569766333,-0.058161139488220215,-0.4450364112854004,-0.08306856578030875,0.04111170768737793,-0.5075428485870361,-0.10155210023560812,-0.12326967716217041,-0.4710400104522705,-0.007935101481166384,-0.12444204092025757,-0.6838766038417816,-0.0455296238307028,-0.11740684509277344,-0.8152851462364197,-0.0693183255735903,-0.10796970129013062,-0.9196410775184631,-0.08199583118596365,-0.04280388355255127,-0.46588295698165894,-0.017688504735019706,-0.043245911598205566,-0.694848507642746,-0.06111343702116301,-0.042617857456207275,-0.8357163965702057,-0.0911563274804621,-0.03359031677246094,-0.9533751010894775,-0.1026524988357096,0.03713768720626831,-0.4182407557964325,-0.03541506206431677,0.054073989391326904,-0.5117873549461365,-0.10748478894868185,0.008221864700317383,-0.3901791572570801,-0.12121005480923941,-0.018732964992523193,-0.2958466410636902,-0.10411748414674094,0.1028057336807251,-0.34205174446105957,-0.056309518719103835,0.09325361251831055,-0.4203340411186218,-0.10789119576850226,0.05240851640701294,-0.34233951568603516,-0.10277240102925589,0.02974754571914673,-0.27041947841644287,-0.08317618196645071
U,0.0,0.0,0.0,-0.09342539310455322,-0.12068319320678711,-0.04208855907847919,-0.12950140237808228,-0.3061089515686035,-0.05759941990902462,-0.05793178081512451,-0.45593321323394775,-0.07901776786377468,0.04033041000366211,-0.5218508243560791,-0.09806719626715221,-0.11761033535003662,-0.4766535758972168,-0.005809464673006914,-0.1202738881111145,-0.6883951872587204,-0.0435558130913023,-0.1177329421043396,-0.8206626772880554,-0.06773409451773205,-0.11110395193099976,-0.9274543523788452,-0.08151330258181133,-0.03589832782745361,-0.474388062953949,-0.017828826042318724,-0.037880003452301025,-0.7035143375396729,-0.06308642979195156,-0.0375823974609375,-0.8446903228759766,-0.09484901483585872,-0.0276108980178833,-0.9639008641242981,-0.10815359856417217,0.046148717403411865,-0.4286864995956421,-0.03758086095979252,0.06320011615753174,-0.5286405384540558,-0.11324141378929653,0.014707088470458984,-0.40347182750701904,-0.12854470516970196,-0.012800633907318115,-0.30284929275512695,-0.11234425212671795,0.11314207315444946,-0.35408204793930054,-0.06017668004562893,0.0994415283203125,-0.43367618322372437,-0.11603464390566387,0.05586230754852295,-0.3542821407318115,-0.1135740449600462,0.0340917706489563,-0.2783903479576111,-0.09568305517962017
U,0.0,0.0,0.0,-0.1038275957107544,-0.1072494387626648,-0.04876141605996054,-0.14709007740020752,-0.29564040899276733,-0.06494445709608954,-0.07268255949020386,-0.4505811333656311,-0.0853317490043537,0.03183114528656006,-0.5136155486106873,-0.10278428701781195,-0.1376945972442627,-0.48722130060195923,-0.010622381066013986,-0.13898229598999023,-0.7056275308132172,-0.04772974906586569,-0.1303255558013916,-0.8415733575820923,-0.07067508606337469,-0.12095499038696289,-0.9497408270835876,-0.08279908804320257,-0.053533077239990234,-0.48309558629989624,-0.018911486324896032,-0.05632901191711426,-0.7131668329238892,-0.061008758676280195,-0.057461440563201904,-0.8556506037712097,-0.08822997270249289,-0.052552640438079834,-0.9719095826148987,-0.09729295579813879,0.028770804405212402,-0.4332828223705292,-0.03600217757843893,0.04156893491744995,-0.5218853652477264,-0.11139773188256186,-0.0018270611763000488,-0.3974701762199402,-0.12760687975310248,-0.027513206005096436,-0.29955005645751953,-0.11072702316664618,0.09561264514923096,-0.3532305359840393,-0.05630046112560194,0.08559000492095947,-0.43137526512145996,-0.11255769787453573,0.04329228401184082,-0.3472631573677063,-0.1105225419821636,0.018001675605773926,-0.269168496131897,-0.09206516651534002
U,0.0,0.0,0.0,-0.11320501565933228,-0.11380690336227417,-0.041255377984612096,-0.16036522388458252,-0.3104514479637146,-0.05046801344212781,-0.08416610956192017,-0.46154850721359253,-0.06585518345889341,0.01758265495300293,-0.5260905623435974,-0.07904859707412015,-0.1488494873046875,-0.5054863393306732,0.006616474774659764,-0.15418654680252075,-0.717019647359848,-0.025857233262627233,-0.1508171558380127,-0.8515240550041199,-0.04841217473801862,-0.14477556943893433,-0.9586667418479919,-0.061404996371834386,-0.06348192691802979,-0.49829965829849243,-0.0048735214462567455,-0.06933027505874634,-0.7252160012722015,-0.04542203322705518,-0.07217568159103394,-0.8683992922306061,-0.0765518628126074,-0.0652051568031311,-0.9842706322669983,-0.08914380595740568,0.02168893814086914,-0.4457469582557678,-0.02499787584599744,0.029227852821350098,-0.5315225124359131,-0.10094204620179426,-0.01872628927230835,-0.4005690813064575,-0.12087793723401319,-0.04430109262466431,-0.296886146068573,-0.10665444359835874,0.09020483493804932,-0.36358457803726196,-0.04761009365972768,0.06964147090911865,-0.4381980299949646,-0.10804057941493284,0.02368217706680298,-0.3459939956665039,-0.1093662388688017,0.0006707310676574707,-0.2620702385902405,-0.09286364988145124
U,0.0,0.0,0.0,-0.11180001497268677,-0.10621136426925659,-0.0470311004338555,-0.16135752201080322,-0.301552951335907,-0.06048250157812163,-0.08512115478515625,-0.45109450817108154,-0.07899708260276839,0.017650187015533447,-0.5184384286403656,-0.09517554898241087,-0.15500444173812866,-0.5061396062374115,-0.005194788393168892,-0.15653443336486816,-0.7152836918830872,-0.041432682019262757,-0.15066397190093994,-0.8504186570644379,-0.06574135978200957,-0.14346373081207275,-0.9577679634094238,-0.08003079105594679,-0.06898313760757446,-0.5003030300140381,-0.015989819136052574,-0.07584494352340698,-0.725677490234375,-0.05886471976020857,-0.08021390438079834,-0.8654721975326538,-0.08845450688579604,-0.0752759575843811,-0.9795370697975159,-0.09989394206979796,0.018132388591766357,-0.4468810558319092,-0.03577328432777449,0.028152823448181152,-0.528306394815445,-0.112876407396584,-0.017762720584869385,-0.39112240076065063,-0.12997442443349883,-0.04252678155899048,-0.2884817123413086,-0.11409805674531981,0.09009623527526855,-0.3611476421356201,-0.058763302457123245,0.07399648427963257,-0.43084973096847534,-0.12014841992834135,0.02903306484222412,-0.3349418044090271,-0.12061598111370131,0.006085455417633057,-0.2530975341796875,-0.10362987924793288
U,0.0,0.0,0.0,-0.10640215873718262,-0.09454214572906494,-0.04484507363326884,-0.15942102670669556,-0.28994208574295044,-0.0532394416261468,-0.08312344551086426,-0.43446481227874756,-0.06534843441136218,0.01801091432571411,-0.5026228725910187,-0.07589682485945559,-0.15254497528076172,-0.5112808644771576,-0.008364719488099581,-0.1547180414199829,-0.72014120221138,-0.04233175437934733,-0.14519578218460083,-0.8547764420509338,-0.06301825042851306,-0.13517272472381592,-0.9603241682052612,-0.07435428645499087,-0.0653337836265564,-0.5064780414104462,-0.017442866377905375,-0.07148110866546631,-0.7269919514656067,-0.055608633123711115,-0.07471412420272827,-0.8617521822452545,-0.08074438121207095,-0.07008576393127441,-0.9687325954437256,-0.08916606303341723,0.019865095615386963,-0.45305150747299194,-0.03516475033052302,0.029919922351837158,-0.5151152908802032,-0.10907364930994845,-0.013296544551849365,-0.38364332914352417,-0.13042987432368136,-0.037418365478515625,-0.28630250692367554,-0.11882034983523226,0.08907228708267212,-0.36852961778640747,-0.055618177317455775,0.07631021738052368,-0.4063032865524292,-0.12127997275479174,0.03079962730407715,-0.304210364818573,-0.13066029097922183,0.0037441253662109375,-0.22159087657928467,-0.12002591338045931
U,0.0,0.0,0.0,-0.10988134145736694,-0.09936362504959106,-0.050013626605050376,-0.16799169778823853,-0.28537023067474365,-0.06244177618600588,-0.08731883764266968,-0.43766266107559204,-0.07707383730985384,0.018154442310333252,-0.5066724419593811,-0.08986409255840044,-0.16556209325790405,-0.510793924331665,-0.01665073880531054,-0.16775071620941162,-0.7277119755744934,-0.05479065576173525,-0.15659505128860474,-0.8653105795383453,-0.08049368360616427,-0.14721226692199707,-0.9722883701324463,-0.09511745968438845,-0.07666933536529541,-0.5143449604511261,-0.02208415107406836,-0.08055830001831055,-0.7388988733291626,-0.060857227682845405,-0.07831108570098877,-0.879716694355011,-0.08707730719424944,-0.07151269912719727,-0.9942456483840942,-0.09677870818950396,0.00907742977142334,-0.46553295850753784,-0.03638729700423937,0.012059926986694336,-0.5141932368278503,-0.10716519752122622,-0.027312278747558594,-0.3872232437133789,-0.13009587922670107,-0.046637654304504395,-0.291545569896698,-0.12068895497895937,0.07931381464004517,-0.38237088918685913,-0.05418323600270014,0.06699591875076294,-0.41213399171829224,-0.118552158266084,0.01732093095779419,-0.3195585608482361,-0.1304639528093503,-0.014054417610168457,-0.24190813302993774,-0.12198677161313753
U,0.0,0.0,0.0,-0.11331087350845337,-0.08724749088287354,-0.05347698515970478,-0.17558735609054565,-0.2818916440010071,-0.07034460044224033,-0.09624958038330078,-0.4409644603729248,-0.08942409938890705,0.018945515155792236,-0.5000951886177063,-0.10745196378547917,-0.16961795091629028,-0.5057926177978516,-0.033132798585484124,-0.16982638835906982,-0.7376445531845093,-0.07938368207533131,-0.15645909309387207,-0.8847647905349731,-0.10763898825962315,-0.14518576860427856,-0.9977020025253296,-0.12235447353441486,-0.07783758640289307,-0.5130825042724609,-0.04002079329211483,-0.07601052522659302,-0.7532020807266235,-0.08755073285419712,-0.0717734694480896,-0.9063459634780884,-0.11872971391994724,-0.06485450267791748,-1.0284848809242249,-0.1301194462807871,0.009559214115142822,-0.46658045053482056,-0.054770707699844934,0.01711982488632202,-0.5210240483283997,-0.13077307081539402,-0.022345125675201416,-0.39536356925964355,-0.15670705175716648,-0.04397892951965332,-0.29923170804977417,-0.14733723140079746,0.08301842212677002,-0.3846404552459717,-0.07298485523779163,0.07015377283096313,-0.40669190883636475,-0.13550280368644962,0.021051228046417236,-0.32198566198349,-0.1464313153060175,-0.01025480031967163,-0.2478187084197998,-0.13673143422920475
U,0.0,0.0,0.0,-0.11979484558105469,-0.0870065689086914,-0.06229019939985392,-0.18404871225357056,-0.2731379270553589,-0.08741216018881914,-0.09773385524749756,-0.4335068464279175,-0.11372915312733767,0.018605589866638184,-0.49753493070602417,-0.13848621800627825,-0.17616939544677734,-0.5171526074409485,-0.045398749709988806,-0.17676454782485962,-0.7543706893920898,-0.09916578635659334,-0.16331124305725098,-0.907050609588623,-0.1332065428802025,-0.15124791860580444,-1.022476613521576,-0.15112477198329088,-0.0767255425453186,-0.5235471427440643,-0.05112899124708292,-0.07579374313354492,-0.766552746295929,-0.1050737093397629,-0.07430791854858398,-0.9198200404644012,-0.1396019573518288,-0.07113111019134521,-1.0407475233078003,-0.15231728211131212,0.01853156089782715,-0.47298187017440796,-0.06534327223982928,0.02258002758026123,-0.5231480896472931,-0.1471744145461571,-0.012860476970672607,-0.39142906665802,-0.17125317111697314,-0.03349035978317261,-0.2911375164985657,-0.15858323529448626,0.09992271661758423,-0.38405609130859375,-0.08368686989035723,0.08595901727676392,-0.41944652795791626,-0.14778180077757952,0.039745211601257324,-0.33400583267211914,-0.15322932258334276,0.006794273853302002,-0.2541285753250122,-0.138157885820533
U,0.0,0.0,0.0,-0.127158522605896,-0.08779489994049072,-0.06388054896592621,-0.1967700719833374,-0.2735840082168579,-0.09020792056321625,-0.1104809045791626,-0.43311285972595215,-0.11868032921552185,0.0012727975845336914,-0.503458559513092,-0.14530209560393814,-0.1857999563217163,-0.527038037776947,-0.041021679681534806,-0.18669378757476807,-0.7602501213550568,-0.09392481405734543,-0.1743512749671936,-0.9100261032581329,-0.12675898630618576,-0.16347140073776245,-1.027351200580597,-0.1434290196418715,-0.0854349136352539,-0.5297874212265015,-0.04718323532938484,-0.09127044677734375,-0.7765883505344391,-0.1011379222989035,-0.09584331512451172,-0.9328965842723846,-0.1322060312747908,-0.09678679704666138,-1.0598116517066956,-0.14169065017699722,0.01474684476852417,-0.4783700704574585,-0.06300745267867569,0.008310079574584961,-0.5246838331222534,-0.14882826168536667,-0.0316849946975708,-0.37726348638534546,-0.16814784069060806,-0.052907347679138184,-0.27150142192840576,-0.15007468421458725,0.10130751132965088,-0.3854787349700928,-0.08322152603864197,0.08156579732894897,-0.4358246326446533,-0.14908916611670975,0.030375003814697266,-0.33074134588241577,-0.14888713617324356,-0.004516005516052246,-0.24063873291015625,-0.12893828113078598
U,0.0,0.0,0.0,-0.11970019340515137,-0.09662139415740967,-0.06851163544081373,-0.17989790439605713,-0.28051865100860596,-0.09575992115162535,-0.08721047639846802,-0.42925024032592773,-0.12458955534123106,0.027324974536895752,-0.4911370873451233,-0.15114624090813322,-0.17018020153045654,-0.5380131006240845,-0.03865814619086905,-0.16714978218078613,-0.7649715840816498,-0.09314581789396925,-0.1522316336631775,-0.9129011332988739,-0.1274750757994525,-0.1415032148361206,-1.02806556224823,-0.14488890059612913,-0.0716809630393982,-0.5384855270385742,-0.0437069874288909,-0.0694846510887146,-0.7780075371265411,-0.09938415922545119,-0.0719652771949768,-0.9327514469623566,-0.13225273080490751,-0.07303589582443237,-1.059559166431427,-0.14235762544296904,0.023787081241607666,-0.48109304904937744,-0.05977771096252127,0.030737638473510742,-0.5220539569854736,-0.14861322231911345,-0.005192160606384277,-0.3718210458755493,-0.17190486975334807,-0.027298271656036377,-0.2686809301376343,-0.155027874189841,0.10577046871185303,-0.38284754753112793,-0.08048160411738081,0.09573173522949219,-0.42461514472961426,-0.1494469720902316,0.050691068172454834,-0.3172959089279175,-0.15312277563236876,0.018310844898223877,-0.23040735721588135,-0.13501878865383787
U,0.0,0.0,0.0,-0.11433261632919312,-0.09712779521942139,-0.06759189689626055,-0.16964727640151978,-0.2848893404006958,-0.09778099382390337,-0.07586854696273804,-0.4337765574455261,-0.13032304370869952,0.036190032958984375,-0.505631148815155,-0.16058569276799517,-0.16158229112625122,-0.5343474745750427,-0.04476322854031878,-0.15918928384780884,-0.7655840516090393,-0.1031081738518651,-0.14588171243667603,-0.9155729413032532,-0.13841997707356768,-0.13461768627166748,-1.036894977092743,-0.15592235947121935,-0.06243652105331421,-0.5349616408348083,-0.0527236598180707,-0.06430631875991821,-0.7865787446498871,-0.11279176795949297,-0.06961697340011597,-0.9477806389331818,-0.14716363573541003,-0.07145076990127563,-1.0832573175430298,-0.15786514306535082,0.036212384700775146,-0.479637086391449,-0.07095827037562685,0.04164934158325195,-0.525799036026001,-0.16369629526604967,0.0012834668159484863,-0.37436366081237793,-0.18340606117715197,-0.021899521350860596,-0.27042704820632935,-0.16360800588597613,0.1193842887878418,-0.3827289342880249,-0.09388524914254504,0.10827618837356567,-0.4254644513130188,-0.1614892544793065,0.05813246965408325,-0.31551676988601685,-0.15952876830567675,0.024475038051605225,-0.227675199508667,-0.13787796223630266
U,0.0,0.0,0.0,-0.10493654012680054,-0.10110640525817871,-0.07290563485776147,-0.14568215608596802,-0.27773892879486084,-0.10403753570471963,-0.04953974485397339,-0.41880398988723755,-0.13578183702384194,0.060959041118621826,-0.4841216206550598,-0.1643567805663224,-0.1446405053138733,-0.528500497341156,-0.04901650301371774,-0.14403057098388672,-0.7628768682479858,-0.10515863946829995,-0.12975043058395386,-0.9112392067909241,-0.1370748107806321,-0.11751896142959595,-1.0288383960723877,-0.15240958086405954,-0.048490703105926514,-0.5264653563499451,-0.05381046734009942,-0.050204694271087646,-0.7695104479789734,-0.11231066039954385,-0.053697288036346436,-0.9258411228656769,-0.1433936481848832,-0.05666464567184448,-1.0522012114524841,-0.15171192339812478,0.04485654830932617,-0.4648747444152832,-0.06959250322734079,0.06267160177230835,-0.5038824677467346,-0.16117253652964791,0.026289641857147217,-0.3610178828239441,-0.18154249838744363,0.0008906722068786621,-0.2636629343032837,-0.16269322983180246,0.1198456883430481,-0.36220693588256836,-0.0904572953954812,0.1202625036239624,-0.396755576133728,-0.1593155687228318,0.07361793518066406,-0.29184937477111816,-0.16063676527892312,0.03813648223876953,-0.2096996307373047,-0.14140650383387765
U,0.0,0.0,0.0,-0.1011204719543457,-0.10359442234039307,-0.0724529385478263,-0.14268994331359863,-0.28249937295913696,-0.10477577745029976,-0.046384990215301514,-0.42637717723846436,-0.13786825387785484,0.06668877601623535,-0.4882112145423889,-0.16837775557348778,-0.1430748701095581,-0.5259041786193848,-0.05124142616102745,-0.1422131061553955,-0.7639821767807007,-0.11011973618576576,-0.12722647190093994,-0.9149926900863647,-0.14435954242060234,-0.11508649587631226,-1.0346512198448181,-0.1604406818659072,-0.04600590467453003,-0.5229020118713379,-0.05636255665729095,-0.04720735549926758,-0.7713678479194641,-0.11710371672222664,-0.05048161745071411,-0.9313178658485413,-0.1496827885420089,-0.051959872245788574,-1.0586785674095154,-0.15787730961153557,0.04822540283203125,-0.4604285955429077,-0.07196002303669502,0.05794292688369751,-0.5073399543762207,-0.1662504359991317,0.01751101016998291,-0.36505281925201416,-0.18717713504145195,-0.007769882678985596,-0.2630271315574646,-0.1667987540275817,0.12472701072692871,-0.357305645942688,-0.09220578371594002,0.11511379480361938,-0.3955399990081787,-0.16109452991793205,0.06501871347427368,-0.2954089641571045,-0.1609151944429641,0.030319809913635254,-0.2125292420387268,-0.13930699079344322
U,0.0,0.0,0.0,-0.09612435102462769,-0.10111522674560547,-0.0727722236089221,-0.13403093814849854,-0.2697089910507202,-0.10782576735539351,-0.038220763206481934,-0.4093470573425293,-0.14313846464676772,0.07164347171783447,-0.4784141182899475,-0.17508962388558302,-0.12501400709152222,-0.5209681987762451,-0.057642698394488434,-0.1252041459083557,-0.7533291876316071,-0.1174390577845088,-0.11247700452804565,-0.9001800715923309,-0.1515778117947093,-0.1018109917640686,-1.019607424736023,-0.16820427413506422,-0.028103888034820557,-0.5209211111068726,-0.06323856498522673,-0.03082871437072754,-0.7689054012298584,-0.1238680892757884,-0.03430110216140747,-0.9253685176372528,-0.1556567811541072,-0.03474116325378418,-1.0540140867233276,-0.1643770151905528,0.06418949365615845,-0.45941758155822754,-0.07886416848225508,0.07451790571212769,-0.4962444305419922,-0.16999150450749312,0.03248018026351929,-0.3543000817298889,-0.1866916679911128,0.006491184234619141,-0.2564733028411865,-0.16525314386410628,0.13727587461471558,-0.3569642901420593,-0.09973189617915068,0.13229155540466309,-0.38782042264938354,-0.1648035758308879,0.08240294456481934,-0.2894231081008911,-0.16215473051590834,0.04751861095428467,-0.21083217859268188,-0.14027797813935194
U,0.0,0.0,0.0,-0.09630149602890015,-0.10293436050415039,-0.07035840000037297,-0.13451898097991943,-0.2770644426345825,-0.10220952774409398,-0.03613150119781494,-0.4174070954322815,-0.13473796541813954,0.07349151372909546,-0.48856455087661743,-0.1647779911291991,-0.12669754028320312,-0.5198891758918762,-0.05382246221427067,-0.1256529688835144,-0.7534691393375397,-0.1142023846042548,-0.11304473876953125,-0.9027111530303955,-0.14820740814332112,-0.101909339427948,-1.0259310007095337,-0.1644568562043105,-0.027909278869628906,-0.5201176404953003,-0.06100788409833058,-0.02789860963821411,-0.7683440744876862,-0.12291416223172291,-0.025315403938293457,-0.9307239651679993,-0.15499499137524708,-0.020444214344024658,-1.0652772784233093,-0.1632085263264571,0.06449365615844727,-0.4591487646102905,-0.07824899698618992,0.07588070631027222,-0.49902403354644775,-0.1744649230969344,0.03418457508087158,-0.35830962657928467,-0.19301247294072255,0.00745469331741333,-0.2601630687713623,-0.17166196997288807,0.13838356733322144,-0.35863304138183594,-0.10017683799389943,0.13157081604003906,-0.3857119083404541,-0.17109885509137257,0.07931113243103027,-0.28008055686950684,-0.1699887632859145,0.04219353199005127,-0.19723749160766602,-0.14813930983666523
U,0.0,0.0,0.0,-0.09115701913833618,-0.09680747985839844,-0.07094373625773187,-0.12884032726287842,-0.26875758171081543,-0.10111474317568536,-0.031196773052215576,-0.4071740508079529,-0.13127661568182702,0.07954901456832886,-0.47378456592559814,-0.158723600926578,-0.12262409925460815,-0.5154726505279541,-0.05196672377246614,-0.12096214294433594,-0.7509987354278564,-0.1065666310216784,-0.10826671123504639,-0.8979117274284363,-0.1357930235292315,-0.0980309247970581,-1.0153484344482422,-0.14906158370035882,-0.025336265563964844,-0.5136460661888123,-0.05670226809638734,-0.02590012550354004,-0.7598010897636414,-0.11271175068873163,-0.025481343269348145,-0.9148638546466827,-0.1412183724071383,-0.022832155227661133,-1.0386825799942017,-0.14761998576182123,0.06530410051345825,-0.45123088359832764,-0.07156097215670343,0.0777214765548706,-0.496900737285614,-0.16267179769533868,0.03780168294906616,-0.35735857486724854,-0.1815826974536776,0.012854278087615967,-0.26015424728393555,-0.1615750871326327,0.1382191777229309,-0.3505794405937195,-0.09090494436281915,0.1293455958366394,-0.38243335485458374,-0.15871258896845575,0.08010268211364746,-0.28119295835494995,-0.15879400891321893,0.04618877172470093,-0.2007243037223816,-0.13862862509745355
U,0.0,0.0,0.0,-0.09935164451599121,-0.0965566635131836,-0.06687072227794033,-0.14166295528411865,-0.2728649973869324,-0.09355410496789318,-0.04575866460800171,-0.4138370752334595,-0.12106835405427319,0.06300443410873413,-0.48497092723846436,-0.14669110934335094,-0.1366041898727417,-0.5175194144248962,-0.04684717889028889,-0.13534629344940186,-0.7550537884235382,-0.10179129551249844,-0.1221495270729065,-0.9053134322166443,-0.13205886940556866,-0.11188274621963501,-1.0271580219268799,-0.1459297345121513,-0.03805190324783325,-0.5194018483161926,-0.05342497612434727,-0.037423908710479736,-0.7657254934310913,-0.11014069925147396,-0.034792423248291016,-0.9290156960487366,-0.14049547473985058,-0.030040502548217773,-1.0644320249557495,-0.14827267388898235,0.05429643392562866,-0.46069997549057007,-0.06979814480143887,0.060093462467193604,-0.5054709315299988,-0.16325445036488873,0.02022421360015869,-0.36484038829803467,-0.1854107485254417,-0.0026421546936035156,-0.26474684476852417,-0.16761281649667126,0.13077586889266968,-0.3637658953666687,-0.09009559760886532,0.11561799049377441,-0.38895511627197266,-0.16265153448182446,0.06218212842941284,-0.2819826602935791,-0.16574595431882244,0.026544392108917236,-0.1971724033355713,-0.14714628021317822
U,0.0,0.0,0.0,-0.09681779146194458,-0.10230576992034912,-0.0696191708027527,-0.13635116815567017,-0.27721983194351196,-0.10073175229422304,-0.042379915714263916,-0.4159870147705078,-0.1329913357674286,0.0672864317893982,-0.4774628281593323,-0.1628729025303528,-0.13171356916427612,-0.5231144428253174,-0.05017619900695536,-0.1310577392578125,-0.7566005289554596,-0.10750609584442827,-0.11645311117172241,-0.9058518707752228,-0.14026217855803225,-0.10530900955200195,-1.0262811779975891,-0.1557177821575806,-0.035739123821258545,-0.5204330086708069,-0.05713051505676958,-0.037267327308654785,-0.7690975666046143,-0.11624052323691103,-0.036982834339141846,-0.9317972362041473,-0.14772180415980074,-0.036136090755462646,-1.065267562866211,-0.1558732161699936,0.0555647611618042,-0.4579605460166931,-0.0743239665805504,0.0611305832862854,-0.5013414025306702,-0.16866900719992373,0.023666560649871826,-0.3589165210723877,-0.18907958962313387,0.0016994476318359375,-0.2585828900337219,-0.16889662243715975,0.12906676530838013,-0.3555375337600708,-0.09586602397553179,0.11864978075027466,-0.3988186717033386,-0.1653612772404358,0.06848341226577759,-0.29546940326690674,-0.16446044244162294,0.0326540470123291,-0.21029412746429443,-0.14304708637587282
U,0.0,0.0,0.0,-0.09562176465988159,-0.1031113862991333,-0.06291093790594005,-0.13616836071014404,-0.2816063165664673,-0.09198757374349498,-0.04133343696594238,-0.41622447967529297,-0.12304841840330027,0.07015836238861084,-0.4756386876106262,-0.15212571734252833,-0.12362414598464966,-0.5202467441558838,-0.05104385802212619,-0.12408101558685303,-0.7530858516693115,-0.10841100031200313,-0.11161243915557861,-0.9005115032196045,-0.14033477121654414,-0.10127532482147217,-1.0210504531860352,-0.15590164178672694,-0.028655946254730225,-0.5162563920021057,-0.06117290744248294,-0.029001474380493164,-0.7625339031219482,-0.1216055464154806,-0.030273079872131348,-0.9232489466667175,-0.15418344849410914,-0.028962016105651855,-1.0563845038414001,-0.16364008301559352,0.06161624193191528,-0.453926682472229,-0.08013388627830409,0.06727731227874756,-0.49587780237197876,-0.1727476876384344,0.02270972728729248,-0.35803210735321045,-0.19187313431564235,-0.0037926435470581055,-0.2620784640312195,-0.17257277780834102,0.13427668809890747,-0.3524337410926819,-0.1031550254828062,0.12253189086914062,-0.3830622434616089,-0.17146685832801722,0.06689691543579102,-0.2807796597480774,-0.17107400411430262,0.028656065464019775,-0.19956040382385254,-0.1510344606048193
U,0.0,0.0,0.0,-0.09326779842376709,-0.0996541976928711,-0.06589226036896889,-0.13401198387145996,-0.27343684434890747,-0.09626675754418557,-0.04050028324127197,-0.40703755617141724,-0.1270438691936988,0.0707738995552063,-0.46078068017959595,-0.15444442242016976,-0.12791591882705688,-0.5112645626068115,-0.05537138491501992,-0.12892401218414307,-0.7388012409210205,-0.11253825187316124,-0.11634546518325806,-0.8843295276165009,-0.14448114841809456,-0.10553717613220215,-1.0033138990402222,-0.16081174820294564,-0.03447544574737549,-0.5092150568962097,-0.06374858677020256,-0.03769642114639282,-0.756038248538971,-0.1231349742375869,-0.030903100967407227,-0.917400449514389,-0.15464870243897622,-0.020304441452026367,-1.0541248321533203,-0.16426744669308846,0.052542686462402344,-0.44628870487213135,-0.08116318642726128,0.06496620178222656,-0.48134875297546387,-0.17188131421437447,0.02249807119369507,-0.3461664915084839,-0.19025292604794686,-0.005400300025939941,-0.25374317169189453,-0.17126199215283577,0.12178492546081543,-0.345234751701355,-0.10308789074053948,0.11317187547683716,-0.3604586124420166,-0.1702860853039283,0.06102019548416138,-0.2661195993423462,-0.17198204606404488,0.023251771926879883,-0.19386029243469238,-0.15421877413621132
U,0.0,0.0,0.0,-0.08881700038909912,-0.10164731740951538,-0.06322201908869829,-0.12684637308120728,-0.2668460011482239,-0.09488380522770967,-0.036191701889038086,-0.3987072706222534,-0.12808243007702913,0.07385700941085815,-0.45456361770629883,-0.1582626757149228,-0.11565160751342773,-0.5082089900970459,-0.0520683024947175,-0.11552572250366211,-0.7303184270858765,-0.10814057858033266,-0.10258728265762329,-0.872070848941803,-0.1402154323582181,-0.09142929315567017,-0.9880701303482056,-0.15663067073865022,-0.023297131061553955,-0.5062236785888672,-0.06167945088191118,-0.026044249534606934,-0.7477127611637115,-0.11931153954310503,-0.023190200328826904,-0.9032768607139587,-0.15065979034943666,-0.016882479190826416,-1.0338510274887085,-0.16068192393822756,0.06339174509048462,-0.4444063901901245,-0.08012059153361406,0.06922239065170288,-0.48292720317840576,-0.16616228790326204,0.026376426219940186,-0.34907519817352295,-0.18243826003117647,0.0006943345069885254,-0.25746971368789673,-0.16322526903195467,0.1322910189628601,-0.34522223472595215,-0.10313046546025362,0.11950039863586426,-0.37526702880859375,-0.16384324998898592,0.0661931037902832,-0.28627872467041016,-0.16177142233891573,0.029413819313049316,-0.21617835760116577,-0.14249268741650667
U,0.0,0.0,0.0,-0.08621937036514282,-0.10699820518493652,-0.05995408986632356,-0.12326198816299438,-0.27999866008758545,-0.08507156168047914,-0.0302007794380188,-0.40896129608154297,-0.11178134177748689,0.07741940021514893,-0.4631502628326416,-0.13600732927147874,-0.11209440231323242,-0.5092823505401611,-0.04020608012501725,-0.11372131109237671,-0.7260564267635345,-0.09134473447625169,-0.10319072008132935,-0.8631658554077148,-0.12112132255856523,-0.0938500165939331,-0.9773235321044922,-0.13677700404946336,-0.022994816303253174,-0.5054335594177246,-0.049047013567133035,-0.023592591285705566,-0.7379805743694305,-0.10240693931405076,-0.02116572856903076,-0.8855043947696686,-0.1323177272540761,-0.01427602767944336,-1.009117066860199,-0.1416505331260396,0.05989712476730347,-0.44439882040023804,-0.0670522430998517,0.0700410008430481,-0.48525553941726685,-0.15237932448212632,0.02630436420440674,-0.35620105266571045,-0.17086470668141374,-0.00011360645294189453,-0.26779282093048096,-0.15373702888314256,0.12482333183288574,-0.34787821769714355,-0.08924797718350419,0.11871403455734253,-0.3766636252403259,-0.15300240163628587,0.06668663024902344,-0.28112518787384033,-0.15383640472714433,0.030251026153564453,-0.20738160610198975,-0.13642561976735124
U,0.0,0.0,0.0,-0.09559547901153564,-0.10434728860855103,-0.05591962818300544,-0.13980793952941895,-0.2794203758239746,-0.07633521367108642,-0.048693299293518066,-0.4117910861968994,-0.09867700148618042,0.059303104877471924,-0.4668341279029846,-0.11846730072295486,-0.12953072786331177,-0.5125870704650879,-0.030413921515105358,-0.132310152053833,-0.7258338928222656,-0.07535882998502075,-0.122905433177948,-0.8608896136283875,-0.10183659900224029,-0.11504054069519043,-0.9712422490119934,-0.11598852981126129,-0.039673805236816406,-0.5096451044082642,-0.03923065547144233,-0.04303950071334839,-0.7371518313884735,-0.08688226301467239,-0.04259306192398071,-0.8801209628582001,-0.11463323939835846,-0.038200557231903076,-0.9967289566993713,-0.12304817844426452,0.0447084903717041,-0.44956302642822266,-0.0571874264279586,0.052490413188934326,-0.4925674796104431,-0.13854136277234375,0.00950324535369873,-0.36731410026550293,-0.1586699854234439,-0.01749122142791748,-0.2793479561805725,-0.14377165545022308,0.111050546169281,-0.3538849353790283,-0.07895386923348724,0.10283690690994263,-0.3830733299255371,-0.14205684472119628,0.050527751445770264,-0.2900296449661255,-0.1456263731816989,0.012766718864440918,-0.21687954664230347,-0.1305797915557605
U,0.0,0.0,0.0,-0.09405988454818726,-0.10053300857543945,-0.05382193122682111,-0.13563454151153564,-0.2745516896247864,-0.07688311357674138,-0.04899662733078003,-0.4096054434776306,-0.10215966273722188,0.0550386905670166,-0.4641147255897522,-0.12467060108360783,-0.1300901174545288,-0.4982747435569763,-0.03740826864418523,-0.13247781991958618,-0.7135487794876099,-0.0840859325664951,-0.12257790565490723,-0.8492004573345184,-0.11204074938473241,-0.11312520503997803,-0.960749089717865,-0.1278265627163364,-0.042262494564056396,-0.49277180433273315,-0.04766621310886876,-0.04656773805618286,-0.7254711389541626,-0.09823305775103108,-0.046064674854278564,-0.8744771182537079,-0.12867808957275884,-0.03957861661911011,-0.9989597797393799,-0.14033628125366704,0.0423130989074707,-0.4326367974281311,-0.06572522838291661,0.05656266212463379,-0.48406755924224854,-0.1460083039539768,0.008893370628356934,-0.3561195135116577,-0.1633679481285526,-0.02205193042755127,-0.26497697830200195,-0.147892108752103,0.10772699117660522,-0.3390262722969055,-0.08760633189854161,0.1041460633277893,-0.3757660984992981,-0.15036874134716527,0.053228139877319336,-0.28311818838119507,-0.15245843548950688,0.016766369342803955,-0.20790469646453857,-0.13687974829849736
U,0.0,0.0,0.0,-0.08917379379272461,-0.09989655017852783,-0.05079287793648746,-0.12715721130371094,-0.2831723690032959,-0.07016385104668643,-0.040519535541534424,-0.41890543699264526,-0.09218207504761722,0.06028789281845093,-0.4786965250968933,-0.11224028971207645,-0.11994743347167969,-0.4989659786224365,-0.032206827217464706,-0.12183088064193726,-0.7114235758781433,-0.07541568335307147,-0.11340832710266113,-0.8449079990386963,-0.10065411534321811,-0.10466229915618896,-0.9535788893699646,-0.114495327139025,-0.03315252065658569,-0.4905993342399597,-0.042705436611299774,-0.0366935133934021,-0.7186127305030823,-0.09120166059744861,-0.03957986831665039,-0.8632046282291412,-0.12123647835267093,-0.036341726779937744,-0.9815880656242371,-0.13225401695979144,0.05093526840209961,-0.4312494397163391,-0.06069659199727084,0.0629734992980957,-0.48746949434280396,-0.13940375801337268,0.014957845211029053,-0.36090266704559326,-0.1583611791969588,-0.015794456005096436,-0.27100783586502075,-0.14442986007941272,0.11734724044799805,-0.3423285484313965,-0.08205380048764255,0.10718178749084473,-0.3749988079071045,-0.14469067510378864,0.05417877435684204,-0.2818119525909424,-0.14851204808962848,0.01800715923309326,-0.2084246277809143,-0.13422335442317035
U,0.0,0.0,0.0,-0.09407734870910645,-0.10186147689819336,-0.04869851607952569,-0.1344800591468811,-0.28207385540008545,-0.06367689136538957,-0.051701903343200684,-0.41951000690460205,-0.08207933370147202,0.050446271896362305,-0.47630536556243896,-0.09800673786673997,-0.12443965673446655,-0.49864131212234497,-0.015645451360683182,-0.12603431940078735,-0.702993780374527,-0.05178086970124696,-0.11988776922225952,-0.8307329416275024,-0.07308947805438493,-0.11466467380523682,-0.9345428347587585,-0.08468290183816407,-0.038391828536987305,-0.49109697341918945,-0.025447621458511094,-0.043624699115753174,-0.7102679908275604,-0.06715925548348878,-0.05001097917556763,-0.8464093804359436,-0.09275584433351014,-0.050514817237854004,-0.9554721117019653,-0.1007953784254596,0.0444522500038147,-0.43297314643859863,-0.04399607095990632,0.0534018874168396,-0.491591215133667,-0.12020846221719239,0.008273124694824219,-0.3641846776008606,-0.1381743079808757,-0.01886826753616333,-0.27278053760528564,-0.12301417205605958,0.11006927490234375,-0.34403878450393677,-0.06571908060584519,0.1020774245262146,-0.39427340030670166,-0.12493300948415254,0.0528641939163208,-0.30014777183532715,-0.12638519469771836,0.021324872970581055,-0.22347378730773926,-0.11065538738046143
U,0.0,0.0,0.0,-0.09571212530136108,-0.09503597021102905,-0.04502642236820975,-0.1408463716506958,-0.27396225929260254,-0.059483487980287464,-0.06457728147506714,-0.41262227296829224,-0.07748532749883452,0.03489530086517334,-0.46930378675460815,-0.09292991168968001,-0.13306528329849243,-0.4881848096847534,-0.018316651584427746,-0.13527590036392212,-0.6922589242458344,-0.05403683789245406,-0.1283867359161377,-0.8186565637588501,-0.0741914034651927,-0.12110859155654907,-0.9202911257743835,-0.08462897397748748,-0.04823184013366699,-0.4806390404701233,-0.028845050262134464,-0.05446738004684448,-0.7042942643165588,-0.06976281561128417,-0.06076085567474365,-0.8399883508682251,-0.09392191179267684,-0.060077786445617676,-0.9460873007774353,-0.10109583743087569,0.03510081768035889,-0.424250066280365,-0.04721624858848372,0.0412716269493103,-0.48455196619033813,-0.12025903619996825,-0.0032638907432556152,-0.35907411575317383,-0.13654880680314818,-0.028959214687347412,-0.26656031608581543,-0.12123332627288619,0.10111206769943237,-0.33897507190704346,-0.06845285453073302,0.08993697166442871,-0.39132434129714966,-0.12435789860955992,0.04210752248764038,-0.3005898594856262,-0.12446661003104964,0.013280808925628662,-0.22472810745239258,-0.10856908269397536
U,0.0,0.0,0.0,-0.08858859539031982,-0.09904181957244873,-0.04546230203277446,-0.12747979164123535,-0.27626222372055054,-0.0630044705308137,-0.05217599868774414,-0.4123602509498596,-0.08440732127792216,0.04672974348068237,-0.469724178314209,-0.10361262327796794,-0.11587423086166382,-0.4797284007072449,-0.022406692717140686,-0.11659812927246094,-0.6828992366790771,-0.061440250936811935,-0.10898566246032715,-0.8088544607162476,-0.08445035583145,-0.1000213623046875,-0.9104821681976318,-0.09682354992992259,-0.034399211406707764,-0.46963393688201904,-0.03348872727519847,-0.039226651191711426,-0.6930324137210846,-0.07827637261516429,-0.04428952932357788,-0.8302607536315918,-0.10573502546913005,-0.04224538803100586,-0.9402034282684326,-0.11553993738061763,0.04602503776550293,-0.4130840301513672,-0.05196447959906436,0.05950409173965454,-0.48447954654693604,-0.12630212223893977,0.014121413230895996,-0.36085039377212524,-0.14192236876851894,-0.013847410678863525,-0.2689107656478882,-0.12663037991887904,0.11105597019195557,-0.32830554246902466,-0.07343220627672054,0.1040717363357544,-0.3875039219856262,-0.13009041464692928,0.058399736881256104,-0.2997416853904724,-0.1295473269260583,0.03041142225265503,-0.22479814291000366,-0.11335379547244884
U,0.0,0.0,0.0,-0.09152400493621826,-0.10497874021530151,-0.046848997000665804,-0.12617206573486328,-0.2822330594062805,-0.0631243060269071,-0.04722100496292114,-0.41809767484664917,-0.0829181219377233,0.04899287223815918,-0.4772687554359436,-0.10021948022028937,-0.1163296103477478,-0.4857817590236664,-0.015450975384624144,-0.11967313289642334,-0.6847275197505951,-0.05176563513657584,-0.11340880393981934,-0.8109340667724609,-0.0743085364737226,-0.10587078332901001,-0.9116798043251038,-0.08627783459803595,-0.032904088497161865,-0.47714903950691223,-0.025553324718089243,-0.04044598340988159,-0.6988526880741119,-0.06656682443997397,-0.04519689083099365,-0.8334022462368011,-0.0928617636599256,-0.04187345504760742,-0.9390174150466919,-0.10133957070490851,0.04861724376678467,-0.4200173020362854,-0.043751701239557406,0.055389404296875,-0.4882044196128845,-0.11683016223094,0.010493576526641846,-0.3656550645828247,-0.13175580603262915,-0.015956103801727295,-0.2739870548248291,-0.11520974290749564,0.11302131414413452,-0.33386391401290894,-0.064979835871668,0.10186684131622314,-0.40415090322494507,-0.1198928202428533,0.05732452869415283,-0.31407785415649414,-0.11573865962407126,0.0300176739692688,-0.23399245738983154,-0.09628085744759574
U,0.0,0.0,0.0,-0.09004074335098267,-0.10937947034835815,-0.04476784399776079,-0.12441366910934448,-0.2934434413909912,-0.05729943371443369,-0.04337918758392334,-0.43074631690979004,-0.0739210755291424,0.05815190076828003,-0.48572513461112976,-0.08847159004835703,-0.11295247077941895,-0.48513633012771606,-0.00846205695597746,-0.11350685358047485,-0.6822327971458435,-0.04091741002230265,-0.1074749231338501,-0.8054975867271423,-0.06071466065077402,-0.10143095254898071,-0.9054021537303925,-0.07150132066635706,-0.03097248077392578,-0.4761083424091339,-0.017917627907081624,-0.03520059585571289,-0.69395712018013,-0.05533826208738901,-0.04216641187667847,-0.8254505097866058,-0.07938685125736811,-0.041512370109558105,-0.9305970668792725,-0.08689514405159571,0.04919391870498657,-0.4200565218925476,-0.03582941598324396,0.05643165111541748,-0.49301397800445557,-0.10753031677631952,0.011921525001525879,-0.37100422382354736,-0.12401924884943583,-0.01257413625717163,-0.27992570400238037,-0.10879368192581751,0.11427569389343262,-0.33625590801239014,-0.05653923234967806,0.10484200716018677,-0.4085496664047241,-0.11138809329895594,0.05944031476974487,-0.3201788663864136,-0.11012814796595194,0.03388124704360962,-0.24229151010513306,-0.09328365928558924
U,0.0,0.0,0.0,-0.08864098787307739,-0.1187543272972107,-0.043220717121357666,-0.11722040176391602,-0.30522364377975464,-0.054470494050974594,-0.032885611057281494,-0.4396645426750183,-0.07031526010155176,0.06537067890167236,-0.4935654103755951,-0.08405152301907037,-0.1092824935913086,-0.4855537712574005,-0.002271167362550841,-0.11006349325180054,-0.68149733543396,-0.034316151995653854,-0.10272938013076782,-0.8063806891441345,-0.055582642216677414,-0.09615308046340942,-0.9062623381614685,-0.06752876531004404,-0.02906644344329834,-0.475119411945343,-0.012156275693769203,-0.031368255615234375,-0.6939921677112579,-0.0487874258649299,-0.03384661674499512,-0.828751266002655,-0.07413456927656625,-0.02885979413986206,-0.9371474385261536,-0.08271095495342706,0.04902869462966919,-0.4168959856033325,-0.03071935441016649,0.05932873487472534,-0.4946756958961487,-0.09973407875418161,0.01575934886932373,-0.37666547298431396,-0.11529510806917642,-0.010196685791015625,-0.28812623023986816,-0.09999942373156046,0.11294293403625488,-0.33108341693878174,-0.05221136252998804,0.10622197389602661,-0.4102848768234253,-0.10422476719736551,0.06351178884506226,-0.3270302414894104,-0.10099338333725427,0.03773939609527588,-0.25335997343063354,-0.08321362327455972
U,0.0,0.0,0.0,-0.0888100266456604,-0.11402040719985962,-0.0401771418488579,-0.11825144290924072,-0.2989516854286194,-0.05215368938809206,-0.03721165657043457,-0.433113157749176,-0.06950533536439707,0.0618133544921875,-0.47819584608078003,-0.08480236825710108,-0.10881036520004272,-0.4755154848098755,-0.0029319476540194955,-0.10943567752838135,-0.667936235666275,-0.03603551683193018,-0.10353147983551025,-0.788477748632431,-0.056957611415441534,-0.09905731678009033,-0.886650800704956,-0.06871339080100825,-0.03012561798095703,-0.46928560733795166,-0.014683345865364572,-0.03051459789276123,-0.6848921775817871,-0.053791431311424276,-0.031762659549713135,-0.8178360462188721,-0.07977688458925059,-0.02735114097595215,-0.9270229935646057,-0.08866793808704188,0.04631483554840088,-0.4165363907814026,-0.03452324641114046,0.05935591459274292,-0.4927304983139038,-0.1044706716871815,0.017986297607421875,-0.3742794990539551,-0.11946796027189066,-0.007751643657684326,-0.28606969118118286,-0.10382018384700586,0.11037701368331909,-0.33610785007476807,-0.05704791245227625,0.10332930088043213,-0.40381842851638794,-0.10740830895667841,0.06269150972366333,-0.31937968730926514,-0.1038348614907818,0.038838207721710205,-0.2474900484085083,-0.08629009274011423
U,0.0,0.0,0.0,-0.08962088823318481,-0.11796259880065918,-0.03780636218721156,-0.11891275644302368,-0.30227130651474,-0.0491508136444736,-0.040767788887023926,-0.43709230422973633,-0.06643622395927196,0.05568414926528931,-0.4840509295463562,-0.08174388137990718,-0.10646003484725952,-0.47339534759521484,-0.00029723455077146355,-0.10738581418991089,-0.6658028662204742,-0.033363312756364394,-0.10147994756698608,-0.7879930138587952,-0.05478620556527858,-0.09622877836227417,-0.8874125480651855,-0.06670875874692683,-0.02833014726638794,-0.4672340452671051,-0.013225988758449603,-0.031231284141540527,-0.6865814030170441,-0.05170916420752292,-0.03274083137512207,-0.8227694630622864,-0.07782226828271632,-0.026572883129119873,-0.9346583485603333,-0.08682148930961375,0.048952579498291016,-0.41465866565704346,-0.03406176370913272,0.05817681550979614,-0.4952600300312042,-0.10220667747194057,0.014760375022888184,-0.3774835467338562,-0.11561875072652583,-0.011004924774169922,-0.28814566135406494,-0.099052138900106,0.1140434741973877,-0.33393824100494385,-0.05754836303526645,0.1036716103553772,-0.4086986184120178,-0.10587628958160167,0.06270033121109009,-0.3261250853538513,-0.10006887493068461,0.03997915983200073,-0.2534462809562683,-0.08103113648826366
U,0.0,0.0,0.0,-0.09395444393157959,-0.11660939455032349,-0.035395722083876535,-0.127860426902771,-0.2990647554397583,-0.04716006963712971,-0.05294078588485718,-0.4390520453453064,-0.06557585968835156,0.043250441551208496,-0.48808345198631287,-0.08217278792722027,-0.11678564548492432,-0.47139954566955566,0.0002850977136859001,-0.11702501773834229,-0.6654660701751709,-0.034894022338221475,-0.10837787389755249,-0.7854000329971313,-0.05834034755093853,-0.10043346881866455,-0.8846246600151062,-0.07144261821372311,-0.03785216808319092,-0.46973714232444763,-0.0145246276558737,-0.040767788887023926,-0.6956074833869934,-0.054913218312094614,-0.037346482276916504,-0.8345714211463928,-0.08254598750932018,-0.026873648166656494,-0.9493800401687622,-0.09247255250079434,0.03999227285385132,-0.420276939868927,-0.036979365341494486,0.04790675640106201,-0.5021010637283325,-0.10583253129584591,0.006062030792236328,-0.3850741386413574,-0.11906015797717373,-0.019669651985168457,-0.2946513891220093,-0.10224596335751812,0.10521560907363892,-0.3418225646018982,-0.06191937922699253,0.09410130977630615,-0.417604923248291,-0.10999762936694424,0.05313307046890259,-0.3337433338165283,-0.10310557409388821,0.028907179832458496,-0.25844907760620117,-0.0831558100805978
U,0.0,0.0,0.0,-0.0944024920463562,-0.11183631420135498,-0.03301341674102787,-0.1292628049850464,-0.30249881744384766,-0.03904867759717945,-0.05045950412750244,-0.4367496371269226,-0.05193674034251217,0.045885443687438965,-0.48351186513900757,-0.0635657816268349,-0.1152191162109375,-0.4714455008506775,0.009842196192607844,-0.11649173498153687,-0.6571700572967529,-0.018668011117711103,-0.11058801412582397,-0.7711541950702667,-0.03827953926099781,-0.10533654689788818,-0.8655111789703369,-0.04992538160456661,-0.038328707218170166,-0.4682472050189972,-0.0032957804463649154,-0.040553271770477295,-0.6787787675857544,-0.0374190158285046,-0.043580055236816406,-0.809004157781601,-0.06251093587650303,-0.038469135761260986,-0.9184564352035522,-0.07216919801010135,0.03725588321685791,-0.41951483488082886,-0.02447410887850765,0.04730677604675293,-0.5001867115497589,-0.08878951362146381,0.0043489933013916016,-0.38183432817459106,-0.1038870199657822,-0.01979464292526245,-0.29382044076919556,-0.09043717226757053,0.1016690731048584,-0.3428800702095032,-0.04800076997651104,0.09157216548919678,-0.4108507037162781,-0.09547898760808948,0.05058276653289795,-0.3266216516494751,-0.09289835235847477,0.02937549352645874,-0.25670909881591797,-0.07738868734611515
U,0.0,0.0,0.0,-0.09337693452835083,-0.11564815044403076,-0.02755401447109307,-0.12861335277557373,-0.29895490407943726,-0.033264638629475485,-0.05646485090255737,-0.43242278695106506,-0.04717704072288598,0.03586113452911377,-0.47948506474494934,-0.06000058889082993,-0.11591124534606934,-0.46040695905685425,0.011918289813479532,-0.11850392818450928,-0.6469097137451172,-0.01673199027470673,-0.1138802170753479,-0.7584798634052277,-0.03650534316591347,-0.1097116470336914,-0.8511584997177124,-0.04840783193401421,-0.040419816970825195,-0.45922210812568665,-0.0043353193967732295,-0.04345965385437012,-0.6650300920009613,-0.039095045772114645,-0.04737555980682373,-0.7917298376560211,-0.06495947181872452,-0.04347032308578491,-0.8991014659404755,-0.07560390025071229,0.034260332584381104,-0.4127875566482544,-0.02783060423723782,0.04357588291168213,-0.498848557472229,-0.09058669745616044,0.00031173229217529297,-0.3805832266807556,-0.10299391835621918,-0.02455270290374756,-0.2913163900375366,-0.0886108928888234,0.09641116857528687,-0.3367563486099243,-0.053419073817053686,0.08642041683197021,-0.40769463777542114,-0.09850791632823075,0.0455470085144043,-0.3264821767807007,-0.09326321422747696,0.02423006296157837,-0.2562188506126404,-0.07628322183779801
U,0.0,0.0,0.0,-0.0911678671836853,-0.10873889923095703,-0.02965370225706465,-0.12506651878356934,-0.29476624727249146,-0.03745980965891249,-0.05150938034057617,-0.42798247933387756,-0.05275778505006201,0.04198044538497925,-0.47640442848205566,-0.06705207782783873,-0.11371612548828125,-0.4537777900695801,0.006264561461421181,-0.11486095190048218,-0.6363189816474915,-0.02373947049477465,-0.10967850685119629,-0.749117523431778,-0.04427015441456206,-0.10391616821289062,-0.8432132601737976,-0.05648015472092993,-0.03820466995239258,-0.4500676691532135,-0.009208434587208103,-0.04115933179855347,-0.6580995619297028,-0.04491281169453032,-0.04450786113739014,-0.7872941493988037,-0.07194146919050581,-0.039054930210113525,-0.8959288001060486,-0.08327742326059706,0.036424875259399414,-0.4027813673019409,-0.03152686017551787,0.04538249969482422,-0.48871439695358276,-0.09410944986143477,0.002551734447479248,-0.37393397092819214,-0.10698490249910719,-0.021992027759552002,-0.28649353981018066,-0.09299122947254546,0.09923601150512695,-0.3291807770729065,-0.05599035355248816,0.08410155773162842,-0.40172260999679565,-0.09998713838854201,0.04401266574859619,-0.3218536972999573,-0.09388959067860014,0.024052977561950684,-0.25205057859420776,-0.07644299822845824
U,0.0,0.0,0.0,-0.09006273746490479,-0.11139023303985596,-0.028323630750264783,-0.12486857175827026,-0.28476494550704956,-0.0374018428326508,-0.05513763427734375,-0.41815418004989624,-0.05425243726381268,0.03635072708129883,-0.46536970138549805,-0.07000869414218869,-0.11189788579940796,-0.44166409969329834,0.004675332043234448,-0.11457151174545288,-0.6279475688934326,-0.025634326919998784,-0.10867494344711304,-0.7379739284515381,-0.04628217494496312,-0.10288512706756592,-0.8289644718170166,-0.05853593623646702,-0.036990463733673096,-0.4395250976085663,-0.011266035907055993,-0.03979969024658203,-0.6460470259189606,-0.04628665646919217,-0.04296541213989258,-0.7720328867435455,-0.07198391756423916,-0.03849327564239502,-0.8790568709373474,-0.08314572176345791,0.03684598207473755,-0.39364123344421387,-0.033923628687944074,0.043549954891204834,-0.4817022979259491,-0.09438637545713391,0.0009277462959289551,-0.36887437105178833,-0.10538326850542035,-0.02251577377319336,-0.2821754813194275,-0.09118117293724026,0.09787410497665405,-0.3189917802810669,-0.05882699316748585,0.08584505319595337,-0.39504510164260864,-0.10082579305776562,0.045425236225128174,-0.31954675912857056,-0.09385616233953442,0.025180816650390625,-0.2512471675872803,-0.0765292485655209
U,0.0,0.0,0.0,-0.09145921468734741,-0.10768705606460571,-0.02883800417509974,-0.12441611289978027,-0.2854381203651428,-0.03804314807382525,-0.052624404430389404,-0.41754457354545593,-0.054774425182017694,0.03710281848907471,-0.4639326333999634,-0.07061079815355242,-0.11286485195159912,-0.4390723407268524,0.0020597822000354427,-0.1150977611541748,-0.6220522224903107,-0.02937259264615477,-0.10907655954360962,-0.7334908545017242,-0.050979080799493204,-0.10293364524841309,-0.8251550793647766,-0.06391844079223574,-0.03904986381530762,-0.43561726808547974,-0.013909671645137678,-0.04463237524032593,-0.6420100927352905,-0.05023654476133288,-0.0487675666809082,-0.7684682011604309,-0.07680849656787814,-0.04452246427536011,-0.8740970492362976,-0.08805233911004962,0.034201204776763916,-0.3887856602668762,-0.036308336261186014,0.03729701042175293,-0.4764373004436493,-0.09772752151218356,-0.0037506818771362305,-0.36539214849472046,-0.10899569765058459,-0.025830745697021484,-0.2794036269187927,-0.09453170672384203,0.0952138900756836,-0.314541757106781,-0.06084962115016879,0.07856005430221558,-0.39114415645599365,-0.10399655178514422,0.03881824016571045,-0.31640928983688354,-0.09726378247466982,0.018423259258270264,-0.24854499101638794,-0.07960034087625445
U,0.0,0.0,0.0,-0.09290355443954468,-0.1085820198059082,-0.022555426263352274,-0.12681442499160767,-0.28558599948883057,-0.029539784916778444,-0.05669713020324707,-0.41544926166534424,-0.04510188897802436,0.03272402286529541,-0.4574193060398102,-0.06011080419375503,-0.11249476671218872,-0.4280652403831482,0.0038918701120564947,-0.11505275964736938,-0.612725168466568,-0.024507962667485117,-0.10979312658309937,-0.7211117148399353,-0.04413754543020332,-0.10440605878829956,-0.8117482960224152,-0.05665502002193534,-0.039689064025878906,-0.4269730746746063,-0.014035713427801966,-0.044224679470062256,-0.6303739547729492,-0.04770431345059478,-0.047934532165527344,-0.7560119330883026,-0.07332002049042785,-0.04318612813949585,-0.8625105321407318,-0.08556234514071548,0.032805681228637695,-0.38376814126968384,-0.03742709433390701,0.03429996967315674,-0.47380369901657104,-0.09377715414120757,-0.006429553031921387,-0.36335551738739014,-0.1030864087279042,-0.027446746826171875,-0.27661776542663574,-0.08959632044388854,0.09378951787948608,-0.3138198256492615,-0.06276376967980468,0.07453465461730957,-0.38910746574401855,-0.10231029664828384,0.03443312644958496,-0.31701916456222534,-0.09516186689688766,0.015768468379974365,-0.24976277351379395,-0.07873746430232131
U,0.0,0.0,0.0,-0.09247463941574097,-0.10504770278930664,-0.026321849202531666,-0.1260371208190918,-0.279485285282135,-0.035015607600826115,-0.0568995475769043,-0.4082717299461365,-0.051299376761335225,0.03148221969604492,-0.45108479261398315,-0.06677920964898476,-0.11044007539749146,-0.41941407322883606,-4.384755698083609e-05,-0.11406326293945312,-0.5993136167526245,-0.030300055047291607,-0.10905486345291138,-0.7079564929008484,-0.05140856501998314,-0.10235756635665894,-0.7997575402259827,-0.06474947777928719,-0.038981080055236816,-0.41873297095298767,-0.015815349643844456,-0.046172499656677246,-0.6180813908576965,-0.050857717519420476,-0.05014932155609131,-0.7435532212257385,-0.07660372403802285,-0.044634222984313965,-0.8496211767196655,-0.08870349672974953,0.0324593186378479,-0.37756556272506714,-0.03736050275506386,0.0365368127822876,-0.46533143520355225,-0.09490442869605431,-0.004418730735778809,-0.35745179653167725,-0.10451765952052483,-0.02755451202392578,-0.2709134817123413,-0.09098819491805443,0.0928884744644165,-0.3105473518371582,-0.06118710560144791,0.07611292600631714,-0.38421469926834106,-0.10179282573403725,0.034721553325653076,-0.31340640783309937,-0.09537573007287392,0.011656403541564941,-0.24642795324325562,-0.07929961976947197
U,0.0,0.0,0.0,-0.08792352676391602,-0.10357433557510376,-0.027141033412590332,-0.12001258134841919,-0.2693888545036316,-0.036576212124600715,-0.052346110343933105,-0.3928017318248749,-0.05286934293962986,0.03365236520767212,-0.4356740415096283,-0.06832268528796703,-0.10947078466415405,-0.4118294417858124,-0.002371573794334836,-0.11291360855102539,-0.5883121490478516,-0.03275055878020794,-0.10672438144683838,-0.6945914030075073,-0.0535537085697797,-0.09890615940093994,-0.7834166586399078,-0.06624464385367901,-0.038492560386657715,-0.4090895652770996,-0.01721626401104004,-0.045180678367614746,-0.6028292775154114,-0.051669747309460945,-0.048790574073791504,-0.7236737906932831,-0.07696401022531063,-0.04319494962692261,-0.8265249729156494,-0.08857585929490597,0.03205829858779907,-0.36586833000183105,-0.03770401768542797,0.037667930126190186,-0.446938693523407,-0.09370942853547604,-0.001780688762664795,-0.34229105710983276,-0.10284746132947475,-0.02358841896057129,-0.26094383001327515,-0.08937465094186337,0.09023445844650269,-0.2967450022697449,-0.06049999661900074,0.07535350322723389,-0.36452263593673706,-0.09957678310729534,0.0372844934463501,-0.2950288653373718,-0.09251001916982204,0.01728719472885132,-0.23236924409866333,-0.07605229012824566
U,0.0,0.0,0.0,-0.08934319019317627,-0.09380066394805908,-0.02624428571232329,-0.12456801533699036,-0.26312339305877686,-0.0345790732748128,-0.060773372650146484,-0.3914390206336975,-0.04963121675916682,0.024936974048614502,-0.4334447681903839,-0.0637349870152093,-0.11089110374450684,-0.39807942509651184,-0.0029804517611182746,-0.11602568626403809,-0.5741208791732788,-0.031563659394464594,-0.11081153154373169,-0.6795096695423126,-0.050461762780628305,-0.10360962152481079,-0.7668468356132507,-0.06233856194683085,-0.04174351692199707,-0.3965079188346863,-0.01762093716331492,-0.050383567810058594,-0.590563952922821,-0.051551093543253046,-0.05604583024978638,-0.71152463555336,-0.07551109158464442,-0.05128204822540283,-0.8127036690711975,-0.08655665927597056,0.02737128734588623,-0.35645270347595215,-0.037634768719158274,0.02920454740524292,-0.44318801164627075,-0.09284868949123393,-0.00977247953414917,-0.33901166915893555,-0.10030119978853236,-0.02896296977996826,-0.2560842037200928,-0.08617201560207377,0.08583849668502808,-0.29165947437286377,-0.05994199701615344,0.06726974248886108,-0.36324015259742737,-0.09951456003852854,0.029603183269500732,-0.29429441690444946,-0.09289778136678706,0.0119553804397583,-0.23016732931137085,-0.07706553601690302
U,0.0,0.0,0.0,-0.08857893943786621,-0.09536677598953247,-0.023869458054150527,-0.1211199164390564,-0.26206058263778687,-0.03168028726145167,-0.05753070116043091,-0.3877410888671875,-0.0466439886288299,0.026420950889587402,-0.42913544178009033,-0.061004997630561775,-0.10906094312667847,-0.3922048807144165,-0.0027167163127614913,-0.11354058980941772,-0.5651819109916687,-0.03152601926490206,-0.10807621479034424,-0.669404149055481,-0.05146623535915751,-0.10060888528823853,-0.7564446032047272,-0.06430702044531245,-0.0415155291557312,-0.39054930210113525,-0.01825155264600653,-0.05066347122192383,-0.5818207859992981,-0.05268353729411501,-0.05626267194747925,-0.7013664245605469,-0.07802619173094172,-0.051482319831848145,-0.8024345636367798,-0.09043724222942728,0.026976287364959717,-0.35207074880599976,-0.03866520284577746,0.03196370601654053,-0.44087862968444824,-0.09305435552164454,-0.007541358470916748,-0.3379725217819214,-0.10100248589083094,-0.029108941555023193,-0.2540320158004761,-0.08783364429041285,0.08489072322845459,-0.28976213932037354,-0.061287210722412055,0.07049262523651123,-0.36184975504875183,-0.10024894161983866,0.031996965408325195,-0.29587751626968384,-0.0940421385960235,0.01099938154220581,-0.23133212327957153,-0.07879796012207407
U,0.0,0.0,0.0,-0.08683812618255615,-0.09478336572647095,-0.0257417871018788,-0.11972445249557495,-0.25801295042037964,-0.03558435611034838,-0.05841934680938721,-0.38408195972442627,-0.05197026155497042,0.027614951133728027,-0.42399197816848755,-0.0674977111032149,-0.10968375205993652,-0.3870968222618103,-0.005573551110728658,-0.11476153135299683,-0.5597144961357117,-0.035352363657011665,-0.10947859287261963,-0.6625901162624359,-0.056566535901083626,-0.10249865055084229,-0.7481253147125244,-0.07038493774439303,-0.04330486059188843,-0.38611701130867004,-0.019791624914660133,-0.05305761098861694,-0.5757877230644226,-0.0545931304206988,-0.05844968557357788,-0.6933897435665131,-0.08053328416849581,-0.05349886417388916,-0.7941938042640686,-0.09371371142174212,0.02359706163406372,-0.34936439990997314,-0.03889072633887736,0.02983778715133667,-0.4352533221244812,-0.09127071074749438,-0.010012805461883545,-0.3355817198753357,-0.09876976482178179,-0.03228574991226196,-0.2544170022010803,-0.08622330002094714,0.07997411489486694,-0.289060115814209,-0.06057333148623911,0.0658004879951477,-0.3606749176979065,-0.09738800249601809,0.02937173843383789,-0.2957971692085266,-0.09088230453039614,0.010064125061035156,-0.2329666018486023,-0.07604855618978945
U,0.0,0.0,0.0,-0.08751988410949707,-0.09676772356033325,-0.02444545984258184,-0.1206807792186737,-0.25472915172576904,-0.03435189895321855,-0.06013578176498413,-0.3790016174316406,-0.05111651368429193,0.022953450679779053,-0.4218905568122864,-0.0672017882018281,-0.10765194892883301,-0.3823336064815521,-0.004790379796077104,-0.11175268888473511,-0.5513219833374023,-0.03498761601736078,-0.10692048072814941,-0.6529344916343689,-0.05679147563864717,-0.10113900899887085,-0.738288015127182,-0.07098736114789972,-0.04181694984436035,-0.38078540563583374,-0.019630954265494438,-0.05178701877593994,-0.5668998956680298,-0.05438625313331613,-0.059431374073028564,-0.6831183135509491,-0.08028546966602335,-0.057811439037323,-0.7824112474918365,-0.09358650691797266,0.025150299072265625,-0.3438325524330139,-0.03932294495393762,0.027159571647644043,-0.42953741550445557,-0.09182463832189569,-0.011611640453338623,-0.3337826728820801,-0.10026965536167154,-0.03327435255050659,-0.25475382804870605,-0.08854222543527612,0.08177876472473145,-0.2824631333351135,-0.06141770504405031,0.06534743309020996,-0.3556422293186188,-0.09831124044944772,0.025907516479492188,-0.29415667057037354,-0.09254482634355554,0.0028655529022216797,-0.23178339004516602,-0.07842320449640283
U,0.0,0.0,0.0,-0.08579069375991821,-0.09261131286621094,-0.025172902562019317,-0.11624035239219666,-0.25459617376327515,-0.03421235486149499,-0.05541098117828369,-0.3747694194316864,-0.04981590463995644,0.02646845579147339,-0.41494831442832947,-0.06481429591059396,-0.10387915372848511,-0.38008996844291687,-0.005531982809600322,-0.10685163736343384,-0.5444386005401611,-0.034823894791600196,-0.10314565896987915,-0.6447676122188568,-0.05497942148923585,-0.09758186340332031,-0.7288518846035004,-0.06795256986498543,-0.03914397954940796,-0.3766185939311981,-0.019755479239222495,-0.04818284511566162,-0.5590051412582397,-0.05461952491879174,-0.055272459983825684,-0.6747071743011475,-0.08067710354208657,-0.05295264720916748,-0.7722829878330231,-0.09378097607969949,0.0265505313873291,-0.33895212411880493,-0.038796726905104606,0.031089067459106445,-0.4218505322933197,-0.09180070861458489,-0.006692230701446533,-0.32769691944122314,-0.10189163341402718,-0.028991520404815674,-0.2505335807800293,-0.09116109117150017,0.08310294151306152,-0.2799869775772095,-0.06011797516822526,0.06693553924560547,-0.34588074684143066,-0.09739838942169854,0.028864800930023193,-0.28411561250686646,-0.09320268436550805,0.006106257438659668,-0.22387194633483887,-0.08020160748839089
U,0.0,0.0,0.0,-0.08718681335449219,-0.09742391109466553,-0.021883878380549504,-0.11583319306373596,-0.2529979348182678,-0.03033718791652973,-0.05520552396774292,-0.3724098801612854,-0.04589253057588394,0.024140357971191406,-0.4122607707977295,-0.06091988970388229,-0.10421216487884521,-0.3738231956958771,-0.0032886208393847483,-0.10806214809417725,-0.5364857912063599,-0.033108802035940244,-0.10327872633934021,-0.6352029740810394,-0.05463205416549499,-0.09682369232177734,-0.7180912792682648,-0.06861274083007629,-0.0398063063621521,-0.3720369338989258,-0.018734165922296597,-0.04871034622192383,-0.5533610582351685,-0.053620391980302884,-0.05430120229721069,-0.6665984392166138,-0.07968127866138275,-0.050235629081726074,-0.7621013224124908,-0.09287939359296615,0.02558290958404541,-0.3352275788784027,-0.038661667600763394,0.029820680618286133,-0.4169941544532776,-0.09003723551381881,-0.008807897567749023,-0.3233156204223633,-0.09798374165643509,-0.03125762939453125,-0.24536865949630737,-0.08621800829519088,0.08055293560028076,-0.27505409717559814,-0.06083184991825874,0.06695437431335449,-0.3433518707752228,-0.09627384831060226,0.02784186601638794,-0.28448599576950073,-0.09015077491153534,0.0033585429191589355,-0.22473764419555664,-0.07596676190246399
U,0.0,0.0,0.0,-0.08674520254135132,-0.09227895736694336,-0.024062740185115672,-0.11676245927810669,-0.24775582551956177,-0.033443063997481204,-0.05737602710723877,-0.36934447288513184,-0.04923950558230672,0.023145198822021484,-0.40844765305519104,-0.06427742590830121,-0.10317501425743103,-0.3639478087425232,-0.007481509388242102,-0.10814327001571655,-0.5295445919036865,-0.036712874227021075,-0.10376638174057007,-0.6285091638565063,-0.05732625400349889,-0.09763729572296143,-0.7116637527942657,-0.07086431285068784,-0.03994894027709961,-0.3634297847747803,-0.02118762818798814,-0.050341010093688965,-0.5456135869026184,-0.055110443883393145,-0.05655932426452637,-0.6583107113838196,-0.07999108036682401,-0.052746593952178955,-0.7542009651660919,-0.09295329501554761,0.023873627185821533,-0.3286550045013428,-0.039279018097374774,0.02700704336166382,-0.414323627948761,-0.08903347005770001,-0.009793758392333984,-0.32149672508239746,-0.09546428968832288,-0.030238449573516846,-0.24460726976394653,-0.08332924594805036,0.07800465822219849,-0.270840048789978,-0.05991327812597547,0.06433618068695068,-0.34414708614349365,-0.0945208524696568,0.026900649070739746,-0.2867143750190735,-0.08818466266319547,0.004608213901519775,-0.22699087858200073,-0.07424490203783307
U,0.0,0.0,0.0,-0.08933079242706299,-0.09573346376419067,-0.022038682463573878,-0.11880731582641602,-0.25088340044021606,-0.029902343737887804,-0.05936247110366821,-0.371354341506958,-0.04467482222895569,0.019879519939422607,-0.41190972924232483,-0.05891529201250023,-0.10534888505935669,-0.35772863030433655,-0.0030164763862217114,-0.11103308200836182,-0.5229496955871582,-0.0312061357377047,-0.107197105884552,-0.621765673160553,-0.05145570366363472,-0.10116708278656006,-0.7047301828861237,-0.06450021370034165,-0.042540132999420166,-0.3586343228816986,-0.016798607173370783,-0.05235087871551514,-0.5396274924278259,-0.04939860208611435,-0.05955022573471069,-0.6540327072143555,-0.07478714837412781,-0.05618941783905029,-0.75086909532547,-0.0882895077643866,0.020797789096832275,-0.32603633403778076,-0.035010901379394,0.02205216884613037,-0.41079965233802795,-0.08325375719647354,-0.015590906143188477,-0.32202595472335815,-0.09150163187365479,-0.035749971866607666,-0.2455277442932129,-0.08090892537217087,0.07502782344818115,-0.2712351679801941,-0.055592135625886385,0.060068488121032715,-0.34281015396118164,-0.08882697029690689,0.022378265857696533,-0.28933078050613403,-0.08353755726199097,-0.0002047419548034668,-0.23110467195510864,-0.0705963308988089
U,0.0,0.0,0.0,-0.08717954158782959,-0.09208506345748901,-0.022315383386114718,-0.11617463827133179,-0.25456517934799194,-0.02815629398475039,-0.056280434131622314,-0.376585990190506,-0.040453607645133616,0.024539470672607422,-0.41464781761169434,-0.052525660451749445,-0.1020871102809906,-0.3559514284133911,-0.0011409396168460262,-0.10780954360961914,-0.5170472264289856,-0.026623212229708315,-0.10553497076034546,-0.6156483888626099,-0.04489014899382937,-0.10060006380081177,-0.6990756094455719,-0.057004312481979014,-0.04098540544509888,-0.3565748929977417,-0.014166382570067526,-0.051644086837768555,-0.535928338766098,-0.0449457899297272,-0.05987739562988281,-0.6487654745578766,-0.06923998376379359,-0.05682718753814697,-0.7452020347118378,-0.08196309438000071,0.020994365215301514,-0.32480376958847046,-0.031805435624221445,0.024381279945373535,-0.41075512766838074,-0.08032311728248942,-0.015263140201568604,-0.322115957736969,-0.09109769245634425,-0.036619484424591064,-0.246013343334198,-0.08211872955808985,0.07461893558502197,-0.2731327414512634,-0.05153981452832568,0.058835387229919434,-0.34409192204475403,-0.0858085774446522,0.02097642421722412,-0.28977280855178833,-0.08289877554426539,-0.00016224384307861328,-0.23247534036636353,-0.07185361018429148
U,0.0,0.0,0.0,-0.08354490995407104,-0.09199154376983643,-0.022350201307858697,-0.11132925748825073,-0.24625754356384277,-0.029564974754180184,-0.052261412143707275,-0.36215466260910034,-0.04331921778532433,0.026553094387054443,-0.40020236372947693,-0.0567784979185717,-0.09780871868133545,-0.3553159236907959,-0.002486838418121806,-0.1029631495475769,-0.5123410522937775,-0.02929189793678688,-0.10039347410202026,-0.608913242816925,-0.04798592992040085,-0.09551405906677246,-0.6898331046104431,-0.05956156544300484,-0.03683590888977051,-0.3541034460067749,-0.015649713500465623,-0.04671001434326172,-0.5295619368553162,-0.04671208552929329,-0.05469924211502075,-0.6390471160411835,-0.06998901061626839,-0.052574217319488525,-0.7321337461471558,-0.08129676423880028,0.025053858757019043,-0.32088226079940796,-0.0333780645570414,0.028060555458068848,-0.3999873399734497,-0.08171006284567284,-0.009017884731292725,-0.31077033281326294,-0.09057167909952568,-0.029532134532928467,-0.23604661226272583,-0.07971918575378822,0.07790422439575195,-0.26729482412338257,-0.05321308217855858,0.0645189881324768,-0.33514803647994995,-0.0859646945438044,0.026943325996398926,-0.28013259172439575,-0.08044650398107933,0.003680408000946045,-0.22282588481903076,-0.06718129657122063
U,0.0,0.0,0.0,-0.08667600154876709,-0.08567506074905396,-0.02371088442242808,-0.11672291159629822,-0.24036753177642822,-0.03122392137385077,-0.058808982372283936,-0.3595079779624939,-0.04463792246616549,0.018104135990142822,-0.4023330807685852,-0.05744630125201411,-0.10223326086997986,-0.34332001209259033,-0.006317987375325629,-0.10874104499816895,-0.5036443471908569,-0.0345189089778728,-0.1063866913318634,-0.601082056760788,-0.05338426706231303,-0.10144984722137451,-0.683373212814331,-0.06500153642929263,-0.04126465320587158,-0.34561052918434143,-0.018254492700464198,-0.05250251293182373,-0.5244635343551636,-0.05160225209630198,-0.06031155586242676,-0.6361850798130035,-0.07520293098724551,-0.05755335092544556,-0.7296271324157715,-0.08645776313579745,0.019972920417785645,-0.3161126971244812,-0.03454503071344561,0.021068334579467773,-0.39926066994667053,-0.08398880463875003,-0.014221131801605225,-0.30886876583099365,-0.09057125103510089,-0.03342103958129883,-0.23251736164093018,-0.07796486866510577,0.0729142427444458,-0.26690155267715454,-0.053189520061380335,0.05827683210372925,-0.3349815011024475,-0.08703282874859042,0.022026658058166504,-0.2799290418624878,-0.0811810086373157,1.3232231140136719e-05,-0.2226412296295166,-0.06734101873672671
U,0.0,0.0,0.0,-0.08313655853271484,-0.09165412187576294,-0.02163486685077487,-0.11134213209152222,-0.2424333691596985,-0.02901275585810481,-0.05381035804748535,-0.35917043685913086,-0.042891410546701536,0.02360379695892334,-0.40031376481056213,-0.05671870465795337,-0.09764337539672852,-0.34190309047698975,-0.003500499431368098,-0.10405758023262024,-0.5015118420124054,-0.030088545190494642,-0.10215416550636292,-0.5992503464221954,-0.048136872606676206,-0.09801709651947021,-0.6810140013694763,-0.05911156292478381,-0.03675639629364014,-0.34220951795578003,-0.01643205750207244,-0.047561705112457275,-0.5200462937355042,-0.04698838050882159,-0.055786967277526855,-0.6301058828830719,-0.06996341179529963,-0.05430197715759277,-0.7210335731506348,-0.08114445339361964,0.024996399879455566,-0.3117426037788391,-0.03359898682157336,0.02351248264312744,-0.39548927545547485,-0.08172736446778117,-0.012371420860290527,-0.30944645404815674,-0.09130910913864909,-0.031237304210662842,-0.23452168703079224,-0.08107786010424434,0.07848256826400757,-0.2614765167236328,-0.05259880180875598,0.06032615900039673,-0.3313342332839966,-0.08591152112404643,0.022123992443084717,-0.2777574062347412,-0.0814470587245637,-0.0012270212173461914,-0.21970891952514648,-0.06890524308602153
U,0.0,0.0,0.0,-0.08370602130889893,-0.0902249813079834,-0.022601916759242613,-0.11250647902488708,-0.23678117990493774,-0.03208022874497374,-0.05797779560089111,-0.35185006260871887,-0.04800615769528349,0.015824317932128906,-0.3962348997592926,-0.06329522219203909,-0.09579139947891235,-0.3456973135471344,-0.005540212455173332,-0.10243856906890869,-0.5046891868114471,-0.035117122649182875,-0.10004228353500366,-0.6032494902610779,-0.05477222365044554,-0.09435391426086426,-0.6845765709877014,-0.06662880566619833,-0.03382599353790283,-0.3457433581352234,-0.019272388263573248,-0.046043455600738525,-0.5235347151756287,-0.05336840760611494,-0.05329233407974243,-0.6328581273555756,-0.07823786821865042,-0.05113250017166138,-0.723223477602005,-0.09020183917783697,0.029034078121185303,-0.3141913414001465,-0.03731283110283812,0.027010619640350342,-0.3950040936470032,-0.0877976709296604,-0.010968804359436035,-0.3099788427352905,-0.09671471950315436,-0.03416973352432251,-0.2374916672706604,-0.08571167227529486,0.0831899642944336,-0.26192593574523926,-0.05729675230287512,0.06408035755157471,-0.3289939761161804,-0.09163137462638815,0.02457374334335327,-0.2767941951751709,-0.08635327157281836,-0.002611100673675537,-0.22082889080047607,-0.07287133422397574
U,0.0,0.0,0.0,-0.08339285850524902,-0.08899223804473877,-0.023279887445141867,-0.11338019371032715,-0.23703038692474365,-0.03312000148730476,-0.05814170837402344,-0.3545300364494324,-0.04880674444871147,0.018610775470733643,-0.39851781725883484,-0.0637801315708657,-0.0959656834602356,-0.3474947214126587,-0.008188449598719671,-0.10149270296096802,-0.5076273679733276,-0.03752102964358528,-0.09865373373031616,-0.605882078409195,-0.056710495434572294,-0.09276944398880005,-0.6870939135551453,-0.06829960160689552,-0.03374004364013672,-0.34621429443359375,-0.0211593180968066,-0.04433315992355347,-0.5261801779270172,-0.054893246672918394,-0.0513761043548584,-0.6364718079566956,-0.07861255370812614,-0.04818570613861084,-0.7280413508415222,-0.08988057338433464,0.029390037059783936,-0.31334173679351807,-0.038273299865295485,0.02626579999923706,-0.39739111065864563,-0.08907202892737587,-0.014075219631195068,-0.31264829635620117,-0.09776610397534569,-0.036560773849487305,-0.24000483751296997,-0.08653556817012031,0.08365994691848755,-0.25994259119033813,-0.057229510329534605,0.06296813488006592,-0.32850608229637146,-0.09249483310418327,0.022955000400543213,-0.27690809965133667,-0.08778409921364982,-0.0014551281929016113,-0.2216196060180664,-0.0745499309225579
U,0.0,0.0,0.0,-0.08472001552581787,-0.0893065333366394,-0.02379918734044395,-0.11544662714004517,-0.23858171701431274,-0.03422730865389667,-0.060988783836364746,-0.3575814664363861,-0.050317619763916355,0.018295347690582275,-0.3976699709892273,-0.06551424863249622,-0.0969618558883667,-0.35118162631988525,-0.010140669368809085,-0.10179555416107178,-0.5130898356437683,-0.03924778553158603,-0.09822267293930054,-0.6117480993270874,-0.05856364297181926,-0.09212327003479004,-0.693279892206192,-0.07027186157614551,-0.03472250699996948,-0.3495880663394928,-0.02266305948108993,-0.045312702655792236,-0.5294711589813232,-0.05624714198023639,-0.05198514461517334,-0.6409023106098175,-0.08002368065029941,-0.049321651458740234,-0.7336040437221527,-0.09135951551110111,0.028316915035247803,-0.31722015142440796,-0.039149780594414096,0.024901747703552246,-0.3969818353652954,-0.08870446386248432,-0.014950752258300781,-0.31288599967956543,-0.09730871471077762,-0.038043856620788574,-0.23945152759552002,-0.08614775987774692,0.08236926794052124,-0.26470792293548584,-0.057677541696136814,0.06384450197219849,-0.332549512386322,-0.09161491396338306,0.023015499114990234,-0.28202497959136963,-0.08660261782318912,-0.003974497318267822,-0.22526192665100098,-0.0732795790067371
U,0.0,0.0,0.0,-0.0845382809638977,-0.08959639072418213,-0.021798477151605766,-0.1178891658782959,-0.23494458198547363,-0.032920299672696274,-0.06679105758666992,-0.3547013998031616,-0.049982483142230194,0.010966122150421143,-0.39711666107177734,-0.06633222346863477,-0.09830689430236816,-0.3429921269416809,-0.01352040527126519,-0.10449802875518799,-0.5095324814319611,-0.0443410823281738,-0.10056060552597046,-0.608749121427536,-0.06466680263838498,-0.09420567750930786,-0.691555380821228,-0.07741545384487836,-0.03698939085006714,-0.34361588954925537,-0.0272411784317228,-0.049233973026275635,-0.5276703238487244,-0.06224653368553845,-0.05439150333404541,-0.6386496126651764,-0.0861767927344772,-0.05071544647216797,-0.7314105331897736,-0.09821108227333752,0.025677084922790527,-0.3137245178222656,-0.04442631324491231,0.022422492504119873,-0.3983249366283417,-0.0942295665081474,-0.016450047492980957,-0.31445151567459106,-0.10190385823807446,-0.039540886878967285,-0.24013769626617432,-0.09093127643427579,0.07971447706222534,-0.2629585266113281,-0.06354307627043454,0.06045329570770264,-0.33287590742111206,-0.09848355745634763,0.018904030323028564,-0.28213077783584595,-0.09395967667660443,-0.009264945983886719,-0.22418659925460815,-0.0814620653327438
U,0.0,0.0,0.0,-0.0842776894569397,-0.09054714441299438,-0.022240399036547842,-0.11587607860565186,-0.23896491527557373,-0.03291641420497626,-0.06196624040603638,-0.3573535978794098,-0.04967506102099151,0.015991032123565674,-0.39822983741760254,-0.06588616839422912,-0.09611701965332031,-0.3516700267791748,-0.010033405970773401,-0.10150420665740967,-0.5141234397888184,-0.039413842026135626,-0.09849494695663452,-0.6118483543395996,-0.05925655609740943,-0.09266507625579834,-0.6930558979511261,-0.07172787806763381,-0.03417050838470459,-0.35016438364982605,-0.02371946594490737,-0.04586309194564819,-0.5300316214561462,-0.05760564527287215,-0.053000450134277344,-0.6404304802417755,-0.082128083918235,-0.05058509111404419,-0.7329367101192474,-0.09441468736901015,0.02942812442779541,-0.31776922941207886,-0.04114301374926299,0.023698091506958008,-0.4006044566631317,-0.09096169343962401,-0.017363369464874268,-0.31489741802215576,-0.1002918767072174,-0.04062306880950928,-0.239759624004364,-0.09018259367718429,0.08476293087005615,-0.2652239203453064,-0.06041957310213775,0.060668110847473145,-0.3312727212905884,-0.09574022761358947,0.018987298011779785,-0.279940664768219,-0.09201983979716033,-0.006754100322723389,-0.2232494354248047,-0.07978192589058608
U,0.0,0.0,0.0,-0.08537346124649048,-0.08909904956817627,-0.02354979620690756,-0.12036502361297607,-0.24040865898132324,-0.03438159929032736,-0.06863635778427124,-0.36102938652038574,-0.050752786112980175,0.012456119060516357,-0.40199822187423706,-0.06628463150377684,-0.09627455472946167,-0.34540408849716187,-0.01293097076381855,-0.10455536842346191,-0.5105693936347961,-0.042594225270704555,-0.10301947593688965,-0.6088617146015167,-0.06143406884189062,-0.09868544340133667,-0.6912065148353577,-0.0728515806924861,-0.03490269184112549,-0.3467775881290436,-0.02551352897103243,-0.04839003086090088,-0.5304617285728455,-0.06030649052377157,-0.05669724941253662,-0.6424999833106995,-0.08403951407785826,-0.05533856153488159,-0.7347790002822876,-0.09517369152422361,0.0278472900390625,-0.31685203313827515,-0.04171542928929739,0.018561065196990967,-0.40075892210006714,-0.09274726094122343,-0.02139127254486084,-0.31193703413009644,-0.10093656660433226,-0.04289144277572632,-0.23387068510055542,-0.08910196007605009,0.08287882804870605,-0.26788437366485596,-0.05976662517900877,0.05617368221282959,-0.33624333143234253,-0.09511524917002134,0.01349419355392456,-0.2845521569252014,-0.09055301280136518,-0.012666881084442139,-0.22652959823608398,-0.07741284103508406
U,0.0,0.0,0.0,-0.08198529481887817,-0.09216415882110596,-0.020790891064507377,-0.11326447129249573,-0.2463841438293457,-0.030514695955616844,-0.059416115283966064,-0.36251747608184814,-0.046505834249956024,0.020427942276000977,-0.40074414014816284,-0.06191779607365788,-0.08592528104782104,-0.35261765122413635,-0.009191865375441921,-0.09168010950088501,-0.5133472084999084,-0.036701384274465454,-0.08940482139587402,-0.6093502044677734,-0.054758436320526016,-0.08462214469909668,-0.6908484995365143,-0.06614945018122853,-0.025173842906951904,-0.35102057456970215,-0.023034447146756065,-0.03611665964126587,-0.5295020341873169,-0.055130902020437134,-0.04380828142166138,-0.6397246718406677,-0.07837316328118504,-0.04269629716873169,-0.7325674295425415,-0.09009777688811482,0.03680527210235596,-0.318559467792511,-0.04042744943330945,0.025080502033233643,-0.3990464210510254,-0.08863216572831334,-0.016370713710784912,-0.3124033808708191,-0.09788087689707936,-0.03898543119430542,-0.23647934198379517,-0.08816987210343541,0.09096652269363403,-0.2672482132911682,-0.05955441230366887,0.06407272815704346,-0.3325345516204834,-0.09310993486474217,0.01866757869720459,-0.28227686882019043,-0.08951263063977422,-0.010025501251220703,-0.2267829179763794,-0.07813895428012074
U,0.0,0.0,0.0,-0.08094698190689087,-0.09725338220596313,-0.01918216006208695,-0.1116744875907898,-0.24968886375427246,-0.02925259762753285,-0.05851095914840698,-0.36667972803115845,-0.04563977898408211,0.0225408673286438,-0.40341830253601074,-0.061419128937018286,-0.0775834321975708,-0.34982872009277344,-0.011693259266507994,-0.08199936151504517,-0.5154322385787964,-0.03941335113097466,-0.07813918590545654,-0.6113104522228241,-0.05711220906425751,-0.07190912961959839,-0.6928522884845734,-0.06806382865954674,-0.016772150993347168,-0.34865644574165344,-0.025988345531118284,-0.027961015701293945,-0.5322792530059814,-0.05847993822146691,-0.03418564796447754,-0.6424755156040192,-0.08081192107249535,-0.032042622566223145,-0.7345442175865173,-0.09152667553473748,0.045343637466430664,-0.3163653016090393,-0.04325794012595452,0.027732908725738525,-0.4009457230567932,-0.09162780226517953,-0.012742936611175537,-0.311851441860199,-0.09875037105132378,-0.033378660678863525,-0.2317318320274353,-0.08716668517638482,0.09986567497253418,-0.26562434434890747,-0.062083955419552694,0.06691145896911621,-0.33254140615463257,-0.0952953133111123,0.016101360321044922,-0.28808945417404175,-0.09083547772218026,-0.016909539699554443,-0.2362181544303894,-0.07874724597979821
U,0.0,0.0,0.0,-0.07698839902877808,-0.09616351127624512,-0.01637535837625137,-0.10821717977523804,-0.25307440757751465,-0.025579032647954136,-0.05761951208114624,-0.3705167770385742,-0.04101336670254341,0.023884594440460205,-0.4058389961719513,-0.05584413108562103,-0.06744331121444702,-0.3527471423149109,-0.014004280950473458,-0.07031983137130737,-0.5164105594158173,-0.04055240300630203,-0.06657856702804565,-0.610511839389801,-0.056622485790001065,-0.06080526113510132,-0.6903069019317627,-0.06715325188969246,-0.006841003894805908,-0.3511367440223694,-0.02979967852269283,-0.017929017543792725,-0.5339460372924805,-0.06205099371408096,-0.023284971714019775,-0.6435306668281555,-0.08381143135164848,-0.02296501398086548,-0.7335138916969299,-0.09455722493265739,0.05535435676574707,-0.31661492586135864,-0.04783506241773239,0.03346222639083862,-0.4045606553554535,-0.09533236098621956,-0.008048653602600098,-0.3181108832359314,-0.10231558901404014,-0.03195762634277344,-0.2401103377342224,-0.09182848704193702,0.10976719856262207,-0.2635515332221985,-0.06704759520624748,0.06755310297012329,-0.32483237981796265,-0.10068505180214515,0.01158231496810913,-0.2838173508644104,-0.09801419002150169,-0.02684992551803589,-0.23769605159759521,-0.08802141172026268
U,0.0,0.0,0.0,-0.07680761814117432,-0.09915387630462646,-0.01809184236145711,-0.10546204447746277,-0.2536826729774475,-0.027698980473644497,-0.05515158176422119,-0.3676161468029022,-0.043594691731698276,0.02433067560195923,-0.4069725573062897,-0.05916250107503629,-0.058173537254333496,-0.36190253496170044,-0.009198069401747944,-0.058372676372528076,-0.5202201306819916,-0.03604427708006597,-0.05401080846786499,-0.6121194064617157,-0.052763771095044376,-0.0462799072265625,-0.6907921135425568,-0.0634390449307034,0.0018767118453979492,-0.35417839884757996,-0.025927334853179218,-0.0061571598052978516,-0.5339966416358948,-0.05938841757989621,-0.012736737728118896,-0.6416833102703094,-0.08287058381057477,-0.01302480697631836,-0.7310174107551575,-0.0941748505613873,0.0634717345237732,-0.31502658128738403,-0.04562095535612798,0.04287165403366089,-0.4071393311023712,-0.09899747727132535,0.000317990779876709,-0.3196457028388977,-0.1091558372757504,-0.023688435554504395,-0.24336326122283936,-0.09932177869296765,0.11748272180557251,-0.2581753134727478,-0.06609001366115308,0.06798422336578369,-0.3233715295791626,-0.10545004514671064,0.011941134929656982,-0.27341699600219727,-0.103763919152982,-0.023674368858337402,-0.22110283374786377,-0.09320718405462003
U,0.0,0.0,0.0,-0.07477164268493652,-0.09696859121322632,-0.018358806260778238,-0.1043870747089386,-0.24963021278381348,-0.029574217387391855,-0.057243943214416504,-0.3629830777645111,-0.04742969956333809,0.023016512393951416,-0.40072816610336304,-0.06441193457777672,-0.05012178421020508,-0.36670568585395813,-0.010093322136356164,-0.04906260967254639,-0.5231957137584686,-0.03841238107617073,-0.04278695583343506,-0.6133581697940826,-0.05584232892925911,-0.03286945819854736,-0.6915519833564758,-0.06674757238562279,0.010214447975158691,-0.35797032713890076,-0.0270635486775177,0.0024596452713012695,-0.535952091217041,-0.06191428762014084,-0.002254307270050049,-0.641876757144928,-0.08524432417090111,-0.0025135278701782227,-0.7304172813892365,-0.09607027109797173,0.07103687524795532,-0.31765079498291016,-0.04711096000011139,0.045727312564849854,-0.4028412103652954,-0.10171641793186836,-0.0005842447280883789,-0.31137120723724365,-0.11076669033701592,-0.02922797203063965,-0.23234450817108154,-0.09969516482289009,0.12181735038757324,-0.2592124938964844,-0.06814682122404747,0.0719953179359436,-0.3200896978378296,-0.10706361766989403,0.01081782579421997,-0.2730860710144043,-0.10491498943503075,-0.0329250693321228,-0.2241445779800415,-0.09411901619370155
U,0.0,0.0,0.0,-0.0744372010231018,-0.09960168600082397,-0.019665323241042643,-0.10535049438476562,-0.25290268659591675,-0.030258256985234766,-0.05902785062789917,-0.370184987783432,-0.04785052504985288,0.024141430854797363,-0.40281206369400024,-0.06417377856223538,-0.04498225450515747,-0.36838290095329285,-0.003437573831888585,-0.044062793254852295,-0.5279244780540466,-0.03106316183357194,-0.036600351333618164,-0.6186749935150146,-0.04859847020952657,-0.024782836437225342,-0.6975468695163727,-0.05990180936305478,0.012389123439788818,-0.3582504391670227,-0.019582623659061937,0.004655301570892334,-0.5401114821434021,-0.05408692177979901,0.0010371804237365723,-0.645991325378418,-0.07713649985043958,0.003994405269622803,-0.7342577874660492,-0.08788821664302304,0.06992870569229126,-0.3177209496498108,-0.03970453333704427,0.046875953674316406,-0.4163338541984558,-0.0961045604631181,-0.0010731816291809082,-0.32565051317214966,-0.10562736359088376,-0.029489457607269287,-0.24353110790252686,-0.09412810024468854,0.11883258819580078,-0.2592260241508484,-0.0610662755057092,0.07062458992004395,-0.3289949297904968,-0.10248219039885953,0.0095139741897583,-0.28147464990615845,-0.10205104020087674,-0.03353244066238403,-0.22852790355682373,-0.0919968095108743
U,0.0,0.0,0.0,-0.07371455430984497,-0.0984460711479187,-0.018557173687554496,-0.1059928834438324,-0.25241798162460327,-0.02889370501372923,-0.06585162878036499,-0.3750849664211273,-0.04642024964425673,0.017982184886932373,-0.4110427796840668,-0.06244197443459143,-0.04336380958557129,-0.371353417634964,5.4523737958334095e-05,-0.04325789213180542,-0.5289285480976105,-0.025766899365521567,-0.03607344627380371,-0.6172439157962799,-0.04154564023349394,-0.02414768934249878,-0.6947787404060364,-0.05120626792643179,0.01338118314743042,-0.3619421422481537,-0.01579897806379904,0.005057692527770996,-0.543715626001358,-0.04780479848716368,0.0010971426963806152,-0.6478324234485626,-0.06920741826627363,0.002482473850250244,-0.734465628862381,-0.0787006574902307,0.07054942846298218,-0.3228793144226074,-0.03572479591105093,0.04239410161972046,-0.4185676574707031,-0.09020546406839003,-0.00865858793258667,-0.329600989818573,-0.10078589946363081,-0.03935366868972778,-0.24759799242019653,-0.09015778035256972,0.11818480491638184,-0.2670890688896179,-0.05670592889521231,0.06624758243560791,-0.33416804671287537,-0.09515045166347136,0.004293084144592285,-0.28881824016571045,-0.09492211371991743,-0.03912842273712158,-0.23691248893737793,-0.0855000051889192
U,0.0,0.0,0.0,-0.07484424114227295,-0.10208064317703247,-0.01748907391947796,-0.10700887441635132,-0.2523779273033142,-0.028934413688602945,-0.07166421413421631,-0.372074693441391,-0.04777746100944569,0.00791841745376587,-0.4048141837120056,-0.06500099797767689,-0.03958249092102051,-0.3786582946777344,-0.0016440912199868762,-0.041527628898620605,-0.5326735973358154,-0.029121613251390954,-0.035753071308135986,-0.6184456050395966,-0.046630585687580606,-0.024313628673553467,-0.695068746805191,-0.05782320921343853,0.017468929290771484,-0.36957818269729614,-0.018865736322823068,0.004870593547821045,-0.5471506714820862,-0.052637683349075814,-8.14199447631836e-05,-0.6490463018417358,-0.0755757858328252,0.0003553628921508789,-0.7352483570575714,-0.08625752677244236,0.07521319389343262,-0.32965975999832153,-0.039869057136002084,0.03857463598251343,-0.41837748885154724,-0.09460773517412235,-0.017444074153900146,-0.3335036635398865,-0.1054655780367284,-0.052997469902038574,-0.25470662117004395,-0.09571125556749394,0.11993086338043213,-0.271559476852417,-0.06198949565214207,0.06230270862579346,-0.33083319664001465,-0.10023558338207295,-0.0015032291412353516,-0.286030113697052,-0.10012734879774143,-0.04584228992462158,-0.23587524890899658,-0.0910927896670728
U,0.0,0.0,0.0,-0.07648831605911255,-0.1048816442489624,-0.01800614614319329,-0.11124914884567261,-0.25474709272384644,-0.02929438669514184,-0.07618677616119385,-0.37494295835494995,-0.04786365311872487,0.006165206432342529,-0.4069655239582062,-0.06493373420369153,-0.044574618339538574,-0.36839956045150757,0.0004358458828619405,-0.048377156257629395,-0.5221312344074249,-0.026733130405659722,-0.046427011489868164,-0.6074884831905365,-0.04346473347675328,-0.038096845149993896,-0.6851647794246674,-0.05409754645359044,0.012426257133483887,-0.36351609230041504,-0.015771037156696366,-1.3828277587890625e-05,-0.5399329662322998,-0.050101233835334824,-0.007056295871734619,-0.6427216231822968,-0.0723728409064961,-0.009557485580444336,-0.7301658689975739,-0.08236724343430524,0.06997925043106079,-0.328477144241333,-0.03618290480505948,0.030502617359161377,-0.41753050684928894,-0.09321958776843076,-0.02057337760925293,-0.32979726791381836,-0.10479174759518628,-0.05120837688446045,-0.24972254037857056,-0.0945973789347363,0.11507469415664673,-0.2758678197860718,-0.05759072136413579,0.05278366804122925,-0.3344724476337433,-0.09772376921307568,-0.008013606071472168,-0.2835566997528076,-0.0984578376663876,-0.048160016536712646,-0.22857928276062012,-0.0896007215632153
U,0.0,0.0,0.0,-0.07479065656661987,-0.0962631106376648,-0.01737199633066666,-0.11056846380233765,-0.24204093217849731,-0.030268640282201886,-0.07925724983215332,-0.3596039414405823,-0.05064248575513375,-0.0036596059799194336,-0.40025317668914795,-0.06939380897824776,-0.04316145181655884,-0.3699445426464081,-0.005325208908516288,-0.04622071981430054,-0.5235183537006378,-0.03555738090221894,-0.041699349880218506,-0.6103454828262329,-0.05421422703807366,-0.03136706352233887,-0.6869027316570282,-0.06556753351037514,0.014579355716705322,-0.3636311888694763,-0.02275992466752541,-0.0004191398620605469,-0.5392916798591614,-0.0595040871078254,-0.007466673851013184,-0.6416284143924713,-0.08302891536300194,-0.009325861930847168,-0.7288727462291718,-0.09317542894427788,0.0731688141822815,-0.3267002999782562,-0.0438119983548404,0.027299344539642334,-0.4082409739494324,-0.10004002882783425,-0.026558995246887207,-0.3215029835700989,-0.10951458944623482,-0.05918198823928833,-0.2437680959701538,-0.0981320692474128,0.11812400817871094,-0.2715831398963928,-0.06606533660237801,0.05339938402175903,-0.32310664653778076,-0.1047362191850425,-0.009023904800415039,-0.27860409021377563,-0.1039834497744323,-0.05134302377700806,-0.23082703351974487,-0.09390909506623757
U,0.0,0.0,0.0,-0.07716375589370728,-0.09654057025909424,-0.018877987010256447,-0.11538234353065491,-0.24547016620635986,-0.030370844719783463,-0.0831485390663147,-0.365910142660141,-0.04912169669367472,-0.0014357566833496094,-0.3997906446456909,-0.06594356168605486,-0.046858787536621094,-0.36345985531806946,0.0002786645320327352,-0.05398303270339966,-0.5166994333267212,-0.026863305089847245,-0.05339670181274414,-0.6010729670524597,-0.042811114532725014,-0.04665094614028931,-0.6769149899482727,-0.05238582213021914,0.010172247886657715,-0.36188265681266785,-0.015579099027291932,-0.006116628646850586,-0.5380383133888245,-0.05000647549130122,-0.014056205749511719,-0.6393222212791443,-0.07102157194711367,-0.018034517765045166,-0.7251937389373779,-0.07922399808265368,0.0675087571144104,-0.3288315534591675,-0.03587428127028147,0.021105527877807617,-0.41231322288513184,-0.09280172009565035,-0.02599245309829712,-0.3189236521720886,-0.10264452566005389,-0.05235797166824341,-0.23564285039901733,-0.09043608625032107,0.11150622367858887,-0.2778894305229187,-0.05744792912699381,0.04720175266265869,-0.33258557319641113,-0.09624496866561572,-0.012910544872283936,-0.2832528352737427,-0.09589589406348864,-0.05278867483139038,-0.2303447127342224,-0.0860421957502524
U,0.0,0.0,0.0,-0.07551920413970947,-0.09732544422149658,-0.016039588031731,-0.11113271117210388,-0.24259096384048462,-0.02777197631951367,-0.08162647485733032,-0.3607357442378998,-0.04771919037159478,-0.005727529525756836,-0.4002251625061035,-0.06578267599400078,-0.04355883598327637,-0.3729880452156067,0.0012408402893697712,-0.050724029541015625,-0.5256249904632568,-0.026849985597095838,-0.048462092876434326,-0.6113674342632294,-0.04381184513624703,-0.039416730403900146,-0.6865670382976532,-0.05379666994269883,0.01390749216079712,-0.3687533736228943,-0.016893808273039213,-0.0054711103439331055,-0.5435323119163513,-0.05206612731274163,-0.013334810733795166,-0.6459649503231049,-0.075409221005998,-0.01576220989227295,-0.7313964366912842,-0.0850222655659536,0.0722166895866394,-0.3326452970504761,-0.03901731829103028,0.022456228733062744,-0.40722402930259705,-0.09518840397652184,-0.032403409481048584,-0.31926530599594116,-0.10676737363394295,-0.06550031900405884,-0.23975801467895508,-0.09617647762354409,0.11552590131759644,-0.278343141078949,-0.06218258152659928,0.050769925117492676,-0.32872098684310913,-0.09969671304281746,-0.011426448822021484,-0.2828381061553955,-0.09940845007952248,-0.054200589656829834,-0.23254776000976562,-0.08972288156803643
U,0.0,0.0,0.0,-0.07851302623748779,-0.10251420736312866,-0.01616944426919531,-0.11657500267028809,-0.2531543970108032,-0.02560249956573557,-0.08497124910354614,-0.3725813031196594,-0.04256833957757067,-0.004830539226531982,-0.4079475700855255,-0.05791066454972338,-0.0481378436088562,-0.36774149537086487,0.0029827322972266757,-0.05515444278717041,-0.5208077728748322,-0.022774939036622754,-0.05458444356918335,-0.6053557097911835,-0.03853713589037966,-0.047681987285614014,-0.6821596324443817,-0.04841632636512827,0.008021891117095947,-0.366820365190506,-0.01357500402505707,-0.00881129503250122,-0.5413643419742584,-0.0465728478344829,-0.017226576805114746,-0.643850564956665,-0.06834730001415323,-0.021095752716064453,-0.7307499647140503,-0.07796972485508036,0.06515103578567505,-0.3343040347099304,-0.034282895347729436,0.020247697830200195,-0.41925397515296936,-0.08930161090816569,-0.0273018479347229,-0.33126652240753174,-0.1006841311069877,-0.054217755794525146,-0.24992471933364868,-0.09073965491975855,0.1097337007522583,-0.28444308042526245,-0.056066392532244436,0.04508686065673828,-0.33890342712402344,-0.09407750757659983,-0.014814794063568115,-0.29096394777297974,-0.09492176266635965,-0.05373799800872803,-0.23805338144302368,-0.08656428249801706
U,0.0,0.0,0.0,-0.07687979936599731,-0.09424543380737305,-0.019352704268726484,-0.1157408356666565,-0.2413252592086792,-0.03330354204479136,-0.08783382177352905,-0.3616732656955719,-0.054839802888068334,-0.009605050086975098,-0.3989753723144531,-0.07457399180236735,-0.05013495683670044,-0.3759748935699463,-0.0051269167855707565,-0.05606645345687866,-0.5329657196998596,-0.03517937844696917,-0.05092900991439819,-0.6217785477638245,-0.05381763538423456,-0.03928464651107788,-0.6990199685096741,-0.06505136003795542,0.007898867130279541,-0.3684801757335663,-0.022438932192358152,-0.008721768856048584,-0.544840931892395,-0.05936389228406824,-0.015681326389312744,-0.6514074504375458,-0.08436112662855066,-0.01753145456314087,-0.739055871963501,-0.09549677928987421,0.06599181890487671,-0.32947567105293274,-0.04363222977224268,0.02107900381088257,-0.4082281291484833,-0.10034075936380304,-0.03137165307998657,-0.3233645558357239,-0.1121758799821464,-0.06306827068328857,-0.24562877416610718,-0.10207128336730875,0.10943645238876343,-0.2734111547470093,-0.06608477791849054,0.046083033084869385,-0.328437864780426,-0.10502917131486811,-0.014591455459594727,-0.28007882833480835,-0.1048974375993339,-0.05551004409790039,-0.2266141176223755,-0.09512045791450419
U,0.0,0.0,0.0,-0.07874608039855957,-0.09548574686050415,-0.018766437831857274,-0.11841195821762085,-0.24137449264526367,-0.031913145619967054,-0.09125486016273499,-0.3627013564109802,-0.05286330281529672,-0.013355612754821777,-0.40123963356018066,-0.07170609309110887,-0.05116748809814453,-0.3705455958843231,-0.003802319697626899,-0.057813048362731934,-0.5267656743526459,-0.033751974988319944,-0.05394947528839111,-0.6149152517318726,-0.052151336509325574,-0.04497396945953369,-0.6932468414306641,-0.06340297235880143,0.006073057651519775,-0.3677801787853241,-0.02114825247559793,-0.011445999145507812,-0.5450206398963928,-0.057828842836954664,-0.01930302381515503,-0.6488886177539825,-0.08125528617534883,-0.023290634155273438,-0.7352108061313629,-0.09144026710424669,0.0641634464263916,-0.3328976035118103,-0.042570802557804654,0.01653367280960083,-0.4116972088813782,-0.09849551989469774,-0.03298604488372803,-0.32131457328796387,-0.10759649350080736,-0.06112271547317505,-0.23935812711715698,-0.09578587784204728,0.10864031314849854,-0.2796860933303833,-0.06561811937723405,0.046366870403289795,-0.3332750201225281,-0.10238405986461885,-0.01493769884109497,-0.28779715299606323,-0.10095896496210344,-0.0564427375793457,-0.23674428462982178,-0.09095690323744066
U,0.0,0.0,0.0,-0.07720834016799927,-0.09680646657943726,-0.01947677379507695,-0.11566540598869324,-0.24281096458435059,-0.03343031426925336,-0.08844983577728271,-0.3678380250930786,-0.05528704321045552,-0.009316563606262207,-0.4126777648925781,-0.07502849271554624,-0.053282737731933594,-0.37108945846557617,-0.002582844691687569,-0.061351239681243896,-0.5295605957508087,-0.03347192203659688,-0.057429730892181396,-0.6190490424633026,-0.052204276081511125,-0.047854483127593994,-0.6986879110336304,-0.06331194808740293,0.005649268627166748,-0.3670051097869873,-0.01978290138799821,-0.012659728527069092,-0.5464708805084229,-0.05795162042636548,-0.02105581760406494,-0.6512404680252075,-0.08257313689250623,-0.025399208068847656,-0.7386933267116547,-0.09319189807433759,0.06507837772369385,-0.3321529030799866,-0.041232282873579607,0.017377376556396484,-0.4123775362968445,-0.09961190691251431,-0.03555995225906372,-0.3187876343727112,-0.10972580930251752,-0.0662965178489685,-0.23422056436538696,-0.09776284417171155,0.11014425754547119,-0.28104931116104126,-0.06412345787543927,0.04653078317642212,-0.33684128522872925,-0.10259552171487485,-0.016065895557403564,-0.2895072102546692,-0.10153360536355649,-0.05916470289230347,-0.23704755306243896,-0.09134171029586469
U,0.0,0.0,0.0,-0.07845091819763184,-0.09388315677642822,-0.019081076982160994,-0.11759784817695618,-0.24222683906555176,-0.031112213062783667,-0.08414143323898315,-0.3630617558956146,-0.050519848617454954,-0.0022124648094177246,-0.39880383014678955,-0.06832946315660138,-0.054369449615478516,-0.3694693148136139,-0.0033526477894838536,-0.061660170555114746,-0.52467280626297,-0.03176963553084988,-0.05990326404571533,-0.6114641726016998,-0.04888065383090634,-0.053035080432891846,-0.6884599924087524,-0.05954824611796994,0.003054499626159668,-0.3647397756576538,-0.020145941900750586,-0.012959659099578857,-0.542014479637146,-0.055763854088922926,-0.021773815155029297,-0.6447513699531555,-0.07851301357402463,-0.026064932346343994,-0.7308933436870575,-0.088390129062077,0.06141704320907593,-0.32791173458099365,-0.04096142053856511,0.0237085223197937,-0.4121173620223999,-0.09761740491046567,-0.023174047470092773,-0.3190110921859741,-0.10708651915444989,-0.049846649169921875,-0.23667681217193604,-0.09529138580217023,0.10745781660079956,-0.2735651135444641,-0.06306336298837323,0.048272669315338135,-0.3293549120426178,-0.10229631737126965,-0.012383759021759033,-0.2790243625640869,-0.10140057876958508,-0.0528753399848938,-0.22573786973953247,-0.09131306633605618
U,0.0,0.0,0.0,-0.07902330160140991,-0.09259426593780518,-0.020840693923616982,-0.1189379096031189,-0.24100083112716675,-0.03410272179820595,-0.086203932762146,-0.36302450299263,-0.054462942021871186,-0.003157198429107666,-0.3986111879348755,-0.07321466012575684,-0.055604636669158936,-0.36314481496810913,-0.006219374208683348,-0.061697423458099365,-0.5203495621681213,-0.03565354152300415,-0.059439122676849365,-0.6096518337726593,-0.05349203078725395,-0.05336654186248779,-0.6884028911590576,-0.06462874515631256,0.0023062825202941895,-0.36039265990257263,-0.0221793024865633,-0.011593818664550781,-0.5394037961959839,-0.058764858829761124,-0.020561039447784424,-0.6438786089420319,-0.08208745970108566,-0.02639716863632202,-0.7302782833576202,-0.09236635519840775,0.06094658374786377,-0.3257254958152771,-0.04214894651153145,0.021197915077209473,-0.4095749855041504,-0.0991077075777298,-0.025045156478881836,-0.31503742933273315,-0.10858690990784226,-0.050505220890045166,-0.23161768913269043,-0.09658998503067551,0.10881674289703369,-0.2732604742050171,-0.06355393930056152,0.04753965139389038,-0.3306572437286377,-0.10317664845564423,-0.012304067611694336,-0.27825307846069336,-0.10254230602362213,-0.05203390121459961,-0.2224690318107605,-0.0925035427389389
U,0.0,0.0,0.0,-0.07781493663787842,-0.09741312265396118,-0.019807451070050774,-0.11577636003494263,-0.24516355991363525,-0.03266686260769802,-0.08341145515441895,-0.3660851716995239,-0.05299561530421215,-0.001714944839477539,-0.4017121493816376,-0.0715436531610294,-0.05507493019104004,-0.3661744296550751,-0.0031313315413399323,-0.06044471263885498,-0.5226857960224152,-0.0325252345211311,-0.0575065016746521,-0.6118165254592896,-0.05092236086795765,-0.05074125528335571,-0.6908929646015167,-0.06281806215713459,0.0028197765350341797,-0.36230891942977905,-0.020110538826088487,-0.011211156845092773,-0.5416762232780457,-0.057227403522233544,-0.019539356231689453,-0.6471348106861115,-0.08237153723905521,-0.02341902256011963,-0.7355983257293701,-0.09415216431091267,0.061754465103149414,-0.3268664479255676,-0.0410745075351997,0.026462674140930176,-0.41344693303108215,-0.09822774365613895,-0.02252650260925293,-0.3208913803100586,-0.10837687239120442,-0.051572978496551514,-0.2392551302909851,-0.09704269155929524,0.10992628335952759,-0.27335894107818604,-0.06341480150888401,0.052952587604522705,-0.33187174797058105,-0.10329062923858601,-0.006001532077789307,-0.27956968545913696,-0.10270847812364536,-0.046019792556762695,-0.22354990243911743,-0.09266806826065022
U,0.0,0.0,0.0,-0.07528209686279297,-0.0973348617553711,-0.019372947301462773,-0.11213088035583496,-0.2485506534576416,-0.030891360502437237,-0.07291120290756226,-0.3668396472930908,-0.04936369859774459,0.01034402847290039,-0.4008720815181732,-0.06640573197205413,-0.05329376459121704,-0.36510634422302246,-0.00433896041636217,-0.05726712942123413,-0.5205878019332886,-0.032289724584416035,-0.05445760488510132,-0.6089362502098083,-0.04959362351496566,-0.048212647438049316,-0.6872916519641876,-0.06082645782430518,0.004946768283843994,-0.3608471751213074,-0.02075554781754363,-0.008001267910003662,-0.54076087474823,-0.05585256942708838,-0.016408085823059082,-0.6451457142829895,-0.07932567947705138,-0.020788967609405518,-0.7325124144554138,-0.0901496743520056,0.06413429975509644,-0.32483261823654175,-0.04100478791792739,0.031538188457489014,-0.41250208020210266,-0.09696025752623427,-0.013608753681182861,-0.32087475061416626,-0.10739117467005599,-0.039780378341674805,-0.24024415016174316,-0.09662923568089354,0.11278033256530762,-0.2705140709877014,-0.06246728428800452,0.055710673332214355,-0.3296569585800171,-0.10254270189602721,-0.00380551815032959,-0.2777324914932251,-0.10249396019776214,-0.04402029514312744,-0.22318345308303833,-0.09303655826647628
U,0.0,0.0,0.0,-0.07756996154785156,-0.09401798248291016,-0.018173741006478394,-0.1135743260383606,-0.2471104860305786,-0.02867264656089219,-0.07099586725234985,-0.36304953694343567,-0.04617490788660916,0.009644091129302979,-0.3958044648170471,-0.06252830644808682,-0.05531799793243408,-0.3665468096733093,-0.005864332259818639,-0.05879223346710205,-0.5261933207511902,-0.03350524401031407,-0.05484133958816528,-0.6161464154720306,-0.050246989184245194,-0.0474400520324707,-0.694336473941803,-0.06051168387494954,0.0026589035987854004,-0.3602946102619171,-0.02244912070892724,-0.009859800338745117,-0.5431002974510193,-0.0568581463929263,-0.016764163970947266,-0.6479726433753967,-0.07925588806830319,-0.019281864166259766,-0.7344909012317657,-0.08893133869133862,0.06161844730377197,-0.322030246257782,-0.04240579699836644,0.0292816162109375,-0.40996357798576355,-0.0977718101974574,-0.014858365058898926,-0.31249314546585083,-0.10615118017159375,-0.039959609508514404,-0.2279195785522461,-0.09356749972067746,0.11241847276687622,-0.2649242877960205,-0.063365401529893,0.057733893394470215,-0.32949578762054443,-0.10218000581227216,-0.0009347200393676758,-0.2763622999191284,-0.09905856271944913,-0.04047316312789917,-0.2206134796142578,-0.08712852915488156
U,0.0,0.0,0.0,-0.07615917921066284,-0.09653091430664062,-0.018999920860210295,-0.11205977201461792,-0.251553475856781,-0.028569478243866797,-0.06469869613647461,-0.3636972904205322,-0.0446840912851485,0.018339991569519043,-0.3935614228248596,-0.060190269425788756,-0.05524742603302002,-0.36575332283973694,-0.006263943091312285,-0.05725735425949097,-0.5248023271560669,-0.03263366378871524,-0.053542375564575195,-0.6151590943336487,-0.049045709595361586,-0.0472378134727478,-0.6948830485343933,-0.059394439384618636,0.0027086734771728516,-0.3582668602466583,-0.022063240111151572,-0.007021725177764893,-0.5415877997875214,-0.05442289792028987,-0.01431506872177124,-0.6454548537731171,-0.0754794829341563,-0.01687997579574585,-0.7313593924045563,-0.08466630212990367,0.061361849308013916,-0.31949323415756226,-0.04137491218773448,0.03404468297958374,-0.41269928216934204,-0.09642853371826732,-0.009308993816375732,-0.3154865503311157,-0.10555756621090495,-0.03335696458816528,-0.23126810789108276,-0.0935194694253596,0.11355143785476685,-0.2613622546195984,-0.0616048664602431,0.0624660849571228,-0.33255594968795776,-0.10156442008940303,0.005849719047546387,-0.2765507102012634,-0.09885100059238994,-0.030315876007080078,-0.21734917163848877,-0.08708505861488902
U,0.0,0.0,0.0,-0.08020234107971191,-0.09470373392105103,-0.01897557455356491,-0.11642220616340637,-0.2506744861602783,-0.02784989777262581,-0.06812989711761475,-0.3653179407119751,-0.043084889680699234,0.012788176536560059,-0.397848904132843,-0.05750409516747368,-0.06492233276367188,-0.3636195659637451,-0.006595071435526734,-0.0658559799194336,-0.5240169763565063,-0.033426925570324784,-0.05994516611099243,-0.6156177222728729,-0.0502139739995755,-0.05175602436065674,-0.696370393037796,-0.06080801415498627,-0.005999207496643066,-0.3582078814506531,-0.021630078584507828,-0.016297638416290283,-0.5411108136177063,-0.054505921930626755,-0.021634161472320557,-0.6460619866847992,-0.07595781984980476,-0.022021174430847168,-0.7337795197963715,-0.08548154684956444,0.053762853145599365,-0.3219107389450073,-0.040164019942835694,0.028301596641540527,-0.409675270318985,-0.09411750736887825,-0.01343005895614624,-0.3122909665107727,-0.1030779257720269,-0.037880778312683105,-0.22772520780563354,-0.09144560250695122,0.10837537050247192,-0.2668444514274597,-0.05982911217267883,0.05835002660751343,-0.3292399048805237,-0.09858464452679527,0.0021778345108032227,-0.27621209621429443,-0.09662026915009392,-0.035575032234191895,-0.2214953899383545,-0.08582999560292137
U,0.0,0.0,0.0,-0.07790297269821167,-0.09644180536270142,-0.01822387890592836,-0.1135023832321167,-0.2492518424987793,-0.026557444573199973,-0.06320488452911377,-0.3600676655769348,-0.04174277277365945,0.018183112144470215,-0.39215609431266785,-0.05637380199209474,-0.0660858154296875,-0.36400341987609863,-0.004443112739181743,-0.06793969869613647,-0.5227374136447906,-0.031376020029938445,-0.06314200162887573,-0.6156467199325562,-0.04897564740554117,-0.056676268577575684,-0.6961658895015717,-0.060119145528233275,-0.007654309272766113,-0.3576800525188446,-0.02019392976239942,-0.016604244709014893,-0.5384140610694885,-0.05345373319164537,-0.022433221340179443,-0.6440055966377258,-0.0759301045693519,-0.02220851182937622,-0.7330299317836761,-0.08595842959061883,0.05168712139129639,-0.319786012172699,-0.03953769894019388,0.030498743057250977,-0.40154561400413513,-0.09368120969907068,-0.01107555627822876,-0.3061264157295227,-0.10286262722388528,-0.03404688835144043,-0.22348088026046753,-0.0909815737761619,0.10524511337280273,-0.26282578706741333,-0.059954886303103194,0.06614655256271362,-0.32874631881713867,-0.09882503838912271,0.014413416385650635,-0.27343225479125977,-0.09549128355160974,-0.019804716110229492,-0.21519511938095093,-0.08325258733407281
U,0.0,0.0,0.0,-0.07802248001098633,-0.09732383489608765,-0.01953808493874476,-0.11310255527496338,-0.24997305870056152,-0.02933241143784926,-0.06038868427276611,-0.36328035593032837,-0.04611983984671042,0.020473599433898926,-0.39559659361839294,-0.06178795263133452,-0.07369816303253174,-0.36266398429870605,-0.006101868077735162,-0.07736200094223022,-0.5250815153121948,-0.03604646861515448,-0.07191729545593262,-0.6199599206447601,-0.05573890075049803,-0.06449145078659058,-0.7009368240833282,-0.06805430814586089,-0.013877272605895996,-0.35826557874679565,-0.021285838409880853,-0.02527540922164917,-0.5412566065788269,-0.05671019196472571,-0.03177988529205322,-0.6493470668792725,-0.07960447385869429,-0.029310107231140137,-0.7405411899089813,-0.08938643053136275,0.04648482799530029,-0.3217843770980835,-0.04028537958822653,0.026938557624816895,-0.4012221097946167,-0.09242220684848235,-0.015050411224365234,-0.3070831298828125,-0.09711764469705031,-0.035949766635894775,-0.22613954544067383,-0.08185974225364134,0.09992527961730957,-0.2646423578262329,-0.0611652927096884,0.06687319278717041,-0.3303709626197815,-0.09651698633990691,0.021240413188934326,-0.2783077359199524,-0.08980859532914565,-0.0057738423347473145,-0.2231467366218567,-0.07468273207507536
U,0.0,0.0,0.0,-0.07673346996307373,-0.09167969226837158,-0.025189073631452175,-0.11093610525131226,-0.24018216133117676,-0.03680279093413219,-0.056939780712127686,-0.3548332452774048,-0.0541096216681467,0.025376081466674805,-0.3858807682991028,-0.0700119434538351,-0.08058333396911621,-0.3643328547477722,-0.009350381666706653,-0.08325815200805664,-0.5230839252471924,-0.03982920932202205,-0.07866311073303223,-0.6169671714305878,-0.05973609524397716,-0.07218092679977417,-0.6974209845066071,-0.07204938667445049,-0.019551634788513184,-0.3609837293624878,-0.022498458499001117,-0.030486226081848145,-0.5400140285491943,-0.05796290921597347,-0.03545600175857544,-0.6476456820964813,-0.08085835712580547,-0.03179246187210083,-0.740349292755127,-0.09039217221169338,0.04209190607070923,-0.323483407497406,-0.0401340237501131,0.030435800552368164,-0.3969109356403351,-0.09450341748623714,-0.010135114192962646,-0.30336326360702515,-0.1015475167575346,-0.031663477420806885,-0.22654294967651367,-0.08701207476286754,0.09554469585418701,-0.26389116048812866,-0.05986293392805919,0.06718611717224121,-0.326174795627594,-0.09763032185463771,0.026867926120758057,-0.270432710647583,-0.092281773561524,0.005334138870239258,-0.2143031358718872,-0.07732349621682033
U,0.0,0.0,0.0,-0.07715129852294922,-0.0907735824584961,-0.027059316055499494,-0.10817790031433105,-0.23710274696350098,-0.037406321035348356,-0.05013275146484375,-0.35050728917121887,-0.052647645936929166,0.030105412006378174,-0.38832342624664307,-0.06648484559508461,-0.0884542465209961,-0.36105430126190186,-0.009043546745203912,-0.09169238805770874,-0.5220764577388763,-0.03777330310794014,-0.08811956644058228,-0.6184324324131012,-0.05605718062969345,-0.0826340913772583,-0.6991422176361084,-0.06707338930817741,-0.025547385215759277,-0.3592078685760498,-0.020603980289422452,-0.03676950931549072,-0.5381497740745544,-0.05391707213374275,-0.04088938236236572,-0.646795243024826,-0.07655753882380623,-0.036940574645996094,-0.7382709980010986,-0.08628491999360222,0.03747427463531494,-0.3219074606895447,-0.03686139674636024,0.03378009796142578,-0.3916248083114624,-0.09110127331467766,-0.004548609256744385,-0.3025743365287781,-0.10104039253445762,-0.027669966220855713,-0.23035943508148193,-0.08897700847836632,0.09034782648086548,-0.2619709372520447,-0.05504183785768646,0.06958609819412231,-0.3201519846916199,-0.0949826979801287,0.03057241439819336,-0.2641866207122803,-0.09189716668578285,0.006074368953704834,-0.20893573760986328,-0.07843410910817283
U,0.0,0.0,0.0,-0.0765984058380127,-0.08902639150619507,-0.030925991209301174,-0.10283422470092773,-0.23548245429992676,-0.04032444228425902,-0.041573941707611084,-0.3418428599834442,-0.054231919543894946,0.03266465663909912,-0.3799436688423157,-0.06738594939008635,-0.09483808279037476,-0.36749568581581116,-0.007596710892471492,-0.09631228446960449,-0.5222155451774597,-0.03701859359637183,-0.09159862995147705,-0.6186088621616364,-0.05586186070934218,-0.08508628606796265,-0.6976184844970703,-0.06634989400401992,-0.03179651498794556,-0.36151108145713806,-0.018651412995609462,-0.04073011875152588,-0.535964161157608,-0.05279719104066771,-0.0446089506149292,-0.6436385810375214,-0.07605134715333861,-0.04008305072784424,-0.732964277267456,-0.08476281185642165,0.03172004222869873,-0.3192862272262573,-0.0353375302721588,0.03526490926742554,-0.3850696086883545,-0.09396830965772551,0.0008821487426757812,-0.2900122404098511,-0.1062850954104988,-0.019139766693115234,-0.2187206745147705,-0.09374564160600585,0.08404165506362915,-0.25365591049194336,-0.05387595315471572,0.07058966159820557,-0.3123144507408142,-0.09746567179456633,0.03568065166473389,-0.2465936541557312,-0.09428350646987838,0.014854133129119873,-0.1881028413772583,-0.07929766942754668
U,0.0,0.0,0.0,-0.07609546184539795,-0.09368431568145752,-0.03905303692636153,-0.10210949182510376,-0.23219746351242065,-0.05087709715780875,-0.03741985559463501,-0.33272504806518555,-0.06536002746042868,0.032434046268463135,-0.37698912620544434,-0.07844986310419699,-0.10267037153244019,-0.3737052083015442,-0.00887929657665154,-0.10585230588912964,-0.5229575634002686,-0.039878546355339495,-0.10024315118789673,-0.6191027164459229,-0.06135159647283217,-0.0935412049293518,-0.6979644596576691,-0.0735253720563378,-0.03767746686935425,-0.36897996068000793,-0.016432016251656023,-0.04855704307556152,-0.5395978391170502,-0.05185906132874152,-0.05031710863113403,-0.6459113955497742,-0.07621401837286612,-0.045152246952056885,-0.7337750792503357,-0.08476173421558997,0.028365910053253174,-0.32382702827453613,-0.030951495377394167,0.03601759672164917,-0.38166072964668274,-0.09338987907585761,0.005391418933868408,-0.2811462879180908,-0.10738601824459693,-0.014263272285461426,-0.20840609073638916,-0.09428475341019293,0.08215487003326416,-0.25373905897140503,-0.04785869186935088,0.07205593585968018,-0.309292197227478,-0.09690320780691764,0.039649367332458496,-0.2391810417175293,-0.09590176036772391,0.017928719520568848,-0.18029767274856567,-0.08079141667303702
U,0.0,0.0,0.0,-0.07291644811630249,-0.09279704093933105,-0.04722031752442035,-0.09760665893554688,-0.2260921597480774,-0.05894585872863445,-0.03242450952529907,-0.3256928324699402,-0.07095848197911891,0.03215444087982178,-0.37695610523223877,-0.08123287732576046,-0.1133720874786377,-0.37813663482666016,-0.010888196405517192,-0.11621779203414917,-0.5276790857315063,-0.04215168381904277,-0.11001843214035034,-0.6237300038337708,-0.06397807027076396,-0.10427701473236084,-0.7022164463996887,-0.07558947975610408,-0.0499456524848938,-0.37342309951782227,-0.013855531689273448,-0.05908966064453125,-0.5410954356193542,-0.047916060191141696,-0.060997962951660156,-0.6464555859565735,-0.06947847629760417,-0.05844521522521973,-0.732745885848999,-0.07522407348130855,0.014636754989624023,-0.32901906967163086,-0.025587445002543063,0.027858316898345947,-0.3794696033000946,-0.0887323337314001,0.006993353366851807,-0.2804073095321655,-0.10370224888299617,-0.008343279361724854,-0.21582549810409546,-0.09062867040609035,0.06649273633956909,-0.25857430696487427,-0.040457541000591846,0.06745463609695435,-0.3167796730995178,-0.09133665437673244,0.03977698087692261,-0.24034810066223145,-0.09184265310739193,0.018435776233673096,-0.18222004175186157,-0.07747236068223629
U,0.0,0.0,0.0,-0.06813782453536987,-0.08535319566726685,-0.0547486718367054,-0.0920514464378357,-0.21309924125671387,-0.06848097477063675,-0.023059308528900146,-0.31358426809310913,-0.07979207370385666,0.04350847005844116,-0.3711559474468231,-0.08860559645995636,-0.11102384328842163,-0.3723908066749573,-0.023353260717840385,-0.11378258466720581,-0.5251393914222717,-0.05765468511685867,-0.10722851753234863,-0.6233620345592499,-0.0800615463028862,-0.10063093900680542,-0.7043278515338898,-0.09117095801934738,-0.04663580656051636,-0.37569454312324524,-0.02098498377904434,-0.052869200706481934,-0.5423404574394226,-0.05538878846869011,-0.05557596683502197,-0.6482085585594177,-0.07492156956300278,-0.053282320499420166,-0.7353139817714691,-0.07908931259021301,0.016413390636444092,-0.3380889594554901,-0.028091835565419387,0.03559201955795288,-0.38145387172698975,-0.09024548415050049,0.020363152027130127,-0.27969425916671753,-0.10507841292724152,0.008758723735809326,-0.21744972467422485,-0.09177602712020416,0.06965392827987671,-0.2748635411262512,-0.03912031907543678,0.07703328132629395,-0.3249046206474304,-0.08910488221749802,0.05370813608169556,-0.252621054649353,-0.09179632995233078,0.03401052951812744,-0.20017963647842407,-0.07911544177636642
U,0.0,0.0,0.0,-0.06801587343215942,-0.08460628986358643,-0.06288597936577389,-0.0879552960395813,-0.2111302614212036,-0.07983926142401288,-0.01671779155731201,-0.31291961669921875,-0.09252497012562344,0.049319565296173096,-0.375494122505188,-0.10236416215843747,-0.11064642667770386,-0.3762991428375244,-0.030498491775460934,-0.11178368330001831,-0.5291590690612793,-0.06818407232708523,-0.1043044924736023,-0.6305261850357056,-0.09327303821987698,-0.09741127490997314,-0.7133280038833618,-0.1057704260463197,-0.04539299011230469,-0.3800714313983917,-0.024360479962297177,-0.052151501178741455,-0.5472488403320312,-0.061201913457580304,-0.055222153663635254,-0.651874303817749,-0.08071624691433499,-0.053996264934539795,-0.7369770407676697,-0.08389835263437817,0.018990278244018555,-0.3422863483428955,-0.028560931038327908,0.03992515802383423,-0.381858229637146,-0.0932238196844537,0.025006532669067383,-0.2795848250389099,-0.10815125907606671,0.012491583824157715,-0.21884405612945557,-0.09386278147644589,0.0721045732498169,-0.27800726890563965,-0.037364943128295636,0.08182692527770996,-0.3269343972206116,-0.08867652172989438,0.05636495351791382,-0.255582332611084,-0.09131655300802777,0.033867716789245605,-0.20572996139526367,-0.07797801698393414
U,0.0,0.0,0.0,-0.06809812784194946,-0.08701688051223755,-0.06136926392503028,-0.08755320310592651,-0.21443289518356323,-0.07681219781227355,-0.013381123542785645,-0.31477874517440796,-0.08836761618442779,0.05362659692764282,-0.3786125183105469,-0.09691626334972625,-0.110820472240448,-0.3858695328235626,-0.02428740950711017,-0.11185765266418457,-0.537132740020752,-0.05948069820590263,-0.10273998975753784,-0.6380332708358765,-0.08359089995212798,-0.09362083673477173,-0.7196724116802216,-0.09585655982084518,-0.04533189535140991,-0.38684317469596863,-0.018829734422638467,-0.05050903558731079,-0.551722526550293,-0.052523785628750375,-0.052397191524505615,-0.6555183529853821,-0.07087285573072677,-0.049828529357910156,-0.7405427396297455,-0.0738884633261705,0.018230736255645752,-0.34540921449661255,-0.024120015450193932,0.03922826051712036,-0.3840118646621704,-0.0866300215799356,0.025046348571777344,-0.28103452920913696,-0.1007516806799913,0.013553321361541748,-0.2207554578781128,-0.08661599958725219,0.07111096382141113,-0.2770124077796936,-0.03403076658435111,0.08189994096755981,-0.32986247539520264,-0.08478093648739105,0.057082951068878174,-0.25626271963119507,-0.08716358000822311,0.03413105010986328,-0.20548123121261597,-0.07399616891927963
U,0.0,0.0,0.0,-0.06896811723709106,-0.08511966466903687,-0.06827452418315261,-0.0859103798866272,-0.21165508031845093,-0.0861808547090277,-0.0077942609786987305,-0.3119216561317444,-0.09859926638114302,0.061788976192474365,-0.37660151720046997,-0.10751746234404891,-0.1107407808303833,-0.38161808252334595,-0.03278673824775069,-0.11103880405426025,-0.5390603542327881,-0.06892761972653716,-0.10239601135253906,-0.6445176601409912,-0.09289071348416655,-0.093569815158844,-0.7302291989326477,-0.10420428601014464,-0.044440627098083496,-0.3867360055446625,-0.023497492195247105,-0.04807257652282715,-0.555110901594162,-0.05699253839361518,-0.049166321754455566,-0.6669708490371704,-0.07478772488343566,-0.04501962661743164,-0.7570063471794128,-0.07733741042125075,0.01919800043106079,-0.3495213985443115,-0.025410799429891995,0.04512298107147217,-0.3913973569869995,-0.08864177402961104,0.029676079750061035,-0.2856166362762451,-0.10446973529565184,0.0175439715385437,-0.21937155723571777,-0.09058471408593505,0.07348287105560303,-0.2875889539718628,-0.03247008112180083,0.08674132823944092,-0.3407301902770996,-0.08410124120223372,0.06375515460968018,-0.2685893177986145,-0.08808534976947158,0.04353368282318115,-0.2134251594543457,-0.07538239297377913
U,0.0,0.0,0.0,-0.06698507070541382,-0.08529508113861084,-0.06278452631408982,-0.08373594284057617,-0.21382004022598267,-0.07502923515016846,-0.004500448703765869,-0.3122345209121704,-0.08245720323498062,0.06381815671920776,-0.37928396463394165,-0.08634805288488678,-0.11138701438903809,-0.3897908329963684,-0.017241740416238827,-0.10973823070526123,-0.5442832708358765,-0.04804138820941262,-0.09919965267181396,-0.6464824974536896,-0.068394969965766,-0.09024441242218018,-0.7261853516101837,-0.07787002977306656,-0.045135498046875,-0.3900718092918396,-0.009799577112744373,-0.048281967639923096,-0.5584976673126221,-0.03848525863463692,-0.04965323209762573,-0.6640195846557617,-0.05316917952472977,-0.0485767126083374,-0.7489732801914215,-0.053658131326983494,0.018213927745819092,-0.34735947847366333,-0.014259876500318569,0.04487329721450806,-0.3920225203037262,-0.07530813273365311,0.03330087661743164,-0.2853679656982422,-0.09055175241405777,0.019433915615081787,-0.22736001014709473,-0.07699893769199662,0.0718502402305603,-0.27933692932128906,-0.02320978213424496,0.09054762125015259,-0.33691632747650146,-0.07586410250837616,0.06777727603912354,-0.2568129301071167,-0.08103321101839356,0.04087340831756592,-0.20497310161590576,-0.06961506959373764
U,0.0,0.0,0.0,-0.06604772806167603,-0.09053391218185425,-0.06040580604178558,-0.07891130447387695,-0.22432959079742432,-0.06990976665122162,0.0005655288696289062,-0.3232949376106262,-0.07482673261267792,0.06979835033416748,-0.3904281258583069,-0.07632325623137604,-0.10701572895050049,-0.40204107761383057,-0.012522041201123102,-0.10420405864715576,-0.5540785193443298,-0.04310242120129715,-0.094399094581604,-0.6561644673347473,-0.06424988094670425,-0.08565562963485718,-0.7347538471221924,-0.07468834552867065,-0.041349947452545166,-0.39789578318595886,-0.0062219522516215875,-0.04263567924499512,-0.5659501254558563,-0.03321300107938896,-0.04611688852310181,-0.6699722409248352,-0.04683066565496574,-0.04688000679016113,-0.7536379396915436,-0.04718658734066139,0.02178478240966797,-0.35078972578048706,-0.012177505865224703,0.04731094837188721,-0.4012088179588318,-0.07131911847693573,0.034393250942230225,-0.29385703802108765,-0.08549668673379074,0.02052825689315796,-0.2364693284034729,-0.07225799594027649,0.07379955053329468,-0.2767995595932007,-0.02274210039479385,0.0915442705154419,-0.34067344665527344,-0.07610420171124588,0.06643915176391602,-0.2590124011039734,-0.08217635784251343,0.03839331865310669,-0.20597928762435913,-0.07183060828549515
U,0.0,0.0,0.0,-0.0662263035774231,-0.09064507484436035,-0.05803660522008158,-0.07886672019958496,-0.22293514013290405,-0.07002353514337756,-0.0006461739540100098,-0.32200103998184204,-0.0791920408120177,0.0688636302947998,-0.38761991262435913,-0.08575439299249865,-0.105418860912323,-0.4019281268119812,-0.010826908375861422,-0.10205614566802979,-0.5540943741798401,-0.04063803921246745,-0.09103244543075562,-0.653600424528122,-0.06099633718633868,-0.0821637511253357,-0.7315110862255096,-0.07086624051237322,-0.0402979850769043,-0.39765942096710205,-0.0064229833407125625,-0.03918719291687012,-0.5664448440074921,-0.0351609758546374,-0.04026693105697632,-0.6716859638690948,-0.050359154443981424,-0.04111015796661377,-0.7557978928089142,-0.05128161827826716,0.02283012866973877,-0.350944459438324,-0.013626569274606481,0.045807063579559326,-0.3993968367576599,-0.07486381972933032,0.033896446228027344,-0.2927233576774597,-0.08978487397337176,0.020151495933532715,-0.23451495170593262,-0.07625721241140582,0.07480663061141968,-0.2790721654891968,-0.024895795013549105,0.0912940502166748,-0.3436669111251831,-0.07712632263803698,0.06642460823059082,-0.25876766443252563,-0.08097642506265856,0.04001903533935547,-0.20435810089111328,-0.06893510217571475
U,0.0,0.0,0.0,-0.06878602504730225,-0.08862084150314331,-0.053974677300175244,-0.08618569374084473,-0.22212398052215576,-0.0678992908951841,-0.006835758686065674,-0.32062506675720215,-0.08038063762160164,0.06334817409515381,-0.3831467628479004,-0.09065694031687599,-0.10761970281600952,-0.39632466435432434,-0.014863037927170808,-0.1051555871963501,-0.5494675040245056,-0.047713630324324185,-0.0949442982673645,-0.6496765911579132,-0.07017000434370857,-0.08675277233123779,-0.729053258895874,-0.08194781509610038,-0.0407862663269043,-0.3946622312068939,-0.014093072576542909,-0.04122835397720337,-0.563875824213028,-0.04659684417219978,-0.04147481918334961,-0.6696691513061523,-0.06405570027800422,-0.04064035415649414,-0.7561096847057343,-0.06717250910969597,0.02297872304916382,-0.3498539328575134,-0.023961125364621694,0.04513716697692871,-0.3985394239425659,-0.08574857232542854,0.03043466806411743,-0.29396581649780273,-0.09858790454836708,0.015635788440704346,-0.23447567224502563,-0.08456994262905937,0.07617968320846558,-0.2791849970817566,-0.03773671803446632,0.09017521142959595,-0.3399072289466858,-0.08844010946722847,0.0639525055885315,-0.2588229179382324,-0.08998487559529167,0.0370137095451355,-0.20621639490127563,-0.07712711808653694
U,0.0,0.0,0.0,-0.07360345125198364,-0.08472514152526855,-0.05494159615886929,-0.09171760082244873,-0.22448670864105225,-0.06940986371887448,-0.008870124816894531,-0.3230459690093994,-0.08216404325617077,0.06565332412719727,-0.3800303041934967,-0.09289179898155453,-0.10710704326629639,-0.38765743374824524,-0.021035689556129,-0.10313689708709717,-0.5433684587478638,-0.05399683273685696,-0.0912429690361023,-0.6453825831413269,-0.07515829212320568,-0.0828445553779602,-0.7270630300045013,-0.08570525951040509,-0.04020082950592041,-0.3863263726234436,-0.019391918250448725,-0.041624367237091064,-0.5609214305877686,-0.05254552669180157,-0.04124635457992554,-0.669938325881958,-0.06860506690395596,-0.03926098346710205,-0.7605133652687073,-0.07044112838161709,0.02358996868133545,-0.3431044816970825,-0.028015743636615298,0.04425466060638428,-0.3928578794002533,-0.08996525562656643,0.02573627233505249,-0.28790992498397827,-0.10300737775219204,0.009396493434906006,-0.22780609130859375,-0.08890614814413311,0.07744741439819336,-0.276430606842041,-0.040568308600313685,0.09206020832061768,-0.3338211178779602,-0.09064740843427899,0.06175929307937622,-0.2544746398925781,-0.09290046400678875,0.03360623121261597,-0.20351320505142212,-0.08084972358597042
U,0.0,0.0,0.0,-0.07319259643554688,-0.09306913614273071,-0.05133311326983403,-0.08868730068206787,-0.2331368327140808,-0.06530339892390202,-0.005850076675415039,-0.33353137969970703,-0.07899558420660924,0.07100021839141846,-0.3888939321041107,-0.09099796290877293,-0.10067486763000488,-0.38780489563941956,-0.01572302605393361,-0.09551018476486206,-0.544470489025116,-0.04884007077100705,-0.0832526683807373,-0.6467064619064331,-0.07099482293608617,-0.07517778873443604,-0.729416161775589,-0.08259253825428914,-0.03464013338088989,-0.3848632574081421,-0.016432881982950676,-0.034771859645843506,-0.5584384799003601,-0.05113855253341626,-0.03342640399932861,-0.6691116094589233,-0.07045420135739278,-0.031151115894317627,-0.7601182162761688,-0.07460029299738835,0.028598427772521973,-0.3396141529083252,-0.02679591129901837,0.04961270093917847,-0.3917461335659027,-0.08890041585448216,0.030212461948394775,-0.2884782552719116,-0.10220264519932698,0.012865543365478516,-0.22603559494018555,-0.08817563082459401,0.08134585618972778,-0.2708602547645569,-0.040909482793836105,0.09489858150482178,-0.3278065323829651,-0.09071073557618092,0.06339514255523682,-0.2500619888305664,-0.09236971910479497,0.03463864326477051,-0.1967376470565796,-0.07949996616127919
U,0.0,0.0,0.0,-0.0780213475227356,-0.08957052230834961,-0.043716786726122336,-0.10222935676574707,-0.23832237720489502,-0.05406654097021146,-0.021236658096313477,-0.339341402053833,-0.0653814322489552,0.06201314926147461,-0.3862125873565674,-0.07494753815115018,-0.10304462909698486,-0.39106032252311707,-0.014530914201145606,-0.10066932439804077,-0.5512109994888306,-0.04767281778038068,-0.08973723649978638,-0.6557774841785431,-0.06902987725914045,-0.08111286163330078,-0.7401102483272552,-0.08014037676036878,-0.036003947257995605,-0.392808198928833,-0.01857422135651632,-0.04005134105682373,-0.5638849139213562,-0.052405072672968345,-0.04172283411026001,-0.6760536730289459,-0.07108251966417356,-0.039578795433044434,-0.7696768343448639,-0.07535054750621839,0.026577472686767578,-0.35140079259872437,-0.031191332562571006,0.04147440195083618,-0.39545780420303345,-0.08914982743442579,0.01741468906402588,-0.2919386625289917,-0.10023077793300672,0.0009009838104248047,-0.2255018949508667,-0.08595480985820814,0.0795450210571289,-0.281768262386322,-0.04736460216224714,0.08360534906387329,-0.32172614336013794,-0.09163487173498197,0.05167895555496216,-0.24843382835388184,-0.09116204298913999,0.02719670534133911,-0.19699251651763916,-0.07779287762821241
U,0.0,0.0,0.0,-0.08243787288665771,-0.08742368221282959,-0.04033589374944313,-0.10210692882537842,-0.25089651346206665,-0.04774796602055176,-0.01747763156890869,-0.35103392601013184,-0.05701636534854515,0.06542497873306274,-0.3896346092224121,-0.0643879511646901,-0.09794452786445618,-0.3945702314376831,-0.011489446393397884,-0.0955514907836914,-0.5517324805259705,-0.04302863416000946,-0.08656805753707886,-0.6548856198787689,-0.06313760963007553,-0.07807260751724243,-0.7391914427280426,-0.07397900161072357,-0.03193855285644531,-0.3961467146873474,-0.01758976665064438,-0.04138094186782837,-0.5657305121421814,-0.05154620495363815,-0.045626699924468994,-0.6779317259788513,-0.07155526813789947,-0.04181104898452759,-0.7736595571041107,-0.07713178929611786,0.030036509037017822,-0.35550999641418457,-0.03180863720103844,0.04563027620315552,-0.4019438922405243,-0.08817775931879623,0.022440195083618164,-0.2943585515022278,-0.09875095274969681,0.006673634052276611,-0.223594069480896,-0.0846179315142308,0.08436745405197144,-0.28876322507858276,-0.04967260372563942,0.08738309144973755,-0.3218035101890564,-0.09202567127272232,0.05791139602661133,-0.24788832664489746,-0.09134784725233658,0.03573346138000488,-0.19588112831115723,-0.078260105221716
U,0.0,0.0,0.0,-0.09045308828353882,-0.08114713430404663,-0.030687648523098687,-0.12315890192985535,-0.24535095691680908,-0.03786448733831094,-0.05015331506729126,-0.3480715751647949,-0.049279253649956445,0.03346526622772217,-0.3801056146621704,-0.05974417524362252,-0.11095485091209412,-0.381860613822937,-0.011319299879914979,-0.11204662919044495,-0.5449669361114502,-0.04303108872795747,-0.10243645310401917,-0.6506346762180328,-0.06311779441261933,-0.0914871096611023,-0.7367361485958099,-0.07434844197655366,-0.045817673206329346,-0.3829742670059204,-0.02195670613969014,-0.05847674608230591,-0.5565246343612671,-0.05687728868747399,-0.06224024295806885,-0.6703100502490997,-0.07739073010111497,-0.057646870613098145,-0.766197144985199,-0.08445637645149873,0.018387794494628906,-0.34652429819107056,-0.03862567963028596,0.027520358562469482,-0.4016435146331787,-0.09047887446308778,0.0020874738693237305,-0.3021894097328186,-0.09597098799372361,-0.014999151229858398,-0.2273964285850525,-0.08075597854281114,0.07625687122344971,-0.2865302562713623,-0.058638706523424844,0.06901884078979492,-0.32460176944732666,-0.0957878974261348,0.03925293684005737,-0.25176674127578735,-0.09007985861921952,0.01976001262664795,-0.19315409660339355,-0.07477300586128877
U,0.0,0.0,0.0,-0.08801907300949097,-0.07734382152557373,-0.027681172693291956,-0.12833452224731445,-0.2349405288696289,-0.03770260965279704,-0.0641530454158783,-0.3403601050376892,-0.05242494201115733,0.020157277584075928,-0.37475496530532837,-0.0668002561276353,-0.10984116792678833,-0.378386914730072,-0.017939413765589052,-0.11713111400604248,-0.5387037098407745,-0.0492485210841096,-0.11385244131088257,-0.643438994884491,-0.06960356687955027,-0.10948923230171204,-0.7293817400932312,-0.08141620164565211,-0.04304593801498413,-0.375213623046875,-0.030558976212660127,-0.05881121754646301,-0.5514653921127319,-0.06296274518422251,-0.06738722324371338,-0.6661750972270966,-0.08360943650654917,-0.06673181056976318,-0.7622383236885071,-0.09201466744593745,0.022614717483520508,-0.3364422917366028,-0.04773818781427508,0.015709996223449707,-0.38874638080596924,-0.0955841139500535,-0.013832390308380127,-0.2968142628669739,-0.10216359501532679,-0.028403282165527344,-0.22300928831100464,-0.08922238355330592,0.08044761419296265,-0.2756558656692505,-0.06764951055697566,0.05911600589752197,-0.3145560622215271,-0.09996871357611781,0.027254939079284668,-0.24676215648651123,-0.0926052898710168,0.01038205623626709,-0.18702656030654907,-0.07730851029805308
U,0.0,0.0,0.0,-0.08941686153411865,-0.07262057065963745,-0.0296565185228701,-0.13334429264068604,-0.2278989553451538,-0.04040950750209049,-0.07214924693107605,-0.3406084179878235,-0.05538735007144169,0.014104962348937988,-0.3801995515823364,-0.06981138725973324,-0.11344394087791443,-0.37678462266921997,-0.019086910683881797,-0.12337464094161987,-0.5355061888694763,-0.051311368394863166,-0.12103834748268127,-0.639443963766098,-0.07230587889648632,-0.11672839522361755,-0.7258758842945099,-0.0848486631105061,-0.04546216130256653,-0.37543410062789917,-0.030819783259403266,-0.0667218565940857,-0.5486607551574707,-0.06510758240915493,-0.076687753200531,-0.6617030203342438,-0.08645508279300884,-0.07628309726715088,-0.7570404410362244,-0.09511318643785671,0.02139335870742798,-0.33883583545684814,-0.047304047543775596,0.010656356811523438,-0.38939130306243896,-0.09879492064214901,-0.019505023956298828,-0.2907280921936035,-0.10573144098020748,-0.034612417221069336,-0.21319365501403809,-0.09224936207033352,0.08107143640518188,-0.2803078293800354,-0.06650935699440197,0.0549963116645813,-0.3147181272506714,-0.1030211581776257,0.020060479640960693,-0.2399558424949646,-0.0971198513100262,1.7881393432617188e-06,-0.17532527446746826,-0.08206121464468197
U,0.0,0.0,0.0,-0.09515005350112915,-0.06286078691482544,-0.0313440889881349,-0.14534276723861694,-0.21548783779144287,-0.045975680725405255,-0.09218704700469971,-0.3380339741706848,-0.06426919557316069,-0.010999351739883423,-0.3861308693885803,-0.08158076860172514,-0.12447795271873474,-0.37597930431365967,-0.025206231774518528,-0.14222395420074463,-0.5322481989860535,-0.059675216005871334,-0.14456135034561157,-0.6344628632068634,-0.0822432891295648,-0.1431204378604889,-0.7213350236415863,-0.0962607742117143,-0.05591413378715515,-0.37728404998779297,-0.03789386086327795,-0.08432862162590027,-0.5520877540111542,-0.07588852502567534,-0.09755587577819824,-0.6653087437152863,-0.0992711365984178,-0.09984034299850464,-0.7627203464508057,-0.10954412378532652,0.012892484664916992,-0.3432554602622986,-0.055019396619627514,-0.003795832395553589,-0.40033701062202454,-0.11109943248493437,-0.03492182493209839,-0.2957361936569214,-0.11707728661758665,-0.05136978626251221,-0.21374261379241943,-0.10259693421585325,0.07478314638137817,-0.28692495822906494,-0.074723872618506,0.03953593969345093,-0.3287006616592407,-0.11428664930326704,0.0008104443550109863,-0.25064027309417725,-0.10728872873050932,-0.022752225399017334,-0.1821357011795044,-0.09133477814657454
U,0.0,0.0,0.0,-0.09644943475723267,-0.06025707721710205,-0.029234253701758917,-0.14858901500701904,-0.21579748392105103,-0.04267007568199688,-0.09883692860603333,-0.34128397703170776,-0.06024798088986927,-0.021048933267593384,-0.39272183179855347,-0.07716226660926395,-0.1250622570514679,-0.3710458278656006,-0.024520435270858343,-0.14375126361846924,-0.5278291702270508,-0.057623960909438665,-0.14916226267814636,-0.6288801729679108,-0.07913044923265034,-0.15009024739265442,-0.715964287519455,-0.0932451494904285,-0.05626043677330017,-0.37577348947525024,-0.038603105482650335,-0.08487400412559509,-0.554221510887146,-0.07719402098376804,-0.09928199648857117,-0.6717046201229095,-0.10286823743302875,-0.10308235883712769,-0.7726441919803619,-0.11555889332015568,0.013362318277359009,-0.34394627809524536,-0.05655122631509357,-0.004832029342651367,-0.40765446424484253,-0.11266468548495823,-0.037875205278396606,-0.30192887783050537,-0.12019320660550648,-0.05665251612663269,-0.21910160779953003,-0.10789807223994785,0.07447680830955505,-0.29002881050109863,-0.07686639660317951,0.03518649935722351,-0.3284909129142761,-0.1176115208240276,-0.008448153734207153,-0.2532062530517578,-0.1132293128343349,-0.03677773475646973,-0.1882859468460083,-0.1000975602241283
U,0.0,0.0,0.0,-0.09269583225250244,-0.06342655420303345,-0.02770437833765982,-0.14510241150856018,-0.2125416398048401,-0.04353143994609354,-0.09831088781356812,-0.3360658288002014,-0.06431515862146853,-0.02035468816757202,-0.3865773379802704,-0.08423760880629061,-0.1172199547290802,-0.37372639775276184,-0.026102693499126417,-0.13567838072776794,-0.5329281091690063,-0.06011339624325274,-0.14117437601089478,-0.6344029605388641,-0.08159819592634676,-0.1423441469669342,-0.7214109897613525,-0.09513739098707674,-0.04933267831802368,-0.3766952157020569,-0.041964936749138815,-0.07711434364318848,-0.5592208504676819,-0.08189705361525057,-0.0918167233467102,-0.676835298538208,-0.10777141501108645,-0.09760522842407227,-0.7747654616832733,-0.11949842770496844,0.02079203724861145,-0.3435075879096985,-0.0611520481566572,-0.0020349323749542236,-0.40414220094680786,-0.11849596698681353,-0.035906195640563965,-0.2964918613433838,-0.12516793210903643,-0.054663658142089844,-0.2122511863708496,-0.11085298259655474,0.08216866850852966,-0.28774237632751465,-0.08242123921314715,0.04111933708190918,-0.33264029026031494,-0.1219074611822748,-0.002239048480987549,-0.25746631622314453,-0.11463500906626223,-0.028644144535064697,-0.1902855634689331,-0.09858374644915102
U,0.0,0.0,0.0,-0.08978033065795898,-0.06324505805969238,-0.02818362912455541,-0.14362427592277527,-0.21002304553985596,-0.04410133822182161,-0.09792646765708923,-0.3339192867279053,-0.06515689505556566,-0.020321428775787354,-0.38828766345977783,-0.08515077395657045,-0.11474448442459106,-0.3769254982471466,-0.02346131889441949,-0.1336059272289276,-0.5373139083385468,-0.058318632974419415,-0.13930457830429077,-0.6381371319293976,-0.08006989522198182,-0.14079752564430237,-0.7247874736785889,-0.09369211955288392,-0.046774327754974365,-0.3795068562030792,-0.039570036663803876,-0.07515844702720642,-0.5626731216907501,-0.08125365091780168,-0.09128007292747498,-0.6806524097919464,-0.10860828621605378,-0.09846091270446777,-0.7789808511734009,-0.12105525596359712,0.023184508085250854,-0.34565412998199463,-0.05928474230984193,-0.002640336751937866,-0.40668585896492004,-0.11921228779772264,-0.038247913122177124,-0.2968294620513916,-0.12598806185940248,-0.05762377381324768,-0.21191072463989258,-0.11103234751442415,0.08400207757949829,-0.28953105211257935,-0.08114239884832841,0.03811025619506836,-0.33361607789993286,-0.12317425323942643,-0.005016922950744629,-0.2561529874801636,-0.116519580914769,-0.029796600341796875,-0.18864810466766357,-0.10030428631523591
U,0.0,0.0,0.0,-0.09147778153419495,-0.06467366218566895,-0.026949128701062364,-0.14551448822021484,-0.21682190895080566,-0.03986659330007569,-0.09747779369354248,-0.34175774455070496,-0.058188930718870324,-0.019330918788909912,-0.39675360918045044,-0.07553707492229478,-0.11302557587623596,-0.371867299079895,-0.019632505817980928,-0.13386911153793335,-0.5328781008720398,-0.05181253385421769,-0.1405417025089264,-0.6323964595794678,-0.07208026629564301,-0.14219337701797485,-0.7196638882160187,-0.0854390008437349,-0.04677009582519531,-0.37702587246894836,-0.035162564932079476,-0.07693237066268921,-0.5602433085441589,-0.07417478096363084,-0.09496229887008667,-0.6769154667854309,-0.10077836793539063,-0.10185873508453369,-0.7765408456325531,-0.11396656614419953,0.02130305767059326,-0.3451346158981323,-0.05434224438545243,-0.004634857177734375,-0.4167911410331726,-0.11218482684967057,-0.0419028103351593,-0.30676716566085815,-0.11898425650474564,-0.06126055121421814,-0.22038984298706055,-0.10537679922458665,0.08203497529029846,-0.2908920645713806,-0.07578354012844102,0.03779253363609314,-0.3404102325439453,-0.11826290619251267,-0.008855074644088745,-0.2656310796737671,-0.11373174619552628,-0.03720372915267944,-0.19809722900390625,-0.09990206789848344
U,0.0,0.0,0.0,-0.09531855583190918,-0.06817626953125,-0.02552592784297758,-0.14901414513587952,-0.21890360116958618,-0.03904757119846636,-0.10176151990890503,-0.3446493446826935,-0.05826499156785303,-0.023059099912643433,-0.39403194189071655,-0.07625048823786074,-0.11931979656219482,-0.3644960820674896,-0.020769369156482753,-0.14205899834632874,-0.5283532738685608,-0.054384792522910175,-0.14938858151435852,-0.6286033987998962,-0.07482052810621553,-0.1508333384990692,-0.713977038860321,-0.08758799947929674,-0.053095877170562744,-0.372700572013855,-0.03647854767871195,-0.08767035603523254,-0.5592308640480042,-0.07641171880197817,-0.10456320643424988,-0.674308568239212,-0.10184933461380297,-0.10993030667304993,-0.7698977291584015,-0.11325954117012316,0.015705853700637817,-0.3439188003540039,-0.05560270540547663,-0.012639135122299194,-0.40956011414527893,-0.11227945454550081,-0.048809707164764404,-0.3033466935157776,-0.11777648545933062,-0.06775632500648499,-0.21677273511886597,-0.10286493070555025,0.0764341652393341,-0.29244107007980347,-0.07699483849239641,0.0338473916053772,-0.34155574440956116,-0.11599458225202852,-0.011152118444442749,-0.27152538299560547,-0.10909898795318895,-0.03936570882797241,-0.2049269676208496,-0.09353804059458071
U,0.0,0.0,0.0,-0.0955628752708435,-0.07251918315887451,-0.02204956719532447,-0.14704713225364685,-0.22320711612701416,-0.03359824651732879,-0.09944242238998413,-0.34627199172973633,-0.05147202918186622,-0.022550970315933228,-0.3947218060493469,-0.06874942267194228,-0.11699977517127991,-0.3654749393463135,-0.016375931444315484,-0.13870224356651306,-0.5284360647201538,-0.04805667186036544,-0.14608079195022583,-0.629459410905838,-0.06789519125476318,-0.14948752522468567,-0.7155213952064514,-0.08036528015389877,-0.051164716482162476,-0.3724638521671295,-0.0331055731500669,-0.08484035730361938,-0.5608698278665543,-0.07030026102319198,-0.10144132375717163,-0.6738597750663757,-0.09490917855754333,-0.10875225067138672,-0.7672399878501892,-0.10600894177213149,0.017593741416931152,-0.342854380607605,-0.05299556115522819,-0.009218275547027588,-0.40986743569374084,-0.10736043983951049,-0.04562416672706604,-0.3070540428161621,-0.11425457382455306,-0.0662992000579834,-0.2223414182662964,-0.1009325929905458,0.07751226425170898,-0.2905672788619995,-0.07469155127063232,0.036435723304748535,-0.34066396951675415,-0.11193893337502914,-0.009854435920715332,-0.27372294664382935,-0.10521443420901733,-0.04116138815879822,-0.2098483443260193,-0.0903672003175302
U,0.0,0.0,0.0,-0.0980660617351532,-0.06746768951416016,-0.027173060110783354,-0.1507340967655182,-0.21965360641479492,-0.041457318819141165,-0.10383901000022888,-0.34829917550086975,-0.06082990498003937,-0.026029884815216064,-0.3969910740852356,-0.07913848490176179,-0.12190410494804382,-0.361481249332428,-0.023406076363301054,-0.14187577366828918,-0.5255458950996399,-0.059233081645345464,-0.14854636788368225,-0.6314789354801178,-0.08272932202277161,-0.15257790684700012,-0.7203587591648102,-0.09780879051146485,-0.05539420247077942,-0.3710014820098877,-0.039482222056960836,-0.08960801362991333,-0.5760770589113235,-0.08111841709074952,-0.10605725646018982,-0.7044816315174103,-0.10908161581215836,-0.11324694752693176,-0.8124853074550629,-0.12231059849915482,0.013785868883132935,-0.34064045548439026,-0.05879036814627625,-0.009684354066848755,-0.41196393966674805,-0.11613638431487061,-0.04871794581413269,-0.3118114471435547,-0.12265220016894318,-0.07279196381568909,-0.229101300239563,-0.10829648853001572,0.07419565320014954,-0.28580039739608765,-0.08040582121071793,0.03563973307609558,-0.33995699882507324,-0.11963713646588303,-0.0074093639850616455,-0.2744436264038086,-0.11185601831135727,-0.036470115184783936,-0.21109497547149658,-0.09577044577059723
U,0.0,0.0,0.0,-0.10050904750823975,-0.08246493339538574,-0.02374169258951042,-0.1501714587211609,-0.23320001363754272,-0.03399628615557049,-0.09941375255584717,-0.36158260703086853,-0.05118799424349163,-0.018590718507766724,-0.41042882204055786,-0.06766723311125133,-0.12652572989463806,-0.36816978454589844,-0.007296514982272129,-0.1463811993598938,-0.5316277742385864,-0.03949104091702793,-0.15269267559051514,-0.6334732472896576,-0.0613378233331332,-0.15622073411941528,-0.7202125489711761,-0.07525974726854656,-0.06113433837890625,-0.37582966685295105,-0.02316386839925144,-0.0929202139377594,-0.565995991230011,-0.060097126575101356,-0.1127254068851471,-0.6758028864860535,-0.08512979960619305,-0.12313532829284668,-0.7658485770225525,-0.09629263198553417,0.007136732339859009,-0.34673452377319336,-0.0435155614334235,-0.00934070348739624,-0.417324036359787,-0.09896561718164776,-0.0448894202709198,-0.31711429357528687,-0.10690582758365963,-0.06509348750114441,-0.2349330186843872,-0.09349943912206982,0.06653070449829102,-0.29229575395584106,-0.06611389881550167,0.037190139293670654,-0.3493901491165161,-0.1034019387382159,-0.0015165507793426514,-0.28260141611099243,-0.0965895152705798,-0.025424808263778687,-0.21752405166625977,-0.08123257970987652
U,0.0,0.0,0.0,-0.09876155853271484,-0.07680469751358032,-0.023858443144888497,-0.14763161540031433,-0.22933709621429443,-0.03357724497112713,-0.09740567207336426,-0.35963261127471924,-0.04959911877307377,-0.01521328091621399,-0.408512681722641,-0.06503019506129704,-0.1290108561515808,-0.3662306070327759,-0.007491335515112496,-0.1453706920146942,-0.5263611972332001,-0.03835799941811047,-0.1496461033821106,-0.6281836926937103,-0.05941874930653057,-0.15304780006408691,-0.7143051624298096,-0.07298755669984303,-0.06199347972869873,-0.3746011257171631,-0.022716429326862908,-0.09115511178970337,-0.5637754648923874,-0.05695339316520176,-0.10919949412345886,-0.6736034452915192,-0.08079119050893269,-0.11921632289886475,-0.7656763792037964,-0.09181843722257099,0.006532788276672363,-0.34564709663391113,-0.042487714681954,-0.004671186208724976,-0.4158587157726288,-0.09623322660121403,-0.040761590003967285,-0.3178268373012543,-0.10608461523446522,-0.06359359622001648,-0.23883259296417236,-0.09473983222636662,0.06601643562316895,-0.29179948568344116,-0.06422905648145161,0.039945125579833984,-0.3467281460762024,-0.10177550489100895,0.002004683017730713,-0.2783913016319275,-0.09709248716029606,-0.024067699909210205,-0.2134239673614502,-0.08370441222581348
U,0.0,0.0,0.0,-0.09736490249633789,-0.07923465967178345,-0.022860568888177113,-0.14457997679710388,-0.22777092456817627,-0.03192992036758824,-0.09157800674438477,-0.3535742461681366,-0.047693788014044,-0.013853967189788818,-0.40353456139564514,-0.06307039310752316,-0.12797126173973083,-0.36221906542778015,-0.005614763531525568,-0.14423596858978271,-0.5205609202384949,-0.03714260359822674,-0.14755374193191528,-0.6224084198474884,-0.059123366079916195,-0.15081757307052612,-0.709220826625824,-0.0728862871748106,-0.061876118183135986,-0.3716217279434204,-0.02106906933306618,-0.09054455161094666,-0.5582016557455063,-0.05513380368768139,-0.10590985417366028,-0.66717129945755,-0.07853380491553708,-0.11412465572357178,-0.7574311792850494,-0.08882703532992764,0.006514608860015869,-0.34336036443710327,-0.041216793410171704,-0.0069359540939331055,-0.41096508502960205,-0.09559865941821499,-0.0362776517868042,-0.31126418709754944,-0.10476430406390591,-0.053203076124191284,-0.23031246662139893,-0.09217369457303448,0.06697076559066772,-0.29030126333236694,-0.06329537083922787,0.04063308238983154,-0.34176984429359436,-0.10104494442759915,0.005020856857299805,-0.2731455862522125,-0.09558298339663907,-0.018665432929992676,-0.20818650722503662,-0.08108215679942532
U,0.0,0.0,0.0,-0.09429880976676941,-0.08600890636444092,-0.02281339646390279,-0.13481682538986206,-0.23379600048065186,-0.03251769946029981,-0.07946613430976868,-0.35766708850860596,-0.04898868681004842,-0.002254188060760498,-0.40554386377334595,-0.06520313949397405,-0.12095105648040771,-0.35888156294822693,-0.006946847709627946,-0.13829660415649414,-0.5185776650905609,-0.038343464891227086,-0.1428253948688507,-0.6197188794612885,-0.05998996079972585,-0.1453283429145813,-0.7051088213920593,-0.0735047552090009,-0.05651414394378662,-0.3656521737575531,-0.022528681839617093,-0.0844559371471405,-0.5508160591125488,-0.057396752695353825,-0.10065731406211853,-0.6595100164413452,-0.08187019259742101,-0.10828182101249695,-0.7479961812496185,-0.09295261831096013,0.011280834674835205,-0.3363970220088959,-0.04248272807410558,0.003916919231414795,-0.40703803300857544,-0.09681060344985326,-0.028093993663787842,-0.30947837233543396,-0.10597331256678899,-0.04709804058074951,-0.22910970449447632,-0.09359061897805532,0.0702672004699707,-0.28231003880500793,-0.06437099904826482,0.04812121391296387,-0.3392682373523712,-0.10229816467574437,0.013399124145507812,-0.271840363740921,-0.09639477164557775,-0.008563458919525146,-0.2061063051223755,-0.0814272183280309
U,0.0,0.0,0.0,-0.09480968117713928,-0.0849655270576477,-0.024207357193688495,-0.1329701542854309,-0.23705625534057617,-0.03259486506448184,-0.07535794377326965,-0.3555171489715576,-0.04742603922949229,-0.0008580684661865234,-0.4013327360153198,-0.061843210707763774,-0.12024304270744324,-0.3616144359111786,-0.005270831163386447,-0.1353422999382019,-0.5204803943634033,-0.03528192813263331,-0.14005687832832336,-0.621720016002655,-0.055454691748479945,-0.14286234974861145,-0.7064230740070343,-0.06788155610428248,-0.054923444986343384,-0.3664150834083557,-0.019906004767278773,-0.07967916131019592,-0.5443007946014404,-0.054504847030500514,-0.09750029444694519,-0.650738537311554,-0.07878390873537455,-0.10594832897186279,-0.7375738620758057,-0.08931377704010401,0.013521015644073486,-0.33564770221710205,-0.03923103387222682,0.009204983711242676,-0.40524810552597046,-0.09373738790617381,-0.022397518157958984,-0.3075476288795471,-0.10292339498863612,-0.04071706533432007,-0.22839510440826416,-0.09018763328657542,0.07343333959579468,-0.2812627851963043,-0.06057552422151957,0.05138576030731201,-0.336378812789917,-0.09866421843634043,0.01701533794403076,-0.27082008123397827,-0.09298669720755015,-0.003959774971008301,-0.20887231826782227,-0.07784859264955912
U,0.0,0.0,0.0,-0.09307068586349487,-0.08444750308990479,-0.025673342572758884,-0.12795084714889526,-0.23663079738616943,-0.035523807334016055,-0.0656999945640564,-0.351605087518692,-0.05102166690141985,0.0070059895515441895,-0.3979412317276001,-0.06578879587561914,-0.12135183811187744,-0.3571014404296875,-0.010232347699115962,-0.13127392530441284,-0.5123626440763474,-0.042494849937270374,-0.1333101987838745,-0.6151143014431,-0.06509879760653803,-0.1352938413619995,-0.70167276263237,-0.07920205377251932,-0.05581137537956238,-0.36418694257736206,-0.025440774562071056,-0.07864156365394592,-0.5524978488683701,-0.0633024626246197,-0.0912945568561554,-0.6792241036891937,-0.09114015631587336,-0.09481698274612427,-0.7877168953418732,-0.10414507024199793,0.013239383697509766,-0.3328798711299896,-0.044991960453103275,0.013966858386993408,-0.3995107412338257,-0.1020844706168873,-0.016798317432403564,-0.30257710814476013,-0.11196408204943964,-0.03658491373062134,-0.22401249408721924,-0.09890528552443811,0.07436347007751465,-0.2772555649280548,-0.06657067470462152,0.05506110191345215,-0.33114540576934814,-0.1073521577587826,0.02056121826171875,-0.2652241587638855,-0.10150159679562876,-0.003826320171356201,-0.20396721363067627,-0.08577858440787622
U,0.0,0.0,0.0,-0.09168857336044312,-0.09669721126556396,-0.025110632745679595,-0.12577897310256958,-0.24480336904525757,-0.032738673133906104,-0.06433957815170288,-0.35703176259994507,-0.04718061779266236,0.0077492594718933105,-0.40473461151123047,-0.06127614770656464,-0.12363925576210022,-0.3665318489074707,0.00032139245314510845,-0.13620486855506897,-0.5200544893741608,-0.02967898045307038,-0.14023858308792114,-0.6196204423904419,-0.05192259196763871,-0.1417241096496582,-0.7048845887184143,-0.06625094507461426,-0.06005436182022095,-0.3707737326622009,-0.014360162062700965,-0.07963898777961731,-0.5374810695648193,-0.04934571926122544,-0.09363606572151184,-0.6427479982376099,-0.07526380811458466,-0.09840667247772217,-0.7303818166255951,-0.08720444385534165,0.00811070203781128,-0.3386165499687195,-0.03458259869938729,0.011967003345489502,-0.4071542024612427,-0.09192924444204209,-0.01618778705596924,-0.305877149105072,-0.10303388778692124,-0.031492531299591064,-0.22453123331069946,-0.09082254265075562,0.06791442632675171,-0.28197532892227173,-0.05698072780495522,0.05092436075210571,-0.3383323848247528,-0.09976531807905076,0.01899164915084839,-0.2714806795120239,-0.09691239391094086,0.001353442668914795,-0.20879822969436646,-0.08282348011260865
U,0.0,0.0,0.0,-0.08873987197875977,-0.08742809295654297,-0.029182144074979988,-0.12048590183258057,-0.23814237117767334,-0.03872915413910505,-0.056408464908599854,-0.3487941324710846,-0.05350775328213331,0.015166401863098145,-0.3910110294818878,-0.06724134144121763,-0.12170284986495972,-0.361045777797699,-0.0075617531382476955,-0.13160771131515503,-0.5116051733493805,-0.038669895946327415,-0.13336658477783203,-0.6120770871639252,-0.06120847594672796,-0.13450887799263,-0.6962512731552124,-0.07560052779251691,-0.05625104904174805,-0.36656197905540466,-0.02067277450794336,-0.0758671760559082,-0.5409741699695587,-0.05637054574424383,-0.0876360535621643,-0.6593733429908752,-0.08283208367163297,-0.09096169471740723,-0.7616881430149078,-0.09523194339806196,0.013047575950622559,-0.3329131603240967,-0.039184772043768135,0.02168363332748413,-0.40406525135040283,-0.09643725362354871,-0.007427334785461426,-0.3031371533870697,-0.10768450108105299,-0.026453673839569092,-0.22270488739013672,-0.0954386821084654,0.07403653860092163,-0.2736550569534302,-0.06000481229955312,0.0605851411819458,-0.3246895670890808,-0.10362241473728773,0.028147637844085693,-0.2596244215965271,-0.10145738032395002,0.005796074867248535,-0.20082426071166992,-0.08775014486843702
