label,x0,y0,z0,x1,y1,z1,x2,y2,z2,x3,y3,z3,x4,y4,z4,x5,y5,z5,x6,y6,z6,x7,y7,z7,x8,y8,z8,x9,y9,z9,x10,y10,z10,x11,y11,z11,x12,y12,z12,x13,y13,z13,x14,y14,z14,x15,y15,z15,x16,y16,z16,x17,y17,z17,x18,y18,z18,x19,y19,z19,x20,y20,z20
V,0.0,0.0,0.0,-0.0641556978225708,-0.06851905584335327,-0.06545825315697584,-0.07565474510192871,-0.17769503593444824,-0.09387066228373442,0.004611968994140625,-0.256325364112854,-0.11748846633417998,0.07380396127700806,-0.3090827465057373,-0.13710907859785948,-0.0866098403930664,-0.341039776802063,-0.059331793469027616,-0.11089831590652466,-0.4991109073162079,-0.09968475265486632,-0.11927098035812378,-0.5989948213100433,-0.12172425551398192,-0.1259266436100006,-0.6837998926639557,-0.13378126187308226,-0.018289387226104736,-0.3489372134208679,-0.05475460005982313,0.004001021385192871,-0.5129426717758179,-0.09588666273339186,0.02345144748687744,-0.6215130090713501,-0.11616304529889021,0.0413738489151001,-0.7104153633117676,-0.12215483201725874,0.03665816783905029,-0.3096264600753784,-0.05836379913671408,0.065970778465271,-0.3310176134109497,-0.11848636729700956,0.043071627616882324,-0.23467880487442017,-0.1288312749384204,0.025055646896362305,-0.18083441257476807,-0.11562027050240431,0.08119738101959229,-0.24548059701919556,-0.06735476864560042,0.10351639986038208,-0.2726626396179199,-0.11337054533942137,0.07716649770736694,-0.2053653597831726,-0.1133600400207797,0.04905349016189575,-0.1592068076133728,-0.10075498385413084
V,0.0,0.0,0.0,-0.0640459656715393,-0.06720435619354248,-0.06672365720737616,-0.07677066326141357,-0.17529642581939697,-0.09760810937154929,0.00227200984954834,-0.25533366203308105,-0.12402651216257254,0.07076507806777954,-0.31188464164733887,-0.1467697223590676,-0.08720928430557251,-0.3390246033668518,-0.059620836185104054,-0.11260524392127991,-0.4952964782714844,-0.10217436160314719,-0.12112650275230408,-0.5973101258277893,-0.12565459813345115,-0.1276608109474182,-0.6828117966651917,-0.13860790933836142,-0.01962369680404663,-0.34634697437286377,-0.05539147313106696,0.004038631916046143,-0.5108191967010498,-0.10115814711321036,0.02518683671951294,-0.621651828289032,-0.12308659161794822,0.04446864128112793,-0.7128555774688721,-0.1288847526477639,0.03648906946182251,-0.30676937103271484,-0.059395292209273975,0.06639933586120605,-0.32689982652664185,-0.12433726842868964,0.03922373056411743,-0.22762036323547363,-0.13292231168020407,0.01836216449737549,-0.17414379119873047,-0.11713407690990607,0.08126109838485718,-0.24220114946365356,-0.06865326072443168,0.10030966997146606,-0.2676839232444763,-0.11823995913732688,0.06993401050567627,-0.1953411102294922,-0.11684114243257682,0.04060333967208862,-0.15150153636932373,-0.10225433613527457
V,0.0,0.0,0.0,-0.06268894672393799,-0.06682693958282471,-0.06613838368377856,-0.07417827844619751,-0.17279624938964844,-0.09642370485983065,0.004301607608795166,-0.25107669830322266,-0.12218232148609331,0.07244879007339478,-0.30323684215545654,-0.14404948496542147,-0.08467215299606323,-0.33497780561447144,-0.05998253890595606,-0.11073270440101624,-0.4906958341598511,-0.1018443449708002,-0.11967438459396362,-0.5923974812030792,-0.12440440499506167,-0.12657493352890015,-0.6774781942367554,-0.13674296879491976,-0.01765376329421997,-0.34394317865371704,-0.055905864325382026,0.0036049485206604004,-0.507775068283081,-0.10040387952051333,0.025245070457458496,-0.6175738871097565,-0.12120181762895754,0.04512143135070801,-0.7068072855472565,-0.12638080560884646,0.03815567493438721,-0.3058859705924988,-0.05999191173634699,0.07009869813919067,-0.3243013620376587,-0.1231288953991907,0.04439651966094971,-0.2257155179977417,-0.13127929413042239,0.023069024085998535,-0.17123836278915405,-0.1155014231177347,0.08330941200256348,-0.24251943826675415,-0.06949874454460314,0.1056675910949707,-0.26409751176834106,-0.11767238819322756,0.07718861103057861,-0.19328069686889648,-0.11656667732916048,0.047182321548461914,-0.1489352583885193,-0.10245682739935091
V,0.0,0.0,0.0,-0.06477737426757812,-0.06817507743835449,-0.06393819005131718,-0.07747024297714233,-0.18062007427215576,-0.09290178568005558,0.003005683422088623,-0.2608494162559509,-0.11785314679980274,0.07365518808364868,-0.3100408911705017,-0.13933419884085652,-0.08675193786621094,-0.3399030566215515,-0.056992520400285684,-0.11327031254768372,-0.49679023027420044,-0.09903994650483128,-0.12258246541023254,-0.5991328656673431,-0.12272015661835667,-0.13049393892288208,-0.6847209334373474,-0.13598932028651234,-0.01877075433731079,-0.345877468585968,-0.05396244377732273,0.00514066219329834,-0.5109431147575378,-0.09886978269457813,0.025682151317596436,-0.6224079132080078,-0.12064061016678806,0.04383009672164917,-0.7145118117332458,-0.12652153969645497,0.03735506534576416,-0.30584919452667236,-0.058912173666954004,0.06745916604995728,-0.32800787687301636,-0.1217226728880405,0.03958582878112793,-0.2304973006248474,-0.1293957054698467,0.017765462398529053,-0.17641568183898926,-0.11342802346587177,0.08237993717193604,-0.24112039804458618,-0.06914929748415943,0.1023682951927185,-0.26469504833221436,-0.11674086452364918,0.07262557744979858,-0.19403785467147827,-0.11458167881608006,0.04350876808166504,-0.15076744556427002,-0.09976388961911198
V,0.0,0.0,0.0,-0.06334668397903442,-0.06581896543502808,-0.06769163213436968,-0.07492607831954956,-0.17302274703979492,-0.09847087464993365,0.004862725734710693,-0.25049400329589844,-0.1241731052822388,0.07391393184661865,-0.3047463297843933,-0.14582719705765612,-0.08647483587265015,-0.33600735664367676,-0.06106389365857012,-0.11308133602142334,-0.4926909804344177,-0.10343813948099978,-0.12184387445449829,-0.5958483815193176,-0.12664701841538317,-0.12865766882896423,-0.6816194653511047,-0.1395679791993416,-0.019420921802520752,-0.3434515595436096,-0.0560903070098675,0.004560708999633789,-0.5084779858589172,-0.10128887049620516,0.02644437551498413,-0.6186778843402863,-0.12230783752863772,0.046258389949798584,-0.7104794681072235,-0.1276704897708214,0.035064637660980225,-0.3044319152832031,-0.05951564438407786,0.06866991519927979,-0.32406145334243774,-0.12359260074561007,0.042512357234954834,-0.22419416904449463,-0.13150879047577746,0.02041548490524292,-0.17227768898010254,-0.11558589391177065,0.07924813032150269,-0.2407194972038269,-0.06838797084753878,0.10259109735488892,-0.2644697427749634,-0.1176299905008591,0.0736379623413086,-0.19207990169525146,-0.11651979438727267,0.042467713356018066,-0.14977425336837769,-0.10243936680024035
V,0.0,0.0,0.0,-0.06571406126022339,-0.0669252872467041,-0.06277212256213716,-0.07837450504302979,-0.17734956741333008,-0.0927468215825229,0.0018710494041442871,-0.25690311193466187,-0.11905921751281312,0.0717049241065979,-0.3088170289993286,-0.14195094758292726,-0.08955597877502441,-0.33962762355804443,-0.05811520421525529,-0.11457288265228271,-0.49871766567230225,-0.09950324648639253,-0.12373614311218262,-0.6015077233314514,-0.12235770875236085,-0.1310480833053589,-0.6868734061717987,-0.1349996303918033,-0.021207094192504883,-0.344865620136261,-0.05624370777627519,0.0036793947219848633,-0.5118618011474609,-0.10146350914260438,0.0251922607421875,-0.6250849962234497,-0.12393967562934449,0.044372618198394775,-0.7184717953205109,-0.13051047676822236,0.035649120807647705,-0.3042619824409485,-0.06183272728344491,0.06296968460083008,-0.3280937671661377,-0.1238001486065059,0.03614276647567749,-0.23128539323806763,-0.13099752122184327,0.014836251735687256,-0.17745453119277954,-0.1153569495083957,0.081759512424469,-0.23964715003967285,-0.07259484881183198,0.09979808330535889,-0.26918303966522217,-0.11857521289607575,0.07092660665512085,-0.19990181922912598,-0.1146354203822284,0.0421983003616333,-0.15608173608779907,-0.09898061805984071
V,0.0,0.0,0.0,-0.06486773490905762,-0.06741583347320557,-0.06243548998645565,-0.0787116289138794,-0.1792752742767334,-0.09216134334019443,0.001269698143005371,-0.2590258717536926,-0.11820577913931629,0.07185506820678711,-0.3118911385536194,-0.14107081377915165,-0.08911985158920288,-0.33964234590530396,-0.05918057346752903,-0.11456036567687988,-0.4982372224330902,-0.10165839726141712,-0.1231163740158081,-0.6003001630306244,-0.12535305405071995,-0.13058871030807495,-0.6853738129138947,-0.13889119112900516,-0.02075105905532837,-0.3454345464706421,-0.05743890712074062,0.0030158162117004395,-0.5134691596031189,-0.10282080704382679,0.02261507511138916,-0.6236443221569061,-0.12540544653347752,0.03985130786895752,-0.7150668501853943,-0.13241683030537388,0.03533369302749634,-0.30416417121887207,-0.06309302980116627,0.06208479404449463,-0.3294547200202942,-0.12527585113457462,0.03590422868728638,-0.233173668384552,-0.13324359143189213,0.015953779220581055,-0.1818597912788391,-0.11867631310633442,0.08094286918640137,-0.23817527294158936,-0.07380309784821293,0.09709900617599487,-0.26610004901885986,-0.1218816720884206,0.06762975454330444,-0.19511091709136963,-0.11982143009117863,0.03883659839630127,-0.1518692970275879,-0.1056158103983762
V,0.0,0.0,0.0,-0.06633967161178589,-0.07013273239135742,-0.06584569323536016,-0.07872694730758667,-0.18184667825698853,-0.09342763084646322,0.0019986629486083984,-0.26169639825820923,-0.11607875931736089,0.07158994674682617,-0.3138201832771301,-0.13506278652425863,-0.09141069650650024,-0.3411925435066223,-0.05653429288145162,-0.11682525277137756,-0.49869686365127563,-0.09731787699934102,-0.12595868110656738,-0.6003143489360809,-0.12032039720293142,-0.133905827999115,-0.6850551962852478,-0.13307279605146505,-0.023945987224578857,-0.34640932083129883,-0.052391881828270925,-0.0017824769020080566,-0.5153491199016571,-0.09455766785617925,0.01808035373687744,-0.6249319016933441,-0.11526280153270818,0.0357203483581543,-0.7144917249679565,-0.12089055288311101,0.03142803907394409,-0.30492472648620605,-0.05670206505533315,0.06089431047439575,-0.3291777968406677,-0.11812030780788518,0.034834206104278564,-0.23328536748886108,-0.12773002940889455,0.013411879539489746,-0.18306154012680054,-0.11379502970453359,0.07599586248397827,-0.23860716819763184,-0.06638625520940877,0.09609037637710571,-0.26912474632263184,-0.11379906046863653,0.06755512952804565,-0.19918084144592285,-0.11254041898723699,0.0370945930480957,-0.15601110458374023,-0.09886501986261464
V,0.0,0.0,0.0,-0.06406521797180176,-0.07055264711380005,-0.062028578502690834,-0.07531088590621948,-0.17972230911254883,-0.09150393588618044,0.004838228225708008,-0.25949740409851074,-0.11765758229569201,0.07502973079681396,-0.31323421001434326,-0.14060572071150546,-0.08879274129867554,-0.3386288285255432,-0.05689766911939387,-0.1135019063949585,-0.49536314606666565,-0.09821237905100588,-0.12306001782417297,-0.5974134802818298,-0.12175479812697176,-0.1315469741821289,-0.6826598942279816,-0.13542862517908816,-0.021056175231933594,-0.34628599882125854,-0.0551651073820949,0.0013099312782287598,-0.5136920809745789,-0.09800415022448306,0.020220398902893066,-0.6234303116798401,-0.11974081678465609,0.03654760122299194,-0.7115541696548462,-0.12691374404505495,0.03467506170272827,-0.30541330575942993,-0.0610959409006,0.06312596797943115,-0.33237624168395996,-0.12079166902378802,0.03972262144088745,-0.2394542694091797,-0.12934792323187594,0.020051002502441406,-0.18788307905197144,-0.1159745259411693,0.07916265726089478,-0.2389622926712036,-0.07220101637915377,0.09864848852157593,-0.2708966135978699,-0.1175590409167171,0.07053214311599731,-0.20341145992279053,-0.11580311043337588,0.040557682514190674,-0.1602826714515686,-0.10267407728508715
V,0.0,0.0,0.0,-0.06544768810272217,-0.06936931610107422,-0.0632387202681457,-0.07777523994445801,-0.17800307273864746,-0.09195392844094386,0.0020704269409179688,-0.2584841847419739,-0.11685114619149317,0.07156658172607422,-0.31241369247436523,-0.1382865187229072,-0.0895012617111206,-0.3369665741920471,-0.055950789570943016,-0.11521416902542114,-0.4936249256134033,-0.09713190314187159,-0.12473079562187195,-0.5957136154174805,-0.12036794689311137,-0.1330089569091797,-0.6812390685081482,-0.13353072372092356,-0.022379517555236816,-0.34545594453811646,-0.053179214567080635,-0.0008125901222229004,-0.5131535828113556,-0.09571147975339045,0.01872330904006958,-0.6230868995189667,-0.11672959741963496,0.035921335220336914,-0.7118462920188904,-0.12291383263482203,0.032586753368377686,-0.30634820461273193,-0.058452772766486305,0.06172311305999756,-0.3328421115875244,-0.11893429127349009,0.03860992193222046,-0.23862594366073608,-0.12733501461161723,0.019239068031311035,-0.1868179440498352,-0.11300737676037897,0.07707762718200684,-0.24196797609329224,-0.06896644350899805,0.09800362586975098,-0.2742363214492798,-0.11464809891594996,0.07075351476669312,-0.20539259910583496,-0.11256716665639033,0.041280508041381836,-0.16145795583724976,-0.09872093316926112
V,0.0,0.0,0.0,-0.06752723455429077,-0.06770718097686768,-0.06335795719121506,-0.08140194416046143,-0.18164414167404175,-0.09010083276723435,-0.002196669578552246,-0.26565831899642944,-0.1127738361427646,0.06773597002029419,-0.32000672817230225,-0.1320844148466449,-0.09457266330718994,-0.34319251775741577,-0.052418277151332404,-0.12024438381195068,-0.5011686682701111,-0.0912412335345607,-0.1295369267463684,-0.6026686429977417,-0.11299940247033646,-0.1379023790359497,-0.6872955858707428,-0.12520058501456788,-0.02741837501525879,-0.3492896556854248,-0.049189296103463676,-0.004840731620788574,-0.5174758434295654,-0.09049169767592957,0.01366281509399414,-0.6274503469467163,-0.11134803343509247,0.02978569269180298,-0.7164925932884216,-0.11723908085321,0.027923166751861572,-0.30858510732650757,-0.0541282375523906,0.05513179302215576,-0.336578369140625,-0.11516205269788315,0.030680835247039795,-0.2413928508758545,-0.12508440066073945,0.011184871196746826,-0.1900518536567688,-0.11150940556024125,0.07316058874130249,-0.2435782551765442,-0.0641307239601474,0.09168469905853271,-0.276772141456604,-0.11188416231368592,0.06357932090759277,-0.20550554990768433,-0.11112674374078324,0.034406423568725586,-0.1607760787010193,-0.09777916271184495
V,0.0,0.0,0.0,-0.06631827354431152,-0.0711020827293396,-0.062458976505467945,-0.07727593183517456,-0.18520450592041016,-0.08841547682709461,0.0014084577560424805,-0.2675391435623169,-0.11057275846428638,0.07007861137390137,-0.32006293535232544,-0.12919564112849002,-0.09173619747161865,-0.34419751167297363,-0.051806114016244464,-0.11835712194442749,-0.502900242805481,-0.09058422908015018,-0.1277804970741272,-0.6037807166576385,-0.11185611352152591,-0.13533753156661987,-0.6881501376628876,-0.1234697730822063,-0.024455904960632324,-0.3514392375946045,-0.04898365899748569,-0.0023173093795776367,-0.5197308957576752,-0.09086311921305423,0.01724874973297119,-0.6309031546115875,-0.11215335443444019,0.03505593538284302,-0.7199170291423798,-0.11797011956400638,0.03101193904876709,-0.3116869330406189,-0.05425366326994663,0.0609356164932251,-0.33909404277801514,-0.11569101676172977,0.037916362285614014,-0.2409038543701172,-0.126033495513866,0.018327713012695312,-0.18738871812820435,-0.11217636927790409,0.07694250345230103,-0.24725466966629028,-0.06455841973252063,0.09816098213195801,-0.279458224773407,-0.1121916057152248,0.07131457328796387,-0.20761144161224365,-0.11153681889004474,0.04155457019805908,-0.16041529178619385,-0.09793512090868717
V,0.0,0.0,0.0,-0.0679854154586792,-0.06681156158447266,-0.06055925444672994,-0.08229899406433105,-0.1793363094329834,-0.09009880603264264,-0.00392836332321167,-0.261294960975647,-0.11675656617592267,0.06391793489456177,-0.3169514536857605,-0.14038133651922635,-0.09202128648757935,-0.34365493059158325,-0.05811279670308522,-0.1181703507900238,-0.5024538040161133,-0.10073328048895291,-0.1276652216911316,-0.6046602129936218,-0.12412414730499677,-0.1352948546409607,-0.6903294622898102,-0.13771161467741422,-0.023319602012634277,-0.35288262367248535,-0.05782715261887006,-0.0011553764343261719,-0.5196481347084045,-0.10536934466074399,0.0183408260345459,-0.6308620572090149,-0.1295133385152667,0.035632550716400146,-0.7220079302787781,-0.13735383779714994,0.03401130437850952,-0.31400126218795776,-0.06462627680014066,0.06129568815231323,-0.3348080515861511,-0.12823940844248227,0.03519999980926514,-0.2354993224143982,-0.13635791868875913,0.0140763521194458,-0.18082094192504883,-0.12171421230743817,0.08077496290206909,-0.2496904730796814,-0.07644417167614392,0.09693288803100586,-0.2694885730743408,-0.12547402114580564,0.06730884313583374,-0.1960049867630005,-0.12415199012468747,0.03749018907546997,-0.15093553066253662,-0.11027330190847806
V,0.0,0.0,0.0,-0.06603848934173584,-0.07184827327728271,-0.06292503628310442,-0.07821738719940186,-0.18551552295684814,-0.09010203483876467,0.0008481740951538086,-0.2691457271575928,-0.11344868990954637,0.06956613063812256,-0.3244593143463135,-0.13317789438542604,-0.09295225143432617,-0.34752732515335083,-0.053172550381987094,-0.11921513080596924,-0.5097256898880005,-0.09338011148747682,-0.12823697924613953,-0.6140317916870117,-0.1156025335508275,-0.1358029842376709,-0.7006047070026398,-0.12753577831563234,-0.024803996086120605,-0.3546696901321411,-0.05016618895706415,-0.0012258291244506836,-0.5253879129886627,-0.09324896636780977,0.0179903507232666,-0.6394300758838654,-0.11491646173772097,0.035264015197753906,-0.731271505355835,-0.12052883508977175,0.03140133619308472,-0.31472456455230713,-0.05517020005163431,0.06177377700805664,-0.34061741828918457,-0.11718732419785738,0.03729361295700073,-0.24287915229797363,-0.12668058577355623,0.017211318016052246,-0.18889498710632324,-0.11164838376816988,0.0776752233505249,-0.25014162063598633,-0.06524399969157457,0.09953886270523071,-0.28062576055526733,-0.11217786672887087,0.0713200569152832,-0.20918959379196167,-0.11024726483401537,0.04129379987716675,-0.16266345977783203,-0.0953364327865529
V,0.0,0.0,0.0,-0.0672878623008728,-0.07003021240234375,-0.06343500979744476,-0.08113926649093628,-0.18424004316329956,-0.0920594549974112,-0.0013135075569152832,-0.2672410011291504,-0.11709967174135727,0.06909692287445068,-0.32029807567596436,-0.13886266120277924,-0.09288197755813599,-0.35020387172698975,-0.056048418511977616,-0.1191980242729187,-0.5121460556983948,-0.09704715677105469,-0.12799882888793945,-0.6155312657356262,-0.11993931152426285,-0.13632738590240479,-0.7020002901554108,-0.1327754921516089,-0.022908329963684082,-0.35623008012771606,-0.05421873100601715,-0.0013774633407592773,-0.5282125771045685,-0.09760956384741348,0.017437875270843506,-0.6396871209144592,-0.11960807361208481,0.03315335512161255,-0.730402410030365,-0.12614156969391388,0.03528183698654175,-0.3135075569152832,-0.06027433567248863,0.061737895011901855,-0.33729028701782227,-0.12255931564175171,0.03594481945037842,-0.23886042833328247,-0.13225237198673767,0.015184402465820312,-0.18415427207946777,-0.11823935725294632,0.08160138130187988,-0.24532675743103027,-0.0714637107452063,0.09923994541168213,-0.2753632664680481,-0.11930937238537354,0.06987375020980835,-0.2019250988960266,-0.11750613816582245,0.03987389802932739,-0.15391570329666138,-0.10324495949350876
V,0.0,0.0,0.0,-0.06748813390731812,-0.06908094882965088,-0.06754397184329264,-0.08068490028381348,-0.18125659227371216,-0.09728232354598276,0.0003140568733215332,-0.2628483772277832,-0.12226926118808024,0.0703015923500061,-0.3189483880996704,-0.14317299754100077,-0.09005069732666016,-0.34916794300079346,-0.06078340814190142,-0.11681526899337769,-0.5117568671703339,-0.10441033125596277,-0.12612038850784302,-0.6156327128410339,-0.1283597830005192,-0.13360095024108887,-0.7030782997608185,-0.1413646522231602,-0.019845247268676758,-0.3561263084411621,-0.057085871256163045,0.0015981793403625488,-0.5276816487312317,-0.10279880047517054,0.02009660005569458,-0.6401020288467407,-0.1253697606988453,0.037225961685180664,-0.7326584160327911,-0.13190916509108774,0.03784072399139404,-0.31526046991348267,-0.061880111254026815,0.06776535511016846,-0.33385735750198364,-0.12607780427413218,0.04078841209411621,-0.23366713523864746,-0.13645240992980234,0.019040405750274658,-0.1804344654083252,-0.12233918488698237,0.08411669731140137,-0.24857419729232788,-0.07225525707679026,0.10348725318908691,-0.27083849906921387,-0.12016384632067911,0.07314914464950562,-0.19950169324874878,-0.11937166333871119,0.04148828983306885,-0.15540975332260132,-0.10583000213580362
V,0.0,0.0,0.0,-0.0638393759727478,-0.06966423988342285,-0.0680809278239849,-0.07661664485931396,-0.1829899549484253,-0.09791484067341116,0.004728198051452637,-0.2687702178955078,-0.1233031932463291,0.07718610763549805,-0.3261430859565735,-0.14490487763782767,-0.08881127834320068,-0.34989941120147705,-0.05919360706707266,-0.11574786901473999,-0.5130600929260254,-0.1025934029569271,-0.1252903938293457,-0.6179780662059784,-0.12699424812694815,-0.13327434659004211,-0.7067436575889587,-0.14031974563499716,-0.018749475479125977,-0.35667723417282104,-0.05555492976804999,0.0036870241165161133,-0.5298441648483276,-0.10042962024112967,0.023173809051513672,-0.6442655026912689,-0.12278515437742499,0.04117697477340698,-0.738492876291275,-0.12903694400688437,0.039244890213012695,-0.31469881534576416,-0.06054386833807257,0.06784826517105103,-0.33638185262680054,-0.12587241420646933,0.04100769758224487,-0.23431849479675293,-0.13542171904941824,0.021322190761566162,-0.17729026079177856,-0.11980307439466742,0.08453279733657837,-0.24547094106674194,-0.07097848842045096,0.10201311111450195,-0.27470827102661133,-0.11916378477712897,0.07252287864685059,-0.2027275562286377,-0.11608249286314276,0.044642508029937744,-0.15521180629730225,-0.10032955894371298
V,0.0,0.0,0.0,-0.06423062086105347,-0.0710000991821289,-0.06774817575421821,-0.07824534177780151,-0.18457907438278198,-0.09701825101581107,0.003500521183013916,-0.26810401678085327,-0.12155743111577522,0.07731080055236816,-0.324782133102417,-0.14206585456338416,-0.0884401798248291,-0.35872894525527954,-0.06127612088528167,-0.11501699686050415,-0.5252943933010101,-0.10470502991881858,-0.1237485408782959,-0.63261279463768,-0.12948012520280372,-0.13002318143844604,-0.7239415347576141,-0.1435049491068412,-0.01483464241027832,-0.36349743604660034,-0.05861818213668357,0.01001042127609253,-0.5383448004722595,-0.1029514463683654,0.029776275157928467,-0.6545656025409698,-0.12586791981664192,0.04807776212692261,-0.7508274018764496,-0.13345095683541786,0.04469752311706543,-0.31959331035614014,-0.06457246263232719,0.07378673553466797,-0.3436446785926819,-0.12974897195306312,0.044805169105529785,-0.24262797832489014,-0.14102347363439094,0.021794259548187256,-0.1870904564857483,-0.12745209206548225,0.09192925691604614,-0.24869942665100098,-0.07593242992368232,0.11273032426834106,-0.278353214263916,-0.12426792998519431,0.08163851499557495,-0.21173763275146484,-0.12298683245387565,0.049448251724243164,-0.16763854026794434,-0.10926879365649711
V,0.0,0.0,0.0,-0.06905597448348999,-0.06914699077606201,-0.06669900999224865,-0.08604460954666138,-0.18162864446640015,-0.09787682131684505,-0.004669666290283203,-0.26449090242385864,-0.12478806511319362,0.06783527135848999,-0.31898051500320435,-0.14738803789771282,-0.09380173683166504,-0.3599337339401245,-0.06336750523007595,-0.12089544534683228,-0.5287554264068604,-0.10810678885138714,-0.13110822439193726,-0.637083500623703,-0.13304839716113293,-0.1394748091697693,-0.7299471497535706,-0.1469833819643327,-0.02042466402053833,-0.368516206741333,-0.0611897414997884,0.002087116241455078,-0.5453044772148132,-0.10740902707732403,0.025027930736541748,-0.6638962924480438,-0.12978318021453106,0.046370089054107666,-0.7616240084171295,-0.1362467376962968,0.04151707887649536,-0.32692909240722656,-0.06721681044257366,0.07181286811828613,-0.3442910313606262,-0.1313259123340913,0.04596954584121704,-0.2410125732421875,-0.13871615812934124,0.025275826454162598,-0.18158042430877686,-0.1221306739822694,0.09202361106872559,-0.25864315032958984,-0.07899249777949535,0.114329993724823,-0.28146129846572876,-0.1252519308105775,0.08639770746231079,-0.21279245615005493,-0.12115220413363659,0.058283984661102295,-0.16722619533538818,-0.10511553720391476
V,0.0,0.0,0.0,-0.0665091872215271,-0.07032984495162964,-0.0676211456634519,-0.08228784799575806,-0.18692147731781006,-0.0982738698698995,0.001031339168548584,-0.2723526954650879,-0.12453078132648443,0.07636839151382446,-0.32521557807922363,-0.1466604585625646,-0.09415310621261597,-0.3691365122795105,-0.06280229639787649,-0.12210336327552795,-0.5411193370819092,-0.10769281190414404,-0.13254809379577637,-0.6517023146152496,-0.13275016498346304,-0.14151781797409058,-0.7454947233200073,-0.1467576141335485,-0.01860755681991577,-0.37579071521759033,-0.06116751608033155,0.0066394805908203125,-0.5563918352127075,-0.10790292572755789,0.028941214084625244,-0.6782808303833008,-0.13119253170270895,0.04941725730895996,-0.780067652463913,-0.13797035467405294,0.044414639472961426,-0.33113759756088257,-0.06792500269193624,0.0742945671081543,-0.35274672508239746,-0.13419384908456777,0.0456809401512146,-0.24818336963653564,-0.1437893624283788,0.023330509662628174,-0.18985497951507568,-0.12800924134035085,0.09552377462387085,-0.25919169187545776,-0.08026580166597341,0.1156197190284729,-0.28203731775283813,-0.12969284903783773,0.08354842662811279,-0.21192896366119385,-0.12739301872034048,0.051659464836120605,-0.16685110330581665,-0.11194456022758459
V,0.0,0.0,0.0,-0.06929135322570801,-0.062281787395477295,-0.06840804022135671,-0.09047865867614746,-0.17232608795166016,-0.10168936651530203,-0.010190010070800781,-0.2557731866836548,-0.1302361990171903,0.06453436613082886,-0.31500208377838135,-0.15421704005780157,-0.09820038080215454,-0.3633763790130615,-0.07138778817238745,-0.12914395332336426,-0.5387412011623383,-0.1187412346559995,-0.14092406630516052,-0.650571197271347,-0.14367309760632452,-0.15054231882095337,-0.7469256222248077,-0.15741807770314153,-0.02158123254776001,-0.37429970502853394,-0.06950342458071646,0.003538846969604492,-0.5557597279548645,-0.11847562145771917,0.026205122470855713,-0.6792243123054504,-0.14184511255803045,0.04610687494277954,-0.7838709652423859,-0.14910875808777746,0.04123258590698242,-0.33356642723083496,-0.07558630209746298,0.07417052984237671,-0.34665870666503906,-0.14259444725098547,0.04943662881851196,-0.24229198694229126,-0.15204969596447881,0.028891921043395996,-0.18417209386825562,-0.13679537725033697,0.0922996997833252,-0.26555025577545166,-0.08733991336407598,0.11554378271102905,-0.27612775564193726,-0.1367146278578275,0.0856972336769104,-0.20643335580825806,-0.13551764738144811,0.05484861135482788,-0.1623057723045349,-0.1214297170597547
V,0.0,0.0,0.0,-0.0690544843673706,-0.060543954372406006,-0.0673577900241753,-0.09166723489761353,-0.17668020725250244,-0.10089210078228916,-0.009264171123504639,-0.26504141092300415,-0.13049216225851978,0.06997019052505493,-0.3199235200881958,-0.15579932585467304,-0.10303491353988647,-0.3716673254966736,-0.07062210545052494,-0.13353431224822998,-0.5517623722553253,-0.11861434236277546,-0.1460627317428589,-0.6665650904178619,-0.1439377929281136,-0.1566956639289856,-0.7642800211906433,-0.15811285033930744,-0.024862229824066162,-0.38058561086654663,-0.07125405624617542,0.001250624656677246,-0.5706401169300079,-0.1220750997971436,0.02325737476348877,-0.6970381438732147,-0.1462258960317513,0.04255956411361694,-0.8032676875591278,-0.1533749516319176,0.041840195655822754,-0.33575665950775146,-0.07967998489846195,0.07350480556488037,-0.3579854965209961,-0.1491710509370705,0.047689855098724365,-0.24973559379577637,-0.1581459160159966,0.026648640632629395,-0.19059395790100098,-0.1416741277288338,0.095664381980896,-0.26212912797927856,-0.09358995065201725,0.11948287487030029,-0.2848125696182251,-0.1448513682197472,0.08850854635238647,-0.2145490050315857,-0.1425070579360863,0.058264851570129395,-0.17042076587677002,-0.1270145739625832
V,0.0,0.0,0.0,-0.07107055187225342,-0.06334030628204346,-0.06487434190114527,-0.09655106067657471,-0.17990642786026,-0.09741766583522349,-0.01500636339187622,-0.26643043756484985,-0.12610888313849955,0.0644538402557373,-0.3214941620826721,-0.15058959853251963,-0.10451573133468628,-0.37746864557266235,-0.07100713830789118,-0.13534438610076904,-0.5570223331451416,-0.1193287728389123,-0.14862972497940063,-0.6706861555576324,-0.14498561453422099,-0.15933758020401,-0.7683806121349335,-0.159480927701793,-0.02565222978591919,-0.38847702741622925,-0.07209141385158091,0.0004731416702270508,-0.5752505660057068,-0.1226273460348466,0.022942304611206055,-0.7014865279197693,-0.14686770569880991,0.043549537658691406,-0.8107710480690002,-0.15463749897082835,0.04019594192504883,-0.34657222032546997,-0.08053446393807917,0.07192564010620117,-0.361446738243103,-0.14744606446822672,0.045186400413513184,-0.252105712890625,-0.1557362509926179,0.024318337440490723,-0.1908721923828125,-0.1399867219885209,0.09423965215682983,-0.2763635516166687,-0.09464056622584849,0.11623525619506836,-0.2839651107788086,-0.14467567038138895,0.08489221334457397,-0.21223169565200806,-0.14316111635764628,0.054970502853393555,-0.16648215055465698,-0.128690613623462
V,0.0,0.0,0.0,-0.06983381509780884,-0.061701178550720215,-0.06993518892466,-0.0938882827758789,-0.17699652910232544,-0.10541445139585903,-0.007365107536315918,-0.2625385522842407,-0.13667290780483654,0.07492297887802124,-0.3197678327560425,-0.16337173554836681,-0.10907256603240967,-0.3786432147026062,-0.07418543223081997,-0.14005887508392334,-0.5604293048381805,-0.1226450887673991,-0.1538839340209961,-0.6775034070014954,-0.1484360781663554,-0.16511306166648865,-0.7775415182113647,-0.1629631904119151,-0.02884995937347412,-0.39044761657714844,-0.07373476151167324,-0.002419769763946533,-0.5841734409332275,-0.12312120321928433,0.019404053688049316,-0.7158074975013733,-0.14671153697906902,0.03957223892211914,-0.8260982036590576,-0.15427032980858257,0.03860974311828613,-0.34502875804901123,-0.08145131293474606,0.07257634401321411,-0.3712034225463867,-0.14971626672684124,0.04863297939300537,-0.261136531829834,-0.15934857103763989,0.02964109182357788,-0.19743084907531738,-0.14361704263626507,0.0936926007270813,-0.27018797397613525,-0.09494514141022137,0.1209535002708435,-0.2999633550643921,-0.14498352382122448,0.09143960475921631,-0.23611515760421753,-0.1433474210256236,0.06171000003814697,-0.19266736507415771,-0.12880656990944317
V,0.0,0.0,0.0,-0.07094341516494751,-0.05375313758850098,-0.07663243184094881,-0.09769105911254883,-0.16200882196426392,-0.1189702592254207,-0.014948427677154541,-0.25023895502090454,-0.1564657009602115,0.06720858812332153,-0.3141496777534485,-0.18858214387898897,-0.11973947286605835,-0.3762916922569275,-0.08541878978019213,-0.15334990620613098,-0.5658769309520721,-0.1394606597185657,-0.16716241836547852,-0.6870120465755463,-0.16775684723859285,-0.177598774433136,-0.790353387594223,-0.18323696324830507,-0.03808021545410156,-0.3916320204734802,-0.08374462941890215,-0.013074398040771484,-0.5894104540348053,-0.13886587986951326,0.010891497135162354,-0.7243573665618896,-0.16326548824315523,0.031880319118499756,-0.8373301923274994,-0.17020957837110018,0.03257828950881958,-0.34831875562667847,-0.09048978904490923,0.07158178091049194,-0.36242562532424927,-0.16264063785081362,0.04615586996078491,-0.245935320854187,-0.16977216968541597,0.02255767583847046,-0.1794152855873108,-0.1513159788609073,0.08894330263137817,-0.2738765478134155,-0.10385551223760103,0.11857420206069946,-0.2855831980705261,-0.15567924747472262,0.08740228414535522,-0.2130323052406311,-0.15229993233685946,0.05426478385925293,-0.1661311388015747,-0.1356793708563373
V,0.0,0.0,0.0,-0.07084906101226807,-0.05056917667388916,-0.08353581587277858,-0.09532886743545532,-0.1538599729537964,-0.13167324969970196,-0.010754287242889404,-0.2405044436454773,-0.1745389283677241,0.07709681987762451,-0.3075299859046936,-0.21235770294867962,-0.12133818864822388,-0.3763297200202942,-0.09648870984517544,-0.15643852949142456,-0.5737330317497253,-0.1535007090350291,-0.17150646448135376,-0.6982523202896118,-0.18490118096076458,-0.18155893683433533,-0.804854691028595,-0.202868688203921,-0.03680312633514404,-0.39171063899993896,-0.09369889954530208,-0.008355140686035156,-0.5961671471595764,-0.15062257955275982,0.01650029420852661,-0.7341532409191132,-0.17850414226256817,0.03842449188232422,-0.8500497341156006,-0.18902230570517986,0.034358322620391846,-0.34631985425949097,-0.09926624903880565,0.06962555646896362,-0.37509793043136597,-0.1727319092532298,0.046309471130371094,-0.2551622986793518,-0.17975366423331707,0.02620929479598999,-0.18304955959320068,-0.161429736115565,0.08999842405319214,-0.26875144243240356,-0.11187719861470669,0.11541587114334106,-0.3027123212814331,-0.1641186804553172,0.08767753839492798,-0.22875487804412842,-0.15834410796367138,0.05871987342834473,-0.17199307680130005,-0.13993673334323375
V,0.0,0.0,0.0,-0.0649368166923523,-0.05036747455596924,-0.08890861187967403,-0.08190298080444336,-0.15731149911880493,-0.13449206118377788,0.005652368068695068,-0.24568402767181396,-0.17336458627971751,0.08858203887939453,-0.3153899312019348,-0.20641527240070445,-0.11582797765731812,-0.3853820562362671,-0.09676535342725856,-0.15248757600784302,-0.5828898251056671,-0.15490529601368053,-0.1674289107322693,-0.7090574204921722,-0.18624266152176006,-0.17708784341812134,-0.8179233074188232,-0.20338744585308177,-0.03022867441177368,-0.40284085273742676,-0.09278454546722514,-0.0007998943328857422,-0.6106522679328918,-0.1514139986494456,0.0270424485206604,-0.7524883151054382,-0.1799348360756312,0.051321983337402344,-0.8708750605583191,-0.18946779434475047,0.04017937183380127,-0.35696327686309814,-0.09831782345565898,0.08100545406341553,-0.3778039813041687,-0.17799679105075938,0.05579417943954468,-0.24628913402557373,-0.18747662668022258,0.030250608921051025,-0.1714819073677063,-0.16817039911541087,0.09526753425598145,-0.2743155360221863,-0.11112695847543819,0.12522011995315552,-0.3017263412475586,-0.16897145573886974,0.09453064203262329,-0.21685612201690674,-0.16455996696743114,0.05768507719039917,-0.15301305055618286,-0.14544286494049175
V,0.0,0.0,0.0,-0.07269287109375,-0.046169400215148926,-0.09175131949734805,-0.094870924949646,-0.15399158000946045,-0.14167048516821978,-0.006839334964752197,-0.24817895889282227,-0.18541387203288195,0.07600009441375732,-0.32348179817199707,-0.22352135661196826,-0.13282006978988647,-0.3932923674583435,-0.09571688356948016,-0.16958028078079224,-0.5948728919029236,-0.15352616193843005,-0.1842595338821411,-0.7258541584014893,-0.18515782538008807,-0.1943136751651764,-0.838602215051651,-0.20263119521689532,-0.04523634910583496,-0.41309893131256104,-0.09120777729106067,-0.01642775535583496,-0.6252842545509338,-0.15068874242854235,0.011188983917236328,-0.7718531489372253,-0.17858690503192065,0.03351402282714844,-0.8944851160049438,-0.18677869918894885,0.029773592948913574,-0.3693736791610718,-0.09656034889769671,0.06953001022338867,-0.39055413007736206,-0.17955594244551776,0.047624170780181885,-0.25472521781921387,-0.18700302126956103,0.027222156524658203,-0.1735227108001709,-0.16460666540217517,0.08890140056610107,-0.2899230718612671,-0.10929674389910815,0.11878395080566406,-0.31898754835128784,-0.16875060382437823,0.08931541442871094,-0.22973227500915527,-0.16208827975344775,0.05834752321243286,-0.16426008939743042,-0.14045468452525256
V,0.0,0.0,0.0,-0.0665321946144104,-0.04475975036621094,-0.10339776890975827,-0.08140993118286133,-0.14742422103881836,-0.15534838008386487,0.009861171245574951,-0.23657125234603882,-0.19685163068277234,0.09546488523483276,-0.3109963536262512,-0.23084651398164624,-0.11882585287094116,-0.3901904225349426,-0.11370184736949795,-0.15691179037094116,-0.5949130058288574,-0.17767172026140088,-0.17554724216461182,-0.7258517742156982,-0.21238238083822125,-0.18741416931152344,-0.8396157026290894,-0.2315400587270915,-0.030024468898773193,-0.4120158553123474,-0.1044137375305354,0.0034873485565185547,-0.6270739436149597,-0.1670770095537364,0.030131995677947998,-0.7717994153499603,-0.19823308753473157,0.051257967948913574,-0.8962316513061523,-0.21006359624368542,0.04029989242553711,-0.3679084777832031,-0.10583912300569409,0.08611750602722168,-0.3887960910797119,-0.18960868286592358,0.06408846378326416,-0.25649750232696533,-0.20144236552221173,0.03835660219192505,-0.18281316757202148,-0.1834114091346919,0.09561890363693237,-0.28501856327056885,-0.11575986909372205,0.13284188508987427,-0.30869704484939575,-0.17399424778921002,0.10823482275009155,-0.22867625951766968,-0.1705225305507838,0.07364314794540405,-0.1658862829208374,-0.1524447398136317
V,0.0,0.0,0.0,-0.07165485620498657,-0.0316624641418457,-0.10599588576542374,-0.0899273157119751,-0.12866532802581787,-0.16886540476070877,0.006162464618682861,-0.2150171399116516,-0.22265053514229294,0.09531646966934204,-0.28974395990371704,-0.2690555376170778,-0.12784868478775024,-0.3803088068962097,-0.12879560116516586,-0.16484326124191284,-0.5924301147460938,-0.19937314811932083,-0.18289154767990112,-0.7297030091285706,-0.23696153584705826,-0.19508862495422363,-0.8493340015411377,-0.2586451989768648,-0.03334766626358032,-0.40833812952041626,-0.12132441226231094,0.001154780387878418,-0.6275328993797302,-0.1974428964017534,0.0324779748916626,-0.7830812633037567,-0.2341383469461107,0.056899189949035645,-0.9188829660415649,-0.24807497087704178,0.04466128349304199,-0.3660873770713806,-0.12275887254463669,0.08875679969787598,-0.3805285692214966,-0.21483384791599747,0.06725037097930908,-0.24306446313858032,-0.2200285119174623,0.04405480623245239,-0.16069382429122925,-0.1954379004596376,0.10466551780700684,-0.2876882553100586,-0.13286603215919968,0.14073926210403442,-0.30274438858032227,-0.19538568679081436,0.11503726243972778,-0.21948128938674927,-0.18704182628380295,0.08514809608459473,-0.15652412176132202,-0.16378309551464554
V,0.0,0.0,0.0,-0.06817913055419922,-0.024412870407104492,-0.11124058184395835,-0.08147698640823364,-0.1122673749923706,-0.17847292986880348,0.019299328327178955,-0.19092702865600586,-0.23476345208655403,0.10934257507324219,-0.2677541971206665,-0.28381865588198707,-0.11565309762954712,-0.36733055114746094,-0.14324876037608192,-0.15242695808410645,-0.5794529318809509,-0.2181079324818711,-0.17158019542694092,-0.7201367318630219,-0.2573845323659043,-0.18358969688415527,-0.8444856703281403,-0.28021016088496253,-0.018133342266082764,-0.4002021551132202,-0.13414419559012458,0.017522335052490234,-0.6244075000286102,-0.2113724884129624,0.048644065856933594,-0.7791212499141693,-0.24731550482283637,0.07258361577987671,-0.9176713228225708,-0.26121696201335,0.06127279996871948,-0.36129796504974365,-0.13395079341898963,0.1067514419555664,-0.3667955994606018,-0.22637737658988044,0.08250921964645386,-0.2309556007385254,-0.23150966433058784,0.05681443214416504,-0.1518322229385376,-0.20758695271979377,0.1219589114189148,-0.2844897508621216,-0.14287936059008643,0.15665203332901,-0.28690624237060547,-0.20446307328711555,0.13023298978805542,-0.20786690711975098,-0.19636523095141456,0.09983760118484497,-0.15033376216888428,-0.17402631906043098
V,0.0,0.0,0.0,-0.07619833946228027,-0.018093347549438477,-0.11806256448835484,-0.09339350461959839,-0.10377836227416992,-0.1949253169259464,0.016463756561279297,-0.18713456392288208,-0.26004851734251133,0.11540913581848145,-0.26829928159713745,-0.3163997319898044,-0.12319815158843994,-0.35570794343948364,-0.16218287622541538,-0.16186341643333435,-0.5776686668395996,-0.24457077061742893,-0.18244582414627075,-0.7216843664646149,-0.28460300838560215,-0.19780635833740234,-0.8519702851772308,-0.3077921060285007,-0.024080932140350342,-0.39565330743789673,-0.15249284481615177,0.011899113655090332,-0.6238178908824921,-0.243062191959325,0.04396718740463257,-0.7834627628326416,-0.2796757904252445,0.06595498323440552,-0.9272388219833374,-0.291646101828519,0.05723482370376587,-0.35828709602355957,-0.15115138268083683,0.09854155778884888,-0.36020994186401367,-0.25306431328863255,0.07429343461990356,-0.2213560938835144,-0.2522963670453464,0.04926013946533203,-0.14310866594314575,-0.22235668575376621,0.1188894510269165,-0.2810150384902954,-0.15930817401022068,0.15409624576568604,-0.27689385414123535,-0.22585951661676518,0.12200266122817993,-0.19208496809005737,-0.2147338626346027,0.08629906177520752,-0.13637882471084595,-0.1889540044030582
V,0.0,0.0,0.0,-0.08079636096954346,-0.01741933822631836,-0.11880696171056115,-0.10285025835037231,-0.1054069995880127,-0.1935066466880926,0.009058594703674316,-0.18633520603179932,-0.2575840538097509,0.10987955331802368,-0.2586999535560608,-0.3137855713916906,-0.1343017816543579,-0.3747328519821167,-0.1518346106363424,-0.17424046993255615,-0.5960676670074463,-0.23165636115800226,-0.19515016674995422,-0.7420642971992493,-0.27324162774812066,-0.21072134375572205,-0.8708904981613159,-0.29839443021546685,-0.033457159996032715,-0.40670669078826904,-0.1436610256982931,0.0019411444664001465,-0.6418143510818481,-0.2298554813219198,0.03377014398574829,-0.805528312921524,-0.2695755546642431,0.05415630340576172,-0.9511613249778748,-0.2847426121784338,0.04812788963317871,-0.3603673577308655,-0.14482951515446985,0.08809512853622437,-0.38033509254455566,-0.24829686039220178,0.07353013753890991,-0.24032753705978394,-0.25247998886834466,0.053443193435668945,-0.1540137529373169,-0.2247195576978811,0.11054843664169312,-0.2741071581840515,-0.1554727738453039,0.14514362812042236,-0.29145461320877075,-0.22764397018681848,0.12078255414962769,-0.2100229263305664,-0.22012153619061792,0.08602374792098999,-0.14818435907363892,-0.1955229675127157
V,0.0,0.0,0.0,-0.0767393708229065,-0.0167081356048584,-0.11878934816718356,-0.09601885080337524,-0.1032174825668335,-0.19603712425828235,0.017930567264556885,-0.17899882793426514,-0.2631114976227309,0.12267273664474487,-0.246374249458313,-0.3226103739559676,-0.1235458254814148,-0.37426966428756714,-0.1583656774580504,-0.16265395283699036,-0.5985538959503174,-0.24105774925351398,-0.18470105528831482,-0.7478144466876984,-0.2828740434467818,-0.19881266355514526,-0.8784772753715515,-0.30768376157880084,-0.02268505096435547,-0.40767914056777954,-0.15148749516606586,0.01906055212020874,-0.6467808187007904,-0.24296393559575336,0.052443861961364746,-0.8166969418525696,-0.286753173333409,0.07564640045166016,-0.9671274423599243,-0.30418538616299884,0.05915820598602295,-0.36262768507003784,-0.15315976307988421,0.1054043173789978,-0.37668317556381226,-0.2594881610691573,0.09097647666931152,-0.23889994621276855,-0.2666973130524184,0.07215756177902222,-0.1535276174545288,-0.24044522212147967,0.12312829494476318,-0.2778654098510742,-0.16415424214005725,0.162165105342865,-0.2915536165237427,-0.23579006956219928,0.13893723487854004,-0.21041029691696167,-0.22860008047223346,0.10574251413345337,-0.14682698249816895,-0.20436071918607013
V,0.0,0.0,0.0,-0.08786547183990479,-0.018572449684143066,-0.11833384703299998,-0.1166946291923523,-0.10757911205291748,-0.19376054476401805,-0.007796168327331543,-0.18559050559997559,-0.2585470981468916,0.09524351358413696,-0.2548651099205017,-0.3159421689381361,-0.14946413040161133,-0.38408613204956055,-0.15598797868392467,-0.1930491328239441,-0.6098209023475647,-0.23643073509833812,-0.21451526880264282,-0.7577965259552002,-0.27852699230811595,-0.2308240532875061,-0.8902159035205841,-0.3040003485550642,-0.04514753818511963,-0.4169059991836548,-0.1481748975386381,-0.011889636516571045,-0.6597815155982971,-0.23302990268371104,0.020635902881622314,-0.828524261713028,-0.2719329006542921,0.042611896991729736,-0.9807803630828857,-0.2872455127110243,0.04013407230377197,-0.36811190843582153,-0.1493343717922926,0.0757095217704773,-0.3890804648399353,-0.25190043519637584,0.05699145793914795,-0.2515203356742859,-0.25736597250602244,0.03628665208816528,-0.16506576538085938,-0.2309017784466505,0.1051754355430603,-0.2784656286239624,-0.15983170341155528,0.1374468207359314,-0.3006051182746887,-0.2306624956001997,0.10865926742553711,-0.2209528684616089,-0.22279077838561534,0.07288128137588501,-0.1572495698928833,-0.19860024820468425
V,0.0,0.0,0.0,-0.0817495584487915,-0.02361142635345459,-0.11383405316109929,-0.10949981212615967,-0.11351442337036133,-0.18729726958508763,-0.0023913979530334473,-0.19164925813674927,-0.2513828127407578,0.10434383153915405,-0.2584702968597412,-0.3085253088497666,-0.1440432071685791,-0.39119160175323486,-0.15134203422303472,-0.18821612000465393,-0.6174090802669525,-0.22882415342564855,-0.2078249752521515,-0.7651539742946625,-0.2693804054283646,-0.2206527292728424,-0.895061582326889,-0.29464595008130345,-0.039637863636016846,-0.42415159940719604,-0.14584390807385716,-0.0016276836395263672,-0.6646513342857361,-0.23019917297597203,0.03319805860519409,-0.8334667682647705,-0.2728568165325669,0.05875331163406372,-0.9822507500648499,-0.2916502504372147,0.044915974140167236,-0.3744908571243286,-0.14847274112935338,0.08376634120941162,-0.39266538619995117,-0.2481365649723557,0.06733977794647217,-0.2576460838317871,-0.25720722961659703,0.04846590757369995,-0.17603498697280884,-0.2347483186745194,0.11095219850540161,-0.28592097759246826,-0.1602137087606934,0.14752274751663208,-0.30645835399627686,-0.23057505476708684,0.12253719568252563,-0.22701483964920044,-0.22608791280026708,0.0886392593383789,-0.16298890113830566,-0.20493015635247502
V,0.0,0.0,0.0,-0.08771347999572754,-0.029758691787719727,-0.11365922084655722,-0.11334031820297241,-0.12680280208587646,-0.18605876258220633,-0.0046500563621521,-0.2099597454071045,-0.24897693386878927,0.10354632139205933,-0.27519863843917847,-0.30460714093055685,-0.1401253342628479,-0.3976200222969055,-0.15123808673229178,-0.18638095259666443,-0.6279623508453369,-0.22930085948314627,-0.2100476324558258,-0.779438316822052,-0.26883735051956137,-0.2266632616519928,-0.9120478332042694,-0.292539793165588,-0.03755408525466919,-0.42974191904067993,-0.14598593405094107,-0.0014552474021911621,-0.675623893737793,-0.23200682094898184,0.03019183874130249,-0.8474820852279663,-0.2745259284099575,0.05264317989349365,-0.9984191656112671,-0.29192076912727316,0.04444342851638794,-0.3799893260002136,-0.14875287106838186,0.07754528522491455,-0.40670251846313477,-0.2515238403400417,0.06319671869277954,-0.2726283073425293,-0.2607360362133022,0.04795712232589722,-0.19022303819656372,-0.23642549208011587,0.1070055365562439,-0.2899182438850403,-0.1602295517047878,0.1361432671546936,-0.3161965012550354,-0.22976011327114065,0.11094707250595093,-0.23863768577575684,-0.22331105461921652,0.07974284887313843,-0.1745142936706543,-0.2000235199054714
V,0.0,0.0,0.0,-0.08534294366836548,-0.032840847969055176,-0.11626566506447489,-0.11418086290359497,-0.13232338428497314,-0.188174466858527,-0.009560227394104004,-0.21952706575393677,-0.2501270876032322,0.09711337089538574,-0.28938114643096924,-0.3056803152662724,-0.14233165979385376,-0.4077914357185364,-0.14953445948185617,-0.185419499874115,-0.6350077986717224,-0.2258741513592213,-0.20919907093048096,-0.7858584523200989,-0.2661302194696873,-0.22532039880752563,-0.9187384843826294,-0.29058531976761515,-0.039119720458984375,-0.4386301636695862,-0.1427747712236851,-0.0011278390884399414,-0.687278538942337,-0.22223749316754038,0.032041192054748535,-0.8588446974754333,-0.2611897394758671,0.057533860206604004,-1.0092803239822388,-0.27711663700165445,0.04477965831756592,-0.3877573609352112,-0.14497333324970896,0.08087038993835449,-0.42352455854415894,-0.24432700432362253,0.061305880546569824,-0.2863919734954834,-0.25460387326302225,0.04310345649719238,-0.1988176703453064,-0.23195746100964243,0.11011272668838501,-0.29583293199539185,-0.15614257312836344,0.1413172483444214,-0.3296438455581665,-0.2249571637016743,0.11554759740829468,-0.2511669993400574,-0.2197020307880848,0.08738082647323608,-0.1849379539489746,-0.1978986815315693
V,0.0,0.0,0.0,-0.0884351134300232,-0.035748958587646484,-0.11264082112666074,-0.12138056755065918,-0.14043307304382324,-0.18400179663058225,-0.021652162075042725,-0.2339698076248169,-0.24619055607672635,0.08366400003433228,-0.3113967776298523,-0.3018997988974661,-0.14843016862869263,-0.4135648012161255,-0.14564272084589902,-0.19503504037857056,-0.6410172581672668,-0.22241538086291257,-0.2187206745147705,-0.7911946773529053,-0.2642455182349295,-0.2347944974899292,-0.9243648648262024,-0.28989584067221585,-0.04232257604598999,-0.44454896450042725,-0.1400011561190695,-0.01411736011505127,-0.6917857825756073,-0.21709030189867917,0.01543569564819336,-0.8585093021392822,-0.254158385781011,0.0387762188911438,-1.0062049627304077,-0.2699909589564413,0.04495418071746826,-0.39597761631011963,-0.14345214584227506,0.07055622339248657,-0.4334198832511902,-0.23870787837859098,0.04701119661331177,-0.2979060411453247,-0.24631161311026517,0.027239739894866943,-0.21123898029327393,-0.22382915833350125,0.11292123794555664,-0.3075937032699585,-0.15598350086565915,0.13446170091629028,-0.34035640954971313,-0.22160940685625974,0.10217410326004028,-0.2626861333847046,-0.2150998196875662,0.07065945863723755,-0.1977536678314209,-0.19369431653376523
V,0.0,0.0,0.0,-0.07971155643463135,-0.03685426712036133,-0.1133708718973594,-0.10545974969863892,-0.1397712230682373,-0.18535727148832848,-0.005430340766906738,-0.2294677495956421,-0.24733148401560356,0.0991087555885315,-0.3058815002441406,-0.3021690983134704,-0.13918352127075195,-0.40856391191482544,-0.15048476939978173,-0.18580234050750732,-0.6359691917896271,-0.22913960998835137,-0.21047234535217285,-0.7851676940917969,-0.27078522628130486,-0.22605133056640625,-0.9158451557159424,-0.2954532641726928,-0.037672340869903564,-0.4400103688240051,-0.14363674705805352,-0.004420816898345947,-0.6865490972995758,-0.22346201425375511,0.026103675365447998,-0.8512497842311859,-0.26093532031359246,0.05134493112564087,-0.9977402091026306,-0.2762572008925872,0.047186195850372314,-0.39616143703460693,-0.14568924790205529,0.09001249074935913,-0.4195471405982971,-0.24189689641775658,0.06316977739334106,-0.2845207452774048,-0.24988013392271569,0.037995338439941406,-0.20172888040542603,-0.2277195144254165,0.11426591873168945,-0.3129423260688782,-0.15700478738131096,0.14982211589813232,-0.3319936990737915,-0.22278429454149773,0.11830204725265503,-0.2537388205528259,-0.2169651824790435,0.08480030298233032,-0.19170373678207397,-0.1960785824614959
V,0.0,0.0,0.0,-0.08137905597686768,-0.029964327812194824,-0.11692817195944372,-0.10747843980789185,-0.12702703475952148,-0.19077266439489904,-0.009969055652618408,-0.21957862377166748,-0.2534761844544846,0.0929829478263855,-0.29930323362350464,-0.30858234747938695,-0.13953864574432373,-0.39832794666290283,-0.1569142012267548,-0.18557405471801758,-0.6271870732307434,-0.23524915858797613,-0.2118016481399536,-0.7750858962535858,-0.2753445325761277,-0.22880157828330994,-0.9058477878570557,-0.2986962614922959,-0.03736335039138794,-0.43394309282302856,-0.1482438264756638,-0.004247069358825684,-0.6789124011993408,-0.22847152933172765,0.02558189630508423,-0.84300297498703,-0.26411868318609777,0.04768639802932739,-0.9877304434776306,-0.27804876550726476,0.04752153158187866,-0.3937253952026367,-0.14861750289492193,0.08920282125473022,-0.4202301502227783,-0.2460951028733689,0.06500804424285889,-0.2820904850959778,-0.25302318915419164,0.03936964273452759,-0.19476956129074097,-0.22970790847830358,0.11475807428359985,-0.3126734495162964,-0.1582451282411057,0.14881235361099243,-0.33753204345703125,-0.22355198546938482,0.1196742057800293,-0.2595306634902954,-0.2164358316331345,0.08648723363876343,-0.19379794597625732,-0.19462223037771764
V,0.0,0.0,0.0,-0.08007091283798218,-0.0313953161239624,-0.11416641854657428,-0.10539305210113525,-0.13100922107696533,-0.18749762558354632,-0.006000816822052002,-0.22387921810150146,-0.2507402100504805,0.09521996974945068,-0.30714529752731323,-0.3066606321276595,-0.13782793283462524,-0.40142858028411865,-0.15217831217660205,-0.18325230479240417,-0.63213050365448,-0.23049324237717883,-0.20757442712783813,-0.7816824018955231,-0.2709073224009444,-0.22274482250213623,-0.9143456816673279,-0.2949479618014266,-0.035316526889801025,-0.43571996688842773,-0.14598395907296435,-0.0024840235710144043,-0.6821592152118683,-0.22667465590848224,0.027689039707183838,-0.8449277579784393,-0.26301328324689166,0.05100131034851074,-0.9922108054161072,-0.27715192222012774,0.05024951696395874,-0.39246731996536255,-0.14863825821294085,0.09109693765640259,-0.41351383924484253,-0.24611794435395495,0.06268495321273804,-0.2724303603172302,-0.2508086361826827,0.03683948516845703,-0.1879555583000183,-0.22599687659158008,0.11766082048416138,-0.3078378438949585,-0.16053114318265216,0.14862310886383057,-0.3270845413208008,-0.22617779158963458,0.11604541540145874,-0.24611759185791016,-0.2173651703537871,0.0829383134841919,-0.1837349534034729,-0.19418882810487048
V,0.0,0.0,0.0,-0.07581496238708496,-0.030417203903198242,-0.11721077835250071,-0.09706485271453857,-0.12851130962371826,-0.18853010511088542,0.005716145038604736,-0.21966373920440674,-0.24879132485079936,0.1059955358505249,-0.3020005226135254,-0.30132806574988535,-0.133134663105011,-0.4006991982460022,-0.15161657607245616,-0.1791629195213318,-0.6333423852920532,-0.23041434859919718,-0.20191475749015808,-0.7837204933166504,-0.2716403630940931,-0.21633470058441162,-0.9163990616798401,-0.2959095863072889,-0.0299069881439209,-0.435896635055542,-0.14315191185164622,0.0015890002250671387,-0.6803048551082611,-0.22426848387408427,0.032479286193847656,-0.844910591840744,-0.2616989043920057,0.05648761987686157,-0.9906675219535828,-0.2763154236047285,0.0558239221572876,-0.3939625024795532,-0.14420703327346018,0.10167217254638672,-0.4125361442565918,-0.24265459453749827,0.07642698287963867,-0.2701994776725769,-0.2494800118176954,0.04902738332748413,-0.18496638536453247,-0.22533996677088908,0.12303429841995239,-0.3105204701423645,-0.15486550604987315,0.1621628999710083,-0.32703518867492676,-0.22219921922373942,0.13181018829345703,-0.2440130114555359,-0.21566187119174174,0.09547054767608643,-0.17984038591384888,-0.19351399218726328
V,0.0,0.0,0.0,-0.07475948333740234,-0.030001163482666016,-0.11774805910431496,-0.09495437145233154,-0.12322413921356201,-0.19171138084971062,0.0064896345138549805,-0.21280837059020996,-0.2548823950394308,0.10672271251678467,-0.29634952545166016,-0.3102385697468435,-0.1296188235282898,-0.3908039331436157,-0.15167511976801507,-0.17591875791549683,-0.6208335757255554,-0.2293933478697454,-0.19990956783294678,-0.7699301540851593,-0.2683408556088125,-0.21521735191345215,-0.90180903673172,-0.29062664486014,-0.027134716510772705,-0.428322434425354,-0.14201655961119286,0.004091858863830566,-0.6687865257263184,-0.2224445489748632,0.034695208072662354,-0.8336865305900574,-0.2581094501122152,0.056575894355773926,-0.9803418517112732,-0.2710416910751974,0.05693584680557251,-0.389080286026001,-0.14193843282305352,0.10086947679519653,-0.40582573413848877,-0.24112634337984673,0.07411587238311768,-0.2687467336654663,-0.2491723743780767,0.04467731714248657,-0.18604117631912231,-0.22545011318766228,0.12208950519561768,-0.3110451102256775,-0.1510310468777334,0.15884584188461304,-0.32460278272628784,-0.21832072712027184,0.1267196536064148,-0.24459481239318848,-0.2129538802012121,0.0900147557258606,-0.1839267611503601,-0.19160108245455376
V,0.0,0.0,0.0,-0.08468127250671387,-0.02633500099182129,-0.11490498935677351,-0.11185801029205322,-0.12272155284881592,-0.18682711278893294,-0.01419532299041748,-0.21386587619781494,-0.24880566155411543,0.0783529281616211,-0.29744642972946167,-0.30366941248871626,-0.14833080768585205,-0.3956722021102905,-0.14634888326622786,-0.19307160377502441,-0.6211419999599457,-0.2247915462205583,-0.2172529697418213,-0.7693771719932556,-0.26502497946717085,-0.23326507210731506,-0.9012781977653503,-0.28805293595291914,-0.04471057653427124,-0.43132495880126953,-0.13965857481457533,-0.013959527015686035,-0.6735743582248688,-0.2202696249435121,0.01540827751159668,-0.8396531641483307,-0.25702600633599104,0.03704124689102173,-0.9873856902122498,-0.270208676213997,0.04080605506896973,-0.38922959566116333,-0.14260176276661696,0.07991993427276611,-0.406096875667572,-0.2423076823899919,0.05753958225250244,-0.26998162269592285,-0.2504788235376054,0.035417795181274414,-0.18780875205993652,-0.22639267599083723,0.10622447729110718,-0.306110143661499,-0.1545253143260652,0.13887828588485718,-0.3205246925354004,-0.22063853299118819,0.10995465517044067,-0.23839020729064941,-0.21299933349587263,0.0790814757347107,-0.17700695991516113,-0.1898937419603044
V,0.0,0.0,0.0,-0.07070499658584595,-0.0358356237411499,-0.11583882247919064,-0.0884624719619751,-0.1319291591644287,-0.18377946739906292,0.015262067317962646,-0.21948039531707764,-0.24031201427692395,0.1152457594871521,-0.3009033203125,-0.2891082954954527,-0.12191545963287354,-0.39513838291168213,-0.14947288161033612,-0.16910752654075623,-0.625931441783905,-0.22653837924713116,-0.19230800867080688,-0.772322803735733,-0.26700546270126324,-0.20539957284927368,-0.9005328416824341,-0.29080425625556927,-0.01887303590774536,-0.4249471426010132,-0.14109808629268628,0.014475047588348389,-0.6661214232444763,-0.21975045328849774,0.04263436794281006,-0.8280895352363586,-0.25771765833610516,0.06543761491775513,-0.9721885919570923,-0.2736382973741911,0.06308478116989136,-0.3800973892211914,-0.14232418363803845,0.10298413038253784,-0.40612930059432983,-0.23874058252090435,0.07831627130508423,-0.26249223947525024,-0.2480185670208357,0.05394434928894043,-0.1786811351776123,-0.22626899605506878,0.126304030418396,-0.295107364654541,-0.15290652638191204,0.16087687015533447,-0.31745439767837524,-0.2191665959906004,0.13098770380020142,-0.23680567741394043,-0.21406132405513745,0.09653270244598389,-0.1714155673980713,-0.19351762955898266
V,0.0,0.0,0.0,-0.08176851272583008,-0.03348970413208008,-0.11116427484830638,-0.10572248697280884,-0.13928961753845215,-0.1768288195498826,-0.007771730422973633,-0.23585712909698486,-0.23301160637220164,0.08822000026702881,-0.31467658281326294,-0.28217393461545726,-0.14191359281539917,-0.4003579616546631,-0.13400239054044505,-0.18589207530021667,-0.6257513761520386,-0.20736833218415995,-0.2082148790359497,-0.7733629643917084,-0.244052308834398,-0.22383761405944824,-0.902334600687027,-0.2640223831303956,-0.04205906391143799,-0.43082427978515625,-0.1269640952714326,-0.01537233591079712,-0.6746654212474823,-0.20383782986482402,0.0148429274559021,-0.8399587273597717,-0.2375673085816743,0.03713780641555786,-0.9839558005332947,-0.24760546091874858,0.04114490747451782,-0.3869158625602722,-0.12986007634481211,0.08030658960342407,-0.4078436493873596,-0.23005304042180796,0.05535411834716797,-0.26960504055023193,-0.2394114464887025,0.029608190059661865,-0.18685579299926758,-0.2143993556865098,0.1049690842628479,-0.30507057905197144,-0.1410234898694398,0.13747262954711914,-0.3264960050582886,-0.20893095735391398,0.10630285739898682,-0.23965305089950562,-0.20186566118081828,0.07179039716720581,-0.17612820863723755,-0.1781277835734727
V,0.0,0.0,0.0,-0.07797211408615112,-0.04547691345214844,-0.10301826066643116,-0.10376238822937012,-0.15298819541931152,-0.16771217353016254,-0.007504105567932129,-0.24520206451416016,-0.22522035903602955,0.08982247114181519,-0.3218914270401001,-0.2766396320548665,-0.1361646056175232,-0.4083995819091797,-0.12881008453041431,-0.18401312828063965,-0.6304363310337067,-0.20330988533169148,-0.20581498742103577,-0.7748231291770935,-0.24348444409042713,-0.21875175833702087,-0.9008997678756714,-0.26667093403011677,-0.03904658555984497,-0.4351752996444702,-0.12625086970001576,-0.01029658317565918,-0.6750446259975433,-0.20433134503036854,0.017255008220672607,-0.8352615833282471,-0.2417580700603139,0.040102243423461914,-0.9776217341423035,-0.2556525386062276,0.04400992393493652,-0.39173024892807007,-0.13271596200138447,0.08300334215164185,-0.4120323657989502,-0.2282492584672582,0.05477488040924072,-0.26933032274246216,-0.23531251318127033,0.02899777889251709,-0.18648505210876465,-0.21145323581367848,0.11054331064224243,-0.3109419345855713,-0.14755547709137318,0.14011353254318237,-0.3292299509048462,-0.21118133432537434,0.10656678676605225,-0.2388896942138672,-0.2020465201821935,0.07264679670333862,-0.17438292503356934,-0.17855576343208668
V,0.0,0.0,0.0,-0.07787424325942993,-0.04470682144165039,-0.10179212725620346,-0.10256850719451904,-0.15375268459320068,-0.16607540882091598,-0.007659971714019775,-0.24896132946014404,-0.22351034021835403,0.0898469090461731,-0.326105535030365,-0.27441529965858535,-0.13735532760620117,-0.4111934304237366,-0.12546384370784835,-0.18411284685134888,-0.6348159313201904,-0.1999299827859886,-0.20559465885162354,-0.780650794506073,-0.24025261438350753,-0.21891701221466064,-0.9075841903686523,-0.26351688838462906,-0.03848004341125488,-0.43902701139450073,-0.12308751082878189,-0.010526835918426514,-0.6766887605190277,-0.2010388526962288,0.01712745428085327,-0.8374149203300476,-0.23761710560779647,0.04016023874282837,-0.9804314970970154,-0.25079642272453384,0.04640227556228638,-0.3969605565071106,-0.1299457106636055,0.08456301689147949,-0.4146120548248291,-0.22432827985744552,0.0541762113571167,-0.2730262875556946,-0.22961679137210922,0.026984453201293945,-0.19048452377319336,-0.2045580599353798,0.11388516426086426,-0.31745946407318115,-0.14534790850143509,0.1417607069015503,-0.334373414516449,-0.20786583459835128,0.10590064525604248,-0.2464180588722229,-0.19807550347309189,0.07125711441040039,-0.18423843383789062,-0.17399871385555343
V,0.0,0.0,0.0,-0.07205480337142944,-0.04722702503204346,-0.11021285310357598,-0.09154599905014038,-0.1549696922302246,-0.1700863744315484,0.0038149356842041016,-0.2516134977340698,-0.21969143107503442,0.09608221054077148,-0.33349472284317017,-0.2614533062276223,-0.13066846132278442,-0.4166090488433838,-0.12539372399419335,-0.17740529775619507,-0.6376165151596069,-0.1948843057450631,-0.19980332255363464,-0.7811147272586823,-0.23205863490670708,-0.21457993984222412,-0.905208945274353,-0.2526761050519326,-0.03245145082473755,-0.43875986337661743,-0.11833103552430657,-0.005623519420623779,-0.677838146686554,-0.18902555659383324,0.019486427307128906,-0.8350585699081421,-0.22280602708428887,0.03955799341201782,-0.9717511534690857,-0.23475154295533684,0.048159241676330566,-0.39076268672943115,-0.12212598130076913,0.09317219257354736,-0.41505932807922363,-0.21626061752408532,0.0669371485710144,-0.27205419540405273,-0.2266240771111825,0.039062678813934326,-0.18902981281280518,-0.20429416552156,0.11089622974395752,-0.3023356795310974,-0.13472971871465234,0.14782410860061646,-0.33144956827163696,-0.198044827133117,0.1157832145690918,-0.24397099018096924,-0.19075798049539117,0.07572793960571289,-0.17553430795669556,-0.16849673345654992
V,0.0,0.0,0.0,-0.07482105493545532,-0.049410462379455566,-0.11187003055920286,-0.09735101461410522,-0.1611539125442505,-0.17518190542568846,-0.0029910802841186523,-0.2584773898124695,-0.22851281861176176,0.0923469066619873,-0.3392571210861206,-0.2741318742405383,-0.13056254386901855,-0.4193881154060364,-0.1276986251245944,-0.1774635910987854,-0.6394503116607666,-0.19863593081345243,-0.19965046644210815,-0.7838851511478424,-0.2359379480253665,-0.2148759365081787,-0.9085540771484375,-0.2564372519623248,-0.03457176685333252,-0.4390280842781067,-0.12054231265892668,-0.008290648460388184,-0.6786411702632904,-0.19475234547962827,0.01728641986846924,-0.8385626673698425,-0.2284124741922824,0.03681105375289917,-0.9768168926239014,-0.23905862370838804,0.04584544897079468,-0.38938260078430176,-0.12425299981941862,0.09283530712127686,-0.41069966554641724,-0.22313706079830808,0.06425482034683228,-0.26560264825820923,-0.23284027973522825,0.0334816575050354,-0.18232429027557373,-0.20869728425850553,0.10844457149505615,-0.3007678985595703,-0.13660187522282285,0.147721529006958,-0.3289533257484436,-0.20462825397362394,0.11446672677993774,-0.23575609922409058,-0.1974281171928851,0.07288455963134766,-0.16689324378967285,-0.17419419685711546
V,0.0,0.0,0.0,-0.06977629661560059,-0.04544651508331299,-0.10964783845975035,-0.09081757068634033,-0.15272927284240723,-0.17279226152732008,0.004300117492675781,-0.2501106262207031,-0.22681694297625654,0.0993385910987854,-0.32813674211502075,-0.27422594098879927,-0.12559062242507935,-0.40954095125198364,-0.12695639400317305,-0.17003798484802246,-0.6236454248428345,-0.1995466706021034,-0.19111239910125732,-0.7650876939296722,-0.23813583521678083,-0.20633777976036072,-0.8873863220214844,-0.2593623903258049,-0.03219884634017944,-0.43379145860671997,-0.11902026651932829,-0.006907224655151367,-0.6668945848941803,-0.19406800536944502,0.02016746997833252,-0.8244121372699738,-0.2284672018749916,0.04119408130645752,-0.9614112377166748,-0.23943980603053205,0.047510623931884766,-0.38937944173812866,-0.12158690212800138,0.09704339504241943,-0.3991689682006836,-0.21944773762061232,0.07084143161773682,-0.25407874584198,-0.23010185925795668,0.04166233539581299,-0.16864299774169922,-0.20680055587126844,0.11012166738510132,-0.3063885569572449,-0.13277483551337355,0.14892780780792236,-0.3179525136947632,-0.20164862840010755,0.11617308855056763,-0.22262680530548096,-0.1973317023976051,0.07613325119018555,-0.15392112731933594,-0.17588583199813002
V,0.0,0.0,0.0,-0.07729524374008179,-0.05389857292175293,-0.10355916162302492,-0.09868335723876953,-0.17150330543518066,-0.16153838028481005,-0.00027000904083251953,-0.2724173069000244,-0.21102144112160204,0.09418529272079468,-0.3495650887489319,-0.25326358069946764,-0.13128632307052612,-0.4167395234107971,-0.11659272303154466,-0.1781451404094696,-0.6346344947814941,-0.18565251221230028,-0.19944611191749573,-0.7766163051128387,-0.2217273740964174,-0.21523284912109375,-0.897840678691864,-0.24122654189636705,-0.03812515735626221,-0.4381788969039917,-0.1107453807192087,-0.014133155345916748,-0.6741139590740204,-0.183499503036046,0.011144876480102539,-0.8329351246356964,-0.21584637751152513,0.03185516595840454,-0.9689943194389343,-0.224804851313138,0.04147171974182129,-0.3926209807395935,-0.11546027203371523,0.08490389585494995,-0.4128492474555969,-0.2107948540644884,0.05819195508956909,-0.27075666189193726,-0.21933140148689745,0.03114992380142212,-0.19130849838256836,-0.19449806501438616,0.10546135902404785,-0.31000781059265137,-0.12836763550808428,0.1409807801246643,-0.334888219833374,-0.1940576015906572,0.10655021667480469,-0.2452477216720581,-0.18729137172272203,0.06735318899154663,-0.18464148044586182,-0.1642441480355501
V,0.0,0.0,0.0,-0.0852765440940857,-0.06123971939086914,-0.08660703959048988,-0.11361938714981079,-0.18343448638916016,-0.13617509665073158,-0.020365238189697266,-0.2846297025680542,-0.18054400445998908,0.07260799407958984,-0.3532755970954895,-0.21948713125766517,-0.1330905556678772,-0.4212101101875305,-0.09986740412296058,-0.17847907543182373,-0.6362871825695038,-0.16441756548465492,-0.19960284233093262,-0.7736331820487976,-0.19874401452125312,-0.2149537205696106,-0.8920425772666931,-0.21774306954921485,-0.04164475202560425,-0.44472670555114746,-0.09810753973306419,-0.018972396850585938,-0.66844043135643,-0.16651615562022926,0.0033342838287353516,-0.8255090713500977,-0.19844755591930152,0.023740649223327637,-0.9602950215339661,-0.20865657987178565,0.035647571086883545,-0.4043135643005371,-0.10532610179961921,0.07393640279769897,-0.4234645366668701,-0.191155583282125,0.047364234924316406,-0.2884725332260132,-0.19979268374027015,0.023481428623199463,-0.20657986402511597,-0.17820416452468635,0.10092216730117798,-0.3298518657684326,-0.12007258894027473,0.12831205129623413,-0.338842511177063,-0.1817636645037055,0.09503072500228882,-0.2460157871246338,-0.1785828328329444,0.060018181800842285,-0.18208539485931396,-0.15921284319938422
V,0.0,0.0,0.0,-0.08889859914779663,-0.06105738878250122,-0.08130248727411526,-0.12373125553131104,-0.18201971054077148,-0.12942414077133435,-0.03663480281829834,-0.28281301259994507,-0.17293664904445905,0.05619168281555176,-0.3485621213912964,-0.2107029864391734,-0.1394110918045044,-0.41212624311447144,-0.09931653829426068,-0.18397781252861023,-0.6301279664039612,-0.16185055764526624,-0.20344221591949463,-0.7660142779350281,-0.1942595699629237,-0.21596145629882812,-0.8817750811576843,-0.21193957420200604,-0.0482025146484375,-0.43483245372772217,-0.09925776066393155,-0.023929238319396973,-0.657239556312561,-0.16480811031669873,-0.0027273893356323242,-0.8108343482017517,-0.19464171024173993,0.0174868106842041,-0.9410824179649353,-0.2043741950592448,0.0282285213470459,-0.3967249393463135,-0.10746391208977002,0.06172913312911987,-0.42199957370758057,-0.18834684880584973,0.0348818302154541,-0.29256242513656616,-0.19475871415943402,0.012729465961456299,-0.21301788091659546,-0.17347645850986737,0.09307551383972168,-0.3261075019836426,-0.12290471883625287,0.11601990461349487,-0.3410278558731079,-0.179483012278979,0.08424943685531616,-0.2597184181213379,-0.17434428723663586,0.052559852600097656,-0.20138674974441528,-0.15497519167274731
V,0.0,0.0,0.0,-0.08355653285980225,-0.06150168180465698,-0.08016466705294079,-0.1165844202041626,-0.185654878616333,-0.12703076360912746,-0.02753990888595581,-0.2887675166130066,-0.1689579522439999,0.06840163469314575,-0.3512665033340454,-0.20542614517898983,-0.13001477718353271,-0.41209739446640015,-0.10076801089735454,-0.17432114481925964,-0.6248330175876617,-0.16219403205604976,-0.19340196251869202,-0.7571627199649811,-0.19490665553303188,-0.20739424228668213,-0.87140092253685,-0.2140709197351498,-0.040826499462127686,-0.43595463037490845,-0.10053702799768871,-0.018530964851379395,-0.6556910276412964,-0.1639029121229214,0.005792379379272461,-0.8040191233158112,-0.19330820797176784,0.028204798698425293,-0.9316378831863403,-0.20439170656891292,0.03427565097808838,-0.39719873666763306,-0.10800840316505855,0.07189393043518066,-0.4185945391654968,-0.18333939073772854,0.04520970582962036,-0.2901133894920349,-0.18819027004929012,0.021490931510925293,-0.2114497423171997,-0.1685384547540707,0.09744024276733398,-0.3253573775291443,-0.12318895368071026,0.12585222721099854,-0.33485281467437744,-0.17756663618774837,0.09466445446014404,-0.2540164589881897,-0.17359580455513424,0.06182456016540527,-0.19616949558258057,-0.15643830953331417
V,0.0,0.0,0.0,-0.08343386650085449,-0.06565767526626587,-0.07733736326838425,-0.11216926574707031,-0.19346654415130615,-0.1226660176172345,-0.02365666627883911,-0.29450011253356934,-0.1642234562888234,0.06731241941452026,-0.35422128438949585,-0.20027566840792588,-0.12314435839653015,-0.4066019654273987,-0.09366175671959809,-0.16545432806015015,-0.6159246563911438,-0.15124821057463578,-0.1848888099193573,-0.7463312447071075,-0.18058579554701737,-0.1993665099143982,-0.8583425283432007,-0.1972759305491536,-0.03571993112564087,-0.4248235821723938,-0.09452235093260697,-0.014486372470855713,-0.6417773962020874,-0.15642289211893967,0.00669330358505249,-0.7894891202449799,-0.18481276323939255,0.026976943016052246,-0.9143444895744324,-0.19474253943110398,0.03839927911758423,-0.38474464416503906,-0.10303925117398194,0.06767958402633667,-0.4141021966934204,-0.17908498039389542,0.040544748306274414,-0.2857361435890198,-0.18304009130145005,0.01806199550628662,-0.20793205499649048,-0.1618079780593007,0.10226219892501831,-0.3150954842567444,-0.11876346310521058,0.12544512748718262,-0.342399537563324,-0.17164754262114457,0.09395647048950195,-0.2617819905281067,-0.16512622823859147,0.06255364418029785,-0.2038211226463318,-0.14615459134722641
V,0.0,0.0,0.0,-0.08496862649917603,-0.06760644912719727,-0.07212732454513571,-0.11238622665405273,-0.1981666088104248,-0.11332950463270208,-0.026158034801483154,-0.3035106062889099,-0.15182141681884787,0.05996614694595337,-0.3646182417869568,-0.18549705764030477,-0.12600451707839966,-0.4076647162437439,-0.08067124059175512,-0.16555091738700867,-0.6097707748413086,-0.1328657986757662,-0.1840609908103943,-0.7357330322265625,-0.15985843261455557,-0.1993744969367981,-0.8430245220661163,-0.17522239407276174,-0.04142552614212036,-0.422862708568573,-0.08279029002164862,-0.017745375633239746,-0.6376627385616302,-0.1393360020754244,0.002800166606903076,-0.78294438123703,-0.16582759937023184,0.02026832103729248,-0.9032418131828308,-0.17450862845157644,0.03075772523880005,-0.38014930486679077,-0.09261042346929571,0.05484241247177124,-0.4172919988632202,-0.16493849178527853,0.029690146446228027,-0.2964724898338318,-0.16952471157287619,0.010091543197631836,-0.22443276643753052,-0.14916076978420278,0.09210425615310669,-0.30798161029815674,-0.10891885032629034,0.1107625961303711,-0.3487918972969055,-0.15826499184345266,0.08057767152786255,-0.2693943977355957,-0.15022977908824942,0.05302804708480835,-0.21374082565307617,-0.13069626411174795
V,0.0,0.0,0.0,-0.08370846509933472,-0.0649462342262268,-0.06947301414777485,-0.11240151524543762,-0.19855231046676636,-0.1059656077342197,-0.02620154619216919,-0.3050447106361389,-0.13960169342328754,0.059211790561676025,-0.36195623874664307,-0.16877669182588306,-0.12478679418563843,-0.4019012451171875,-0.07550418463517872,-0.16482797265052795,-0.5981089472770691,-0.12426351842452732,-0.18176954984664917,-0.7200803160667419,-0.14923510042001453,-0.19567149877548218,-0.8235590755939484,-0.1636596032695934,-0.040834903717041016,-0.41812777519226074,-0.07663200137187687,-0.019702553749084473,-0.625804603099823,-0.130168260009782,-0.0018714070320129395,-0.765795111656189,-0.15591389027406422,0.013921380043029785,-0.8823854923248291,-0.16468465414811817,0.0296972393989563,-0.3769639730453491,-0.08532644149829594,0.054731667041778564,-0.4084017276763916,-0.15555295434762684,0.031330883502960205,-0.28766119480133057,-0.16201156464387623,0.013390123844146729,-0.21651208400726318,-0.14359484699537006,0.08972668647766113,-0.307037353515625,-0.10017960605193821,0.10819685459136963,-0.33949267864227295,-0.15019461599160877,0.07934445142745972,-0.26055359840393066,-0.14522394624520985,0.05252569913864136,-0.20631688833236694,-0.12818911758233753
V,0.0,0.0,0.0,-0.08287113904953003,-0.06263071298599243,-0.06524159614866676,-0.11540466547012329,-0.1971558928489685,-0.09828108404701652,-0.030750513076782227,-0.3054158091545105,-0.12887206529205741,0.05287867784500122,-0.36358642578125,-0.15546423052376213,-0.12541082501411438,-0.3977321982383728,-0.0684649780852169,-0.16496947407722473,-0.5887219607830048,-0.11331086461370887,-0.1814303696155548,-0.7067416906356812,-0.13675342355793418,-0.19569242000579834,-0.8061072826385498,-0.1506360009772152,-0.043146371841430664,-0.41027015447616577,-0.07010114048546257,-0.022676706314086914,-0.6144374310970306,-0.11962337647503318,-0.006699800491333008,-0.7487792372703552,-0.14395657037323417,0.006419539451599121,-0.861056387424469,-0.15245674406116905,0.025907278060913086,-0.36716562509536743,-0.07903915499275627,0.0460047721862793,-0.4015752077102661,-0.14590690885609092,0.021998941898345947,-0.28379470109939575,-0.15213435743874015,0.005122005939483643,-0.21627360582351685,-0.1345709249836773,0.08399677276611328,-0.29632431268692017,-0.09361909185474815,0.09689867496490479,-0.3358669877052307,-0.14159899805611076,0.06946396827697754,-0.2590106129646301,-0.13610079740112724,0.04632967710494995,-0.2079836130142212,-0.11936716590946617
V,0.0,0.0,0.0,-0.08192300796508789,-0.06658297777175903,-0.06300695320783234,-0.11021462082862854,-0.20303303003311157,-0.09413380256114579,-0.02390497922897339,-0.30737680196762085,-0.12288934072671509,0.05744826793670654,-0.36385923624038696,-0.14804012408671952,-0.12520888447761536,-0.3922271132469177,-0.06453827848849869,-0.16084212064743042,-0.5770341753959656,-0.10731920680223084,-0.17644530534744263,-0.6916415691375732,-0.1297681116145668,-0.1905362904071808,-0.7882109582424164,-0.14308648636756516,-0.045204877853393555,-0.4049298167228699,-0.06583019426284409,-0.025001347064971924,-0.6049731373786926,-0.11256574919639206,-0.0065999627113342285,-0.7366436719894409,-0.13574466934619522,0.009436309337615967,-0.8464201986789703,-0.14386256864486313,0.023397743701934814,-0.3638952374458313,-0.07423083564458466,0.04762905836105347,-0.395783007144928,-0.1370717518609581,0.023626267910003662,-0.2808492183685303,-0.14286605349002457,0.005473971366882324,-0.2152540683746338,-0.12612701287685013,0.08092820644378662,-0.29621273279190063,-0.0882281222027359,0.09400582313537598,-0.3333079218864441,-0.1337007813733635,0.06720840930938721,-0.2578926086425781,-0.1281013124269066,0.042571067810058594,-0.20884758234024048,-0.11190543404040909
V,0.0,0.0,0.0,-0.08230876922607422,-0.07029324769973755,-0.06113171944195983,-0.10737890005111694,-0.20640361309051514,-0.0900990254598355,-0.022572040557861328,-0.3084415793418884,-0.11742230126435516,0.059081196784973145,-0.36216098070144653,-0.14142220834071395,-0.12190169095993042,-0.38959723711013794,-0.05852283531601188,-0.15679478645324707,-0.5745673179626465,-0.10137900331790206,-0.17188212275505066,-0.6903722882270813,-0.12424478301579711,-0.18518447875976562,-0.7873500883579254,-0.13721756258780715,-0.043415188789367676,-0.404119610786438,-0.06070210033828971,-0.022260427474975586,-0.6040856242179871,-0.10694386431748626,-0.0042212605476379395,-0.7373937666416168,-0.1308608017283177,0.012011587619781494,-0.8465834856033325,-0.13904769340331313,0.02357882261276245,-0.36552590131759644,-0.07027242699439284,0.05097544193267822,-0.4003943204879761,-0.1327463499623036,0.02792590856552124,-0.2875875234603882,-0.14010446885401961,0.00988835096359253,-0.22050386667251587,-0.12401222804362533,0.08044904470443726,-0.30078935623168945,-0.08546361693913695,0.09785574674606323,-0.3378292918205261,-0.13012128690058944,0.07017821073532104,-0.2610554099082947,-0.1247444860058522,0.04317629337310791,-0.20720291137695312,-0.10841243335778472
V,0.0,0.0,0.0,-0.0798223614692688,-0.06431043148040771,-0.06000840730166601,-0.1096755862236023,-0.19501793384552002,-0.09156755424237417,-0.028191328048706055,-0.2997171878814697,-0.12131611324048208,0.04779845476150513,-0.36262500286102295,-0.14775503493046926,-0.12630704045295715,-0.3827154040336609,-0.06407667017674612,-0.16279083490371704,-0.564606249332428,-0.10826259172654318,-0.17823415994644165,-0.6771931052207947,-0.13180471277928518,-0.19147872924804688,-0.7711510956287384,-0.1455894044706838,-0.04668515920639038,-0.39571332931518555,-0.0669223523805158,-0.02865302562713623,-0.5956352949142456,-0.11476987666583227,-0.01202172040939331,-0.7247500121593475,-0.13877365804410147,0.0031804442405700684,-0.830442488193512,-0.14730791068768667,0.021881937980651855,-0.3559452295303345,-0.07641352779364752,0.0402262806892395,-0.3946821093559265,-0.13909324324822592,0.01833212375640869,-0.28462886810302734,-0.14409471369481253,0.003201723098754883,-0.22148489952087402,-0.1273507705996053,0.07908344268798828,-0.28916066884994507,-0.09110453791117834,0.08595800399780273,-0.329858660697937,-0.13533107257580923,0.05980163812637329,-0.2554067373275757,-0.1282091817924993,0.037626564502716064,-0.20693010091781616,-0.11117401785350012
V,0.0,0.0,0.0,-0.08324247598648071,-0.059918999671936035,-0.055043151818722436,-0.12016245722770691,-0.19428104162216187,-0.08198328151604528,-0.04151439666748047,-0.300029993057251,-0.10806933625838155,0.03502851724624634,-0.3598840832710266,-0.13156191095015402,-0.13208457827568054,-0.3755066394805908,-0.05730551689168806,-0.16628330945968628,-0.5560081601142883,-0.09837084844014043,-0.18152225017547607,-0.6668470799922943,-0.12050085350176687,-0.1945401430130005,-0.7598894238471985,-0.13396972998282308,-0.052616119384765625,-0.39073652029037476,-0.06134194716116781,-0.035992443561553955,-0.5874841809272766,-0.10608760102888937,-0.02105581760406494,-0.7170161008834839,-0.13000472470423574,-0.007453262805938721,-0.8228088319301605,-0.13962960823675985,0.01625734567642212,-0.35412222146987915,-0.0716123415460288,0.03188276290893555,-0.3964509963989258,-0.13132051213881368,0.012547791004180908,-0.2881404757499695,-0.1372285096277892,-0.0002281665802001953,-0.2223680019378662,-0.1224343015184104,0.07439833879470825,-0.29050254821777344,-0.08682797684571142,0.0789111852645874,-0.33030277490615845,-0.13087665125033254,0.05288827419281006,-0.25432926416397095,-0.12544014140269155,0.03179490566253662,-0.2013700008392334,-0.11016921534439916
V,0.0,0.0,0.0,-0.08162763714790344,-0.06108736991882324,-0.05369130895951457,-0.11770886182785034,-0.19528448581695557,-0.07940664888838,-0.03958737850189209,-0.30112165212631226,-0.10434592516639896,0.03735768795013428,-0.3609157204627991,-0.12673929335096545,-0.13184595108032227,-0.3749537467956543,-0.055138200535566284,-0.1649247407913208,-0.5503383576869965,-0.09426695854881473,-0.1806577444076538,-0.6594535410404205,-0.11559776963213153,-0.19458267092704773,-0.7506504952907562,-0.12869364024618335,-0.053872644901275635,-0.38864070177078247,-0.058998551233798935,-0.03739267587661743,-0.5825660824775696,-0.10086977483251758,-0.02409803867340088,-0.7097176611423492,-0.1234864071152515,-0.011255204677581787,-0.8135354816913605,-0.13277168573358722,0.013598740100860596,-0.35063016414642334,-0.06903362275579639,0.031461238861083984,-0.3914951682090759,-0.1257727891347713,0.010814845561981201,-0.28646111488342285,-0.13166105748632617,-0.0028624534606933594,-0.22324776649475098,-0.11766186357954211,0.06924152374267578,-0.2857987880706787,-0.08400695027330585,0.07717841863632202,-0.32863205671310425,-0.12600973249891467,0.0510023832321167,-0.25481700897216797,-0.1205818951270885,0.028684020042419434,-0.202536940574646,-0.10588592292288013
V,0.0,0.0,0.0,-0.08228117227554321,-0.06315761804580688,-0.05077455229491079,-0.11697512865066528,-0.2003927230834961,-0.07326794452399099,-0.04187673330307007,-0.3067963719367981,-0.09559838510483587,0.03155362606048584,-0.36931633949279785,-0.1156398881170162,-0.1343594491481781,-0.37788110971450806,-0.04614824093312109,-0.1673518419265747,-0.5510998964309692,-0.08306089080303991,-0.18285727500915527,-0.6581235826015472,-0.10329853780001486,-0.19645655155181885,-0.7477398812770844,-0.11549713499277914,-0.05783438682556152,-0.3909250497817993,-0.050775222847164514,-0.04287910461425781,-0.580900251865387,-0.0923198688718685,-0.030100643634796143,-0.7077516913414001,-0.11578145659893835,-0.01773017644882202,-0.8105410933494568,-0.12485811150997961,0.00898754596710205,-0.3535584807395935,-0.06172838471263731,0.026109039783477783,-0.3925146460533142,-0.11999864167898977,0.007137298583984375,-0.2878246307373047,-0.1276327971312412,-0.005705714225769043,-0.22506308555603027,-0.11379715836972082,0.06446212530136108,-0.2903006672859192,-0.07712740487784231,0.07041484117507935,-0.33219242095947266,-0.12061727083653295,0.04572713375091553,-0.2548208236694336,-0.11577689684361303,0.024796724319458008,-0.2007705569267273,-0.10069132632941091
V,0.0,0.0,0.0,-0.08249935507774353,-0.06819063425064087,-0.054494751079346315,-0.11380070447921753,-0.19779980182647705,-0.08097302673604645,-0.037084877490997314,-0.3018002510070801,-0.10677976666238465,0.03685218095779419,-0.3674392104148865,-0.12994072346236862,-0.13185423612594604,-0.3767273426055908,-0.05073068050887741,-0.1649177074432373,-0.5481382608413696,-0.0896168997719542,-0.18060457706451416,-0.6550150513648987,-0.11100770293023743,-0.1942124366760254,-0.743759423494339,-0.12361714003827728,-0.05528748035430908,-0.38998353481292725,-0.054515866024758,-0.03843110799789429,-0.5805915594100952,-0.09567192701842941,-0.02671527862548828,-0.7056680619716644,-0.11851808188703217,-0.015222251415252686,-0.8066918551921844,-0.12738621739890732,0.011215388774871826,-0.350330114364624,-0.06506902484443344,0.029850482940673828,-0.39221471548080444,-0.12317066399600662,0.009613215923309326,-0.2899405360221863,-0.13147469369914688,-0.003875553607940674,-0.23041999340057373,-0.1184354102447287,0.06584447622299194,-0.2831347584724426,-0.08029877154376663,0.07327759265899658,-0.3269813060760498,-0.12331561504151978,0.04692274332046509,-0.25283896923065186,-0.11885675547864594,0.023716211318969727,-0.20180809497833252,-0.10439844189431824
V,0.0,0.0,0.0,-0.08346223831176758,-0.06657576560974121,-0.05454494927630549,-0.1147598922252655,-0.19681543111801147,-0.08015481133566027,-0.038078129291534424,-0.3014519214630127,-0.1049199824462903,0.03500199317932129,-0.3672184348106384,-0.12691139925823336,-0.1339493691921234,-0.3736451268196106,-0.049713683618165305,-0.1673431396484375,-0.5470348596572876,-0.08879353602037554,-0.18273824453353882,-0.6542712450027466,-0.1101336677800191,-0.1957097053527832,-0.7434149384498596,-0.12266923983202105,-0.0573498010635376,-0.3871374726295471,-0.05328548823104029,-0.04239022731781006,-0.5752750933170319,-0.09668064613447314,-0.029819369316101074,-0.7016013264656067,-0.12053303171501284,-0.017064034938812256,-0.8039971888065338,-0.12937989581928377,0.009499967098236084,-0.3489670157432556,-0.06358507771597033,0.027164161205291748,-0.3885861039161682,-0.12391406048641329,0.007830977439880371,-0.2820813059806824,-0.13125291217670565,-0.005704104900360107,-0.22078919410705566,-0.11678483088121538,0.06516396999359131,-0.28365790843963623,-0.07858708996877795,0.07122284173965454,-0.3224431276321411,-0.12409367908344393,0.045347750186920166,-0.24308496713638306,-0.11945462722883349,0.022163212299346924,-0.1907949447631836,-0.10401746381626253
V,0.0,0.0,0.0,-0.0833672285079956,-0.06956058740615845,-0.056090725564104105,-0.11161237955093384,-0.20027399063110352,-0.08211606925044634,-0.03564000129699707,-0.30619674921035767,-0.1072372142008362,0.036570072174072266,-0.37289947271347046,-0.1295472848943291,-0.1305549442768097,-0.37942057847976685,-0.04814966952119448,-0.163601815700531,-0.5528469085693359,-0.08639121239696124,-0.17818573117256165,-0.66102534532547,-0.10718632673535922,-0.1898972988128662,-0.7507639825344086,-0.11907169406924822,-0.053990960121154785,-0.39214134216308594,-0.05143324842367747,-0.03809094429016113,-0.5822198987007141,-0.09454513525281527,-0.02534306049346924,-0.7090946733951569,-0.11810016816173174,-0.011763453483581543,-0.8094730377197266,-0.12614606504951098,0.013270914554595947,-0.35313504934310913,-0.061871675752740884,0.032663166522979736,-0.39469218254089355,-0.12375948762212374,0.011565566062927246,-0.28474849462509155,-0.13212520068202593,-0.0033905506134033203,-0.22062671184539795,-0.11726407145772555,0.06973332166671753,-0.2884923219680786,-0.07698183690820315,0.07710909843444824,-0.3319203853607178,-0.12359036689315417,0.05008059740066528,-0.25081366300582886,-0.11925847267423251,0.02560591697692871,-0.19578629732131958,-0.10342971419606783
V,0.0,0.0,0.0,-0.08337479829788208,-0.07101356983184814,-0.058348841996917145,-0.11181139945983887,-0.20259207487106323,-0.0832449831385702,-0.03159952163696289,-0.30771929025650024,-0.1064121835250944,0.04269522428512573,-0.3734542727470398,-0.12671639400912227,-0.1309250295162201,-0.3807864189147949,-0.04790743816090526,-0.1638827919960022,-0.5532116889953613,-0.08603368330193462,-0.17876899242401123,-0.6613333523273468,-0.10721741247368755,-0.1911594271659851,-0.7509327530860901,-0.11932821202469768,-0.05338078737258911,-0.39360010623931885,-0.04954603690100612,-0.03798174858093262,-0.5840033888816833,-0.09050981331063213,-0.02645808458328247,-0.7098734676837921,-0.11344704407645168,-0.013976693153381348,-0.8106802403926849,-0.12154320258093776,0.013373136520385742,-0.3536107540130615,-0.058911502393016235,0.03113025426864624,-0.3981616497039795,-0.12011018771124782,0.013185203075408936,-0.29265183210372925,-0.12988199669314326,0.0019080638885498047,-0.2333507537841797,-0.11614472794724406,0.06857722997665405,-0.2860608696937561,-0.07302347946358623,0.07530099153518677,-0.3374680280685425,-0.11902109909249248,0.051085829734802246,-0.2605060338973999,-0.11502967405510844,0.030046582221984863,-0.20881259441375732,-0.09977285194588603
V,0.0,0.0,0.0,-0.08095794916152954,-0.07465565204620361,-0.05814099457620614,-0.10539546608924866,-0.20340853929519653,-0.08467983600257867,-0.02425175905227661,-0.3047139644622803,-0.11014987674116128,0.04891890287399292,-0.37169766426086426,-0.1327463701045417,-0.12471941113471985,-0.3814413547515869,-0.04692656320094102,-0.15750211477279663,-0.5533150434494019,-0.08582643565296166,-0.1719224750995636,-0.6613885164260864,-0.10710492875932687,-0.1835288107395172,-0.7511258721351624,-0.11922628578304284,-0.04947119951248169,-0.39311879873275757,-0.04951582249759667,-0.03439295291900635,-0.5808076858520508,-0.09321800020097726,-0.02125537395477295,-0.7058756351470947,-0.11708877381443017,-0.007676601409912109,-0.8067217171192169,-0.1250591441666984,0.016633570194244385,-0.3527035117149353,-0.05984661873935693,0.038531363010406494,-0.3917027711868286,-0.12400147464632028,0.017153680324554443,-0.28109103441238403,-0.13386157300828927,0.0008718371391296387,-0.2201136350631714,-0.11941401806234353,0.07208395004272461,-0.28482067584991455,-0.07488643523811334,0.08295190334320068,-0.3278409242630005,-0.12372066226362222,0.05500638484954834,-0.24565619230270386,-0.12061377760528558,0.028151273727416992,-0.1925138235092163,-0.1053328975713157
V,0.0,0.0,0.0,-0.07902729511260986,-0.07409274578094482,-0.058269235521038354,-0.10563695430755615,-0.20612579584121704,-0.08339077535219985,-0.02363044023513794,-0.31086641550064087,-0.10757700654812652,0.05385845899581909,-0.3703802227973938,-0.12898046824284393,-0.11967191100120544,-0.37995606660842896,-0.04748513850518066,-0.1528368592262268,-0.5517326295375824,-0.08592344376393157,-0.16712987422943115,-0.6600545942783356,-0.10644918981142837,-0.17885804176330566,-0.7511435449123383,-0.11759502741642791,-0.0445559024810791,-0.39209282398223877,-0.04925372379966575,-0.02704930305480957,-0.5790419578552246,-0.09212242367811996,-0.013831019401550293,-0.706178605556488,-0.11559679660149413,-0.00012934207916259766,-0.8088546395301819,-0.12266853752680618,0.021502912044525146,-0.3523082137107849,-0.05856414812751609,0.04351544380187988,-0.38886791467666626,-0.12282136383601028,0.018911302089691162,-0.2769275903701782,-0.13301519605465728,0.002530992031097412,-0.21187454462051392,-0.11720165166207153,0.07559007406234741,-0.28520411252975464,-0.07252526584215957,0.0870104432106018,-0.3346300721168518,-0.11933192166634399,0.06088477373123169,-0.25940877199172974,-0.11483022126503784,0.03969699144363403,-0.2061557173728943,-0.09778159412690002
V,0.0,0.0,0.0,-0.07868367433547974,-0.07679533958435059,-0.059561381691764836,-0.1040276288986206,-0.2079089879989624,-0.08454294373996163,-0.022523224353790283,-0.3099839687347412,-0.10853028913743401,0.0523989200592041,-0.3691501021385193,-0.12954076995856667,-0.12151387333869934,-0.38008683919906616,-0.044090690666507726,-0.15447279810905457,-0.5554132163524628,-0.08319997658736611,-0.16810199618339539,-0.663996547460556,-0.10473732521541024,-0.1802152395248413,-0.755557507276535,-0.11594711860425377,-0.04700130224227905,-0.393122136592865,-0.0452392796219101,-0.029348015785217285,-0.5815268754959106,-0.08872578164346123,-0.01626265048980713,-0.7094474136829376,-0.11269977560050393,-0.003995716571807861,-0.8119741976261139,-0.11939155926711464,0.018979251384735107,-0.3550593852996826,-0.05459198971993828,0.04210638999938965,-0.392173707485199,-0.11938114335544014,0.022658228874206543,-0.28349047899246216,-0.13065574934489632,0.009010851383209229,-0.2208251953125,-0.11499985178716088,0.07425451278686523,-0.28916049003601074,-0.06872901936776543,0.08783167600631714,-0.3365044593811035,-0.11412066092498208,0.06271481513977051,-0.2594250440597534,-0.1090362804175129,0.04167300462722778,-0.2071092128753662,-0.09157156070477868
V,0.0,0.0,0.0,-0.07547515630722046,-0.07594549655914307,-0.06021158202531751,-0.09971004724502563,-0.2034473419189453,-0.08664380936863836,-0.020316004753112793,-0.30241578817367554,-0.1117717939520162,0.05491530895233154,-0.3582422733306885,-0.13368597059491094,-0.120292067527771,-0.3787490129470825,-0.04758902444484647,-0.15375572443008423,-0.5559354722499847,-0.08623555480482992,-0.16758131980895996,-0.6647975742816925,-0.10690787612441,-0.1800820529460907,-0.7554455697536469,-0.11709868340733465,-0.04621326923370361,-0.3911314010620117,-0.04803475170376714,-0.030002355575561523,-0.5792908668518066,-0.08977481900694784,-0.01697719097137451,-0.7064333260059357,-0.11188775478842672,-0.005367696285247803,-0.8064830601215363,-0.11753386436942037,0.019511640071868896,-0.35230201482772827,-0.056494558146027885,0.04380077123641968,-0.38681185245513916,-0.11916166721823629,0.02619987726211548,-0.28002339601516724,-0.13027496068718847,0.012776196002960205,-0.21456384658813477,-0.11485596924069341,0.07389456033706665,-0.2866511344909668,-0.06981515317204412,0.09055227041244507,-0.3316316604614258,-0.1135037633681577,0.067615807056427,-0.2562292814254761,-0.1083593907857221,0.04735159873962402,-0.20084798336029053,-0.09099322735312398
V,0.0,0.0,0.0,-0.07353663444519043,-0.08023464679718018,-0.06475706032688322,-0.09626972675323486,-0.20590949058532715,-0.09171433381015959,-0.012998759746551514,-0.30122411251068115,-0.11606811366254988,0.06720423698425293,-0.3548928499221802,-0.1366824545639247,-0.11555665731430054,-0.38929522037506104,-0.053029798038551235,-0.14701804518699646,-0.5626656115055084,-0.09348514310295286,-0.16089341044425964,-0.6721196174621582,-0.11573677144224348,-0.17217835783958435,-0.7655120491981506,-0.12749699137384596,-0.03998541831970215,-0.3990752100944519,-0.05295911065513792,-0.022275269031524658,-0.5863017439842224,-0.09351817152673902,-0.009043335914611816,-0.7129775881767273,-0.11502059183294477,0.004504263401031494,-0.8137365877628326,-0.12114064774686994,0.026507318019866943,-0.35566163063049316,-0.061805415965864086,0.05338466167449951,-0.3844042420387268,-0.12440693012649717,0.03035604953765869,-0.27682632207870483,-0.13760301850015821,0.01250004768371582,-0.21590936183929443,-0.12426799169952574,0.08008092641830444,-0.2825329899787903,-0.07609018317634764,0.09805375337600708,-0.323561429977417,-0.11973679444963636,0.0717054009437561,-0.2521750330924988,-0.11678959808523359,0.04700237512588501,-0.20158100128173828,-0.10185450694734755
V,0.0,0.0,0.0,-0.07413715124130249,-0.07884705066680908,-0.06470938173345075,-0.09467095136642456,-0.20424842834472656,-0.09294922051242338,-0.01148301362991333,-0.2982509136199951,-0.11911862489989744,0.06342446804046631,-0.36015546321868896,-0.14177262184432493,-0.11660480499267578,-0.38457268476486206,-0.050782875690970286,-0.14529603719711304,-0.5624389946460724,-0.09356299934199797,-0.15783870220184326,-0.6735936999320984,-0.11743877974561201,-0.1684996485710144,-0.767488956451416,-0.13003037271312223,-0.041594743728637695,-0.3970605731010437,-0.05084761006048666,-0.02126210927963257,-0.586127758026123,-0.09583905485681044,-0.007065713405609131,-0.7151537835597992,-0.12031549361756788,0.006585180759429932,-0.8211345076560974,-0.12771275040915953,0.023714303970336914,-0.35675352811813354,-0.0599788069467877,0.05282694101333618,-0.38665688037872314,-0.12675493356994139,0.028726935386657715,-0.2758082151412964,-0.1403340190391873,0.00977635383605957,-0.21334069967269897,-0.12634819147399412,0.0771869421005249,-0.28791069984436035,-0.07440866676381575,0.09748971462249756,-0.32610654830932617,-0.12202911970427976,0.0685994029045105,-0.251059353351593,-0.12031926361134992,0.04097306728363037,-0.20168745517730713,-0.10551764217427717
V,0.0,0.0,0.0,-0.07559239864349365,-0.07453006505966187,-0.0685967761454549,-0.0991358757019043,-0.1961367130279541,-0.09965148897742893,-0.014814436435699463,-0.2904241681098938,-0.12778238536691333,0.06227320432662964,-0.3543059229850769,-0.15236398162221576,-0.11796653270721436,-0.3790134787559509,-0.056905906218048585,-0.14802145957946777,-0.5578581690788269,-0.10084178628301288,-0.15948909521102905,-0.6702479720115662,-0.12537148179387714,-0.1684877574443817,-0.7645672261714935,-0.13865778924798633,-0.041864752769470215,-0.393484890460968,-0.055800299662109865,-0.02133011817932129,-0.5860108137130737,-0.10116713823651935,-0.006970107555389404,-0.712344229221344,-0.12442643524980213,0.006649672985076904,-0.8153137266635895,-0.13116913618421222,0.02389305830001831,-0.3529910445213318,-0.06401920648193027,0.05297553539276123,-0.38902270793914795,-0.13139864386891986,0.030016839504241943,-0.2735353112220764,-0.1429756093201604,0.011854290962219238,-0.21033555269241333,-0.12779980482434894,0.07864600419998169,-0.28283077478408813,-0.07776546807860996,0.09910893440246582,-0.3277425765991211,-0.12679391683911945,0.07164150476455688,-0.25057274103164673,-0.12413873853063251,0.04486757516860962,-0.20045101642608643,-0.1086372691569295
V,0.0,0.0,0.0,-0.07240885496139526,-0.06849110126495361,-0.06970008842381503,-0.09115356206893921,-0.1895616054534912,-0.10260582349928882,-0.004950344562530518,-0.28351718187332153,-0.1319599338594344,0.0717928409576416,-0.3495355248451233,-0.15726171813639667,-0.11209052801132202,-0.3751707673072815,-0.06393845759066608,-0.14047902822494507,-0.5522388517856598,-0.10960544280442264,-0.1527157425880432,-0.6650703251361847,-0.1347173490348723,-0.16215789318084717,-0.761255145072937,-0.1490170248571303,-0.03725910186767578,-0.39183253049850464,-0.06259560219677951,-0.015015959739685059,-0.5799397230148315,-0.1104275845709708,0.0013123154640197754,-0.7068952322006226,-0.13444035134943988,0.01696014404296875,-0.8121855556964874,-0.14258250973853137,0.026747286319732666,-0.35428762435913086,-0.07017276815804507,0.06269347667694092,-0.3853166103363037,-0.1367468126836684,0.0378340482711792,-0.26895397901535034,-0.14633338533076312,0.01648998260498047,-0.20596802234649658,-0.1314742752138045,0.0806959867477417,-0.28817445039749146,-0.08386235318812396,0.10484564304351807,-0.31833702325820923,-0.13349394879969623,0.07598650455474854,-0.2403309941291809,-0.13247712336215045,0.046528160572052,-0.1918696165084839,-0.11896070472630527
V,0.0,0.0,0.0,-0.07287389039993286,-0.06447207927703857,-0.07001349395773104,-0.09256124496459961,-0.18326866626739502,-0.10591652310154132,-0.008998990058898926,-0.27576613426208496,-0.13844500547907046,0.06905531883239746,-0.3389796018600464,-0.16681353813669375,-0.11089789867401123,-0.3714512586593628,-0.06996584749481372,-0.14040851593017578,-0.5489675402641296,-0.11744586444160632,-0.15302368998527527,-0.6616191565990448,-0.1424073732521265,-0.16279250383377075,-0.7579420208930969,-0.15653619236013583,-0.03653746843338013,-0.3838714361190796,-0.06987430221101931,-0.012582838535308838,-0.5742421448230743,-0.12112420118114642,0.006044507026672363,-0.6993896961212158,-0.14483627742788485,0.023513853549957275,-0.8026242256164551,-0.15205147928259066,0.027634084224700928,-0.3430834412574768,-0.07817878639957598,0.06307387351989746,-0.37256360054016113,-0.14716456896326235,0.036411821842193604,-0.2574423551559448,-0.15407325393221072,0.014701783657073975,-0.19661617279052734,-0.13704966074487857,0.08058339357376099,-0.2737499475479126,-0.0925089276458948,0.10382354259490967,-0.3057226538658142,-0.14291517502329043,0.073311448097229,-0.22703468799591064,-0.13941922849676303,0.04452180862426758,-0.18004250526428223,-0.12396946615240267
V,0.0,0.0,0.0,-0.07127875089645386,-0.06467986106872559,-0.06585875950509035,-0.09165722131729126,-0.18514657020568848,-0.10075359843426668,-0.010549545288085938,-0.27572768926620483,-0.13294848851614915,0.06909060478210449,-0.330078125,-0.16134941629820787,-0.10662025213241577,-0.36766135692596436,-0.07039667717867815,-0.13795816898345947,-0.5472094118595123,-0.11737430892640077,-0.1508985161781311,-0.6591991186141968,-0.14202682725840532,-0.16053661704063416,-0.7549504637718201,-0.1560838227694603,-0.03147023916244507,-0.38057172298431396,-0.07189393840485536,-0.00782918930053711,-0.5704680681228638,-0.12253925256186449,0.010862410068511963,-0.6962976157665253,-0.14625594071799242,0.029273271560668945,-0.8011528253555298,-0.15389740518980943,0.03346747159957886,-0.3406442403793335,-0.08094272814446413,0.06455260515213013,-0.37093913555145264,-0.1467735921567055,0.03686565160751343,-0.25947248935699463,-0.15294475905352556,0.01637214422225952,-0.19851332902908325,-0.13638906232768022,0.08745133876800537,-0.27211982011795044,-0.09587551705294572,0.10860240459442139,-0.3039346933364868,-0.14286275259905779,0.07724332809448242,-0.23151957988739014,-0.1386260693495842,0.05023878812789917,-0.1866605281829834,-0.12335576914006197
V,0.0,0.0,0.0,-0.07081449031829834,-0.061293601989746094,-0.06560826539760001,-0.09423655271530151,-0.17678451538085938,-0.1017861464596308,-0.015406489372253418,-0.2670432925224304,-0.1351895803189791,0.06385505199432373,-0.32068103551864624,-0.16474201023345358,-0.10379749536514282,-0.3621756434440613,-0.07271940499310858,-0.1359180212020874,-0.5369065403938293,-0.12048796057467825,-0.15042716264724731,-0.6468929648399353,-0.1455931687331713,-0.16167953610420227,-0.7432011663913727,-0.16044774889712698,-0.02913588285446167,-0.3761746287345886,-0.0741975331283129,-0.010151505470275879,-0.5617532432079315,-0.1250334852910555,0.008848011493682861,-0.6845699846744537,-0.14876809954409964,0.027533352375030518,-0.788878858089447,-0.15706539392238028,0.03547722101211548,-0.3377779722213745,-0.08293641596799262,0.0637020468711853,-0.36458635330200195,-0.1488236957765139,0.037368834018707275,-0.25535356998443604,-0.1550036990619219,0.01749056577682495,-0.19384974241256714,-0.13897055625682242,0.08982473611831665,-0.27138012647628784,-0.09758164971833594,0.10874193906784058,-0.29525500535964966,-0.14514033734565146,0.07665187120437622,-0.2223110795021057,-0.14218324661021597,0.04881316423416138,-0.17599880695343018,-0.1281240159249819
V,0.0,0.0,0.0,-0.07272398471832275,-0.061351001262664795,-0.06390103818887383,-0.09548866748809814,-0.1764412522315979,-0.09957939507478386,-0.015032351016998291,-0.2633550763130188,-0.1326460775923124,0.06584316492080688,-0.3134129047393799,-0.1616372701715818,-0.10051846504211426,-0.35941147804260254,-0.07271642359012276,-0.13440990447998047,-0.5348911285400391,-0.1189545703124395,-0.14999288320541382,-0.6436003744602203,-0.14224004121535927,-0.16150590777397156,-0.7379776239395142,-0.15542753906959206,-0.024862825870513916,-0.37296223640441895,-0.07435491802209526,-0.006106913089752197,-0.5605677366256714,-0.12294458719009072,0.009428977966308594,-0.6833837926387787,-0.1459672239612928,0.025086820125579834,-0.7862380146980286,-0.1538947758268705,0.03899109363555908,-0.3337952494621277,-0.08277858914846092,0.06331086158752441,-0.36169952154159546,-0.14578990014308602,0.036501288414001465,-0.2561095356941223,-0.15155234308952004,0.017552733421325684,-0.19488495588302612,-0.13548173876517922,0.09118098020553589,-0.267556369304657,-0.096900278050839,0.10877418518066406,-0.29491478204727173,-0.1408151027750364,0.07682567834854126,-0.22741878032684326,-0.13623394938224465,0.0496479868888855,-0.1816074252128601,-0.12124718846791893
V,0.0,0.0,0.0,-0.07504016160964966,-0.05546468496322632,-0.061080543318439595,-0.10201549530029297,-0.16679728031158447,-0.0963416416138898,-0.022499382495880127,-0.2518538236618042,-0.1294145006627332,0.05883777141571045,-0.29900646209716797,-0.1585614103764783,-0.10476583242416382,-0.348393976688385,-0.07421247101729023,-0.14050504565238953,-0.5222520530223846,-0.12082685715859043,-0.15697848796844482,-0.6288539469242096,-0.1428322959632169,-0.1684390902519226,-0.7224306762218475,-0.155279787251402,-0.027922451496124268,-0.36418068408966064,-0.0768750626534711,-0.011213958263397217,-0.5475839972496033,-0.126072542735983,0.0031095147132873535,-0.6693169176578522,-0.1490658540219556,0.017268598079681396,-0.772893875837326,-0.1574802119225751,0.03650987148284912,-0.3269994258880615,-0.0857305023760091,0.057449281215667725,-0.35006558895111084,-0.14824350363915073,0.03256499767303467,-0.24752086400985718,-0.15461018867199527,0.014956831932067871,-0.18773984909057617,-0.13984582013790714,0.08968669176101685,-0.26290661096572876,-0.10002590901558506,0.10306346416473389,-0.27636009454727173,-0.14374824053948032,0.07148593664169312,-0.21095067262649536,-0.14104713685219394,0.044595956802368164,-0.1683008074760437,-0.12801872379486667
V,0.0,0.0,0.0,-0.07513487339019775,-0.05233621597290039,-0.05848740907924821,-0.1066010594367981,-0.16248995065689087,-0.09221920120137383,-0.03248190879821777,-0.24655884504318237,-0.12367629008906533,0.04432755708694458,-0.2947673201560974,-0.15171628939526727,-0.11270028352737427,-0.3450130820274353,-0.07181706028598,-0.1493391990661621,-0.5163761973381042,-0.11689179884808709,-0.1684592068195343,-0.6227709352970123,-0.13901720690148522,-0.18268507719039917,-0.7148579657077789,-0.15114973234551599,-0.03659212589263916,-0.3603711724281311,-0.07407738762515237,-0.02007734775543213,-0.5447136759757996,-0.11976809548752954,-0.006583511829376221,-0.6679527759552002,-0.14173993217366387,0.007078289985656738,-0.771917849779129,-0.14988356577771356,0.02750629186630249,-0.32413506507873535,-0.08215465890782525,0.0483020544052124,-0.35050129890441895,-0.1411779646815603,0.026732981204986572,-0.25294333696365356,-0.1468946908654516,0.012021780014038086,-0.1905009150505066,-0.13189521181004693,0.07966142892837524,-0.26178061962127686,-0.09533297764676263,0.0947566032409668,-0.28602397441864014,-0.13586446391957452,0.07033264636993408,-0.22516751289367676,-0.13070501136201074,0.049335598945617676,-0.17856180667877197,-0.11587214964049508
V,0.0,0.0,0.0,-0.07244044542312622,-0.050212740898132324,-0.05985704944555437,-0.10186031460762024,-0.16166836023330688,-0.09469120712105905,-0.024091720581054688,-0.2501082420349121,-0.12658089906994974,0.05596721172332764,-0.29869455099105835,-0.15513630719010507,-0.11151182651519775,-0.34261763095855713,-0.07614460350100671,-0.14559197425842285,-0.5167494416236877,-0.12495384127919351,-0.1612817645072937,-0.6263089179992676,-0.15095973522488748,-0.17423540353775024,-0.7203107178211212,-0.16610305518929636,-0.036170125007629395,-0.3589773178100586,-0.07885774732653772,-0.018065154552459717,-0.548367977142334,-0.128139083693668,-0.0023224949836730957,-0.671588659286499,-0.1516596725684849,0.011145710945129395,-0.7773091495037079,-0.16059227795426523,0.027986466884613037,-0.323436439037323,-0.08730175853793298,0.05567431449890137,-0.3569822907447815,-0.14806370944802438,0.035073161125183105,-0.25659745931625366,-0.15256691486661111,0.017560899257659912,-0.19359219074249268,-0.13688518614594614,0.08153760433197021,-0.259952187538147,-0.1011712378365246,0.09949153661727905,-0.2828969955444336,-0.14472872526471292,0.07407468557357788,-0.21746599674224854,-0.1396766653758732,0.048778653144836426,-0.16948729753494263,-0.12457570941273843
V,0.0,0.0,0.0,-0.08396321535110474,-0.04723227024078369,-0.05964303973348706,-0.1219349205493927,-0.154471755027771,-0.09609664070637791,-0.05235743522644043,-0.24023103713989258,-0.13004572528632252,0.021515190601348877,-0.2911263704299927,-0.16007765966685383,-0.12521502375602722,-0.34489548206329346,-0.07544940549166768,-0.1651066541671753,-0.514187753200531,-0.12267399418385594,-0.18317031860351562,-0.6202995479106903,-0.14593894618781178,-0.19712302088737488,-0.7115195095539093,-0.15852849024565785,-0.049134254455566406,-0.3619421720504761,-0.07787748265297978,-0.034309566020965576,-0.5455228090286255,-0.12781834441454976,-0.01989990472793579,-0.6695536375045776,-0.15049357551367848,-0.005752444267272949,-0.7722801268100739,-0.15770734685690968,0.01796424388885498,-0.3303684592247009,-0.08613153386147587,0.0372774600982666,-0.33888477087020874,-0.14614727932246296,0.014389336109161377,-0.23661762475967407,-0.15008863645823567,-0.0019388794898986816,-0.1725407838821411,-0.13330794709952443,0.07494640350341797,-0.2731543779373169,-0.0999617411497411,0.08525741100311279,-0.2840616703033447,-0.1391186847093877,0.059217214584350586,-0.21644920110702515,-0.1320822371843633,0.036796510219573975,-0.1684962511062622,-0.11569252449305623
V,0.0,0.0,0.0,-0.08461707830429077,-0.04606437683105469,-0.05400481873641638,-0.12832880020141602,-0.14857113361358643,-0.09016335809121756,-0.061677634716033936,-0.23475706577301025,-0.1254968350518766,0.012428641319274902,-0.29211366176605225,-0.15756093019138007,-0.1299317181110382,-0.3435773253440857,-0.07216010296235709,-0.1701173186302185,-0.5106947422027588,-0.1214566236127439,-0.18915611505508423,-0.6181930601596832,-0.14835111850391058,-0.2038644254207611,-0.7097593545913696,-0.16471947783122687,-0.05114012956619263,-0.35949283838272095,-0.07892791980395941,-0.039331138134002686,-0.544740229845047,-0.12938410097251563,-0.026530981063842773,-0.6682458519935608,-0.15529447847495703,-0.013730525970458984,-0.775806188583374,-0.16667142563949255,0.017946600914001465,-0.32244908809661865,-0.09076653474460272,0.03095954656600952,-0.3418768048286438,-0.14717096143851904,0.007520139217376709,-0.24187344312667847,-0.1483849590409818,-0.008350253105163574,-0.1811513900756836,-0.1323806648839536,0.07579302787780762,-0.2576792240142822,-0.10800541990886359,0.07700639963150024,-0.26877808570861816,-0.1455112701047483,0.04897838830947876,-0.20559394359588623,-0.13713961893211035,0.02636474370956421,-0.16351580619812012,-0.12094155752549796
V,0.0,0.0,0.0,-0.0819082260131836,-0.047284483909606934,-0.053612153768654025,-0.12415152788162231,-0.15189701318740845,-0.09113446974765793,-0.062084347009658813,-0.2363288402557373,-0.12812294417631165,0.008348047733306885,-0.29308873414993286,-0.16164720410120026,-0.12401729822158813,-0.345575749874115,-0.0766740550996019,-0.1648927927017212,-0.5150666832923889,-0.1280545478464319,-0.18274497985839844,-0.6216683089733124,-0.15650363618146912,-0.19733619689941406,-0.7142290472984314,-0.17433292025339142,-0.04591807723045349,-0.36278557777404785,-0.08553210252534882,-0.036813884973526,-0.5506203770637512,-0.1419617866874887,-0.023119837045669556,-0.6737558245658875,-0.17164340966951386,-0.008284211158752441,-0.7812771797180176,-0.18447120839368836,0.02407783269882202,-0.3304569125175476,-0.09865559989225403,0.03690516948699951,-0.3438389301300049,-0.1594610100389673,0.010601341724395752,-0.23378926515579224,-0.15937239283334748,-0.008696138858795166,-0.16885298490524292,-0.14156407469522492,0.08422213792800903,-0.2718426585197449,-0.11739186549198166,0.08585184812545776,-0.28177356719970703,-0.15854020768415467,0.05745643377304077,-0.2078874111175537,-0.1488968020082666,0.03381472826004028,-0.15929722785949707,-0.1309190427662088
V,0.0,0.0,0.0,-0.08281674981117249,-0.0469091534614563,-0.05274032982299559,-0.12744468450546265,-0.15435415506362915,-0.08873805957148306,-0.06771042943000793,-0.2405151128768921,-0.1248526255996012,0.00045603513717651367,-0.2966374158859253,-0.15758216934511893,-0.12466177344322205,-0.3487008810043335,-0.07087497221539252,-0.16611629724502563,-0.5168891549110413,-0.12052079843590491,-0.18461737036705017,-0.6226666569709778,-0.1472852285415911,-0.1990615725517273,-0.7151232659816742,-0.16368665354559653,-0.0456467866897583,-0.36541610956192017,-0.08033712016651862,-0.037743210792541504,-0.5497010350227356,-0.13676208811114066,-0.024955719709396362,-0.6731104552745819,-0.16576318996260397,-0.01170852780342102,-0.7789221107959747,-0.17718554096529715,0.026107430458068848,-0.3351185917854309,-0.09449812578270667,0.03288763761520386,-0.3462139368057251,-0.15800382750342123,0.007444620132446289,-0.23043274879455566,-0.15774576919386618,-0.010827749967575073,-0.16155022382736206,-0.13825621264288657,0.08873909711837769,-0.27940434217453003,-0.11401387857506506,0.08601206541061401,-0.2904614210128784,-0.15613319533179038,0.05670452117919922,-0.20876526832580566,-0.14511345880339377,0.03357195854187012,-0.15568947792053223,-0.1254537905962252
V,0.0,0.0,0.0,-0.08307716250419617,-0.04604804515838623,-0.0523242629520837,-0.1300572156906128,-0.1500459909439087,-0.08897204840707218,-0.07256770133972168,-0.23735344409942627,-0.126010650341982,-0.0044138431549072266,-0.2952449321746826,-0.15937236840056812,-0.1250351071357727,-0.3488394021987915,-0.06960041219520008,-0.1696886122226715,-0.5172020494937897,-0.1200694009118024,-0.1895619034767151,-0.6235955059528351,-0.14772456282901203,-0.2039424180984497,-0.715986967086792,-0.1646400927953664,-0.046331316232681274,-0.3636125922203064,-0.07947166407632267,-0.04126328229904175,-0.5476077198982239,-0.13691686982440388,-0.030692875385284424,-0.6730733811855316,-0.16685111219214832,-0.0185011625289917,-0.7799888849258423,-0.17895057195948993,0.02512836456298828,-0.3319581151008606,-0.0940647959165517,0.029488861560821533,-0.349409818649292,-0.15842817122268116,0.005788981914520264,-0.23561882972717285,-0.15733593100833332,-0.009379744529724121,-0.1654788851737976,-0.13694214219378864,0.08725768327713013,-0.2743436098098755,-0.11397313470172321,0.08096712827682495,-0.29150503873825073,-0.15659862155246174,0.05187410116195679,-0.21036148071289062,-0.14445798987674152,0.03043752908706665,-0.15488481521606445,-0.12360809886979496
V,0.0,0.0,0.0,-0.08096322417259216,-0.04271882772445679,-0.0530935436506752,-0.12865781784057617,-0.14676254987716675,-0.08980557546215095,-0.07298535108566284,-0.23583263158798218,-0.1265205167253498,-0.007048487663269043,-0.29543906450271606,-0.15965181812839546,-0.12395879626274109,-0.34748291969299316,-0.0727025367339138,-0.1683349311351776,-0.5161610543727875,-0.1252400152404789,-0.18793869018554688,-0.623745858669281,-0.15454845354156532,-0.20154491066932678,-0.7171748578548431,-0.17305103168087044,-0.04496321082115173,-0.3659731149673462,-0.08242099210815468,-0.0410882830619812,-0.550362229347229,-0.14276398942070045,-0.032137781381607056,-0.6760452389717102,-0.1749890021999363,-0.020761638879776,-0.783140629529953,-0.18849382028179207,0.02678963541984558,-0.33619505167007446,-0.0965517856200222,0.02971777319908142,-0.3477829694747925,-0.16268332526283302,0.0022527873516082764,-0.23287636041641235,-0.16264337524967232,-0.01523125171661377,-0.1624419093132019,-0.14309308156566658,0.08851906657218933,-0.27998727560043335,-0.1160823203642849,0.07813605666160583,-0.28008466958999634,-0.1620599351842884,0.045656055212020874,-0.19654065370559692,-0.15277418717937508,0.02242255210876465,-0.14208227396011353,-0.13356238827304878
V,0.0,0.0,0.0,-0.08207547664642334,-0.04416799545288086,-0.05069821524546114,-0.13045164942741394,-0.1521923542022705,-0.08603706780002085,-0.07596883177757263,-0.24589544534683228,-0.12194365832135645,-0.009951800107955933,-0.3054317235946655,-0.15427356037423579,-0.12749332189559937,-0.352519154548645,-0.06836233857200114,-0.17373809218406677,-0.5221246480941772,-0.11850418719575373,-0.19457033276557922,-0.6290020048618317,-0.14627981755063502,-0.20903849601745605,-0.7209070324897766,-0.16384377154633967,-0.04685616493225098,-0.37034571170806885,-0.07902043136880366,-0.043801575899124146,-0.5573954582214355,-0.13696939322278467,-0.03647887706756592,-0.6829219162464142,-0.1682956573657748,-0.026075422763824463,-0.7897956073284149,-0.181239893763518,0.026416122913360596,-0.3382542133331299,-0.09392130199000803,0.021967560052871704,-0.3572670817375183,-0.15832740637586085,-0.006033867597579956,-0.24043172597885132,-0.15729351910874811,-0.021773099899291992,-0.16861391067504883,-0.1369242874078509,0.08941245079040527,-0.27959585189819336,-0.1138856989435908,0.07241308689117432,-0.2905266284942627,-0.15750128599927393,0.040383219718933105,-0.20926976203918457,-0.1462454405717608,0.02047067880630493,-0.15511935949325562,-0.1257194784574267
V,0.0,0.0,0.0,-0.08305072784423828,-0.04185909032821655,-0.052925126087757235,-0.13576391339302063,-0.14784598350524902,-0.08885647116312612,-0.08098691701889038,-0.24268001317977905,-0.12481622902760137,-0.01370304822921753,-0.30579525232315063,-0.15695857761511434,-0.13374900817871094,-0.3513656258583069,-0.07025571672329534,-0.18040433526039124,-0.5207366943359375,-0.12009243426928151,-0.20159369707107544,-0.6270464062690735,-0.14786821363577474,-0.21568626165390015,-0.7184767127037048,-0.1656811064303838,-0.05310338735580444,-0.3687713146209717,-0.07978848127731908,-0.05236700177192688,-0.5553829073905945,-0.1363045400203191,-0.046663105487823486,-0.6828917860984802,-0.1669839596570455,-0.03701135516166687,-0.7908682525157928,-0.18028239665636647,0.020113259553909302,-0.3366307020187378,-0.09391019253143895,0.015742093324661255,-0.35768264532089233,-0.15701187906870473,-0.01131477952003479,-0.2436339259147644,-0.1564047461570226,-0.026255130767822266,-0.17284232378005981,-0.1372178917945348,0.08309581875801086,-0.2781032919883728,-0.11344875900158513,0.06514802575111389,-0.2881917953491211,-0.15707769749769795,0.03404438495635986,-0.20797783136367798,-0.1470443433345281,0.014814585447311401,-0.15442967414855957,-0.1278981542409383
V,0.0,0.0,0.0,-0.08233270049095154,-0.042184412479400635,-0.046473758729803194,-0.13807347416877747,-0.15114033222198486,-0.07862444824229442,-0.08744993805885315,-0.247902512550354,-0.11210869109879695,-0.021506279706954956,-0.309481143951416,-0.14261080926905834,-0.13513502478599548,-0.3542691469192505,-0.061851537289726366,-0.18176651000976562,-0.5204596519470215,-0.10899397588025295,-0.20279362797737122,-0.6250427961349487,-0.13536723560343944,-0.21714934706687927,-0.7143067419528961,-0.15215908593188487,-0.0543973445892334,-0.3718911409378052,-0.07348087287198268,-0.05464288592338562,-0.5614326596260071,-0.1282347053910371,-0.049835532903671265,-0.6899674534797668,-0.15867321795474254,-0.04101920127868652,-0.7972519397735596,-0.1715645403290864,0.01946297287940979,-0.34107136726379395,-0.0892174900199052,0.01139107346534729,-0.36578667163848877,-0.1521626473094102,-0.016407042741775513,-0.24840575456619263,-0.15329169339190685,-0.03137972950935364,-0.1737504005432129,-0.13475786751757823,0.08353015780448914,-0.2849385738372803,-0.1094978809977647,0.05937555432319641,-0.29500991106033325,-0.15411075061808788,0.02657848596572876,-0.20976924896240234,-0.14519581800948345,0.0064303576946258545,-0.1515156626701355,-0.12639147645484172
V,0.0,0.0,0.0,-0.08323004841804504,-0.04471629858016968,-0.047123388770387464,-0.1370411515235901,-0.1552581787109375,-0.07784039286093503,-0.08733251690864563,-0.25466257333755493,-0.1100081702800253,-0.02294158935546875,-0.3175431489944458,-0.13886704799847394,-0.13687407970428467,-0.3559214472770691,-0.056791742715404325,-0.18496030569076538,-0.5203894674777985,-0.10196497795300274,-0.20677852630615234,-0.6244682967662811,-0.12669817862229138,-0.2219504415988922,-0.7128562033176422,-0.14205389973835736,-0.05733448266983032,-0.37346792221069336,-0.06803492960648327,-0.05748826265335083,-0.5647952556610107,-0.12204170731024533,-0.053711116313934326,-0.694296658039093,-0.1520986979933241,-0.044896453619003296,-0.8000160157680511,-0.16426563021855145,0.015876740217208862,-0.3416547179222107,-0.08388983217196255,0.009385287761688232,-0.3734714984893799,-0.14853501078800946,-0.016848504543304443,-0.25491684675216675,-0.15050890800671368,-0.030816078186035156,-0.18122637271881104,-0.13149697837548047,0.08019125461578369,-0.28501731157302856,-0.10410765317396908,0.06046181917190552,-0.3083578944206238,-0.14933244642929822,0.02868872880935669,-0.22176027297973633,-0.13984767851547986,0.00830194354057312,-0.16278034448623657,-0.12036553529219418
V,0.0,0.0,0.0,-0.08566087484359741,-0.044823408126831055,-0.04548647450610588,-0.140874981880188,-0.15773165225982666,-0.07566579999729584,-0.09092804789543152,-0.2571396231651306,-0.10777100744053314,-0.025529325008392334,-0.31968480348587036,-0.13661912652059982,-0.13817203044891357,-0.357769250869751,-0.05626190649672935,-0.18770930171012878,-0.5245940089225769,-0.10103409560724685,-0.20967352390289307,-0.629221647977829,-0.1252094713072438,-0.22534975409507751,-0.7179758250713348,-0.14013562174841354,-0.05769339203834534,-0.3743070363998413,-0.06797598870798538,-0.0594978928565979,-0.5657339096069336,-0.12181447269722412,-0.056550174951553345,-0.6965955793857574,-0.1520976630072255,-0.04833760857582092,-0.8032104671001434,-0.16476962538763473,0.015717923641204834,-0.3419525623321533,-0.08404799374147842,0.0061473846435546875,-0.37411487102508545,-0.1474577841381688,-0.018964409828186035,-0.2579532861709595,-0.14960526498362015,-0.0321374237537384,-0.1835566759109497,-0.13106155963942,0.08001342415809631,-0.2857797145843506,-0.10439971657797287,0.05833563208580017,-0.31081622838974,-0.14808792444273422,0.027762293815612793,-0.22708266973495483,-0.13847752483889053,0.00777164101600647,-0.16714167594909668,-0.11919577988192032
V,0.0,0.0,0.0,-0.08594894409179688,-0.044159531593322754,-0.04321732353321295,-0.14468294382095337,-0.16037237644195557,-0.07165301572433691,-0.09530752897262573,-0.2625614404678345,-0.10265172254196386,-0.027146965265274048,-0.3227728009223938,-0.130852050892031,-0.14112669229507446,-0.3613530993461609,-0.052907947263634014,-0.18849673867225647,-0.5270406901836395,-0.09699047338119726,-0.2101222574710846,-0.6317952573299408,-0.12109066527239065,-0.22597642242908478,-0.7192950248718262,-0.13621141742817144,-0.06047558784484863,-0.37680768966674805,-0.06566163133732061,-0.06173276901245117,-0.5682956874370575,-0.11861058305851202,-0.05909132957458496,-0.699983149766922,-0.1487995160733817,-0.05169674754142761,-0.8069977462291718,-0.16157036255947332,0.013326048851013184,-0.34357941150665283,-0.08269479107013922,0.0032089650630950928,-0.37647831439971924,-0.1457363737737296,-0.023348957300186157,-0.2604304552078247,-0.1486043108617423,-0.03755545616149902,-0.18459516763687134,-0.13071296345344763,0.07739463448524475,-0.2860860228538513,-0.10383059065691214,0.05344995856285095,-0.3073049783706665,-0.14845087360492926,0.020952492952346802,-0.22305631637573242,-0.14000285398117285,2.6404857635498047e-05,-0.1612381935119629,-0.12142232786766272
V,0.0,0.0,0.0,-0.08773580193519592,-0.0458599328994751,-0.042767312996602413,-0.14690181612968445,-0.16517245769500732,-0.07089036392471826,-0.09476456046104431,-0.26635509729385376,-0.10169111626646554,-0.02428463101387024,-0.32486361265182495,-0.1299902318646673,-0.14170849323272705,-0.3609098792076111,-0.05580680506727731,-0.18864557147026062,-0.5296026468276978,-0.10014872687361276,-0.21034467220306396,-0.6348809897899628,-0.12391501354477441,-0.2263171225786209,-0.7233809232711792,-0.13858665215275323,-0.06031063199043274,-0.3784381151199341,-0.06862853156826532,-0.06085291504859924,-0.5734986066818237,-0.12032372193834817,-0.058551788330078125,-0.7057921290397644,-0.14941695021889245,-0.051661133766174316,-0.8132819533348083,-0.16178483950398004,0.014749705791473389,-0.3465524911880493,-0.08543557363054788,0.00262296199798584,-0.3791002035140991,-0.14652788328430688,-0.021626681089401245,-0.26075029373168945,-0.14869583832523858,-0.03288567066192627,-0.18231528997421265,-0.13083082126877343,0.07960423827171326,-0.29025793075561523,-0.10641492592594659,0.05251774191856384,-0.31117063760757446,-0.14845180200836694,0.021889537572860718,-0.22839105129241943,-0.13882814037106073,0.005150198936462402,-0.16750413179397583,-0.11996429847977197
V,0.0,0.0,0.0,-0.0854085385799408,-0.045561909675598145,-0.04265194476704437,-0.1435290277004242,-0.16699206829071045,-0.06871548758010704,-0.09052199125289917,-0.272746205329895,-0.09724785850505668,-0.018075495958328247,-0.3329837918281555,-0.12299707994918663,-0.13936877250671387,-0.3651508688926697,-0.05011395082931358,-0.18884804844856262,-0.5331585109233856,-0.09221008137922126,-0.210420161485672,-0.6383165419101715,-0.11404248044948417,-0.22638078033924103,-0.727837860584259,-0.12707957343320686,-0.059237658977508545,-0.3796653151512146,-0.06185382695059616,-0.05836084485054016,-0.569463700056076,-0.11285793499212105,-0.056644946336746216,-0.7018523812294006,-0.1410068543360694,-0.0507446825504303,-0.8108843863010406,-0.15181851104955513,0.01340186595916748,-0.34618204832077026,-0.07801491485099632,0.006969749927520752,-0.3728671073913574,-0.14165128485421974,-0.019092917442321777,-0.2548481822013855,-0.14562210158567268,-0.03237912058830261,-0.1800079345703125,-0.12725536243181068,0.07598862051963806,-0.2878301739692688,-0.09801418052177269,0.05699095129966736,-0.3067076802253723,-0.14322782770852882,0.02682432532310486,-0.21964424848556519,-0.1352206738398536,0.00795409083366394,-0.15735483169555664,-0.11625379041890938
V,0.0,0.0,0.0,-0.08696505427360535,-0.04804551601409912,-0.042510144331004085,-0.14559900760650635,-0.16897672414779663,-0.06926224000051207,-0.09349590539932251,-0.27535539865493774,-0.09812511123016066,-0.02220126986503601,-0.3376343846321106,-0.12414782113626188,-0.14372968673706055,-0.361106812953949,-0.0544916427810449,-0.19151213765144348,-0.533063143491745,-0.09852236873700804,-0.21220716834068298,-0.638269692659378,-0.12109338111474699,-0.22771517932415009,-0.7281543910503387,-0.13432145483091062,-0.06316602230072021,-0.38055020570755005,-0.06594585246637052,-0.061700403690338135,-0.5742790102958679,-0.11693735040023512,-0.05780738592147827,-0.7036439180374146,-0.14445011682107634,-0.0511743426322937,-0.8114301264286041,-0.1548866964061517,0.010743170976638794,-0.3511110544204712,-0.08137943214967436,0.002722442150115967,-0.3708968758583069,-0.14163253075673765,-0.02405846118927002,-0.25569069385528564,-0.14416784412458128,-0.03799942135810852,-0.18409579992294312,-0.12628710634305662,0.07418516278266907,-0.295793354511261,-0.10094390428855604,0.05308249592781067,-0.3024481534957886,-0.14159447319104856,0.02214735746383667,-0.2197415828704834,-0.13226265079572386,0.0031572282314300537,-0.16333729028701782,-0.11348306006982511
V,0.0,0.0,0.0,-0.08671078085899353,-0.0455554723739624,-0.0442774501502754,-0.14330726861953735,-0.16985750198364258,-0.07090392530562895,-0.08909156918525696,-0.28168755769729614,-0.09930551618936079,-0.018710851669311523,-0.34809428453445435,-0.12501720905902403,-0.1460782289505005,-0.3628390431404114,-0.05476302475335615,-0.19297575950622559,-0.5340707898139954,-0.09841793597342985,-0.2146395444869995,-0.6403103172779083,-0.12108618587853925,-0.2315416932106018,-0.7301625609397888,-0.13428714693191068,-0.06615594029426575,-0.3796233534812927,-0.06532526583077924,-0.06473475694656372,-0.5744210481643677,-0.11571597129704969,-0.05932122468948364,-0.7048219740390778,-0.1423001271546127,-0.05160963535308838,-0.8118471503257751,-0.15202811182143705,0.007362067699432373,-0.34754979610443115,-0.08013041884305494,0.004280358552932739,-0.3747490644454956,-0.14153122723701017,-0.022068142890930176,-0.25813692808151245,-0.1433740985453369,-0.03635469079017639,-0.18279904127120972,-0.12446804911496656,0.0694892406463623,-0.2898334264755249,-0.09905608565213697,0.05321550369262695,-0.3082321286201477,-0.14122971714141386,0.023441851139068604,-0.22522151470184326,-0.13107530594470518,0.005066573619842529,-0.16543465852737427,-0.11122359157207029
V,0.0,0.0,0.0,-0.08860594034194946,-0.04549837112426758,-0.04487738349689607,-0.14461997151374817,-0.17037004232406616,-0.07090071552647714,-0.08665373921394348,-0.2817348837852478,-0.09862764143599634,-0.015929818153381348,-0.34856438636779785,-0.12415777855767374,-0.1488310694694519,-0.3620424270629883,-0.05465812199963693,-0.1950707733631134,-0.5328857898712158,-0.09728168660058145,-0.21689748764038086,-0.6392948925495148,-0.119308732088939,-0.23476985096931458,-0.7294601202011108,-0.13238125258340006,-0.06835168600082397,-0.3788500428199768,-0.06455377453221445,-0.06740301847457886,-0.5727536082267761,-0.11267533117188577,-0.06131887435913086,-0.70244100689888,-0.13821064644707803,-0.05401858687400818,-0.8101484477519989,-0.14785022252453928,0.0049124062061309814,-0.3464667797088623,-0.07885965668810968,0.002858072519302368,-0.3723592758178711,-0.13889125698460703,-0.022085100412368774,-0.25563496351242065,-0.14122750574006204,-0.035526663064956665,-0.18099194765090942,-0.12326978110922937,0.06655237078666687,-0.2882199287414551,-0.09734633528842096,0.05146077275276184,-0.3046727180480957,-0.13924968951596384,0.022425323724746704,-0.22081440687179565,-0.12983589583291177,0.004480153322219849,-0.1603790521621704,-0.11090491675986414
V,0.0,0.0,0.0,-0.09085813164710999,-0.046250879764556885,-0.04628879486006099,-0.1451748013496399,-0.17060786485671997,-0.07338060347717601,-0.08792749047279358,-0.281588613986969,-0.10195860175770122,-0.018516629934310913,-0.3477404713630676,-0.12818309573810893,-0.1493714451789856,-0.363771915435791,-0.0561994752137025,-0.19595956802368164,-0.5365950465202332,-0.09994044063967067,-0.2175317406654358,-0.6443201899528503,-0.12270884869974452,-0.2349787950515747,-0.7358197867870331,-0.1359774908272584,-0.07059559226036072,-0.38079845905303955,-0.06584063826483089,-0.06762674450874329,-0.5746742188930511,-0.11528106687944728,-0.06035253405570984,-0.7049433290958405,-0.14101755528133708,-0.05207526683807373,-0.8135535418987274,-0.15041442124527293,0.0011262893676757812,-0.3488543629646301,-0.08011045216005641,0.004637718200683594,-0.37707334756851196,-0.1416004738060792,-0.020313262939453125,-0.26078689098358154,-0.1442218562809785,-0.03395265340805054,-0.1855955719947815,-0.12598840801399547,0.061559975147247314,-0.2905735969543457,-0.09869138805549937,0.05136466026306152,-0.31024008989334106,-0.1413864037243684,0.022735178470611572,-0.22713178396224976,-0.13195931820553142,0.00398099422454834,-0.16675060987472534,-0.11275060383957225
V,0.0,0.0,0.0,-0.0904148519039154,-0.051229238510131836,-0.046987961392687794,-0.1416274607181549,-0.17306119203567505,-0.07574507908134365,-0.08303341269493103,-0.27892136573791504,-0.10582304314880275,-0.015075623989105225,-0.3460000157356262,-0.13342369661836528,-0.14386078715324402,-0.3719422221183777,-0.057544398467825886,-0.18931913375854492,-0.5432215929031372,-0.1005077691486349,-0.21059125661849976,-0.6511333882808685,-0.1224976213386526,-0.22656935453414917,-0.7426206171512604,-0.13508121238260173,-0.06565257906913757,-0.38541263341903687,-0.06721873150377178,-0.06009852886199951,-0.5820323824882507,-0.1153310941269865,-0.05318215489387512,-0.7125823795795441,-0.1404732422640791,-0.04417908191680908,-0.8220800161361694,-0.14960567222146892,0.005430877208709717,-0.3492966294288635,-0.08153976814060115,0.0056378841400146484,-0.3778918385505676,-0.14200870261697673,-0.020911306142807007,-0.26402223110198975,-0.14516874716787243,-0.03385999798774719,-0.1931915283203125,-0.12751178012399578,0.06445980072021484,-0.2874132990837097,-0.10006288753061199,0.05241483449935913,-0.3146641254425049,-0.14065813587217235,0.023685753345489502,-0.23394858837127686,-0.13018020556478405,0.006914079189300537,-0.1767270565032959,-0.11073451058177852
V,0.0,0.0,0.0,-0.08733835816383362,-0.05293631553649902,-0.04655760855848712,-0.13733649253845215,-0.17767971754074097,-0.07411957488830012,-0.07520771026611328,-0.28484082221984863,-0.10318168209369105,-0.004079163074493408,-0.35293102264404297,-0.12987942205245417,-0.1410067081451416,-0.37485271692276,-0.054949514134477795,-0.18713849782943726,-0.548152893781662,-0.09701906846339625,-0.2079644799232483,-0.6568044424057007,-0.11896711544568461,-0.22421994805335999,-0.7487396597862244,-0.13182275698954982,-0.06221604347229004,-0.38831156492233276,-0.06431559429938716,-0.056999534368515015,-0.5845110714435577,-0.11042355702693385,-0.04879128932952881,-0.7147246301174164,-0.134977764947962,-0.039720624685287476,-0.8228241503238678,-0.1443163226681463,0.008515596389770508,-0.3509190082550049,-0.07861680494124812,0.007011830806732178,-0.3806558847427368,-0.13769634769732875,-0.016972362995147705,-0.26959550380706787,-0.14184939072902125,-0.028825581073760986,-0.19902682304382324,-0.12543339238936824,0.06723195314407349,-0.28785818815231323,-0.0971213947373144,0.05471086502075195,-0.31626319885253906,-0.1381774614887945,0.025910913944244385,-0.23815208673477173,-0.12928707109267634,0.0079689621925354,-0.18018704652786255,-0.11114993648106974
V,0.0,0.0,0.0,-0.08714044094085693,-0.054947614669799805,-0.048589216424602455,-0.1359013020992279,-0.17931723594665527,-0.0767374465898456,-0.07492586970329285,-0.2854081988334656,-0.10602300415791888,-0.004739522933959961,-0.35432690382003784,-0.13278788129844088,-0.13982734084129333,-0.3762946128845215,-0.05671706969894785,-0.1828957200050354,-0.5511950254440308,-0.09966264466800112,-0.20233497023582458,-0.6597822904586792,-0.1221502924994411,-0.2174631953239441,-0.7520109415054321,-0.13518066505946535,-0.059718430042266846,-0.3894229531288147,-0.0656225139931621,-0.050969451665878296,-0.5866644382476807,-0.11247660021342654,-0.041557759046554565,-0.716780960559845,-0.13744598428763766,-0.03128087520599365,-0.8246455490589142,-0.14704981247939486,0.01107865571975708,-0.3511601686477661,-0.07964649598159212,0.014007151126861572,-0.38463181257247925,-0.13974855641879458,-0.010045230388641357,-0.2712550163269043,-0.14382470945872683,-0.02227783203125,-0.1994118094444275,-0.12716176907576937,0.06885915994644165,-0.2874135375022888,-0.09805067430295367,0.06059908866882324,-0.31518006324768066,-0.13987964193381686,0.03196841478347778,-0.23699194192886353,-0.13110334972895998,0.013454914093017578,-0.17935514450073242,-0.11287016968287844
V,0.0,0.0,0.0,-0.08580425381660461,-0.054666340351104736,-0.046925211100415254,-0.13460540771484375,-0.1800791621208191,-0.07467711880667594,-0.07245180010795593,-0.284584105014801,-0.10383128538592246,-0.001738131046295166,-0.35131460428237915,-0.13084013178809073,-0.13537383079528809,-0.37831974029541016,-0.058085823206738496,-0.17744877934455872,-0.5533231496810913,-0.10213326081498053,-0.19678467512130737,-0.6618844270706177,-0.12540196791155722,-0.21109896898269653,-0.7547267973423004,-0.13907816424830344,-0.05511161684989929,-0.38931822776794434,-0.06778553292019751,-0.04534369707107544,-0.5854724049568176,-0.11615744396908667,-0.03465449810028076,-0.7163360416889191,-0.14188229456408408,-0.02232450246810913,-0.8260700702667236,-0.1521051467941561,0.015824854373931885,-0.3499929904937744,-0.08221613034470465,0.01978522539138794,-0.3797709345817566,-0.14339593961699393,-0.008785843849182129,-0.265383780002594,-0.14764175727827933,-0.024428188800811768,-0.1926792860031128,-0.1313154043243685,0.07350093126296997,-0.2854476571083069,-0.10086482182009604,0.06404733657836914,-0.30681127309799194,-0.1442260535047808,0.03185397386550903,-0.2265232801437378,-0.13610042050345328,0.010692179203033447,-0.16893869638442993,-0.11832176312668707
V,0.0,0.0,0.0,-0.08422204852104187,-0.05663025379180908,-0.04484883880365942,-0.13331425189971924,-0.18039041757583618,-0.07206561600912664,-0.07217785716056824,-0.2810547351837158,-0.10086222922552679,0.0007089972496032715,-0.34002286195755005,-0.12782938217867468,-0.12618646025657654,-0.3812292218208313,-0.056523395684848765,-0.16521590948104858,-0.5558966398239136,-0.09858371501911734,-0.18269410729408264,-0.662880003452301,-0.1205317471002445,-0.19588962197303772,-0.7542624175548553,-0.1331815365527973,-0.04597046971321106,-0.39013755321502686,-0.06642875259865377,-0.03355187177658081,-0.5856563448905945,-0.11222642844666098,-0.021931350231170654,-0.7149620950222015,-0.13706109857309912,-0.009518325328826904,-0.8224242925643921,-0.14701370334375952,0.023680150508880615,-0.3506302833557129,-0.08078390544403646,0.023025691509246826,-0.3792304992675781,-0.13923116957892034,-0.006156980991363525,-0.2693633437156677,-0.1449123713945255,-0.021996021270751953,-0.19811010360717773,-0.13020572995890234,0.08068346977233887,-0.28729790449142456,-0.09907109474886511,0.0689617395401001,-0.31297624111175537,-0.13966349696863745,0.03694850206375122,-0.23402225971221924,-0.13143713211763952,0.015926241874694824,-0.17504066228866577,-0.11420350706328009
V,0.0,0.0,0.0,-0.08265236020088196,-0.05757176876068115,-0.03939964330015755,-0.13560032844543457,-0.19019895792007446,-0.06365530273137665,-0.07285213470458984,-0.28751659393310547,-0.09013458421645737,0.004477083683013916,-0.3364177942276001,-0.11550591221271134,-0.1134493350982666,-0.39018845558166504,-0.05561152553377724,-0.1494663953781128,-0.5636070668697357,-0.0963530846518097,-0.16604366898536682,-0.6713663339614868,-0.11724528005538559,-0.17855173349380493,-0.7639490067958832,-0.129758440760952,-0.03336286544799805,-0.39515793323516846,-0.06732465407071686,-0.020943820476531982,-0.5876858830451965,-0.11219431540189362,-0.00857686996459961,-0.7162602543830872,-0.13694762518821335,0.005465269088745117,-0.8240740895271301,-0.14708215823588944,0.036624372005462646,-0.35341256856918335,-0.08245757302461243,0.030054152011871338,-0.3707900643348694,-0.1386140816491661,-0.005257248878479004,-0.2632964253425598,-0.1458198808711586,-0.023078739643096924,-0.19102108478546143,-0.13302148213801956,0.09283077716827393,-0.28891855478286743,-0.10105507901130295,0.0666397213935852,-0.2907631993293762,-0.14086554279742813,0.02819383144378662,-0.2106773853302002,-0.13520198395667649,0.006827116012573242,-0.15298521518707275,-0.12027703305898285
V,0.0,0.0,0.0,-0.07948040962219238,-0.06406182050704956,-0.038060253878938965,-0.1310056447982788,-0.19394177198410034,-0.0644154831970809,-0.07329553365707397,-0.28657060861587524,-0.09355170877825003,0.0026552677154541016,-0.33402132987976074,-0.12148476990114432,-0.09833082556724548,-0.39546847343444824,-0.05612159373413306,-0.12792086601257324,-0.5690042972564697,-0.09784779550682288,-0.14139646291732788,-0.6759319603443146,-0.1193953365291236,-0.14953801035881042,-0.768317312002182,-0.13208328040491324,-0.018241822719573975,-0.3942759037017822,-0.06944379063497763,-0.0025531649589538574,-0.5853926539421082,-0.11531077178369742,0.01269984245300293,-0.7141231000423431,-0.1412713661993621,0.030729711055755615,-0.8204425275325775,-0.15223815890203696,0.051220834255218506,-0.34712815284729004,-0.08586819322954398,0.039353132247924805,-0.3658563494682312,-0.1442964509333251,-0.006494104862213135,-0.2625589966773987,-0.1535454377735732,-0.03269892930984497,-0.18908178806304932,-0.14171138258825522,0.10491514205932617,-0.2771857976913452,-0.1052712708915351,0.07182389497756958,-0.2818124294281006,-0.14711539300333243,0.025493979454040527,-0.20682752132415771,-0.142222477516043,-0.0032399892807006836,-0.1479734182357788,-0.12737706156622153
V,0.0,0.0,0.0,-0.07838389277458191,-0.06925678253173828,-0.034469935913193694,-0.1302967071533203,-0.20590001344680786,-0.05871316032539653,-0.0753638744354248,-0.29003798961639404,-0.08648784073125171,0.003994584083557129,-0.32154935598373413,-0.11349916072617816,-0.08299639821052551,-0.4027475118637085,-0.05082242550383853,-0.10567119717597961,-0.5753147602081299,-0.089541811366189,-0.11393576860427856,-0.6808923482894897,-0.10920353593360232,-0.117398202419281,-0.7712701261043549,-0.12095108242760944,-0.0050048828125,-0.3954731225967407,-0.06491324665080356,0.018734097480773926,-0.582118570804596,-0.10887507708798694,0.03815585374832153,-0.7067723274230957,-0.13425747664700793,0.05961203575134277,-0.8101551234722137,-0.14483831437360095,0.06115555763244629,-0.34518349170684814,-0.0818070432735567,0.04059654474258423,-0.36745309829711914,-0.13762791069279956,-0.007753312587738037,-0.2686457633972168,-0.14709031196366595,-0.03322681784629822,-0.19742077589035034,-0.1357783338619356,0.11129581928253174,-0.2738457918167114,-0.10147575648556995,0.07105910778045654,-0.28378385305404663,-0.14158841582070636,0.02467978000640869,-0.2126542329788208,-0.13729662807713794,-0.0008835196495056152,-0.15596908330917358,-0.12316258611213016
V,0.0,0.0,0.0,-0.07943341135978699,-0.06658661365509033,-0.038243909860625536,-0.13303020596504211,-0.19871807098388672,-0.06591052332021263,-0.08340427279472351,-0.2851065397262573,-0.09618374475337532,-0.007233858108520508,-0.3217758536338806,-0.1250725738058236,-0.07833626866340637,-0.40261977910995483,-0.05633745112515953,-0.09445691108703613,-0.5750833749771118,-0.09646226235724953,-0.09916937351226807,-0.6802658140659332,-0.11701283373929527,-0.09875917434692383,-0.770541250705719,-0.12995990135766533,-0.00038248300552368164,-0.39430832862854004,-0.06922845312453774,0.028856277465820312,-0.575504332780838,-0.11471801766253975,0.05483883619308472,-0.6971947252750397,-0.14080986895658043,0.08110707998275757,-0.7987717390060425,-0.15241084017850426,0.063973069190979,-0.3433970808982849,-0.08501174815989998,0.0386577844619751,-0.36814218759536743,-0.14112686135865715,-0.012275338172912598,-0.275939404964447,-0.15077476718522576,-0.04018199443817139,-0.20902574062347412,-0.14087179818250206,0.11166876554489136,-0.27096837759017944,-0.10397211977340248,0.06466054916381836,-0.27544063329696655,-0.14557765939332512,0.01616084575653076,-0.20728051662445068,-0.14323363223172692,-0.011136770248413086,-0.15353935956954956,-0.13088377335168389
V,0.0,0.0,0.0,-0.08153390884399414,-0.06385266780853271,-0.03888892542238409,-0.1339925229549408,-0.20339643955230713,-0.06527079056616003,-0.08252665400505066,-0.2911995053291321,-0.09428275536413366,-0.0019533634185791016,-0.32006675004959106,-0.1221229226481455,-0.07420176267623901,-0.4027886390686035,-0.05416571508760626,-0.08844548463821411,-0.5759803652763367,-0.09388432066555197,-0.09078431129455566,-0.6829383075237274,-0.1142089606415766,-0.0882977843284607,-0.7731311321258545,-0.12728681575174505,0.0034180283546447754,-0.3939323425292969,-0.06720613848085577,0.03641766309738159,-0.5792801976203918,-0.11467909972782309,0.06337368488311768,-0.7048906087875366,-0.143073701966955,0.09088873863220215,-0.8079756200313568,-0.15557754944677527,0.06646895408630371,-0.3420836329460144,-0.0832193137299555,0.04016566276550293,-0.3739427328109741,-0.14180358659143621,-0.013541877269744873,-0.2839618921279907,-0.15306697200651342,-0.04282626509666443,-0.2179487943649292,-0.14316161881799871,0.11320310831069946,-0.26998573541641235,-0.10234417926187689,0.06353050470352173,-0.27888238430023193,-0.14676059197302038,0.015419185161590576,-0.2099650502204895,-0.14605853866453344,-0.011157393455505371,-0.15450388193130493,-0.13408731829042608
V,0.0,0.0,0.0,-0.08408978581428528,-0.06522947549819946,-0.039073225747984,-0.13777971267700195,-0.20241230726242065,-0.06597254861537749,-0.09092310070991516,-0.29588592052459717,-0.09603468019906813,-0.010813534259796143,-0.3247506022453308,-0.12472109932843978,-0.07910436391830444,-0.40086591243743896,-0.051476129036586826,-0.09453225135803223,-0.5723206400871277,-0.0916024415606671,-0.0973922610282898,-0.6770640313625336,-0.11254878033344085,-0.09481304883956909,-0.7662841379642487,-0.12569781084005172,-0.002124309539794922,-0.3921002149581909,-0.06501538742725188,0.03096163272857666,-0.5792624950408936,-0.11172558058444793,0.05767637491226196,-0.7049745619297028,-0.13890140194837386,0.08548152446746826,-0.8081539571285248,-0.1506684764141255,0.06086331605911255,-0.33965593576431274,-0.08203793008271987,0.036283254623413086,-0.380163311958313,-0.14130142767373854,-0.016774892807006836,-0.28746360540390015,-0.1506183489078694,-0.04478412866592407,-0.21837955713272095,-0.1387864990944081,0.10925501585006714,-0.2666182518005371,-0.10226726223174865,0.0645911693572998,-0.2896003723144531,-0.1457818343156987,0.016903400421142578,-0.22080469131469727,-0.14273958344404036,-0.009299159049987793,-0.1633928418159485,-0.1291463567728215
V,0.0,0.0,0.0,-0.08241027593612671,-0.06888926029205322,-0.03874558426764452,-0.13352584838867188,-0.20667392015457153,-0.064619703519611,-0.0808228850364685,-0.2984547019004822,-0.09313015483644449,-0.0006619691848754883,-0.331742525100708,-0.12041073881414377,-0.07778182625770569,-0.40131574869155884,-0.05180031277564012,-0.09454038739204407,-0.5724381506443024,-0.09151885502365076,-0.09767785668373108,-0.6771300733089447,-0.11206182681348764,-0.09539711475372314,-0.7659327685832977,-0.12465899281528436,-0.0005986690521240234,-0.39282071590423584,-0.06471887819793665,0.03027111291885376,-0.5796571969985962,-0.11056022934940302,0.05414307117462158,-0.7063371539115906,-0.13767986588504755,0.07905393838882446,-0.8089592158794403,-0.14945546381500208,0.06259721517562866,-0.340353786945343,-0.08107238106754266,0.04152339696884155,-0.3773159384727478,-0.14036292426612818,-0.011389195919036865,-0.28626322746276855,-0.1519648640635296,-0.040254294872283936,-0.21838772296905518,-0.14176853590038263,0.11092591285705566,-0.26755350828170776,-0.10034980468776666,0.06908786296844482,-0.2879143953323364,-0.14527412347820245,0.02090996503829956,-0.21877062320709229,-0.14402698569324457,-0.006965577602386475,-0.1615200638771057,-0.13147107355621301
V,0.0,0.0,0.0,-0.08357587456703186,-0.06984031200408936,-0.0391667524239665,-0.13476616144180298,-0.20776230096817017,-0.06564133631798086,-0.08239760994911194,-0.30272334814071655,-0.09500628727289495,-0.0009917616844177246,-0.33622074127197266,-0.12326377647730169,-0.08008337020874023,-0.4014301896095276,-0.051004238601649377,-0.09898287057876587,-0.5717851221561432,-0.09216792153927145,-0.1045873761177063,-0.6768961250782013,-0.11432930844637212,-0.10453420877456665,-0.7669962644577026,-0.1279680879673606,-0.002911090850830078,-0.39359015226364136,-0.0648109765610343,0.026700139045715332,-0.585380494594574,-0.11135432141634283,0.048028528690338135,-0.7151463627815247,-0.13901983219000158,0.07101088762283325,-0.8207413554191589,-0.15112158673616705,0.06119042634963989,-0.3402223587036133,-0.08228334802004156,0.04227322340011597,-0.38305121660232544,-0.14335876720758733,-0.010835468769073486,-0.29037952423095703,-0.15415132063242254,-0.040049850940704346,-0.21999800205230713,-0.1426823885998374,0.11048799753189087,-0.2658320665359497,-0.10271637159200964,0.07040566205978394,-0.29435795545578003,-0.14834925549837408,0.022159457206726074,-0.22392380237579346,-0.14535766857477483,-0.0055655837059021,-0.16379714012145996,-0.13126169162603674
V,0.0,0.0,0.0,-0.08435645699501038,-0.06738674640655518,-0.04003144949660964,-0.1369955837726593,-0.20784413814544678,-0.06583636403070159,-0.08300283551216125,-0.30558478832244873,-0.09437187910066314,0.002090275287628174,-0.3355408310890198,-0.12164953500018783,-0.08243146538734436,-0.40082788467407227,-0.050398328900200795,-0.10108062624931335,-0.5712414979934692,-0.09027361273751922,-0.10691708326339722,-0.6751433610916138,-0.11129394322620101,-0.10717684030532837,-0.7641312181949615,-0.12443117946372695,-0.005432605743408203,-0.39385145902633667,-0.06316256672130294,0.023063182830810547,-0.5831472873687744,-0.1088065370915956,0.04347497224807739,-0.7121760547161102,-0.13568205535398192,0.06576293706893921,-0.8178925812244415,-0.14736250936971373,0.05869102478027344,-0.3413606286048889,-0.07970703542218871,0.03748941421508789,-0.3797403573989868,-0.14001213908181853,-0.016353607177734375,-0.28455543518066406,-0.15106704235063262,-0.044627994298934937,-0.21401077508926392,-0.13989051580415435,0.10755664110183716,-0.26750487089157104,-0.0993671655653543,0.06330686807632446,-0.2886938452720642,-0.14521215260015197,0.013508081436157227,-0.2174907922744751,-0.14360854923711486,-0.01372438669204712,-0.15874743461608887,-0.13055790364728637
V,0.0,0.0,0.0,-0.08145007491111755,-0.06536644697189331,-0.04047549992560562,-0.1358148455619812,-0.20133674144744873,-0.06776920810102638,-0.08824622631072998,-0.2991170287132263,-0.09756898984073814,-0.005145430564880371,-0.33263033628463745,-0.125637271550886,-0.08058804273605347,-0.3996011018753052,-0.05206539213418182,-0.10130605101585388,-0.5704407095909119,-0.09271806582569297,-0.10765227675437927,-0.6738687455654144,-0.11400219157098945,-0.1086268424987793,-0.763060450553894,-0.1274291063821238,-0.003624439239501953,-0.3949059247970581,-0.06490082397817787,0.021259069442749023,-0.5825822949409485,-0.11150203004240211,0.04179525375366211,-0.7096406817436218,-0.1393147344863337,0.06424683332443237,-0.8147846162319183,-0.15166399731992897,0.06006520986557007,-0.3448359966278076,-0.08144220068811592,0.032087087631225586,-0.38025206327438354,-0.14096222176908668,-0.019200503826141357,-0.2906036376953125,-0.1527211303985041,-0.045145511627197266,-0.2251877784729004,-0.14276386156439003,0.1080673336982727,-0.27323073148727417,-0.1012900631105822,0.05801898241043091,-0.2862139940261841,-0.14586114242433723,0.011523127555847168,-0.21650707721710205,-0.14522502675413307,-0.012297332286834717,-0.15970134735107422,-0.13339945032953437
V,0.0,0.0,0.0,-0.08382537961006165,-0.06424438953399658,-0.04001822096302021,-0.1409628987312317,-0.19962477684020996,-0.06770938781096447,-0.09536835551261902,-0.2972399592399597,-0.09830219444825161,-0.012942254543304443,-0.32734715938568115,-0.12726719823672283,-0.088990718126297,-0.3972196578979492,-0.05445690971805561,-0.11068552732467651,-0.5707652866840363,-0.09633521881892193,-0.11754646897315979,-0.6755519509315491,-0.11822587397887219,-0.11825045943260193,-0.765961617231369,-0.1316371127684306,-0.011860191822052002,-0.39417892694473267,-0.0674463003595065,0.01307058334350586,-0.5823034644126892,-0.11490614113404263,0.034367501735687256,-0.7110545039176941,-0.14230863896204937,0.057002902030944824,-0.8164656162261963,-0.15399323550059307,0.05297344923019409,-0.34661614894866943,-0.08390509483410824,0.025700747966766357,-0.3771745562553406,-0.14326180663897503,-0.021433889865875244,-0.2821323275566101,-0.15290647891356457,-0.044995248317718506,-0.2101568579673767,-0.1409338280279826,0.10260051488876343,-0.27778077125549316,-0.10381241288973797,0.05484098196029663,-0.29035234451293945,-0.14698377397849072,0.009951949119567871,-0.21793973445892334,-0.14411825087859143,-0.01311802864074707,-0.15705251693725586,-0.130352483661909
V,0.0,0.0,0.0,-0.0837351381778717,-0.0657951831817627,-0.03691101633785365,-0.13491374254226685,-0.20762568712234497,-0.06005373411653636,-0.07754838466644287,-0.29849207401275635,-0.08626336046336291,0.004810452461242676,-0.3277284502983093,-0.11165127345202563,-0.08884793519973755,-0.3966814875602722,-0.04886301048873065,-0.11192899942398071,-0.5697558522224426,-0.0876129437315285,-0.11911559104919434,-0.676516056060791,-0.1073478777038872,-0.12089869379997253,-0.766907125711441,-0.11922657676814197,-0.012202978134155273,-0.3926461338996887,-0.06176256947992442,0.012395858764648438,-0.5801587104797363,-0.1072502825486481,0.034380555152893066,-0.7089989185333252,-0.13347028382895587,0.05797874927520752,-0.8122884035110474,-0.14408165403483508,0.051828622817993164,-0.3446492552757263,-0.07793411054490207,0.03405541181564331,-0.3778155446052551,-0.13677935489295123,-0.012192487716674805,-0.27860867977142334,-0.14645175822852252,-0.03671252727508545,-0.2049456238746643,-0.13410151191828845,0.1011049747467041,-0.2760152816772461,-0.09701518156407474,0.06119126081466675,-0.2919732332229614,-0.14120395668624042,0.017490684986114502,-0.21575742959976196,-0.1379572767841637,-0.00639653205871582,-0.1540203094482422,-0.12349378504632114
V,0.0,0.0,0.0,-0.08314520120620728,-0.06680470705032349,-0.04236464934183459,-0.12824535369873047,-0.20691704750061035,-0.06734195338322024,-0.06340038776397705,-0.3031073808670044,-0.09497269974781375,0.02028214931488037,-0.33155959844589233,-0.12072037892176013,-0.10079914331436157,-0.39568305015563965,-0.04982689009739261,-0.12401032447814941,-0.57063427567482,-0.09079019712044101,-0.1313369870185852,-0.6773147881031036,-0.11238005744053225,-0.13416898250579834,-0.7689658105373383,-0.12527345107628207,-0.021165192127227783,-0.39377671480178833,-0.062030751125348615,0.00417405366897583,-0.579523354768753,-0.10959045575691562,0.029516756534576416,-0.7081307768821716,-0.13565714644028048,0.05536550283432007,-0.814692348241806,-0.14543595896793704,0.04725855588912964,-0.346172571182251,-0.07863917933536868,0.0468134880065918,-0.37332892417907715,-0.14013504968716006,0.006311476230621338,-0.2646467685699463,-0.145200654731525,-0.017042994499206543,-0.19168031215667725,-0.1281175612075458,0.10219329595565796,-0.2752944231033325,-0.09910337613655429,0.0861625075340271,-0.3000744581222534,-0.14166359590126376,0.04676884412765503,-0.22395187616348267,-0.13292440758777957,0.022012948989868164,-0.16634750366210938,-0.11425610618425708
V,0.0,0.0,0.0,-0.0812101662158966,-0.0651782751083374,-0.04834477583631269,-0.12261667847633362,-0.19747793674468994,-0.07567270452841512,-0.05661529302597046,-0.2955409288406372,-0.10409073139294378,0.019546926021575928,-0.34894734621047974,-0.12963676060303442,-0.11139130592346191,-0.38759374618530273,-0.05468613262041799,-0.14292627573013306,-0.5664491653442383,-0.09862046296461813,-0.15365687012672424,-0.6750907301902771,-0.12188312764033071,-0.16028964519500732,-0.7697134613990784,-0.13539164866074316,-0.03138244152069092,-0.3919890522956848,-0.06381858492954962,-0.008257091045379639,-0.5821675360202789,-0.11355836297138922,0.01556628942489624,-0.7119598984718323,-0.14003593827351324,0.03918188810348511,-0.8201058208942413,-0.1497280260430216,0.038291096687316895,-0.34934455156326294,-0.07808431590660803,0.04245859384536743,-0.37290215492248535,-0.14117700959309332,0.008660972118377686,-0.25919419527053833,-0.14465285445317022,-0.010945498943328857,-0.1904330849647522,-0.1264799198017954,0.09589207172393799,-0.2830923795700073,-0.09681897218092672,0.08474397659301758,-0.3015264868736267,-0.1407832464085459,0.04784327745437622,-0.22015154361724854,-0.13139435256584875,0.023782968521118164,-0.16654086112976074,-0.11205998415812246
V,0.0,0.0,0.0,-0.08136773109436035,-0.06478595733642578,-0.056466752985784296,-0.11618143320083618,-0.19199752807617188,-0.08752287025220085,-0.041396141052246094,-0.2887722849845886,-0.11809343690640617,0.03530174493789673,-0.3460906147956848,-0.14542829836375404,-0.11933127045631409,-0.38099318742752075,-0.06302567417390037,-0.15165114402770996,-0.5583842396736145,-0.10948572898871589,-0.16548603773117065,-0.6687862575054169,-0.13452301765448738,-0.17707115411758423,-0.7646513283252716,-0.1490858777857511,-0.03953111171722412,-0.39250361919403076,-0.06858983481890846,-0.020536839962005615,-0.5833978652954102,-0.11845237607724357,0.00021648406982421875,-0.7134239375591278,-0.14441336537367988,0.020004749298095703,-0.8211961388587952,-0.1540636255837171,0.02991384267807007,-0.352758526802063,-0.08021470005280662,0.04303985834121704,-0.3778006434440613,-0.14385025049216438,0.016390323638916016,-0.2673867344856262,-0.14833135748870063,-0.0007105469703674316,-0.20052063465118408,-0.1308635159826963,0.08757680654525757,-0.28546684980392456,-0.09710553134448219,0.09141570329666138,-0.31276869773864746,-0.14187173391349006,0.06086540222167969,-0.23473972082138062,-0.13357201064593482,0.03712564706802368,-0.1796531081199646,-0.11501403743989158
V,0.0,0.0,0.0,-0.08126658201217651,-0.06154942512512207,-0.06508495174603013,-0.10956794023513794,-0.18495213985443115,-0.09899354242043046,-0.029147803783416748,-0.28452128171920776,-0.1307816084499791,0.05012756586074829,-0.34383219480514526,-0.15885782502846268,-0.12196561694145203,-0.3699514865875244,-0.06878134869293717,-0.15705904364585876,-0.5518014430999756,-0.11698770784096268,-0.1713138222694397,-0.6651905477046967,-0.14227482937531022,-0.18298637866973877,-0.7626985311508179,-0.15685035549358872,-0.04327690601348877,-0.3889392614364624,-0.07034092657522706,-0.025020122528076172,-0.5796565413475037,-0.12271945439533738,-0.005597472190856934,-0.7087952494621277,-0.1485079702015355,0.011567234992980957,-0.8144086301326752,-0.15732057653622178,0.024389684200286865,-0.3537769913673401,-0.07916628085331467,0.05079996585845947,-0.38020259141921997,-0.1467589911098912,0.028668761253356934,-0.2650451064109802,-0.15283699594692735,0.010378897190093994,-0.1968855857849121,-0.135308119284673,0.08135271072387695,-0.28882038593292236,-0.09392305724577454,0.09826123714447021,-0.31484055519104004,-0.14335058890537766,0.07096982002258301,-0.2329632043838501,-0.13889920972542313,0.04380536079406738,-0.17711573839187622,-0.12233336530880479
V,0.0,0.0,0.0,-0.07703733444213867,-0.06609374284744263,-0.07046260096842616,-0.10044896602630615,-0.18156367540359497,-0.10582034447008937,-0.017769992351531982,-0.2807697653770447,-0.13728621014172404,0.060050010681152344,-0.3460301160812378,-0.1637465000968632,-0.12382245063781738,-0.3687857985496521,-0.06937809445673793,-0.15577900409698486,-0.5477663278579712,-0.1157651335817036,-0.16936683654785156,-0.6599227786064148,-0.1411770523410496,-0.18050283193588257,-0.7564242780208588,-0.15572560735756724,-0.04562270641326904,-0.3897360563278198,-0.06732232280785411,-0.028491437435150146,-0.5776261687278748,-0.11516553320700496,-0.011072635650634766,-0.7050412595272064,-0.1395625264268574,0.005110979080200195,-0.8107494711875916,-0.1483353913646397,0.022299766540527344,-0.3547970652580261,-0.07339160301501124,0.052728354930877686,-0.38587361574172974,-0.1379923463683781,0.034460365772247314,-0.27346092462539673,-0.14527736016327708,0.01758056879043579,-0.20821911096572876,-0.128919163427895,0.07949084043502808,-0.2910885810852051,-0.08575637050682872,0.1040075421333313,-0.33016514778137207,-0.1315184772830662,0.08014458417892456,-0.25914251804351807,-0.12710429140145152,0.054506540298461914,-0.2085769772529602,-0.1111082971912083
V,0.0,0.0,0.0,-0.0742957592010498,-0.058922529220581055,-0.07088786238557532,-0.09815633296966553,-0.1743091344833374,-0.10581086450940802,-0.01383829116821289,-0.27321797609329224,-0.1364997091305895,0.0630946159362793,-0.3405883312225342,-0.16312404596931174,-0.1219680905342102,-0.3623889684677124,-0.06993941092616751,-0.15698003768920898,-0.5444030165672302,-0.11636969322091772,-0.1710021197795868,-0.6592710912227631,-0.14210443818694785,-0.18356332182884216,-0.755763977766037,-0.15685585761195853,-0.04539555311203003,-0.3832966685295105,-0.06740262979394629,-0.027516543865203857,-0.5759788751602173,-0.11510972553617194,-0.01327425241470337,-0.7037505507469177,-0.13882549727088644,-0.002763032913208008,-0.8101072907447815,-0.14690945172435477,0.019356191158294678,-0.3484034538269043,-0.0731481301201029,0.04787945747375488,-0.38162922859191895,-0.1386577698004885,0.030725419521331787,-0.26938962936401367,-0.1468614401829882,0.0150679349899292,-0.20342260599136353,-0.13106753552085593,0.07424461841583252,-0.2847013473510742,-0.08493977660066321,0.0947994589805603,-0.31774449348449707,-0.13424477601176932,0.07162421941757202,-0.24070459604263306,-0.1315447601092501,0.04658520221710205,-0.186664879322052,-0.1162668156040354
V,0.0,0.0,0.0,-0.07370489835739136,-0.06179463863372803,-0.07187942531743374,-0.09520977735519409,-0.17642366886138916,-0.10606619086900082,-0.012227892875671387,-0.27446985244750977,-0.13544031348862973,0.06209707260131836,-0.3434392809867859,-0.16026554372945157,-0.12245988845825195,-0.3608800172805786,-0.0716869842711958,-0.15502390265464783,-0.542250782251358,-0.12010857579150525,-0.16889142990112305,-0.6567911207675934,-0.14709796872773495,-0.18184393644332886,-0.7546820044517517,-0.1623178806606802,-0.0466228723526001,-0.3826069235801697,-0.0694286834899458,-0.029979169368743896,-0.5770131349563599,-0.11768218246140805,-0.01370936632156372,-0.7049277722835541,-0.1415938076082739,-0.0005103945732116699,-0.8109065890312195,-0.1495634552542242,0.019002914428710938,-0.34941840171813965,-0.07572484877744046,0.05446028709411621,-0.3787345886230469,-0.14187292125859585,0.037098824977874756,-0.26673775911331177,-0.1499834891859564,0.018731653690338135,-0.20204484462738037,-0.1338120338026556,0.07391661405563354,-0.28574663400650024,-0.08842118945756283,0.10095524787902832,-0.3165225386619568,-0.13703694310822812,0.07835197448730469,-0.23953914642333984,-0.13346948590913144,0.050450682640075684,-0.18490499258041382,-0.11762892571130124
V,0.0,0.0,0.0,-0.07366877794265747,-0.05779749155044556,-0.0736839802865461,-0.09651637077331543,-0.17120838165283203,-0.10944725143951928,-0.013822734355926514,-0.27009451389312744,-0.1404014484886602,0.06104785203933716,-0.3410044312477112,-0.16707817781014,-0.12246555089950562,-0.35899800062179565,-0.07218666690630471,-0.1549106240272522,-0.5388611555099487,-0.12051768171829735,-0.16894978284835815,-0.6525163054466248,-0.14708926844639336,-0.18153491616249084,-0.748805582523346,-0.16181192863029992,-0.0474124550819397,-0.3806888461112976,-0.06880086976332223,-0.030125141143798828,-0.5727989077568054,-0.11767327356380974,-0.015383899211883545,-0.6985601186752319,-0.14158260393185174,-0.004049897193908691,-0.8036663830280304,-0.14910494852108513,0.017605304718017578,-0.3473432660102844,-0.07413286286634957,0.049888014793395996,-0.3747326731681824,-0.14195341932816063,0.03244209289550781,-0.26304543018341064,-0.15142735409779107,0.01614248752593994,-0.19925862550735474,-0.13565131592793023,0.07166850566864014,-0.2843363285064697,-0.0856681944732145,0.09497296810150146,-0.31193602085113525,-0.13560290205521142,0.0715990662574768,-0.23422837257385254,-0.13312530088467156,0.04596191644668579,-0.18112808465957642,-0.1177235128287748
V,0.0,0.0,0.0,-0.07132238149642944,-0.05943906307220459,-0.07303399221257223,-0.09342867136001587,-0.17149603366851807,-0.10863688961819662,-0.013149917125701904,-0.2692870497703552,-0.13974702731923117,0.06039148569107056,-0.33810776472091675,-0.16650632397488607,-0.12159103155136108,-0.36044204235076904,-0.07007542626217855,-0.15380412340164185,-0.5415267944335938,-0.11775032804564489,-0.16702479124069214,-0.655834287405014,-0.14394832031086935,-0.1793394684791565,-0.752217024564743,-0.1582173444445516,-0.04676419496536255,-0.38109999895095825,-0.06721280143813146,-0.029316246509552002,-0.5739009976387024,-0.11597797648266805,-0.013948559761047363,-0.701626181602478,-0.1400780268128301,-0.0022559762001037598,-0.8075439929962158,-0.14741205052689565,0.0185549259185791,-0.3471183180809021,-0.07309333608702673,0.050712764263153076,-0.37559378147125244,-0.14109813050583853,0.03391826152801514,-0.26403701305389404,-0.15049091355160726,0.017648696899414062,-0.19977664947509766,-0.1341326870139028,0.07294517755508423,-0.2839386463165283,-0.08510005102709783,0.09631568193435669,-0.3143722414970398,-0.13449754194573416,0.07298976182937622,-0.2374628782272339,-0.13117497042969717,0.047079503536224365,-0.18404370546340942,-0.11492773519114508
V,0.0,0.0,0.0,-0.07143104076385498,-0.061419010162353516,-0.07233297932612004,-0.09184956550598145,-0.17881417274475098,-0.10599392760263981,-0.00838780403137207,-0.2756175398826599,-0.13474647808538975,0.06467080116271973,-0.34608519077301025,-0.159353734140268,-0.11768990755081177,-0.3627808094024658,-0.06969272453056874,-0.1499926745891571,-0.5420588254928589,-0.11733381557928624,-0.16408011317253113,-0.6563008427619934,-0.14426291096674504,-0.1763109564781189,-0.7534242272377014,-0.15959775555597844,-0.042902588844299316,-0.38300126791000366,-0.06672871220575871,-0.02561408281326294,-0.574419379234314,-0.11409708965288701,-0.011384189128875732,-0.6996926367282867,-0.13811485577093663,0.0007928609848022461,-0.8058077692985535,-0.14652292538153233,0.020744383335113525,-0.3486214280128479,-0.07255006689297261,0.05508071184158325,-0.3807269334793091,-0.13836568701731267,0.03612256050109863,-0.26902639865875244,-0.14768956709372105,0.018812060356140137,-0.20568609237670898,-0.132886232023111,0.07423591613769531,-0.284712016582489,-0.08464899766909184,0.09806644916534424,-0.3139393925666809,-0.13407150018679204,0.07388007640838623,-0.23734962940216064,-0.13211608040796818,0.047289371490478516,-0.18570482730865479,-0.1176778386877686
V,0.0,0.0,0.0,-0.07483428716659546,-0.06284493207931519,-0.07303543079103747,-0.09611928462982178,-0.17975443601608276,-0.10618194627966204,-0.01226729154586792,-0.2786250114440918,-0.1344883336445264,0.061980485916137695,-0.3459346890449524,-0.15820704835857669,-0.12005484104156494,-0.36425578594207764,-0.06649321752991,-0.15267014503479004,-0.5430318117141724,-0.1121727122684888,-0.16649165749549866,-0.6566356718540192,-0.1378019197603635,-0.17951443791389465,-0.7529643774032593,-0.15212123531307498,-0.04511922597885132,-0.3845798969268799,-0.06245604965295115,-0.028110921382904053,-0.5743066668510437,-0.10849294501747409,-0.014293789863586426,-0.7011192440986633,-0.13150032299961367,-0.0034827589988708496,-0.8070097267627716,-0.1388157500645093,0.01827305555343628,-0.3501351475715637,-0.0675567357560567,0.049199461936950684,-0.38209646940231323,-0.13325292307342806,0.031678617000579834,-0.2701510190963745,-0.1424327983280591,0.01489567756652832,-0.20561182498931885,-0.12654813069309512,0.07205379009246826,-0.28703588247299194,-0.07898486840929309,0.0964781641960144,-0.32174432277679443,-0.1277623220106534,0.07301366329193115,-0.24651479721069336,-0.12553906876053134,0.04574394226074219,-0.1936379075050354,-0.11041577595676699
V,0.0,0.0,0.0,-0.07178372144699097,-0.06090652942657471,-0.0705003578615333,-0.09035009145736694,-0.17783081531524658,-0.10333061855556025,-0.008692026138305664,-0.27676063776016235,-0.1319596384120132,0.06194502115249634,-0.3444555997848511,-0.15636017065764918,-0.11888471245765686,-0.36007463932037354,-0.06493972134114756,-0.15131410956382751,-0.5379272401332855,-0.11077658724309458,-0.16461312770843506,-0.6511141359806061,-0.13628140729190363,-0.17662307620048523,-0.7469244599342346,-0.15038683157683863,-0.04478788375854492,-0.37927180528640747,-0.06213597845555796,-0.02634364366531372,-0.5698078870773315,-0.10979641121150507,-0.01054227352142334,-0.6965096890926361,-0.13315864544631495,0.001689612865447998,-0.8015111684799194,-0.14025827389480128,0.01747816801071167,-0.3455365300178528,-0.06802127402545466,0.05258750915527344,-0.37987959384918213,-0.13476296406508936,0.035464704036712646,-0.2672441601753235,-0.14237835150481715,0.017091333866119385,-0.2026711106300354,-0.1252031241011764,0.06970202922821045,-0.2837528586387634,-0.07993672680379404,0.09750372171401978,-0.3209097981452942,-0.1292719159674789,0.075042724609375,-0.24104690551757812,-0.12539877634765162,0.04680079221725464,-0.18603390455245972,-0.10890281092645182
V,0.0,0.0,0.0,-0.07279115915298462,-0.05917614698410034,-0.06693508591740738,-0.093860924243927,-0.17798882722854614,-0.09754937257855545,-0.012037456035614014,-0.2758643627166748,-0.12448760982840668,0.06051075458526611,-0.3409338593482971,-0.14759075757353912,-0.12050706148147583,-0.3607262372970581,-0.06364031996815811,-0.15327423810958862,-0.5414394736289978,-0.10864885267108093,-0.16671741008758545,-0.6547811329364777,-0.13306185718863617,-0.17894268035888672,-0.7516272068023682,-0.14639248069613586,-0.04614931344985962,-0.3803226947784424,-0.06258598830788742,-0.02753502130508423,-0.5715846717357635,-0.10921789821475159,-0.012292087078094482,-0.6995481252670288,-0.13217574473708282,-0.0005276203155517578,-0.8062727451324463,-0.1389831912168802,0.017048120498657227,-0.34692347049713135,-0.06970106926053177,0.049719154834747314,-0.37908685207366943,-0.13505357619612823,0.03265583515167236,-0.2652510404586792,-0.1423539232858957,0.01592397689819336,-0.19936877489089966,-0.1251690995344461,0.0706247091293335,-0.2850688695907593,-0.08265154924481521,0.09413087368011475,-0.3138986825942993,-0.13143752631037842,0.07167232036590576,-0.2334120273590088,-0.1272484522709192,0.04600030183792114,-0.1779932975769043,-0.11037699248879562
V,0.0,0.0,0.0,-0.07347112894058228,-0.06103038787841797,-0.06963515238180662,-0.09711921215057373,-0.1766679883003235,-0.10257708237782026,-0.016624271869659424,-0.2756633758544922,-0.13171311424389387,0.05743896961212158,-0.34280526638031006,-0.15680367456093336,-0.12271586060523987,-0.36526334285736084,-0.06495987580433393,-0.15514707565307617,-0.5462896227836609,-0.11016625122442747,-0.16827595233917236,-0.6609395146369934,-0.13510663018837477,-0.18021225929260254,-0.7575451135635376,-0.1489448021472981,-0.047362446784973145,-0.3852779269218445,-0.06280595765724684,-0.028361380100250244,-0.5750784277915955,-0.11022352383747602,-0.011203885078430176,-0.7038475871086121,-0.13406524763718153,0.002361595630645752,-0.8089048862457275,-0.14126706824913526,0.017604589462280273,-0.35022538900375366,-0.06902941272869612,0.049368858337402344,-0.3788548707962036,-0.13531476960793043,0.03290194272994995,-0.2664421796798706,-0.14376949475422407,0.01675248146057129,-0.1999596357345581,-0.1269121091188481,0.07191121578216553,-0.28547585010528564,-0.08119548813715483,0.09607362747192383,-0.3162674307823181,-0.13077754483833814,0.07381999492645264,-0.23773574829101562,-0.12738662169590498,0.048541903495788574,-0.181765615940094,-0.11071424887791181
V,0.0,0.0,0.0,-0.07541441917419434,-0.060250163078308105,-0.07084510287654666,-0.09675318002700806,-0.1738426685333252,-0.10745430549991397,-0.013552606105804443,-0.270210862159729,-0.14050927570474414,0.06083571910858154,-0.33867597579956055,-0.169655857592943,-0.11796897649765015,-0.36268264055252075,-0.07069223186385898,-0.1486159861087799,-0.5441014766693115,-0.11802563628566531,-0.16131055355072021,-0.6584994196891785,-0.14444255641114978,-0.1717832386493683,-0.755745142698288,-0.1599486004413393,-0.04258620738983154,-0.3830617070198059,-0.068773431688669,-0.022867023944854736,-0.5731730163097382,-0.11844451537740497,-0.0048149824142456055,-0.7015692889690399,-0.14316573551309375,0.010552644729614258,-0.8075288236141205,-0.15191559305799274,0.022179782390594482,-0.34845513105392456,-0.07498631438625125,0.05049985647201538,-0.38058924674987793,-0.14058792403352527,0.03291040658950806,-0.2663608193397522,-0.14668924918782977,0.017400622367858887,-0.19954490661621094,-0.1297472994626787,0.07699465751647949,-0.2850763201713562,-0.08751354923856525,0.09606772661209106,-0.31989210844039917,-0.13608030787122516,0.07234400510787964,-0.24062317609786987,-0.13157170823228626,0.04747980833053589,-0.18577754497528076,-0.11520574054134158
V,0.0,0.0,0.0,-0.0728873610496521,-0.06065851449966431,-0.07122106012616314,-0.09335559606552124,-0.1757076382637024,-0.10554627981696285,-0.008716285228729248,-0.26904869079589844,-0.13525511231932796,0.0657726526260376,-0.33660024404525757,-0.16084054019961513,-0.11369544267654419,-0.36479341983795166,-0.07234679070029415,-0.14253580570220947,-0.5482111573219299,-0.12074025627885021,-0.15414822101593018,-0.6638152003288269,-0.14850652125392116,-0.1643640697002411,-0.7632623910903931,-0.16503468063388027,-0.038495004177093506,-0.38498151302337646,-0.06958784070525326,-0.0159604549407959,-0.5753350257873535,-0.11789908912692226,0.004618465900421143,-0.7028826475143433,-0.14197750297103084,0.02173370122909546,-0.8104542791843414,-0.15082339849982418,0.024083852767944336,-0.35091322660446167,-0.07521977928195156,0.05513453483581543,-0.38044947385787964,-0.1394223859599606,0.035901010036468506,-0.2657526135444641,-0.14583846834216274,0.018196940422058105,-0.20031225681304932,-0.12973464932952083,0.07774817943572998,-0.2878280282020569,-0.08743410465035595,0.1010788083076477,-0.3164299726486206,-0.136958180933334,0.07706177234649658,-0.23820585012435913,-0.13432150986704983,0.04991072416305542,-0.18425804376602173,-0.11929761525902904
V,0.0,0.0,0.0,-0.07142031192779541,-0.05941414833068848,-0.07275857955823994,-0.09137231111526489,-0.1696394681930542,-0.11160366416584111,-0.007845759391784668,-0.2619892358779907,-0.14631609053026295,0.07217317819595337,-0.3263676166534424,-0.17632816166292287,-0.11365169286727905,-0.3641781806945801,-0.07752731621872044,-0.14086514711380005,-0.551339864730835,-0.12844420403848744,-0.15230649709701538,-0.6682174801826477,-0.15646242529760457,-0.16122210025787354,-0.7684925198554993,-0.1728672477663622,-0.03964376449584961,-0.38368797302246094,-0.07643258005987263,-0.013270974159240723,-0.5756267309188843,-0.13040062219511128,0.011217594146728516,-0.7064072787761688,-0.15669902593504048,0.033313751220703125,-0.8160340487957001,-0.1660661640823946,0.02375209331512451,-0.348346471786499,-0.08340721011768437,0.05897146463394165,-0.3748166561126709,-0.15199291140447713,0.03646683692932129,-0.25810742378234863,-0.15723028213392354,0.016180455684661865,-0.19357901811599731,-0.1393606159151659,0.07683080434799194,-0.28291213512420654,-0.09710608602176762,0.10347133874893188,-0.31089186668395996,-0.14786579639326192,0.07746893167495728,-0.2327960729598999,-0.143514627522336,0.04937183856964111,-0.18115776777267456,-0.12690789431940175
V,0.0,0.0,0.0,-0.0710906982421875,-0.05723077058792114,-0.07534608195612691,-0.0921432375907898,-0.16426312923431396,-0.1166795114714887,-0.00845116376876831,-0.24847549200057983,-0.1532414997656133,0.07344675064086914,-0.3097473978996277,-0.1845794315178182,-0.11405324935913086,-0.36677706241607666,-0.08399514059613011,-0.14264610409736633,-0.5520999729633331,-0.13774190793822072,-0.1549217402935028,-0.6692802906036377,-0.16847601483652852,-0.16437166929244995,-0.771733820438385,-0.1870912904579427,-0.03939938545227051,-0.38442909717559814,-0.0828645745951917,-0.011731922626495361,-0.5782623887062073,-0.13727626155207417,0.01463937759399414,-0.7079260051250458,-0.16340082834551595,0.038457512855529785,-0.8199375867843628,-0.17360670815298818,0.024027228355407715,-0.3469884395599365,-0.09009864877054952,0.06356781721115112,-0.37612342834472656,-0.15828528950999043,0.03933757543563843,-0.25598978996276855,-0.1623214627344396,0.016758322715759277,-0.1914779543876648,-0.1445645536024358,0.07647228240966797,-0.27867966890335083,-0.10455930928776525,0.1068376898765564,-0.3054754137992859,-0.1553379888374593,0.07840806245803833,-0.2281947135925293,-0.1511721159059789,0.04656559228897095,-0.17821210622787476,-0.13543477605173848
V,0.0,0.0,0.0,-0.06527692079544067,-0.04707378149032593,-0.08283463726570517,-0.08250778913497925,-0.14044904708862305,-0.13017430762579352,-6.151199340820312e-05,-0.21972805261611938,-0.1708775148802033,0.08181625604629517,-0.2864525318145752,-0.2058269218616715,-0.10919129848480225,-0.3491949439048767,-0.09965346614649206,-0.13671189546585083,-0.533900260925293,-0.15731187025835425,-0.14894944429397583,-0.6497004628181458,-0.18895105878641516,-0.158389151096344,-0.7525860369205475,-0.2073678658418885,-0.032731473445892334,-0.3717208504676819,-0.09373670677473456,0.001738905906677246,-0.5624133944511414,-0.14943882684042364,0.030351698398590088,-0.6904444396495819,-0.175169630449318,0.053387343883514404,-0.8034082353115082,-0.18553118268778235,0.029482722282409668,-0.33837032318115234,-0.09605797241260916,0.07185018062591553,-0.35773104429244995,-0.16363341967394263,0.04715609550476074,-0.2402358055114746,-0.16743005673220068,0.022991955280303955,-0.1753096580505371,-0.14981382946302801,0.0787433385848999,-0.2738034129142761,-0.10616994510223776,0.11172258853912354,-0.28797078132629395,-0.1539354608469239,0.08395403623580933,-0.2155783772468567,-0.14976829151441962,0.05236101150512695,-0.16585564613342285,-0.13451720635225684
V,0.0,0.0,0.0,-0.06730890274047852,-0.04231691360473633,-0.07782345698251447,-0.0855291485786438,-0.13608181476593018,-0.12400790737046918,-0.0031267404556274414,-0.2106979489326477,-0.1646696521438571,0.07905828952789307,-0.27460604906082153,-0.20037028626575193,-0.10923677682876587,-0.34202080965042114,-0.09741899059190473,-0.13376230001449585,-0.5233697295188904,-0.15436552898063383,-0.14288616180419922,-0.6388033628463745,-0.18581627742423734,-0.1487564742565155,-0.7421190738677979,-0.20494324401988706,-0.03207975625991821,-0.36711937189102173,-0.09325924948825559,0.007887661457061768,-0.5517789125442505,-0.14872938827647886,0.04240232706069946,-0.6775454580783844,-0.17510144845618925,0.07034361362457275,-0.7905447483062744,-0.18670662180556974,0.029195129871368408,-0.33494216203689575,-0.09645040021314344,0.0679745078086853,-0.34996360540390015,-0.1610067977107974,0.0426483154296875,-0.23626470565795898,-0.16381554738654813,0.020122230052947998,-0.17182797193527222,-0.1470701737798663,0.07683885097503662,-0.27163565158843994,-0.10718986080064496,0.10543632507324219,-0.2772051692008972,-0.15341626540794095,0.0755929946899414,-0.20647144317626953,-0.14983982280864439,0.043953657150268555,-0.15723514556884766,-0.13572432533874235
V,0.0,0.0,0.0,-0.0670052170753479,-0.038497090339660645,-0.08142152738469122,-0.08519011735916138,-0.12977194786071777,-0.1285932691087055,-0.002306342124938965,-0.2048603892326355,-0.16871700000660894,0.07951945066452026,-0.2670212984085083,-0.20368409466641424,-0.11168378591537476,-0.3346806764602661,-0.1028424830426502,-0.13503485918045044,-0.5172277390956879,-0.1604150862683582,-0.14366164803504944,-0.6328584849834442,-0.19270669233696935,-0.1492270827293396,-0.7365291714668274,-0.21246119153397558,-0.0346752405166626,-0.3589879870414734,-0.0965917141427326,0.007834315299987793,-0.5427191257476807,-0.1516517133702564,0.04440218210220337,-0.6686320602893829,-0.17787641596692083,0.07363706827163696,-0.7821277379989624,-0.18975059997933386,0.025580167770385742,-0.3268095850944519,-0.0977051140059757,0.06637871265411377,-0.34689265489578247,-0.1617445380677509,0.04521477222442627,-0.23490071296691895,-0.1633094282140064,0.02484261989593506,-0.1698213815689087,-0.14591557097332952,0.07291853427886963,-0.26434576511383057,-0.10670211475985525,0.10327070951461792,-0.27455800771713257,-0.15316894960301397,0.07855528593063354,-0.20620226860046387,-0.14848426294224737,0.04958152770996094,-0.15533459186553955,-0.13335627627270696
V,0.0,0.0,0.0,-0.06715196371078491,-0.03556948900222778,-0.07952226423856246,-0.0851055383682251,-0.12615811824798584,-0.12745722853776442,-0.003054320812225342,-0.20113766193389893,-0.16885593258973586,0.07772713899612427,-0.2624661922454834,-0.20524796568986403,-0.11116898059844971,-0.33102065324783325,-0.10236873948213088,-0.1341763436794281,-0.5110785961151123,-0.15910076820489394,-0.14139479398727417,-0.6247153282165527,-0.19034340703126418,-0.14529359340667725,-0.7272658348083496,-0.20975559675332534,-0.03498709201812744,-0.35650473833084106,-0.09709579223033415,0.00727534294128418,-0.5385840237140656,-0.15327810966607558,0.04485952854156494,-0.6618560254573822,-0.1793955537044667,0.07472491264343262,-0.7740062177181244,-0.1909365030491017,0.02590888738632202,-0.32563674449920654,-0.09877184503909575,0.06592041254043579,-0.3411194682121277,-0.16295368694898116,0.04398822784423828,-0.2290779948234558,-0.16393029415246474,0.022846460342407227,-0.16572505235671997,-0.14641371094819533,0.07423245906829834,-0.2651207447052002,-0.10818418585893141,0.10466623306274414,-0.27061688899993896,-0.15460566901799666,0.07947474718093872,-0.20166844129562378,-0.15021669590112197,0.050491154193878174,-0.1540401577949524,-0.13556642555829512
V,0.0,0.0,0.0,-0.06847429275512695,-0.03693670034408569,-0.08129014247913346,-0.08605235815048218,-0.1268167495727539,-0.13016773188371644,-0.004206359386444092,-0.20094871520996094,-0.17211478376646028,0.07300037145614624,-0.26500004529953003,-0.20881634378690705,-0.11329764127731323,-0.32819122076034546,-0.10523022139329896,-0.1365748643875122,-0.5079696178436279,-0.1637708487536429,-0.1446264386177063,-0.6228618025779724,-0.19671342695016847,-0.149416983127594,-0.7257557511329651,-0.2171746435191153,-0.038568317890167236,-0.35172176361083984,-0.09985327148694978,0.003762364387512207,-0.5343035757541656,-0.15793194794912324,0.039836585521698,-0.6569481790065765,-0.1846048625733374,0.06849116086959839,-0.7677929401397705,-0.1961366775061606,0.02116638422012329,-0.32077521085739136,-0.10169335627813325,0.06269419193267822,-0.3372737765312195,-0.16713293814916597,0.040342092514038086,-0.22631895542144775,-0.1672723683144568,0.018798768520355225,-0.1664910912513733,-0.14921132648248658,0.06869757175445557,-0.26083582639694214,-0.11151086712141023,0.09884613752365112,-0.2683178782463074,-0.15836859667558656,0.07336825132369995,-0.19841843843460083,-0.15309588039178834,0.04440629482269287,-0.15238845348358154,-0.13786032223958955
V,0.0,0.0,0.0,-0.06941866874694824,-0.036479949951171875,-0.08092587760711467,-0.0874834656715393,-0.12583696842193604,-0.12833863816285884,-0.0033637285232543945,-0.19530367851257324,-0.1685851546289996,0.07304245233535767,-0.2594396471977234,-0.20384125731015956,-0.11179342865943909,-0.3271114230155945,-0.10416890255237377,-0.1375598907470703,-0.5052469372749329,-0.1607341351273135,-0.14683735370635986,-0.6200361847877502,-0.19218647799516475,-0.15155833959579468,-0.7236637771129608,-0.21169053337598598,-0.036811113357543945,-0.351611852645874,-0.09843615762019908,0.0040988922119140625,-0.533682107925415,-0.15305389783407009,0.03827708959579468,-0.6568436324596405,-0.1786922397377566,0.06596016883850098,-0.768546462059021,-0.19031371495748317,0.02249199151992798,-0.3216555118560791,-0.09998762927079952,0.061049461364746094,-0.3392208218574524,-0.1634615691664294,0.039590299129486084,-0.22774165868759155,-0.1658155354025439,0.019412577152252197,-0.16592532396316528,-0.14993521890664852,0.07068926095962524,-0.2626011371612549,-0.1093693929078654,0.09875017404556274,-0.26963818073272705,-0.15549516997361934,0.07424426078796387,-0.20021593570709229,-0.15173995814348018,0.04563415050506592,-0.15231096744537354,-0.13806143722558772
V,0.0,0.0,0.0,-0.06876474618911743,-0.03584420680999756,-0.08292176760562597,-0.08547544479370117,-0.1250288486480713,-0.13065341301091848,-0.0020318031311035156,-0.19595807790756226,-0.17050878889688192,0.07629626989364624,-0.2570698857307434,-0.205118956042611,-0.10901111364364624,-0.321583092212677,-0.10743493027814566,-0.1341237723827362,-0.5009326934814453,-0.16620712168344198,-0.14365512132644653,-0.6156515777111053,-0.19909659214147268,-0.14864379167556763,-0.7194005250930786,-0.2194421160949105,-0.03238320350646973,-0.34595346450805664,-0.10083033330568014,0.007484018802642822,-0.5291052758693695,-0.15665489621289908,0.04119330644607544,-0.6511627733707428,-0.1826711017621392,0.06869065761566162,-0.7623804211616516,-0.19450795836576162,0.027512848377227783,-0.31456732749938965,-0.10164924152024923,0.06691324710845947,-0.3319234848022461,-0.16572782583364187,0.043806374073028564,-0.22182101011276245,-0.1676893848908776,0.02181863784790039,-0.16029977798461914,-0.15127635188230215,0.07462131977081299,-0.2526768445968628,-0.11051816679366766,0.1035798192024231,-0.2595486640930176,-0.1567529458535546,0.0781596302986145,-0.19360601902008057,-0.1526020336879128,0.047402262687683105,-0.14670330286026,-0.13849409110673605
V,0.0,0.0,0.0,-0.06773638725280762,-0.03949594497680664,-0.08742428208972797,-0.08235925436019897,-0.12535643577575684,-0.13675266887332782,0.0035050511360168457,-0.19133621454238892,-0.17677233006145343,0.08009165525436401,-0.25262898206710815,-0.21090710546161517,-0.1047133207321167,-0.3207894563674927,-0.11418465162898883,-0.1290435791015625,-0.49999162554740906,-0.17598490800048694,-0.13922813534736633,-0.6146343052387238,-0.2112000771918474,-0.14476823806762695,-0.71779865026474,-0.23270535852100238,-0.02777421474456787,-0.3418844938278198,-0.1059430279889284,0.012065112590789795,-0.5274014472961426,-0.16425274695541248,0.04322659969329834,-0.6501184701919556,-0.19138369347240314,0.06881964206695557,-0.7617648541927338,-0.2036981173911272,0.03158080577850342,-0.309998095035553,-0.10547348494912967,0.07043910026550293,-0.3290172815322876,-0.17150043334152087,0.04607844352722168,-0.21841055154800415,-0.17297509695674762,0.0226021409034729,-0.1588590145111084,-0.15585856522704944,0.07839882373809814,-0.24790668487548828,-0.11342554177429065,0.10632669925689697,-0.25552618503570557,-0.1603297480502306,0.08035838603973389,-0.19023066759109497,-0.15513189520027026,0.04807782173156738,-0.1448788046836853,-0.14005025114204273
V,0.0,0.0,0.0,-0.06808799505233765,-0.036690592765808105,-0.0842695773652622,-0.08537834882736206,-0.12308990955352783,-0.13518197993550984,-0.0021016597747802734,-0.19410622119903564,-0.1786785886696407,0.07337337732315063,-0.2581172585487366,-0.21652004281793324,-0.11216926574707031,-0.3198355436325073,-0.10912837992225377,-0.13479503989219666,-0.4982143044471741,-0.17102043489728658,-0.14345428347587585,-0.614598959684372,-0.20717623988900868,-0.1486031413078308,-0.718219131231308,-0.2299469427279064,-0.036801695823669434,-0.34296268224716187,-0.10300383130822865,0.0016341805458068848,-0.5262776613235474,-0.16452098051820485,0.03469729423522949,-0.6501372754573822,-0.19336049417768209,0.06065183877944946,-0.7605879902839661,-0.20624900023256032,0.02334141731262207,-0.31049633026123047,-0.10425587902579991,0.06518620252609253,-0.3301892876625061,-0.1731147334984371,0.04347163438796997,-0.22219431400299072,-0.17296835939202992,0.020683586597442627,-0.15892565250396729,-0.1538212911299297,0.07004529237747192,-0.24771755933761597,-0.11358434120927541,0.10243773460388184,-0.2611573338508606,-0.1632584945372173,0.07776576280593872,-0.19706732034683228,-0.15767829279218404,0.046337902545928955,-0.15069514513015747,-0.14143352369580953
V,0.0,0.0,0.0,-0.0690266489982605,-0.03842031955718994,-0.08074285645807322,-0.08433634042739868,-0.12806028127670288,-0.12924895246351298,-0.00011211633682250977,-0.19710415601730347,-0.17090939541185435,0.07378965616226196,-0.2607831358909607,-0.20785308440053996,-0.1084962785243988,-0.32331883907318115,-0.1061105038675123,-0.13273948431015015,-0.500922828912735,-0.16551574130380686,-0.14173591136932373,-0.6154501438140869,-0.19902229864919718,-0.1470300555229187,-0.7189754247665405,-0.21988815625036295,-0.032551586627960205,-0.34605973958969116,-0.10166019757116374,0.006783723831176758,-0.5304882526397705,-0.16066442985857066,0.039575159549713135,-0.653124988079071,-0.18849360008562144,0.06576526165008545,-0.7653179466724396,-0.20064947564924296,0.028186559677124023,-0.3138938546180725,-0.1041784640106016,0.06565302610397339,-0.32907748222351074,-0.170668533042317,0.04093354940414429,-0.21578890085220337,-0.1719272639306837,0.017985224723815918,-0.15688765048980713,-0.15464376468980845,0.07589763402938843,-0.25256478786468506,-0.11448873390281733,0.10260123014450073,-0.254902184009552,-0.1626481916459852,0.07476282119750977,-0.18280768394470215,-0.15776980479085978,0.04357796907424927,-0.13766485452651978,-0.14275551398122843
V,0.0,0.0,0.0,-0.07042253017425537,-0.03526502847671509,-0.08471693606304598,-0.08850419521331787,-0.12287896871566772,-0.136343417178864,-0.006996631622314453,-0.19638514518737793,-0.18042745948957872,0.06932932138442993,-0.2597804665565491,-0.21880049766230059,-0.11264950037002563,-0.31848472356796265,-0.11195350946115923,-0.1363593339920044,-0.4976147413253784,-0.17451987923311663,-0.14531844854354858,-0.6130955815315247,-0.209494513880486,-0.15109586715698242,-0.7157755196094513,-0.23091079057383013,-0.03922086954116821,-0.34198951721191406,-0.10544138164448214,-0.002751648426055908,-0.5267824530601501,-0.16907682777571154,0.029285669326782227,-0.6495996117591858,-0.19779099286722612,0.05536383390426636,-0.7587496042251587,-0.20985288680719805,0.020787715911865234,-0.31278324127197266,-0.10610361905025911,0.06161695718765259,-0.3297094702720642,-0.17517059804129076,0.03977358341217041,-0.2189297080039978,-0.1742913252227254,0.017824530601501465,-0.15825122594833374,-0.1546326404921956,0.06970483064651489,-0.2549402117729187,-0.11503093452381563,0.0994141697883606,-0.26455044746398926,-0.1637196219079442,0.07470071315765381,-0.19506710767745972,-0.15763531387972307,0.04427152872085571,-0.14870232343673706,-0.14123622835802507
V,0.0,0.0,0.0,-0.06971579790115356,-0.04051333665847778,-0.07400234009776341,-0.08746600151062012,-0.13280147314071655,-0.12094249542508351,-0.004676997661590576,-0.20481610298156738,-0.1630001064733051,0.07255470752716064,-0.26482266187667847,-0.20104034211192356,-0.10745161771774292,-0.32545608282089233,-0.09826807643923985,-0.13180232048034668,-0.4992183446884155,-0.15541219677481877,-0.14089888334274292,-0.6125160157680511,-0.18850278820548283,-0.14689001441001892,-0.7136473953723907,-0.20970647003207432,-0.03324174880981445,-0.34869593381881714,-0.0968636494473003,0.0019115209579467773,-0.5311749577522278,-0.15382976796183812,0.03345400094985962,-0.6534959971904755,-0.18208901550326573,0.05954480171203613,-0.7645438313484192,-0.1953865286305927,0.028166890144348145,-0.316356897354126,-0.1017491516068958,0.062294065952301025,-0.3359920382499695,-0.16481280293021427,0.038329243659973145,-0.22689998149871826,-0.16523596610579716,0.017358005046844482,-0.16597938537597656,-0.14845472540412175,0.07772660255432129,-0.2553423047065735,-0.11401026662144886,0.10312682390213013,-0.2699703574180603,-0.15945315327201115,0.0761067271232605,-0.20118677616119385,-0.15352505411658512,0.04757469892501831,-0.15459442138671875,-0.13847517933402287
