label,x0,y0,z0,x1,y1,z1,x2,y2,z2,x3,y3,z3,x4,y4,z4,x5,y5,z5,x6,y6,z6,x7,y7,z7,x8,y8,z8,x9,y9,z9,x10,y10,z10,x11,y11,z11,x12,y12,z12,x13,y13,z13,x14,y14,z14,x15,y15,z15,x16,y16,z16,x17,y17,z17,x18,y18,z18,x19,y19,z19,x20,y20,z20
W,0.0,0.0,0.0,-0.06608361005783081,-0.03792381286621094,-0.0647167419548964,-0.09731796383857727,-0.11734944581985474,-0.09165617129764314,-0.02730947732925415,-0.175573468208313,-0.10839895210227724,0.04766887426376343,-0.22461068630218506,-0.12367437831125017,-0.11553558707237244,-0.3435772657394409,-0.059484869753930525,-0.16619694232940674,-0.49647510051727295,-0.08789982697925325,-0.19125205278396606,-0.5952989459037781,-0.1072558467741942,-0.21320736408233643,-0.6849025189876556,-0.1230699872132277,-0.04500669240951538,-0.3724692463874817,-0.0595471752341723,-0.05101633071899414,-0.5518672466278076,-0.0837396388407683,-0.04929584264755249,-0.6676441133022308,-0.10434977016410585,-0.05333751440048218,-0.7674046456813812,-0.11884614131412263,0.012054264545440674,-0.3444562554359436,-0.0675192852970099,0.05025714635848999,-0.4763444662094116,-0.10759790292939897,0.07170099020004272,-0.5768547058105469,-0.14345178804359193,0.0796392560005188,-0.6763234734535217,-0.16738867065868135,0.06332021951675415,-0.2733162045478821,-0.07990611395797487,0.07948547601699829,-0.32287901639938354,-0.11974909952840562,0.06364655494689941,-0.2649957537651062,-0.12854992649516817,0.04157048463821411,-0.20623517036437988,-0.1335583408828711
W,0.0,0.0,0.0,-0.06816065311431885,-0.038225531578063965,-0.06396611872537505,-0.0997144877910614,-0.11666971445083618,-0.09132217708452117,-0.02871495485305786,-0.1750696897506714,-0.10860465559585464,0.04567629098892212,-0.2256944179534912,-0.1250365534745015,-0.11763101816177368,-0.34093719720840454,-0.06032510939462554,-0.1673983335494995,-0.49344924092292786,-0.08892146590574157,-0.19193905591964722,-0.5929904580116272,-0.10827602538688552,-0.2136114239692688,-0.6825777888298035,-0.12409907672031295,-0.04688858985900879,-0.37040549516677856,-0.060503386887148736,-0.05269443988800049,-0.5491907000541687,-0.08472294453008544,-0.05097240209579468,-0.6656064689159393,-0.10562642011268508,-0.05428764224052429,-0.7645505666732788,-0.12012670281751525,0.010756194591522217,-0.34300148487091064,-0.06826871726138961,0.047793447971343994,-0.47414684295654297,-0.10898105147703063,0.06994783878326416,-0.5766911506652832,-0.14584186765773666,0.08041393756866455,-0.6753637194633484,-0.17046836111171615,0.06270700693130493,-0.27333271503448486,-0.08023207727296722,0.07605892419815063,-0.3145368695259094,-0.12322818580491912,0.060341596603393555,-0.253781259059906,-0.13412295374496352,0.039987027645111084,-0.19274985790252686,-0.13988942000491988
W,0.0,0.0,0.0,-0.06797075271606445,-0.039026737213134766,-0.0635095462296249,-0.09965649247169495,-0.12023228406906128,-0.08638114483096615,-0.031198740005493164,-0.18031847476959229,-0.09839374572970883,0.0417095422744751,-0.23017209768295288,-0.10838457942941204,-0.11918902397155762,-0.3459540605545044,-0.054616257557654535,-0.16850751638412476,-0.4991964101791382,-0.08162141592242733,-0.19382411241531372,-0.5979661643505096,-0.10070643574931637,-0.2166372537612915,-0.6865791976451874,-0.11578255147674099,-0.047904133796691895,-0.3731340765953064,-0.05533927307465092,-0.053203076124191284,-0.5547870993614197,-0.07727476955392376,-0.05202281475067139,-0.6709697246551514,-0.0972571447584869,-0.055825114250183105,-0.7691692411899567,-0.11086178571918026,0.008709371089935303,-0.3453197479248047,-0.06435951591470257,0.044189274311065674,-0.48112472891807556,-0.10350558907725826,0.06718462705612183,-0.5828561782836914,-0.139189496645713,0.07701951265335083,-0.6830004751682281,-0.16215342284181133,0.06035304069519043,-0.2726116180419922,-0.07780839503743664,0.0752379298210144,-0.330080509185791,-0.11510706693866268,0.06396430730819702,-0.2746161222457886,-0.12090525032022015,0.04540830850601196,-0.21228784322738647,-0.12332542241551891
W,0.0,0.0,0.0,-0.06586956977844238,-0.03942835330963135,-0.06212707206941559,-0.09436827898025513,-0.12306588888168335,-0.08707726717329933,-0.025107502937316895,-0.18136626482009888,-0.10223614394999458,0.048095703125,-0.2285085916519165,-0.11639025032854988,-0.11476626992225647,-0.34719139337539673,-0.056228693279990694,-0.16448086500167847,-0.49819672107696533,-0.08303496212101891,-0.18922939896583557,-0.5963853597640991,-0.10156485408879234,-0.21218663454055786,-0.6840946972370148,-0.11664926976300194,-0.044090092182159424,-0.3755708336830139,-0.05724784329868271,-0.04923057556152344,-0.5543252229690552,-0.07961708277798607,-0.04729586839675903,-0.6698929965496063,-0.09943715453482582,-0.05099490284919739,-0.7676876783370972,-0.11313301295376732,0.013696491718292236,-0.34763360023498535,-0.0659243163499923,0.0499417781829834,-0.48040977120399475,-0.10477937728501274,0.07244133949279785,-0.5819571316242218,-0.1400861141119094,0.08318281173706055,-0.6804338991641998,-0.16347606450653984,0.06540554761886597,-0.2773917317390442,-0.0788332444462867,0.07951587438583374,-0.32494890689849854,-0.11853191227055504,0.06541615724563599,-0.2658041715621948,-0.12672248453236534,0.04662036895751953,-0.20445775985717773,-0.13080726534462883
W,0.0,0.0,0.0,-0.06868597865104675,-0.03909426927566528,-0.06340301863417608,-0.1006033718585968,-0.12003260850906372,-0.08883376501069051,-0.03001004457473755,-0.17823666334152222,-0.10414269648060781,0.04535806179046631,-0.22593241930007935,-0.1182367437289713,-0.1188269555568695,-0.3450615406036377,-0.05667003698215467,-0.16967487335205078,-0.49758172035217285,-0.0836632334397791,-0.19499021768569946,-0.5965538024902344,-0.10300709388718587,-0.21726441383361816,-0.6853905916213989,-0.11863802454934103,-0.04778856039047241,-0.37182319164276123,-0.05667878396377546,-0.05427101254463196,-0.5507202744483948,-0.07889253727660162,-0.05281740427017212,-0.6673938632011414,-0.0999712505148409,-0.05630674958229065,-0.7667987644672394,-0.11486192129120809,0.009568452835083008,-0.34320080280303955,-0.06441708735690099,0.04447603225708008,-0.47525686025619507,-0.10316483757958395,0.06675082445144653,-0.5781087875366211,-0.139993638615465,0.07738429307937622,-0.6770251095294952,-0.16456306062207204,0.061100125312805176,-0.2724142074584961,-0.07646939239964468,0.0764886736869812,-0.32254117727279663,-0.11571404419407827,0.06438601016998291,-0.2655285596847534,-0.12419553182587606,0.04733926057815552,-0.2042425274848938,-0.1286343046234606
W,0.0,0.0,0.0,-0.07060199975967407,-0.03956305980682373,-0.06181871169195574,-0.10403198003768921,-0.12421369552612305,-0.08564950548992556,-0.03382200002670288,-0.18246793746948242,-0.09954104595766466,0.0413934588432312,-0.22638964653015137,-0.11248152726278704,-0.12065553665161133,-0.34359657764434814,-0.056985371047119315,-0.17176371812820435,-0.49553775787353516,-0.08431883179531496,-0.19711202383041382,-0.5946615636348724,-0.103826254838566,-0.21941694617271423,-0.682668924331665,-0.11947342776642245,-0.04866433143615723,-0.37155359983444214,-0.05821747356043261,-0.05456039309501648,-0.551342785358429,-0.0789723696647684,-0.05345284938812256,-0.6678285300731659,-0.09910889738188189,-0.05707347393035889,-0.7658076584339142,-0.11368738883123797,0.009661436080932617,-0.3435450792312622,-0.067155272000889,0.04478871822357178,-0.4798475503921509,-0.1043678300915758,0.06471353769302368,-0.5837963819503784,-0.14112518751011294,0.07335233688354492,-0.6837193965911865,-0.16622221493111056,0.062312424182891846,-0.2728484272956848,-0.08035138272629183,0.07765573263168335,-0.32339024543762207,-0.11859083198891085,0.06436842679977417,-0.2681208848953247,-0.12707117223129671,0.04499661922454834,-0.20839744806289673,-0.13194501423225802
W,0.0,0.0,0.0,-0.06933614611625671,-0.03821641206741333,-0.06176218719576809,-0.10296246409416199,-0.12146639823913574,-0.08719839484786007,-0.03529995679855347,-0.1802629828453064,-0.10295718492363903,0.03891342878341675,-0.22656553983688354,-0.11838282973860714,-0.12152451276779175,-0.34409505128860474,-0.05871075720881436,-0.17221856117248535,-0.49628663063049316,-0.08670769960974667,-0.1973583698272705,-0.5962529182434082,-0.10685921789502117,-0.21994802355766296,-0.6843380033969879,-0.12323090018128369,-0.04967135190963745,-0.372958242893219,-0.060139517796983455,-0.05525630712509155,-0.5518706738948822,-0.081546026779165,-0.05417335033416748,-0.6688972115516663,-0.10250018866156552,-0.058417826890945435,-0.7671411633491516,-0.11796180487965557,0.008811593055725098,-0.3449711203575134,-0.06901442588662121,0.043261587619781494,-0.47939664125442505,-0.10681112439726803,0.06410485506057739,-0.5835508704185486,-0.14409192235564205,0.07385128736495972,-0.6817633807659149,-0.1700101974735162,0.06123316287994385,-0.2753399610519409,-0.08202504695748303,0.07329785823822021,-0.320403516292572,-0.12274057002161953,0.060158729553222656,-0.2635418176651001,-0.13299246461485836,0.0424036979675293,-0.2038765549659729,-0.138983029438009
W,0.0,0.0,0.0,-0.07174164056777954,-0.03765606880187988,-0.060616405989094346,-0.1072002649307251,-0.12493526935577393,-0.0841332323207098,-0.03932434320449829,-0.1837393045425415,-0.09816082784072933,0.035029053688049316,-0.22814249992370605,-0.11175072410242137,-0.12611359357833862,-0.3462122678756714,-0.055248489911718934,-0.17653155326843262,-0.49841922521591187,-0.08220927634374675,-0.2018592655658722,-0.5984852015972137,-0.10213977315561351,-0.22512409090995789,-0.687300056219101,-0.1185534245623785,-0.054116666316986084,-0.3760266900062561,-0.05658207678334293,-0.059841811656951904,-0.5542413592338562,-0.07699337818758067,-0.05807685852050781,-0.6708557307720184,-0.09731066444055614,-0.061836302280426025,-0.7694123983383179,-0.11230513670579967,0.005211532115936279,-0.34938549995422363,-0.06547252305881557,0.03768348693847656,-0.4843112826347351,-0.10232348212139186,0.05799037218093872,-0.5879066586494446,-0.13869104006425914,0.06747877597808838,-0.6870355308055878,-0.1640081576360899,0.05875110626220703,-0.2811521291732788,-0.07857617952959117,0.069813072681427,-0.326526403427124,-0.11829736300842342,0.0564115047454834,-0.2677156925201416,-0.12777781703607616,0.038531720638275146,-0.20770782232284546,-0.13332359709875163
W,0.0,0.0,0.0,-0.0708867609500885,-0.038109004497528076,-0.0626815975577415,-0.10684940218925476,-0.12433749437332153,-0.08897582152195582,-0.03777360916137695,-0.18108856678009033,-0.10562289961882243,0.03846555948257446,-0.2239391803741455,-0.12269872882671962,-0.12510117888450623,-0.3428342342376709,-0.0629719839365066,-0.17670947313308716,-0.49462538957595825,-0.0920874522001327,-0.2026565670967102,-0.5953740775585175,-0.11327238836594233,-0.2262527346611023,-0.6847745478153229,-0.1307382107646049,-0.05230075120925903,-0.3731344938278198,-0.06412393310375819,-0.058748453855514526,-0.5521804690361023,-0.08442210116692195,-0.05765444040298462,-0.669790506362915,-0.1051753879458488,-0.0616094172000885,-0.770225316286087,-0.12160418638296733,0.007879912853240967,-0.3456956744194031,-0.0726201579839767,0.04084014892578125,-0.47879576683044434,-0.10918546178646693,0.058888375759124756,-0.5839226245880127,-0.14730494925089488,0.06657665967941284,-0.6839665770530701,-0.17519558676787028,0.06160086393356323,-0.2781291604042053,-0.08543571540423045,0.07062149047851562,-0.31711864471435547,-0.12719604083605418,0.05485701560974121,-0.2577061653137207,-0.13966229268618235,0.03442507982254028,-0.19904130697250366,-0.14806410380907664
W,0.0,0.0,0.0,-0.07282137870788574,-0.03755354881286621,-0.062110578684041684,-0.11086219549179077,-0.12224811315536499,-0.08861182075543184,-0.04454830288887024,-0.1787014603614807,-0.10582243841690797,0.02938699722290039,-0.22372794151306152,-0.12347137373490114,-0.1292758584022522,-0.3423307538032532,-0.061515921769569104,-0.1810339391231537,-0.4952315092086792,-0.09098924141926545,-0.20673024654388428,-0.5966855585575104,-0.11273427498144883,-0.2303701639175415,-0.6866568028926849,-0.13055528145832795,-0.05649480223655701,-0.37298744916915894,-0.06321373772425432,-0.06319943070411682,-0.5521166920661926,-0.08475884985728044,-0.06234842538833618,-0.669965535402298,-0.10673028421206254,-0.06731504201889038,-0.77001953125,-0.12356145125431794,0.003373086452484131,-0.34640955924987793,-0.0721527580599286,0.03535175323486328,-0.4798491597175598,-0.10959983807606477,0.05389583110809326,-0.5834818184375763,-0.14740856927437562,0.06136542558670044,-0.6827012300491333,-0.17467252355618257,0.05683165788650513,-0.27945607900619507,-0.08533434760374803,0.06787550449371338,-0.3205297589302063,-0.12780823749108094,0.053833723068237305,-0.26080745458602905,-0.13976393085522432,0.03456699848175049,-0.2030317187309265,-0.14732130807442445
W,0.0,0.0,0.0,-0.07528480887413025,-0.039524614810943604,-0.0578440345815352,-0.11443227529525757,-0.13159584999084473,-0.0811887636772326,-0.048100799322128296,-0.18801647424697876,-0.09634658247148309,0.025802791118621826,-0.22979319095611572,-0.11297316402112756,-0.13511183857917786,-0.34850621223449707,-0.0562849596134356,-0.18664875626564026,-0.5000245571136475,-0.08395839035426889,-0.21307659149169922,-0.6008793413639069,-0.10507788807069574,-0.23691585659980774,-0.6896812617778778,-0.12305093854581628,-0.06200718879699707,-0.38031065464019775,-0.059951133280151225,-0.06885150074958801,-0.5581965446472168,-0.07914316207086358,-0.06825733184814453,-0.6755113303661346,-0.1012598752967051,-0.0718805193901062,-0.7749565839767456,-0.11903553008949075,-0.0012075304985046387,-0.35280776023864746,-0.07067199349319253,0.029632091522216797,-0.4843999147415161,-0.10661483853971276,0.04613006114959717,-0.5868895649909973,-0.1464217782012156,0.053536832332611084,-0.6842663884162903,-0.17601916491901193,0.05261969566345215,-0.28632915019989014,-0.08524361550723825,0.05850529670715332,-0.31656885147094727,-0.12867164909755502,0.04407721757888794,-0.2563507556915283,-0.14374240040694986,0.02623218297958374,-0.20139223337173462,-0.15398998856460366
W,0.0,0.0,0.0,-0.07288432121276855,-0.03964722156524658,-0.057322223845289955,-0.11291524767875671,-0.12800025939941406,-0.08150154090242268,-0.049192458391189575,-0.18601077795028687,-0.09755634254531742,0.027022957801818848,-0.22862422466278076,-0.11437825596647144,-0.13249331712722778,-0.3446069359779358,-0.057196156296299705,-0.18618988990783691,-0.49753624200820923,-0.08493694401101948,-0.21146631240844727,-0.5981472134590149,-0.10496180242614628,-0.23455634713172913,-0.6864662766456604,-0.12175310886220814,-0.060054928064346313,-0.3752095699310303,-0.061368734750317344,-0.06707125902175903,-0.555087685585022,-0.08233155793266178,-0.06786367297172546,-0.672927737236023,-0.10370828694419743,-0.07373115420341492,-0.7717645764350891,-0.1202585670979488,0.000470578670501709,-0.34842872619628906,-0.07253668940381885,0.030552148818969727,-0.4795198440551758,-0.10928346699790836,0.0468100905418396,-0.5835882425308228,-0.1478544670970905,0.05320781469345093,-0.6812544465065002,-0.17575181013660313,0.05494284629821777,-0.2831929326057434,-0.08755406475381733,0.06016838550567627,-0.31845152378082275,-0.12892763799743534,0.04520392417907715,-0.25912147760391235,-0.1418851066263187,0.026880919933319092,-0.20183557271957397,-0.15060115343646885
W,0.0,0.0,0.0,-0.07336476445198059,-0.04018223285675049,-0.0585226439555413,-0.11223393678665161,-0.12227892875671387,-0.08636690905888145,-0.04935044050216675,-0.17800480127334595,-0.10632149359781806,0.02338796854019165,-0.2242226004600525,-0.12748660376865928,-0.13035085797309875,-0.34132885932922363,-0.061500588866067574,-0.18286046385765076,-0.49068358540534973,-0.0908882268388993,-0.20854192972183228,-0.5896157920360565,-0.11232082775433128,-0.23125362396240234,-0.6770603358745575,-0.1305804275592095,-0.05827060341835022,-0.3728265166282654,-0.06576059988339011,-0.06470352411270142,-0.5485435426235199,-0.08693366727430885,-0.06580838561058044,-0.6637767553329468,-0.10929090014298026,-0.07134941220283508,-0.7618685066699982,-0.12756146720249717,0.0020515918731689453,-0.34439635276794434,-0.07685659310419624,0.03144258260726929,-0.4726220965385437,-0.11342168829042976,0.046935200691223145,-0.5741296410560608,-0.15245798459847038,0.054226815700531006,-0.6699976325035095,-0.18197234204609458,0.05575203895568848,-0.2785559892654419,-0.09183246872026984,0.057523488998413086,-0.30391931533813477,-0.1353261493762261,0.042276203632354736,-0.24624544382095337,-0.1510982238372094,0.02509331703186035,-0.1944427490234375,-0.1622261874993569
W,0.0,0.0,0.0,-0.07249101996421814,-0.03922569751739502,-0.058159882965242105,-0.11185431480407715,-0.12325382232666016,-0.08443522715822382,-0.05015084147453308,-0.17797672748565674,-0.1026056137110345,0.02360600233078003,-0.22226953506469727,-0.12224921101585551,-0.13196375966072083,-0.3388074040412903,-0.06002482661858721,-0.18352031707763672,-0.4879379868507385,-0.08868664765611811,-0.20884668827056885,-0.5864208042621613,-0.10988898092762156,-0.23183932900428772,-0.6735706031322479,-0.12801011169210597,-0.05996221303939819,-0.3712582588195801,-0.06434785837188883,-0.06659650802612305,-0.5464970767498016,-0.0852192964579217,-0.06751766800880432,-0.6624568104743958,-0.10824610555425807,-0.07278379797935486,-0.7611699998378754,-0.12682375574365778,0.0003363490104675293,-0.34484153985977173,-0.07545227819935008,0.028726577758789062,-0.4722543954849243,-0.11306525284305735,0.0440521240234375,-0.5741972923278809,-0.15394301975027247,0.051625609397888184,-0.6703361570835114,-0.18442264461771174,0.05449330806732178,-0.28110724687576294,-0.09024359548345728,0.054950594902038574,-0.3046676516532898,-0.1358428474690072,0.04039806127548218,-0.24377059936523438,-0.15267496073499842,0.02414602041244507,-0.18892371654510498,-0.1641253855253808
W,0.0,0.0,0.0,-0.07323136925697327,-0.0382198691368103,-0.05783604341337423,-0.11341550946235657,-0.12452906370162964,-0.08261380973050336,-0.049409419298172,-0.1839357614517212,-0.09903517248818616,0.02552551031112671,-0.22909420728683472,-0.11606189491936902,-0.13004791736602783,-0.3387370705604553,-0.056781499411556524,-0.1835728883743286,-0.4875735640525818,-0.08460103603789548,-0.20876601338386536,-0.5858085453510284,-0.10539394500443677,-0.23257705569267273,-0.6729269921779633,-0.12311414512583951,-0.058507323265075684,-0.3691551685333252,-0.06072669732162694,-0.06662026047706604,-0.5457091927528381,-0.08247210713813047,-0.06817981600761414,-0.6622333526611328,-0.10492364200541715,-0.07494771480560303,-0.761372298002243,-0.12240783008525113,0.0016288161277770996,-0.3416919708251953,-0.07172170909831266,0.028624534606933594,-0.4707488417625427,-0.10966372373292188,0.04352813959121704,-0.5748551487922668,-0.14884886028954725,0.04971885681152344,-0.6743475794792175,-0.17715266230294446,0.055978238582611084,-0.2766459584236145,-0.08645030739495496,0.05832475423812866,-0.31389838457107544,-0.12924729170987348,0.04245370626449585,-0.25505614280700684,-0.14259010436722974,0.02407461404800415,-0.1993592381477356,-0.1515127259750102
W,0.0,0.0,0.0,-0.07346144318580627,-0.0364072322845459,-0.05932766839276837,-0.1144404411315918,-0.11923646926879883,-0.08562709286223935,-0.05104026198387146,-0.1768782138824463,-0.10305631800900983,0.022336363792419434,-0.22222834825515747,-0.12114128365527677,-0.1308935582637787,-0.33715248107910156,-0.06091464205991315,-0.1842956840991974,-0.48451167345046997,-0.08951379253875302,-0.20997148752212524,-0.5826295614242554,-0.1103600029588847,-0.23338806629180908,-0.670050323009491,-0.12817712023269223,-0.058776646852493286,-0.36877840757369995,-0.06413586332809018,-0.06705611944198608,-0.5434898138046265,-0.08679775788795041,-0.06728354096412659,-0.6587820947170258,-0.10894974216233777,-0.07203775644302368,-0.7575013637542725,-0.12616604461680936,0.001775205135345459,-0.3417578935623169,-0.07430234446536588,0.02972400188446045,-0.47019147872924805,-0.1132371638656764,0.04461020231246948,-0.5745463669300079,-0.15248671069156217,0.05083698034286499,-0.6741489768028259,-0.18092408671390103,0.05641394853591919,-0.2762841582298279,-0.08821216865788983,0.0576634407043457,-0.30877530574798584,-0.1325479735375552,0.04031497240066528,-0.24869972467422485,-0.14680661156188535,0.020036041736602783,-0.19170022010803223,-0.15624396398078488
W,0.0,0.0,0.0,-0.07699951529502869,-0.03744453191757202,-0.05800825622236516,-0.1209290623664856,-0.12676870822906494,-0.08104515340482976,-0.0561487078666687,-0.18554627895355225,-0.09508583959495809,0.020433545112609863,-0.22632163763046265,-0.10985182490503576,-0.13603675365447998,-0.34001821279525757,-0.05683714416181829,-0.19114968180656433,-0.4879327416419983,-0.08441649642145421,-0.21749347448349,-0.5858745276927948,-0.10520568009769704,-0.24207663536071777,-0.673257052898407,-0.12308153774893071,-0.0633283257484436,-0.3704632520675659,-0.06057893749630239,-0.07318422198295593,-0.5459489226341248,-0.08293476965582158,-0.0751447081565857,-0.6623155176639557,-0.10562581088697698,-0.08141154050827026,-0.7620483338832855,-0.12305308398163106,-0.0026360154151916504,-0.3442261815071106,-0.07146590467846181,0.02265089750289917,-0.47242456674575806,-0.11103138592397954,0.03655993938446045,-0.5771486759185791,-0.1514888581291416,0.042126476764678955,-0.6784313321113586,-0.18027696278250005,0.0528445839881897,-0.2799968123435974,-0.08599093076145436,0.05055069923400879,-0.3157128691673279,-0.130206453467963,0.03399533033370972,-0.25391364097595215,-0.14391719069635656,0.015102148056030273,-0.19567811489105225,-0.1529546406522968
W,0.0,0.0,0.0,-0.07491376996040344,-0.035877108573913574,-0.06060419283852525,-0.11652663350105286,-0.11790698766708374,-0.08770007692322679,-0.0529819130897522,-0.1772860288619995,-0.10545209847435899,0.02321457862854004,-0.22328311204910278,-0.12353686295494981,-0.13291600346565247,-0.33459770679473877,-0.06329176627144761,-0.1880742311477661,-0.48351818323135376,-0.09308581106409974,-0.2145429253578186,-0.5819807946681976,-0.11438529990658708,-0.23933547735214233,-0.6698618829250336,-0.13231880269989915,-0.061143338680267334,-0.3653143644332886,-0.06656254880175538,-0.07121294736862183,-0.5432780981063843,-0.09089432708964296,-0.07340610027313232,-0.6606017351150513,-0.1134089162205214,-0.08027124404907227,-0.7608772814273834,-0.13045693241105027,-0.0007739663124084473,-0.33848661184310913,-0.07688192330346055,0.024625301361083984,-0.4683806002140045,-0.11750235460743852,0.03833991289138794,-0.5736433565616608,-0.1567366351936812,0.04341644048690796,-0.6747181415557861,-0.18451651237950273,0.05476611852645874,-0.273669958114624,-0.09102483890995927,0.054793715476989746,-0.3100510239601135,-0.13545822404370256,0.03897756338119507,-0.2497159242630005,-0.1486470481012816,0.020215928554534912,-0.19234627485275269,-0.15715987287507005
W,0.0,0.0,0.0,-0.07682958245277405,-0.036002516746520996,-0.05983821108122811,-0.11927422881126404,-0.11644375324249268,-0.08616163014551148,-0.05643242597579956,-0.1718456745147705,-0.10308271824499116,0.017070889472961426,-0.21543866395950317,-0.12056856780429825,-0.13589799404144287,-0.3320128917694092,-0.06335905372282014,-0.19189566373825073,-0.4809874892234802,-0.09328958570142731,-0.21840399503707886,-0.5799632668495178,-0.11491966425558076,-0.24309158325195312,-0.6682301461696625,-0.13303911863943085,-0.0628836452960968,-0.3634384274482727,-0.06694574087043748,-0.07302132248878479,-0.5412558615207672,-0.09101536302944169,-0.07490146160125732,-0.6586466431617737,-0.11391446917434678,-0.0815291702747345,-0.7589358985424042,-0.1313353198685263,-0.0019965171813964844,-0.3374190926551819,-0.0774744841374968,0.022372782230377197,-0.4645734429359436,-0.11775366394897446,0.03652292490005493,-0.5710068345069885,-0.15754284142633423,0.04208528995513916,-0.673581063747406,-0.18590068995138154,0.05364185571670532,-0.27291637659072876,-0.09173455267330155,0.05130046606063843,-0.30688637495040894,-0.13568066238542542,0.03682023286819458,-0.2465001344680786,-0.14860773264547333,0.019868969917297363,-0.18899965286254883,-0.1571154165186499
W,0.0,0.0,0.0,-0.07873314619064331,-0.03825962543487549,-0.0583256047440841,-0.12205973267555237,-0.11794471740722656,-0.08302333319915078,-0.05901041626930237,-0.17259371280670166,-0.09804337585700296,0.014695465564727783,-0.21649551391601562,-0.11308670902980111,-0.1349889039993286,-0.33580052852630615,-0.06265775228274606,-0.19161593914031982,-0.48542648553848267,-0.09258857483399652,-0.21926400065422058,-0.5833004415035248,-0.11355301106704019,-0.24417755007743835,-0.6709323525428772,-0.13094354534877084,-0.06125786900520325,-0.3655349612236023,-0.06723085904849313,-0.07229486107826233,-0.5449679493904114,-0.0923289817048385,-0.07602524757385254,-0.6620399951934814,-0.11470613742602609,-0.08283331990242004,-0.7607448399066925,-0.13123393917811654,0.00021916627883911133,-0.3386133313179016,-0.07885889822972558,0.024990439414978027,-0.4681934714317322,-0.12009453142417215,0.038603127002716064,-0.5746435523033142,-0.159765296824105,0.04462707042694092,-0.6773620247840881,-0.1872292097879722,0.05639439821243286,-0.27043116092681885,-0.09403923267853997,0.05034703016281128,-0.30674540996551514,-0.13636010254157327,0.03382980823516846,-0.24804115295410156,-0.14800305033458017,0.016169488430023193,-0.1892293095588684,-0.15558954442275308
W,0.0,0.0,0.0,-0.0786471962928772,-0.036187589168548584,-0.061007365807370206,-0.12213772535324097,-0.11404234170913696,-0.09054455183394339,-0.05903640389442444,-0.1658693552017212,-0.11068286023981955,0.01478201150894165,-0.2110360860824585,-0.1318561511481562,-0.13517895340919495,-0.33297961950302124,-0.06971622280724432,-0.19155669212341309,-0.4814353287220001,-0.10179584495671179,-0.21905270218849182,-0.5807017683982849,-0.12484525911457922,-0.2439633011817932,-0.6702187657356262,-0.14426665775425818,-0.061331748962402344,-0.36460477113723755,-0.0738872366393366,-0.07175081968307495,-0.5436148941516876,-0.09892762474663641,-0.07442426681518555,-0.6607840955257416,-0.12293835751660254,-0.0815010666847229,-0.7610910832881927,-0.14191926293023016,0.0005885958671569824,-0.33741170167922974,-0.0846708642686167,0.026512503623962402,-0.46680039167404175,-0.12584307067044165,0.040280818939208984,-0.5731758177280426,-0.16652380697377112,0.045912861824035645,-0.6750171482563019,-0.1963886993373194,0.05666089057922363,-0.2714018225669861,-0.09911912701971914,0.05396825075149536,-0.30255287885665894,-0.14522592000611212,0.03835701942443848,-0.24159878492355347,-0.1598479973519602,0.020078837871551514,-0.1854727864265442,-0.16994004718907263
W,0.0,0.0,0.0,-0.0793336033821106,-0.03458815813064575,-0.05957393356618468,-0.12615805864334106,-0.1146274209022522,-0.08808498838004652,-0.06586745381355286,-0.1695321798324585,-0.1077010706907231,0.007346689701080322,-0.21820801496505737,-0.12857721754369322,-0.1405234932899475,-0.3349186182022095,-0.06595023729857985,-0.19591349363327026,-0.4847652316093445,-0.09696189322528426,-0.22353637218475342,-0.5851108729839325,-0.11964260795173232,-0.24892845749855042,-0.6753897964954376,-0.1393514127379376,-0.06632959842681885,-0.3682160973548889,-0.07101970919427458,-0.07708758115768433,-0.5464594960212708,-0.0961130932813603,-0.0803060233592987,-0.6645152270793915,-0.12135691949185912,-0.0881529152393341,-0.7662988603115082,-0.14127616592702452,-0.003488481044769287,-0.3424277901649475,-0.0826570541506726,0.020246505737304688,-0.4724145531654358,-0.1252229810601193,0.0347859263420105,-0.5795387625694275,-0.16735993334111754,0.04147213697433472,-0.682555228471756,-0.19814436146077696,0.05327343940734863,-0.277759850025177,-0.09763474770841185,0.04838651418685913,-0.3082634210586548,-0.1463464946394879,0.03344690799713135,-0.24570906162261963,-0.16248290249166075,0.01671016216278076,-0.189591646194458,-0.1733589173203427
W,0.0,0.0,0.0,-0.07929515838623047,-0.034027934074401855,-0.06020071476410749,-0.12525126338005066,-0.11100935935974121,-0.08962167173336866,-0.06465950608253479,-0.1653117537498474,-0.109863692221154,0.007671654224395752,-0.21614879369735718,-0.13088829189251783,-0.13800466060638428,-0.33292120695114136,-0.06850626438568952,-0.19519349932670593,-0.4831010103225708,-0.10042856007527234,-0.2235780656337738,-0.5827702283859253,-0.12290683507632139,-0.2485613226890564,-0.6718956828117371,-0.14205958813141706,-0.06382271647453308,-0.3665923476219177,-0.07384454577874067,-0.07643309235572815,-0.5482033491134644,-0.09930773198317411,-0.08045798540115356,-0.6666969954967499,-0.12378244220923307,-0.087775319814682,-0.7667912840843201,-0.1429982718796623,-0.0008008480072021484,-0.33985090255737305,-0.0858756613702667,0.022764861583709717,-0.4698570966720581,-0.12820675342987897,0.03572821617126465,-0.5766618549823761,-0.16959328323315503,0.04158085584640503,-0.6789782047271729,-0.19980683296631696,0.05649834871292114,-0.2732013463973999,-0.10138563185643079,0.051239967346191406,-0.3022516369819641,-0.14876554280232313,0.035166800022125244,-0.24045270681381226,-0.16419401138733747,0.017142951488494873,-0.1841360330581665,-0.17475646108101728
W,0.0,0.0,0.0,-0.07825326919555664,-0.032865703105926514,-0.06293380300644458,-0.1259101927280426,-0.10834747552871704,-0.09381183277014316,-0.066925048828125,-0.16528642177581787,-0.11492001305464328,0.005922555923461914,-0.2171902060508728,-0.1368173066819054,-0.13950514793395996,-0.33530718088150024,-0.0727635551536423,-0.19705608487129211,-0.48748284578323364,-0.10620443563107074,-0.22526511549949646,-0.5880696475505829,-0.1295463744843346,-0.25061845779418945,-0.6783559024333954,-0.14917850534561694,-0.06389319896697998,-0.36850208044052124,-0.0767538477027756,-0.075569748878479,-0.5510644018650055,-0.1038420800412041,-0.07906943559646606,-0.6696783602237701,-0.1288824532473427,-0.08741328120231628,-0.7715577185153961,-0.1483112875664574,-0.0007551908493041992,-0.34175705909729004,-0.08750616054180682,0.023170411586761475,-0.4723314046859741,-0.13106921355370105,0.03620553016662598,-0.5790652334690094,-0.17270939092281878,0.04065728187561035,-0.6822808980941772,-0.20288643281105578,0.05635058879852295,-0.2747385501861572,-0.1019243229472977,0.05334341526031494,-0.3065476417541504,-0.1501304511273247,0.03731250762939453,-0.24529963731765747,-0.1659429226363045,0.01792764663696289,-0.18970447778701782,-0.1766228977883202
W,0.0,0.0,0.0,-0.07921260595321655,-0.03285527229309082,-0.06195731113086822,-0.12842166423797607,-0.1116829514503479,-0.09126631195078971,-0.06809037923812866,-0.17392992973327637,-0.11117160344849708,0.007572531700134277,-0.22857314348220825,-0.13167604083548667,-0.14325568079948425,-0.33887237310409546,-0.06641638303528907,-0.20213496685028076,-0.49099764227867126,-0.09842749709616783,-0.23102116584777832,-0.5920833349227905,-0.12187947357426765,-0.2575625479221344,-0.6825853586196899,-0.14175095433722618,-0.06855937838554382,-0.3733494281768799,-0.07045203471909645,-0.08199736475944519,-0.5558368861675262,-0.09595581913720252,-0.08599445223808289,-0.6755214333534241,-0.12054161006938102,-0.09490334987640381,-0.7762898206710815,-0.1395434665156472,-0.00510936975479126,-0.34697455167770386,-0.08154314780961158,0.017999112606048584,-0.4810364842414856,-0.1239421817136872,0.03101193904876709,-0.5887986719608307,-0.1647967475129235,0.03532135486602783,-0.6919399797916412,-0.19421387488375785,0.053472697734832764,-0.2802627682685852,-0.09634137923251274,0.05187511444091797,-0.31739509105682373,-0.1439348089171517,0.037205398082733154,-0.2561178207397461,-0.1585171895695794,0.019244909286499023,-0.19884049892425537,-0.16799969250689628
W,0.0,0.0,0.0,-0.07971376180648804,-0.03490877151489258,-0.061189380466487364,-0.12882322072982788,-0.11593782901763916,-0.09059558156087633,-0.06662750244140625,-0.17683327198028564,-0.11071464511707063,0.01042860746383667,-0.2309495210647583,-0.13168712052657838,-0.1451704502105713,-0.3419201374053955,-0.06780476960494752,-0.2040887475013733,-0.4966481328010559,-0.09992230030849214,-0.23274776339530945,-0.5989796817302704,-0.12330264690473314,-0.25901228189468384,-0.6900537610054016,-0.14331169518783327,-0.06889510154724121,-0.3760862350463867,-0.07318013998821016,-0.08216077089309692,-0.561112105846405,-0.09842816832616563,-0.08698931336402893,-0.681936115026474,-0.1234877714808249,-0.09637358784675598,-0.7835721671581268,-0.1433094600136542,-0.004153609275817871,-0.3496782183647156,-0.0855035642082953,0.018399596214294434,-0.4857237935066223,-0.12838931474044557,0.031221628189086914,-0.5948962569236755,-0.17037785145595308,0.03552711009979248,-0.6992519795894623,-0.2010823348458075,0.05503910779953003,-0.2832610011100769,-0.10138157847478624,0.051187872886657715,-0.3194335103034973,-0.15014207455470796,0.03675198554992676,-0.2567157745361328,-0.1655240664179587,0.0190885066986084,-0.19905829429626465,-0.17590813431098695
W,0.0,0.0,0.0,-0.07941275835037231,-0.030255675315856934,-0.06562304142954645,-0.1303631067276001,-0.11082375049591064,-0.09748950991871652,-0.06825244426727295,-0.17681437730789185,-0.11918397639038858,0.009974956512451172,-0.23441356420516968,-0.14190144483092126,-0.1496896743774414,-0.3446691632270813,-0.07301249746325311,-0.21024906635284424,-0.5008763074874878,-0.10665192101242837,-0.2401100993156433,-0.6045281291007996,-0.13170589152815637,-0.26715925335884094,-0.6972966492176056,-0.15325723234656152,-0.07201129198074341,-0.38164424896240234,-0.07700745407584009,-0.08733570575714111,-0.5670100450515747,-0.10305351410153207,-0.09206560254096985,-0.6888380348682404,-0.12958301249983606,-0.10116547346115112,-0.7920578420162201,-0.15101733449938592,-0.00572735071182251,-0.35509032011032104,-0.08811911586764154,0.016203343868255615,-0.49469834566116333,-0.13215568307879266,0.028142690658569336,-0.6048560738563538,-0.17558240536692438,0.03191787004470825,-0.7099115550518036,-0.2079099232340127,0.054672300815582275,-0.28791242837905884,-0.10303665343764123,0.04976511001586914,-0.3230491280555725,-0.15445941332819757,0.03511369228363037,-0.26028865575790405,-0.1717482769871026,0.01788651943206787,-0.20286309719085693,-0.18354490045550165
W,0.0,0.0,0.0,-0.07885074615478516,-0.03201550245285034,-0.06624636113974702,-0.12623333930969238,-0.10857439041137695,-0.09949085921380174,-0.06285408139228821,-0.17069768905639648,-0.12242602616879594,0.016486644744873047,-0.22666281461715698,-0.14608342260453355,-0.14598271250724792,-0.34801673889160156,-0.07570641547772539,-0.208207368850708,-0.5074740052223206,-0.11051454454991472,-0.23793253302574158,-0.6122563779354095,-0.13557117492291582,-0.2646373510360718,-0.7054606676101685,-0.15652694613072526,-0.06668862700462341,-0.3830301761627197,-0.08009355575177324,-0.08157110214233398,-0.5732244849205017,-0.10772942811581743,-0.08645793795585632,-0.6969620287418365,-0.13388045937153947,-0.0962761640548706,-0.8014381527900696,-0.15436854273411882,0.0005091428756713867,-0.35420840978622437,-0.09168410361144197,0.025122642517089844,-0.4978896677494049,-0.1366788378390993,0.037471115589141846,-0.6108031868934631,-0.17956382841202867,0.04009568691253662,-0.7183546423912048,-0.21075641423794877,0.06187796592712402,-0.28281301259994507,-0.10709219485852373,0.06209909915924072,-0.32423949241638184,-0.1569773337278093,0.04726147651672363,-0.2623574733734131,-0.17214106828305376,0.02802109718322754,-0.20214253664016724,-0.18227686792943132
W,0.0,0.0,0.0,-0.08299797773361206,-0.02624654769897461,-0.07136972980958944,-0.1334608793258667,-0.10293525457382202,-0.1070531158374024,-0.06686949729919434,-0.16913747787475586,-0.13151013093454367,0.01623547077178955,-0.22689610719680786,-0.15700341003400808,-0.15739601850509644,-0.349639892578125,-0.07873380916578299,-0.22156274318695068,-0.5103398561477661,-0.11441583173734671,-0.2536507546901703,-0.6175333857536316,-0.14087717967493063,-0.28259313106536865,-0.7135432958602905,-0.1631354464815331,-0.07730525732040405,-0.38792914152145386,-0.08136518286926275,-0.09370189905166626,-0.581722617149353,-0.10947084414226538,-0.09863483905792236,-0.7096823453903198,-0.13714309769136435,-0.10840508341789246,-0.8176002204418182,-0.1586430742071343,-0.009131550788879395,-0.35994696617126465,-0.0914007498548699,0.0161859393119812,-0.5049551725387573,-0.13851413863164908,0.02946573495864868,-0.6217193603515625,-0.1838833315895272,0.033458173274993896,-0.7310916483402252,-0.2165349199102593,0.05313980579376221,-0.28968745470046997,-0.10548298048240667,0.05390620231628418,-0.3271075487136841,-0.16040646272165304,0.042038559913635254,-0.2604442238807678,-0.17801710205537802,0.02689945697784424,-0.19716453552246094,-0.18883698420984274
W,0.0,0.0,0.0,-0.08216413855552673,-0.028506457805633545,-0.07123620762126848,-0.1294543743133545,-0.1055951714515686,-0.10981500847833559,-0.059256404638290405,-0.16885924339294434,-0.13758242829339906,0.024614691734313965,-0.22620677947998047,-0.16706972523229524,-0.15459853410720825,-0.35095590353012085,-0.08635165496366426,-0.22037273645401,-0.5173277854919434,-0.12421131088035509,-0.25330621004104614,-0.6260475218296051,-0.1512345890571396,-0.28221845626831055,-0.7228640615940094,-0.1738715986778061,-0.07364031672477722,-0.38961994647979736,-0.09060902102487489,-0.0899394154548645,-0.5870690941810608,-0.11972545786397859,-0.09613955020904541,-0.718192458152771,-0.14906311734216615,-0.10591733455657959,-0.8279853165149689,-0.17267505033510133,-0.0045174360275268555,-0.3614432215690613,-0.10181062622564241,0.0222739577293396,-0.5092335939407349,-0.14977738960283205,0.03540480136871338,-0.6283027827739716,-0.1983471731712143,0.03981393575668335,-0.7366379499435425,-0.23442657990949556,0.05866438150405884,-0.29244786500930786,-0.11687695934074327,0.057764649391174316,-0.31870216131210327,-0.1742438445855896,0.043920695781707764,-0.2514948844909668,-0.19583154423730775,0.02690756320953369,-0.18794196844100952,-0.210260919766597
W,0.0,0.0,0.0,-0.08391377329826355,-0.028325915336608887,-0.07550967318854873,-0.13023322820663452,-0.10715562105178833,-0.115057861636501,-0.05593353509902954,-0.17048412561416626,-0.1427322386010701,0.03028017282485962,-0.22658061981201172,-0.17181681675754135,-0.1560533344745636,-0.3567904233932495,-0.0893778039320523,-0.22325250506401062,-0.5218980610370636,-0.12855990810237472,-0.2576940059661865,-0.632177859544754,-0.15732148868880813,-0.2881315052509308,-0.7311676442623138,-0.18123804612002914,-0.07372713088989258,-0.39584213495254517,-0.09224866909823959,-0.09128406643867493,-0.5943364799022675,-0.12254297567449157,-0.0969846248626709,-0.7260393798351288,-0.15256313068709915,-0.10708588361740112,-0.8363758325576782,-0.17644088549457138,-0.003791213035583496,-0.36712294816970825,-0.10249377621255462,0.02390986680984497,-0.5170018076896667,-0.15144612474284713,0.03745913505554199,-0.6369240581989288,-0.19945631010375564,0.0408211350440979,-0.7468239963054657,-0.23467740995727127,0.060109734535217285,-0.2958354353904724,-0.11706463081679885,0.061598002910614014,-0.3312164545059204,-0.1733617095454747,0.04767078161239624,-0.2657117247581482,-0.19260456247172897,0.028860270977020264,-0.2008078694343567,-0.20531496984801834
W,0.0,0.0,0.0,-0.08396056294441223,-0.02667391300201416,-0.07535787704591712,-0.13181337714195251,-0.10662555694580078,-0.11422827872638663,-0.059904247522354126,-0.1760317087173462,-0.14125348660354575,0.026822686195373535,-0.23491179943084717,-0.16927172276382407,-0.16089412569999695,-0.3634835481643677,-0.08499094876651725,-0.22848248481750488,-0.5322821140289307,-0.12253383579854926,-0.26271283626556396,-0.6446898877620697,-0.15047755870227775,-0.29372648894786835,-0.7447006106376648,-0.1736523661315914,-0.07791081070899963,-0.4029328227043152,-0.08724871310596427,-0.09468165040016174,-0.6047579050064087,-0.11688621374969443,-0.10019916296005249,-0.7389212548732758,-0.1455829593837734,-0.11143958568572998,-0.8511289358139038,-0.16772556337718925,-0.007062256336212158,-0.37539178133010864,-0.09706021133069953,0.021861553192138672,-0.5308418273925781,-0.14546491238479575,0.03555023670196533,-0.654890239238739,-0.19128614696865043,0.038182199001312256,-0.768772155046463,-0.22430780562763175,0.057633280754089355,-0.30437666177749634,-0.11128012868766746,0.06464171409606934,-0.34887999296188354,-0.16620542141799888,0.0520285964012146,-0.28161191940307617,-0.18249529632930717,0.03411293029785156,-0.21459752321243286,-0.19258518549804649
W,0.0,0.0,0.0,-0.08676508069038391,-0.028812050819396973,-0.0763574560202187,-0.13687244057655334,-0.10965746641159058,-0.11423775749574361,-0.0638020932674408,-0.17653679847717285,-0.1394567136682099,0.02145683765411377,-0.23722058534622192,-0.16535768853793797,-0.16361823678016663,-0.3639068603515625,-0.08864835100541768,-0.23278921842575073,-0.5334819257259369,-0.12692476259837804,-0.26719266176223755,-0.6472196578979492,-0.15470568286548314,-0.2985966056585312,-0.7487953007221222,-0.17773256646762547,-0.07938933372497559,-0.4034571647644043,-0.09079054938922582,-0.09617766737937927,-0.6078844964504242,-0.12062421636949239,-0.10179850459098816,-0.7430787086486816,-0.14880971061359105,-0.11387363076210022,-0.8568645119667053,-0.1710952018416947,-0.00838625431060791,-0.37531840801239014,-0.100747557453019,0.020870089530944824,-0.5311154127120972,-0.14953891383777318,0.03516894578933716,-0.6571849286556244,-0.19603667604098973,0.036919593811035156,-0.7742573916912079,-0.22990485476623235,0.056717872619628906,-0.3024427890777588,-0.11518148528705296,0.06082278490066528,-0.34773725271224976,-0.16953552710185704,0.04580265283584595,-0.279388427734375,-0.18555481182704625,0.023929715156555176,-0.20975470542907715,-0.19611805128226933
W,0.0,0.0,0.0,-0.08633875846862793,-0.029726266860961914,-0.07578690678212752,-0.13969296216964722,-0.1132345199584961,-0.1133037093314897,-0.06909599900245667,-0.1816588044166565,-0.13850044787261595,0.018513977527618408,-0.24152255058288574,-0.1649295049938928,-0.1630527377128601,-0.36694246530532837,-0.08803464800450911,-0.23196324706077576,-0.5379048585891724,-0.1265093195471536,-0.26712676882743835,-0.65265753865242,-0.15448928952548613,-0.29806309938430786,-0.754856675863266,-0.1779944109949838,-0.07828652858734131,-0.40762925148010254,-0.0904475110802423,-0.09412708878517151,-0.6116607189178467,-0.11983775675628294,-0.10053548216819763,-0.7469474375247955,-0.14885074973437895,-0.11252713203430176,-0.8613605797290802,-0.1723840194973718,-0.006463408470153809,-0.3806837201118469,-0.10070016563270201,0.023493051528930664,-0.5375828444957733,-0.1498969453606378,0.03650093078613281,-0.6625808775424957,-0.19887335181567778,0.03813278675079346,-0.778695821762085,-0.23520233810279478,0.0590517520904541,-0.30961376428604126,-0.11533841818902602,0.061882078647613525,-0.3497084379196167,-0.1725368458065759,0.04681926965713501,-0.2790555953979492,-0.19250623464915861,0.025477826595306396,-0.21081995964050293,-0.20618281841609587
W,0.0,0.0,0.0,-0.08839836716651917,-0.030968308448791504,-0.07518193076009538,-0.13995260000228882,-0.11242806911468506,-0.10863184134120729,-0.06903955340385437,-0.18557047843933105,-0.1287053445970514,0.01643538475036621,-0.24690353870391846,-0.14802912572974947,-0.16590169072151184,-0.3699641823768616,-0.0834027300273874,-0.23728376626968384,-0.5426308512687683,-0.1208599279319742,-0.2731700539588928,-0.6566971838474274,-0.14729257623309877,-0.3049626797437668,-0.757796585559845,-0.16845674018020418,-0.08098158240318298,-0.40774476528167725,-0.08563009599799898,-0.09864112734794617,-0.6177050769329071,-0.11598353783244875,-0.10606497526168823,-0.7533921003341675,-0.14260169068927553,-0.11914938688278198,-0.8670551776885986,-0.16234185496921327,-0.010285377502441406,-0.379469633102417,-0.09622966448421266,0.018879055976867676,-0.5411823391914368,-0.14537075857276704,0.031598806381225586,-0.6682628989219666,-0.1903542498743036,0.03108346462249756,-0.7887024581432343,-0.22128877739066866,0.05559432506561279,-0.30205756425857544,-0.11135058800334718,0.060434579849243164,-0.3622503876686096,-0.16034082273597505,0.04596227407455444,-0.2989511489868164,-0.17147801021690157,0.024366378784179688,-0.22825908660888672,-0.1783734331523874
W,0.0,0.0,0.0,-0.08586376905441284,-0.028319895267486572,-0.0788044836606332,-0.13798952102661133,-0.10323309898376465,-0.11956160331624233,-0.0702216625213623,-0.17527693510055542,-0.14725546354907237,0.014084279537200928,-0.24212348461151123,-0.1751905959333726,-0.16517215967178345,-0.3688197731971741,-0.0931690540398904,-0.2363981008529663,-0.5419817566871643,-0.13388086671488963,-0.27272623777389526,-0.6559523344039917,-0.16245327705996715,-0.30482518672943115,-0.7574304938316345,-0.18568609470980846,-0.07907798886299133,-0.4090394973754883,-0.09465510214226924,-0.09683391451835632,-0.6189501285552979,-0.12732396835940563,-0.10411465167999268,-0.7539713978767395,-0.15552279169219219,-0.11788475513458252,-0.8682903051376343,-0.1772933881964036,-0.006696879863739014,-0.3808770179748535,-0.10417339766877376,0.022075235843658447,-0.5404959321022034,-0.15531629140036785,0.034415602684020996,-0.6668446063995361,-0.20129921848433696,0.034119606018066406,-0.7851639091968536,-0.23421640510218822,0.059841275215148926,-0.30576252937316895,-0.11828496868270122,0.06296592950820923,-0.3546980619430542,-0.17314030046122753,0.047339022159576416,-0.28854405879974365,-0.18900652045863353,0.024574995040893555,-0.22033154964447021,-0.19928945417063915
W,0.0,0.0,0.0,-0.08547678589820862,-0.026374399662017822,-0.08013061089411622,-0.13615423440933228,-0.10452735424041748,-0.12238338245049363,-0.061996281147003174,-0.17941880226135254,-0.15200017793074494,0.028093993663787842,-0.24527692794799805,-0.18250255687132722,-0.16620498895645142,-0.36990100145339966,-0.0922567884434784,-0.23876214027404785,-0.5427199304103851,-0.13191599054232483,-0.2749767601490021,-0.6566660702228546,-0.16094395918742066,-0.3074049651622772,-0.7583629786968231,-0.1851169358004654,-0.08113053441047668,-0.41054099798202515,-0.09353509945765381,-0.09987542033195496,-0.6189517974853516,-0.12454855842486268,-0.10727617144584656,-0.7554198205471039,-0.15456563634768372,-0.12084302306175232,-0.8707600831985474,-0.1783912072886551,-0.008625328540802002,-0.3821544051170349,-0.10269277198210602,0.021236002445220947,-0.5430505275726318,-0.15336852176085358,0.03407055139541626,-0.6702344119548798,-0.20183439953223115,0.035001158714294434,-0.787466287612915,-0.23719308180704957,0.0584987998008728,-0.3091527223587036,-0.1165117288936699,0.06479591131210327,-0.3561694025993347,-0.1748296211470688,0.05161285400390625,-0.2863087058067322,-0.19373023910418397,0.031924307346343994,-0.21655237674713135,-0.20585439009562378
W,0.0,0.0,0.0,-0.08580723404884338,-0.030845701694488525,-0.07801803309155275,-0.13401278853416443,-0.11485296487808228,-0.11703072596026232,-0.0557018518447876,-0.18803101778030396,-0.14327897984219362,0.03447669744491577,-0.2507331967353821,-0.17051578420830538,-0.1639290153980255,-0.37347841262817383,-0.08956331122351457,-0.2354828417301178,-0.5478641390800476,-0.12848772961331179,-0.2718992233276367,-0.6629040837287903,-0.15660642940235903,-0.30485664308071136,-0.7652762532234192,-0.1799313958330231,-0.07819274067878723,-0.4148639440536499,-0.09180560070706179,-0.09696540236473083,-0.6244502067565918,-0.1222533817930298,-0.10531580448150635,-0.7623047232627869,-0.15182060856056978,-0.119540274143219,-0.8783614635467529,-0.1749034758253174,-0.005027055740356445,-0.3869192600250244,-0.10192073989344408,0.023214340209960938,-0.5501571893692017,-0.1522449191255646,0.03644979000091553,-0.6798189878463745,-0.20072623449993898,0.03775566816329956,-0.8001250922679901,-0.23563944656086733,0.06297051906585693,-0.31224197149276733,-0.11651025075150301,0.06690502166748047,-0.35972845554351807,-0.17328343648148348,0.05441105365753174,-0.2908952236175537,-0.190739684884079,0.03598445653915405,-0.22034966945648193,-0.2018202330513077
W,0.0,0.0,0.0,-0.08552703261375427,-0.027316808700561523,-0.08331285835959079,-0.13405519723892212,-0.10433393716812134,-0.12636123271443012,-0.05865117907524109,-0.17913538217544556,-0.15551820071198108,0.03022444248199463,-0.24760544300079346,-0.18487064214207294,-0.1672804057598114,-0.3749837875366211,-0.095931124405638,-0.23973441123962402,-0.5508223176002502,-0.13728095264889362,-0.27674463391304016,-0.665839672088623,-0.1667936411664641,-0.3104262799024582,-0.7697860598564148,-0.1908296612069762,-0.08031207323074341,-0.4162333607673645,-0.09646992059208515,-0.1003732681274414,-0.6275456547737122,-0.13098440738178851,-0.10813120007514954,-0.7650834023952484,-0.16093831928230884,-0.12246158719062805,-0.8821159601211548,-0.1833891686961806,-0.007048547267913818,-0.3877766728401184,-0.10523798735596301,0.021537840366363525,-0.5531126856803894,-0.15896853478409412,0.034571826457977295,-0.6825124621391296,-0.20544480951286914,0.0346369743347168,-0.8041035532951355,-0.23779637785412433,0.060877203941345215,-0.3111128807067871,-0.11884747864462497,0.06592810153961182,-0.36897099018096924,-0.17552320332981708,0.052769482135772705,-0.3012213110923767,-0.18970228405453327,0.03347843885421753,-0.22897344827651978,-0.19793791742779376
W,0.0,0.0,0.0,-0.0900861918926239,-0.026199281215667725,-0.08177023220071078,-0.14354649186134338,-0.10638177394866943,-0.12407707262048007,-0.06785726547241211,-0.1813969612121582,-0.15315388727196932,0.02362537384033203,-0.2496408224105835,-0.18321744191655398,-0.1758641004562378,-0.37429630756378174,-0.09423412221678973,-0.24830132722854614,-0.5506731867790222,-0.13419615316399813,-0.28547635674476624,-0.6678434908390045,-0.16306961166867495,-0.31895656883716583,-0.7722519040107727,-0.18725842821606875,-0.0877218246459961,-0.4181849956512451,-0.0952051936388898,-0.10669645667076111,-0.6288289129734039,-0.1266225485802579,-0.11538028717041016,-0.7685200572013855,-0.15665631580361605,-0.12928950786590576,-0.8862479329109192,-0.18042377221593142,-0.012327849864959717,-0.39069706201553345,-0.10415924924620867,0.014744699001312256,-0.5558881163597107,-0.15606457579144717,0.026202142238616943,-0.6870123147964478,-0.20510700929173709,0.02793055772781372,-0.8076178431510925,-0.2408316491843152,0.057210564613342285,-0.3175613284111023,-0.11775100815304995,0.05640435218811035,-0.3591243028640747,-0.1780294387341428,0.042310893535614014,-0.2873407006263733,-0.19723068761834384,0.024801015853881836,-0.21556222438812256,-0.20925894963750125
W,0.0,0.0,0.0,-0.08768925070762634,-0.030015110969543457,-0.0788203556148801,-0.1369282305240631,-0.11532491445541382,-0.11894221641705371,-0.05749601125717163,-0.1886698603630066,-0.14606010951683857,0.03547203540802002,-0.25160592794418335,-0.17348167338059284,-0.16610252857208252,-0.37505102157592773,-0.09393712171004154,-0.239172101020813,-0.5555191040039062,-0.13375788964913227,-0.27434414625167847,-0.6728699505329132,-0.16126947142765857,-0.30654269456863403,-0.7765469551086426,-0.18382753469632007,-0.07813644409179688,-0.4155648350715637,-0.09632130005047657,-0.09718793630599976,-0.6310059726238251,-0.128932401916245,-0.10577642917633057,-0.7707489132881165,-0.15768484809086658,-0.12084487080574036,-0.887306809425354,-0.17986956276581623,-0.003625154495239258,-0.3881729245185852,-0.10654567964957096,0.027420401573181152,-0.554457813501358,-0.1575358513800893,0.03965085744857788,-0.6858661472797394,-0.20356559791252948,0.039265215396881104,-0.8063590228557587,-0.23644539751694538,0.06548720598220825,-0.3145439028739929,-0.12142667957232334,0.0702815055847168,-0.36930257081985474,-0.17492412068531848,0.05462366342544556,-0.3021863102912903,-0.18870355226681568,0.0324975848197937,-0.2302430272102356,-0.19782398678944446
W,0.0,0.0,0.0,-0.08954548835754395,-0.03413504362106323,-0.07854599874667656,-0.136166512966156,-0.12717986106872559,-0.10938182842187416,-0.05489516258239746,-0.20952367782592773,-0.12570675086431038,0.037635982036590576,-0.2719302177429199,-0.14062479507379066,-0.16728001832962036,-0.38906586170196533,-0.07969914745740425,-0.2386031150817871,-0.5703820288181305,-0.11635940145902168,-0.27476343512535095,-0.6886666417121887,-0.14252171289376747,-0.30683571100234985,-0.7930998802185059,-0.1627208925431205,-0.079888254404068,-0.42658501863479614,-0.0801608971898986,-0.09816962480545044,-0.6434077322483063,-0.10949705910138618,-0.10609814524650574,-0.7840657532215118,-0.13537800681046974,-0.11865055561065674,-0.9006248712539673,-0.15322636436872017,-0.006868958473205566,-0.398514986038208,-0.089856293017192,0.02277827262878418,-0.5722333788871765,-0.13989307355336678,0.03693544864654541,-0.7021885216236115,-0.1858023441975547,0.037567973136901855,-0.8264586627483368,-0.2157798297350837,0.06311285495758057,-0.31894034147262573,-0.10447036098889839,0.07233738899230957,-0.3842419981956482,-0.15409572791509163,0.06080275774002075,-0.31556546688079834,-0.16413210701398384,0.041877567768096924,-0.23811376094818115,-0.1688832379525138
W,0.0,0.0,0.0,-0.0891605019569397,-0.036933302879333496,-0.07943350494667811,-0.1383792757987976,-0.12496018409729004,-0.11087357670828624,-0.06086909770965576,-0.20233094692230225,-0.12735294968649669,0.027814507484436035,-0.26700079441070557,-0.1418480691389732,-0.16753631830215454,-0.3870246410369873,-0.084521014697998,-0.23893404006958008,-0.5674692988395691,-0.12283198953434749,-0.2759661078453064,-0.6838875114917755,-0.14846256048247142,-0.3077852725982666,-0.7879346609115601,-0.16796105773016734,-0.07887330651283264,-0.42585211992263794,-0.0842870292143516,-0.0979815423488617,-0.64399453997612,-0.11543164820238871,-0.10644221305847168,-0.7823222875595093,-0.14040214986368937,-0.11915653944015503,-0.8997943997383118,-0.15766684383913798,-0.0064737796783447266,-0.3991260528564453,-0.09333631069227977,0.023369193077087402,-0.569807231426239,-0.1442441460566215,0.03726619482040405,-0.6975087225437164,-0.18907771677538676,0.036966025829315186,-0.8226418197154999,-0.2181301382260017,0.0630425214767456,-0.3179449439048767,-0.10730961383148951,0.07010990381240845,-0.3864005208015442,-0.15378856331869883,0.056048572063446045,-0.32133948802948,-0.16190322906538768,0.034418463706970215,-0.2457669973373413,-0.166220453091114
W,0.0,0.0,0.0,-0.08911952376365662,-0.03652048110961914,-0.07805486046913757,-0.1401432752609253,-0.12813544273376465,-0.11013057106379165,-0.062068283557891846,-0.20621532201766968,-0.12847986095789565,0.02712458372116089,-0.27020037174224854,-0.14626339846495284,-0.17048588395118713,-0.3872670531272888,-0.08263041847590102,-0.2421119213104248,-0.5657908916473389,-0.11979519599321975,-0.27944493293762207,-0.6829123497009277,-0.14569210284594192,-0.311828076839447,-0.7867456078529358,-0.1662493722999443,-0.08318689465522766,-0.4286143183708191,-0.0827556925380577,-0.10164716839790344,-0.6439284682273865,-0.11086730682495727,-0.10996755957603455,-0.7831508815288544,-0.13634683960322036,-0.12202423810958862,-0.8996613621711731,-0.15537288063410415,-0.00998985767364502,-0.40198826789855957,-0.09178900742176666,0.01883476972579956,-0.5716986954212189,-0.1401040183866371,0.03234905004501343,-0.7000597417354584,-0.18657372170332565,0.0344853401184082,-0.8217402100563049,-0.21863307827356948,0.059462904930114746,-0.32383251190185547,-0.10567799979094161,0.06306695938110352,-0.3798488974571228,-0.156049944695269,0.04900151491165161,-0.31213635206222534,-0.16896150284651412,0.030080795288085938,-0.23762595653533936,-0.1767554061973442
W,0.0,0.0,0.0,-0.0890519917011261,-0.03460812568664551,-0.08188161578823383,-0.14085328578948975,-0.12210261821746826,-0.11506782051969822,-0.06233051419258118,-0.20121610164642334,-0.1332880738084441,0.02835381031036377,-0.2670332193374634,-0.14973205652881916,-0.17043733596801758,-0.38700467348098755,-0.08619714108158405,-0.2427411675453186,-0.5687330365180969,-0.12517345276523884,-0.2785409092903137,-0.6859738528728485,-0.1519435080592757,-0.3100299835205078,-0.790178507566452,-0.17258775559116657,-0.08135521411895752,-0.42679399251937866,-0.0859138774578696,-0.09959772229194641,-0.645473450422287,-0.11585302975822742,-0.10820475220680237,-0.7844797372817993,-0.14109564152408893,-0.12170588970184326,-0.9012503623962402,-0.1594818266933089,-0.008404552936553955,-0.3993394374847412,-0.09534886059213932,0.019501984119415283,-0.5683442950248718,-0.14557762768913562,0.03288006782531738,-0.6970886886119843,-0.19102079001118,0.03244030475616455,-0.822595089673996,-0.22144069102455433,0.06125307083129883,-0.318667471408844,-0.1101034092610007,0.06637769937515259,-0.38505977392196655,-0.15827365544487293,0.05383920669555664,-0.3218047618865967,-0.16812864270855243,0.03299236297607422,-0.24821466207504272,-0.17396740940262134
W,0.0,0.0,0.0,-0.08983156085014343,-0.03657490015029907,-0.08014919658182862,-0.13922134041786194,-0.12264478206634521,-0.10861843128679993,-0.06010568141937256,-0.20257455110549927,-0.12122941811560395,0.027907609939575195,-0.26693814992904663,-0.1307767262029529,-0.1690768301486969,-0.38738739490509033,-0.08194260348557236,-0.24133101105690002,-0.5710646510124207,-0.11957199920891526,-0.2775331139564514,-0.6867859959602356,-0.14438066680907014,-0.30924034118652344,-0.7901293635368347,-0.16281522114752534,-0.07990449666976929,-0.42557579278945923,-0.08185254086731675,-0.09827572107315063,-0.6469160318374634,-0.11221380581139329,-0.10754650831222534,-0.7842558920383453,-0.13583187063215973,-0.12126010656356812,-0.9001192450523376,-0.15183638830660584,-0.008275270462036133,-0.3990669846534729,-0.09181716342447999,0.020772874355316162,-0.5702874660491943,-0.14170522292135956,0.03516274690628052,-0.6979421377182007,-0.18572468359946015,0.033668458461761475,-0.8251270055770874,-0.2136103888320804,0.0608210563659668,-0.31412196159362793,-0.10708258350371125,0.06622922420501709,-0.38913577795028687,-0.14898341198443177,0.05398261547088623,-0.3290882110595703,-0.15390139122484925,0.033049941062927246,-0.2524670362472534,-0.15637446244238618
W,0.0,0.0,0.0,-0.09210532903671265,-0.03828209638595581,-0.07577320052325831,-0.14274641871452332,-0.13337892293930054,-0.10618751360118495,-0.06407216191291809,-0.20915758609771729,-0.12375985695064173,0.02641141414642334,-0.2691662311553955,-0.14108986271560298,-0.1718502938747406,-0.38929760456085205,-0.07672259075582133,-0.24337464570999146,-0.5673546195030212,-0.11192535473048792,-0.2798638343811035,-0.6836849749088287,-0.13706499947249995,-0.31217701733112335,-0.7862747311592102,-0.1574716777914773,-0.08444109559059143,-0.4306355118751526,-0.07846024496495829,-0.10159891843795776,-0.6449249684810638,-0.10502169145286189,-0.11016348004341125,-0.7830709218978882,-0.13082992149531947,-0.1227773129940033,-0.8984727263450623,-0.1502777994984399,-0.011187732219696045,-0.4043273329734802,-0.08921327305972682,0.018358170986175537,-0.5734716653823853,-0.13630186630427943,0.030824363231658936,-0.7011826634407043,-0.18364313853919612,0.03216069936752319,-0.8221710324287415,-0.2167290808075677,0.05821561813354492,-0.32728874683380127,-0.10483404112994776,0.06332629919052124,-0.3800885081291199,-0.15595229579150782,0.050613462924957275,-0.31009024381637573,-0.17023364318549739,0.032757580280303955,-0.23521417379379272,-0.17897484315574275
W,0.0,0.0,0.0,-0.08889743685722351,-0.04056847095489502,-0.0746486908639099,-0.13598841428756714,-0.13920533657073975,-0.10541872446185607,-0.059673041105270386,-0.21441125869750977,-0.12398946796304244,0.027243614196777344,-0.27255314588546753,-0.14253109459525604,-0.16632848978042603,-0.3927834630012512,-0.07512759183293838,-0.23735642433166504,-0.570991188287735,-0.11070485924130935,-0.2716483473777771,-0.6887583136558533,-0.13712191347724456,-0.30276352167129517,-0.7914323210716248,-0.15828077261096496,-0.07924401760101318,-0.430492639541626,-0.07818445329314727,-0.09513896703720093,-0.6443914473056793,-0.10469991479760665,-0.1024160087108612,-0.7832046151161194,-0.13172076408511657,-0.11572206020355225,-0.8991438150405884,-0.15240731601363677,-0.0064122676849365234,-0.4019792079925537,-0.09023832295781631,0.021794676780700684,-0.57249316573143,-0.13682456080562133,0.035523951053619385,-0.6998327970504761,-0.18310513858443755,0.036254286766052246,-0.8214073181152344,-0.21575854484683532,0.062097251415252686,-0.3244936466217041,-0.1071167266810562,0.06956708431243896,-0.38969290256500244,-0.15654663507586974,0.05808365345001221,-0.32371294498443604,-0.16857772831565399,0.03940236568450928,-0.2523394227027893,-0.176245865866008
W,0.0,0.0,0.0,-0.08936020731925964,-0.040067076683044434,-0.0722486440602097,-0.13863280415534973,-0.14225506782531738,-0.09907571864755482,-0.06298071146011353,-0.21878814697265625,-0.11332817268998951,0.024212896823883057,-0.27417123317718506,-0.12718227399022908,-0.16742220520973206,-0.39006441831588745,-0.07170433444412083,-0.23794794082641602,-0.566707193851471,-0.10521208388240666,-0.27240681648254395,-0.6825699210166931,-0.1294158388438973,-0.3034992814064026,-0.7845440804958344,-0.14875894678266377,-0.08136555552482605,-0.42843008041381836,-0.07423164588840336,-0.09791085124015808,-0.6424907147884369,-0.09920019549758763,-0.10519102215766907,-0.7787477374076843,-0.12355197114379735,-0.11782252788543701,-0.8931917548179626,-0.1417626131835732,-0.009594261646270752,-0.4024614095687866,-0.08568514776857228,0.020411372184753418,-0.5735639929771423,-0.1312752057376656,0.034353554248809814,-0.6992796361446381,-0.17636337769658894,0.03532475233078003,-0.8202084302902222,-0.2075369347396645,0.05909079313278198,-0.32645195722579956,-0.10177037758262486,0.06714403629302979,-0.39361077547073364,-0.14948096764715046,0.054249346256256104,-0.3251824975013733,-0.15992014003427357,0.034209370613098145,-0.2500435709953308,-0.16615067315728993
W,0.0,0.0,0.0,-0.08968713879585266,-0.04492592811584473,-0.06923418508574741,-0.13654297590255737,-0.14809125661849976,-0.09703714417025822,-0.06214308738708496,-0.22039717435836792,-0.11386547999188679,0.02055668830871582,-0.2760329246520996,-0.13083825276896732,-0.16376978158950806,-0.3934176564216614,-0.06747667507931965,-0.23410964012145996,-0.5649990439414978,-0.10032027231261509,-0.26932716369628906,-0.6791649162769318,-0.12473896162316578,-0.3013349324464798,-0.7796296179294586,-0.1447029636959769,-0.07877570390701294,-0.4316334128379822,-0.07134071754023807,-0.09538847208023071,-0.6411859393119812,-0.09616702066466587,-0.10291388630867004,-0.7761791050434113,-0.12117880599305408,-0.11606809496879578,-0.8903911113739014,-0.1403820590834357,-0.007131814956665039,-0.40370839834213257,-0.08386170135543125,0.023170411586761475,-0.5728601813316345,-0.12826461361453312,0.035003066062927246,-0.6969909965991974,-0.17328158782527225,0.034670472145080566,-0.8161761164665222,-0.20520714686915653,0.059864044189453125,-0.3270542621612549,-0.10082303004071491,0.0679636001586914,-0.3912215232849121,-0.14858708547160404,0.052980661392211914,-0.3235267400741577,-0.16064997778937595,0.03157520294189453,-0.2529495358467102,-0.16851647959754246
W,0.0,0.0,0.0,-0.0888298749923706,-0.04562342166900635,-0.06801175010548377,-0.13626721501350403,-0.15224957466125488,-0.09498426002608085,-0.05840131640434265,-0.22666794061660767,-0.11160561871872687,0.029806315898895264,-0.2784184217453003,-0.12933986318455482,-0.16149961948394775,-0.3903312087059021,-0.0657524136935308,-0.23070025444030762,-0.5600202083587646,-0.09791683835135245,-0.2648930549621582,-0.6733714938163757,-0.12219384742127204,-0.2953576594591141,-0.7736861109733582,-0.14253957999096656,-0.07799875736236572,-0.4287552237510681,-0.06930546892033362,-0.09394356608390808,-0.6342360377311707,-0.09352793974028373,-0.10018214583396912,-0.7679798603057861,-0.11964807343827033,-0.11074671149253845,-0.881930947303772,-0.1400368107591703,-0.007074415683746338,-0.4015677571296692,-0.08114166987286353,0.023639976978302002,-0.5683293342590332,-0.12577119899140143,0.03501802682876587,-0.6907342076301575,-0.1731537176405027,0.035781919956207275,-0.8076658546924591,-0.2072103364502027,0.05956631898880005,-0.32778632640838623,-0.0971450625096395,0.06748449802398682,-0.38348615169525146,-0.14803439808235908,0.0526050329208374,-0.312738299369812,-0.16382566523896003,0.03274893760681152,-0.2420324683189392,-0.1741903318201139
W,0.0,0.0,0.0,-0.08859699964523315,-0.043921470642089844,-0.066368481021982,-0.13864853978157043,-0.14908742904663086,-0.09439553121910649,-0.0619620680809021,-0.22413629293441772,-0.112868582707506,0.026341021060943604,-0.274682879447937,-0.13294289062605458,-0.16049417853355408,-0.38442838191986084,-0.06631591717587071,-0.2302236557006836,-0.5514382123947144,-0.09871078829155522,-0.26424455642700195,-0.6634392142295837,-0.122857978445154,-0.2937081605195999,-0.7624064087867737,-0.1433902735529955,-0.07900136709213257,-0.4235948324203491,-0.06971460382328587,-0.09458112716674805,-0.6235547065734863,-0.09417601476297932,-0.10111913084983826,-0.7542397379875183,-0.12019163171635228,-0.11189350485801697,-0.8666018545627594,-0.14089875469790059,-0.00916755199432373,-0.3977588415145874,-0.08098062674389439,0.02155834436416626,-0.557601273059845,-0.12460638384209233,0.03075176477432251,-0.6782639026641846,-0.17211054812059956,0.030745983123779297,-0.7929635643959045,-0.20712952862368184,0.0559726357460022,-0.32763028144836426,-0.09635640482292729,0.06252503395080566,-0.37087762355804443,-0.14841507921801167,0.04453760385513306,-0.2987605929374695,-0.16718441794500905,0.023034870624542236,-0.23077678680419922,-0.17991741548166829
W,0.0,0.0,0.0,-0.08656412363052368,-0.04439133405685425,-0.06281531179462263,-0.13628822565078735,-0.14800500869750977,-0.09005590850625822,-0.06527256965637207,-0.22151070833206177,-0.1085825371197302,0.01954340934753418,-0.2716017961502075,-0.1285965325883467,-0.15970271825790405,-0.3806847929954529,-0.06188688377056906,-0.22859570384025574,-0.5434271991252899,-0.0926991286328871,-0.2609788179397583,-0.6531167030334473,-0.11573039317642042,-0.28937050700187683,-0.7494907081127167,-0.13555853391204664,-0.07995715737342834,-0.418826162815094,-0.0662648561051924,-0.09403201937675476,-0.6142913401126862,-0.08916060203824827,-0.10029011964797974,-0.7414125204086304,-0.11390260184322187,-0.11111277341842651,-0.8504036366939545,-0.1337510677627165,-0.010658502578735352,-0.39372938871383667,-0.07825538093362638,0.018683195114135742,-0.5508823394775391,-0.11995753968272993,0.027993857860565186,-0.6692271828651428,-0.16503393972431013,0.029230892658233643,-0.7805004119873047,-0.19853350842510054,0.053897082805633545,-0.3262177109718323,-0.09417186999831983,0.05674409866333008,-0.36560702323913574,-0.14482304776225874,0.037849247455596924,-0.29450738430023193,-0.1627430054000456,0.016888678073883057,-0.22849243879318237,-0.17485373044524977
W,0.0,0.0,0.0,-0.08560410141944885,-0.04515606164932251,-0.06093602949511023,-0.13524502515792847,-0.14739632606506348,-0.08672115901242705,-0.06790390610694885,-0.21998536586761475,-0.10450086692105742,0.014431536197662354,-0.2703288793563843,-0.12386037358771773,-0.16064321994781494,-0.37955546379089355,-0.05501640537511321,-0.22805795073509216,-0.5378332734107971,-0.08521611192952605,-0.2601645290851593,-0.6452483236789703,-0.10936365226041289,-0.28916917741298676,-0.7398599684238434,-0.130043662579169,-0.08283263444900513,-0.41714170575141907,-0.060550242157091816,-0.0969504714012146,-0.6074464917182922,-0.08274210938941451,-0.10367605090141296,-0.7328599989414215,-0.10790882954131575,-0.11495563387870789,-0.840899795293808,-0.1280539403272769,-0.01507502794265747,-0.39186304807662964,-0.07410148480664702,0.010809242725372314,-0.5447904467582703,-0.11466223696004363,0.018519580364227295,-0.6617610454559326,-0.1588568607879779,0.019365429878234863,-0.7737162411212921,-0.1917305807186267,0.04774141311645508,-0.32475900650024414,-0.09171223589908095,0.04819267988204956,-0.3665452003479004,-0.14068589308988066,0.03134191036224365,-0.29772037267684937,-0.15715601244698973,0.01373523473739624,-0.23480665683746338,-0.16830769875775786
W,0.0,0.0,0.0,-0.08457416296005249,-0.045224785804748535,-0.05706101931497187,-0.1338409185409546,-0.14941948652267456,-0.07989226557180018,-0.06759268045425415,-0.22678697109222412,-0.09574244446918101,0.013596653938293457,-0.27384454011917114,-0.11333588786288828,-0.15798118710517883,-0.37416189908981323,-0.04914735905691714,-0.22489586472511292,-0.5294871926307678,-0.07692876733705134,-0.25762397050857544,-0.6344947218894958,-0.09948676355048747,-0.28675489127635956,-0.7260666489601135,-0.1192882163064155,-0.08309534192085266,-0.4111902713775635,-0.05560720242425532,-0.09916806221008301,-0.5992064476013184,-0.07575643338128657,-0.10760316252708435,-0.723608523607254,-0.09990196205541224,-0.11870944499969482,-0.8282964527606964,-0.11951943762466044,-0.016187429428100586,-0.38632917404174805,-0.06987741865083308,0.006456196308135986,-0.539186954498291,-0.10879158504172892,0.012584388256072998,-0.6530741453170776,-0.15276152916118235,0.013886988162994385,-0.7602934837341309,-0.18560312218829722,0.04728734493255615,-0.32061880826950073,-0.08791339672967524,0.043232619762420654,-0.36106014251708984,-0.13625134058162303,0.024941325187683105,-0.29314500093460083,-0.15366790719195933,0.007972240447998047,-0.23084396123886108,-0.16563704140349955
W,0.0,0.0,0.0,-0.08516353368759155,-0.04728633165359497,-0.05576280816671897,-0.13119801878929138,-0.1482904553413391,-0.07836691229817916,-0.0667601227760315,-0.22141844034194946,-0.09410989224193145,0.009693324565887451,-0.2694518566131592,-0.11129029779908706,-0.15050694346427917,-0.36650168895721436,-0.04915986522314597,-0.21682104468345642,-0.5179188549518585,-0.07711037933108855,-0.24970880150794983,-0.6202114820480347,-0.09930843054530669,-0.2782967537641525,-0.7104293406009674,-0.11854460030076552,-0.07669144868850708,-0.4019644260406494,-0.05603773459074546,-0.0943763256072998,-0.587429940700531,-0.07641212581870604,-0.10229519009590149,-0.7074657082557678,-0.09987404882190276,-0.11279049515724182,-0.8084961771965027,-0.11899852692363311,-0.011571764945983887,-0.3776434659957886,-0.07068570642945815,0.010389506816864014,-0.5300807058811188,-0.1091169038343196,0.015182852745056152,-0.6399772763252258,-0.1516906538533931,0.013912618160247803,-0.7436962127685547,-0.18334280639169265,0.05035144090652466,-0.31061851978302,-0.08899147748229552,0.04912048578262329,-0.3626198172569275,-0.1341420182513957,0.03053295612335205,-0.2976837754249573,-0.1491142877864604,0.011240005493164062,-0.2341431975364685,-0.15976218073842574
W,0.0,0.0,0.0,-0.08312693238258362,-0.045621275901794434,-0.05666619437300824,-0.1271410584449768,-0.1365843415260315,-0.082733395421144,-0.06431874632835388,-0.20590531826019287,-0.10129352929556035,0.008177042007446289,-0.2561163306236267,-0.12111047180854939,-0.1450870931148529,-0.34958845376968384,-0.05683977054917477,-0.21094083786010742,-0.4989011287689209,-0.08637778731548451,-0.24274763464927673,-0.5986245572566986,-0.10869095745050572,-0.26925238966941833,-0.687750905752182,-0.12782924147808217,-0.07238203287124634,-0.38384494185447693,-0.06296740742885731,-0.09118834137916565,-0.5642742216587067,-0.08533914657795094,-0.09831580519676208,-0.6804550886154175,-0.10905275764429234,-0.10817700624465942,-0.7808549106121063,-0.1283533004161086,-0.008341491222381592,-0.3608081340789795,-0.07622378590070866,0.012834608554840088,-0.5094418227672577,-0.11627724292242192,0.01948392391204834,-0.6177465915679932,-0.15828155251705311,0.019916832447052002,-0.720536082983017,-0.18956689807140492,0.05322718620300293,-0.2954127788543701,-0.0928492200609412,0.05063384771347046,-0.34455668926239014,-0.138998123728868,0.03185170888900757,-0.2795613408088684,-0.1539616611834731,0.01265174150466919,-0.21653121709823608,-0.16457575830185078
W,0.0,0.0,0.0,-0.0807812511920929,-0.04312014579772949,-0.0577556986363561,-0.12429887056350708,-0.13309061527252197,-0.08288046456891607,-0.06004229187965393,-0.20242834091186523,-0.09952572472411703,0.013488590717315674,-0.25106823444366455,-0.11725490279513906,-0.14265185594558716,-0.3418022394180298,-0.05892708636838506,-0.2070891261100769,-0.487495094537735,-0.08875415213424276,-0.2393377423286438,-0.5850289165973663,-0.11073875911552022,-0.26607611775398254,-0.6723200082778931,-0.12943498529512,-0.0705518126487732,-0.3761310875415802,-0.06369945891219686,-0.08833086490631104,-0.5536267161369324,-0.086594571545902,-0.09621214866638184,-0.6683412790298462,-0.11003992445785116,-0.1063348650932312,-0.7680647671222687,-0.12865511812287878,-0.007439136505126953,-0.35351043939590454,-0.07553688921052526,0.01224982738494873,-0.4974600374698639,-0.11591122038680624,0.0173378586769104,-0.605558454990387,-0.15783294774610113,0.016913950443267822,-0.7105426788330078,-0.18865520991403173,0.052680015563964844,-0.2889443039894104,-0.09077173210698675,0.046794593334198,-0.3329581022262573,-0.1366591427477033,0.027128636837005615,-0.2685847282409668,-0.15155879892427038,0.007373034954071045,-0.20748686790466309,-0.16194548942166875
W,0.0,0.0,0.0,-0.0801897943019867,-0.043900132179260254,-0.05433706926265813,-0.12523618340492249,-0.13288366794586182,-0.07844415294090368,-0.06648564338684082,-0.2054351568222046,-0.09507512288251974,0.004750490188598633,-0.25915682315826416,-0.11296688752332784,-0.1447712779045105,-0.3409494161605835,-0.05329086246052839,-0.20654380321502686,-0.48423951864242554,-0.08187940703788854,-0.2379223108291626,-0.5812384486198425,-0.10384232537904836,-0.2641550302505493,-0.6677432656288147,-0.12284128354946233,-0.07332867383956909,-0.37430325150489807,-0.05945579694667913,-0.09112444519996643,-0.5482637882232666,-0.08124604808250524,-0.09937402606010437,-0.662436306476593,-0.10510501252571203,-0.10993552207946777,-0.760807067155838,-0.12423291044393636,-0.010671496391296387,-0.3511624336242676,-0.07245938466945745,0.006738424301147461,-0.4952434301376343,-0.11196894930759527,0.009823143482208252,-0.604383260011673,-0.15360467122951604,0.008455336093902588,-0.7082541584968567,-0.18452961729923345,0.04891592264175415,-0.2884663939476013,-0.0886108128921137,0.04367440938949585,-0.3316417932510376,-0.13503354774871923,0.0242803692817688,-0.2701570391654968,-0.15055437373081304,0.005084991455078125,-0.21157759428024292,-0.16119290875354864
W,0.0,0.0,0.0,-0.0787007212638855,-0.044392287731170654,-0.05543640257815241,-0.12236291170120239,-0.13143759965896606,-0.08103603126505732,-0.06337839365005493,-0.20183974504470825,-0.09890321644047617,0.0062784552574157715,-0.25447869300842285,-0.11811585726240992,-0.1395467221736908,-0.33472174406051636,-0.057201370615757696,-0.20096606016159058,-0.47616302967071533,-0.08686231078604578,-0.23240366578102112,-0.5713685750961304,-0.10963584484557032,-0.25881722569465637,-0.6565779745578766,-0.1291327774713409,-0.06929540634155273,-0.36786383390426636,-0.06288863720396876,-0.08714070916175842,-0.5405840277671814,-0.08472005279759287,-0.09583917260169983,-0.6526620090007782,-0.10862341525057673,-0.10701489448547363,-0.7488678991794586,-0.12827111782530665,-0.007855057716369629,-0.3454855978488922,-0.07535656543473124,0.009517192840576172,-0.48911887407302856,-0.11422693731287836,0.012259125709533691,-0.5957459509372711,-0.15573611857394098,0.010356009006500244,-0.6969263553619385,-0.18705481292704462,0.05093318223953247,-0.28395307064056396,-0.09107869865397333,0.04547321796417236,-0.32737404108047485,-0.1366689205358398,0.026419520378112793,-0.2674488425254822,-0.15245918931464075,0.007223010063171387,-0.2096855640411377,-0.1637270748803985
W,0.0,0.0,0.0,-0.07811832427978516,-0.04461425542831421,-0.05229108797431081,-0.12313514947891235,-0.13351064920425415,-0.07478827999949544,-0.06564480066299438,-0.20634806156158447,-0.09006083773493856,0.004347622394561768,-0.2579715847969055,-0.10669277625203222,-0.14173609018325806,-0.33541685342788696,-0.05105594934940427,-0.20206934213638306,-0.4760512113571167,-0.0786701815021047,-0.23305320739746094,-0.5713602900505066,-0.10055679099679082,-0.25932636857032776,-0.6562411785125732,-0.11959750222086996,-0.07171612977981567,-0.36756232380867004,-0.05767477693080991,-0.08987215161323547,-0.5381757020950317,-0.07804422842383474,-0.09965193271636963,-0.6499367654323578,-0.10132014023184865,-0.1115720272064209,-0.7449345886707306,-0.12026403116107076,-0.010025203227996826,-0.344164103269577,-0.07098395394206136,0.005804181098937988,-0.4891098737716675,-0.10951440053105443,0.007728934288024902,-0.5964235663414001,-0.15046224014878362,0.005516767501831055,-0.6985562443733215,-0.18100039677739233,0.04922747611999512,-0.28173768520355225,-0.0872516633760938,0.04274863004684448,-0.3280101418495178,-0.13309784250378698,0.02442026138305664,-0.26947319507598877,-0.1481962652695188,0.006987452507019043,-0.21324968338012695,-0.15856851654172033
W,0.0,0.0,0.0,-0.07714921236038208,-0.04404163360595703,-0.05173114558033376,-0.12013512849807739,-0.13176923990249634,-0.07380731647185712,-0.06414744257926941,-0.20367932319641113,-0.08867760245971112,0.0040863752365112305,-0.2550639510154724,-0.10478331391982465,-0.1386691927909851,-0.3308737277984619,-0.05084037279061704,-0.1991998553276062,-0.4708155393600464,-0.07817551737002759,-0.2311234474182129,-0.5652685463428497,-0.09931741898230939,-0.2581756114959717,-0.6493252217769623,-0.11760846768788724,-0.07031288743019104,-0.36276155710220337,-0.057711998571676304,-0.08980226516723633,-0.5339975357055664,-0.07821341847352414,-0.09996622800827026,-0.6453508734703064,-0.10112844650916486,-0.1122569739818573,-0.7394822239875793,-0.1195580462115231,-0.010037600994110107,-0.34031274914741516,-0.07122310494355588,0.0053054094314575195,-0.4862183630466461,-0.10962745790652662,0.006956279277801514,-0.5927465260028839,-0.15013517682723432,0.0039598941802978516,-0.6933909058570862,-0.18012790625266462,0.04863536357879639,-0.27864354848861694,-0.08764407282046704,0.04240608215332031,-0.3270002007484436,-0.1323056990402165,0.024422764778137207,-0.2679731845855713,-0.14650488143138318,0.006562232971191406,-0.20996469259262085,-0.1562934840219441
W,0.0,0.0,0.0,-0.07636815309524536,-0.04438227415084839,-0.05155816155087223,-0.11857599020004272,-0.13377279043197632,-0.07219923513542881,-0.05988249182701111,-0.20579266548156738,-0.08542844879042377,0.009548723697662354,-0.2575826644897461,-0.09962235617052784,-0.13789522647857666,-0.33260321617126465,-0.04798098506938686,-0.19732794165611267,-0.47292935848236084,-0.07456271576296558,-0.22772884368896484,-0.5674878656864166,-0.09540827053200474,-0.2541850805282593,-0.6514386534690857,-0.11341480391632786,-0.06867769360542297,-0.3642694652080536,-0.05488074424278011,-0.08826598525047302,-0.5350874364376068,-0.07556601839672794,-0.09872499108314514,-0.6464215815067291,-0.09839529770027866,-0.11190396547317505,-0.7402199506759644,-0.1162319876493143,-0.008098244667053223,-0.34091055393218994,-0.06865140276562443,0.0066901445388793945,-0.4850543141365051,-0.10769328700911274,0.008185505867004395,-0.5925285220146179,-0.14786948489557972,0.00421220064163208,-0.6957061290740967,-0.17694804298292865,0.05054682493209839,-0.277233362197876,-0.08530802505623569,0.04574024677276611,-0.32924604415893555,-0.12972218024145832,0.028550028800964355,-0.2710458040237427,-0.14264509307753315,0.010854899883270264,-0.21314764022827148,-0.15113449322592487
W,0.0,0.0,0.0,-0.07664012908935547,-0.04443848133087158,-0.052379206237503695,-0.11929744482040405,-0.13141685724258423,-0.07380208787054698,-0.06105601787567139,-0.20308268070220947,-0.08763270494074504,0.008969724178314209,-0.2555478811264038,-0.1024134796533076,-0.13965541124343872,-0.3329167068004608,-0.04960829433531444,-0.19891980290412903,-0.47325849533081055,-0.07648085471720378,-0.22962749004364014,-0.5673995316028595,-0.0976893123659579,-0.2561416029930115,-0.6514516472816467,-0.11597809609503429,-0.07030981779098511,-0.36464616656303406,-0.05622651469440143,-0.08926355838775635,-0.5355548858642578,-0.07624911930889766,-0.09941521286964417,-0.6468365490436554,-0.0991645869287936,-0.11207631230354309,-0.7409228682518005,-0.11742545333237331,-0.009604692459106445,-0.34061771631240845,-0.06968561228842418,0.006127357482910156,-0.4846041798591614,-0.10787281062931697,0.008548200130462646,-0.5923709869384766,-0.14838463481993358,0.005150258541107178,-0.6954569518566132,-0.17816015001864116,0.049781084060668945,-0.2764170169830322,-0.08610463556379955,0.04555636644363403,-0.32614392042160034,-0.1299469065341441,0.029037296772003174,-0.269853413105011,-0.14314565476507823,0.011502444744110107,-0.21346616744995117,-0.15208453353972118
W,0.0,0.0,0.0,-0.07693031430244446,-0.046255409717559814,-0.0539918934518937,-0.11719316244125366,-0.13448494672775269,-0.07242096043773927,-0.054631561040878296,-0.20872914791107178,-0.0821765644068364,0.016786634922027588,-0.260753870010376,-0.09170357711263932,-0.13848549127578735,-0.338977575302124,-0.04589543692418374,-0.19921445846557617,-0.4800417423248291,-0.07192906565614976,-0.23058226704597473,-0.5730504095554352,-0.09259702093550004,-0.2573659420013428,-0.6568520665168762,-0.1100744960422162,-0.06855711340904236,-0.36996084451675415,-0.051766766380751505,-0.08918389678001404,-0.5423231422901154,-0.07141054995008744,-0.10085639357566833,-0.652700811624527,-0.09365393794723786,-0.11420539021492004,-0.7459621727466583,-0.11087349630543031,-0.008470714092254639,-0.3455978333950043,-0.06536675817915238,0.006646513938903809,-0.4886587858200073,-0.10335690356441773,0.009790897369384766,-0.5959055423736572,-0.14330947972484864,0.005941271781921387,-0.7013262212276459,-0.17160966075607575,0.05041491985321045,-0.2776193618774414,-0.08234207160421647,0.045178771018981934,-0.33672699332237244,-0.12207887895056047,0.030365288257598877,-0.28295832872390747,-0.13204603470512666,0.013695836067199707,-0.2247278094291687,-0.13880830086418428
W,0.0,0.0,0.0,-0.07604360580444336,-0.04693514108657837,-0.05598680406819767,-0.11630874872207642,-0.13052040338516235,-0.07545059278618282,-0.05323275923728943,-0.2065185308456421,-0.08539313927303738,0.019030451774597168,-0.2613605856895447,-0.09405142918240017,-0.14054256677627563,-0.33837655186653137,-0.0497817370296616,-0.2019580602645874,-0.48368915915489197,-0.07760568812500424,-0.23362773656845093,-0.5764727592468262,-0.09825206652294582,-0.2597559094429016,-0.6607701480388641,-0.1151499013603825,-0.07059246301651001,-0.3679434657096863,-0.05455838993202633,-0.09104287624359131,-0.5423148274421692,-0.07732551649223751,-0.10265558958053589,-0.6529325544834137,-0.09975186839710659,-0.1157890260219574,-0.7484922707080841,-0.11641942814003414,-0.010782420635223389,-0.3442665934562683,-0.06717304244648403,0.006596565246582031,-0.48632556200027466,-0.10734662517916149,0.010923624038696289,-0.5931952893733978,-0.14725497469316906,0.006662189960479736,-0.6996845006942749,-0.17462122544657177,0.04816561937332153,-0.2753686308860779,-0.08330474153171963,0.0425567626953125,-0.3345324993133545,-0.12189499393116421,0.025675177574157715,-0.2804914116859436,-0.13072699412714428,0.006439208984375,-0.21975624561309814,-0.136650995463242
W,0.0,0.0,0.0,-0.07555028796195984,-0.04542553424835205,-0.05677017689760078,-0.11469408869743347,-0.13394415378570557,-0.07714170710261214,-0.05020633339881897,-0.21161019802093506,-0.08860026047642577,0.023670613765716553,-0.2635694146156311,-0.09969041244204391,-0.14038574695587158,-0.34129711985588074,-0.04874562592323173,-0.20118248462677002,-0.48514771461486816,-0.07588029400523055,-0.2325078845024109,-0.5789997577667236,-0.09733509020026077,-0.2598474621772766,-0.6643581986427307,-0.11537293092425216,-0.07090440392494202,-0.3725222647190094,-0.05328254894430984,-0.09065866470336914,-0.5470923483371735,-0.0740801294248854,-0.10140341520309448,-0.659314751625061,-0.09686107681210387,-0.11469534039497375,-0.7549682259559631,-0.11450238273556579,-0.010824739933013916,-0.3492070734500885,-0.065638874928311,0.006367206573486328,-0.4926694631576538,-0.1044240494173323,0.01225745677947998,-0.5998837053775787,-0.14420432345087875,0.010181784629821777,-0.7041175365447998,-0.17226641372855056,0.047634780406951904,-0.28366994857788086,-0.08172110960896362,0.042289137840270996,-0.3425675332546234,-0.12209982917721618,0.027328014373779297,-0.28584879636764526,-0.13223684326823104,0.010818958282470703,-0.2253413200378418,-0.13906589643175948
W,0.0,0.0,0.0,-0.0763440728187561,-0.04793989658355713,-0.054644291278862056,-0.11379846930503845,-0.13931506872177124,-0.07322207185342222,-0.04923251271247864,-0.21739858388900757,-0.0835455441744557,0.02143120765686035,-0.2734754681587219,-0.09356930198981672,-0.14014512300491333,-0.34759020805358887,-0.04307990613295942,-0.20108729600906372,-0.4921542704105377,-0.06912303062989622,-0.23236796259880066,-0.5878507196903229,-0.09026738348319441,-0.25981980562210083,-0.674066573381424,-0.10825754049136549,-0.07070893049240112,-0.38055217266082764,-0.048542060879015025,-0.09146663546562195,-0.5551639795303345,-0.06929643544270903,-0.10226437449455261,-0.6678720712661743,-0.0925213405759564,-0.11625990271568298,-0.7632167935371399,-0.11036550345733076,-0.010847747325897217,-0.35743969678878784,-0.0619795406134358,0.006834983825683594,-0.49944597482681274,-0.10091680380418211,0.012251019477844238,-0.6072276830673218,-0.14085808488442808,0.00910109281539917,-0.7116635739803314,-0.1689085075528851,0.047542691230773926,-0.29128849506378174,-0.07898710015132338,0.04259306192398071,-0.35162749886512756,-0.11922679188563734,0.026727259159088135,-0.2946360111236572,-0.1291831293971768,0.008742809295654297,-0.23363834619522095,-0.13589638563706785
W,0.0,0.0,0.0,-0.0752914547920227,-0.04875588417053223,-0.055223696978259795,-0.11077427864074707,-0.1388622522354126,-0.0735557872070558,-0.04526519775390625,-0.21678179502487183,-0.08341956615583968,0.023181676864624023,-0.2743649482727051,-0.0926711756004579,-0.1392996609210968,-0.34701794385910034,-0.043326319308448547,-0.20079976320266724,-0.49138712882995605,-0.06917804211514067,-0.232349693775177,-0.5857602655887604,-0.08990844071047377,-0.2587851583957672,-0.6707938611507416,-0.10742268443243574,-0.06991156935691833,-0.37909507751464844,-0.047901199312377685,-0.09120991826057434,-0.5533670783042908,-0.06761634081738066,-0.10145062208175659,-0.6634981036186218,-0.09043553948538374,-0.11409229040145874,-0.7571250796318054,-0.10840099781887602,-0.010470271110534668,-0.3562835156917572,-0.060544193835426086,0.00968402624130249,-0.4983106851577759,-0.09815217286484312,0.015645623207092285,-0.6031940281391144,-0.13792641192810606,0.012900829315185547,-0.7058267593383789,-0.16629622608559202,0.04731041193008423,-0.2899630665779114,-0.07686771184341978,0.043163001537323,-0.3489488363265991,-0.11532251268761229,0.028457164764404297,-0.29382503032684326,-0.12526792019741606,0.01197725534439087,-0.23506206274032593,-0.13245220214264464
W,0.0,0.0,0.0,-0.07289525866508484,-0.04740405082702637,-0.06182410318768916,-0.10963675379753113,-0.13591265678405762,-0.08085278917468486,-0.038482606410980225,-0.21832901239395142,-0.08870134998477397,0.03631603717803955,-0.2735033631324768,-0.09415407229579387,-0.13333511352539062,-0.33962780237197876,-0.05222644407666621,-0.1966012418270111,-0.4861118793487549,-0.08130001772559581,-0.22921130061149597,-0.5803678929805756,-0.10194653023398814,-0.25630027055740356,-0.6679155826568604,-0.11795710523045955,-0.06332799792289734,-0.37206149101257324,-0.05347587664044795,-0.08818820118904114,-0.5476896166801453,-0.07726923872149882,-0.10011455416679382,-0.6600843966007233,-0.09816799063600001,-0.11303254961967468,-0.7576249837875366,-0.11302807677901683,-0.004731953144073486,-0.3516458570957184,-0.06346078712857661,0.015240728855133057,-0.49496352672576904,-0.10502345610774455,0.02446126937866211,-0.6003184914588928,-0.14232081670678554,0.023275554180145264,-0.7066536843776703,-0.16622554261601863,0.05195653438568115,-0.2822171449661255,-0.07777722675717769,0.05323970317840576,-0.35686230659484863,-0.11321345467484889,0.042591869831085205,-0.3037978410720825,-0.11754648883260188,0.029037773609161377,-0.23916339874267578,-0.12007857609904704
W,0.0,0.0,0.0,-0.07044628262519836,-0.04728555679321289,-0.06424434296172876,-0.10367384552955627,-0.1408601999282837,-0.08540180883687754,-0.03110504150390625,-0.22220897674560547,-0.09564185700696726,0.044122397899627686,-0.2742112874984741,-0.10482539049667139,-0.13401761651039124,-0.3384464383125305,-0.055872952559411715,-0.19621556997299194,-0.48554396629333496,-0.08535251579564829,-0.2284654974937439,-0.5822890102863312,-0.10821661166232843,-0.2543751001358032,-0.6700339615345001,-0.12622960470002909,-0.06345656514167786,-0.37065237760543823,-0.05641264281553049,-0.08659261465072632,-0.5447286069393158,-0.07570428959411402,-0.0962710976600647,-0.6581085026264191,-0.09769310615342874,-0.10624399781227112,-0.7546830773353577,-0.11517674289029856,-0.003278076648712158,-0.349084734916687,-0.06562349013370294,0.019790053367614746,-0.49405741691589355,-0.10440811327976007,0.02764451503753662,-0.5996625423431396,-0.1452759560136201,0.025580406188964844,-0.7037644386291504,-0.17424741945546884,0.055971622467041016,-0.28327077627182007,-0.07926746270936746,0.06295329332351685,-0.34917372465133667,-0.12029114178699274,0.04968911409378052,-0.29496467113494873,-0.13095023296159525,0.030227959156036377,-0.23216509819030762,-0.13810663483423014
W,0.0,0.0,0.0,-0.06945988535881042,-0.04741501808166504,-0.06551276616096402,-0.10366350412368774,-0.13023990392684937,-0.08506878934144879,-0.03609466552734375,-0.20858842134475708,-0.09203320465326215,0.03551548719406128,-0.26686233282089233,-0.09578202388524915,-0.1335068941116333,-0.3383048176765442,-0.05664331562161351,-0.19667458534240723,-0.4875965416431427,-0.08752821854591275,-0.22937476634979248,-0.5828475952148438,-0.10953233114719296,-0.25477588176727295,-0.6696135997772217,-0.12559523902177716,-0.06235867738723755,-0.3678222596645355,-0.05691741130590344,-0.08577343821525574,-0.5477591156959534,-0.08005401960849667,-0.09692132472991943,-0.6603726446628571,-0.1007322715902319,-0.1079460084438324,-0.7560295164585114,-0.11512703172206784,-0.0028673410415649414,-0.3450763523578644,-0.06652607492446805,0.01881617307662964,-0.4917725920677185,-0.10828545413255597,0.02626979351043701,-0.5977881252765656,-0.14762331269025708,0.022537946701049805,-0.7075398564338684,-0.17303968689680005,0.05621880292892456,-0.2722172737121582,-0.08058407626390363,0.061325013637542725,-0.34844690561294556,-0.1164485933566084,0.049524664878845215,-0.2984577417373657,-0.12162065229654218,0.03108590841293335,-0.23550641536712646,-0.12468723676443005
W,0.0,0.0,0.0,-0.0673896074295044,-0.04633617401123047,-0.06457817628881912,-0.10033106803894043,-0.1331169605255127,-0.08551514968178253,-0.032068610191345215,-0.21189123392105103,-0.09507822319767456,0.039732396602630615,-0.26996350288391113,-0.10302706882259827,-0.13364854454994202,-0.33724620938301086,-0.05669885203144531,-0.19510102272033691,-0.48830050230026245,-0.08647979125282745,-0.22585710883140564,-0.5859217941761017,-0.1083527810861824,-0.2507436275482178,-0.6737814247608185,-0.12539169266722183,-0.06239175796508789,-0.3677296042442322,-0.0573765717437027,-0.08427205681800842,-0.5463092625141144,-0.0798731081177948,-0.09376907348632812,-0.6601393818855286,-0.10218565240404587,-0.10424646735191345,-0.7573280334472656,-0.1187311790873764,-0.0020220279693603516,-0.34346091747283936,-0.06672558262846451,0.020194530487060547,-0.4882279336452484,-0.10761416777870636,0.029197335243225098,-0.5948038399219513,-0.1479340799143074,0.028250038623809814,-0.7030133008956909,-0.1754619337608574,0.05694091320037842,-0.2725068926811218,-0.08034537061951141,0.06130725145339966,-0.3393787443637848,-0.12076695337793808,0.04942965507507324,-0.28704577684402466,-0.13006064370176773,0.03303009271621704,-0.2270696759223938,-0.13595846369764786
W,0.0,0.0,0.0,-0.0681067705154419,-0.04590904712677002,-0.06669898740716462,-0.10017207264900208,-0.12856799364089966,-0.0907762017077971,-0.03218388557434082,-0.20399993658065796,-0.10338733009763246,0.04013544321060181,-0.2639586329460144,-0.11497486792274003,-0.1303807497024536,-0.3363952934741974,-0.06124240569539552,-0.1903313398361206,-0.4867192506790161,-0.09241050146289354,-0.22065505385398865,-0.5851299166679382,-0.11563429645963197,-0.24552851915359497,-0.6738796830177307,-0.13387950174279695,-0.05837833881378174,-0.3668655455112457,-0.061764531207757045,-0.07789137959480286,-0.5455858409404755,-0.0841943439073134,-0.08723929524421692,-0.6606633067131042,-0.10762634537883287,-0.09792840480804443,-0.758375346660614,-0.12566276304193025,0.0018658638000488281,-0.34144774079322815,-0.07090352140136247,0.024646520614624023,-0.4872133731842041,-0.1119607355422545,0.03312903642654419,-0.5962235331535339,-0.15395546369023805,0.03245300054550171,-0.7045793831348419,-0.1833975058025885,0.06038987636566162,-0.27045947313308716,-0.08438379727073198,0.0626404881477356,-0.33254024386405945,-0.1271337758726645,0.049785315990448,-0.27939826250076294,-0.1387549530691672,0.03254193067550659,-0.21918529272079468,-0.1463220458454657
W,0.0,0.0,0.0,-0.06718295812606812,-0.04552119970321655,-0.06747816465048118,-0.09720936417579651,-0.129017174243927,-0.09266389868406577,-0.02768796682357788,-0.20404744148254395,-0.10649569294599814,0.04302990436553955,-0.26439589262008667,-0.11954791060833259,-0.13028976321220398,-0.3342783451080322,-0.06333639434723182,-0.18986892700195312,-0.48590296506881714,-0.09550742021946235,-0.22059950232505798,-0.5861634016036987,-0.11900241634992881,-0.24515944719314575,-0.6765132546424866,-0.13743741027263923,-0.05934876203536987,-0.36631524562835693,-0.06279302350429816,-0.07873797416687012,-0.5447758436203003,-0.08740006349233909,-0.08692610263824463,-0.6606223285198212,-0.11134008280185981,-0.09691202640533447,-0.7593334019184113,-0.12930665127186103,-0.0003986954689025879,-0.34302395582199097,-0.07064860276130958,0.025346696376800537,-0.4838982820510864,-0.11174863538889213,0.03513461351394653,-0.5891160368919373,-0.15288392416385932,0.034418702125549316,-0.6926636397838593,-0.18164602629093451,0.056352853775024414,-0.27469587326049805,-0.08308680317549033,0.06225091218948364,-0.32951462268829346,-0.12556525281814856,0.04993259906768799,-0.27596163749694824,-0.13816291800884528,0.03282970190048218,-0.21757042407989502,-0.14635363928226752
W,0.0,0.0,0.0,-0.06486701965332031,-0.04345357418060303,-0.07299989068803825,-0.09319344162940979,-0.12403136491775513,-0.0992255171566967,-0.018225669860839844,-0.1989271640777588,-0.1118091678052906,0.05526667833328247,-0.2599155902862549,-0.1221466397672657,-0.12479925155639648,-0.3307363986968994,-0.07136347496805229,-0.18381470441818237,-0.48591890931129456,-0.10515285635290184,-0.213159441947937,-0.5858426988124847,-0.1279260998397831,-0.23685407638549805,-0.6769338548183441,-0.1449718510538105,-0.053032755851745605,-0.3618502914905548,-0.06845801675615348,-0.07183831930160522,-0.5439916253089905,-0.09512295925912895,-0.07999396324157715,-0.6594358384609222,-0.11770735287961998,-0.0905177891254425,-0.7595641016960144,-0.13392797464427986,0.005073726177215576,-0.33770763874053955,-0.0744113137751583,0.03480732440948486,-0.47997918725013733,-0.11797169947919883,0.045833587646484375,-0.5849083065986633,-0.1576121931701664,0.044088780879974365,-0.6929387450218201,-0.183886874261475,0.060295283794403076,-0.26586484909057617,-0.085260826888657,0.06859934329986572,-0.33103126287460327,-0.12488213533458747,0.056353628635406494,-0.2798382043838501,-0.13339245671329536,0.036418139934539795,-0.22112202644348145,-0.13882048780021705
W,0.0,0.0,0.0,-0.06708192825317383,-0.04438126087188721,-0.06772764887938365,-0.09578633308410645,-0.13134056329727173,-0.09000591304430827,-0.02026224136352539,-0.20626729726791382,-0.09981418516764506,0.05150437355041504,-0.26563864946365356,-0.10799915459284648,-0.1271725296974182,-0.33476853370666504,-0.06338107701668605,-0.18415886163711548,-0.4913877844810486,-0.0939101662887083,-0.21318960189819336,-0.591994971036911,-0.11464387294182643,-0.23719769716262817,-0.6835182905197144,-0.13083434965739116,-0.05540597438812256,-0.36579281091690063,-0.06211283546218738,-0.07397353649139404,-0.5476270914077759,-0.08671809848675593,-0.08126455545425415,-0.664871335029602,-0.1092280533565031,-0.09077304601669312,-0.7657275199890137,-0.1253999259723173,0.0035660862922668457,-0.34237438440322876,-0.06918739643225535,0.032658278942108154,-0.48220735788345337,-0.11141941812167033,0.04593461751937866,-0.5862648785114288,-0.15082439150938853,0.04736733436584473,-0.6917704045772552,-0.17699124779829845,0.059737443923950195,-0.27264076471328735,-0.08070386316904887,0.06500750780105591,-0.33311426639556885,-0.12129350867400035,0.051653385162353516,-0.2790333032608032,-0.1301962819350706,0.03291666507720947,-0.21903246641159058,-0.13541241850981578
W,0.0,0.0,0.0,-0.06907284259796143,-0.04403722286224365,-0.06755910796016451,-0.10066381096839905,-0.12973809242248535,-0.08915922027915713,-0.025446712970733643,-0.20733553171157837,-0.09836225193828341,0.048019587993621826,-0.26699668169021606,-0.10504435730069872,-0.1301341950893402,-0.3406834602355957,-0.06015809235066172,-0.18717241287231445,-0.4968118667602539,-0.09073018264859911,-0.21598166227340698,-0.5967532694339752,-0.11176791769355532,-0.2398262619972229,-0.6885519027709961,-0.1278032658705115,-0.057145118713378906,-0.3718554973602295,-0.05906233173698183,-0.0761181116104126,-0.5553361475467682,-0.08400653284877535,-0.08353942632675171,-0.6722489297389984,-0.10507393610566851,-0.09321269392967224,-0.7733407020568848,-0.11960692685931917,0.0026965737342834473,-0.348216712474823,-0.06682801973909136,0.0312880277633667,-0.4915350079536438,-0.10881482791990038,0.04269552230834961,-0.5937793254852295,-0.145655780852735,0.04145503044128418,-0.698734849691391,-0.16911141556590792,0.059725940227508545,-0.27622079849243164,-0.07927683723062273,0.06723028421401978,-0.34692519903182983,-0.11566819977849718,0.05392354726791382,-0.2953227162361145,-0.12052331847041842,0.034139037132263184,-0.23495829105377197,-0.12299089115947481
W,0.0,0.0,0.0,-0.06836777925491333,-0.04338979721069336,-0.06677010835778674,-0.09790346026420593,-0.13821780681610107,-0.08892710687291583,-0.021191060543060303,-0.2162700891494751,-0.10007597686421832,0.052467167377471924,-0.2752622961997986,-0.11075948359143695,-0.13188302516937256,-0.3470122218132019,-0.05748271377456149,-0.18790805339813232,-0.5018981099128723,-0.08587636233937701,-0.21670597791671753,-0.6029468178749084,-0.10647133173119983,-0.24035418033599854,-0.694556325674057,-0.12354242236983737,-0.06028616428375244,-0.3806116580963135,-0.056195417360186184,-0.07819288969039917,-0.5616514980792999,-0.07739082904231509,-0.08478027582168579,-0.6795073747634888,-0.09990196855437716,-0.0925397276878357,-0.7811126410961151,-0.11694737704169711,-5.960464477539063e-08,-0.3568829894065857,-0.06330952973735293,0.030467689037322998,-0.4970538020133972,-0.1026700157083269,0.04346650838851929,-0.5973140299320221,-0.142994658962607,0.04621392488479614,-0.6975734233856201,-0.1711306142963167,0.056414663791656494,-0.289644718170166,-0.07505424501073321,0.06301999092102051,-0.33727651834487915,-0.11859647364985904,0.0489199161529541,-0.2783482074737549,-0.13225984753739795,0.030566155910491943,-0.22111010551452637,-0.1407971251167055
W,0.0,0.0,0.0,-0.0701856017112732,-0.044084370136260986,-0.06690312829215372,-0.10034775733947754,-0.13946521282196045,-0.08856836613614405,-0.02610987424850464,-0.2163255214691162,-0.09920661058623637,0.04615640640258789,-0.2765146493911743,-0.1092148562927946,-0.13312456011772156,-0.3537898659706116,-0.05516188498933161,-0.18746495246887207,-0.5094224810600281,-0.08316700812775935,-0.21608251333236694,-0.611164778470993,-0.10374762770135249,-0.2399665117263794,-0.7034328281879425,-0.12079037633139933,-0.06136387586593628,-0.3869789242744446,-0.0543083911796316,-0.0780455470085144,-0.5697979032993317,-0.07491499092776621,-0.0839165449142456,-0.6880095303058624,-0.09720287379224146,-0.09120678901672363,-0.7893060743808746,-0.11390051897961939,-0.0016270875930786133,-0.3627268075942993,-0.06217526179153765,0.029136300086975098,-0.5057704746723175,-0.10228625592191065,0.04258906841278076,-0.6092650592327118,-0.1432908689637884,0.045698583126068115,-0.7118711173534393,-0.17156288680035914,0.05441015958786011,-0.2939414381980896,-0.07468496915299738,0.062454283237457275,-0.34381991624832153,-0.11941311415631617,0.04916459321975708,-0.2838139533996582,-0.13312157150704707,0.030935049057006836,-0.22372424602508545,-0.14128572401006068
W,0.0,0.0,0.0,-0.07051938772201538,-0.04397314786911011,-0.06419080702232804,-0.10350644588470459,-0.13794809579849243,-0.08769410309957948,-0.03088146448135376,-0.21140062808990479,-0.10127199647592988,0.04445374011993408,-0.2672637104988098,-0.11482864824699845,-0.13273048400878906,-0.3553171753883362,-0.05670293999480691,-0.1867680847644806,-0.5107489824295044,-0.08489156720804658,-0.21471261978149414,-0.613078385591507,-0.10480599311756578,-0.23844552040100098,-0.7046552002429962,-0.12146378514933076,-0.06086760759353638,-0.38914579153060913,-0.05689243433641877,-0.07768434286117554,-0.5719687938690186,-0.07772316990065065,-0.08242949843406677,-0.6909964382648468,-0.098776521362538,-0.08828097581863403,-0.7927664816379547,-0.11460551080870118,0.0006515979766845703,-0.3648192286491394,-0.0651391541736075,0.029314041137695312,-0.5052330493927002,-0.10459470210241761,0.0427587628364563,-0.6096886396408081,-0.14408847896027055,0.047920286655426025,-0.7109751999378204,-0.17162913290428605,0.057882845401763916,-0.2979177236557007,-0.0777744000928351,0.06105804443359375,-0.33991169929504395,-0.12333408949541536,0.04401063919067383,-0.27625882625579834,-0.1374897679464766,0.02494633197784424,-0.21436214447021484,-0.14590023664402452
W,0.0,0.0,0.0,-0.0746794044971466,-0.0443192720413208,-0.061341439137493126,-0.1127864420413971,-0.13367170095443726,-0.08828094298604583,-0.041053712368011475,-0.19870924949645996,-0.10669927741054153,0.03399258852005005,-0.249228835105896,-0.12638767505649184,-0.13223060965538025,-0.34636032581329346,-0.06307877297166442,-0.18702614307403564,-0.4999352693557739,-0.09347558463576888,-0.21466678380966187,-0.6002711057662964,-0.11578116262916183,-0.23691678047180176,-0.6911560893058777,-0.13490230287078475,-0.05905681848526001,-0.37996071577072144,-0.06632044608358001,-0.07531195878982544,-0.5611462593078613,-0.08683158899310683,-0.08031314611434937,-0.6791644096374512,-0.11090694064859008,-0.08693516254425049,-0.7827333211898804,-0.13100256467822646,0.0033281445503234863,-0.35295552015304565,-0.07651960546735381,0.030663132667541504,-0.49125760793685913,-0.11429970408443069,0.04489290714263916,-0.5946765542030334,-0.15502599323752975,0.05121332406997681,-0.6946636140346527,-0.18570748413566207,0.061295270919799805,-0.28621411323547363,-0.09072250569823836,0.06237906217575073,-0.3216097950935364,-0.1357809051370964,0.046827614307403564,-0.2669129967689514,-0.15184216643336867,0.029287397861480713,-0.21572232246398926,-0.16315810824397659
W,0.0,0.0,0.0,-0.07177019119262695,-0.03564810752868652,-0.0658340405784088,-0.11238184571266174,-0.1151232123374939,-0.09660838061193999,-0.045263588428497314,-0.17857235670089722,-0.11720252298931655,0.02971673011779785,-0.2323366403579712,-0.1387693833671051,-0.1363619565963745,-0.33240407705307007,-0.07296173536400374,-0.1914733648300171,-0.48811328411102295,-0.1054863136373001,-0.2195199728012085,-0.590133786201477,-0.12845147662977752,-0.2433919906616211,-0.6828890442848206,-0.1477293919883209,-0.06295359134674072,-0.36733686923980713,-0.07453829311947402,-0.07876986265182495,-0.5501134693622589,-0.09808824473242339,-0.08196738362312317,-0.6692171692848206,-0.12228980177263793,-0.08873894810676575,-0.7739810645580292,-0.1421338122449356,-0.0011993646621704102,-0.34235769510269165,-0.08300749474386748,0.02741837501525879,-0.4795815944671631,-0.12377839797358092,0.04191029071807861,-0.5854947566986084,-0.1647579919658142,0.04620623588562012,-0.6871277689933777,-0.1952949416003662,0.05587327480316162,-0.27710068225860596,-0.0955378141365486,0.06007957458496094,-0.3165678381919861,-0.14252583199362334,0.04650789499282837,-0.25820785760879517,-0.15792347007612761,0.02870875597000122,-0.20239520072937012,-0.16859511547903594
W,0.0,0.0,0.0,-0.073296457529068,-0.03502309322357178,-0.061482940090854754,-0.11691474914550781,-0.10925787687301636,-0.09337401412244617,-0.052717745304107666,-0.16551560163497925,-0.11628904215808689,0.02445453405380249,-0.2129751443862915,-0.1412196906637746,-0.1349264681339264,-0.3225785493850708,-0.07712402961965381,-0.19055774807929993,-0.4783744215965271,-0.11084610990997135,-0.2191523313522339,-0.5795859694480896,-0.13410970590825855,-0.24219757318496704,-0.670754611492157,-0.15392896555181323,-0.06116151809692383,-0.35723376274108887,-0.081294305844267,-0.07559967041015625,-0.5376777648925781,-0.10522925875898181,-0.08014163374900818,-0.6558371484279633,-0.13093100510354816,-0.08761018514633179,-0.759899914264679,-0.15280754886384784,0.0010399818420410156,-0.33035582304000854,-0.09133834414001285,0.03016483783721924,-0.46525150537490845,-0.1316182764601308,0.0423392653465271,-0.5719083249568939,-0.1758046003412801,0.04530990123748779,-0.670886218547821,-0.2099125983547765,0.05752575397491455,-0.2643999457359314,-0.10477236680503665,0.06260454654693604,-0.2862858176231384,-0.15373221061940967,0.04854393005371094,-0.2334609031677246,-0.17429457627054035,0.02967095375061035,-0.18422067165374756,-0.1892311277222234
W,0.0,0.0,0.0,-0.07579991221427917,-0.03249955177307129,-0.06493146267018801,-0.11818477511405945,-0.10465753078460693,-0.09927545037351138,-0.05430707335472107,-0.16276955604553223,-0.12393661882958895,0.020936310291290283,-0.21447843313217163,-0.1504516556509543,-0.13634631037712097,-0.3223193287849426,-0.07790525552115923,-0.19132280349731445,-0.47444772720336914,-0.11294140216193682,-0.21761000156402588,-0.5753990411758423,-0.13874741938195712,-0.24148640036582947,-0.6665495336055756,-0.1601518794544745,-0.061655521392822266,-0.3566063642501831,-0.08201219436011797,-0.07665267586708069,-0.5378548502922058,-0.10699625607810503,-0.07993310689926147,-0.659286230802536,-0.1334710374125052,-0.08767524361610413,-0.7629453539848328,-0.15549309101186282,0.000827491283416748,-0.32863378524780273,-0.09255250092826373,0.026097118854522705,-0.461974561214447,-0.13427635576806551,0.0382348895072937,-0.5734072923660278,-0.1775716498144675,0.041715919971466064,-0.6771085858345032,-0.2106783792027045,0.0562019944190979,-0.26331663131713867,-0.10678797509751803,0.06076180934906006,-0.2932538390159607,-0.15668172683797366,0.049521565437316895,-0.2377692461013794,-0.17445557859025485,0.034216463565826416,-0.18580186367034912,-0.18697571303925997
W,0.0,0.0,0.0,-0.0710279643535614,-0.024997413158416748,-0.06730526687482552,-0.11518323421478271,-0.08895564079284668,-0.10466568173745827,-0.054555296897888184,-0.147047758102417,-0.13165903093198494,0.018852174282073975,-0.2003360390663147,-0.1605485975919123,-0.13807836174964905,-0.3133707642555237,-0.08658570052961068,-0.19381508231163025,-0.46433761715888977,-0.12351349742988305,-0.22331035137176514,-0.5629895925521851,-0.14896810056546883,-0.24683064222335815,-0.6533557772636414,-0.17007987202981667,-0.06326273083686829,-0.3495006561279297,-0.08822575213292794,-0.07745766639709473,-0.5279349088668823,-0.11511413009742455,-0.08156359195709229,-0.645848959684372,-0.14188086988309578,-0.08878746628761292,-0.7518503367900848,-0.1642121970830317,-0.0005571842193603516,-0.32387256622314453,-0.09575749935487465,0.02498382329940796,-0.4541720151901245,-0.13821631671766,0.03703504800796509,-0.5574002265930176,-0.18053697051385598,0.04173886775970459,-0.6554771661758423,-0.2128855139193888,0.055921971797943115,-0.2603868842124939,-0.10707370193580346,0.05463176965713501,-0.27936553955078125,-0.15736016632894234,0.040269672870635986,-0.2256423830986023,-0.17698457838872628,0.023806512355804443,-0.17803001403808594,-0.1908079981980677
W,0.0,0.0,0.0,-0.07250151038169861,-0.022024869918823242,-0.06599299235682565,-0.11886969208717346,-0.08408713340759277,-0.10269275678734857,-0.06035390496253967,-0.14030343294143677,-0.1287733800564297,0.011455059051513672,-0.19265174865722656,-0.15640828384499628,-0.13859358429908752,-0.3076690435409546,-0.0859947316203602,-0.19490370154380798,-0.4558632969856262,-0.12183563782315332,-0.22440475225448608,-0.5539478957653046,-0.1460923440609463,-0.24898460507392883,-0.6432328522205353,-0.16636819018464166,-0.06389489769935608,-0.3442041277885437,-0.08809230102639276,-0.07916861772537231,-0.5248104929924011,-0.11461647971015054,-0.08300024271011353,-0.6431463360786438,-0.1400018520508297,-0.09064579010009766,-0.7478320300579071,-0.1608613766584881,-0.0004398226737976074,-0.3204360604286194,-0.0959027595673092,0.023602962493896484,-0.45320165157318115,-0.13855305685143549,0.0362514853477478,-0.5589082837104797,-0.17953381313424188,0.041129350662231445,-0.6583389043807983,-0.21060103549103815,0.0573771595954895,-0.25826042890548706,-0.10729448868374902,0.056862711906433105,-0.2832159996032715,-0.157400045529414,0.04254680871963501,-0.22474485635757446,-0.17499867452721674,0.025422334671020508,-0.17139697074890137,-0.1871868707094677
W,0.0,0.0,0.0,-0.07051354646682739,-0.016745448112487793,-0.06968102633391027,-0.11899089813232422,-0.07139116525650024,-0.11059745430384282,-0.06494706869125366,-0.12723618745803833,-0.1404638218823493,0.010850250720977783,-0.1789751648902893,-0.17231004714403753,-0.13745301961898804,-0.3015437722206116,-0.09289378702078466,-0.1941048502922058,-0.4509594440460205,-0.13121686160002355,-0.22448357939720154,-0.549449622631073,-0.15696956991587285,-0.24961382150650024,-0.6397416889667511,-0.17827836453352575,-0.06211981177330017,-0.3376731276512146,-0.09411662846241597,-0.07784295082092285,-0.5177115201950073,-0.12306229054365758,-0.08220598101615906,-0.6370435953140259,-0.14998229622278814,-0.09098070859909058,-0.7437803149223328,-0.17192509054575567,0.0012473464012145996,-0.314262330532074,-0.10105316370163564,0.024157583713531494,-0.44768738746643066,-0.14640132367048864,0.03453469276428223,-0.5556235015392303,-0.18920024513636235,0.03685617446899414,-0.6574596464633942,-0.22152606427107457,0.05859178304672241,-0.2534624934196472,-0.1116675513926566,0.06154358386993408,-0.2764292359352112,-0.16537011444006566,0.04799860715866089,-0.21598422527313232,-0.18492349266443853,0.03128206729888916,-0.1608506441116333,-0.19813834905062322
W,0.0,0.0,0.0,-0.07223328948020935,-0.015362918376922607,-0.06852159818777181,-0.1224837601184845,-0.06900501251220703,-0.10803186318048574,-0.07290840148925781,-0.12632977962493896,-0.13634605875381567,-0.0013266503810882568,-0.18173867464065552,-0.1661362068928156,-0.14169514179229736,-0.3019276261329651,-0.08867758682140447,-0.20026895403862,-0.44789040088653564,-0.12578706612953283,-0.23136082291603088,-0.5457276701927185,-0.15077942779430487,-0.25692373514175415,-0.6350350081920624,-0.17152026465305426,-0.0667324960231781,-0.33935123682022095,-0.08953087946542837,-0.0840311050415039,-0.5167573094367981,-0.1184290217436228,-0.08894193172454834,-0.6356443166732788,-0.14494116773971655,-0.09816661477088928,-0.7419717907905579,-0.16602032056221105,-0.003591597080230713,-0.3167068362236023,-0.09623757174381353,0.018348485231399536,-0.45063072443008423,-0.14233295789131262,0.028909832239151,-0.5588967800140381,-0.1848996894634638,0.03103998303413391,-0.6608778536319733,-0.21634219756492712,0.05367746949195862,-0.25608956813812256,-0.10640864988931753,0.05599448084831238,-0.2804245352745056,-0.16036603024372198,0.04231742024421692,-0.21895891427993774,-0.17968426814445593,0.02480253577232361,-0.1624571681022644,-0.19226464798816778
W,0.0,0.0,0.0,-0.07566305994987488,-0.017048954963684082,-0.0669075425706751,-0.1271832287311554,-0.07403230667114258,-0.10601338259800741,-0.07693612575531006,-0.12582367658615112,-0.1343352075658686,-0.005064845085144043,-0.1760903000831604,-0.16464844606741735,-0.1436614990234375,-0.3038172721862793,-0.08912810943945715,-0.20347902178764343,-0.4505617022514343,-0.12629843018873999,-0.23393753170967102,-0.5495222806930542,-0.15102380774840185,-0.25941242277622223,-0.6392071843147278,-0.17156139276846716,-0.06712701916694641,-0.34135204553604126,-0.09097933284863302,-0.08505761623382568,-0.5180099010467529,-0.12035409621819326,-0.09103462100028992,-0.6363029479980469,-0.14676860235556433,-0.10132095217704773,-0.7422152459621429,-0.16769534610136816,-0.002898693084716797,-0.3202108144760132,-0.09847264252528021,0.016124576330184937,-0.4522264003753662,-0.14418542645796606,0.02254888415336609,-0.564010739326477,-0.18781933449133703,0.02241763472557068,-0.6685267686843872,-0.22039784751757452,0.054856330156326294,-0.2618744373321533,-0.10937157533987829,0.053973644971847534,-0.2777436375617981,-0.1635765906415827,0.0392284095287323,-0.2130417823791504,-0.18381519876345465,0.02213767170906067,-0.15355801582336426,-0.19720894358977148
W,0.0,0.0,0.0,-0.07703444361686707,-0.018791377544403076,-0.06337290889246106,-0.13011574745178223,-0.07873666286468506,-0.10019165164453625,-0.07897868752479553,-0.1325642466545105,-0.12655076271516918,-0.007419168949127197,-0.18445426225662231,-0.1547647256277287,-0.1428745985031128,-0.3028901219367981,-0.08749277031643032,-0.20560482144355774,-0.44982773065567017,-0.1246487039945805,-0.23749741911888123,-0.5495292544364929,-0.14937066918832897,-0.26477548480033875,-0.6392163038253784,-0.17000077551824688,-0.06657898426055908,-0.33951395750045776,-0.09124544149858593,-0.08650553226470947,-0.5187819600105286,-0.12131583577615856,-0.09354493021965027,-0.6376866698265076,-0.14793632811529278,-0.10551431775093079,-0.7441200613975525,-0.16892576104623913,-0.0020441412925720215,-0.3183034658432007,-0.10036069786769986,0.013763248920440674,-0.45587241649627686,-0.1465448129795277,0.01853427290916443,-0.5689242482185364,-0.18975110239011883,0.015728235244750977,-0.6763041019439697,-0.2218239147089207,0.057734012603759766,-0.25945228338241577,-0.11244415378791928,0.05510854721069336,-0.2846760153770447,-0.16451986021024823,0.03913545608520508,-0.22240614891052246,-0.18250000363809704,0.020105302333831787,-0.16430848836898804,-0.19475111252290844
W,0.0,0.0,0.0,-0.077943354845047,-0.016808271408081055,-0.06383692782316075,-0.13210448622703552,-0.07556116580963135,-0.10039133887681828,-0.08433014154434204,-0.13001179695129395,-0.12640914630088673,-0.01525336503982544,-0.18363338708877563,-0.1539525271574007,-0.14611577987670898,-0.30631691217422485,-0.08521554183158742,-0.20897439122200012,-0.45154309272766113,-0.12141442608032094,-0.24264486134052277,-0.5513499975204468,-0.14454672049674855,-0.2709529250860214,-0.6403709053993225,-0.16387616407070027,-0.07122114300727844,-0.3448529839515686,-0.08832733642253743,-0.09275788068771362,-0.5228433012962341,-0.11956351559553013,-0.10021722316741943,-0.6414666771888733,-0.14483924519214497,-0.11158964037895203,-0.7467042803764343,-0.16377249669227467,-0.007338911294937134,-0.3248273730278015,-0.09710912715587483,0.009991109371185303,-0.46212923526763916,-0.14513722371253834,0.014513283967971802,-0.5750899910926819,-0.18786961149368153,0.010901212692260742,-0.6810842454433441,-0.218511524907683,0.05212739109992981,-0.2654053568840027,-0.10883978318366871,0.050966888666152954,-0.28738731145858765,-0.1628256620088564,0.03427508473396301,-0.22108662128448486,-0.1814336211601244,0.014467477798461914,-0.15834879875183105,-0.19315629016551839
W,0.0,0.0,0.0,-0.07995578646659851,-0.0185546875,-0.061341141191178394,-0.13771796226501465,-0.07916927337646484,-0.09677698912923915,-0.09224838018417358,-0.1329755187034607,-0.12229026558702571,-0.020420998334884644,-0.18352234363555908,-0.14953005018537624,-0.15043866634368896,-0.3093312978744507,-0.08342940064972026,-0.2152021825313568,-0.45584195852279663,-0.12004281285112484,-0.2495763748884201,-0.556800365447998,-0.14400507214372738,-0.2795369476079941,-0.64662304520607,-0.16417868140047176,-0.07476243376731873,-0.3462532162666321,-0.0886814862758456,-0.09683433175086975,-0.5273858308792114,-0.12127456518715007,-0.10501694679260254,-0.6476087272167206,-0.14771528246706112,-0.11778637766838074,-0.7535948157310486,-0.1674112350017367,-0.009660601615905762,-0.3255952000617981,-0.09946770670717342,0.0036315619945526123,-0.463670551776886,-0.14802275302713497,0.004809707403182983,-0.5773440599441528,-0.19096003177469356,-0.001753479242324829,-0.6846325993537903,-0.22166973057096584,0.05126839876174927,-0.26593685150146484,-0.11304334255760295,0.04519844055175781,-0.29380375146865845,-0.16557770672147853,0.02619031071662903,-0.22840380668640137,-0.18261423411672695,0.004853636026382446,-0.16604411602020264,-0.1936985075742541
W,0.0,0.0,0.0,-0.08416125178337097,-0.023256301879882812,-0.05492155484853356,-0.1451306939125061,-0.09134316444396973,-0.08524725817142098,-0.09988406300544739,-0.14689630270004272,-0.10688067458568185,-0.030195415019989014,-0.19844895601272583,-0.1306501054018554,-0.15842205286026,-0.32023435831069946,-0.07290754698215096,-0.22352074086666107,-0.463470995426178,-0.10710732869802086,-0.259077250957489,-0.5636751055717468,-0.13026225797830193,-0.2897093594074249,-0.6524330079555511,-0.15022321276364892,-0.08466273546218872,-0.35838377475738525,-0.0809444733708915,-0.10860198736190796,-0.536710113286972,-0.10994889073072045,-0.11924055218696594,-0.6578162014484406,-0.13502118222413628,-0.13211044669151306,-0.7641517519950867,-0.15404922001062005,-0.01880669593811035,-0.3376671075820923,-0.09458417676387398,-0.008854061365127563,-0.4776988625526428,-0.14171193771062462,-0.011384755373001099,-0.5929713547229767,-0.18590279154477685,-0.018661588430404663,-0.7008973658084869,-0.217946874424797,0.04416707158088684,-0.2773180603981018,-0.11052601270375817,0.029884397983551025,-0.2925129532814026,-0.16566144160924523,0.007087886333465576,-0.2233041524887085,-0.1859624855965194,-0.015546441078186035,-0.1605539321899414,-0.19903140000997155
W,0.0,0.0,0.0,-0.08641111850738525,-0.02811741828918457,-0.054012240141446455,-0.14759910106658936,-0.10106253623962402,-0.07971296948176132,-0.1021730899810791,-0.16665250062942505,-0.09696737420540558,-0.030865907669067383,-0.2203701138496399,-0.11515496414881454,-0.15801653265953064,-0.3301488161087036,-0.06238873791676269,-0.22918584942817688,-0.47626087069511414,-0.09500612807255493,-0.26698853075504303,-0.5735263228416443,-0.11784881842118011,-0.30028240382671356,-0.6604109108448029,-0.13687230390291916,-0.08398705720901489,-0.3635168671607971,-0.0713068817256044,-0.11119595170021057,-0.5480854511260986,-0.10279699903708206,-0.12488624453544617,-0.6700149476528168,-0.12762553733568893,-0.13917550444602966,-0.7735580801963806,-0.14475916069727646,-0.018608272075653076,-0.3404462933540344,-0.08693996560555206,-0.009695082902908325,-0.48922622203826904,-0.13473075371962295,-0.015463054180145264,-0.6022001504898071,-0.17587093752604233,-0.026145219802856445,-0.70953768491745,-0.20338166993838058,0.04388415813446045,-0.2751748561859131,-0.10532548022251831,0.030636578798294067,-0.32549840211868286,-0.1531298283932756,0.013115942478179932,-0.2612735629081726,-0.1647175375817369,-0.002387911081314087,-0.1961778998374939,-0.17139886063318954
W,0.0,0.0,0.0,-0.08868247270584106,-0.03424477577209473,-0.051944493334985964,-0.14921718835830688,-0.11239546537399292,-0.07651096118638634,-0.10387584567070007,-0.1795870065689087,-0.09288101924607872,-0.0330597460269928,-0.2361830472946167,-0.10990062637279152,-0.1613767147064209,-0.3377818465232849,-0.058844271134830706,-0.234568789601326,-0.4848574995994568,-0.08999274952361702,-0.2737642824649811,-0.5828064978122711,-0.11124576164434075,-0.3082871437072754,-0.6694444715976715,-0.12887960953662514,-0.08805349469184875,-0.3707577586174011,-0.06820013655374169,-0.1154656708240509,-0.5570741891860962,-0.09731705023000359,-0.1297285258769989,-0.677438884973526,-0.12011868787953972,-0.14456039667129517,-0.7783024907112122,-0.13560152335116982,-0.022857755422592163,-0.34770745038986206,-0.08417472524592995,-0.015638679265975952,-0.4974924325942993,-0.13068335039565682,-0.022763043642044067,-0.6126308739185333,-0.17118025107333779,-0.03380945324897766,-0.7202125489711761,-0.19809538407275795,0.04038950800895691,-0.2830110192298889,-0.10272073281953453,0.023052126169204712,-0.3293917179107666,-0.15033635778377175,0.004698842763900757,-0.2626538872718811,-0.1616316018814814,-0.010370701551437378,-0.1943572759628296,-0.1676202891583216
W,0.0,0.0,0.0,-0.0886407196521759,-0.034914255142211914,-0.05071826871972007,-0.14867454767227173,-0.1186223030090332,-0.07510249536971969,-0.10286024212837219,-0.18779093027114868,-0.09214206260185165,-0.0336948037147522,-0.2469661831855774,-0.1108370892379753,-0.16264855861663818,-0.3396701216697693,-0.0559713489983551,-0.23533901572227478,-0.4842527508735657,-0.08579176884632034,-0.2749141752719879,-0.5819001197814941,-0.106554227289962,-0.3098331689834595,-0.6700075566768646,-0.12467611801366729,-0.09050807356834412,-0.37625956535339355,-0.06582234275083465,-0.11709702014923096,-0.5618836879730225,-0.0934755079124443,-0.13135191798210144,-0.6820946931838989,-0.11673613112907333,-0.1464075744152069,-0.7842893600463867,-0.13332964700202865,-0.025142967700958252,-0.35500043630599976,-0.08202605914812011,-0.01802802085876465,-0.5058265924453735,-0.1286807082269661,-0.02434760332107544,-0.6194601058959961,-0.16963580471019668,-0.032581865787506104,-0.7262105643749237,-0.1976121239040367,0.038488149642944336,-0.2935013771057129,-0.10061648708324356,0.018123924732208252,-0.3341417908668518,-0.15189263444881362,0.0006756186485290527,-0.2602548599243164,-0.16544339281063003,-0.011713296175003052,-0.19128656387329102,-0.1730086676452629
W,0.0,0.0,0.0,-0.08972111344337463,-0.03883916139602661,-0.0495314844675363,-0.15202781558036804,-0.12092822790145874,-0.07205607600286612,-0.10713419318199158,-0.18929678201675415,-0.08738221086338172,-0.03813394904136658,-0.24857646226882935,-0.10398699946478018,-0.16425561904907227,-0.34066444635391235,-0.05369190729931006,-0.23748905956745148,-0.4849988520145416,-0.08382787413671622,-0.2772110402584076,-0.582215428352356,-0.10536786027029166,-0.31186388432979584,-0.6708301305770874,-0.12407173074558386,-0.09184619784355164,-0.3753255009651184,-0.06444185085371146,-0.1198461651802063,-0.5613797903060913,-0.09303772307708869,-0.1348414123058319,-0.682645708322525,-0.1175651089079679,-0.15023231506347656,-0.788015753030777,-0.13513368226364264,-0.026193469762802124,-0.35258710384368896,-0.08178038753345618,-0.022158414125442505,-0.5035944581031799,-0.12825268365219245,-0.02920132875442505,-0.6167371571063995,-0.16970394409969458,-0.03838932514190674,-0.7269245684146881,-0.197802825344354,0.03871926665306091,-0.2882944345474243,-0.10145459182336936,0.017710864543914795,-0.33848023414611816,-0.1487317965157331,0.00016954541206359863,-0.27197563648223877,-0.16016508497074256,-0.012085407972335815,-0.2078564167022705,-0.16703259803131232
W,0.0,0.0,0.0,-0.08970817923545837,-0.03598141670227051,-0.04944842201797428,-0.1514832079410553,-0.12027621269226074,-0.07258954909769955,-0.10649341344833374,-0.1914045810699463,-0.08857551482645931,-0.03712266683578491,-0.25027137994766235,-0.10616876450507107,-0.16248297691345215,-0.34182655811309814,-0.05530857932893696,-0.23681232333183289,-0.48699989914894104,-0.08485946324793758,-0.27634096145629883,-0.5840898752212524,-0.10561315980879726,-0.3108375519514084,-0.671672523021698,-0.12373484191624584,-0.09026142954826355,-0.3769350051879883,-0.06600589570729198,-0.11824312806129456,-0.5639642477035522,-0.09284142670361462,-0.13315027952194214,-0.6838946342468262,-0.11612417069403591,-0.14879655838012695,-0.7863609492778778,-0.13302845028368893,-0.025000274181365967,-0.35526949167251587,-0.08301036325423183,-0.018582910299301147,-0.5112682580947876,-0.12909966972796383,-0.024982601404190063,-0.6249154806137085,-0.17040439215628567,-0.03410899639129639,-0.7317027747631073,-0.1987735506626791,0.03933665156364441,-0.2919412851333618,-0.10228540268866482,0.02102971076965332,-0.34028899669647217,-0.15252791610686245,0.003036588430404663,-0.268970787525177,-0.16556626823870602,-0.011374741792678833,-0.2001173496246338,-0.1730627593132681
W,0.0,0.0,0.0,-0.08907824754714966,-0.0391845703125,-0.048819160232937975,-0.14956408739089966,-0.13053905963897705,-0.07005936108032529,-0.1039273738861084,-0.2020624279975891,-0.08454221687713925,-0.03408971428871155,-0.25728821754455566,-0.10132667622963254,-0.16196438670158386,-0.34695732593536377,-0.05043133176366155,-0.23739133775234222,-0.48917388916015625,-0.0786594619552261,-0.2777855098247528,-0.5863474607467651,-0.09967386178175275,-0.313193216919899,-0.673863559961319,-0.11816768548885648,-0.08957228064537048,-0.3820400834083557,-0.06134011424580876,-0.11791959404945374,-0.5690159201622009,-0.08732103757063214,-0.13346165418624878,-0.6889053881168365,-0.1117264946500427,-0.14946505427360535,-0.7909085750579834,-0.12917691669861142,-0.024401038885116577,-0.360243022441864,-0.0786127244631416,-0.01872953772544861,-0.5173381268978119,-0.12426904044548337,-0.025320351123809814,-0.6319844424724579,-0.1668371429244644,-0.033559560775756836,-0.7397651672363281,-0.19597068629661862,0.03892138600349426,-0.2969834804534912,-0.09813055596748654,0.021641194820404053,-0.34731584787368774,-0.14854550562301938,0.007269054651260376,-0.2744982838630676,-0.16159476540485684,-0.0017054975032806396,-0.20550799369812012,-0.16890183291832273
W,0.0,0.0,0.0,-0.08926892280578613,-0.03623056411743164,-0.05202823070123941,-0.15127608180046082,-0.12088894844055176,-0.0768727244181946,-0.10640788078308105,-0.19749140739440918,-0.09447899771168977,-0.03712686896324158,-0.25876104831695557,-0.1140307815118149,-0.1618143916130066,-0.34345924854278564,-0.05734913734033853,-0.23773795366287231,-0.4875141382217407,-0.08750641656354219,-0.27824586629867554,-0.5845688879489899,-0.10899482977822572,-0.3131830096244812,-0.6714871525764465,-0.12777171594336778,-0.08956140279769897,-0.38080960512161255,-0.06661304396823198,-0.11770865321159363,-0.5689106583595276,-0.09376439762547761,-0.13356012105941772,-0.6889629065990448,-0.11799267244771272,-0.15051478147506714,-0.7914985120296478,-0.13577371401026994,-0.024341583251953125,-0.3591615557670593,-0.08217247885897905,-0.01745063066482544,-0.5158496797084808,-0.12771072549060136,-0.023169100284576416,-0.6302463710308075,-0.16971851450637132,-0.0311470627784729,-0.7368013858795166,-0.19906475705340654,0.0394442081451416,-0.2951784133911133,-0.10021160108283311,0.022876232862472534,-0.34227555990219116,-0.15061302048400194,0.00626412034034729,-0.27284079790115356,-0.1648408578081444,-0.00568428635597229,-0.2061251401901245,-0.17334857148364335
W,0.0,0.0,0.0,-0.08852475881576538,-0.03891253471374512,-0.05126380170742095,-0.15032342076301575,-0.12740039825439453,-0.0748823545412165,-0.10211443901062012,-0.20418685674667358,-0.091484647198115,-0.02923676371574402,-0.2615090608596802,-0.11048075924674094,-0.16041997075080872,-0.3416755199432373,-0.056294426275883325,-0.23652656376361847,-0.4845353960990906,-0.08609314630786002,-0.2767125070095062,-0.5832492709159851,-0.10763054708996833,-0.3114614337682724,-0.6729271709918976,-0.1268183998302561,-0.08845576643943787,-0.379960834980011,-0.06593962381640495,-0.11695981025695801,-0.5670947432518005,-0.09388933698693336,-0.13245636224746704,-0.6893216669559479,-0.11939824740449012,-0.1494872272014618,-0.7944762110710144,-0.13810300449887336,-0.02343723177909851,-0.3599802255630493,-0.08168107639113487,-0.01593676209449768,-0.5157244801521301,-0.12838963787118018,-0.021928727626800537,-0.6340651214122772,-0.17236223439732612,-0.03045332431793213,-0.7439208924770355,-0.20296428720513404,0.040006428956985474,-0.2978959083557129,-0.09974674503365577,0.023476123809814453,-0.3463316559791565,-0.15101171652833045,0.0060463547706604,-0.2743515372276306,-0.16578714172402442,-0.006341278553009033,-0.20487374067306519,-0.17486704508820594
W,0.0,0.0,0.0,-0.09032237529754639,-0.037635207176208496,-0.04998422371915012,-0.1523640751838684,-0.12634551525115967,-0.07196157010963589,-0.10525602102279663,-0.20405679941177368,-0.0868884954111877,-0.03356713056564331,-0.2626194953918457,-0.10367131563594967,-0.16369611024856567,-0.3435896039009094,-0.05259688156417042,-0.23956753313541412,-0.4885733127593994,-0.08134622457197338,-0.2785818576812744,-0.5878584682941437,-0.10250298264196545,-0.31247739493846893,-0.6774934232234955,-0.1211454454319778,-0.09013918042182922,-0.3809497356414795,-0.06291008325985104,-0.11824750900268555,-0.5691782236099243,-0.08951774569919735,-0.13423854112625122,-0.690941721200943,-0.1141118812816444,-0.15181055665016174,-0.7938141226768494,-0.13188924970796734,-0.02380809187889099,-0.3605245351791382,-0.07956276419332653,-0.016293734312057495,-0.519420862197876,-0.1255489695327583,-0.022219598293304443,-0.6381435692310333,-0.1683757859723869,-0.032221853733062744,-0.7484495937824249,-0.19784737708738476,0.041401565074920654,-0.29706263542175293,-0.09845777186325222,0.027361035346984863,-0.3532620072364807,-0.14825290026834637,0.009783893823623657,-0.28260165452957153,-0.16080000581911236,-0.004829853773117065,-0.21215295791625977,-0.16809281292131573
W,0.0,0.0,0.0,-0.09134340286254883,-0.03666961193084717,-0.05184408297577647,-0.15244996547698975,-0.12796556949615479,-0.07433162649908809,-0.097802072763443,-0.20754659175872803,-0.08973944207468776,-0.022494792938232422,-0.26596641540527344,-0.10760054012575893,-0.1644272804260254,-0.34249764680862427,-0.05380807464757709,-0.2380772978067398,-0.4853569567203522,-0.08307945748606471,-0.2775840759277344,-0.5843209028244019,-0.10517485460081843,-0.311773419380188,-0.6750506460666656,-0.1254025550726965,-0.09166759252548218,-0.38283517956733704,-0.06367301961222438,-0.11958864331245422,-0.5676727890968323,-0.08997029831448344,-0.13597142696380615,-0.6899384260177612,-0.11636910607853679,-0.15374630689620972,-0.795577198266983,-0.13661123832503108,-0.02600497007369995,-0.3627702593803406,-0.08001720925608424,-0.01824164390563965,-0.5184763073921204,-0.12658971568384914,-0.02454477548599243,-0.6364900469779968,-0.17257846912184505,-0.03436422348022461,-0.7477163970470428,-0.20539374669829158,0.03839617967605591,-0.30047285556793213,-0.09874378910103587,0.02224007248878479,-0.344379723072052,-0.15215972086230067,0.004424870014190674,-0.2727113366127014,-0.16959385594168452,-0.010011941194534302,-0.20571810007095337,-0.18087807318011073
W,0.0,0.0,0.0,-0.09227335453033447,-0.038614511489868164,-0.04957718104196829,-0.1523280143737793,-0.13081145286560059,-0.07107818946315092,-0.0999327003955841,-0.209924578666687,-0.08598876819087309,-0.02616521716117859,-0.2671627402305603,-0.10355600044204039,-0.16561704874038696,-0.3446219563484192,-0.05140944644881529,-0.24173568189144135,-0.4875287115573883,-0.08032625243140501,-0.2833576202392578,-0.5860873758792877,-0.10270264074279112,-0.31957899034023285,-0.67575404047966,-0.1229140393443231,-0.0932731032371521,-0.38348495960235596,-0.06240286380125326,-0.12358763813972473,-0.5679174959659576,-0.08833652809335035,-0.14083510637283325,-0.6905108094215393,-0.11496016457749647,-0.1583651900291443,-0.7951546907424927,-0.13524720147324842,-0.027641355991363525,-0.36260223388671875,-0.07968981638623518,-0.021098613739013672,-0.5210269689559937,-0.12600903287602705,-0.02671554684638977,-0.6387239992618561,-0.1712831713266496,-0.035004228353500366,-0.7482893466949463,-0.20329511240197462,0.037276506423950195,-0.2999524474143982,-0.09913186058474821,0.0199277400970459,-0.35064762830734253,-0.15156510546876234,0.0032112598419189453,-0.27902287244796753,-0.16700156107617659,-0.009368956089019775,-0.21009862422943115,-0.17668713703824324
W,0.0,0.0,0.0,-0.093080073595047,-0.03804445266723633,-0.05139629177824645,-0.14843788743019104,-0.12873399257659912,-0.07372863970772414,-0.0910906195640564,-0.21391117572784424,-0.08926347278134017,-0.01584017276763916,-0.2704111337661743,-0.10687152676359801,-0.16622579097747803,-0.3502890467643738,-0.05119399733916907,-0.2413853406906128,-0.49237117171287537,-0.08133732907549529,-0.28144463896751404,-0.5894851982593536,-0.10489564023987441,-0.3165367841720581,-0.6785431206226349,-0.12527619682327895,-0.09356346726417542,-0.38712188601493835,-0.06118887670413642,-0.12175256013870239,-0.5689762532711029,-0.08631939075962691,-0.13862383365631104,-0.6913155019283295,-0.11232744537369399,-0.15657255053520203,-0.7965871393680573,-0.13214053593651442,-0.02836546301841736,-0.364198237657547,-0.07786101482884078,-0.018673181533813477,-0.5247622728347778,-0.12304921828285842,-0.024428457021713257,-0.6410337686538696,-0.16642846547142653,-0.035096317529678345,-0.7492167055606842,-0.19685224078671126,0.037194907665252686,-0.2980877757072449,-0.09716628126875548,0.02774524688720703,-0.358028382062912,-0.14684313915745406,0.01126009225845337,-0.2908918857574463,-0.15973854444996505,-0.004500895738601685,-0.22172081470489502,-0.16756143055931716
W,0.0,0.0,0.0,-0.08868306875228882,-0.039714038372039795,-0.05234217116128548,-0.14244699478149414,-0.13129043579101562,-0.07501556941758736,-0.08706963062286377,-0.21525055170059204,-0.0906257055092965,-0.014331251382827759,-0.27675342559814453,-0.10776340433847054,-0.16696351766586304,-0.3458300530910492,-0.051678663431516725,-0.23909056186676025,-0.49319988489151,-0.08085938760530098,-0.2774413228034973,-0.5930757224559784,-0.10327048817168816,-0.3115529716014862,-0.6816658675670624,-0.12277388045083626,-0.09376347064971924,-0.38504692912101746,-0.061120027988067704,-0.12105527520179749,-0.5707482695579529,-0.08468025395166023,-0.13710898160934448,-0.6925753951072693,-0.10923819461356743,-0.15503668785095215,-0.793478786945343,-0.1281337014723931,-0.02719932794570923,-0.364238977432251,-0.07738749155294045,-0.017848551273345947,-0.5236258208751678,-0.12056642988216026,-0.02171015739440918,-0.640512079000473,-0.16274205067645653,-0.030088335275650024,-0.74888014793396,-0.19301009395610436,0.038467466831207275,-0.30127525329589844,-0.0964315331865464,0.02799016237258911,-0.35510626435279846,-0.1458193830538903,0.010273516178131104,-0.288335382938385,-0.159255625991932,-0.006622791290283203,-0.22206389904022217,-0.16764861562739952
W,0.0,0.0,0.0,-0.08744552731513977,-0.041670143604278564,-0.054606659950366065,-0.13835632801055908,-0.13380134105682373,-0.0769197816566134,-0.07900571823120117,-0.21712493896484375,-0.09147728482042794,-0.005518674850463867,-0.27842700481414795,-0.10688811043058877,-0.16472980380058289,-0.3485911190509796,-0.052400796355357215,-0.2350168228149414,-0.4951671361923218,-0.08213216313873772,-0.2734971046447754,-0.5942489802837372,-0.10532542565618996,-0.30842125415802,-0.6837620139122009,-0.125173884125104,-0.09095302224159241,-0.38717392086982727,-0.06120447689448838,-0.11823675036430359,-0.572061151266098,-0.08458467075382714,-0.13404124975204468,-0.6943140923976898,-0.10899286219631676,-0.15245842933654785,-0.7969189286231995,-0.12798372158562188,-0.0246410071849823,-0.36600735783576965,-0.07738656798159127,-0.014239668846130371,-0.5245800614356995,-0.11957114437376504,-0.016553938388824463,-0.641102135181427,-0.16035293290173058,-0.025656670331954956,-0.7513793408870697,-0.1895851070598269,0.040916621685028076,-0.3014270067214966,-0.09686246016775613,0.0338129997253418,-0.3655627965927124,-0.14177774140392785,0.017058610916137695,-0.302470862865448,-0.15166391679798608,-0.00024628639221191406,-0.23664474487304688,-0.1582982862905169
W,0.0,0.0,0.0,-0.08892855048179626,-0.041473329067230225,-0.0556290569071507,-0.13913509249687195,-0.13300073146820068,-0.07872463113710637,-0.07758405804634094,-0.2198665738105774,-0.09368571735069509,-0.004774689674377441,-0.28602975606918335,-0.10950901455328221,-0.16627100110054016,-0.3502647280693054,-0.05379761106416936,-0.2375430166721344,-0.49942100048065186,-0.08338877654716725,-0.27446043491363525,-0.5992466807365417,-0.10630741066381688,-0.3071495592594147,-0.688490241765976,-0.1260953778688645,-0.0916513204574585,-0.3902161121368408,-0.061826166725609255,-0.11694619059562683,-0.5759472250938416,-0.08472965008661504,-0.13195818662643433,-0.6973294019699097,-0.10945054239675756,-0.14985841512680054,-0.7981882393360138,-0.12878727263853307,-0.024902135133743286,-0.3684564232826233,-0.0771732488934731,-0.013342142105102539,-0.5255272388458252,-0.1196554238264298,-0.015202462673187256,-0.6431340873241425,-0.16218765921041722,-0.02403879165649414,-0.7540604472160339,-0.19296654409811254,0.041696786880493164,-0.30274325609207153,-0.09564240372822042,0.03192108869552612,-0.357934832572937,-0.1433861935798859,0.01376187801361084,-0.2951471209526062,-0.156491615838263,-0.005490422248840332,-0.23067861795425415,-0.1650091344778275
W,0.0,0.0,0.0,-0.08672314882278442,-0.045449018478393555,-0.05611833017411527,-0.13527163863182068,-0.1396641731262207,-0.07597249206247625,-0.0734444260597229,-0.22853434085845947,-0.08699325677099523,0.0020096302032470703,-0.29026997089385986,-0.09784973617735204,-0.16390419006347656,-0.3561601936817169,-0.05003075506630239,-0.23467469215393066,-0.5060826539993286,-0.07868536766710577,-0.2723444998264313,-0.6058695912361145,-0.10106342490854558,-0.30564308166503906,-0.6958550214767456,-0.12009516563358602,-0.08968394994735718,-0.39452558755874634,-0.05746933650317487,-0.1167534589767456,-0.5803968012332916,-0.08002135362568197,-0.13328874111175537,-0.7014351487159729,-0.10423705931845006,-0.15224581956863403,-0.8035762310028076,-0.1228808036083251,-0.024242877960205078,-0.37369850277900696,-0.07275272365751562,-0.011411726474761963,-0.5303943157196045,-0.11439872738066015,-0.011123180389404297,-0.647234171628952,-0.15556286480369863,-0.01928466558456421,-0.7584701180458069,-0.1844933649534255,0.041486144065856934,-0.3061835765838623,-0.09159463103952703,0.0315130352973938,-0.3721345365047455,-0.13371733035984334,0.015164613723754883,-0.31308090686798096,-0.1426699778074294,-0.002520442008972168,-0.24736487865447998,-0.14876924660148916
W,0.0,0.0,0.0,-0.08617061376571655,-0.04576706886291504,-0.05757766853469093,-0.13447409868240356,-0.14899438619613647,-0.07836380864875991,-0.06999829411506653,-0.2395700216293335,-0.09105477000969131,0.005664050579071045,-0.29794901609420776,-0.10502208288210113,-0.16736644506454468,-0.3583409786224365,-0.04846102635758598,-0.23852166533470154,-0.5085042715072632,-0.07612011845606048,-0.27607715129852295,-0.6103059351444244,-0.09919433559673507,-0.3090510666370392,-0.6989492774009705,-0.11907945837276657,-0.09308648109436035,-0.3983483910560608,-0.054123355852539135,-0.119273841381073,-0.5821959972381592,-0.07244058962362487,-0.13394680619239807,-0.7023839056491852,-0.09662598635452468,-0.1502012014389038,-0.8005759418010712,-0.116450521009142,-0.025696933269500732,-0.3782998323440552,-0.06766388829248626,-0.012337327003479004,-0.5376850366592407,-0.10648565258281906,-0.013570964336395264,-0.6517108082771301,-0.14996934201019485,-0.02022451162338257,-0.758368730545044,-0.18245764340656478,0.04027050733566284,-0.3161740303039551,-0.08482612933414657,0.03372478485107422,-0.3689539432525635,-0.1328929689099141,0.0186728835105896,-0.30524587631225586,-0.14838007356422622,0.003339707851409912,-0.24270731210708618,-0.15872554744976242
W,0.0,0.0,0.0,-0.08718320727348328,-0.04990917444229126,-0.0550676957150813,-0.1338205635547638,-0.15360373258590698,-0.07272146645988187,-0.0672948956489563,-0.2418028712272644,-0.082484833933961,0.009215176105499268,-0.29872459173202515,-0.09277945015634259,-0.1664780080318451,-0.3643428087234497,-0.04365441206897458,-0.23734009265899658,-0.5170061886310577,-0.07146786902154645,-0.2748439908027649,-0.6190980672836304,-0.09431704882587155,-0.3085881620645523,-0.7093139588832855,-0.11399076882804593,-0.09284001588821411,-0.40328356623649597,-0.05176362771595677,-0.1187850832939148,-0.5916129797697067,-0.07225546989644727,-0.13476914167404175,-0.7157876193523407,-0.09788479659761151,-0.15353012084960938,-0.8186949789524078,-0.11798661951030454,-0.026496827602386475,-0.382889986038208,-0.06804850701297482,-0.012104570865631104,-0.5404230952262878,-0.10965108875240048,-0.011825501918792725,-0.6589427292346954,-0.1547119245311137,-0.019579172134399414,-0.7700647115707397,-0.18681033704484662,0.03989362716674805,-0.31774991750717163,-0.08776827160323819,0.029265880584716797,-0.37560078501701355,-0.13421920690740308,0.01197725534439087,-0.3125826120376587,-0.14770529422963818,-0.006181657314300537,-0.24567186832427979,-0.15658985827172955
W,0.0,0.0,0.0,-0.08442005515098572,-0.04929971694946289,-0.059975394516300184,-0.1266215741634369,-0.15098941326141357,-0.08190242713601492,-0.058434754610061646,-0.24399828910827637,-0.09529598569781683,0.016455531120300293,-0.30722129344940186,-0.10924809193522833,-0.1622438132762909,-0.3633137047290802,-0.05076522520096205,-0.23348462581634521,-0.5163292586803436,-0.08184680110127829,-0.27099013328552246,-0.6182604432106018,-0.10718054091842077,-0.3043227642774582,-0.7093455195426941,-0.1281942627421131,-0.08844462037086487,-0.4034658670425415,-0.05677982187182806,-0.11566391587257385,-0.5911908447742462,-0.07929435139806174,-0.1312471628189087,-0.7133194208145142,-0.10591892665536307,-0.15086716413497925,-0.8173778057098389,-0.12710306560904883,-0.02342236042022705,-0.38273221254348755,-0.07112480467469595,-0.008292973041534424,-0.5383491516113281,-0.11215182161242865,-0.007404029369354248,-0.6531577408313751,-0.15446682786853216,-0.016061604022979736,-0.7630813717842102,-0.1851766160717716,0.041333913803100586,-0.31736576557159424,-0.08960982924611471,0.035288453102111816,-0.3819313645362854,-0.13301742589385412,0.02088230848312378,-0.3242926597595215,-0.14384328341395758,0.004219353199005127,-0.26267755031585693,-0.15150540089518927
W,0.0,0.0,0.0,-0.0822453498840332,-0.05144619941711426,-0.06300087650220121,-0.12423375248908997,-0.15159881114959717,-0.080762628511593,-0.05556279420852661,-0.24398362636566162,-0.08781422306697095,0.02113109827041626,-0.30453646183013916,-0.09334605564276899,-0.15834632515907288,-0.36614885926246643,-0.050202563450739035,-0.22945266962051392,-0.522001713514328,-0.08161075045268262,-0.2662124037742615,-0.6226416230201721,-0.10553210605780805,-0.29745325446128845,-0.7135820090770721,-0.12387349088589872,-0.08409518003463745,-0.40473607182502747,-0.05450443555514539,-0.11287268996238708,-0.6000051945447922,-0.07761892308394636,-0.12877359986305237,-0.7282117009162903,-0.10259705413977827,-0.14701014757156372,-0.8391287326812744,-0.12105315555731977,-0.02099132537841797,-0.385029137134552,-0.06830156971614088,-0.002017676830291748,-0.5396688282489777,-0.11043399204413618,0.0008584856986999512,-0.6562831401824951,-0.15408484269778455,-0.009469211101531982,-0.7720201313495636,-0.18351177503268445,0.04334920644760132,-0.3147532343864441,-0.08664463837544645,0.041368305683135986,-0.38747161626815796,-0.12470717360179151,0.028009474277496338,-0.3320857286453247,-0.13226884235541547,0.008685648441314697,-0.26649975776672363,-0.13756079603831495
W,0.0,0.0,0.0,-0.07928577065467834,-0.053282320499420166,-0.06407821650640244,-0.11765587329864502,-0.14915204048156738,-0.08233160997764344,-0.05077856779098511,-0.24358195066452026,-0.08920852567092652,0.025289177894592285,-0.30160701274871826,-0.09306926752464051,-0.15481799840927124,-0.36451804637908936,-0.05142185564176316,-0.22715753316879272,-0.5230000615119934,-0.08327777410880799,-0.2638821005821228,-0.623934417963028,-0.10658948595659012,-0.29380664229393005,-0.7147115170955658,-0.12379461254016633,-0.0808764100074768,-0.39993301033973694,-0.05456429074541802,-0.111136794090271,-0.5931828022003174,-0.07898254419700379,-0.12678423523902893,-0.7154455482959747,-0.10156489635841126,-0.14386817812919617,-0.8206502497196198,-0.11754587764875168,-0.018041908740997314,-0.3804887533187866,-0.06747622515098328,-0.0018215775489807129,-0.5332001447677612,-0.10963376338617081,0.002263784408569336,-0.6457951664924622,-0.1493502306474852,-0.006970822811126709,-0.7607273161411285,-0.17510796065465684,0.04624110460281372,-0.30856597423553467,-0.08519722993509049,0.04356175661087036,-0.38914912939071655,-0.11731528217927689,0.03069889545440674,-0.33848798274993896,-0.11960562790767426,0.012198805809020996,-0.273859441280365,-0.12167553330795045
W,0.0,0.0,0.0,-0.07673192024230957,-0.04872918128967285,-0.06729394771957686,-0.11669003963470459,-0.14124929904937744,-0.08859016575718215,-0.04980456829071045,-0.23596465587615967,-0.0979277101984053,0.02697300910949707,-0.2981295585632324,-0.1044608859052687,-0.15595832467079163,-0.3612716794013977,-0.056666417204382924,-0.22632789611816406,-0.5185884237289429,-0.0888673720588713,-0.263012170791626,-0.6194354593753815,-0.1124792528977423,-0.29335230588912964,-0.7099875509738922,-0.13035933502817443,-0.08130982518196106,-0.39678430557250977,-0.05841140278482726,-0.10985064506530762,-0.5885925590991974,-0.0830295515885382,-0.12463927268981934,-0.7097156941890717,-0.1055512783756285,-0.14119726419448853,-0.8139159083366394,-0.12191625513935378,-0.017076849937438965,-0.376657098531723,-0.06982016392851165,0.0013852119445800781,-0.5315195322036743,-0.11228052356148055,0.005988001823425293,-0.6438396871089935,-0.15170124002600005,-0.0023126602172851562,-0.7583124935626984,-0.1780244392981558,0.04780614376068115,-0.3051323890686035,-0.08619545974636367,0.04762423038482666,-0.38427484035491943,-0.121934143983367,0.03552365303039551,-0.33094796538352966,-0.12624613770151427,0.017972707748413086,-0.2664946913719177,-0.12948809393549254
W,0.0,0.0,0.0,-0.07373061776161194,-0.05018728971481323,-0.06427406757416065,-0.112158864736557,-0.14916133880615234,-0.08677304028810795,-0.04208856821060181,-0.23688280582427979,-0.09941582619489964,0.03712373971939087,-0.2960388660430908,-0.11205055057348545,-0.14785748720169067,-0.3605058193206787,-0.05450636758746441,-0.21493077278137207,-0.5151554346084595,-0.08471644907535847,-0.2500810921192169,-0.6181321442127228,-0.10856788098158177,-0.27949094772338867,-0.7094027996063232,-0.1284226128393584,-0.07447114586830139,-0.3965141177177429,-0.05807762830795582,-0.09980699419975281,-0.5824092924594879,-0.08008413254560764,-0.11212027072906494,-0.7030453383922577,-0.10532918065132435,-0.12611204385757446,-0.805759459733963,-0.12549772351326283,-0.01014620065689087,-0.3732123076915741,-0.07043759017528828,0.009644031524658203,-0.5279047191143036,-0.11223174124302204,0.014964938163757324,-0.640579104423523,-0.15635555475296314,0.010487675666809082,-0.7527092099189758,-0.18843791871609028,0.053032755851745605,-0.3046581745147705,-0.08714170991720493,0.054430603981018066,-0.3685670793056488,-0.1329339095884734,0.043093204498291016,-0.31065165996551514,-0.14685879140438374,0.027666032314300537,-0.2511906027793884,-0.15681451051773365
W,0.0,0.0,0.0,-0.07463264465332031,-0.05025440454483032,-0.0669967820553552,-0.1133037805557251,-0.14536190032958984,-0.08721462540910352,-0.03994482755661011,-0.23432528972625732,-0.095566063156582,0.0411832332611084,-0.294588565826416,-0.10175914966151822,-0.14179599285125732,-0.3572225570678711,-0.05745358296320546,-0.20855247974395752,-0.5159902572631836,-0.08839374684379209,-0.24234312772750854,-0.6173483729362488,-0.11100696676061261,-0.2713414430618286,-0.7103497385978699,-0.1288474416045915,-0.06737232208251953,-0.3909938633441925,-0.05892990805790532,-0.09521743655204773,-0.5796269178390503,-0.08270423763082135,-0.10978615283966064,-0.701129138469696,-0.10620550715015042,-0.12588626146316528,-0.8045923113822937,-0.12389260434196103,-0.00420832633972168,-0.36804839968681335,-0.06969240956590284,0.014192700386047363,-0.5181962847709656,-0.1126522710232507,0.021093547344207764,-0.6296052634716034,-0.15379323714063275,0.017658710479736328,-0.7420535683631897,-0.1812378531007539,0.05795133113861084,-0.2958853244781494,-0.08521761648938764,0.0565757155418396,-0.3726661801338196,-0.12427360468194593,0.04756498336791992,-0.32052457332611084,-0.1312275742797624,0.03552544116973877,-0.25612854957580566,-0.13582781606004346
W,0.0,0.0,0.0,-0.06794631481170654,-0.04844474792480469,-0.07442263737499388,-0.1012488305568695,-0.14252102375030518,-0.09546457454740676,-0.026896119117736816,-0.22870028018951416,-0.10231846049606474,0.0531313419342041,-0.28533023595809937,-0.10666107610046538,-0.14193573594093323,-0.35406121611595154,-0.06502180025159987,-0.20664054155349731,-0.5146612823009491,-0.09796600267469557,-0.2401646077632904,-0.6185405552387238,-0.12155520394622954,-0.266885906457901,-0.7130335569381714,-0.13939224407255324,-0.0664520263671875,-0.386307954788208,-0.062078176440593325,-0.0894894003868103,-0.5768154263496399,-0.0864467568713394,-0.10032904148101807,-0.699065238237381,-0.11009600982248458,-0.11149266362190247,-0.8053067028522491,-0.12752007171690138,-0.0036309361457824707,-0.3633611500263214,-0.06900786087095412,0.02173703908920288,-0.514373242855072,-0.11241968199789198,0.030370593070983887,-0.6244432926177979,-0.15681047961294325,0.026870548725128174,-0.7374548614025116,-0.18654702827512892,0.05778628587722778,-0.29018455743789673,-0.08124573752462538,0.0646967887878418,-0.3604322075843811,-0.12216107770979079,0.054722368717193604,-0.3068413734436035,-0.13283702954828414,0.03835463523864746,-0.24100476503372192,-0.1399896316248146
W,0.0,0.0,0.0,-0.06924057006835938,-0.047836899757385254,-0.07400932753449752,-0.10192197561264038,-0.13272327184677124,-0.09577561015254332,-0.02800053358078003,-0.21474701166152954,-0.10304421776896788,0.04730957746505737,-0.2785927653312683,-0.10623653823500945,-0.13547778129577637,-0.35133782029151917,-0.06640768641597106,-0.2001141905784607,-0.5143666863441467,-0.1005099921858914,-0.23340165615081787,-0.6181098520755768,-0.1230591222084172,-0.2592616677284241,-0.7121638655662537,-0.13932197386390044,-0.06070387363433838,-0.3830832242965698,-0.0635542034543164,-0.08301103115081787,-0.576564371585846,-0.090769088212312,-0.09385278820991516,-0.6973545551300049,-0.11305820042258574,-0.10538196563720703,-0.8014776706695557,-0.1283008366263516,4.4465065002441406e-05,-0.3600480854511261,-0.07074046725398375,0.028593361377716064,-0.5108641982078552,-0.11499565685159041,0.03935664892196655,-0.6195824146270752,-0.15647519225245787,0.03637617826461792,-0.7332632839679718,-0.1829675495064862,0.05907076597213745,-0.283012330532074,-0.0832278415001042,0.06834566593170166,-0.35789307951927185,-0.11911782467728926,0.05553734302520752,-0.30791139602661133,-0.12579808229571654,0.034184277057647705,-0.243940532207489,-0.13029391163951232
W,0.0,0.0,0.0,-0.07130354642868042,-0.046369850635528564,-0.07397572286726017,-0.10486775636672974,-0.1332491636276245,-0.09860542007089634,-0.029324650764465332,-0.2157527208328247,-0.10960356481672306,0.04675567150115967,-0.2806205153465271,-0.11811191924215336,-0.13969016075134277,-0.353979229927063,-0.06823846288324376,-0.20225048065185547,-0.5175725221633911,-0.10239529945255299,-0.23512783646583557,-0.6221810579299927,-0.1256978619873621,-0.26202452182769775,-0.7176936566829681,-0.14340963550210972,-0.06420695781707764,-0.38739272952079773,-0.06574070044160862,-0.08471524715423584,-0.580333799123764,-0.09311946071983357,-0.09386634826660156,-0.7033558487892151,-0.11672747470737477,-0.1046372652053833,-0.8102114796638489,-0.1332580257237055,-0.0025807619094848633,-0.36281031370162964,-0.07267996259332676,0.027273237705230713,-0.5121689736843109,-0.11780431457162877,0.0393943190574646,-0.6217676997184753,-0.15986993499399205,0.03869819641113281,-0.7329337894916534,-0.18717999346853276,0.05645310878753662,-0.28671497106552124,-0.08468865193725605,0.06226849555969238,-0.3506211042404175,-0.12575734742284794,0.04932469129562378,-0.29654765129089355,-0.1350747603952982,0.030034780502319336,-0.23320573568344116,-0.1405587155401804
W,0.0,0.0,0.0,-0.07004362344741821,-0.050663888454437256,-0.07128961390640143,-0.10194987058639526,-0.13538730144500732,-0.09278847283508185,-0.026339054107666016,-0.21693062782287598,-0.10030372447158697,0.05054032802581787,-0.2784692645072937,-0.10412978387262228,-0.1359514594078064,-0.3562394380569458,-0.06538806116964224,-0.1992030143737793,-0.52289679646492,-0.09887874132778052,-0.23165613412857056,-0.6277758777141571,-0.12013340002681616,-0.2580949068069458,-0.7230796813964844,-0.13555312163020972,-0.060982704162597656,-0.3891352117061615,-0.06396146870042685,-0.08315521478652954,-0.5869545340538025,-0.09334205842401389,-0.09325218200683594,-0.7100810706615448,-0.1151061580219448,-0.10459879040718079,-0.8149344027042389,-0.12874455756332281,0.0007099509239196777,-0.36512935161590576,-0.0720325187483013,0.030618131160736084,-0.5203806161880493,-0.11817466473962668,0.044311344623565674,-0.6314279735088348,-0.15796439355995062,0.04414314031600952,-0.7451914250850677,-0.1818161458411396,0.06049257516860962,-0.28450727462768555,-0.08485817170526389,0.06527930498123169,-0.36118918657302856,-0.11981417245056036,0.05170702934265137,-0.31013619899749756,-0.12327220297243002,0.03250235319137573,-0.24378764629364014,-0.1248318032064617
W,0.0,0.0,0.0,-0.07454943656921387,-0.05330455303192139,-0.07000088550296368,-0.10607784986495972,-0.1492578387260437,-0.08607543863502087,-0.02559530735015869,-0.232219398021698,-0.0882697165772015,0.05077183246612549,-0.2910553812980652,-0.0861257375046307,-0.14013797044754028,-0.3678474426269531,-0.05412071056809964,-0.20376300811767578,-0.5352182388305664,-0.08484560854878964,-0.23498976230621338,-0.639630913734436,-0.10519081212726178,-0.2604575753211975,-0.7353966236114502,-0.11968809969869199,-0.06519526243209839,-0.39832377433776855,-0.05182409145083966,-0.08679932355880737,-0.5964052677154541,-0.07846709199395718,-0.09517788887023926,-0.7192755341529846,-0.09939515449252667,-0.10470220446586609,-0.8267055153846741,-0.11202545322623791,-0.003926753997802734,-0.3747967481613159,-0.05982611932006421,0.024829208850860596,-0.5269846320152283,-0.10299838192906918,0.040260255336761475,-0.6356812417507172,-0.14206538207974972,0.04115402698516846,-0.7504156827926636,-0.16485879428830685,0.05550408363342285,-0.2944546937942505,-0.07295106209960522,0.06112855672836304,-0.37605369091033936,-0.10280597813573422,0.04879653453826904,-0.32545191049575806,-0.1034030527636105,0.03034740686416626,-0.2591578960418701,-0.10310081251111569
W,0.0,0.0,0.0,-0.07140475511550903,-0.05169713497161865,-0.06942512061118578,-0.10195016860961914,-0.14267981052398682,-0.08672387864112352,-0.024959862232208252,-0.22833049297332764,-0.08980567719459032,0.05156135559082031,-0.2867152690887451,-0.08803354169845079,-0.136193186044693,-0.3720492124557495,-0.05730883743285631,-0.20045429468154907,-0.540879637002945,-0.08856526728391145,-0.23206084966659546,-0.6444712579250336,-0.10819390382289384,-0.25739073753356934,-0.7393966317176819,-0.12166571583270525,-0.061632633209228516,-0.40035611391067505,-0.05556065182804559,-0.0837090015411377,-0.6030538380146027,-0.08470465954064821,-0.09259682893753052,-0.726205438375473,-0.10497381504296754,-0.10228276252746582,-0.8328651785850525,-0.11628316308974718,-0.0010477304458618164,-0.3762657046318054,-0.06376223977326845,0.028704345226287842,-0.5333197712898254,-0.10897722806453203,0.04313051700592041,-0.6426270604133606,-0.14668437804698442,0.04245758056640625,-0.7569857239723206,-0.16764374043464159,0.05661177635192871,-0.29356443881988525,-0.07690461691140626,0.06371009349822998,-0.3812806010246277,-0.1058039438319156,0.04963737726211548,-0.32731592655181885,-0.10399501736878847,0.029686808586120605,-0.25458717346191406,-0.10181912745952104
W,0.0,0.0,0.0,-0.073916494846344,-0.05375564098358154,-0.0689114690109136,-0.1078076958656311,-0.1510103940963745,-0.08640826347311759,-0.03133517503738403,-0.23323678970336914,-0.09119351062020087,0.04757934808731079,-0.28895121812820435,-0.09301691356142783,-0.1415867805480957,-0.3725326657295227,-0.05310012626489424,-0.20361542701721191,-0.5395587682723999,-0.08210881653269553,-0.23363164067268372,-0.6437967717647552,-0.10122001024922156,-0.2579386234283447,-0.7388949692249298,-0.1157138258500936,-0.06707596778869629,-0.4029234051704407,-0.051772145955169435,-0.08707457780838013,-0.5985913872718811,-0.07552222761353278,-0.09565156698226929,-0.721398264169693,-0.09611889573773169,-0.10381558537483215,-0.8285435140132904,-0.1096241087003591,-0.005460798740386963,-0.37802863121032715,-0.06045489984592223,0.024811387062072754,-0.5281392335891724,-0.10215326997479224,0.039283931255340576,-0.6367025673389435,-0.1424440801425817,0.042358994483947754,-0.749952107667923,-0.16759330633124137,0.053372323513031006,-0.30133306980133057,-0.0742421359105947,0.056099653244018555,-0.36747652292251587,-0.11011455061873221,0.04329264163970947,-0.31226402521133423,-0.11617003980120444,0.02749192714691162,-0.24743682146072388,-0.11927582922419333
W,0.0,0.0,0.0,-0.07053542137145996,-0.05030524730682373,-0.0716266332409532,-0.10087019205093384,-0.14569205045700073,-0.09160985781170439,-0.023372292518615723,-0.22521615028381348,-0.09840494377829145,0.0554431676864624,-0.28279852867126465,-0.10255302472330641,-0.13437628746032715,-0.3679687976837158,-0.05842285586811613,-0.19487681984901428,-0.5327533483505249,-0.08839742077805113,-0.22514379024505615,-0.6372343897819519,-0.10841416551090788,-0.24936223030090332,-0.7331721484661102,-0.12355574203945707,-0.0613287091255188,-0.39928334951400757,-0.05585451035119604,-0.07901632785797119,-0.5953757166862488,-0.08070678247429441,-0.0858452320098877,-0.7182316482067108,-0.10237614048935484,-0.09347602725028992,-0.8252915441989899,-0.11673073454119276,-0.0016225576400756836,-0.3757707476615906,-0.06311695261217665,0.03181111812591553,-0.5282717347145081,-0.10526067747093748,0.048462510108947754,-0.635191023349762,-0.1459609119436891,0.05155026912689209,-0.7456029057502747,-0.17153355462767195,0.056247711181640625,-0.30051159858703613,-0.07568071766115736,0.0674092173576355,-0.37033069133758545,-0.11181388778902601,0.05561298131942749,-0.31147730350494385,-0.11859950406767439,0.03811091184616089,-0.24306917190551758,-0.12246374769426893
W,0.0,0.0,0.0,-0.07170772552490234,-0.043785929679870605,-0.0733066672280529,-0.10416579246520996,-0.13483059406280518,-0.09852202477009087,-0.029525697231292725,-0.2113463282585144,-0.11081236841232567,0.0469929575920105,-0.2728457450866699,-0.12120439352543144,-0.13689741492271423,-0.36462491750717163,-0.06426179649383812,-0.1943655014038086,-0.5264875888824463,-0.09560439976007729,-0.22391432523727417,-0.6307512521743774,-0.11686646433622627,-0.24823683500289917,-0.7269563972949982,-0.13354154916555672,-0.062191665172576904,-0.39907920360565186,-0.06175703423173218,-0.07994717359542847,-0.5917829275131226,-0.08621137829572945,-0.08600491285324097,-0.714290052652359,-0.10772799195797234,-0.09407517313957214,-0.8215972185134888,-0.12288583310396461,-0.0011620521545410156,-0.3756561875343323,-0.06865910681040077,0.032105207443237305,-0.522914469242096,-0.11191522570402412,0.047774553298950195,-0.6291773319244385,-0.1517351815298298,0.051054954528808594,-0.7362721562385559,-0.1777595976188877,0.056939005851745605,-0.30405914783477783,-0.08083708824665337,0.06517928838729858,-0.36032235622406006,-0.12382980676443367,0.051517605781555176,-0.2976064085960388,-0.13387521596700935,0.03235518932342529,-0.23078638315200806,-0.1393014291122654
W,0.0,0.0,0.0,-0.07191985845565796,-0.04239249229431152,-0.07128820134437319,-0.10788604617118835,-0.13331973552703857,-0.09637573672569033,-0.03317141532897949,-0.20811164379119873,-0.1090621755841994,0.04876422882080078,-0.26696377992630005,-0.12016152901685473,-0.13506147265434265,-0.3600243926048279,-0.0651526854757094,-0.19257992506027222,-0.5219334661960602,-0.09589314771926638,-0.22179633378982544,-0.6261526644229889,-0.11597793115413424,-0.24510759115219116,-0.7214120030403137,-0.13188015235698458,-0.06031376123428345,-0.39418429136276245,-0.06339007182157275,-0.07763892412185669,-0.587421715259552,-0.08674770904815432,-0.08370417356491089,-0.7111589908599854,-0.10729947997367617,-0.09074968099594116,-0.8182111084461212,-0.12211660606897112,0.0012923479080200195,-0.3701728582382202,-0.07067045880592104,0.03546017408370972,-0.5179466009140015,-0.11317514939344164,0.04945802688598633,-0.6260243356227875,-0.15405105365550753,0.05193275213241577,-0.7326816022396088,-0.18138364268577334,0.05970805883407593,-0.29914629459381104,-0.08296557081973788,0.07029545307159424,-0.3517000675201416,-0.1273150326136374,0.054544687271118164,-0.2887752056121826,-0.13961756540572878,0.032446086406707764,-0.22221004962921143,-0.14682926548755404
W,0.0,0.0,0.0,-0.07665550708770752,-0.0456920862197876,-0.06542159059733876,-0.1147795021533966,-0.14434409141540527,-0.08880608716697225,-0.04058980941772461,-0.21443253755569458,-0.10187228956908712,0.04092824459075928,-0.26313453912734985,-0.11530909130067357,-0.1344878375530243,-0.3621305823326111,-0.06060680189818868,-0.19187873601913452,-0.5220472514629364,-0.09050371685714254,-0.2211795449256897,-0.6279110610485077,-0.1117338631460143,-0.24551182985305786,-0.722812831401825,-0.12932083943576345,-0.05828678607940674,-0.39730656147003174,-0.06174836868137845,-0.07317912578582764,-0.5863602757453918,-0.08313242533893117,-0.07941544055938721,-0.710625410079956,-0.10572952219933995,-0.08716011047363281,-0.8165565729141235,-0.12325851807088384,0.005301833152770996,-0.37282776832580566,-0.0711222235271407,0.03540438413619995,-0.5197049081325531,-0.11160940119714269,0.04616290330886841,-0.6274304091930389,-0.1549363676616622,0.04818207025527954,-0.7306423783302307,-0.1857060287305785,0.06520044803619385,-0.305076539516449,-0.08493533173293599,0.06880861520767212,-0.34703701734542847,-0.1319989655324889,0.050225913524627686,-0.28271836042404175,-0.14830693045348653,0.028072774410247803,-0.21839845180511475,-0.15876545944900045
W,0.0,0.0,0.0,-0.08396768569946289,-0.05929070711135864,-0.05364810184488533,-0.13220533728599548,-0.14159417152404785,-0.06599086404690979,-0.07081717252731323,-0.2022467851638794,-0.06709930927405594,0.004981577396392822,-0.23678380250930786,-0.06522714973340271,-0.11527881026268005,-0.3698664903640747,-0.05114509046921967,-0.1743643879890442,-0.5378398895263672,-0.08476031453261612,-0.20324373245239258,-0.638561874628067,-0.10420305908570526,-0.2289922833442688,-0.7298503816127777,-0.11655675501475571,-0.04340261220932007,-0.38607078790664673,-0.057544416495659334,-0.05652928352355957,-0.5875726640224457,-0.08890684575686691,-0.06308877468109131,-0.7124619781970978,-0.10735238225112198,-0.06947475671768188,-0.8194426596164703,-0.11601332456717728,0.013210833072662354,-0.3534232974052429,-0.073001659222939,0.027483761310577393,-0.4978746771812439,-0.12145887196908234,0.03154313564300537,-0.6115334630012512,-0.16283634186635254,0.0277135968208313,-0.7333332300186157,-0.18481071174988983,0.06488043069839478,-0.26226115226745605,-0.0914068880761647,0.05578821897506714,-0.3383523225784302,-0.12212397039780853,0.034844040870666504,-0.2850493788719177,-0.12184113890776871,0.014553427696228027,-0.21432727575302124,-0.12004795552144287
W,0.0,0.0,0.0,-0.0852912962436676,-0.07026773691177368,-0.043813270136183746,-0.13493290543556213,-0.16490107774734497,-0.05580160076863194,-0.0794571042060852,-0.22218269109725952,-0.06124309132940198,-0.0018305778503417969,-0.25256186723709106,-0.06652216295844937,-0.10940909385681152,-0.3864748477935791,-0.03773030693776036,-0.16548457741737366,-0.5510622560977936,-0.0677171317780676,-0.19283345341682434,-0.6536044478416443,-0.08776398430711652,-0.21684077382087708,-0.7463266551494598,-0.10259924511558438,-0.03741186857223511,-0.3992951512336731,-0.049450412943429,-0.04867953062057495,-0.5958552956581116,-0.07860573063737775,-0.05392676591873169,-0.7224088609218597,-0.10038250367290402,-0.059330523014068604,-0.8304489850997925,-0.11271471957809354,0.02093273401260376,-0.3626249432563782,-0.06897696535236264,0.032713234424591064,-0.5081677436828613,-0.11402251253969098,0.030817508697509766,-0.6243289113044739,-0.15634046922571088,0.02530491352081299,-0.73941969871521,-0.18114713261968518,0.07250982522964478,-0.27354925870895386,-0.09088547955400372,0.05827808380126953,-0.3426598310470581,-0.12589215169793988,0.030116915702819824,-0.28729450702667236,-0.13001674841291333,0.008078038692474365,-0.21698635816574097,-0.13115777502900983
W,0.0,0.0,0.0,-0.08296966552734375,-0.06873953342437744,-0.03931286058656269,-0.1370268166065216,-0.1652427315711975,-0.05520108959905201,-0.08937594294548035,-0.22564774751663208,-0.06659305713407093,-0.011706829071044922,-0.257488489151001,-0.07985464356175953,-0.10546022653579712,-0.3874932527542114,-0.04170909769169384,-0.1615258753299713,-0.5506714880466461,-0.07188418380252415,-0.1868983805179596,-0.6532385051250458,-0.09077062330476338,-0.2094837725162506,-0.7459167540073395,-0.10613866023055607,-0.036015450954437256,-0.400901198387146,-0.05591709784499699,-0.04704999923706055,-0.5963340699672699,-0.08967815212241703,-0.052090466022491455,-0.7213106751441956,-0.11332175008288914,-0.05785876512527466,-0.8303185403347015,-0.1265737252616077,0.02183663845062256,-0.364698588848114,-0.0761272074960857,0.028741657733917236,-0.5042139291763306,-0.12591415516368443,0.022841811180114746,-0.6220731437206268,-0.1685506986760288,0.01764732599258423,-0.7355324923992157,-0.19384810201160008,0.07272201776504517,-0.2807456851005554,-0.09780580423108631,0.046614766120910645,-0.33119338750839233,-0.14306957892409855,0.012662053108215332,-0.26695936918258667,-0.15263976029388004,-0.009513258934020996,-0.19565248489379883,-0.15633751324645573
W,0.0,0.0,0.0,-0.08371445536613464,-0.06789153814315796,-0.04008224812332628,-0.1373709738254547,-0.1588582992553711,-0.05224966091100214,-0.08911105990409851,-0.2271728515625,-0.058310220213570574,-0.015277504920959473,-0.26519840955734253,-0.06442300808612345,-0.10804489254951477,-0.383891224861145,-0.03877011147324083,-0.1648375689983368,-0.5502536594867706,-0.06899561566297052,-0.1908102035522461,-0.6505994200706482,-0.08679108900014398,-0.21456050872802734,-0.741713285446167,-0.09995787424031732,-0.04043477773666382,-0.39511585235595703,-0.051290663154759386,-0.05190694332122803,-0.5949649810791016,-0.08694585246030329,-0.05844193696975708,-0.7184742391109467,-0.10921560061160562,-0.0662340521812439,-0.8264839053153992,-0.11966778916303156,0.016178369522094727,-0.3593844175338745,-0.07044692915860651,0.021091163158416748,-0.5025627315044403,-0.12246798557225702,0.01516270637512207,-0.6204235553741455,-0.16455576402131555,0.008136987686157227,-0.7387673258781433,-0.1868811903614187,0.06585556268692017,-0.2703830599784851,-0.09085900914851663,0.04166215658187866,-0.33873891830444336,-0.12995446306649683,0.009428799152374268,-0.2788203954696655,-0.13320161980573175,-0.011900246143341064,-0.2032657265663147,-0.13223793190900324
W,0.0,0.0,0.0,-0.08721348643302917,-0.06790870428085327,-0.03770453174837485,-0.14224085211753845,-0.1601504683494568,-0.05053097446688071,-0.09472939372062683,-0.22612714767456055,-0.0585062473011817,-0.019799232482910156,-0.26498109102249146,-0.06772240315802946,-0.11451399326324463,-0.38222283124923706,-0.03612504591472998,-0.16993504762649536,-0.5453279614448547,-0.06488385115989104,-0.19601815938949585,-0.6456892788410187,-0.08253487264045134,-0.21963739395141602,-0.7369391918182373,-0.09668941115268126,-0.045885443687438965,-0.39721977710723877,-0.050229922581991104,-0.06146317720413208,-0.5932956337928772,-0.08385718678363219,-0.07063418626785278,-0.7174987494945526,-0.1072261041892375,-0.08024862408638,-0.8268318772315979,-0.11964211677440062,0.012946724891662598,-0.36282289028167725,-0.07047784392960921,0.013881444931030273,-0.5066090226173401,-0.12122745876439467,0.002727985382080078,-0.6254881918430328,-0.16438996856339827,-0.007626712322235107,-0.7420774102210999,-0.18900244002469435,0.06578022241592407,-0.27734386920928955,-0.09177917306550398,0.036251723766326904,-0.335074782371521,-0.13484029536374464,0.003186047077178955,-0.2712234854698181,-0.14202761714585677,-0.017155468463897705,-0.1969241499900818,-0.14387536113389388
W,0.0,0.0,0.0,-0.08848139643669128,-0.06977355480194092,-0.03878401021444233,-0.14247936010360718,-0.15375739336013794,-0.04911261226021679,-0.09205982089042664,-0.22439229488372803,-0.053237544251317104,-0.019812703132629395,-0.2629379630088806,-0.0562813113161269,-0.11538982391357422,-0.3783767819404602,-0.03477911452733906,-0.17478281259536743,-0.5440754294395447,-0.06573926086508664,-0.20194336771965027,-0.6426669061183929,-0.0840990709789935,-0.22640103101730347,-0.7321870028972626,-0.09717403526389035,-0.04823482036590576,-0.39182984828948975,-0.04752587328636082,-0.06611257791519165,-0.5900177359580994,-0.08364363933884533,-0.0760137140750885,-0.714225560426712,-0.10551540727698239,-0.0864352285861969,-0.8218483924865723,-0.11555174912297161,0.00987917184829712,-0.3580341339111328,-0.06734275246941479,0.011090636253356934,-0.502144992351532,-0.11835137928807171,0.0018819570541381836,-0.6197138726711273,-0.15966150338732632,-0.009118139743804932,-0.7384640574455261,-0.18112689430796536,0.06208163499832153,-0.26697254180908203,-0.08851420308434399,0.03754180669784546,-0.3398702144622803,-0.12232977325999173,0.004896402359008789,-0.28579020500183105,-0.12305566842638882,-0.016517460346221924,-0.2126471996307373,-0.12112587864481839
W,0.0,0.0,0.0,-0.08402818441390991,-0.06658321619033813,-0.04162036990521756,-0.13734787702560425,-0.1582697033882141,-0.053873982185109526,-0.08450466394424438,-0.2243804931640625,-0.060146875584109694,-0.009639322757720947,-0.2628086805343628,-0.06734048938153592,-0.11897110939025879,-0.375618040561676,-0.0385174117028555,-0.17832469940185547,-0.535071074962616,-0.06828480576871243,-0.207050621509552,-0.633647620677948,-0.08740831529496518,-0.2322177290916443,-0.7229680120944977,-0.10201774900554028,-0.05050551891326904,-0.39366650581359863,-0.04997809221742955,-0.07005822658538818,-0.5851451754570007,-0.08064818745253888,-0.08188068866729736,-0.7077700197696686,-0.10334530090688077,-0.09305822849273682,-0.8148792684078217,-0.1161936185300192,0.0075833797454833984,-0.36191868782043457,-0.0683010927378973,0.010405123233795166,-0.5041176378726959,-0.11580176269410458,0.0008038878440856934,-0.6185042262077332,-0.15986100947259274,-0.010244190692901611,-0.7327569127082825,-0.18595490967629758,0.06278473138809204,-0.27945947647094727,-0.08827733611462918,0.039768755435943604,-0.33470064401626587,-0.12841572975514737,0.010942399501800537,-0.2745599150657654,-0.13645498072503415,-0.009163856506347656,-0.20389479398727417,-0.13977646445630398
W,0.0,0.0,0.0,-0.07857334613800049,-0.050926029682159424,-0.05470639481194439,-0.12103107571601868,-0.1504344940185547,-0.0726051667238039,-0.05651366710662842,-0.21999698877334595,-0.08319275467641774,0.02087879180908203,-0.2629885673522949,-0.09541863589532795,-0.1355605125427246,-0.36999112367630005,-0.040246430924014476,-0.2001490592956543,-0.5196935534477234,-0.0687054732347292,-0.2341119647026062,-0.6193905472755432,-0.09143858789451542,-0.26336586475372314,-0.7097285687923431,-0.10970724760539952,-0.06488943099975586,-0.3981512188911438,-0.04656024291165295,-0.09136134386062622,-0.5834941864013672,-0.0682029092217249,-0.10484793782234192,-0.7034801244735718,-0.09237273423917713,-0.11922362446784973,-0.8053078353404999,-0.10916241644866886,-0.003622710704803467,-0.37163764238357544,-0.06087176888235035,0.004316866397857666,-0.5238010883331299,-0.10199475674875202,-0.003044426441192627,-0.6311821639537811,-0.1451851540709299,-0.01626962423324585,-0.7363425195217133,-0.17439737557418766,0.05740243196487427,-0.3014841675758362,-0.07866139351375523,0.05388832092285156,-0.35753417015075684,-0.1245465913320345,0.037770748138427734,-0.2893483638763428,-0.1366158091927332,0.022350072860717773,-0.22012466192245483,-0.1426965707445902
W,0.0,0.0,0.0,-0.07670629024505615,-0.04918265342712402,-0.0586443588560428,-0.11867904663085938,-0.15277248620986938,-0.07306309868152994,-0.052832603454589844,-0.22937089204788208,-0.07817773599680322,0.024017691612243652,-0.27841341495513916,-0.08349990178402322,-0.14617836475372314,-0.36645352840423584,-0.04057633583005327,-0.21153759956359863,-0.5211715400218964,-0.06714256931599039,-0.24686545133590698,-0.6206279695034027,-0.08848091293629068,-0.27732181549072266,-0.7098555266857147,-0.10544333685692209,-0.07470566034317017,-0.39863091707229614,-0.044129864168724,-0.10182332992553711,-0.5865828394889832,-0.06131786559279817,-0.11820277571678162,-0.7071465253829956,-0.08444027681406396,-0.13444587588310242,-0.8086641728878021,-0.10126222003754037,-0.013019740581512451,-0.37679970264434814,-0.05648373146112817,-0.004110574722290039,-0.5293934941291809,-0.09404478300865549,-0.009274065494537354,-0.6361134350299835,-0.13882240731771844,-0.0208856463432312,-0.7411346137523651,-0.1696513154035415,0.04982125759124756,-0.31033313274383545,-0.07296448279674905,0.0482296347618103,-0.3650484085083008,-0.1158534221773948,0.035499513149261475,-0.3014112710952759,-0.1288977273231353,0.021480560302734375,-0.2336013913154602,-0.13623002250250238
W,0.0,0.0,0.0,-0.07351219654083252,-0.046746134757995605,-0.06510616606493613,-0.10977727174758911,-0.1415817141532898,-0.08603291726132056,-0.043384552001953125,-0.22367531061172485,-0.09641790157576224,0.032074153423309326,-0.2799636125564575,-0.10578159755488059,-0.14881694316864014,-0.3601378798484802,-0.05099254241605422,-0.21452826261520386,-0.5171039998531342,-0.08105211472530982,-0.24900037050247192,-0.6172509491443634,-0.1039340547325196,-0.2783830463886261,-0.7083885669708252,-0.12136906152983329,-0.07770305871963501,-0.3933420777320862,-0.052198776513534995,-0.10795333981513977,-0.5835120677947998,-0.07503907150049827,-0.12152871489524841,-0.7027170956134796,-0.09826825326700828,-0.1366758644580841,-0.8045676052570343,-0.11444294220228812,-0.016245126724243164,-0.3741132616996765,-0.06244455418010375,-0.0057752132415771484,-0.5265659093856812,-0.10241874820013663,-0.005832076072692871,-0.6312987506389618,-0.1423874399663987,-0.01747453212738037,-0.7362644076347351,-0.16899040853996894,0.04651379585266113,-0.3086884021759033,-0.0775079927446427,0.04591482877731323,-0.37955278158187866,-0.11505171424170157,0.03550374507904053,-0.318713903427124,-0.12176202750225684,0.020917952060699463,-0.25094419717788696,-0.12549831485767982
W,0.0,0.0,0.0,-0.07180029153823853,-0.04757612943649292,-0.0651470469235278,-0.10686713457107544,-0.14241451025009155,-0.08560475426901348,-0.038369178771972656,-0.22517931461334229,-0.09549238252628811,0.03861719369888306,-0.28009843826293945,-0.10435521322477825,-0.14771240949630737,-0.3567460775375366,-0.05114665719855793,-0.21454915404319763,-0.5132173895835876,-0.08090947288263806,-0.24889573454856873,-0.61248379945755,-0.10356512385595806,-0.27794399857521057,-0.7027018070220947,-0.12097195255745419,-0.07670670747756958,-0.391243577003479,-0.05236514377583035,-0.1077008843421936,-0.5791782736778259,-0.07551619875420101,-0.12256744503974915,-0.6981825232505798,-0.10006002801645764,-0.13817903399467468,-0.8003064393997192,-0.11735765355814465,-0.014882564544677734,-0.372481107711792,-0.06255876737822064,-0.0022464990615844727,-0.5217553973197937,-0.10322892385710247,-0.0023514628410339355,-0.6267825961112976,-0.14567336159933575,-0.013850867748260498,-0.7324852347373962,-0.17398535925138958,0.047932446002960205,-0.30659300088882446,-0.0774131761788226,0.050507307052612305,-0.3753194212913513,-0.11556802409876354,0.040415048599243164,-0.3164824843406677,-0.12420373874891766,0.026426851749420166,-0.24986833333969116,-0.12950342613447674
W,0.0,0.0,0.0,-0.07027262449264526,-0.044269561767578125,-0.06538034987255514,-0.10590648651123047,-0.12875258922576904,-0.0872884319405216,-0.040645062923431396,-0.21117037534713745,-0.09811147314115942,0.03391772508621216,-0.26772958040237427,-0.10700225096746863,-0.14953067898750305,-0.344857394695282,-0.055299785105432875,-0.21683776378631592,-0.5019571185112,-0.08660110842987478,-0.25037065148353577,-0.6011757850646973,-0.10868857812687338,-0.2775338888168335,-0.6907185316085815,-0.12475905579134405,-0.079251229763031,-0.3784670829772949,-0.05545752134725035,-0.10902541875839233,-0.5673055052757263,-0.08082824212118567,-0.12357604503631592,-0.6852597892284393,-0.10356586438223303,-0.13816618919372559,-0.7871427834033966,-0.11868495505854071,-0.018012523651123047,-0.35979145765304565,-0.06441468012138785,-0.003297567367553711,-0.5098454654216766,-0.1055532173494953,-0.0022039413452148438,-0.6145836114883423,-0.14517266315027655,-0.012473225593566895,-0.7210047841072083,-0.17060322326227606,0.04393589496612549,-0.2921420931816101,-0.07795507472559393,0.04707765579223633,-0.36484092473983765,-0.11247113358780325,0.03641277551651001,-0.30963581800460815,-0.11772628885313452,0.022650599479675293,-0.2445751428604126,-0.12071178120180548
W,0.0,0.0,0.0,-0.06904792785644531,-0.04327952861785889,-0.069593955442258,-0.10321521759033203,-0.13109874725341797,-0.09280501739675628,-0.035295188426971436,-0.21392112970352173,-0.10410368131095993,0.04095005989074707,-0.27005892992019653,-0.1132549165337764,-0.14411169290542603,-0.3426661491394043,-0.06069513471419441,-0.20996224880218506,-0.4987001419067383,-0.09393197731668579,-0.2439892292022705,-0.598881334066391,-0.11731540100271332,-0.27201372385025024,-0.6900362074375153,-0.13453807370359527,-0.07381182909011841,-0.3777461647987366,-0.05957559184724914,-0.10284030437469482,-0.564441055059433,-0.08563414649660217,-0.11781230568885803,-0.683561235666275,-0.10878245966131317,-0.13322094082832336,-0.7871158123016357,-0.12471722500021087,-0.013532638549804688,-0.35967832803726196,-0.06769852028781997,0.002787649631500244,-0.5082948803901672,-0.10967522548133957,0.002852797508239746,-0.6119169294834137,-0.15001610355074035,-0.008794665336608887,-0.7169434428215027,-0.17630313770467865,0.04799014329910278,-0.293959379196167,-0.08099144385749923,0.05309325456619263,-0.3605695366859436,-0.11804565475875961,0.039927899837493896,-0.30536049604415894,-0.12617345587904083,0.021758735179901123,-0.24107855558395386,-0.13122556047136413
W,0.0,0.0,0.0,-0.06955111026763916,-0.04360395669937134,-0.06977548246857168,-0.10346859693527222,-0.1323813796043396,-0.09082266484972479,-0.0360410213470459,-0.21342813968658447,-0.09952835535284521,0.036306142807006836,-0.2737917900085449,-0.1061904037522936,-0.1444324254989624,-0.3468506932258606,-0.05711326544758322,-0.2099156379699707,-0.5036365985870361,-0.0891100222396517,-0.24265116453170776,-0.6034573316574097,-0.11260574852701666,-0.2693217098712921,-0.6945021450519562,-0.12992758845564367,-0.07319623231887817,-0.37961459159851074,-0.05616815929886343,-0.10161632299423218,-0.5666232407093048,-0.08023767714973928,-0.1168355643749237,-0.6847271919250488,-0.10435703193422796,-0.13197040557861328,-0.7879968881607056,-0.12113693153139593,-0.012669980525970459,-0.35986328125,-0.06477668678041937,0.0019102096557617188,-0.5103475749492645,-0.10639061575409414,0.0028191208839416504,-0.6136347055435181,-0.14859223162409307,-0.00749284029006958,-0.7206654250621796,-0.17629663442846777,0.04944068193435669,-0.2913464903831482,-0.07842840050932409,0.05280900001525879,-0.3615952134132385,-0.1166804636048937,0.0415797233581543,-0.30655014514923096,-0.12528481876131536,0.02475792169570923,-0.242378830909729,-0.13041746412989141
W,0.0,0.0,0.0,-0.06757885217666626,-0.04261374473571777,-0.06996771026541637,-0.10026311874389648,-0.1286226511001587,-0.09237612117220806,-0.03405839204788208,-0.2151954174041748,-0.10252097327401088,0.038060128688812256,-0.2782495617866516,-0.11029728580405163,-0.14355409145355225,-0.3475140333175659,-0.0577480242042725,-0.20889276266098022,-0.5038613080978394,-0.09011155445267605,-0.24191021919250488,-0.6033430397510529,-0.11353261847187923,-0.2685036063194275,-0.6938901543617249,-0.1306629635780041,-0.07340633869171143,-0.38099682331085205,-0.05648560527851032,-0.10171002149581909,-0.5674598813056946,-0.08145389784266399,-0.1164093017578125,-0.6854541301727295,-0.10465104211260723,-0.13113391399383545,-0.7877736687660217,-0.12033758390833782,-0.0127449631690979,-0.3617252707481384,-0.06465630311657833,0.0028946995735168457,-0.5121299028396606,-0.10647092092921184,0.0035456418991088867,-0.6154080033302307,-0.14647138197113918,-0.007208287715911865,-0.7219448983669281,-0.17240856666256832,0.049163997173309326,-0.2925015091896057,-0.07796841938187526,0.052855610847473145,-0.3632175326347351,-0.1158152006952946,0.03953373432159424,-0.30644023418426514,-0.12308878529955791,0.02134627103805542,-0.24104952812194824,-0.12703992504765438
W,0.0,0.0,0.0,-0.0691792368888855,-0.04292505979537964,-0.07062332065686405,-0.10217583179473877,-0.1312595009803772,-0.09250922979697407,-0.03456789255142212,-0.2127370834350586,-0.10208140792235554,0.03646552562713623,-0.2752481698989868,-0.10953283043488682,-0.14345058798789978,-0.3471495509147644,-0.05818254606708706,-0.2080235481262207,-0.5014537572860718,-0.09067013593300999,-0.24187231063842773,-0.6011987924575806,-0.11436232658013523,-0.2687435448169708,-0.6928473711013794,-0.1320555705009383,-0.07356268167495728,-0.3815520405769348,-0.05671756075605572,-0.10121005773544312,-0.567289412021637,-0.08121224971398533,-0.11594560742378235,-0.6852099597454071,-0.10541762145146549,-0.13071155548095703,-0.7881990969181061,-0.1224628958283347,-0.01396864652633667,-0.3630085587501526,-0.06481262029990376,0.004511237144470215,-0.5145461857318878,-0.1066983613549155,0.006019294261932373,-0.6153251230716705,-0.14850192250594318,-0.004428505897521973,-0.7189449369907379,-0.1761452156482619,0.04739636182785034,-0.29517555236816406,-0.07808823617085636,0.05363273620605469,-0.3634055256843567,-0.11743455858811558,0.04002225399017334,-0.3060767650604248,-0.12723365904673756,0.020099997520446777,-0.2405967116355896,-0.13320419670924366
W,0.0,0.0,0.0,-0.06931513547897339,-0.04367953538894653,-0.06845044791680266,-0.1038561463356018,-0.13135749101638794,-0.08828522711974074,-0.03687000274658203,-0.2161833643913269,-0.0956240862606137,0.03666412830352783,-0.27445530891418457,-0.09997765421849181,-0.14411640167236328,-0.3474939465522766,-0.05617798939329077,-0.20990294218063354,-0.5053796768188477,-0.08807225227337767,-0.2432490587234497,-0.6038772463798523,-0.11034353524428298,-0.2701526880264282,-0.69377800822258,-0.12609111964684416,-0.07338863611221313,-0.37998849153518677,-0.055157319456156984,-0.10220187902450562,-0.5687134265899658,-0.07945149093848158,-0.11770182847976685,-0.686428964138031,-0.10128139406424452,-0.1328011155128479,-0.7888363301753998,-0.11563746333104064,-0.013404428958892822,-0.3610379099845886,-0.06370722204428603,0.0037454962730407715,-0.5132138133049011,-0.10462170541268279,0.004631519317626953,-0.6160548627376556,-0.14408854842167784,-0.006545364856719971,-0.7221865057945251,-0.16894869208317687,0.047619760036468506,-0.29072290658950806,-0.07732966989260603,0.05329519510269165,-0.36599552631378174,-0.11084255278092314,0.04020875692367554,-0.313234806060791,-0.11551613062601973,0.021459996700286865,-0.24717992544174194,-0.11798079758864333
W,0.0,0.0,0.0,-0.0691680908203125,-0.04554545879364014,-0.06799834258026749,-0.10346978902816772,-0.13560408353805542,-0.08703061229653031,-0.03633934259414673,-0.22122043371200562,-0.09370136297411591,0.038843750953674316,-0.275526762008667,-0.09743547476000458,-0.1438697874546051,-0.34999239444732666,-0.054145604736277164,-0.20962443947792053,-0.5080868005752563,-0.08524312860436112,-0.2424578070640564,-0.6065944135189056,-0.10698711908526093,-0.2694181203842163,-0.696367472410202,-0.12238846010632187,-0.07370281219482422,-0.3821343779563904,-0.05328129640884072,-0.10204333066940308,-0.5708763301372528,-0.07675859368509919,-0.11695992946624756,-0.6890799701213837,-0.0978491011924234,-0.13166087865829468,-0.7917610108852386,-0.11152724958128601,-0.013851463794708252,-0.3631138205528259,-0.062097445494600834,0.003470301628112793,-0.5140609741210938,-0.10243662483162552,0.004753172397613525,-0.618126630783081,-0.1413782987660852,-0.006071269512176514,-0.7259619534015656,-0.165761366850802,0.04694551229476929,-0.293194055557251,-0.0760375115937677,0.05201077461242676,-0.3680904507637024,-0.10895165092415482,0.039167165756225586,-0.31505030393600464,-0.11292703486151368,0.02103281021118164,-0.24945122003555298,-0.11487100309796006
W,0.0,0.0,0.0,-0.06966006755828857,-0.045348525047302246,-0.06889411774528753,-0.10386276245117188,-0.13633006811141968,-0.08929798719537985,-0.03503823280334473,-0.218813955783844,-0.09724568543089163,0.03784281015396118,-0.27700746059417725,-0.10281097111356985,-0.14307713508605957,-0.35029417276382446,-0.05634863642109167,-0.20732814073562622,-0.5061322152614594,-0.088474139245875,-0.24001017212867737,-0.60517618060112,-0.11157477614534628,-0.26715028285980225,-0.6962050199508667,-0.12832966414345037,-0.07240700721740723,-0.38349205255508423,-0.05509455096972715,-0.09994709491729736,-0.5701906383037567,-0.08018484679115545,-0.1147710382938385,-0.6884016990661621,-0.10359575566900503,-0.1301671862602234,-0.7931721806526184,-0.11943679270399343,-0.013102471828460693,-0.36585211753845215,-0.06338533726585638,0.0034974217414855957,-0.5150338113307953,-0.10486675766361486,0.0055730342864990234,-0.6178072988986969,-0.14533141222847235,-0.00412064790725708,-0.7254064083099365,-0.17132252422226202,0.04718923568725586,-0.29909032583236694,-0.07677260008705389,0.05119675397872925,-0.36964696645736694,-0.11200591889274847,0.03938204050064087,-0.31408292055130005,-0.11818166044605505,0.022748887538909912,-0.24895352125167847,-0.12176813152683508
W,0.0,0.0,0.0,-0.06893706321716309,-0.043157756328582764,-0.0684417716198027,-0.1034669280052185,-0.13103801012039185,-0.09117845510769484,-0.036585211753845215,-0.21524345874786377,-0.10217785900164245,0.03692483901977539,-0.27424633502960205,-0.11137665873098967,-0.14390212297439575,-0.3474346399307251,-0.05848661129999755,-0.2083587944507599,-0.5036423802375793,-0.09118167375851272,-0.24024063348770142,-0.6032524108886719,-0.11416279589462874,-0.26605814695358276,-0.6937436163425446,-0.1310473537974417,-0.0731668472290039,-0.3817296028137207,-0.057767663800007085,-0.10056674480438232,-0.5679227709770203,-0.08347252821255324,-0.11473050713539124,-0.6860632598400116,-0.10662077432203887,-0.1295233964920044,-0.7887139618396759,-0.12224959646988509,-0.012476682662963867,-0.36298447847366333,-0.06615233486223815,0.004230856895446777,-0.5133256316184998,-0.10809629475403426,0.005180239677429199,-0.6164051592350006,-0.14800766175318358,-0.004580974578857422,-0.7217938899993896,-0.1739737099938452,0.048574984073638916,-0.2949540615081787,-0.07947406982708571,0.051945507526397705,-0.3601471781730652,-0.11785356020260451,0.03817349672317505,-0.302221417427063,-0.1258218592934668,0.02105814218521118,-0.2369338870048523,-0.1302279538445532
W,0.0,0.0,0.0,-0.06823205947875977,-0.04149961471557617,-0.06965109060553232,-0.102353036403656,-0.13090729713439941,-0.09339223156717935,-0.03542083501815796,-0.21094906330108643,-0.10561943898943582,0.0384405255317688,-0.2691190242767334,-0.11680019001511255,-0.14344379305839539,-0.3449464440345764,-0.059312974168335586,-0.20634716749191284,-0.49916407465934753,-0.09164784203318277,-0.2383575439453125,-0.5991257727146149,-0.11538938532618204,-0.2645626366138458,-0.6899807155132294,-0.13342187653330484,-0.0731285810470581,-0.37974846363067627,-0.05864899705198923,-0.09922486543655396,-0.5639026761054993,-0.08282447706011453,-0.11289975047111511,-0.6819230318069458,-0.10715447465923944,-0.1275273859500885,-0.7849891185760498,-0.12462288985994974,-0.012566566467285156,-0.3610990047454834,-0.06704498927143732,0.005105495452880859,-0.5125245451927185,-0.10857028613833108,0.007827043533325195,-0.6148475110530853,-0.14994909714010873,4.279613494873047e-05,-0.7183750867843628,-0.1779713417127482,0.04839682579040527,-0.2953636050224304,-0.08048670838621774,0.05277913808822632,-0.3563849925994873,-0.12220669637468973,0.04116898775100708,-0.29579275846481323,-0.13290856133249918,0.025757670402526855,-0.23046863079071045,-0.13928222010878244
