label,x0,y0,z0,x1,y1,z1,x2,y2,z2,x3,y3,z3,x4,y4,z4,x5,y5,z5,x6,y6,z6,x7,y7,z7,x8,y8,z8,x9,y9,z9,x10,y10,z10,x11,y11,z11,x12,y12,z12,x13,y13,z13,x14,y14,z14,x15,y15,z15,x16,y16,z16,x17,y17,z17,x18,y18,z18,x19,y19,z19,x20,y20,z20
X,0.0,0.0,0.0,-0.04930979013442993,-0.05708044767379761,-0.04401965236844774,-0.06953316926956177,-0.15115827322006226,-0.07215385681571718,-0.02886885404586792,-0.22186368703842163,-0.09973060137214418,0.01907038688659668,-0.24453654885292053,-0.12168102508964296,-0.0257074236869812,-0.29479289054870605,-0.0353820564466929,-0.023166775703430176,-0.4088449478149414,-0.0869063789266562,-0.003515303134918213,-0.4439712464809418,-0.1142162213343596,0.030326485633850098,-0.45735540986061096,-0.1283773387092566,0.02891695499420166,-0.2621971070766449,-0.03772869503679033,0.07883846759796143,-0.3060169517993927,-0.10220976716460939,0.038896143436431885,-0.2247837483882904,-0.11009775644721742,0.019062280654907227,-0.21192806959152222,-0.0994496027249312,0.07615232467651367,-0.22031715512275696,-0.04888425192417856,0.11063498258590698,-0.22692888975143433,-0.1061099225896811,0.06190747022628784,-0.15971925854682922,-0.09285136109771486,0.043588995933532715,-0.16456592082977295,-0.06975181198301073,0.11562716960906982,-0.17116934061050415,-0.06523419714154954,0.14004480838775635,-0.16842594742774963,-0.0962159538883185,0.09908616542816162,-0.12650442123413086,-0.08526450938167329,0.07768654823303223,-0.1310337781906128,-0.06889816916169877
X,0.0,0.0,0.0,-0.04930603504180908,-0.05844634771347046,-0.04407890776079881,-0.06826382875442505,-0.15627774596214294,-0.07178316155356157,-0.022604048252105713,-0.22524815797805786,-0.09900765010994661,0.029175519943237305,-0.23862621188163757,-0.12087756285351503,-0.02620828151702881,-0.29470619559288025,-0.034901904704987885,-0.02354055643081665,-0.4096788316965103,-0.0862733561722635,-0.0030345916748046875,-0.444734588265419,-0.11318627634924638,0.03167867660522461,-0.45775310695171356,-0.1271519277421831,0.028787553310394287,-0.26201292872428894,-0.03721899801772821,0.07904046773910522,-0.3079972565174103,-0.1018409643499254,0.038475632667541504,-0.22627300024032593,-0.10903322586697328,0.018490850925445557,-0.2132069170475006,-0.09767082968634355,0.07581603527069092,-0.2206735610961914,-0.0484855797318815,0.11089599132537842,-0.22928085923194885,-0.10609856137913454,0.061289429664611816,-0.16104328632354736,-0.09292121866625536,0.04262751340866089,-0.16540101170539856,-0.06954811403435457,0.11522942781448364,-0.17159903049468994,-0.06495968142431963,0.1391347050666809,-0.16889023780822754,-0.09571652004402864,0.09758597612380981,-0.12716317176818848,-0.08490215876978624,0.07590311765670776,-0.13160324096679688,-0.06870726385992754
X,0.0,0.0,0.0,-0.04937833547592163,-0.05824023485183716,-0.04350315260100501,-0.0682864785194397,-0.15681737661361694,-0.07048260273742812,-0.023163199424743652,-0.22635573148727417,-0.09696935715484756,0.028205513954162598,-0.2397174835205078,-0.11815265419292587,-0.02601999044418335,-0.2948395907878876,-0.0343600124340071,-0.023511648178100586,-0.4099680781364441,-0.08554512860584396,-0.002875030040740967,-0.44492538273334503,-0.11272349061775344,0.03177058696746826,-0.4576057344675064,-0.12695100011634963,0.028855204582214355,-0.2622770667076111,-0.036742704383613045,0.07943040132522583,-0.30930477380752563,-0.10171170385885375,0.03942453861236572,-0.2282755970954895,-0.1097990036230101,0.018972337245941162,-0.2136162519454956,-0.09897997083473342,0.07588130235671997,-0.22084036469459534,-0.04791115077543395,0.11092984676361084,-0.2288380265235901,-0.10563886018800872,0.06148499250411987,-0.1604660153388977,-0.09315448852586883,0.04248720407485962,-0.163585364818573,-0.07014824303197997,0.11531013250350952,-0.17169007658958435,-0.06418810637998718,0.1392344832420349,-0.16827484965324402,-0.09519314619112151,0.097553551197052,-0.1261243224143982,-0.08489424588489669,0.07558828592300415,-0.12995564937591553,-0.06900123359966415
X,0.0,0.0,0.0,-0.04970461130142212,-0.05635768175125122,-0.0446869372220533,-0.070392906665802,-0.15418678522109985,-0.07170924309806992,-0.026371538639068604,-0.22416538000106812,-0.0978037542493837,0.025373518466949463,-0.24192717671394348,-0.11804401640014817,-0.02703648805618286,-0.2969702482223511,-0.0344684063287275,-0.024032115936279297,-0.4109911620616913,-0.08706960592584778,-0.003033161163330078,-0.44476956129074097,-0.11447503928260971,0.0320090651512146,-0.45513176918029785,-0.12827113781290223,0.028646349906921387,-0.2649094760417938,-0.035953381547500385,0.07850533723831177,-0.30693936347961426,-0.10127158228473832,0.0379982590675354,-0.22490260004997253,-0.1086273169906633,0.01780170202255249,-0.21342217922210693,-0.09709680590944458,0.07621675729751587,-0.2239939570426941,-0.046705355385114444,0.11036413908004761,-0.22701963782310486,-0.10507721964435746,0.06106412410736084,-0.159081369638443,-0.09246762607412506,0.042613983154296875,-0.16639330983161926,-0.06931198153810669,0.11645185947418213,-0.1755351722240448,-0.06269888345318009,0.1390482783317566,-0.16603127121925354,-0.0947648486884134,0.09765928983688354,-0.12379848957061768,-0.08534765754060913,0.07608497142791748,-0.13091391324996948,-0.06977148119526078
X,0.0,0.0,0.0,-0.04964643716812134,-0.05629849433898926,-0.04516261720223724,-0.0702330470085144,-0.15593445301055908,-0.07191033193035423,-0.024208664894104004,-0.2270846962928772,-0.0977331278578788,0.028695404529571533,-0.24265006184577942,-0.11751950063867866,-0.027672231197357178,-0.2973725497722626,-0.03442443811459839,-0.02406001091003418,-0.4133843034505844,-0.08742528685493767,-0.0029845237731933594,-0.4469197243452072,-0.11471305319233238,0.03234374523162842,-0.4589366167783737,-0.12833649941845238,0.02764296531677246,-0.26376453042030334,-0.03576005526943504,0.07736217975616455,-0.30602309107780457,-0.10055225619240105,0.03659707307815552,-0.22272086143493652,-0.1068547246710807,0.016772747039794922,-0.21431675553321838,-0.0949308229343444,0.07485496997833252,-0.22282254695892334,-0.046630385305121536,0.11014741659164429,-0.23029541969299316,-0.10500156411094963,0.0612373948097229,-0.16119638085365295,-0.0914980871336013,0.04298853874206543,-0.16966500878334045,-0.0679157478467971,0.11489742994308472,-0.17464083433151245,-0.06286458202762901,0.13917553424835205,-0.16914215683937073,-0.09477949419184029,0.09826719760894775,-0.1265142560005188,-0.08460226931734383,0.07662802934646606,-0.1329137086868286,-0.06854949423237144
X,0.0,0.0,0.0,-0.047686994075775146,-0.05994468927383423,-0.04545419585197408,-0.06891286373138428,-0.150212824344635,-0.07549485113709409,-0.0307886004447937,-0.22072193026542664,-0.10491953339665372,0.012456178665161133,-0.2526024281978607,-0.1282713293680473,-0.027283787727355957,-0.2987738847732544,-0.034611742163590975,-0.0253448486328125,-0.40975187718868256,-0.0863757907995506,-0.004642784595489502,-0.4462900906801224,-0.11306882199137647,0.029673993587493896,-0.46102680265903473,-0.12620015736906964,0.027253329753875732,-0.2653850018978119,-0.036588969791822024,0.07926285266876221,-0.3056873679161072,-0.09963364448636014,0.03954237699508667,-0.2244882881641388,-0.10556230243533093,0.018672823905944824,-0.21695375442504883,-0.09323758926480252,0.07479959726333618,-0.2235623002052307,-0.04796552580087621,0.1107478141784668,-0.224949449300766,-0.10498199906437833,0.06344223022460938,-0.1594628095626831,-0.09132010039179761,0.044577181339263916,-0.16976460814476013,-0.06772817220776517,0.11422961950302124,-0.1745988428592682,-0.06473708447306592,0.13991767168045044,-0.1677170991897583,-0.09571825262396771,0.09951037168502808,-0.12753701210021973,-0.08452425446598966,0.07665324211120605,-0.13518565893173218,-0.0676183953532501
X,0.0,0.0,0.0,-0.04798227548599243,-0.05875200033187866,-0.041418172102112294,-0.0678110122680664,-0.15234455466270447,-0.06846275893940401,-0.02995246648788452,-0.22052010893821716,-0.09546985445513201,0.015802383422851562,-0.24517416954040527,-0.11742258040203524,-0.025327563285827637,-0.2954437732696533,-0.03316642312302065,-0.02289140224456787,-0.4095815569162369,-0.08339729873432589,-0.002382636070251465,-0.4446893185377121,-0.11160650817646456,0.03005903959274292,-0.45561495423316956,-0.126655935924191,0.030060946941375732,-0.2641499638557434,-0.036603051852125645,0.08091151714324951,-0.30879727005958557,-0.10166461734070253,0.04251009225845337,-0.23291751742362976,-0.1130901497413106,0.019679546356201172,-0.21511906385421753,-0.10454791007532549,0.07736921310424805,-0.22236180305480957,-0.04818062825097513,0.11075586080551147,-0.2236892282962799,-0.10476153312220049,0.06333047151565552,-0.1595015525817871,-0.09445200083746386,0.04325449466705322,-0.16209840774536133,-0.07304258612884951,0.11606621742248535,-0.1727810800075531,-0.06465782938494158,0.13997870683670044,-0.16500955820083618,-0.0950276103426404,0.09961044788360596,-0.1248440146446228,-0.08516093311800432,0.07740253210067749,-0.13041329383850098,-0.06942871181263399
X,0.0,0.0,0.0,-0.048142850399017334,-0.056540489196777344,-0.042735907630891745,-0.06909245252609253,-0.15083521604537964,-0.07034688387987131,-0.030662238597869873,-0.22102808952331543,-0.09761518930074686,0.015402376651763916,-0.2464660108089447,-0.11948926691886896,-0.026592254638671875,-0.29567500948905945,-0.034016530411214774,-0.024180054664611816,-0.40992796421051025,-0.08463232164260859,-0.0038931965827941895,-0.44498421251773834,-0.1115730250346374,0.028725087642669678,-0.45580877363681793,-0.12548352722999567,0.02830582857131958,-0.2644609212875366,-0.0367979290055942,0.07991951704025269,-0.31023645401000977,-0.10176464115259165,0.040636301040649414,-0.23140820860862732,-0.11067894791242594,0.018067359924316406,-0.21523085236549377,-0.10009828154918665,0.07553470134735107,-0.22315430641174316,-0.048142413990468924,0.10968875885009766,-0.22517666220664978,-0.10559731666919703,0.06164580583572388,-0.15953949093818665,-0.09385913555500025,0.04172539710998535,-0.16388288140296936,-0.07129237745878214,0.11462020874023438,-0.17377617955207825,-0.06444839333173746,0.13878542184829712,-0.16635560989379883,-0.09578044657585139,0.09816837310791016,-0.1250566840171814,-0.08599605356332773,0.07579505443572998,-0.1313086748123169,-0.07026406322595591
X,0.0,0.0,0.0,-0.04833918809890747,-0.05799740552902222,-0.04226112664677828,-0.06854110956192017,-0.15354105830192566,-0.06932349429466456,-0.02885991334915161,-0.2227354645729065,-0.0961141727957937,0.0192452073097229,-0.24415671825408936,-0.11758124754764765,-0.026144027709960938,-0.297169953584671,-0.033739685276529485,-0.024169921875,-0.41005903482437134,-0.08452448920347422,-0.0035584568977355957,-0.44412122666835785,-0.11201079116203516,0.030616343021392822,-0.4548853784799576,-0.12648035512306421,0.029785573482513428,-0.2659741938114166,-0.03676168174483507,0.08121860027313232,-0.3080068528652191,-0.10165204034187525,0.04105484485626221,-0.22953131794929504,-0.1111438490543577,0.018815696239471436,-0.2140538990497589,-0.10131619052030771,0.07727974653244019,-0.2238095998764038,-0.04828726426698893,0.11178469657897949,-0.2239064872264862,-0.105616538980982,0.062431395053863525,-0.15871769189834595,-0.09439058528282374,0.04216879606246948,-0.1632651686668396,-0.07240316198208063,0.11617213487625122,-0.17347165942192078,-0.06477387175895899,0.14032304286956787,-0.16470569372177124,-0.09590607807972162,0.09891128540039062,-0.12395256757736206,-0.08628116474487513,0.07640808820724487,-0.1301937699317932,-0.07079085634090632
X,0.0,0.0,0.0,-0.048574090003967285,-0.05833256244659424,-0.041937697981119015,-0.06886035203933716,-0.154403954744339,-0.06855959847998605,-0.028723180294036865,-0.22294318675994873,-0.09486934200358377,0.01955503225326538,-0.24370604753494263,-0.11599390611481653,-0.02564173936843872,-0.29604366421699524,-0.03352200270128236,-0.02340984344482422,-0.40953271090984344,-0.08351799503397928,-0.002782464027404785,-0.4443158507347107,-0.11121232465338693,0.03060734272003174,-0.45617932081222534,-0.1262008960587977,0.03007107973098755,-0.2648811936378479,-0.036554593895196774,0.08094543218612671,-0.30650243163108826,-0.10072899267506585,0.0415157675743103,-0.22968944907188416,-0.11090638146233545,0.019369542598724365,-0.21383917331695557,-0.10201592401099191,0.07734179496765137,-0.22269046306610107,-0.04792040989232049,0.11157405376434326,-0.22357961535453796,-0.10454021051955209,0.06279867887496948,-0.15974748134613037,-0.09395648941826806,0.042586445808410645,-0.16390207409858704,-0.07273158833813653,0.11608380079269409,-0.17226654291152954,-0.0642145986897944,0.1403173804283142,-0.1647285521030426,-0.0951078276379107,0.09924334287643433,-0.124905526638031,-0.08575547889304147,0.07679343223571777,-0.13097262382507324,-0.0706557522757052
X,0.0,0.0,0.0,-0.04895561933517456,-0.05497997999191284,-0.045809639196285445,-0.07060974836349487,-0.14961880445480347,-0.07413318897355481,-0.030486643314361572,-0.21993696689605713,-0.10122271771300717,0.016315340995788574,-0.244136244058609,-0.12219739104379101,-0.02877265214920044,-0.29816094040870667,-0.03726422930825635,-0.02591705322265625,-0.4112205505371094,-0.08964830781091138,-0.005656540393829346,-0.44463396072387695,-0.11645086998809262,0.028231143951416016,-0.4553642123937607,-0.1298670485125868,0.026155173778533936,-0.26561009883880615,-0.03865267480481549,0.07797610759735107,-0.3069600462913513,-0.10305328066218777,0.03702825307846069,-0.22460538148880005,-0.10912293339837476,0.015370726585388184,-0.2135602831840515,-0.09694843883384152,0.0733180046081543,-0.22398480772972107,-0.04936354378927632,0.1093248724937439,-0.2265031635761261,-0.1077720462786047,0.06009596586227417,-0.15830984711647034,-0.09454953814614697,0.04031968116760254,-0.16606664657592773,-0.07112091178763791,0.11280137300491333,-0.17444080114364624,-0.06534931952823086,0.13869911432266235,-0.16769561171531677,-0.09818988437522336,0.0978361964225769,-0.12487256526947021,-0.0885149850951521,0.07505416870117188,-0.13171017169952393,-0.07274739588368817
X,0.0,0.0,0.0,-0.04872703552246094,-0.057357192039489746,-0.04779835329011206,-0.07026970386505127,-0.1520823836326599,-0.07756327748850111,-0.02821660041809082,-0.22343024611473083,-0.10613614976957564,0.019076108932495117,-0.2447323501110077,-0.1282416349704576,-0.02934277057647705,-0.30076393485069275,-0.03689503580883269,-0.026261329650878906,-0.41378287971019745,-0.09094917685344939,-0.0060443878173828125,-0.4487813264131546,-0.11840677172497038,0.027838051319122314,-0.4613790959119797,-0.1317041581924272,0.025563061237335205,-0.2664339244365692,-0.03794390991881613,0.0769646167755127,-0.3073243796825409,-0.10251445979431395,0.03671473264694214,-0.22318202257156372,-0.10744303376034026,0.016128957271575928,-0.21680310368537903,-0.09425539434507613,0.07284027338027954,-0.2245291769504547,-0.048973391806633515,0.10992664098739624,-0.22992625832557678,-0.10815486968115096,0.06200408935546875,-0.16078120470046997,-0.09407479972198729,0.043024539947509766,-0.171198308467865,-0.0697149625475717,0.11279213428497314,-0.17517101764678955,-0.06559103638485198,0.14046770334243774,-0.17080393433570862,-0.09839803636625533,0.10014533996582031,-0.12821125984191895,-0.08768817693546538,0.07698214054107666,-0.13502758741378784,-0.07084404588297133
X,0.0,0.0,0.0,-0.04729878902435303,-0.05726361274719238,-0.0488317626533501,-0.06885182857513428,-0.14990544319152832,-0.08088112426972316,-0.026367604732513428,-0.2203548550605774,-0.11193282706713603,0.02318286895751953,-0.2440357804298401,-0.13655616147494243,-0.02788442373275757,-0.2987470030784607,-0.03843846721625255,-0.02531611919403076,-0.4135144054889679,-0.09310833914256023,-0.005103945732116699,-0.4491192698478699,-0.12025733096575664,0.02899479866027832,-0.46201398968696594,-0.13309018118357585,0.02713775634765625,-0.2650637626647949,-0.039306698274373275,0.07819193601608276,-0.30759501457214355,-0.10456865085339473,0.038249969482421875,-0.2228923738002777,-0.10926445378041194,0.018563389778137207,-0.21734043955802917,-0.09551772279715465,0.07484185695648193,-0.22389459609985352,-0.050219492894171935,0.11058396100997925,-0.2284696102142334,-0.10938870711302684,0.0627906322479248,-0.1599946916103363,-0.09488319410061763,0.04447007179260254,-0.1725490689277649,-0.07014673752760814,0.11546188592910767,-0.1757931113243103,-0.06683622850155757,0.13993465900421143,-0.16981753706932068,-0.0986541192052357,0.09931880235671997,-0.12762391567230225,-0.08734322143769191,0.07690250873565674,-0.13639140129089355,-0.0701599250552647
X,0.0,0.0,0.0,-0.04798710346221924,-0.05715113878250122,-0.047612631358482815,-0.06904661655426025,-0.14996257424354553,-0.07885412279544113,-0.02784830331802368,-0.21893039345741272,-0.1092327475923085,0.02110201120376587,-0.2425122857093811,-0.13369109634337661,-0.02701324224472046,-0.2974330484867096,-0.038571001626827695,-0.024499475955963135,-0.41176560521125793,-0.09175089154420135,-0.0038968324661254883,-0.44724953174591064,-0.11908180419383285,0.03048044443130493,-0.45943203568458557,-0.13279856149134872,0.028554081916809082,-0.26547080278396606,-0.03987009603557823,0.08014088869094849,-0.3074551820755005,-0.10586412403760193,0.040399253368377686,-0.22547540068626404,-0.11307116005597351,0.019909679889678955,-0.21478363871574402,-0.10118695501265762,0.07646340131759644,-0.22394031286239624,-0.050541860647776105,0.11197519302368164,-0.22517871856689453,-0.10965122435269592,0.06353598833084106,-0.15824347734451294,-0.09681885097203491,0.044381678104400635,-0.1669483184814453,-0.07327973250327346,0.11648052930831909,-0.17484810948371887,-0.06671217981753585,0.1410178542137146,-0.16658362746238708,-0.09880344722447632,0.09992212057113647,-0.12514019012451172,-0.08858864162144897,0.07734209299087524,-0.13333165645599365,-0.07233151201186416
X,0.0,0.0,0.0,-0.04864424467086792,-0.05735558271408081,-0.04765044864691248,-0.06914061307907104,-0.1553461253643036,-0.0763819847670888,-0.02374368906021118,-0.22637102007865906,-0.10377195816911211,0.02871042490005493,-0.24491089582443237,-0.1248361204234456,-0.028107881546020508,-0.29850760102272034,-0.03601673957384577,-0.02506488561630249,-0.4127993732690811,-0.08912809532559862,-0.004063069820404053,-0.4462932348251343,-0.11573567580855837,0.03183627128601074,-0.4584959149360657,-0.12874764543450823,0.028122425079345703,-0.2655610740184784,-0.0366420370010232,0.07962793111801147,-0.30803805589675903,-0.10189932924188128,0.03864169120788574,-0.22286099195480347,-0.10735014420426836,0.018608033657073975,-0.21393194794654846,-0.09428166937507143,0.07616925239562988,-0.22482898831367493,-0.047167922970423604,0.11220568418502808,-0.22959303855895996,-0.10658957403577318,0.06263089179992676,-0.1597808599472046,-0.09301698547280779,0.043648362159729004,-0.16964522004127502,-0.06888974797404757,0.11687833070755005,-0.1766068935394287,-0.06317903440869799,0.14180803298950195,-0.17110702395439148,-0.09512260895646563,0.10008764266967773,-0.12766027450561523,-0.0845338140097951,0.07694464921951294,-0.13465481996536255,-0.06809897315181246
X,0.0,0.0,0.0,-0.048805177211761475,-0.0576513409614563,-0.048654377587745046,-0.06954509019851685,-0.15422919392585754,-0.07800096658677802,-0.025019168853759766,-0.22523987293243408,-0.10592070607156501,0.025794684886932373,-0.2463144063949585,-0.12743040559501395,-0.028397858142852783,-0.29937565326690674,-0.036524322011182164,-0.02508634328842163,-0.41335752606391907,-0.08944270400018439,-0.0040999650955200195,-0.4472912549972534,-0.11595127371759162,0.03144371509552002,-0.4601597487926483,-0.12888776896209464,0.027628660202026367,-0.26614975929260254,-0.03690224898667083,0.07910531759262085,-0.3074844181537628,-0.10167347279996619,0.03835499286651611,-0.22277966141700745,-0.10707763967723594,0.018334269523620605,-0.21487224102020264,-0.09414581594676719,0.07557356357574463,-0.22536060214042664,-0.04728101951689467,0.11208879947662354,-0.2298097312450409,-0.10664741335124717,0.06281673908233643,-0.15992221236228943,-0.0931123161098455,0.04370546340942383,-0.16975617408752441,-0.06905896601886496,0.11610960960388184,-0.1770470142364502,-0.06326686976165519,0.1418006420135498,-0.17136868834495544,-0.09534967330903754,0.10043561458587646,-0.12798213958740234,-0.08470988658876166,0.07705020904541016,-0.13471460342407227,-0.06816582021922812
X,0.0,0.0,0.0,-0.04869949817657471,-0.058689236640930176,-0.04228841433959474,-0.06842124462127686,-0.1578054428100586,-0.06929350564914216,-0.024046361446380615,-0.22692528367042542,-0.09611187795835008,0.030141711235046387,-0.24030816555023193,-0.11761794904904832,-0.026720643043518066,-0.2963077425956726,-0.03423239583807458,-0.024368464946746826,-0.41254928708076477,-0.0850988693042325,-0.0035386085510253906,-0.4466141313314438,-0.11200936804252137,0.031346142292022705,-0.4589017629623413,-0.126274078290038,0.029286444187164307,-0.264589786529541,-0.037221099386982814,0.08061057329177856,-0.3087296187877655,-0.10259692291455735,0.040954768657684326,-0.227817565202713,-0.11112303207355012,0.019595980644226074,-0.21200072765350342,-0.10066068838077058,0.07690197229385376,-0.22280660271644592,-0.04877765397267808,0.11187821626663208,-0.22610688209533691,-0.10623968313174714,0.06339210271835327,-0.15943065285682678,-0.09415380577283372,0.0441245436668396,-0.16409489512443542,-0.07166705201106538,0.11635100841522217,-0.17344215512275696,-0.06534360269742479,0.14096975326538086,-0.16780391335487366,-0.09591883341508378,0.0993800163269043,-0.12550848722457886,-0.08570136050420274,0.07691538333892822,-0.13052380084991455,-0.07004269133048524
X,0.0,0.0,0.0,-0.04804033041000366,-0.057893216609954834,-0.04531204141639833,-0.0681084394454956,-0.15112245082855225,-0.07553774304651384,-0.02564781904220581,-0.21908944845199585,-0.10530339367651109,0.024899065494537354,-0.23937323689460754,-0.12966895289682512,-0.02612227201461792,-0.2959844172000885,-0.03725905157589082,-0.023635149002075195,-0.4094897210597992,-0.08870823122524385,-0.0024379491806030273,-0.44558797776699066,-0.11574102379345064,0.031694769859313965,-0.4585734158754349,-0.12988171167635087,0.029555201530456543,-0.26454028487205505,-0.03955354727768068,0.08108705282211304,-0.30632439255714417,-0.10483703948520784,0.04171907901763916,-0.22575721144676208,-0.11288744397424821,0.019937515258789062,-0.21176087856292725,-0.1020474303510106,0.07731598615646362,-0.22268134355545044,-0.050666021182767196,0.1125326156616211,-0.2244921624660492,-0.10912478156351213,0.0645797848701477,-0.15778496861457825,-0.09666485525631074,0.04460132122039795,-0.1628103256225586,-0.07367969490551118,0.11677682399749756,-0.17281407117843628,-0.06700080819391374,0.14247840642929077,-0.16669321060180664,-0.09872327931188707,0.10127997398376465,-0.12434577941894531,-0.08820779062770967,0.07770687341690063,-0.12980371713638306,-0.07200719602369432
X,0.0,0.0,0.0,-0.048079490661621094,-0.0574803352355957,-0.04428747620686835,-0.0672031044960022,-0.15764164924621582,-0.07100437533363646,-0.02140653133392334,-0.22866907715797424,-0.09689961325630492,0.03262132406234741,-0.24275699257850647,-0.11685090463861769,-0.027189254760742188,-0.29768094420433044,-0.03329586934551543,-0.024776875972747803,-0.4145021140575409,-0.0857372353623802,-0.003266632556915283,-0.44756458699703217,-0.1120814378212387,0.03313755989074707,-0.45705386996269226,-0.12485977959141081,0.028147757053375244,-0.26390814781188965,-0.035065553600638566,0.07977646589279175,-0.31553322076797485,-0.10055865299209898,0.03861713409423828,-0.23119017481803894,-0.106508083159774,0.018426895141601562,-0.2169177532196045,-0.09325284462675398,0.07563376426696777,-0.22205665707588196,-0.04631263342007941,0.11082500219345093,-0.23072990775108337,-0.10513744455084151,0.06077665090560913,-0.16104373335838318,-0.09170501631006545,0.04316675662994385,-0.16753560304641724,-0.0673034111808235,0.11600500345230103,-0.17302995920181274,-0.06265073221430129,0.1396452784538269,-0.17143315076828003,-0.09371417712673491,0.09804165363311768,-0.1280474066734314,-0.08291746627792662,0.07717275619506836,-0.1328834891319275,-0.06638647567734068
X,0.0,0.0,0.0,-0.04888027906417847,-0.057188987731933594,-0.046580160978685115,-0.06885963678359985,-0.1547120213508606,-0.07513237279976437,-0.021890342235565186,-0.2255951166152954,-0.10262290668810437,0.03145104646682739,-0.24170362949371338,-0.12386933249558041,-0.028995096683502197,-0.29892176389694214,-0.03578135279143879,-0.02529752254486084,-0.4155441075563431,-0.08978976589764187,-0.004413485527038574,-0.4488808959722519,-0.1169367758663995,0.03127586841583252,-0.4598449617624283,-0.12999061775530407,0.027323365211486816,-0.2650272250175476,-0.036802324477086756,0.07726740837097168,-0.3102656304836273,-0.10191164446199963,0.0356597900390625,-0.2252175211906433,-0.10703684670055935,0.01650416851043701,-0.21696951985359192,-0.09383056593264172,0.07543426752090454,-0.22429999709129333,-0.04767026287640164,0.11040079593658447,-0.23200687766075134,-0.10652601254309246,0.0602450966835022,-0.16189724206924438,-0.09227595013702938,0.04255741834640503,-0.1710529923439026,-0.06777379942263195,0.11649447679519653,-0.17653757333755493,-0.06399642956579754,0.1395518183708191,-0.17209383845329285,-0.09524740559185574,0.09784424304962158,-0.1285492181777954,-0.0841034976872308,0.07657003402709961,-0.1345841884613037,-0.06728245598400662
X,0.0,0.0,0.0,-0.046639323234558105,-0.05867815017700195,-0.045769088280010806,-0.06520962715148926,-0.15154707431793213,-0.07527744055967389,-0.023859381675720215,-0.22237834334373474,-0.10419460417013227,0.024039506912231445,-0.2437465786933899,-0.12681933523397504,-0.026376724243164062,-0.29895782470703125,-0.03623579846005498,-0.022793173789978027,-0.41226726770401,-0.09075387598257123,-0.0029270052909851074,-0.4457091689109802,-0.11822082133274137,0.03403717279434204,-0.4599800854921341,-0.13164696873407422,0.02943134307861328,-0.2654379904270172,-0.03811875761728345,0.08062374591827393,-0.30533599853515625,-0.10360875011663495,0.03796696662902832,-0.2214249074459076,-0.1088828447578436,0.0191153883934021,-0.21574604511260986,-0.09614581645708142,0.07732987403869629,-0.22374337911605835,-0.049664270442534075,0.11327207088470459,-0.22927004098892212,-0.10787378282527982,0.0628894567489624,-0.16143983602523804,-0.09264449806194364,0.045519471168518066,-0.17078498005867004,-0.06815993816833554,0.11753857135772705,-0.17483937740325928,-0.06675213606338559,0.14205944538116455,-0.1687794327735901,-0.09774182767849027,0.09968805313110352,-0.12701117992401123,-0.08627422184925138,0.0783621072769165,-0.13305771350860596,-0.0694398510573393
X,0.0,0.0,0.0,-0.04814302921295166,-0.05778151750564575,-0.045551280804652095,-0.06709760427474976,-0.1514616310596466,-0.07416192380406272,-0.02452188730239868,-0.2205023467540741,-0.10182510254599464,0.023733019828796387,-0.24115130305290222,-0.1235590570948304,-0.026457011699676514,-0.297646701335907,-0.03630960670925987,-0.02362656593322754,-0.41165299713611603,-0.08934745130755317,-0.0016675591468811035,-0.44564440846443176,-0.11679442910172355,0.03452861309051514,-0.45657695829868317,-0.13033330378748786,0.0294455885887146,-0.2651427388191223,-0.03783599598028076,0.08078402280807495,-0.3090331554412842,-0.10290225533463371,0.03973746299743652,-0.22710245847702026,-0.1095267677090348,0.01896369457244873,-0.21531608700752258,-0.0973177993080796,0.07729017734527588,-0.2234627902507782,-0.04865992380000961,0.11252576112747192,-0.22747856378555298,-0.10666153518177879,0.06317180395126343,-0.15998923778533936,-0.09326083896376502,0.044689834117889404,-0.16569194197654724,-0.06942381648041618,0.11759138107299805,-0.17359381914138794,-0.06482563851096046,0.14219695329666138,-0.1672627329826355,-0.09620301363684547,0.10079634189605713,-0.12575393915176392,-0.08565896687724006,0.07889288663864136,-0.13052242994308472,-0.06917528746344459
X,0.0,0.0,0.0,-0.046424686908721924,-0.059442758560180664,-0.04894631958788409,-0.06375908851623535,-0.15237736701965332,-0.07981388873642459,-0.021912753582000732,-0.22339165210723877,-0.10946365303581729,0.02633005380630493,-0.24643325805664062,-0.13250593698805346,-0.025220215320587158,-0.2996414303779602,-0.03750264874881282,-0.02269887924194336,-0.413284495472908,-0.09328806258028521,-0.0015897750854492188,-0.44728073477745056,-0.1211465135890819,0.036443233489990234,-0.4596164971590042,-0.13427261865919604,0.029929280281066895,-0.2652778625488281,-0.03818049884623065,0.08237093687057495,-0.3122696280479431,-0.10479277975147738,0.03975653648376465,-0.22726887464523315,-0.10952014333790316,0.020072460174560547,-0.21890953183174133,-0.09536870426720157,0.07746660709381104,-0.22313636541366577,-0.0491075985807754,0.11443597078323364,-0.23260775208473206,-0.10869226462429538,0.06468832492828369,-0.16372326016426086,-0.09310372776573672,0.046866416931152344,-0.17218968272209167,-0.06738117194956317,0.1173931360244751,-0.17322087287902832,-0.0658314660865642,0.1443139910697937,-0.1716831624507904,-0.0973529875952579,0.10306710004806519,-0.12992995977401733,-0.08545336730068698,0.08082067966461182,-0.13505083322525024,-0.06787429607695117
X,0.0,0.0,0.0,-0.04705393314361572,-0.05777615308761597,-0.047741196073602055,-0.06522476673126221,-0.1491687297821045,-0.07870701230318389,-0.026015877723693848,-0.22092464566230774,-0.10884225643427214,0.01992744207382202,-0.2499939203262329,-0.1328318146541818,-0.02526944875717163,-0.30015426874160767,-0.0361352031603559,-0.02335965633392334,-0.4132743179798126,-0.09053778923303923,-0.0006094574928283691,-0.4477120637893677,-0.11833755201847396,0.036189913749694824,-0.45577268302440643,-0.1314047751501306,0.0297013521194458,-0.2677399814128876,-0.03690816364438376,0.08445680141448975,-0.311298668384552,-0.10383418477327666,0.0434412956237793,-0.22966361045837402,-0.11093106395752272,0.02068936824798584,-0.21727105975151062,-0.09805880761892638,0.07760655879974365,-0.2253870964050293,-0.04735856778175673,0.11505168676376343,-0.2263619601726532,-0.1073440862372621,0.06566786766052246,-0.1590932309627533,-0.09393966472894988,0.04564023017883301,-0.16474372148513794,-0.06923354692013106,0.11705726385116577,-0.1749858558177948,-0.06324152923376403,0.14400148391723633,-0.1677873730659485,-0.09590007639677367,0.10274046659469604,-0.12509942054748535,-0.08523132181913695,0.0797986388206482,-0.1297624707221985,-0.06799743599445662
X,0.0,0.0,0.0,-0.04769933223724365,-0.05935311317443848,-0.04747980519093531,-0.0664057731628418,-0.15307539701461792,-0.07783543004549998,-0.02641928195953369,-0.2256980538368225,-0.10741547926224726,0.022995948791503906,-0.24854949116706848,-0.13090172096051234,-0.02715510129928589,-0.30027079582214355,-0.035536103536262686,-0.025997936725616455,-0.41437724232673645,-0.08950283809460657,-0.0032242536544799805,-0.44858115911483765,-0.11679682566679972,0.034546494483947754,-0.4594915360212326,-0.12993454619206446,0.027920663356781006,-0.26857519149780273,-0.03642098664201754,0.08247637748718262,-0.31575751304626465,-0.10364322050370234,0.041977763175964355,-0.23243314027786255,-0.11011196358956354,0.020061790943145752,-0.21858349442481995,-0.09670884593285578,0.07585525512695312,-0.2277153730392456,-0.047097713340892966,0.11319363117218018,-0.23158299922943115,-0.10696506931342142,0.0641021728515625,-0.1635671854019165,-0.09362939431227701,0.04433798789978027,-0.16890591382980347,-0.06906378700293558,0.11621254682540894,-0.1781391203403473,-0.06325658841885584,0.14261114597320557,-0.17146337032318115,-0.09537206276215571,0.1007731556892395,-0.12908834218978882,-0.08532803936757105,0.07710075378417969,-0.13405901193618774,-0.06896853133000391
X,0.0,0.0,0.0,-0.04653698205947876,-0.058325350284576416,-0.04939773301308037,-0.06615179777145386,-0.14896520972251892,-0.08166379476611496,-0.02821528911590576,-0.2214033305644989,-0.11287974561278702,0.01878434419631958,-0.2505079209804535,-0.13781463349883438,-0.026690542697906494,-0.30026674270629883,-0.03787473211710335,-0.02508610486984253,-0.41257821023464203,-0.09270521993462921,-0.002567470073699951,-0.44758141040802,-0.12056553358857514,0.03492081165313721,-0.4594305604696274,-0.13392733777587296,0.02873927354812622,-0.2690238654613495,-0.03813700745527626,0.08319872617721558,-0.3136034905910492,-0.1057837306958902,0.042570292949676514,-0.23036551475524902,-0.11245719338481308,0.020689189434051514,-0.2188175916671753,-0.09918980295483948,0.0771493911743164,-0.22821402549743652,-0.04827572027866722,0.1144525408744812,-0.22946730256080627,-0.10879559809987427,0.065227210521698,-0.1612948775291443,-0.09525623912637116,0.045193493366241455,-0.16805225610733032,-0.07044819737498642,0.11810034513473511,-0.1789500117301941,-0.06404748554055573,0.14458245038986206,-0.17058846354484558,-0.09669497604195953,0.10257375240325928,-0.12780630588531494,-0.08633174742286087,0.07847708463668823,-0.1335756778717041,-0.06952186668937088
X,0.0,0.0,0.0,-0.04550999402999878,-0.05988520383834839,-0.04495264035796254,-0.06363564729690552,-0.15687990188598633,-0.0723042395446214,-0.02408963441848755,-0.22878995537757874,-0.09908675965999691,0.028655827045440674,-0.2533127963542938,-0.11936794784998028,-0.028752684593200684,-0.2961646616458893,-0.03195013296937077,-0.028417646884918213,-0.41678856313228607,-0.08690360007022946,-0.005395352840423584,-0.44889768958091736,-0.11410970059370129,0.03373456001281738,-0.4609988182783127,-0.12652466264700024,0.024745047092437744,-0.2643313705921173,-0.03360943687295048,0.08105134963989258,-0.32325273752212524,-0.10240480122303097,0.041468799114227295,-0.234555184841156,-0.10879504499172299,0.01946413516998291,-0.21930494904518127,-0.0942030307385835,0.07253223657608032,-0.2250414490699768,-0.04512595948909848,0.11218893527984619,-0.23901844024658203,-0.10633759764169781,0.06438189744949341,-0.1649053394794464,-0.09196474221681683,0.04483908414840698,-0.17061197757720947,-0.06564118531679242,0.11368101835250854,-0.17749041318893433,-0.061780473265400815,0.14402061700820923,-0.17960724234580994,-0.09394248393510907,0.10388994216918945,-0.1330322027206421,-0.08215337065195172,0.08083540201187134,-0.13553747534751892,-0.0640632790062341
X,0.0,0.0,0.0,-0.04609411954879761,-0.06196105480194092,-0.04406882772333631,-0.06431543827056885,-0.15677374601364136,-0.07070283169038305,-0.0246698260307312,-0.22674834728240967,-0.0967090162087203,0.025876641273498535,-0.24890854954719543,-0.1165636139560462,-0.029642939567565918,-0.29728272557258606,-0.032753873114657495,-0.027978181838989258,-0.41674162447452545,-0.08652966046817312,-0.0032767653465270996,-0.4500065743923187,-0.11461404288299093,0.035087525844573975,-0.46195946633815765,-0.12802289003617773,0.025718629360198975,-0.2652309536933899,-0.0343562769342185,0.07958567142486572,-0.3166167438030243,-0.10117675686366567,0.04070758819580078,-0.2331569492816925,-0.10886617327220449,0.017136991024017334,-0.21896487474441528,-0.09642941082007894,0.0745849609375,-0.22644031047821045,-0.045379645620656106,0.11315488815307617,-0.23523592948913574,-0.1044461908388854,0.06616979837417603,-0.16435861587524414,-0.09188887799270162,0.04550880193710327,-0.1683453917503357,-0.06761843288428793,0.11656540632247925,-0.17918342351913452,-0.061593804006648156,0.1455540657043457,-0.17626988887786865,-0.09276993895061025,0.10570764541625977,-0.13237103819847107,-0.08210715973861227,0.08145105838775635,-0.13482755422592163,-0.06506683254725942
X,0.0,0.0,0.0,-0.04695022106170654,-0.06579554080963135,-0.02953085477647477,-0.059596896171569824,-0.17391958832740784,-0.04772598470744782,-0.016438663005828857,-0.243004709482193,-0.06752380903062516,0.0327683687210083,-0.2477310597896576,-0.08317544485625916,-0.03168213367462158,-0.2944483757019043,-0.0246646756976574,-0.026166319847106934,-0.4221899211406708,-0.0730977746396988,0.0037630200386047363,-0.4613921195268631,-0.09980584855374985,0.04293745756149292,-0.4737432152032852,-0.1133254932909935,0.021502196788787842,-0.26300501823425293,-0.031440438583466346,0.08539295196533203,-0.3215023875236511,-0.09616125549373322,0.05276894569396973,-0.2510668635368347,-0.10738941456374818,0.025339722633361816,-0.22760209441184998,-0.09794302459058457,0.06884199380874634,-0.22466591000556946,-0.04506390716132813,0.11248475313186646,-0.23774731159210205,-0.09924909646806412,0.06951284408569336,-0.1749640703201294,-0.08949427480992966,0.044985949993133545,-0.1740269660949707,-0.06858641083535844,0.10928189754486084,-0.1773586869239807,-0.062389986470314795,0.14134711027145386,-0.17919492721557617,-0.09055829222497636,0.1027955412864685,-0.13843491673469543,-0.0811597275286644,0.07710921764373779,-0.13948208093643188,-0.06641993100938492
X,0.0,0.0,0.0,-0.04547619819641113,-0.05947422981262207,-0.03739699335258706,-0.061495423316955566,-0.15859881043434143,-0.06233482794326051,-0.020317494869232178,-0.2302248179912567,-0.08828245462339623,0.02865886688232422,-0.2479686439037323,-0.10941247255962594,-0.024595141410827637,-0.29855263233184814,-0.030381038649494485,-0.02007812261581421,-0.4269271045923233,-0.08174876482647164,0.008192300796508789,-0.46310068666934967,-0.11004966111343606,0.04632145166397095,-0.47116197645664215,-0.12425273270767434,0.02831822633743286,-0.2655245065689087,-0.03468843163412316,0.08330410718917847,-0.315067857503891,-0.09857318164270623,0.05116349458694458,-0.24102512001991272,-0.10865927846592172,0.030757009983062744,-0.2277495265007019,-0.09968033791940911,0.07522547245025635,-0.22595512866973877,-0.04690213487904771,0.11190837621688843,-0.23320621252059937,-0.10079723955553277,0.06992894411087036,-0.16831040382385254,-0.08859695853155358,0.05147862434387207,-0.17415732145309448,-0.06702617914837106,0.11662369966506958,-0.1792130470275879,-0.06402001888912423,0.13947176933288574,-0.17112204432487488,-0.09221456558864816,0.10244905948638916,-0.12971121072769165,-0.08133982480924828,0.0828201174736023,-0.13732033967971802,-0.06549983085554345
X,0.0,0.0,0.0,-0.04558277130126953,-0.06223297119140625,-0.03844345697429219,-0.059551358222961426,-0.16491052508354187,-0.06195880064036885,-0.010529875755310059,-0.2356615662574768,-0.08595789187815228,0.041602253913879395,-0.2417801022529602,-0.10484320634272137,-0.025309443473815918,-0.298708975315094,-0.02928193249967137,-0.022861480712890625,-0.4302831441164017,-0.08175168150332013,0.005776345729827881,-0.46371127665042877,-0.10967452042963544,0.045044779777526855,-0.4700043052434921,-0.12316359543468991,0.02783644199371338,-0.2662241756916046,-0.03297904470231572,0.07916384935379028,-0.31675562262535095,-0.09802596234943906,0.04717552661895752,-0.23439785838127136,-0.10613451116945782,0.02721792459487915,-0.21999049186706543,-0.09509801828529874,0.07546007633209229,-0.22839295864105225,-0.04532439225580731,0.11172086000442505,-0.2432062327861786,-0.10175596141483823,0.07091927528381348,-0.17128264904022217,-0.08837487512495557,0.052831053733825684,-0.1741543412208557,-0.06496591829922238,0.11785614490509033,-0.18293172121047974,-0.06261100583937207,0.1412232518196106,-0.18155601620674133,-0.09324604981806317,0.10536110401153564,-0.13600611686706543,-0.08250383996632138,0.08525878190994263,-0.1384645700454712,-0.06613817774918118
X,0.0,0.0,0.0,-0.050190865993499756,-0.06725186109542847,-0.035996685539394946,-0.06504780054092407,-0.17056715488433838,-0.06020489594808254,-0.015708744525909424,-0.2369462549686432,-0.08608094490042362,0.04237312078475952,-0.24246498942375183,-0.10724475867024097,-0.026327908039093018,-0.2991267144680023,-0.02573400436809692,-0.022523880004882812,-0.43253444135189056,-0.07436992860308322,0.0073160529136657715,-0.46644896268844604,-0.10098571217528018,0.045624375343322754,-0.47270047664642334,-0.11442515886297855,0.02707207202911377,-0.26786231994628906,-0.030025698979407878,0.07718193531036377,-0.31991711258888245,-0.09155111647120151,0.048266470432281494,-0.24755343794822693,-0.10221977419129047,0.03183776140213013,-0.23114162683486938,-0.094012661640555,0.07408183813095093,-0.22989481687545776,-0.04214545599094066,0.10665696859359741,-0.24479329586029053,-0.0932974357055727,0.06702256202697754,-0.1804986596107483,-0.08186066782942447,0.052368760108947754,-0.1822454333305359,-0.06091086081138286,0.11680006980895996,-0.18373271822929382,-0.05912594384422931,0.13358169794082642,-0.18233147263526917,-0.08317650741806659,0.09847664833068848,-0.14348042011260986,-0.0717692214893404,0.08304327726364136,-0.14893978834152222,-0.05619611850848827
X,0.0,0.0,0.0,-0.044847309589385986,-0.06349027156829834,-0.03332025775395664,-0.06093043088912964,-0.1609433889389038,-0.05866548636637958,-0.018388688564300537,-0.22901779413223267,-0.0863739609130505,0.033468782901763916,-0.24641209840774536,-0.10938713544689449,-0.02314615249633789,-0.29812130331993103,-0.028311794937479817,-0.01849907636642456,-0.43209347128868103,-0.07931247198663982,0.010914862155914307,-0.46716342866420746,-0.10769331300340923,0.04872041940689087,-0.46970510482788086,-0.12150347822986873,0.02928072214126587,-0.26687896251678467,-0.03468237289868625,0.08042097091674805,-0.3126804232597351,-0.09574710422836574,0.05116868019104004,-0.23990008234977722,-0.10562779599510463,0.03222239017486572,-0.2257450819015503,-0.0978093355306271,0.07686269283294678,-0.2278614044189453,-0.0485999792226437,0.1110268235206604,-0.2423800528049469,-0.10011771911464962,0.07217049598693848,-0.17776906490325928,-0.08687721037946972,0.05471867322921753,-0.1785387098789215,-0.0655893071898106,0.11875402927398682,-0.1801275908946991,-0.06698982262693676,0.13906329870224,-0.18324387073516846,-0.09294190102897915,0.10329753160476685,-0.1411697268486023,-0.07949808830105098,0.08394920825958252,-0.1417807936668396,-0.06216331043921741
X,0.0,0.0,0.0,-0.04810255765914917,-0.07324045896530151,-0.03302927265426092,-0.061499595642089844,-0.1762869954109192,-0.054778124639000225,-0.015494465827941895,-0.2439056634902954,-0.07865425521990232,0.0405542254447937,-0.25378572940826416,-0.0981317865337985,-0.02476412057876587,-0.3052677512168884,-0.01913057776650362,-0.019566595554351807,-0.4388754069805145,-0.06270916337629728,0.009928226470947266,-0.47700484097003937,-0.09092813307901793,0.044946491718292236,-0.4829717427492142,-0.10663882965704374,0.0292665958404541,-0.2726726830005646,-0.024295690902675915,0.0789496898651123,-0.3265244960784912,-0.07999506170412474,0.05528682470321655,-0.2722252607345581,-0.09613395805021696,0.038969993591308594,-0.25009357929229736,-0.09436768616100721,0.07635879516601562,-0.23064804077148438,-0.036416496583427715,0.11184912919998169,-0.25477176904678345,-0.0811669337238925,0.07401531934738159,-0.2057458758354187,-0.07442611033579283,0.055826008319854736,-0.20044690370559692,-0.05900483901163511,0.11714965105056763,-0.17869049310684204,-0.053255225964988995,0.13544011116027832,-0.18636250495910645,-0.07316397453209333,0.10001736879348755,-0.15807616710662842,-0.06273375774284773,0.0809369683265686,-0.15954887866973877,-0.04926702702900343
X,0.0,0.0,0.0,-0.04650723934173584,-0.06748545169830322,-0.0315909039023623,-0.06110739707946777,-0.16673308610916138,-0.055809500420402,-0.01709669828414917,-0.23500287532806396,-0.08277471249730439,0.03427326679229736,-0.25169968605041504,-0.10551032310159059,-0.023290038108825684,-0.30026692152023315,-0.026141884529899073,-0.018016576766967773,-0.43656831979751587,-0.07414610570103974,0.010987341403961182,-0.47343458235263824,-0.10271192228228898,0.046311914920806885,-0.474000483751297,-0.11730974053771348,0.029207348823547363,-0.268759161233902,-0.03327092042000146,0.07668554782867432,-0.3115788996219635,-0.09067664926678987,0.0507848858833313,-0.2450084686279297,-0.10292220746905656,0.03400379419326782,-0.22885063290596008,-0.09849212204844804,0.0773923397064209,-0.22778844833374023,-0.04725951587588639,0.10855823755264282,-0.24750036001205444,-0.09480406230122895,0.0721248984336853,-0.18728864192962646,-0.0825269359889731,0.0561099648475647,-0.1845477819442749,-0.06340360527665467,0.11911576986312866,-0.17804479598999023,-0.06562733536393495,0.13506430387496948,-0.18664103746414185,-0.08793359881074281,0.10174864530563354,-0.14780211448669434,-0.07301327472359986,0.0859786868095398,-0.14635902643203735,-0.05552938094169946
X,0.0,0.0,0.0,-0.04984074831008911,-0.06543970108032227,-0.033321477239837805,-0.06886011362075806,-0.1633625626564026,-0.056458253180494467,-0.0304262638092041,-0.23601114749908447,-0.08144225901912705,0.022193849086761475,-0.26368388533592224,-0.10168267018150345,-0.028265655040740967,-0.3076242506504059,-0.022613193606844106,-0.019621729850769043,-0.43841081857681274,-0.06923202401947037,0.010996341705322266,-0.47711625695228577,-0.097603119676819,0.04580110311508179,-0.48514628410339355,-0.11265838867973343,0.026502251625061035,-0.2769924998283386,-0.0284558755810167,0.07233119010925293,-0.3334001898765564,-0.08467812067817704,0.049206554889678955,-0.26939207315444946,-0.09777153260063187,0.033830344676971436,-0.24872136116027832,-0.0936053467447664,0.0757366418838501,-0.23730748891830444,-0.041546910768261114,0.10588032007217407,-0.2642418146133423,-0.08741395152162568,0.07078850269317627,-0.20445102453231812,-0.07596794492553727,0.05649930238723755,-0.20101302862167358,-0.05751589662384049,0.11862540245056152,-0.18707627058029175,-0.05935196927737252,0.13264542818069458,-0.19497781991958618,-0.08019305742334382,0.1005181074142456,-0.15737104415893555,-0.06663967645715729,0.08674567937850952,-0.15917044878005981,-0.05066654435347573
X,0.0,0.0,0.0,-0.0480460524559021,-0.063057541847229,-0.03367009076007221,-0.06669861078262329,-0.15231060981750488,-0.06123332741387699,-0.03201782703399658,-0.22117936611175537,-0.09094568031557415,0.014963686466217041,-0.25626060366630554,-0.11626524167784069,-0.021562278270721436,-0.30257800221443176,-0.030674232791145783,-0.014534473419189453,-0.43497294187545776,-0.07906901525982235,0.014925360679626465,-0.4748786687850952,-0.10922781067617748,0.04983705282211304,-0.4772830605506897,-0.12513027029760693,0.03070366382598877,-0.2706448435783386,-0.037368115658839685,0.07889777421951294,-0.3127859830856323,-0.09212332653530453,0.054556310176849365,-0.24940884113311768,-0.10523786085375164,0.03718578815460205,-0.23302820324897766,-0.10285670744903896,0.07946109771728516,-0.22739726305007935,-0.050699089343627435,0.11085021495819092,-0.24849480390548706,-0.09505472766884182,0.07499098777770996,-0.1908131241798401,-0.08206970679291103,0.05770665407180786,-0.18756645917892456,-0.06415196197756146,0.12136775255203247,-0.17461323738098145,-0.06862565564640377,0.1385481357574463,-0.1862403154373169,-0.08962526607044552,0.10583901405334473,-0.14744633436203003,-0.07335079895981167,0.0890466570854187,-0.1445145606994629,-0.055416331316312295
X,0.0,0.0,0.0,-0.04975837469100952,-0.06283748149871826,-0.03889799885965317,-0.07226932048797607,-0.15501224994659424,-0.06666848458863228,-0.034777164459228516,-0.22479087114334106,-0.09557035960770577,0.020485401153564453,-0.25424784421920776,-0.11903750546790093,-0.028027892112731934,-0.30643680691719055,-0.029601516430744823,-0.02071744203567505,-0.4408102035522461,-0.08026253082371682,0.01088637113571167,-0.4728902578353882,-0.1098379755816552,0.04662877321243286,-0.47357842326164246,-0.12475027539349526,0.02697288990020752,-0.27539777755737305,-0.03345639654017418,0.07436478137969971,-0.32092177867889404,-0.09247440495110482,0.04830127954483032,-0.2511036992073059,-0.10545079805470436,0.030833542346954346,-0.23466575145721436,-0.10083445556975335,0.07610172033309937,-0.23383939266204834,-0.04522071056581467,0.10852295160293579,-0.2505704164505005,-0.09522020467139214,0.06936061382293701,-0.18720626831054688,-0.08420500554657906,0.05232185125350952,-0.18840277194976807,-0.06513420142746895,0.11872595548629761,-0.18268263339996338,-0.06189408921218842,0.13578826189041138,-0.182533860206604,-0.08622928359127968,0.1007239818572998,-0.14290541410446167,-0.07337402202702492,0.08338087797164917,-0.1475626826286316,-0.05685813002801865
X,0.0,0.0,0.0,-0.05044811964035034,-0.06007063388824463,-0.038416448661475755,-0.07110166549682617,-0.14887785911560059,-0.06675765631475983,-0.03517228364944458,-0.21462929248809814,-0.09613708374777374,0.016166746616363525,-0.24129128456115723,-0.12106827614584503,-0.02036505937576294,-0.30350929498672485,-0.033982582071214296,-0.012807786464691162,-0.43317586183547974,-0.08179613170900879,0.015380620956420898,-0.468674898147583,-0.11139269141235886,0.048906803131103516,-0.47052478790283203,-0.12712361631670532,0.03285092115402222,-0.26806536316871643,-0.038560561516671754,0.08544033765792847,-0.3106277287006378,-0.09592012284079132,0.05953902006149292,-0.25095027685165405,-0.11176191983500061,0.0391085147857666,-0.23385357856750488,-0.11004408417025147,0.08014684915542603,-0.22100400924682617,-0.049926105567603685,0.11394810676574707,-0.23327243328094482,-0.09807509151974259,0.07619518041610718,-0.17762446403503418,-0.09037528155127106,0.05720400810241699,-0.1762656569480896,-0.07413143632689057,0.12090820074081421,-0.16558599472045898,-0.06587374178448258,0.14061075448989868,-0.17076325416564941,-0.08964417097845612,0.10810822248458862,-0.13432574272155762,-0.07717242805042801,0.09047383069992065,-0.13393443822860718,-0.06110989643016396
X,0.0,0.0,0.0,-0.04994988441467285,-0.061109066009521484,-0.03984481653348837,-0.07267218828201294,-0.15150994062423706,-0.06837298905627165,-0.0371207594871521,-0.2195003628730774,-0.09732952153460417,0.013703346252441406,-0.25450122356414795,-0.12098362481371794,-0.02320420742034912,-0.3084390163421631,-0.03397590479032431,-0.017659902572631836,-0.4370505213737488,-0.0850643012501422,0.013305306434631348,-0.46771296858787537,-0.1143315974451724,0.04861563444137573,-0.4672721028327942,-0.12891769593731794,0.03164094686508179,-0.2757716774940491,-0.03746595418230925,0.07905459403991699,-0.3186902403831482,-0.09611223822609816,0.049417078495025635,-0.24619519710540771,-0.10769870316759977,0.03006458282470703,-0.22811299562454224,-0.10174683666006956,0.07963711023330688,-0.23050081729888916,-0.04876164531485472,0.11023664474487305,-0.24110710620880127,-0.09916573202387724,0.06856942176818848,-0.17680221796035767,-0.08826259708182249,0.05175948143005371,-0.1796855926513672,-0.06904652899281416,0.12068760395050049,-0.17567580938339233,-0.06476489639059935,0.13690072298049927,-0.17257308959960938,-0.09047712570206556,0.09986764192581177,-0.13146311044692993,-0.07804230040089521,0.081898033618927,-0.13767892122268677,-0.06149434482829008
X,0.0,0.0,0.0,-0.0511317253112793,-0.05880439281463623,-0.035937971190662665,-0.07263511419296265,-0.1496930718421936,-0.06255738319561033,-0.03708869218826294,-0.21808630228042603,-0.09078686566755323,0.014461636543273926,-0.24255520105361938,-0.11444035054847745,-0.021379590034484863,-0.30311131477355957,-0.031257348821611686,-0.015012383460998535,-0.43242543935775757,-0.08096200855180768,0.012835085391998291,-0.466213196516037,-0.11064429463550596,0.04621434211730957,-0.46553659439086914,-0.12557496757909803,0.031319260597229004,-0.2674848437309265,-0.03697897376224546,0.08113503456115723,-0.308738648891449,-0.09466663630411176,0.051634132862091064,-0.2442493438720703,-0.10817648352787046,0.03149282932281494,-0.22848939895629883,-0.10425498218938856,0.07830780744552612,-0.22068309783935547,-0.04980749891802816,0.11059194803237915,-0.23429137468338013,-0.09964714081689863,0.06958317756652832,-0.17301303148269653,-0.09004085393354444,0.05238550901412964,-0.17177093029022217,-0.07181643577024488,0.11916458606719971,-0.1651780605316162,-0.06696827592060117,0.13968873023986816,-0.17018938064575195,-0.0923154640357211,0.10367119312286377,-0.12998199462890625,-0.07926835747167615,0.08599585294723511,-0.12919801473617554,-0.06221383319899587
X,0.0,0.0,0.0,-0.04510343074798584,-0.05544745922088623,-0.04240954826860843,-0.06849116086959839,-0.1408010721206665,-0.07626904334216533,-0.03280007839202881,-0.20843499898910522,-0.11036567176967083,0.01852959394454956,-0.24410372972488403,-0.13808548982530056,-0.01703059673309326,-0.31018370389938354,-0.04166635285406528,-0.012687742710113525,-0.4339626729488373,-0.10100859935670314,0.017610788345336914,-0.46076834201812744,-0.13442670340924678,0.0559733510017395,-0.45123291015625,-0.1504461818495315,0.0397108793258667,-0.28016263246536255,-0.0448939033904594,0.08929330110549927,-0.30224093794822693,-0.1083304935255569,0.052428603172302246,-0.22241538763046265,-0.11815380837111888,0.03208470344543457,-0.2131330370903015,-0.11075805659680782,0.08858442306518555,-0.23421120643615723,-0.056675517664245945,0.12211281061172485,-0.2275688648223877,-0.11123775477796016,0.07431280612945557,-0.1622067093849182,-0.09747380550294338,0.056169331073760986,-0.17078644037246704,-0.07631093795686184,0.12997525930404663,-0.17891943454742432,-0.07360936488299785,0.14881110191345215,-0.1608244776725769,-0.10363148684888301,0.10685306787490845,-0.11996454000473022,-0.09167691107182918,0.0862281322479248,-0.13008379936218262,-0.0745688581028503
X,0.0,0.0,0.0,-0.04801297187805176,-0.05302232503890991,-0.04461346066260319,-0.06955677270889282,-0.1370455026626587,-0.0772890361275671,-0.03491932153701782,-0.19923138618469238,-0.10982014856004696,0.01610642671585083,-0.22991734743118286,-0.13693120202684383,-0.019484877586364746,-0.3020660877227783,-0.04302644974255543,-0.012140452861785889,-0.4263381361961365,-0.09760009369516354,0.015584170818328857,-0.45103660225868225,-0.1300902875390051,0.05195891857147217,-0.447060227394104,-0.14719096443319302,0.03734159469604492,-0.26834583282470703,-0.04618569335603695,0.08873134851455688,-0.29298627376556396,-0.1100457893934248,0.05577343702316284,-0.22549110651016235,-0.1256172271695135,0.03495508432388306,-0.21219122409820557,-0.12284481397533398,0.08571130037307739,-0.21877825260162354,-0.057122333559036065,0.12008994817733765,-0.21747273206710815,-0.11313518008851986,0.07556813955307007,-0.15876078605651855,-0.1049590321507452,0.05530965328216553,-0.16230547428131104,-0.08695594838523846,0.12597161531448364,-0.16043305397033691,-0.07295731327199917,0.1497809886932373,-0.15586411952972412,-0.1044426622118948,0.10990244150161743,-0.11820828914642334,-0.0941347467031477,0.08654743432998657,-0.12195175886154175,-0.07820097229146938
X,0.0,0.0,0.0,-0.04768025875091553,-0.04979580640792847,-0.04366831102782953,-0.07446837425231934,-0.13260233402252197,-0.07743563869411219,-0.044367074966430664,-0.1997407078742981,-0.1109436638038801,0.005631625652313232,-0.23946988582611084,-0.13809769221956003,-0.01951885223388672,-0.30776917934417725,-0.0430054775756048,-0.012800335884094238,-0.43097183108329773,-0.10160580643827188,0.014768481254577637,-0.4527716040611267,-0.1354536301773237,0.05096757411956787,-0.4421028196811676,-0.15272787579709757,0.03880512714385986,-0.27947503328323364,-0.046097356764619235,0.0819503664970398,-0.29889529943466187,-0.1104355193060087,0.047718167304992676,-0.22301369905471802,-0.12282837548667658,0.032483041286468506,-0.20921260118484497,-0.11782592156345117,0.0891905426979065,-0.23106735944747925,-0.057747654555385,0.1140146255493164,-0.2194749116897583,-0.11266336956435907,0.06872862577438354,-0.15715676546096802,-0.10077102103645075,0.05495810508728027,-0.16555166244506836,-0.08123416074926126,0.13266533613204956,-0.1721828579902649,-0.07467320927793253,0.14625638723373413,-0.15553712844848633,-0.10536335030013788,0.103274405002594,-0.11642295122146606,-0.09492221095973719,0.08296585083007812,-0.1269216537475586,-0.0793129167836355
X,0.0,0.0,0.0,-0.04943287372589111,-0.05438965559005737,-0.04439699775092265,-0.07381218671798706,-0.13865917921066284,-0.07726758098714015,-0.0399128794670105,-0.2022344470024109,-0.10988137251250407,0.012626707553863525,-0.23718690872192383,-0.13719643777720592,-0.02024388313293457,-0.30050504207611084,-0.04399776956550738,-0.013959527015686035,-0.4231191575527191,-0.09945386773459575,0.013913750648498535,-0.4466129243373871,-0.1323865664612498,0.05049550533294678,-0.4447842836380005,-0.14987640208117625,0.037230849266052246,-0.26932740211486816,-0.04726426801197192,0.08572828769683838,-0.295851469039917,-0.11161914593093059,0.052545011043548584,-0.22469133138656616,-0.12665610140673778,0.03309911489486694,-0.20873874425888062,-0.12322404360882899,0.08572018146514893,-0.22121989727020264,-0.05834202966205737,0.11711204051971436,-0.21787065267562866,-0.1147069720041003,0.07156699895858765,-0.15611273050308228,-0.10594344264380595,0.05246925354003906,-0.15963435173034668,-0.08738811439387462,0.12669754028320312,-0.16343766450881958,-0.07432039952389857,0.14743971824645996,-0.15535670518875122,-0.10599072402827403,0.10571885108947754,-0.11626631021499634,-0.09572927034012935,0.08203911781311035,-0.12121725082397461,-0.07982144630067012
X,0.0,0.0,0.0,-0.05710881948471069,-0.056256651878356934,-0.03784032127103387,-0.08661770820617676,-0.15100574493408203,-0.06436733862599908,-0.04879492521286011,-0.21845585107803345,-0.09143787583550989,0.013899564743041992,-0.23778200149536133,-0.11299364229878961,-0.03447413444519043,-0.30338621139526367,-0.033410228399844755,-0.027608036994934082,-0.43508198857307434,-0.08655906429729043,-0.0006271004676818848,-0.4562393128871918,-0.11802488526544153,0.03394407033920288,-0.4527084231376648,-0.1353017683907467,0.02351677417755127,-0.27526533603668213,-0.03847964069089471,0.06536197662353516,-0.3120380640029907,-0.10300151219806253,0.037250638008117676,-0.24052131175994873,-0.11800619920930444,0.0236055850982666,-0.21921151876449585,-0.11414910814008294,0.07298678159713745,-0.22881615161895752,-0.0513764876707512,0.09555447101593018,-0.22549283504486084,-0.10645870080432474,0.05289614200592041,-0.1619982123374939,-0.09797443410596429,0.04002267122268677,-0.16529273986816406,-0.07942617645701944,0.11627829074859619,-0.17007189989089966,-0.068908840028854,0.12615633010864258,-0.15985941886901855,-0.09835221579513131,0.08463549613952637,-0.11842089891433716,-0.08891173413238107,0.0653417706489563,-0.12561798095703125,-0.07423979005059778
X,0.0,0.0,0.0,-0.0568699836730957,-0.055973052978515625,-0.038220893442925785,-0.08578574657440186,-0.1511242389678955,-0.06407260507374701,-0.04759186506271362,-0.21797245740890503,-0.09075907230406699,0.014843285083770752,-0.2360910177230835,-0.11252333581477103,-0.03291594982147217,-0.3033515214920044,-0.0348975954952806,-0.025543630123138428,-0.4324738383293152,-0.08424785345822272,0.0013667941093444824,-0.4544939696788788,-0.1139860859516233,0.03479212522506714,-0.45206135511398315,-0.13075689584046302,0.02385711669921875,-0.2753763198852539,-0.039061847925481175,0.06063055992126465,-0.30562734603881836,-0.0986209473016828,0.03218972682952881,-0.23885321617126465,-0.11315644890099463,0.01830524206161499,-0.21856927871704102,-0.11089368522196708,0.07214850187301636,-0.22941941022872925,-0.05048584178119597,0.09635359048843384,-0.22574687004089355,-0.10126112014084754,0.052293479442596436,-0.1650945544242859,-0.09410117179184851,0.035583317279815674,-0.16646146774291992,-0.0780586412551969,0.11539661884307861,-0.17271214723587036,-0.06672236681013999,0.12994319200515747,-0.16270405054092407,-0.09473985046177802,0.08881145715713501,-0.12401461601257324,-0.08673493921786246,0.06772351264953613,-0.12803947925567627,-0.07359230130940375
X,0.0,0.0,0.0,-0.06026667356491089,-0.0558241605758667,-0.029414009079204106,-0.09213417768478394,-0.16073691844940186,-0.049494961053,-0.04687625169754028,-0.22708845138549805,-0.0722550132869344,0.017298638820648193,-0.22958612442016602,-0.09133045911775639,-0.03560149669647217,-0.30345869064331055,-0.02592259436832478,-0.03493434190750122,-0.4363044500350952,-0.0707112157343488,-0.0112227201461792,-0.4575155973434448,-0.09932406038032582,0.01790487766265869,-0.4448155164718628,-0.11572155147777607,0.020728647708892822,-0.2803118824958801,-0.03286728799329808,0.04706466197967529,-0.30426305532455444,-0.08685473144041111,0.026524901390075684,-0.2402280569076538,-0.10148751527057698,0.01800405979156494,-0.21969503164291382,-0.10113540828214695,0.06946772336959839,-0.23732101917266846,-0.04612353607998898,0.08590120077133179,-0.23494380712509155,-0.09037773102508595,0.04750239849090576,-0.17555153369903564,-0.08299675375209858,0.032927870750427246,-0.1727733612060547,-0.06899996638284733,0.1124829649925232,-0.1812424659729004,-0.06378863543258717,0.11818528175354004,-0.17240363359451294,-0.08736932814107945,0.07856959104537964,-0.13334369659423828,-0.07859643340097477,0.05872833728790283,-0.1367102861404419,-0.06617527991519978
X,0.0,0.0,0.0,-0.058702707290649414,-0.059878408908843994,-0.029371436386199434,-0.08833998441696167,-0.16341596841812134,-0.049355728252621134,-0.04547363519668579,-0.22684592008590698,-0.07190922804066702,0.017834246158599854,-0.22978055477142334,-0.09047927863785787,-0.03427624702453613,-0.30513352155685425,-0.0267296896118836,-0.03287297487258911,-0.4380423128604889,-0.07076643563696905,-0.008547365665435791,-0.4587022066116333,-0.0999934241909699,0.02051311731338501,-0.44641152024269104,-0.1163312435884194,0.02163219451904297,-0.27782636880874634,-0.0333149523277001,0.0529024600982666,-0.3061695694923401,-0.0852512658376412,0.03734123706817627,-0.2514684796333313,-0.1020424605149941,0.030364036560058594,-0.231469988822937,-0.10354464657494589,0.07017546892166138,-0.2326335310935974,-0.04571327350923582,0.08971482515335083,-0.22841888666152954,-0.08673078723141714,0.053843021392822266,-0.17634958028793335,-0.08138875819632574,0.038033485412597656,-0.1732378602027893,-0.06903880990931555,0.11360251903533936,-0.17678791284561157,-0.06258205480763479,0.12527120113372803,-0.1718214750289917,-0.08229628361651464,0.08878427743911743,-0.1368589997291565,-0.07224045105168386,0.06859642267227173,-0.13655084371566772,-0.05923124931642576
X,0.0,0.0,0.0,-0.061750710010528564,-0.05900818109512329,-0.030926682690349594,-0.09255623817443848,-0.16741377115249634,-0.04942411992904283,-0.048554837703704834,-0.23214691877365112,-0.0701715617274914,0.01611471176147461,-0.22935163974761963,-0.087300155947176,-0.03559654951095581,-0.303979754447937,-0.025340395683613792,-0.03987938165664673,-0.43630486726760864,-0.06747988302466013,-0.019909203052520752,-0.456650972366333,-0.09446068544146158,0.007662057876586914,-0.44169795513153076,-0.10926776815411188,0.019894957542419434,-0.2842874526977539,-0.030241009483304993,0.054654717445373535,-0.30227530002593994,-0.08496372092720605,0.04658341407775879,-0.24088233709335327,-0.10203680087086298,0.043687522411346436,-0.21468329429626465,-0.10176577110048868,0.06785273551940918,-0.2458134889602661,-0.04117592860218622,0.09240424633026123,-0.22828412055969238,-0.08431809086557962,0.06681549549102783,-0.17307066917419434,-0.08157535333391763,0.05568802356719971,-0.1662089228630066,-0.06961720872875787,0.11039042472839355,-0.19439756870269775,-0.05677084315773584,0.12503403425216675,-0.1746443510055542,-0.07831350404974557,0.0922423005104065,-0.1355476975440979,-0.07196764338966943,0.07269060611724854,-0.13565683364868164,-0.06100656528231241
X,0.0,0.0,0.0,-0.06308168172836304,-0.05701327323913574,-0.032144563993853126,-0.09371072053909302,-0.16373211145401,-0.05261169632379392,-0.05040508508682251,-0.22489017248153687,-0.07517746349279264,0.011807501316070557,-0.2245619297027588,-0.09345919897262434,-0.03885310888290405,-0.30618196725845337,-0.02774934170250276,-0.04280775785446167,-0.4367384910583496,-0.07571104427282194,-0.019397377967834473,-0.45520150661468506,-0.1068787749618707,0.010102987289428711,-0.43600672483444214,-0.12315173705522398,0.018230199813842773,-0.2841868996620178,-0.03284582754079679,0.05300569534301758,-0.29625988006591797,-0.09000127275888303,0.03820079565048218,-0.23490756750106812,-0.1080067332596002,0.02884751558303833,-0.21478420495986938,-0.10816736777726987,0.06672555208206177,-0.24288314580917358,-0.04445430894796232,0.08957332372665405,-0.22091710567474365,-0.08959894885722974,0.06011033058166504,-0.16660618782043457,-0.0857153337210832,0.046079397201538086,-0.16675740480422974,-0.0725479524344621,0.10996240377426147,-0.1914130449295044,-0.06088290994469503,0.12448471784591675,-0.16700482368469238,-0.08366415908042768,0.09163033962249756,-0.12976467609405518,-0.07599337657396177,0.07183319330215454,-0.1345311403274536,-0.06331544627849439
X,0.0,0.0,0.0,-0.06910985708236694,-0.052960216999053955,-0.031376178255129616,-0.10689866542816162,-0.16413676738739014,-0.0494942058527954,-0.06144416332244873,-0.23007899522781372,-0.06919737800006942,0.005441486835479736,-0.2225438356399536,-0.08474907918815688,-0.04764354228973389,-0.3081485629081726,-0.028671962087798875,-0.05461430549621582,-0.4356582462787628,-0.07606207474117355,-0.03844249248504639,-0.4593186378479004,-0.10342062904481963,-0.01494985818862915,-0.44804370403289795,-0.11756491555814819,0.012677907943725586,-0.2923862934112549,-0.033734365245152276,0.041981637477874756,-0.2959848642349243,-0.09607477380876617,0.02037227153778076,-0.2154107689857483,-0.11007049574499206,0.008120536804199219,-0.19031959772109985,-0.10483507706766204,0.06366926431655884,-0.2543242573738098,-0.04551146819238738,0.0838436484336853,-0.22480684518814087,-0.09758915646915511,0.05190908908843994,-0.15969812870025635,-0.0924181555116661,0.03921711444854736,-0.160261869430542,-0.07622098072414474,0.11013197898864746,-0.2032645344734192,-0.061546708335924905,0.11986184120178223,-0.1696048378944397,-0.0906173874342926,0.08481889963150024,-0.12350142002105713,-0.08554822101240234,0.06616127490997314,-0.12927764654159546,-0.07358277483825759
X,0.0,0.0,0.0,-0.0657244324684143,-0.0542525053024292,-0.0304627442533274,-0.10296165943145752,-0.16229867935180664,-0.04922779144590095,-0.06382066011428833,-0.22764915227890015,-0.07018539177124694,-0.002745687961578369,-0.22588104009628296,-0.08721542971079543,-0.04469972848892212,-0.3083952069282532,-0.02466253803913787,-0.05423617362976074,-0.43014323711395264,-0.07146042452995971,-0.035986900329589844,-0.45560401678085327,-0.10088389234488204,-0.011092960834503174,-0.44397294521331787,-0.11598275469486907,0.014681577682495117,-0.2890198826789856,-0.030664543228795083,0.04883366823196411,-0.30170226097106934,-0.09002146737520889,0.030251681804656982,-0.2277601957321167,-0.1061296151751776,0.016795039176940918,-0.20181018114089966,-0.1029199423069258,0.06495136022567749,-0.2501593828201294,-0.04327158497517303,0.08955860137939453,-0.2288116216659546,-0.09211273359005645,0.05906790494918823,-0.1667996048927307,-0.08801701532547668,0.043524324893951416,-0.16373759508132935,-0.07292247431223586,0.1096155047416687,-0.20015299320220947,-0.060177313702752144,0.1267474889755249,-0.17638766765594482,-0.0855709524626036,0.09264463186264038,-0.13252180814743042,-0.07823228703682616,0.0703890323638916,-0.1332949995994568,-0.06494634466116622
X,0.0,0.0,0.0,-0.07104676961898804,-0.051545023918151855,-0.029885505085360364,-0.11180025339126587,-0.1649181842803955,-0.047907662337195234,-0.0662226676940918,-0.22979754209518433,-0.06784220481432612,-0.0005676746368408203,-0.21508324146270752,-0.08410226995266612,-0.05703824758529663,-0.3116629719734192,-0.02614354783810313,-0.06811398267745972,-0.4343954920768738,-0.07139238411701854,-0.05402374267578125,-0.4638577997684479,-0.0977744504264706,-0.03253054618835449,-0.4532633423805237,-0.11122285271204646,0.002711653709411621,-0.2949577569961548,-0.03227743575490649,0.024681448936462402,-0.301092267036438,-0.09431858057297404,0.008861660957336426,-0.21664875745773315,-0.10827254945553477,-0.0007891058921813965,-0.18387222290039062,-0.10242356801546748,0.05439037084579468,-0.2556910514831543,-0.044942588304650144,0.07141566276550293,-0.24047595262527466,-0.09762301737583812,0.04652935266494751,-0.17051327228546143,-0.09224512124575313,0.03654986619949341,-0.16054654121398926,-0.07515013659514125,0.1009063720703125,-0.20309925079345703,-0.06143930995978053,0.11133986711502075,-0.18686425685882568,-0.0919555022767895,0.08165466785430908,-0.13749253749847412,-0.08599532837189372,0.06612175703048706,-0.13375890254974365,-0.0727575241974705
X,0.0,0.0,0.0,-0.06796073913574219,-0.05217182636260986,-0.03063989091174335,-0.10884374380111694,-0.16145724058151245,-0.049478210839197345,-0.0707559585571289,-0.2266860008239746,-0.0704109523023817,-0.008762717247009277,-0.2174156904220581,-0.08770245346681804,-0.05281704664230347,-0.30987316370010376,-0.028713161456153102,-0.06638598442077637,-0.4342319369316101,-0.07440308514492244,-0.050439417362213135,-0.4599613547325134,-0.10285673323528499,-0.027614474296569824,-0.44563978910446167,-0.11692887577669353,0.005331158638000488,-0.290722131729126,-0.03402807224051685,0.032290875911712646,-0.2953336834907532,-0.09291826966659755,0.020982563495635986,-0.22546160221099854,-0.11026608976976604,0.010236620903015137,-0.1987578272819519,-0.10799572649852962,0.05546373128890991,-0.24951136112213135,-0.04531094464914531,0.07615083456039429,-0.22497141361236572,-0.09393460336582393,0.05543553829193115,-0.16542762517929077,-0.09302056613819332,0.043682992458343506,-0.15930938720703125,-0.07956026527540416,0.09952592849731445,-0.19829529523849487,-0.060619235369131275,0.11734461784362793,-0.17716026306152344,-0.08614383670942516,0.08990234136581421,-0.13495713472366333,-0.08050224963085384,0.0705491304397583,-0.13026589155197144,-0.06788206878559322
X,0.0,0.0,0.0,-0.07149946689605713,-0.047854483127593994,-0.031404320523535034,-0.11590278148651123,-0.16014587879180908,-0.04958362542132022,-0.07815331220626831,-0.23076152801513672,-0.06963516064027431,-0.01355654001235962,-0.21813619136810303,-0.08661071993449809,-0.06157618761062622,-0.3088107109069824,-0.029259823635612747,-0.07339173555374146,-0.43513986468315125,-0.07035514004567744,-0.05890995264053345,-0.46451041102409363,-0.09556431360581996,-0.037006258964538574,-0.4535427689552307,-0.10910463370422008,-0.00325167179107666,-0.2984309196472168,-0.03381322734097125,0.02205115556716919,-0.28981953859329224,-0.09202095158437373,0.017758429050445557,-0.2121795415878296,-0.10858834572175624,0.012910306453704834,-0.1758190393447876,-0.10611812062600734,0.047686636447906494,-0.2627109885215759,-0.04396720267871501,0.06715947389602661,-0.22824573516845703,-0.09187464453319194,0.05332130193710327,-0.16427385807037354,-0.090640224889313,0.04681956768035889,-0.1513116955757141,-0.07793325223067882,0.09397661685943604,-0.21270108222961426,-0.058298711106573364,0.10626000165939331,-0.18167328834533691,-0.08380058445075633,0.08138716220855713,-0.1339043378829956,-0.07891973145345332,0.06578558683395386,-0.1274646520614624,-0.06760296262839915
X,0.0,0.0,0.0,-0.07027757167816162,-0.05106484889984131,-0.02951081731373506,-0.11644983291625977,-0.16218650341033936,-0.046515221530739836,-0.08452659845352173,-0.23315274715423584,-0.06584977247769075,-0.023016750812530518,-0.22005492448806763,-0.08242624142224031,-0.06027984619140625,-0.3106217384338379,-0.023559923106972747,-0.07378506660461426,-0.42847228050231934,-0.06269818433577257,-0.0616607666015625,-0.4594062566757202,-0.08835118153149324,-0.04259151220321655,-0.4563417434692383,-0.10233846195990282,-0.0030606985092163086,-0.29496628046035767,-0.029081986108963065,0.018154025077819824,-0.3045904040336609,-0.08518772461468416,0.014371752738952637,-0.2360115647315979,-0.10371394344622331,0.009397625923156738,-0.19857394695281982,-0.1025654438977881,0.04646456241607666,-0.25753337144851685,-0.040014765048567824,0.06528401374816895,-0.23797821998596191,-0.08709031232649522,0.05123227834701538,-0.17655903100967407,-0.08883533515984254,0.04211956262588501,-0.1562383770942688,-0.07697487511688905,0.09027421474456787,-0.20769596099853516,-0.05482115485722261,0.10819941759109497,-0.19158262014389038,-0.07898482569510179,0.08427762985229492,-0.14801442623138428,-0.07487428077513414,0.0656622052192688,-0.13348424434661865,-0.06384380050951677
X,0.0,0.0,0.0,-0.07158702611923218,-0.042714834213256836,-0.031154307544596804,-0.12082356214523315,-0.15213847160339355,-0.04990921822226824,-0.08715522289276123,-0.2249951958656311,-0.07046849188245119,-0.0210382342338562,-0.20992642641067505,-0.08827093151248278,-0.06831705570220947,-0.30459240078926086,-0.028544005945690287,-0.08227372169494629,-0.4323064088821411,-0.06591761764920534,-0.06927919387817383,-0.46798738837242126,-0.08833708521760286,-0.04862558841705322,-0.45983564853668213,-0.10048472788966478,-0.008630752563476562,-0.29157114028930664,-0.03379645851291002,0.013635814189910889,-0.2981860637664795,-0.09014862683451952,0.01064974069595337,-0.22378003597259521,-0.10665176716483415,0.004796087741851807,-0.1833808422088623,-0.10383295920527758,0.04378247261047363,-0.253731906414032,-0.044226895094283236,0.06090700626373291,-0.23992770910263062,-0.09239128884709658,0.05027347803115845,-0.17658847570419312,-0.09216237720883669,0.04387873411178589,-0.1571386456489563,-0.07926031109727205,0.09055352210998535,-0.20170146226882935,-0.05836641323602976,0.10441547632217407,-0.19158071279525757,-0.0868106326166469,0.08526283502578735,-0.14610284566879272,-0.08269587066806139,0.07217627763748169,-0.13203692436218262,-0.07100022491849245
X,0.0,0.0,0.0,-0.06718695163726807,-0.0511508584022522,-0.026936029161021224,-0.1140587329864502,-0.15780305862426758,-0.04397782970468711,-0.08592873811721802,-0.22794729471206665,-0.06367153961460303,-0.026336193084716797,-0.2197951078414917,-0.08122719366352271,-0.05944418907165527,-0.3070184588432312,-0.024016392494246475,-0.07320761680603027,-0.42462819814682007,-0.05957970682780456,-0.06366437673568726,-0.4623866081237793,-0.08315106768409919,-0.04809147119522095,-0.46504852175712585,-0.09650690395633887,-0.0005897283554077148,-0.28619372844696045,-0.03139640677969169,0.01964128017425537,-0.31524646282196045,-0.08331900377075385,0.014706909656524658,-0.2579340934753418,-0.10098262418310355,0.006876587867736816,-0.22045642137527466,-0.1003464861611576,0.05049318075180054,-0.24516093730926514,-0.04338547874490928,0.06644922494888306,-0.24235951900482178,-0.08726972628633689,0.051735877990722656,-0.18608629703521729,-0.08805923450987052,0.03943073749542236,-0.161415696144104,-0.07635826159517478,0.09381592273712158,-0.19072002172470093,-0.05883417938153457,0.11195659637451172,-0.19038987159729004,-0.08175246704618644,0.09223771095275879,-0.15249931812286377,-0.07584730077783775,0.0753716230392456,-0.13534432649612427,-0.06390101749698829
X,0.0,0.0,0.0,-0.072162926197052,-0.04218626022338867,-0.030100161803659375,-0.12305229902267456,-0.1556025743484497,-0.04658987991302865,-0.09074661135673523,-0.23291409015655518,-0.06431142486422914,-0.024391591548919678,-0.21454459428787231,-0.0791927004584636,-0.07126349210739136,-0.3063872754573822,-0.024757138116058286,-0.08175915479660034,-0.42398715019226074,-0.05978338293522256,-0.07557198405265808,-0.46395838260650635,-0.08080807573884385,-0.06041806936264038,-0.47258442640304565,-0.0940276632437076,-0.010083615779876709,-0.29375651478767395,-0.030281402764614995,0.01084524393081665,-0.30650708079338074,-0.08281227446883577,-0.005664467811584473,-0.22539561986923218,-0.09434046841948884,-0.017225801944732666,-0.1891179084777832,-0.08967546619265931,0.043354928493499756,-0.2555237412452698,-0.04129159323662179,0.05757814645767212,-0.2507723569869995,-0.08794027067511934,0.03155314922332764,-0.17916184663772583,-0.08218481637328523,0.019025444984436035,-0.16167783737182617,-0.06678082294553178,0.09092479944229126,-0.20321810245513916,-0.05605055637448686,0.10264021158218384,-0.19924473762512207,-0.08521642781585115,0.07586151361465454,-0.1495763659477234,-0.07961185522168535,0.06072890758514404,-0.13634330034255981,-0.06782965607732194
X,0.0,0.0,0.0,-0.07266658544540405,-0.04364287853240967,-0.029363373210316013,-0.12239718437194824,-0.15550613403320312,-0.045616373335604976,-0.09195443987846375,-0.23148834705352783,-0.06377458563972027,-0.02958458662033081,-0.21735382080078125,-0.07975735506940396,-0.06713497638702393,-0.30652618408203125,-0.023108616387133907,-0.07711124420166016,-0.4203116297721863,-0.05750614023733647,-0.06977981328964233,-0.46241724491119385,-0.07977606347728283,-0.05601000785827637,-0.4749410152435303,-0.09381635478663952,-0.0065781474113464355,-0.2878221571445465,-0.02939312524128468,0.014502525329589844,-0.3093702793121338,-0.08272709689069302,-0.0035139918327331543,-0.23731565475463867,-0.09724490336108715,-0.01863992214202881,-0.19776523113250732,-0.0938711463563493,0.04534423351287842,-0.24630719423294067,-0.040882252072577785,0.05914574861526489,-0.2426801323890686,-0.08611752829480679,0.03454101085662842,-0.17922157049179077,-0.08348964891362698,0.02047872543334961,-0.15892809629440308,-0.0696683003656915,0.09051483869552612,-0.19078361988067627,-0.05612376323867352,0.10190701484680176,-0.18655359745025635,-0.08197816452909024,0.07580429315567017,-0.1436779499053955,-0.07673534742522747,0.059113264083862305,-0.1291792392730713,-0.06526610246825726
X,0.0,0.0,0.0,-0.06274339556694031,-0.04271179437637329,-0.025705136762724123,-0.10984531044960022,-0.1393146514892578,-0.04155232611464044,-0.09168708324432373,-0.2175668478012085,-0.059170758755669794,-0.04173862934112549,-0.23441314697265625,-0.07347592565582772,-0.06291159987449646,-0.303323358297348,-0.022468792678580485,-0.07325568795204163,-0.4165600538253784,-0.05954968038366815,-0.06716412305831909,-0.460532009601593,-0.08350219431684991,-0.05398368835449219,-0.46952882409095764,-0.09785841259525796,-0.0018271207809448242,-0.283730685710907,-0.030652497367725573,0.025035500526428223,-0.31646206974983215,-0.08137173059748193,0.001309037208557129,-0.2422407865524292,-0.09494938555525323,-0.01736551523208618,-0.20534241199493408,-0.092924138935075,0.05210554599761963,-0.24222731590270996,-0.04394904378222009,0.0692409873008728,-0.2555815577507019,-0.09057992550896188,0.03734403848648071,-0.18586760759353638,-0.08401607576178094,0.021849453449249268,-0.16608792543411255,-0.06884346011446496,0.09999579191207886,-0.18758267164230347,-0.060112687231764994,0.11448132991790771,-0.200367271900177,-0.0893317967967846,0.084034264087677,-0.15256845951080322,-0.08086030784414788,0.06715524196624756,-0.136624276638031,-0.06717576685713311
X,0.0,0.0,0.0,-0.0654192566871643,-0.04341679811477661,-0.028466711772466624,-0.11165088415145874,-0.14242023229599,-0.045986267758394206,-0.08812981843948364,-0.2221081256866455,-0.06488939283588024,-0.03121405839920044,-0.23059087991714478,-0.08050088493325802,-0.06499895453453064,-0.29820317029953003,-0.024847132174159015,-0.07363200187683105,-0.41199254989624023,-0.0630884757468948,-0.06821319460868835,-0.4588509202003479,-0.08658042458989712,-0.05595040321350098,-0.47687020897865295,-0.10113655684688183,-0.003663301467895508,-0.2816547155380249,-0.0322686350176582,0.018140137195587158,-0.3105940818786621,-0.08522276489236447,-0.005547702312469482,-0.23383861780166626,-0.09608700780370327,-0.021349966526031494,-0.20101255178451538,-0.09152621684768292,0.050354063510894775,-0.24243628978729248,-0.045401084257150615,0.0652737021446228,-0.2535553574562073,-0.09364411143758389,0.0325658917427063,-0.18369436264038086,-0.08552310524680706,0.01852869987487793,-0.1690049171447754,-0.06904091594913098,0.09877169132232666,-0.19007301330566406,-0.061982079429412806,0.11191606521606445,-0.19680380821228027,-0.09318356124856564,0.07852447032928467,-0.14757126569747925,-0.08577919660308453,0.060155510902404785,-0.1349337100982666,-0.07270867286422344
X,0.0,0.0,0.0,-0.061005473136901855,-0.043011248111724854,-0.029966987757788388,-0.10521450638771057,-0.13644099235534668,-0.04992312388013431,-0.08920806646347046,-0.21239608526229858,-0.07102200956533977,-0.04082798957824707,-0.23764848709106445,-0.08831972451399395,-0.05774402618408203,-0.2957971692085266,-0.02849623010943958,-0.06843924522399902,-0.40904951095581055,-0.07109299124668667,-0.06444394588470459,-0.4540286064147949,-0.0969936159391267,-0.048824846744537354,-0.4751884639263153,-0.11240272791575023,0.0033283233642578125,-0.27640843391418457,-0.036001509143815724,0.02921682596206665,-0.3090476095676422,-0.08885432602356502,0.0005368590354919434,-0.22959774732589722,-0.09907622457932064,-0.012431979179382324,-0.205236554145813,-0.09481487245749065,0.05716198682785034,-0.2343120276927948,-0.04955825777243206,0.0745278000831604,-0.24400147795677185,-0.09788678409050533,0.03637683391571045,-0.17050862312316895,-0.08585212947319576,0.025167346000671387,-0.16237133741378784,-0.06720072598646709,0.10468113422393799,-0.1791386604309082,-0.06668259771059581,0.11711227893829346,-0.18700087070465088,-0.09472831161211559,0.08130204677581787,-0.13606101274490356,-0.0819697585840089,0.06628495454788208,-0.1272118091583252,-0.0657106769223077
X,0.0,0.0,0.0,-0.06138801574707031,-0.043341994285583496,-0.03154748056144285,-0.10630464553833008,-0.1354631781578064,-0.05335292715639639,-0.08506828546524048,-0.21402645111083984,-0.07603240508646536,-0.03192955255508423,-0.23673084378242493,-0.09461608279556799,-0.06061208248138428,-0.2945753335952759,-0.030445189513869764,-0.0705723762512207,-0.41007912158966064,-0.07454144705147314,-0.06415125727653503,-0.4576210379600525,-0.1009756003698783,-0.04939335584640503,-0.4759984016418457,-0.11637206126064825,0.00220334529876709,-0.2751690447330475,-0.037517194934793,0.027667224407196045,-0.3090032935142517,-0.0922165711602645,0.0008792281150817871,-0.22942447662353516,-0.10090496141523886,-0.015114188194274902,-0.20201271772384644,-0.09480719763845968,0.05764371156692505,-0.2341274619102478,-0.051089042164988996,0.07293874025344849,-0.2488490641117096,-0.10028308380455542,0.03718578815460205,-0.17890775203704834,-0.08730877686352301,0.02441704273223877,-0.16904771327972412,-0.06777677435488272,0.10710042715072632,-0.1813611388206482,-0.06851769734234381,0.11974930763244629,-0.19429528713226318,-0.0990098764380889,0.08345448970794678,-0.1448860764503479,-0.08739305038065481,0.06540518999099731,-0.13385885953903198,-0.071462427564569
X,0.0,0.0,0.0,-0.060213685035705566,-0.04674321413040161,-0.03146644560229106,-0.10383719205856323,-0.14508771896362305,-0.05150014040600581,-0.08311483263969421,-0.22657430171966553,-0.07239809510838313,-0.0320582389831543,-0.2505228519439697,-0.088483615495079,-0.05622756481170654,-0.30574464797973633,-0.02889623930286689,-0.06706881523132324,-0.4140537977218628,-0.07460408536326213,-0.0642508864402771,-0.45995375514030457,-0.0986500817311935,-0.04494744539260864,-0.4876086711883545,-0.11223763851057811,0.007204294204711914,-0.2834503650665283,-0.035179237551801634,0.03197735548019409,-0.3167053461074829,-0.0884664121044807,-0.004743516445159912,-0.22371849417686462,-0.09024228779207988,-0.013548314571380615,-0.20849758386611938,-0.07874902961384578,0.06239968538284302,-0.23900797963142395,-0.04890503240358157,0.07746076583862305,-0.244145929813385,-0.0988295438660316,0.031405091285705566,-0.16651993989944458,-0.08074409393202586,0.024751245975494385,-0.16650903224945068,-0.056921529300325346,0.11094874143600464,-0.1828288435935974,-0.06663774577509685,0.12153857946395874,-0.19012880325317383,-0.09672272083889766,0.07891511917114258,-0.1384737491607666,-0.08324723569285197,0.06496918201446533,-0.1318129301071167,-0.06571478275191112
X,0.0,0.0,0.0,-0.059564292430877686,-0.04647165536880493,-0.03465931543217948,-0.10226088762283325,-0.13825637102127075,-0.05945393868790916,-0.07909858226776123,-0.2177557349205017,-0.08495797642575553,-0.031221508979797363,-0.2481813132762909,-0.10525622644530586,-0.05588841438293457,-0.30467525124549866,-0.03246106260525039,-0.06658247113227844,-0.41775888204574585,-0.08056943544255546,-0.060530632734298706,-0.4642738997936249,-0.10574505158768943,-0.0423925518989563,-0.47722676396369934,-0.11849458196269325,0.007836878299713135,-0.28099489212036133,-0.03816704505192092,0.037245213985443115,-0.31184664368629456,-0.09407100507127097,0.003979027271270752,-0.22390344738960266,-0.09719404258834174,-0.011968255043029785,-0.20626354217529297,-0.08580026456223777,0.06398779153823853,-0.23765039443969727,-0.0517810960959082,0.07957971096038818,-0.2400570511817932,-0.10325991042958549,0.037892043590545654,-0.16911852359771729,-0.087100353623498,0.02590113878250122,-0.16981470584869385,-0.06445928343640617,0.11321485042572021,-0.18474477529525757,-0.06958292105304054,0.12408965826034546,-0.18911486864089966,-0.10115042754517845,0.08370625972747803,-0.13929349184036255,-0.08905461111174873,0.06509405374526978,-0.13491272926330566,-0.07215214201318076
X,0.0,0.0,0.0,-0.06164681911468506,-0.049581825733184814,-0.032724465910263234,-0.10601550340652466,-0.15759378671646118,-0.050765122953720265,-0.07914745807647705,-0.24288752675056458,-0.0694313754475786,-0.0226212739944458,-0.2662762403488159,-0.0826205571330263,-0.058313727378845215,-0.31619179248809814,-0.02334930907554167,-0.06896314024925232,-0.422890841960907,-0.06596391249067324,-0.06468981504440308,-0.4681112915277481,-0.08573155451185244,-0.04242950677871704,-0.49650242924690247,-0.09683297920591372,0.005386233329772949,-0.2940516173839569,-0.028447353947825604,0.03431558609008789,-0.32571280002593994,-0.08112632084257143,-0.002584695816040039,-0.22674569487571716,-0.07962482768661516,-0.01023489236831665,-0.2136649191379547,-0.06506750333673494,0.06037938594818115,-0.24994251132011414,-0.0418156345523073,0.07868647575378418,-0.25065574049949646,-0.09295079458124178,0.030490100383758545,-0.17074793577194214,-0.0747004931009485,0.023456990718841553,-0.1754850149154663,-0.05024919259912508,0.10968708992004395,-0.19400185346603394,-0.059242274347610646,0.12151843309402466,-0.19603359699249268,-0.09018143612510698,0.07801765203475952,-0.14337563514709473,-0.07836173075801867,0.06387901306152344,-0.1408950686454773,-0.062157459292478734
X,0.0,0.0,0.0,-0.061045050621032715,-0.04725879430770874,-0.035290988143145796,-0.10439613461494446,-0.14707207679748535,-0.0561279449421761,-0.08056455850601196,-0.2291506826877594,-0.07690486868804669,-0.030237317085266113,-0.25951385498046875,-0.09205624273008084,-0.05537503957748413,-0.3131554126739502,-0.0295575503069756,-0.06686210632324219,-0.4233661890029907,-0.07555792292541241,-0.0617404580116272,-0.4689370095729828,-0.09926981290763592,-0.041574954986572266,-0.48929837346076965,-0.1123110484141705,0.009030759334564209,-0.2900884449481964,-0.03428745081609463,0.03973931074142456,-0.31919384002685547,-0.0905229430455563,0.0044550299644470215,-0.23080310225486755,-0.0942630376476643,-0.010392725467681885,-0.21576526761054993,-0.08334094097799039,0.06452107429504395,-0.2464253306388855,-0.047136558200776335,0.08123725652694702,-0.24262139201164246,-0.099733693506181,0.03689217567443848,-0.17109346389770508,-0.08592680653518414,0.025633633136749268,-0.17718636989593506,-0.0646539609689114,0.11369174718856812,-0.19237500429153442,-0.06423021664804196,0.12419390678405762,-0.18863731622695923,-0.09688809325879788,0.08270609378814697,-0.13994574546813965,-0.08798252603000378,0.06516844034194946,-0.14120566844940186,-0.07361271044200635
X,0.0,0.0,0.0,-0.06020897626876831,-0.052635788917541504,-0.0350069512407174,-0.10072258114814758,-0.15050047636032104,-0.05643510415953301,-0.08222869038581848,-0.22907668352127075,-0.0781721395234456,-0.035530924797058105,-0.2670426666736603,-0.09368428557914399,-0.058060646057128906,-0.31402134895324707,-0.026919124347983825,-0.06742709875106812,-0.4265100806951523,-0.07434997677606248,-0.061359941959381104,-0.4700085073709488,-0.09573640644353532,-0.036669790744781494,-0.49484753608703613,-0.10583627939027451,0.0046111345291137695,-0.2878519892692566,-0.03223878860276841,0.03857821226119995,-0.33196958899497986,-0.08939368247789048,-0.00013387203216552734,-0.23565173149108887,-0.08930464803975724,-0.01090848445892334,-0.22371870279312134,-0.07383320450585984,0.0599362850189209,-0.24388128519058228,-0.0462359708527913,0.08177614212036133,-0.24875113368034363,-0.10081560879748963,0.03412210941314697,-0.16926854848861694,-0.08312386244338654,0.026303529739379883,-0.17758405208587646,-0.05756661265891694,0.10970306396484375,-0.1896786093711853,-0.06422641098302506,0.12377673387527466,-0.19362390041351318,-0.09495474368137025,0.08121198415756226,-0.14089423418045044,-0.08126254349750184,0.06703704595565796,-0.14146125316619873,-0.06300617724460267
X,0.0,0.0,0.0,-0.06099969148635864,-0.05069446563720703,-0.03711597173312953,-0.10199007391929626,-0.14372605085372925,-0.06089419050911715,-0.08475211262702942,-0.2236543893814087,-0.08482019155124476,-0.04188370704650879,-0.2647814154624939,-0.10270953475335887,-0.05725377798080444,-0.31139296293258667,-0.03069329372445395,-0.06907391548156738,-0.4289599061012268,-0.07967042474845698,-0.060813188552856445,-0.4755784571170807,-0.10474089830020716,-0.03802376985549927,-0.4931759387254715,-0.11692116706470301,0.004281520843505859,-0.2851909101009369,-0.03524515702227404,0.04122579097747803,-0.3271803557872772,-0.09464974253276637,0.0060787200927734375,-0.24038287997245789,-0.09924030600885203,-0.012163996696472168,-0.22155159711837769,-0.08679415582517436,0.05880981683731079,-0.24217557907104492,-0.0482995241771107,0.08032900094985962,-0.24431991577148438,-0.10265652387241175,0.03765904903411865,-0.17288601398468018,-0.08921385853389552,0.024653851985931396,-0.17773276567459106,-0.06645901798108866,0.10708862543106079,-0.18942362070083618,-0.06564862578014186,0.1222609281539917,-0.19151979684829712,-0.09660490899184992,0.08323842287063599,-0.1441022753715515,-0.08548658638099482,0.06514948606491089,-0.14485156536102295,-0.06874092965225032
X,0.0,0.0,0.0,-0.05827593803405762,-0.0575871467590332,-0.03627283462873265,-0.09820973873138428,-0.15854382514953613,-0.05966317990413472,-0.07542061805725098,-0.2372162640094757,-0.08369538897267148,-0.02371114492416382,-0.2718156576156616,-0.1017709519862251,-0.05747115612030029,-0.3138914704322815,-0.02621090935161874,-0.06988793611526489,-0.4270446002483368,-0.07392975652209088,-0.057259202003479004,-0.4712570607662201,-0.09470005297652051,-0.027385950088500977,-0.49302762746810913,-0.10397409611931607,0.0021587610244750977,-0.2865731418132782,-0.03232280501714513,0.04656422138214111,-0.3390381634235382,-0.0927915271519737,0.00993049144744873,-0.24382635951042175,-0.09254533761730954,-0.007065296173095703,-0.2304699420928955,-0.07461691611996457,0.05567216873168945,-0.24486321210861206,-0.047470651209266634,0.08529192209243774,-0.24701935052871704,-0.1039892878531532,0.03860652446746826,-0.1687515377998352,-0.08661545777312085,0.022031664848327637,-0.177427738904953,-0.059381547957571,0.10178351402282715,-0.19252198934555054,-0.0669394802450256,0.11946499347686768,-0.19109022617340088,-0.09806095027914807,0.07991307973861694,-0.14099273085594177,-0.08499903941145703,0.06076997518539429,-0.14452651143074036,-0.06646330618849561
X,0.0,0.0,0.0,-0.05654120445251465,-0.05818331241607666,-0.032455013809467914,-0.09035652875900269,-0.16347849369049072,-0.05289535757687247,-0.06366831064224243,-0.24509337544441223,-0.0749754810014025,-0.009613394737243652,-0.273849755525589,-0.0923932620563761,-0.05494952201843262,-0.3039557933807373,-0.024407356722022655,-0.06380009651184082,-0.42919208109378815,-0.07028588440802253,-0.04906946420669556,-0.4745748043060303,-0.09047683861639655,-0.019408822059631348,-0.49864333868026733,-0.09948757824089682,0.0030980706214904785,-0.27416637539863586,-0.031721060840155246,0.05182307958602905,-0.34582260251045227,-0.09292205956366217,0.01932215690612793,-0.2540959119796753,-0.09581085082676566,0.00036650896072387695,-0.23270434141159058,-0.07978124704744971,0.055831074714660645,-0.23358726501464844,-0.0468460262992636,0.0892300009727478,-0.25349047780036926,-0.10380503323462165,0.04511380195617676,-0.17328637838363647,-0.08824846681740439,0.026609957218170166,-0.17390507459640503,-0.06187392186906493,0.10287946462631226,-0.18300196528434753,-0.06549974319126761,0.1280096173286438,-0.20146796107292175,-0.09588660087969458,0.08980226516723633,-0.14895302057266235,-0.0816367917933718,0.06913089752197266,-0.14484703540802002,-0.062423972157503727
X,0.0,0.0,0.0,-0.05861687660217285,-0.05871456861495972,-0.03495586816519847,-0.09050077199935913,-0.16323107481002808,-0.05494799245447268,-0.061884284019470215,-0.24605447053909302,-0.07534609142989268,-0.009805798530578613,-0.2714490592479706,-0.09035016004294505,-0.052932798862457275,-0.30443158745765686,-0.027539515535536907,-0.06254810094833374,-0.43289878964424133,-0.07759026591033091,-0.05094045400619507,-0.4774557799100876,-0.10348402116746058,-0.023908257484436035,-0.5004692375659943,-0.11676127616614451,0.005742549896240234,-0.276023805141449,-0.033668370585147045,0.05050194263458252,-0.3443034887313843,-0.10031506572217097,0.016300439834594727,-0.2527068257331848,-0.10859383795708766,-0.0033052563667297363,-0.22868689894676208,-0.0962924823567306,0.05822211503982544,-0.2374436855316162,-0.04778655771464457,0.09023934602737427,-0.25484421849250793,-0.10726124201268306,0.04645121097564697,-0.1771596372127533,-0.09517490271777262,0.02897852659225464,-0.17898589372634888,-0.0712247282668983,0.10493940114974976,-0.1898418366909027,-0.0658890024229919,0.12923675775527954,-0.19826796650886536,-0.09894797358960261,0.08970910310745239,-0.14833515882492065,-0.08827851120680918,0.06738251447677612,-0.14837861061096191,-0.07135874931067576
X,0.0,0.0,0.0,-0.058516085147857666,-0.0587620735168457,-0.034263267997971525,-0.09035652875900269,-0.1695520579814911,-0.05524227384137248,-0.0534939169883728,-0.2504916191101074,-0.07759044307874774,0.009621739387512207,-0.2661707103252411,-0.09531015146183108,-0.05314493179321289,-0.30157244205474854,-0.02820626448499297,-0.06055635213851929,-0.43373681604862213,-0.07715960580515002,-0.04462069272994995,-0.47841520607471466,-0.10159482795404529,-0.015014410018920898,-0.5020450353622437,-0.11421619344162082,0.00569307804107666,-0.27724263072013855,-0.034825228039494505,0.05262666940689087,-0.33926960825920105,-0.1019610090892229,0.01862996816635132,-0.25196149945259094,-0.11041273910211657,-0.0026366114616394043,-0.22745028138160706,-0.09835448849605655,0.057944297790527344,-0.24078992009162903,-0.049067899469605436,0.09151667356491089,-0.25165635347366333,-0.10708589095281695,0.04703480005264282,-0.17669475078582764,-0.09475152928041553,0.026571989059448242,-0.17887747287750244,-0.07123713928865527,0.10457044839859009,-0.19400039315223694,-0.06742246437477206,0.1291409730911255,-0.1988183856010437,-0.09782657760786151,0.08922576904296875,-0.14984580874443054,-0.08691078412937259,0.06626361608505249,-0.15017825365066528,-0.07065224636005496
X,0.0,0.0,0.0,-0.056461870670318604,-0.05601334571838379,-0.04018201337634508,-0.08665508031845093,-0.1662420928478241,-0.06452086226521914,-0.04832446575164795,-0.25005364418029785,-0.08929817037164156,0.012975931167602539,-0.26755982637405396,-0.10936379836379473,-0.05219376087188721,-0.2995736300945282,-0.03438600183903162,-0.057694077491760254,-0.4349571764469147,-0.08624200926600878,-0.03388577699661255,-0.4804482012987137,-0.11400974200545733,0.0016481280326843262,-0.5059537589550018,-0.1287556256490845,0.006520330905914307,-0.2703196108341217,-0.038232852085222646,0.056808650493621826,-0.33215010166168213,-0.1075449253755707,0.023644745349884033,-0.2510756552219391,-0.11861381338416521,-0.00145643949508667,-0.23284631967544556,-0.10888105289517824,0.057693302631378174,-0.2336949110031128,-0.05002636121093218,0.09534227848052979,-0.24925005435943604,-0.11028042839347307,0.051179707050323486,-0.1764518916606903,-0.09986727343379442,0.026418745517730713,-0.1795370876789093,-0.07755367861567919,0.10207951068878174,-0.18933150172233582,-0.06635488228379671,0.13090145587921143,-0.1935860514640808,-0.09790055112420504,0.0912441611289978,-0.14472860097885132,-0.08763666109620516,0.06470608711242676,-0.14592748880386353,-0.07154476301251833
X,0.0,0.0,0.0,-0.05756467580795288,-0.060167551040649414,-0.04152349246132303,-0.08862191438674927,-0.16768276691436768,-0.06684306127417017,-0.04838228225708008,-0.25003349781036377,-0.0923631848155253,0.01193612813949585,-0.2642362415790558,-0.11306527120459009,-0.05282801389694214,-0.3010554313659668,-0.034285950040697344,-0.06009858846664429,-0.43648023903369904,-0.08613169801819254,-0.039268314838409424,-0.4793621450662613,-0.11329205197679926,-0.006094694137573242,-0.5029341578483582,-0.12767336381065775,0.00477069616317749,-0.27347278594970703,-0.03800407288062502,0.05454862117767334,-0.336825966835022,-0.10749096286880899,0.021300137042999268,-0.2478313446044922,-0.11679715526688028,-0.0034395456314086914,-0.22985592484474182,-0.10533397508251596,0.0558168888092041,-0.23850131034851074,-0.050053364163517244,0.0946468710899353,-0.2556639313697815,-0.11116148394930292,0.05107337236404419,-0.17807194590568542,-0.09930363906013895,0.027187466621398926,-0.1806848645210266,-0.07539524001467157,0.10123550891876221,-0.19511041045188904,-0.06696992976057459,0.1311684250831604,-0.19843506813049316,-0.10017614675152231,0.09323209524154663,-0.14932924509048462,-0.08995741469252039,0.06689411401748657,-0.1508222222328186,-0.07338990879642893
X,0.0,0.0,0.0,-0.05363982915878296,-0.061859190464019775,-0.03891666709642294,-0.07818162441253662,-0.1661769151687622,-0.06348738922934416,-0.041437506675720215,-0.2483096420764923,-0.08898609980206373,0.01159745454788208,-0.2758146822452545,-0.10947779669623259,-0.04812711477279663,-0.3047108054161072,-0.030785690166162283,-0.05351811647415161,-0.4374212473630905,-0.08330014451603773,-0.027389824390411377,-0.48325328528881073,-0.11123982175450209,0.010181128978729248,-0.5062573999166489,-0.12495775624375227,0.010008513927459717,-0.27323558926582336,-0.03532738342146757,0.06355857849121094,-0.3374823033809662,-0.10240274026255491,0.032951414585113525,-0.25457891821861267,-0.11189080133299711,0.008596479892730713,-0.2386806607246399,-0.10086588665108565,0.061493754386901855,-0.2368287742137909,-0.04820339112739447,0.10264182090759277,-0.2550449073314667,-0.1070232923255432,0.0608515739440918,-0.18214952945709229,-0.09508513762812498,0.036562561988830566,-0.18624413013458252,-0.07168548657755736,0.1058880090713501,-0.19295096397399902,-0.0656874562726486,0.13830018043518066,-0.199120432138443,-0.09572804077725294,0.10072064399719238,-0.15125390887260437,-0.0834661210999954,0.07366997003555298,-0.15160533785820007,-0.06566770478348616
X,0.0,0.0,0.0,-0.055989623069763184,-0.06663507223129272,-0.03786537560744563,-0.07996875047683716,-0.17783260345458984,-0.05979397284908572,-0.03535062074661255,-0.255754292011261,-0.08254087480826655,0.023121178150177002,-0.2654865086078644,-0.10062908145709315,-0.04722487926483154,-0.3077484965324402,-0.029094334199264438,-0.052187323570251465,-0.44362615048885345,-0.08141260358615199,-0.02719902992248535,-0.4838615953922272,-0.1102432063512353,0.011035919189453125,-0.5022491663694382,-0.12559898707194606,0.009870767593383789,-0.27822473645210266,-0.034142298131421,0.06457364559173584,-0.3456668257713318,-0.1047478518180398,0.031224191188812256,-0.2575254440307617,-0.11606727304978648,0.006339609622955322,-0.23282009363174438,-0.10539519551320353,0.06078493595123291,-0.24198296666145325,-0.04741062360925952,0.1036561131477356,-0.2601020634174347,-0.10757066818995753,0.0593070387840271,-0.18302512168884277,-0.09652254494948664,0.035600244998931885,-0.18080979585647583,-0.07291503760142604,0.10540628433227539,-0.1970071792602539,-0.06547239932341853,0.13851648569107056,-0.20066305994987488,-0.09783605995698252,0.0990874171257019,-0.153039813041687,-0.08818084511084834,0.07229852676391602,-0.15289250016212463,-0.07198466125054637
X,0.0,0.0,0.0,-0.055468738079071045,-0.06630980968475342,-0.03773188930317417,-0.08002787828445435,-0.17657500505447388,-0.060433566238131675,-0.036667823791503906,-0.256916344165802,-0.08406099643870846,0.021188020706176758,-0.26999184489250183,-0.10310656544133678,-0.048097312450408936,-0.3084993362426758,-0.02952798795267597,-0.052548110485076904,-0.44413913786411285,-0.08163030412360683,-0.027487337589263916,-0.48545922338962555,-0.1103346046464111,0.010013997554779053,-0.5050937384366989,-0.12569095161124721,0.009066104888916016,-0.27946552634239197,-0.03457197141214863,0.06208282709121704,-0.3444598317146301,-0.1042320277945663,0.02995055913925171,-0.256856769323349,-0.11491534825727001,0.005676448345184326,-0.2338741421699524,-0.10436464812919155,0.060269057750701904,-0.24368640780448914,-0.04774112593695179,0.10122990608215332,-0.2623985707759857,-0.10707402941152111,0.05828988552093506,-0.18559062480926514,-0.09504427727624432,0.035021185874938965,-0.1834758222103119,-0.0713922229067947,0.10535067319869995,-0.19941848516464233,-0.06577043202086941,0.13657164573669434,-0.20243653655052185,-0.09809423949882046,0.09805470705032349,-0.15469574928283691,-0.08824600991174236,0.07205986976623535,-0.15495285391807556,-0.07214466449185863
X,0.0,0.0,0.0,-0.05287224054336548,-0.06168782711029053,-0.03768276494854206,-0.07475298643112183,-0.16783595085144043,-0.06256558817737812,-0.03537505865097046,-0.24657657742500305,-0.08858860355728382,0.01991492509841919,-0.26926863193511963,-0.10985276919716114,-0.04607546329498291,-0.3069033920764923,-0.03315074813478702,-0.04930073022842407,-0.4413869380950928,-0.08928321373575443,-0.020892024040222168,-0.48278890550136566,-0.1212388358723473,0.019734680652618408,-0.49975766241550446,-0.13815749508255237,0.011611521244049072,-0.2759844958782196,-0.039119378448660314,0.06820935010910034,-0.3412894308567047,-0.11246763986461872,0.03516882658004761,-0.2621113657951355,-0.12632183057182544,0.009331166744232178,-0.24138134717941284,-0.11782539707535022,0.062252938747406006,-0.23937633633613586,-0.053060070396597325,0.10291582345962524,-0.2523801922798157,-0.11531916332357639,0.058973848819732666,-0.18000653386116028,-0.10464975309484714,0.03418487310409546,-0.18172743916511536,-0.08188280534857029,0.10650748014450073,-0.1945023238658905,-0.07168825787418598,0.13628071546554565,-0.1925891637802124,-0.10555034202450031,0.09572309255599976,-0.14501893520355225,-0.09598365497701877,0.06819403171539307,-0.14741525053977966,-0.0800691701185059
X,0.0,0.0,0.0,-0.05239957571029663,-0.06442540884017944,-0.040632554281465616,-0.07370632886886597,-0.17081886529922485,-0.0651924767978116,-0.029585182666778564,-0.24893927574157715,-0.09035980789732179,0.028651773929595947,-0.2623792886734009,-0.1101160430796071,-0.046305298805236816,-0.3087823688983917,-0.030658828977458086,-0.04910820722579956,-0.4425172805786133,-0.08611193387579164,-0.021019399166107178,-0.47922012209892273,-0.11563677429031571,0.020442068576812744,-0.49586379528045654,-0.13035897253822526,0.009791135787963867,-0.27836593985557556,-0.034528554368726816,0.06640136241912842,-0.3402131497859955,-0.10587083636593064,0.03374660015106201,-0.2541560232639313,-0.11536014168333253,0.008668303489685059,-0.23792675137519836,-0.10356786935400208,0.060798585414886475,-0.24294772744178772,-0.04752552597593507,0.10467290878295898,-0.2587575316429138,-0.10867074220251283,0.06152451038360596,-0.18343207240104675,-0.09643983184169969,0.0370025634765625,-0.18677201867103577,-0.07226442633938035,0.10655856132507324,-0.1993524432182312,-0.06574030308794221,0.139812171459198,-0.19891241192817688,-0.09918942390751084,0.10026967525482178,-0.15150856971740723,-0.09025215445827683,0.07187068462371826,-0.15349304676055908,-0.074519202996008
X,0.0,0.0,0.0,-0.04875528812408447,-0.062145233154296875,-0.04207835701477336,-0.0673595666885376,-0.163624107837677,-0.07007537019622134,-0.026370644569396973,-0.24290406703948975,-0.09879149479043292,0.024214565753936768,-0.26685449481010437,-0.12223762256276416,-0.04093998670578003,-0.3125340938568115,-0.034034758631108275,-0.04041975736618042,-0.4396284371614456,-0.089511044148324,-0.012878000736236572,-0.4779684990644455,-0.12001655233275699,0.02749425172805786,-0.4960186034440994,-0.13576534372937488,0.016177773475646973,-0.2787622809410095,-0.037857111368296614,0.0725700855255127,-0.3364759683609009,-0.1083079425729494,0.039410948753356934,-0.2548063397407532,-0.11912169289958285,0.017164528369903564,-0.241138756275177,-0.1091130299605112,0.06674832105636597,-0.2396525740623474,-0.05039395746958064,0.10718655586242676,-0.25199469923973083,-0.1104436738527994,0.06308239698410034,-0.1810472309589386,-0.09767472726476001,0.0411338210105896,-0.18598467111587524,-0.07401384395730304,0.11046016216278076,-0.19252553582191467,-0.0682235879935007,0.13997048139572144,-0.1913515329360962,-0.09954217803847598,0.10000675916671753,-0.14638328552246094,-0.08833723497760104,0.0752784013748169,-0.15079587697982788,-0.07139190268885898
X,0.0,0.0,0.0,-0.04930222034454346,-0.061589181423187256,-0.048386398954953336,-0.06749719381332397,-0.1626606285572052,-0.07605027805146136,-0.020694196224212646,-0.2387007772922516,-0.10258938769873538,0.03355616331100464,-0.2566741704940796,-0.12234615187224307,-0.04150378704071045,-0.31327521800994873,-0.03455249617871203,-0.04203587770462036,-0.44224031269550323,-0.09253728787478366,-0.013781368732452393,-0.4755938798189163,-0.1215991119581119,0.029437124729156494,-0.4899669289588928,-0.13465708891924777,0.015609800815582275,-0.2800365686416626,-0.03469489912566104,0.07213252782821655,-0.3373660743236542,-0.10619479815539279,0.03677898645401001,-0.24630117416381836,-0.11243520329770007,0.013491272926330566,-0.2352788746356964,-0.09745766620215335,0.06675559282302856,-0.24291813373565674,-0.04544875796016612,0.10880589485168457,-0.2558128237724304,-0.10840565363940158,0.06435894966125488,-0.1773742139339447,-0.09437396030005374,0.04238486289978027,-0.1850702464580536,-0.06795142988737979,0.11226600408554077,-0.19854235649108887,-0.06208277891453662,0.14322537183761597,-0.19572553038597107,-0.09605008016404071,0.1034771203994751,-0.14666682481765747,-0.08620434652146258,0.07670050859451294,-0.14986088871955872,-0.06906658808764377
X,0.0,0.0,0.0,-0.047185540199279785,-0.061614155769348145,-0.05007761517158826,-0.06563681364059448,-0.15794861316680908,-0.08016356998673757,-0.02353006601333618,-0.23612922430038452,-0.10922751748553594,0.02769482135772705,-0.2643754482269287,-0.13121064925185522,-0.03838682174682617,-0.31260576844215393,-0.034761106461203894,-0.03774130344390869,-0.4361442029476166,-0.0929196196197637,-0.010421574115753174,-0.47259290516376495,-0.12191039496651968,0.03243577480316162,-0.49074628949165344,-0.13441603803626379,0.017165303230285645,-0.27633288502693176,-0.03438669615975698,0.07306253910064697,-0.3334648907184601,-0.10239927643529256,0.037053585052490234,-0.24710479378700256,-0.10714996033898672,0.016543269157409668,-0.2442762553691864,-0.09191976660481771,0.06737470626831055,-0.23887234926223755,-0.04491551020733198,0.10923773050308228,-0.25551825761795044,-0.1054260151981481,0.06392747163772583,-0.18087422847747803,-0.0899802389144071,0.04396343231201172,-0.19335901737213135,-0.06336999112359365,0.11158251762390137,-0.1951693594455719,-0.06158972331873258,0.14178115129470825,-0.19757872819900513,-0.09311445975295385,0.10288655757904053,-0.15036362409591675,-0.08087168061724981,0.0790441632270813,-0.15438222885131836,-0.062210870772517524
X,0.0,0.0,0.0,-0.046716928482055664,-0.05979639291763306,-0.050147285602708536,-0.06503891944885254,-0.15678828954696655,-0.0795541907769639,-0.02016627788543701,-0.23385044932365417,-0.10776219322504588,0.03359878063201904,-0.2613767981529236,-0.12928229375900813,-0.0381321907043457,-0.31085437536239624,-0.035224625758548456,-0.03590947389602661,-0.4359325021505356,-0.09282678171219416,-0.00908207893371582,-0.4722544699907303,-0.12272215440096446,0.033312857151031494,-0.4913475215435028,-0.1366751025539834,0.01844477653503418,-0.2762739956378937,-0.035345556132217126,0.07635736465454102,-0.33834224939346313,-0.10613657339634486,0.04062145948410034,-0.25099271535873413,-0.1141117270213563,0.019011735916137695,-0.23946291208267212,-0.10074303849758692,0.06957954168319702,-0.23843437433242798,-0.045977955601831155,0.1123511791229248,-0.25605082511901855,-0.10803574874224253,0.0667574405670166,-0.1796584129333496,-0.09408559455694743,0.04594069719314575,-0.18566498160362244,-0.0679483394247491,0.11406159400939941,-0.19426125288009644,-0.06265985771240778,0.14624130725860596,-0.19845649600028992,-0.09441532000126429,0.10660034418106079,-0.14952123165130615,-0.08232374294819422,0.08154153823852539,-0.15015166997909546,-0.06389692976297923
X,0.0,0.0,0.0,-0.04608631134033203,-0.059675633907318115,-0.05827257881428771,-0.0646560788154602,-0.15518274903297424,-0.0928475568678575,-0.01806420087814331,-0.23247939348220825,-0.12509797612692886,0.03540855646133423,-0.26185113191604614,-0.14950332144763046,-0.03614848852157593,-0.3126832842826843,-0.040816762545366814,-0.03336906433105469,-0.43556909263134,-0.10249346593882613,-0.007342040538787842,-0.4718432277441025,-0.13238643209006362,0.03673273324966431,-0.4928937405347824,-0.14540110627677016,0.021320879459381104,-0.27722451090812683,-0.03787200252081924,0.07715225219726562,-0.3308420777320862,-0.11018283764388137,0.038024723529815674,-0.24045127630233765,-0.11390061030652099,0.019488751888275146,-0.24014469981193542,-0.0971682454135614,0.07207834720611572,-0.2391194999217987,-0.047157560535927345,0.11414247751235962,-0.2550821900367737,-0.11188178608681731,0.06639057397842407,-0.1792464554309845,-0.09486881742741637,0.04721564054489136,-0.1932840347290039,-0.06636238197352462,0.11638075113296509,-0.19472384452819824,-0.06346467981602721,0.14671087265014648,-0.19502180814743042,-0.09780681977536254,0.10561496019363403,-0.14798176288604736,-0.086058394112845,0.08087152242660522,-0.15344613790512085,-0.06734182784821563
X,0.0,0.0,0.0,-0.04490464925765991,-0.05859726667404175,-0.0632581774082226,-0.06304430961608887,-0.15161266922950745,-0.10129450149202768,-0.019598543643951416,-0.22673413157463074,-0.1364465642657322,0.03395289182662964,-0.2599641978740692,-0.16368701941633645,-0.03602355718612671,-0.31496620178222656,-0.044680720933918394,-0.031557679176330566,-0.43729542195796967,-0.10639665163422052,-0.0036995410919189453,-0.47164909541606903,-0.13672129697466318,0.04169178009033203,-0.4884845018386841,-0.15008462853098337,0.022445976734161377,-0.27867236733436584,-0.040023690828327574,0.0832396149635315,-0.33179333806037903,-0.11396478749180261,0.043995022773742676,-0.24512603878974915,-0.11995615697765771,0.023649156093597412,-0.2410743236541748,-0.10427947975063745,0.07427084445953369,-0.23816406726837158,-0.0477368187096161,0.11860471963882446,-0.24932196736335754,-0.11380172408485834,0.06991398334503174,-0.1753484010696411,-0.09861124939585153,0.04939770698547363,-0.1871347427368164,-0.07067520804071847,0.11881875991821289,-0.19166797399520874,-0.06273501999044839,0.15138942003250122,-0.18926754593849182,-0.0971685189690632,0.10958999395370483,-0.14311933517456055,-0.08566690868997995,0.0836673378944397,-0.14818033576011658,-0.06688165552282754
X,0.0,0.0,0.0,-0.044177114963531494,-0.05768907070159912,-0.059351249983972565,-0.06139475107192993,-0.15083318948745728,-0.09577288051552202,-0.017625927925109863,-0.2271883487701416,-0.13017538507885362,0.036560773849487305,-0.2596038281917572,-0.157017815312809,-0.03593778610229492,-0.3161892592906952,-0.04148448204106714,-0.030383944511413574,-0.4370775818824768,-0.10219095965332414,-0.0016890764236450195,-0.4703444540500641,-0.1317034991592827,0.04489034414291382,-0.48608924448490143,-0.14483467062420274,0.02365279197692871,-0.28250032663345337,-0.038221485367483155,0.08301573991775513,-0.3325203061103821,-0.11139562298960115,0.04316854476928711,-0.24374991655349731,-0.11660079230970766,0.023067116737365723,-0.23766648769378662,-0.10064373483366396,0.07669323682785034,-0.24260291457176208,-0.04696363901204492,0.11825335025787354,-0.2508952021598816,-0.11152901073402788,0.06955420970916748,-0.17561125755310059,-0.09516802748150255,0.05051922798156738,-0.18514716625213623,-0.06698508133596803,0.12215375900268555,-0.19597995281219482,-0.06274289210743333,0.15123915672302246,-0.19099634885787964,-0.09595063646740343,0.1090049147605896,-0.14332520961761475,-0.08414188345379259,0.0852135419845581,-0.14815658330917358,-0.06554837097830202
X,0.0,0.0,0.0,-0.047353506088256836,-0.05821150541305542,-0.058357204346069336,-0.06590580940246582,-0.15363886952400208,-0.09230385631144905,-0.019544899463653564,-0.22793477773666382,-0.12390656679690742,0.03474229574203491,-0.26028090715408325,-0.1478844723087635,-0.037236034870147705,-0.3185011148452759,-0.03940845936358833,-0.03229302167892456,-0.4397521913051605,-0.0998134827596035,-0.003914833068847656,-0.47235506772994995,-0.130456744728693,0.04195249080657959,-0.487747386097908,-0.14440266698420906,0.022321581840515137,-0.2843115031719208,-0.03601871341288948,0.08188825845718384,-0.33165353536605835,-0.108487009106287,0.041807591915130615,-0.24454617500305176,-0.11552856027902031,0.02132284641265869,-0.2383277416229248,-0.1012054374796238,0.07479721307754517,-0.2441975176334381,-0.04454835787237549,0.11697125434875488,-0.2506173253059387,-0.10908430725158119,0.06760972738265991,-0.1759081780910492,-0.09495985418380165,0.048110365867614746,-0.18613210320472717,-0.0681805452686634,0.11949950456619263,-0.19769781827926636,-0.05991371631444359,0.14915519952774048,-0.1911500096321106,-0.0938984072190609,0.10675573348999023,-0.1436263918876648,-0.08321397661984825,0.0823819637298584,-0.14867174625396729,-0.06510949045241737
X,0.0,0.0,0.0,-0.04811084270477295,-0.05906754732131958,-0.05516668935495517,-0.06667375564575195,-0.15718135237693787,-0.08734053899723193,-0.018968164920806885,-0.2328301966190338,-0.11767286588627002,0.03637397289276123,-0.2636873424053192,-0.14064740915971896,-0.03721505403518677,-0.31711822748184204,-0.03779681180792949,-0.03231453895568848,-0.44163379073143005,-0.09794419040161273,-0.004093825817108154,-0.47564561665058136,-0.12874360163885257,0.04130584001541138,-0.4933904558420181,-0.1429913320131888,0.021680772304534912,-0.2830706834793091,-0.035802175898133726,0.0799553394317627,-0.3347725570201874,-0.10775103201347491,0.040927767753601074,-0.2464396059513092,-0.11486858655887744,0.021403610706329346,-0.2402501106262207,-0.10105857034402987,0.0739794373512268,-0.24454063177108765,-0.04533936982232234,0.11570209264755249,-0.2560969889163971,-0.10909982552009723,0.06694918870925903,-0.1800936758518219,-0.09447700311618945,0.04785674810409546,-0.1900242567062378,-0.06783754159885547,0.11910349130630493,-0.19995185732841492,-0.06147278254109523,0.1477508544921875,-0.19770419597625732,-0.09448177148777148,0.10589474439620972,-0.1487274169921875,-0.08284932901340625,0.08230805397033691,-0.15274029970169067,-0.06448527206855914
X,0.0,0.0,0.0,-0.046189963817596436,-0.05893707275390625,-0.05650342518689655,-0.06442016363143921,-0.15602010488510132,-0.0902688119769337,-0.018573880195617676,-0.2339911162853241,-0.12215425709488414,0.03621184825897217,-0.26374417543411255,-0.1466888103842976,-0.03691971302032471,-0.3188674747943878,-0.039031690752530324,-0.03286820650100708,-0.4421239197254181,-0.09873421380522274,-0.00496751070022583,-0.47603268921375275,-0.1286269787907841,0.040355801582336426,-0.49176211655139923,-0.14228536823990368,0.023516416549682617,-0.2853017747402191,-0.03677352035644077,0.08218520879745483,-0.3388901352882385,-0.10907652119400524,0.04244953393936157,-0.2489391267299652,-0.11539135763647579,0.021808385848999023,-0.2403167486190796,-0.10042647162678264,0.07669073343276978,-0.24519595503807068,-0.046060512608313786,0.11802047491073608,-0.25422459840774536,-0.11016400793793224,0.06876027584075928,-0.1776939332485199,-0.09486709425451778,0.049283742904663086,-0.18596398830413818,-0.06736075023415111,0.12190848588943481,-0.1981143057346344,-0.062018911188864934,0.1512811779975891,-0.19467374682426453,-0.09487169871332668,0.10919845104217529,-0.14589175581932068,-0.08274176607134365,0.08553975820541382,-0.14935362339019775,-0.06387543568613552
X,0.0,0.0,0.0,-0.04580056667327881,-0.05900585651397705,-0.05769101128836507,-0.06376492977142334,-0.1555817723274231,-0.09217195556422109,-0.0176389217376709,-0.23294588923454285,-0.12458749459048146,0.0365336537361145,-0.26367154717445374,-0.14950447873135442,-0.03622317314147949,-0.31952524185180664,-0.03994295717140073,-0.031799912452697754,-0.44193243980407715,-0.0998584811474883,-0.00401073694229126,-0.4751502424478531,-0.1297206689502799,0.04163283109664917,-0.4913243055343628,-0.1435002793457114,0.024355769157409668,-0.28580909967422485,-0.03739095077772969,0.08372741937637329,-0.33778852224349976,-0.11077147320767278,0.043449223041534424,-0.24728941917419434,-0.11742050544281835,0.022815585136413574,-0.23883935809135437,-0.10254486248751515,0.07757484912872314,-0.2454465627670288,-0.04648708523174161,0.11921977996826172,-0.25340595841407776,-0.11170222208758229,0.06928235292434692,-0.17632988095283508,-0.09645083890219563,0.04948592185974121,-0.18473497033119202,-0.06879378453751439,0.12273728847503662,-0.1982399821281433,-0.06233778939505452,0.15260988473892212,-0.19374161958694458,-0.09608725056906575,0.11009949445724487,-0.1446157991886139,-0.08429032907744283,0.08598911762237549,-0.14852014183998108,-0.0655671466972434
X,0.0,0.0,0.0,-0.0484580397605896,-0.06148558855056763,-0.054884035447475554,-0.06732702255249023,-0.16252106428146362,-0.087831542203066,-0.018432259559631348,-0.23775875568389893,-0.11929240853512013,0.04227912425994873,-0.26079532504081726,-0.14398523450815404,-0.03799843788146973,-0.31970450282096863,-0.03765546561205113,-0.03441619873046875,-0.445912703871727,-0.09728765518390858,-0.005840003490447998,-0.4803664982318878,-0.12777119160616124,0.038693130016326904,-0.49537672102451324,-0.142273940453169,0.02256762981414795,-0.2862202525138855,-0.03641040281378949,0.08126109838485718,-0.3456713855266571,-0.1116587299200269,0.040915608406066895,-0.2550933361053467,-0.11979405612671101,0.018262028694152832,-0.24059832096099854,-0.10507864535772526,0.07616639137268066,-0.24686220288276672,-0.046459704944727065,0.1176300048828125,-0.2595212161540985,-0.11278188259327138,0.06726354360580444,-0.1803596019744873,-0.09833087802850926,0.046184539794921875,-0.1850627064704895,-0.07043224603855336,0.12220954895019531,-0.20028120279312134,-0.06294609636985982,0.150826096534729,-0.19811797142028809,-0.09772857309305394,0.10745173692703247,-0.14836999773979187,-0.08663249791586125,0.08276623487472534,-0.15212073922157288,-0.06818282634937489
X,0.0,0.0,0.0,-0.048448383808135986,-0.062691330909729,-0.049126714402444094,-0.06647604703903198,-0.16675373911857605,-0.07855522626043054,-0.016238152980804443,-0.24303504824638367,-0.1073493956863949,0.0450475811958313,-0.2614933252334595,-0.12966244661212656,-0.036517202854156494,-0.31886026263237,-0.03487312042117807,-0.03380453586578369,-0.4471483379602432,-0.0937843471109936,-0.006073296070098877,-0.48217199742794037,-0.12425187968612406,0.03876262903213501,-0.49867966771125793,-0.13900399946571085,0.022625267505645752,-0.2850342094898224,-0.035852603548772066,0.08159464597702026,-0.34342822432518005,-0.1093732266962597,0.04132187366485596,-0.2542576789855957,-0.11736307286620828,0.0192183256149292,-0.24193042516708374,-0.10360402607322428,0.07503664493560791,-0.2454969882965088,-0.047461785310513704,0.1173858642578125,-0.25735729932785034,-0.11119975888133737,0.06715106964111328,-0.18148136138916016,-0.09705561392904016,0.04632216691970825,-0.1882845163345337,-0.07060319923759195,0.12019973993301392,-0.1990167498588562,-0.06514064216018411,0.1488361358642578,-0.19512683153152466,-0.09799956523776743,0.10584229230880737,-0.14826059341430664,-0.08715526753068659,0.08169037103652954,-0.15309572219848633,-0.06966955953241083
X,0.0,0.0,0.0,-0.048159241676330566,-0.0627257227897644,-0.04964266364455838,-0.06604325771331787,-0.16536974906921387,-0.0798709953296246,-0.017127394676208496,-0.24211469292640686,-0.10944790040135999,0.04222273826599121,-0.2631816267967224,-0.1324280837643208,-0.03644728660583496,-0.320041686296463,-0.03516374920488019,-0.033042311668395996,-0.44691942632198334,-0.09411862139583249,-0.006233334541320801,-0.482411652803421,-0.12437573467374463,0.03797096014022827,-0.4997612088918686,-0.1388941744434895,0.02274942398071289,-0.2854568660259247,-0.036080476092106295,0.08156853914260864,-0.34266382455825806,-0.1093214267957272,0.04053264856338501,-0.25326967239379883,-0.11678426359773297,0.018797338008880615,-0.24215975403785706,-0.10267969612956662,0.07523053884506226,-0.24555814266204834,-0.04770579208613057,0.11722320318222046,-0.2575529217720032,-0.11138417963863034,0.06646549701690674,-0.18177223205566406,-0.09667960946441312,0.04599088430404663,-0.18922072649002075,-0.06992201154113431,0.12038189172744751,-0.19901248812675476,-0.0654473492968144,0.14868766069412231,-0.19529959559440613,-0.098171387063271,0.10534238815307617,-0.1482561230659485,-0.08688651417375226,0.08139932155609131,-0.1534305214881897,-0.06908893232226987
X,0.0,0.0,0.0,-0.05047255754470825,-0.06027841567993164,-0.053994655385638746,-0.07113099098205566,-0.1634766161441803,-0.08622069261970666,-0.02412313222885132,-0.2415439486503601,-0.11699790112676767,0.03510427474975586,-0.26622530817985535,-0.14116303972902444,-0.040691912174224854,-0.32287538051605225,-0.03866045527162698,-0.03748941421508789,-0.4522874653339386,-0.09836139135065225,-0.009810447692871094,-0.4878321588039398,-0.1299024259299293,0.033452391624450684,-0.5026211887598038,-0.1453018968552604,0.02110898494720459,-0.288391649723053,-0.03817927815022615,0.08145219087600708,-0.3520452082157135,-0.11364240549507287,0.04097557067871094,-0.2620117962360382,-0.12345694355669168,0.0166509747505188,-0.24379661679267883,-0.11006657384338525,0.0751684308052063,-0.24755701422691345,-0.04855360068383363,0.11737608909606934,-0.2624875605106354,-0.11487323395910409,0.06678932905197144,-0.18332964181900024,-0.10125766299667505,0.045103609561920166,-0.18491896986961365,-0.07389443717899469,0.12115883827209473,-0.19916197657585144,-0.06515922002496866,0.15205419063568115,-0.20160731673240662,-0.09969915054741052,0.10888290405273438,-0.15143385529518127,-0.08785029850902704,0.08358901739120483,-0.15209609270095825,-0.0688105633110061
X,0.0,0.0,0.0,-0.05088227987289429,-0.062435150146484375,-0.0519769584028964,-0.07155674695968628,-0.16616958379745483,-0.0832632799833064,-0.02301269769668579,-0.24508041143417358,-0.11366471845796156,0.035255253314971924,-0.2694495916366577,-0.13706534553458738,-0.04061770439147949,-0.3257526457309723,-0.03669028926780271,-0.03901737928390503,-0.45559875667095184,-0.09817850787332105,-0.012386858463287354,-0.4913565069437027,-0.1294344310848956,0.03210383653640747,-0.5084567815065384,-0.1439087336151843,0.019838988780975342,-0.29003065824508667,-0.037290481963658806,0.07845574617385864,-0.35117852687835693,-0.11210238386085081,0.03710639476776123,-0.25851038098335266,-0.11926707822969007,0.015524208545684814,-0.24830570816993713,-0.10438810486486005,0.07333552837371826,-0.24942031502723694,-0.049170928189063545,0.11613541841506958,-0.2656041085720062,-0.11525711614778089,0.06470412015914917,-0.1859702467918396,-0.09995620895316648,0.04417681694030762,-0.19315385818481445,-0.07197939802100706,0.11949366331100464,-0.2018224596977234,-0.06731684703519392,0.14983659982681274,-0.20199379324913025,-0.10165137995173978,0.1062006950378418,-0.1523694097995758,-0.0896722098081355,0.08174937963485718,-0.1559327244758606,-0.07071833510091352
X,0.0,0.0,0.0,-0.054238200187683105,-0.05830448865890503,-0.057198387845454945,-0.07750540971755981,-0.16532966494560242,-0.09100619824141098,-0.026243507862091064,-0.24682986736297607,-0.12310021491259171,0.03641939163208008,-0.2670449912548065,-0.1481800910970552,-0.04346728324890137,-0.32939162850379944,-0.04208179311364724,-0.041547536849975586,-0.45979195833206177,-0.1040260133287294,-0.015576362609863281,-0.49551501870155334,-0.1349275198718889,0.029497206211090088,-0.5132777541875839,-0.1498261478683336,0.020778298377990723,-0.29491856694221497,-0.041209426983295216,0.07875025272369385,-0.35492658615112305,-0.11847113938540055,0.035386741161346436,-0.25943952798843384,-0.12568270535677506,0.014231562614440918,-0.2470046877861023,-0.11043813945263459,0.07618117332458496,-0.2531059682369232,-0.05202388138979508,0.11819058656692505,-0.26596638560295105,-0.12087517352312638,0.06464159488677979,-0.1840430498123169,-0.10558570296972825,0.044943809509277344,-0.19009166955947876,-0.07706353188961579,0.12396633625030518,-0.20339873433113098,-0.06948613496035172,0.15355610847473145,-0.2018500566482544,-0.10584477455824448,0.10851502418518066,-0.15011870861053467,-0.09431361527651383,0.08486735820770264,-0.15253275632858276,-0.07545923562258317
X,0.0,0.0,0.0,-0.05423539876937866,-0.059761226177215576,-0.058685308705715755,-0.07969522476196289,-0.16558381915092468,-0.09585274608030758,-0.033786892890930176,-0.24985766410827637,-0.13137858958139859,0.027683734893798828,-0.2779698669910431,-0.15968754739656887,-0.046024441719055176,-0.33301639556884766,-0.04548072294488392,-0.04580909013748169,-0.4660184532403946,-0.10913182647123776,-0.020494580268859863,-0.505706399679184,-0.14127310962572537,0.02515321969985962,-0.5278170108795166,-0.1574110075940176,0.018366098403930664,-0.29997169971466064,-0.04548164309158764,0.08131176233291626,-0.36608725786209106,-0.12597611398592434,0.03787189722061157,-0.26820656657218933,-0.1341231748570486,0.015764057636260986,-0.2520962655544281,-0.11868679375544033,0.07481151819229126,-0.25728076696395874,-0.05705593005910359,0.11967378854751587,-0.27132394909858704,-0.12780009062185727,0.0657699704170227,-0.1888945996761322,-0.11161467285051785,0.04491835832595825,-0.19488012790679932,-0.08211316765442334,0.12342232465744019,-0.2059665322303772,-0.07540125996962033,0.1560666561126709,-0.20563912391662598,-0.11238019020452938,0.11013752222061157,-0.15415328741073608,-0.09997192622318707,0.08433133363723755,-0.1584613025188446,-0.08053091020479641
X,0.0,0.0,0.0,-0.05499666929244995,-0.06020456552505493,-0.05723466814868239,-0.08090120553970337,-0.1656699776649475,-0.09357015134207991,-0.03470194339752197,-0.2485189437866211,-0.1284716510903099,0.02756500244140625,-0.2759896516799927,-0.1563656413685539,-0.047158002853393555,-0.33319616317749023,-0.04424161554686812,-0.04700660705566406,-0.46610382199287415,-0.1069698193799713,-0.022071421146392822,-0.5049082189798355,-0.1391416126620033,0.023571789264678955,-0.5297323763370514,-0.15574546994082716,0.01802891492843628,-0.30056849122047424,-0.04477922336571005,0.0784558653831482,-0.36610621213912964,-0.12459260316006926,0.03581315279006958,-0.26803237199783325,-0.13358564020507124,0.015441477298736572,-0.2525883615016937,-0.11924915106408385,0.07511931657791138,-0.2588097155094147,-0.0566005492340782,0.11816000938415527,-0.27254900336265564,-0.1262978696953514,0.06449693441390991,-0.18897145986557007,-0.11038419695012358,0.0449177622795105,-0.19531285762786865,-0.0814529964458206,0.12468189001083374,-0.20891925692558289,-0.07512923420779494,0.1541340947151184,-0.2080998420715332,-0.11050038130395201,0.10863184928894043,-0.15517973899841309,-0.09741762371175078,0.08489042520523071,-0.15921533107757568,-0.07790969402901915
X,0.0,0.0,0.0,-0.05923706293106079,-0.06062793731689453,-0.05285081702090366,-0.08785665035247803,-0.17639848589897156,-0.08601034867383106,-0.03856194019317627,-0.26383885741233826,-0.11830665605879886,0.027982056140899658,-0.2774948179721832,-0.14422484922028644,-0.052820682525634766,-0.33397990465164185,-0.04421389537669285,-0.054916560649871826,-0.47552913427352905,-0.10765422570325,-0.03151148557662964,-0.5163898468017578,-0.14009281682587726,0.013648509979248047,-0.5448706746101379,-0.15764960336304767,0.012650132179260254,-0.3031366467475891,-0.04706722932673557,0.06806159019470215,-0.37629273533821106,-0.12919395851708515,0.025932908058166504,-0.2744172513484955,-0.1372126756868468,0.009253323078155518,-0.2558170258998871,-0.12198644566155536,0.06963425874710083,-0.26265040040016174,-0.06073620232559307,0.1091356873512268,-0.28075578808784485,-0.13091405915833576,0.055969834327697754,-0.19655680656433105,-0.11303257631875141,0.03937000036239624,-0.2019258737564087,-0.08305709498740299,0.1201702356338501,-0.21287089586257935,-0.08103436666346653,0.1468755602836609,-0.21163687109947205,-0.11788749384499653,0.10050523281097412,-0.15942585468292236,-0.10542074280596836,0.078316330909729,-0.16289949417114258,-0.08669415551043613
X,0.0,0.0,0.0,-0.05839800834655762,-0.0607876181602478,-0.0548472211811557,-0.08671355247497559,-0.1687391996383667,-0.0908877507898822,-0.04058074951171875,-0.25578635931015015,-0.1262975962016597,0.02163231372833252,-0.2799275517463684,-0.1548671604249492,-0.0528339147567749,-0.3368409276008606,-0.04526424716448929,-0.0548323392868042,-0.4767787307500839,-0.1099551946971431,-0.03054022789001465,-0.5170044600963593,-0.14268663834071305,0.015269100666046143,-0.5429787933826447,-0.15949161659217026,0.013493835926055908,-0.30527231097221375,-0.047716032073260806,0.06928342580795288,-0.37267500162124634,-0.12936756323313858,0.028219640254974365,-0.2715316414833069,-0.13742231141066696,0.010950565338134766,-0.2572531998157501,-0.12239300768113281,0.07147681713104248,-0.263903945684433,-0.061285919800759814,0.11155569553375244,-0.27905377745628357,-0.1311443329904094,0.0594218373298645,-0.19482997059822083,-0.11312043230271485,0.0420953631401062,-0.2022172212600708,-0.08324726979470398,0.12261062860488892,-0.21370184421539307,-0.08166620443797257,0.14983880519866943,-0.21078598499298096,-0.117195847735168,0.10442626476287842,-0.15848380327224731,-0.10347608040309098,0.08209556341171265,-0.16302067041397095,-0.0836861089918628
X,0.0,0.0,0.0,-0.060835063457489014,-0.06247401237487793,-0.0426545367980804,-0.0923575758934021,-0.18016088008880615,-0.07311550541170497,-0.045300066471099854,-0.2653328478336334,-0.10448891682871242,0.021475374698638916,-0.276831716299057,-0.13128903521545787,-0.05742281675338745,-0.33303019404411316,-0.044468358292659715,-0.06135207414627075,-0.48388101160526276,-0.103436835243782,-0.03315681219100952,-0.531095027923584,-0.1370834262514915,0.011005580425262451,-0.5553577840328217,-0.15663789226063152,0.010502457618713379,-0.30334705114364624,-0.05138212828286548,0.06999355554580688,-0.3752923011779785,-0.1265834571266975,0.03632795810699463,-0.28476545214653015,-0.13757020248421092,0.016337156295776367,-0.25811007618904114,-0.12767645730026622,0.06859666109085083,-0.26139962673187256,-0.06658460213192363,0.10706484317779541,-0.2807241976261139,-0.12840366376884838,0.06120955944061279,-0.2029268443584442,-0.111960426106533,0.04225212335586548,-0.20070767402648926,-0.08637622757204433,0.11940312385559082,-0.2079586386680603,-0.08743680281885524,0.14445769786834717,-0.21139609813690186,-0.11880783005007167,0.10252624750137329,-0.16192960739135742,-0.10406985147245784,0.0800938606262207,-0.16232550144195557,-0.08556883050449748
X,0.0,0.0,0.0,-0.06291425228118896,-0.060452401638031006,-0.04791099930820053,-0.09377974271774292,-0.18133747577667236,-0.07990712280091827,-0.042075932025909424,-0.27044764161109924,-0.11217087859925812,0.024019598960876465,-0.2802159786224365,-0.13919216747102325,-0.057984769344329834,-0.33861231803894043,-0.04394514838871544,-0.06131398677825928,-0.48947298526763916,-0.10441229100045746,-0.034250617027282715,-0.534968376159668,-0.13623178357896393,0.009886622428894043,-0.55745929479599,-0.15338093395051544,0.010271012783050537,-0.30931368470191956,-0.04880082959947174,0.06576377153396606,-0.3791130483150482,-0.12565420920667236,0.029430806636810303,-0.27981120347976685,-0.13403268511113708,0.009918928146362305,-0.2575213611125946,-0.12106404061135834,0.06886565685272217,-0.26875630021095276,-0.06330954636153763,0.10686445236206055,-0.2899585962295532,-0.1286017482977826,0.059931278228759766,-0.2049216330051422,-0.11081912721213882,0.04230421781539917,-0.20449882745742798,-0.08283175135669296,0.12115412950515747,-0.21706867218017578,-0.08392814154443329,0.142322838306427,-0.21809068322181702,-0.11683538163718765,0.10178083181381226,-0.16418921947479248,-0.1020385881763417,0.0824691653251648,-0.16510170698165894,-0.0826475804549176
X,0.0,0.0,0.0,-0.059666335582733154,-0.06084960699081421,-0.0487400451128856,-0.09109866619110107,-0.17313849925994873,-0.08320570079735673,-0.045187413692474365,-0.25962889194488525,-0.11803194223097718,0.019422292709350586,-0.2880851626396179,-0.1473992475693599,-0.057891845703125,-0.3469686210155487,-0.04659547371915734,-0.061277031898498535,-0.4959000051021576,-0.11014565168074525,-0.02914297580718994,-0.5458339750766754,-0.1457105883782283,0.017777681350708008,-0.5722024142742157,-0.16475373594216264,0.010447502136230469,-0.3132878243923187,-0.05056471092752374,0.07463675737380981,-0.37976014614105225,-0.1270721116488353,0.040691375732421875,-0.2862447202205658,-0.13759903697422898,0.016662180423736572,-0.27070358395576477,-0.12687699584416307,0.07067221403121948,-0.2712433934211731,-0.06398158608130372,0.1165848970413208,-0.28830599784851074,-0.12928359298161424,0.06850272417068481,-0.20485031604766846,-0.11196684179953492,0.0434039831161499,-0.20759519934654236,-0.0848243990366832,0.12256520986557007,-0.2194822132587433,-0.0833743372385875,0.15496879816055298,-0.2248970866203308,-0.11689050583294786,0.11206948757171631,-0.16713404655456543,-0.1003224858467952,0.08471912145614624,-0.16506445407867432,-0.0791561463301555
X,0.0,0.0,0.0,-0.06084567308425903,-0.06253230571746826,-0.056534533749918126,-0.0934094786643982,-0.18132877349853516,-0.09363457689772048,-0.03999447822570801,-0.2709115147590637,-0.1301645723987619,0.03186976909637451,-0.2891576886177063,-0.1602500466514627,-0.05844014883041382,-0.35309579968452454,-0.0488904280472795,-0.06287574768066406,-0.5055480003356934,-0.11694311479816832,-0.032470881938934326,-0.5505575835704803,-0.15193369368801513,0.0169793963432312,-0.5759711563587189,-0.1696700690198938,0.011927902698516846,-0.32249677181243896,-0.05150095502624907,0.07276129722595215,-0.3926582932472229,-0.13459941128979125,0.032991230487823486,-0.2856381833553314,-0.14260270575771727,0.011180996894836426,-0.2719111442565918,-0.12749733905086913,0.073788583278656,-0.2811484634876251,-0.06556764374266066,0.11889266967773438,-0.29968327283859253,-0.13784592727909484,0.06650906801223755,-0.20881938934326172,-0.11914233992586531,0.04399996995925903,-0.2160758078098297,-0.08836948255787291,0.1283544898033142,-0.22943276166915894,-0.0865636406351129,0.1580459475517273,-0.23059993982315063,-0.12345442305097976,0.11343932151794434,-0.17317473888397217,-0.10778100172768035,0.08829277753829956,-0.1761312484741211,-0.08616968373546996
X,0.0,0.0,0.0,-0.060896456241607666,-0.06329959630966187,-0.050637322065414825,-0.09475910663604736,-0.18178099393844604,-0.08546459912973825,-0.0492931604385376,-0.2742588222026825,-0.12085118382889215,0.02265864610671997,-0.30139389634132385,-0.15054919063764993,-0.057379305362701416,-0.35411572456359863,-0.04827992111164514,-0.06163644790649414,-0.5112528800964355,-0.1146978834243435,-0.029025137424468994,-0.5586376190185547,-0.1531984531851429,0.021224558353424072,-0.5876968502998352,-0.17498624562937204,0.013398528099060059,-0.3219482898712158,-0.05327560618239824,0.07925534248352051,-0.39393341541290283,-0.13555704295355264,0.040427327156066895,-0.2989926338195801,-0.14990969240385477,0.015724360942840576,-0.2779250741004944,-0.14143114030081216,0.07480287551879883,-0.27814871072769165,-0.06799572944361154,0.12351822853088379,-0.2976032495498657,-0.1383862966271061,0.06867480278015137,-0.21094655990600586,-0.1233309680195469,0.041772425174713135,-0.20865419507026672,-0.09656568854767267,0.12713909149169922,-0.22261109948158264,-0.08896268397289697,0.16269922256469727,-0.22814643383026123,-0.12558871745783273,0.11409264802932739,-0.17126750946044922,-0.11114970087725107,0.08345276117324829,-0.16828781366348267,-0.09120238065439645
X,0.0,0.0,0.0,-0.06351691484451294,-0.06174612045288086,-0.057273145008760906,-0.09694427251815796,-0.1844567060470581,-0.09394120721884391,-0.04076254367828369,-0.2747294306755066,-0.13003835378952644,0.03519880771636963,-0.2946796417236328,-0.1598204553014817,-0.05836087465286255,-0.3599188029766083,-0.05000619142122886,-0.06017535924911499,-0.5174013078212738,-0.11756120173998497,-0.029803752899169922,-0.5617534518241882,-0.15401602088280342,0.020664632320404053,-0.5902072489261627,-0.17404228745766304,0.013989806175231934,-0.32866600155830383,-0.052772822964865185,0.07943093776702881,-0.3981267213821411,-0.1385811746007981,0.03758871555328369,-0.2957174777984619,-0.15104295610256813,0.015474081039428711,-0.27752116322517395,-0.13948621152706764,0.0764572024345398,-0.2851838767528534,-0.06661118118830345,0.12463098764419556,-0.3009916841983795,-0.1400995433218064,0.06822162866592407,-0.21245014667510986,-0.12437427340813301,0.04443174600601196,-0.21731925010681152,-0.09579379408426902,0.13062113523483276,-0.23128372430801392,-0.08748954831429145,0.16276860237121582,-0.2307707667350769,-0.12532550393410347,0.11556124687194824,-0.17484992742538452,-0.11181240825720451,0.08978980779647827,-0.17770636081695557,-0.09199849813051841
X,0.0,0.0,0.0,-0.05890697240829468,-0.06330782175064087,-0.05226115714112378,-0.09190809726715088,-0.1774945855140686,-0.0902443585852728,-0.04726666212081909,-0.26649075746536255,-0.12855392526188947,0.02021157741546631,-0.30296218395233154,-0.16093605588475324,-0.05393868684768677,-0.3621813952922821,-0.052781259820853244,-0.056017935276031494,-0.5195648074150085,-0.12280497531691648,-0.022385835647583008,-0.5672671496868134,-0.1640535129169569,0.029324710369110107,-0.5967193245887756,-0.18729425798455335,0.017591536045074463,-0.32897815108299255,-0.05798515136638738,0.08695608377456665,-0.3977707326412201,-0.14163128863373853,0.0474819540977478,-0.30219048261642456,-0.15691056679288007,0.022571146488189697,-0.28446900844573975,-0.14935223589936353,0.08025777339935303,-0.2837822437286377,-0.07298192213574506,0.12946593761444092,-0.3007437288761139,-0.1433681977848158,0.0737994909286499,-0.21326220035552979,-0.1268203688720808,0.0464094877243042,-0.21364372968673706,-0.09977998416224576,0.13335013389587402,-0.22724971175193787,-0.0944860411743269,0.16821390390396118,-0.2300719916820526,-0.1309013051847563,0.11873030662536621,-0.17093509435653687,-0.11483339052001096,0.08776605129241943,-0.16970497369766235,-0.09385709296265698
X,0.0,0.0,0.0,-0.06140083074569702,-0.06467545032501221,-0.05803212557707793,-0.09332090616226196,-0.18872308731079102,-0.09558197890196807,-0.03631269931793213,-0.27940332889556885,-0.1323417950121022,0.04240900278091431,-0.298101544380188,-0.16237910871182448,-0.05458474159240723,-0.3644512891769409,-0.05224559117828376,-0.05601757764816284,-0.5261407196521759,-0.12316984717522628,-0.025651514530181885,-0.5693420469760895,-0.161407582804308,0.02580249309539795,-0.5993984937667847,-0.18225999955807692,0.018349945545196533,-0.33146435022354126,-0.05524893139277465,0.08473759889602661,-0.4047855734825134,-0.14298785512124068,0.04342705011367798,-0.3005737066268921,-0.15521092002068526,0.023729145526885986,-0.2850636839866638,-0.14331821386490828,0.08147650957107544,-0.28586792945861816,-0.06956309114371306,0.12998491525650024,-0.30320116877555847,-0.14463225786362655,0.07238489389419556,-0.21268606185913086,-0.12693914060269362,0.050473153591156006,-0.21922343969345093,-0.0967413413969136,0.13604658842086792,-0.22981685400009155,-0.09101554040585524,0.16863924264907837,-0.23130923509597778,-0.12917635624085433,0.11950874328613281,-0.17289131879806519,-0.11362341080580718,0.09402728080749512,-0.1745927333831787,-0.0921772423831082
X,0.0,0.0,0.0,-0.05518186092376709,-0.06547093391418457,-0.05688192873575737,-0.08496993780136108,-0.1776694655418396,-0.09729300990083267,-0.03827184438705444,-0.2660892605781555,-0.13748133733251144,0.02831655740737915,-0.30487558245658875,-0.17097123517968704,-0.04972267150878906,-0.37088754773139954,-0.054505979561591644,-0.05066436529159546,-0.5265429317951202,-0.1264803464648967,-0.01639610528945923,-0.5728707313537598,-0.16648750557878067,0.036469340324401855,-0.599638432264328,-0.1877884323833232,0.022011101245880127,-0.3343227803707123,-0.05820232062914421,0.09671378135681152,-0.4028279483318329,-0.14433342769124557,0.05458414554595947,-0.3046862781047821,-0.15749458029248764,0.028671562671661377,-0.2913306951522827,-0.14680497899034073,0.08462738990783691,-0.2861475348472595,-0.07270411952712585,0.1387004256248474,-0.2991611361503601,-0.14841165199258377,0.07964038848876953,-0.21121209859848022,-0.13250735952832748,0.050769805908203125,-0.21673041582107544,-0.10380855753400375,0.13685446977615356,-0.22714418172836304,-0.09381510122993042,0.17595988512039185,-0.22760945558547974,-0.13472965910413315,0.12451404333114624,-0.17016750574111938,-0.12013742878415634,0.09115558862686157,-0.172291100025177,-0.09884752883889725
X,0.0,0.0,0.0,-0.05842924118041992,-0.06368052959442139,-0.06974210631105038,-0.08834898471832275,-0.179449200630188,-0.11305467080327603,-0.031104862689971924,-0.26895880699157715,-0.15374521207067104,0.04571610689163208,-0.30113235116004944,-0.18606617342683407,-0.053838908672332764,-0.3755316436290741,-0.05689054396006199,-0.05241358280181885,-0.5306287407875061,-0.13159597706052395,-0.019070088863372803,-0.5730507373809814,-0.16955009888860317,0.03574049472808838,-0.5996354818344116,-0.18855870556089016,0.02173590660095215,-0.3431910276412964,-0.05467562418433758,0.09663575887680054,-0.4049083888530731,-0.14591615688058468,0.05103147029876709,-0.2974022626876831,-0.15640196990224453,0.026558399200439453,-0.28831958770751953,-0.14116752933713528,0.08717840909957886,-0.2969578802585602,-0.06585369300099941,0.13992416858673096,-0.29833781719207764,-0.1472414363548431,0.0786331295967102,-0.20749253034591675,-0.13127581071111294,0.052868008613586426,-0.22194594144821167,-0.0998258371278915,0.14256209135055542,-0.24032336473464966,-0.08490898501130673,0.17842364311218262,-0.22881948947906494,-0.12834175717088314,0.12745285034179688,-0.17143714427947998,-0.11606282036754223,0.09758061170578003,-0.17951971292495728,-0.0950524960086021
X,0.0,0.0,0.0,-0.06129944324493408,-0.06553375720977783,-0.06191169679333264,-0.09079211950302124,-0.18534862995147705,-0.10248866886068875,-0.030152440071105957,-0.2750161588191986,-0.1423326081054359,0.05000615119934082,-0.2956765592098236,-0.17477949917484814,-0.04858565330505371,-0.37726619839668274,-0.052699199171557964,-0.04543900489807129,-0.5363928973674774,-0.1262799298780113,-0.01266711950302124,-0.5773771703243256,-0.1648739522712379,0.0417209267616272,-0.5994907021522522,-0.1849579459445625,0.02535611391067505,-0.3411145508289337,-0.054465050102963986,0.09337133169174194,-0.4050360918045044,-0.14311147689987713,0.04679238796234131,-0.29608154296875,-0.15309947192837292,0.02601635456085205,-0.2841639816761017,-0.13923638522793347,0.08871358633041382,-0.2927621901035309,-0.06883647501637036,0.13928812742233276,-0.3054441809654236,-0.14686491549183422,0.07688498497009277,-0.21382635831832886,-0.12881612241436535,0.05363374948501587,-0.2219332456588745,-0.09767423778940731,0.14339226484298706,-0.23461943864822388,-0.09068609237839276,0.17644214630126953,-0.2332707941532135,-0.13156033516098553,0.1249120831489563,-0.17488598823547363,-0.11714668780733639,0.09845203161239624,-0.1772250533103943,-0.0957875272648483
X,0.0,0.0,0.0,-0.059893250465393066,-0.06792694330215454,-0.06082370047002428,-0.0897296667098999,-0.1885564923286438,-0.10104222883015268,-0.028244435787200928,-0.27855437994003296,-0.1407711981657087,0.05273258686065674,-0.2990327477455139,-0.17265624095230692,-0.047679781913757324,-0.3803974986076355,-0.05017647061973207,-0.04653102159500122,-0.5399472862482071,-0.12465737302332514,-0.01503896713256836,-0.5818540453910828,-0.1636244981411039,0.03787875175476074,-0.6044953167438507,-0.18360430289536112,0.026178181171417236,-0.3448656499385834,-0.05247234467893236,0.09117615222930908,-0.4082131087779999,-0.14116150428085916,0.04567766189575195,-0.29617011547088623,-0.14999923397331827,0.02633887529373169,-0.28442254662513733,-0.13524650324612253,0.08974391222000122,-0.29804250597953796,-0.06774135966330164,0.13753867149353027,-0.31448638439178467,-0.14582497168808572,0.07691824436187744,-0.21982145309448242,-0.12588560868530863,0.05550795793533325,-0.2266027331352234,-0.09339289654522531,0.14484602212905884,-0.24051374197006226,-0.09054844368725412,0.17544639110565186,-0.24312597513198853,-0.13098338533669107,0.1244766116142273,-0.18318909406661987,-0.11540928770332926,0.09923547506332397,-0.18416762351989746,-0.09325515766172998
X,0.0,0.0,0.0,-0.05920279026031494,-0.06764280796051025,-0.059848566634784106,-0.0894242525100708,-0.18644404411315918,-0.09991458906067407,-0.030498385429382324,-0.278071790933609,-0.13979458166492975,0.05007028579711914,-0.3038249611854553,-0.17202968253029383,-0.04885756969451904,-0.377549409866333,-0.04852276025546587,-0.04834187030792236,-0.538066029548645,-0.12153446776999033,-0.01619178056716919,-0.5796594023704529,-0.1607655967606405,0.0365375280380249,-0.6040681898593903,-0.18152973903549707,0.025179564952850342,-0.3444286584854126,-0.05065559698475397,0.0867951512336731,-0.4058661460876465,-0.13913335753811396,0.045065224170684814,-0.2959113121032715,-0.1494053537978033,0.027133643627166748,-0.2815772294998169,-0.1360977525843481,0.08887720108032227,-0.298764169216156,-0.06534037096632517,0.13234901428222656,-0.31462275981903076,-0.14188230885399378,0.07458770275115967,-0.21944421529769897,-0.1212610836161474,0.05459386110305786,-0.22188735008239746,-0.08877438409460581,0.14317965507507324,-0.24214154481887817,-0.08760061217678583,0.170587420463562,-0.24441730976104736,-0.1271230961216787,0.12050068378448486,-0.18321728706359863,-0.11129144681824243,0.09707051515579224,-0.1821613907814026,-0.08914166046513117
X,0.0,0.0,0.0,-0.057717084884643555,-0.07041841745376587,-0.056282893460291916,-0.0863579511642456,-0.18939733505249023,-0.09305550966789156,-0.02958017587661743,-0.2821911573410034,-0.12990325007964998,0.049170732498168945,-0.30618125200271606,-0.1593325367980185,-0.04696369171142578,-0.37802088260650635,-0.04489929665257364,-0.04600977897644043,-0.5384454429149628,-0.11542397056152254,-0.013606727123260498,-0.5796405971050262,-0.15386734221507936,0.038444459438323975,-0.6026811003684998,-0.17417443607379823,0.025847673416137695,-0.3421874940395355,-0.04794272471596628,0.09288626909255981,-0.4091162383556366,-0.1331472924761954,0.05134326219558716,-0.3029630482196808,-0.14377737854053407,0.029944419860839844,-0.2872768044471741,-0.13126676593353181,0.08877164125442505,-0.29576992988586426,-0.06304607604076296,0.13709408044815063,-0.31321609020233154,-0.1368093571477118,0.07938003540039062,-0.22186332941055298,-0.1183542317562285,0.05557137727737427,-0.22400140762329102,-0.0878441563658896,0.1416921615600586,-0.23874884843826294,-0.08537087653209596,0.17508572340011597,-0.24273809790611267,-0.12328633729745775,0.12483388185501099,-0.18422335386276245,-0.10818625305225282,0.09700983762741089,-0.18165504932403564,-0.08690044347574144
X,0.0,0.0,0.0,-0.05723172426223755,-0.06248211860656738,-0.057631234132969666,-0.08785563707351685,-0.18400800228118896,-0.0951331392464283,-0.030505120754241943,-0.27512553334236145,-0.13241438423963814,0.045736491680145264,-0.30299490690231323,-0.16210558866831093,-0.05012553930282593,-0.3778809905052185,-0.04758902495476036,-0.04818660020828247,-0.5344216972589493,-0.11955863093706398,-0.0160980224609375,-0.5730296075344086,-0.1572843477663639,0.037514328956604004,-0.5947670936584473,-0.17698924099775581,0.023703396320343018,-0.3472762405872345,-0.049758891069615174,0.08602684736251831,-0.39992091059684753,-0.13737924253317146,0.04267716407775879,-0.2892566919326782,-0.1468280092415455,0.023935973644256592,-0.27712416648864746,-0.13319301461550026,0.08770084381103516,-0.30287203192710876,-0.06425043796869545,0.13047635555267334,-0.31076157093048096,-0.1404304341015461,0.07235777378082275,-0.2139735221862793,-0.12020245050760536,0.052927613258361816,-0.2190866470336914,-0.08841350530954628,0.14263606071472168,-0.24764475226402283,-0.0860229120192173,0.1680883765220642,-0.2422785758972168,-0.12611706411215096,0.1184854507446289,-0.17847412824630737,-0.111706352287257,0.09718269109725952,-0.1807536482810974,-0.09080200498672752
X,0.0,0.0,0.0,-0.05690467357635498,-0.07062709331512451,-0.05556905659568301,-0.08510810136795044,-0.18849259614944458,-0.09367594885361186,-0.028959453105926514,-0.27800530195236206,-0.13212765770685664,0.04726743698120117,-0.30119237303733826,-0.16349878924620143,-0.0470043420791626,-0.3732226490974426,-0.046760406519293696,-0.04643028974533081,-0.5306214541196823,-0.11765325831902018,-0.013814985752105713,-0.5732555091381073,-0.15566279011499873,0.037886083126068115,-0.5945276021957397,-0.17535066622030726,0.024922192096710205,-0.3390079736709595,-0.05038659291994563,0.09267765283584595,-0.40616023540496826,-0.13523635285627833,0.050257980823516846,-0.30087554454803467,-0.1445750595880746,0.02831214666366577,-0.2867735028266907,-0.13095736521017542,0.08747005462646484,-0.2940472960472107,-0.06587099301350108,0.13776707649230957,-0.3097973167896271,-0.1391138734174966,0.07969635725021362,-0.2203749418258667,-0.12004583346378794,0.05507004261016846,-0.2251504361629486,-0.08937200176250926,0.14069777727127075,-0.23797079920768738,-0.08853565173876277,0.17522966861724854,-0.23765838146209717,-0.1260784866167306,0.12570911645889282,-0.18036407232284546,-0.11081407981646052,0.09798663854598999,-0.18116086721420288,-0.08962558972370616
X,0.0,0.0,0.0,-0.06084924936294556,-0.06695538759231567,-0.055066250934729055,-0.0894538164138794,-0.19257205724716187,-0.08965570919168897,-0.027149736881256104,-0.2800838351249695,-0.1241387917841763,0.0515480637550354,-0.299067884683609,-0.1521582721914143,-0.053025662899017334,-0.37366679310798645,-0.04461741514457174,-0.05099004507064819,-0.5300039798021317,-0.11137564174784131,-0.016977131366729736,-0.5727612972259521,-0.14894900910509534,0.035501062870025635,-0.5977343916893005,-0.17017860405100294,0.02083408832550049,-0.34528669714927673,-0.04759715937031217,0.08594554662704468,-0.4027910530567169,-0.13335312597406812,0.043977200984954834,-0.300365686416626,-0.14726186983240552,0.020474612712860107,-0.2779986560344696,-0.13688674263609357,0.08530902862548828,-0.3015960454940796,-0.06177577443374105,0.12798559665679932,-0.3085695505142212,-0.13511198453558393,0.0716102123260498,-0.2172299027442932,-0.12039642475498624,0.049141526222229004,-0.21700626611709595,-0.09244151107920118,0.14060121774673462,-0.24573451280593872,-0.08286201648367353,0.1659201979637146,-0.2405560314655304,-0.12121844731224485,0.11674332618713379,-0.18154674768447876,-0.10915737293613859,0.09202474355697632,-0.1818101406097412,-0.09030637584579893
X,0.0,0.0,0.0,-0.056577980518341064,-0.06834530830383301,-0.05295148470391453,-0.08515608310699463,-0.18412691354751587,-0.09003420152653874,-0.0336574912071228,-0.2743414342403412,-0.12783338853110493,0.03802365064620972,-0.3008931279182434,-0.15916638799895466,-0.046620070934295654,-0.3691178858280182,-0.04718838983167828,-0.04639357328414917,-0.5230490267276764,-0.115812197112934,-0.014887690544128418,-0.5658543705940247,-0.15392900236834706,0.03613382577896118,-0.590952068567276,-0.17480588682879628,0.024778783321380615,-0.33433997631073,-0.052030764305488475,0.09158486127853394,-0.3976091742515564,-0.1353109849332732,0.05079168081283569,-0.29682740569114685,-0.14699815937270344,0.029406428337097168,-0.2815876603126526,-0.13628689178218067,0.0869065523147583,-0.2877400815486908,-0.0677048636316222,0.13518905639648438,-0.30041417479515076,-0.1390491647361678,0.07864975929260254,-0.2134268879890442,-0.1216185463308257,0.05411618947982788,-0.21604830026626587,-0.09307548382271946,0.138805091381073,-0.23078113794326782,-0.09023221560706318,0.1730746626853943,-0.23003274202346802,-0.12703064807643116,0.12321197986602783,-0.17356449365615845,-0.11230791338671864,0.09441334009170532,-0.1728484034538269,-0.09205140151967228
X,0.0,0.0,0.0,-0.06113719940185547,-0.063515305519104,-0.05452723172746943,-0.09073054790496826,-0.18757379055023193,-0.0878863905116205,-0.028887689113616943,-0.2737603187561035,-0.12098776293240832,0.04885321855545044,-0.2949928343296051,-0.1475603927417879,-0.054235100746154785,-0.36423707008361816,-0.04445349914275454,-0.0544816255569458,-0.5208562910556793,-0.10992117715321825,-0.0224759578704834,-0.5609956979751587,-0.14561371994458483,0.027788937091827393,-0.5848293602466583,-0.1654579688354616,0.018438994884490967,-0.33818957209587097,-0.046793454562056525,0.08196520805358887,-0.39428073167800903,-0.13271904480897234,0.04055267572402954,-0.29133403301239014,-0.14615762722932146,0.01748877763748169,-0.2694215774536133,-0.1350385148569231,0.08182317018508911,-0.2966059446334839,-0.06007527304135607,0.12503749132156372,-0.3015235662460327,-0.13452555728398607,0.06867146492004395,-0.20861250162124634,-0.12008737516843127,0.04665958881378174,-0.2084280550479889,-0.09173423541032122,0.1365402340888977,-0.24243700504302979,-0.08003621292554186,0.16318780183792114,-0.2346351444721222,-0.12053891760550783,0.11357927322387695,-0.1741238832473755,-0.10970819485627459,0.08777624368667603,-0.1745840311050415,-0.09113163990222262
X,0.0,0.0,0.0,-0.059792518615722656,-0.06539714336395264,-0.0520038198394559,-0.08990073204040527,-0.18525779247283936,-0.08748144318292361,-0.03351759910583496,-0.2744142711162567,-0.12354425747821551,0.039310455322265625,-0.29430076479911804,-0.15328168530891162,-0.05081355571746826,-0.3606412708759308,-0.04691809822747928,-0.05198770761489868,-0.5157343149185181,-0.11537378688285571,-0.02052319049835205,-0.558024525642395,-0.15294043381641131,0.029956936836242676,-0.5833505392074585,-0.17351153154800159,0.019278883934020996,-0.32780176401138306,-0.05167049949000102,0.08231347799301147,-0.388835608959198,-0.1350283737940572,0.04258245229721069,-0.2853563129901886,-0.1457596089405797,0.022540271282196045,-0.27274107933044434,-0.13447895307967883,0.08035778999328613,-0.2839241921901703,-0.06718925048539859,0.1279304027557373,-0.29975223541259766,-0.13891878385970813,0.07347476482391357,-0.21001958847045898,-0.1204220618767522,0.050663530826568604,-0.2141236662864685,-0.0912564437551282,0.13319706916809082,-0.22974658012390137,-0.08950280805061084,0.16635769605636597,-0.2291305661201477,-0.127360683278539,0.11866146326065063,-0.17075824737548828,-0.11273999174068194,0.09208977222442627,-0.17168128490447998,-0.09247218479345065
X,0.0,0.0,0.0,-0.06136679649353027,-0.0630255937576294,-0.055672342238082706,-0.09199333190917969,-0.1789543628692627,-0.09141827961529714,-0.041556358337402344,-0.2648938298225403,-0.12603576323117238,0.0267181396484375,-0.2915091812610626,-0.15404315134610158,-0.05696737766265869,-0.35845768451690674,-0.05074512427772504,-0.058362364768981934,-0.5137248784303665,-0.11754106571997625,-0.0232507586479187,-0.5546170771121979,-0.15465968689049703,0.02649855613708496,-0.574160099029541,-0.17465859493340474,0.014461517333984375,-0.331652969121933,-0.05232857754553777,0.07713931798934937,-0.3912585973739624,-0.1364601685675524,0.040835440158843994,-0.29416176676750183,-0.15035445829953176,0.015506565570831299,-0.2734725773334503,-0.14011022290314656,0.07701611518859863,-0.29136747121810913,-0.06438853433455449,0.11960470676422119,-0.2977796196937561,-0.13651721021260244,0.06896054744720459,-0.20931434631347656,-0.1229912175806902,0.044548630714416504,-0.21017175912857056,-0.09594501396740895,0.13115209341049194,-0.23956623673439026,-0.0830660074027918,0.15800637006759644,-0.23078495264053345,-0.12261732509459478,0.1116173267364502,-0.17433232069015503,-0.11199898114527684,0.08317095041275024,-0.1777070164680481,-0.0935604183944605
X,0.0,0.0,0.0,-0.059490203857421875,-0.06459683179855347,-0.05165518598549568,-0.09052097797393799,-0.18216198682785034,-0.08725281583063804,-0.039900898933410645,-0.2706623673439026,-0.12295093165629112,0.029795825481414795,-0.2935051918029785,-0.15245721267454826,-0.05532479286193848,-0.35280364751815796,-0.04918807523243629,-0.05684119462966919,-0.5081349313259125,-0.11495940165512764,-0.02442830801010132,-0.5499542504549026,-0.15141086803667747,0.025252878665924072,-0.5746425092220306,-0.17169607208960258,0.01470947265625,-0.32489484548568726,-0.05311740340583526,0.07683700323104858,-0.3816816210746765,-0.134484415519168,0.04058957099914551,-0.2851583957672119,-0.14683713542216026,0.019864916801452637,-0.2701989710330963,-0.1373998128055831,0.07577073574066162,-0.2847414016723633,-0.06700889544480049,0.12006521224975586,-0.29385611414909363,-0.13540356384508812,0.0695028305053711,-0.20944106578826904,-0.11908963100903236,0.0463983416557312,-0.21336373686790466,-0.09241930918686592,0.12908029556274414,-0.23400837182998657,-0.08762996422045433,0.1576060652732849,-0.22516101598739624,-0.12334157304756843,0.11225515604019165,-0.16994082927703857,-0.11035940574400627,0.08601254224777222,-0.1743067502975464,-0.09183751569979393
X,0.0,0.0,0.0,-0.06354814767837524,-0.06588029861450195,-0.04957012991336285,-0.09218794107437134,-0.18920999765396118,-0.08022003034976422,-0.03696686029434204,-0.276544451713562,-0.11130970130589901,0.03395003080368042,-0.2868970036506653,-0.13702147613194882,-0.058726608753204346,-0.35342642664909363,-0.039021277529272425,-0.06061774492263794,-0.5085868239402771,-0.09932893673804699,-0.030298829078674316,-0.552503913640976,-0.1323799283328384,0.014904260635375977,-0.5712767839431763,-0.14980558465150295,0.010091423988342285,-0.3259935677051544,-0.04226116250184475,0.06721127033233643,-0.39372730255126953,-0.12077641646293102,0.030998289585113525,-0.2965288460254669,-0.132657015425238,0.00882810354232788,-0.2697344720363617,-0.1209733800115913,0.07043659687042236,-0.28693872690200806,-0.05560168410566746,0.10901838541030884,-0.30630093812942505,-0.12327235351231991,0.06087702512741089,-0.21706527471542358,-0.10967662344602047,0.040993332862854004,-0.21062302589416504,-0.08254771838811337,0.12368160486221313,-0.23584705591201782,-0.07502737055447994,0.14722591638565063,-0.24165445566177368,-0.11015013019469677,0.10435754060745239,-0.18368417024612427,-0.09759535054591595,0.08143782615661621,-0.17892968654632568,-0.0782902033152908
X,0.0,0.0,0.0,-0.060887813568115234,-0.06547391414642334,-0.045542717286402024,-0.09218662977218628,-0.18633690476417542,-0.07679610357528333,-0.043399155139923096,-0.2780170440673828,-0.10942062393670682,0.025841951370239258,-0.29488614201545715,-0.13689439401870374,-0.05720323324203491,-0.3470015525817871,-0.04166323722248677,-0.061838507652282715,-0.5023592412471771,-0.10376411334519986,-0.03138613700866699,-0.5471378564834595,-0.13856219158416394,0.014314770698547363,-0.5703276097774506,-0.15773781047111157,0.010265231132507324,-0.316988080739975,-0.04785448715930585,0.0691421627998352,-0.38718685507774353,-0.12667392597442273,0.03507429361343384,-0.29263541102409363,-0.1390922258878291,0.012788891792297363,-0.27118438482284546,-0.12941179082637433,0.07004135847091675,-0.27799826860427856,-0.06335319981818799,0.111858069896698,-0.2993975877761841,-0.129544828393513,0.06494009494781494,-0.21427473425865173,-0.11399214372878674,0.04266148805618286,-0.2124427855014801,-0.08771199391132001,0.12303781509399414,-0.22831711173057556,-0.08485994891172055,0.1498204469680786,-0.23035293817520142,-0.1184831823492587,0.1072736382484436,-0.17475426197052002,-0.10450138554816846,0.08304822444915771,-0.17384976148605347,-0.08555820987468366
X,0.0,0.0,0.0,-0.06676626205444336,-0.06801682710647583,-0.04570524181831104,-0.0959157943725586,-0.19891881942749023,-0.07014134686100704,-0.03964972496032715,-0.28548532724380493,-0.09511141638863307,0.03287315368652344,-0.2846527397632599,-0.11476881216871959,-0.06399410963058472,-0.3434998393058777,-0.03195569079029781,-0.06708496809005737,-0.49881255626678467,-0.08619359295475704,-0.03758889436721802,-0.5393141508102417,-0.11538601081478816,0.0075844526290893555,-0.5603375732898712,-0.13141699295151454,0.003125011920928955,-0.3199959695339203,-0.03440069567072612,0.0612107515335083,-0.38893815875053406,-0.11054328243839961,0.027276277542114258,-0.2955835163593292,-0.12304309170353633,0.004394710063934326,-0.26559773087501526,-0.11190211932766658,0.06147599220275879,-0.2855161428451538,-0.046265126873137774,0.10306435823440552,-0.30389320850372314,-0.11044939022171718,0.05710744857788086,-0.2169404923915863,-0.09934939603913051,0.0359494686126709,-0.20738643407821655,-0.07416309576142055,0.11390334367752075,-0.238424152135849,-0.06393443207848293,0.14138823747634888,-0.24206185340881348,-0.09701383273709041,0.09935241937637329,-0.18555277585983276,-0.08767584126103145,0.07464021444320679,-0.17963474988937378,-0.07118669312107784
X,0.0,0.0,0.0,-0.06236445903778076,-0.06358444690704346,-0.046505496823414205,-0.09463447332382202,-0.18288031220436096,-0.07596989067755544,-0.04687845706939697,-0.27321141958236694,-0.10552973391972387,0.02317124605178833,-0.2910885214805603,-0.12959634604416692,-0.060865700244903564,-0.337042897939682,-0.04356256964169347,-0.06649404764175415,-0.4932287484407425,-0.10254472585879171,-0.033792972564697266,-0.536177858710289,-0.1363267237182697,0.012197911739349365,-0.5591655075550079,-0.15556191744767034,0.0044980645179748535,-0.3113449215888977,-0.04678644331656301,0.06546401977539062,-0.3783256411552429,-0.12428839596472585,0.03593820333480835,-0.2916344702243805,-0.13949381651841009,0.012080609798431396,-0.2671322524547577,-0.13219636025391424,0.061739325523376465,-0.27557283639907837,-0.058460370623691915,0.10647976398468018,-0.2884696125984192,-0.12179961147271001,0.06316030025482178,-0.20747581124305725,-0.10970850380621755,0.03894096612930298,-0.20578813552856445,-0.08624548556767309,0.11272644996643066,-0.22890853881835938,-0.07616887333355749,0.14273107051849365,-0.22214043140411377,-0.1087696188922962,0.10249567031860352,-0.1687638759613037,-0.09818684401474798,0.07628750801086426,-0.17114827036857605,-0.0817668745156368
X,0.0,0.0,0.0,-0.06369423866271973,-0.06411707401275635,-0.04568452418813962,-0.09723871946334839,-0.18405473232269287,-0.07345376567015904,-0.05002570152282715,-0.2707225978374481,-0.10124176398883122,0.02098912000656128,-0.2790963053703308,-0.12356357679734487,-0.06524765491485596,-0.33188921213150024,-0.04043604836831349,-0.07115119695663452,-0.4857647716999054,-0.09690650210747975,-0.041847825050354004,-0.5253429412841797,-0.1276763270891692,0.0016497969627380371,-0.545169860124588,-0.14459126100907582,0.0004328489303588867,-0.3092840611934662,-0.043113380978205385,0.05600166320800781,-0.3738390803337097,-0.11870639429459828,0.028020501136779785,-0.2834841310977936,-0.13162844286332387,0.006195485591888428,-0.2582082450389862,-0.12226301089892644,0.05807161331176758,-0.2751608192920685,-0.054426782140829744,0.09845584630966187,-0.28901126980781555,-0.11711261824736852,0.05769723653793335,-0.20624759793281555,-0.10520727590689916,0.03589218854904175,-0.20165252685546875,-0.08114699677596349,0.10897576808929443,-0.22935089468955994,-0.07144993946919698,0.13672763109207153,-0.22553414106369019,-0.10408783362279195,0.09775394201278687,-0.1714569628238678,-0.09397688911328572,0.07130676507949829,-0.1688205599784851,-0.07742984251151341
X,0.0,0.0,0.0,-0.060412824153900146,-0.06433504819869995,-0.040230357994055055,-0.09452027082443237,-0.17967885732650757,-0.06813240607521465,-0.049453020095825195,-0.2688882350921631,-0.0975894983603709,0.017306387424468994,-0.28338858485221863,-0.12192614932796886,-0.06461387872695923,-0.3298850357532501,-0.03797858764669826,-0.07289224863052368,-0.48253045976161957,-0.09552024861118724,-0.04029643535614014,-0.5245495140552521,-0.12879016061565807,0.005162060260772705,-0.5425548553466797,-0.1475310530259364,-0.0013526082038879395,-0.30594828724861145,-0.04419265871188571,0.05658048391342163,-0.369867742061615,-0.11817297150633266,0.0301741361618042,-0.2847153842449188,-0.1324151511981242,0.007069945335388184,-0.2633868455886841,-0.12563984652302196,0.055132150650024414,-0.27161189913749695,-0.05844554116270473,0.09935522079467773,-0.28538304567337036,-0.11886963804504802,0.059429049491882324,-0.20813196897506714,-0.10678225566885402,0.03507965803146362,-0.20824623107910156,-0.08467321654102733,0.10545617341995239,-0.2265607714653015,-0.07822115530512264,0.13609695434570312,-0.21872076392173767,-0.1093760411932223,0.09694492816925049,-0.16808736324310303,-0.0987317319705241,0.06896001100540161,-0.17124724388122559,-0.08293851276180675
X,0.0,0.0,0.0,-0.06446117162704468,-0.06179541349411011,-0.04138487484419784,-0.09803515672683716,-0.17911463975906372,-0.06744259875381431,-0.052560508251190186,-0.2680280804634094,-0.09433909785116157,0.01361846923828125,-0.28019505739212036,-0.11669842433298072,-0.061996400356292725,-0.32618117332458496,-0.035064811819438546,-0.0682373046875,-0.4695882648229599,-0.0877808807429119,-0.04218566417694092,-0.512331560254097,-0.1176081923779293,-0.0042435526847839355,-0.5361973643302917,-0.1347263483341976,0.0017805099487304688,-0.3021682798862457,-0.039713031613473504,0.05517810583114624,-0.36613333225250244,-0.11113526206577262,0.023966431617736816,-0.275398313999176,-0.12359293084705314,-0.0017238855361938477,-0.24912911653518677,-0.11481975298488578,0.057663679122924805,-0.2678573429584503,-0.05241772066915473,0.09670686721801758,-0.27982297539711,-0.11202451121175727,0.05365288257598877,-0.19844070076942444,-0.10037179570758781,0.02921086549758911,-0.1942375898361206,-0.07750402670467338,0.1063346266746521,-0.22245025634765625,-0.07045775931442222,0.13257622718811035,-0.22082629799842834,-0.1007595835264965,0.09281390905380249,-0.16782718896865845,-0.08955924492443046,0.06624460220336914,-0.16673985123634338,-0.07307172846162757
X,0.0,0.0,0.0,-0.06156069040298462,-0.05929219722747803,-0.0404855960924948,-0.09371024370193481,-0.17019227147102356,-0.06911416891411193,-0.049827754497528076,-0.2569243311882019,-0.09943470153406508,0.012440860271453857,-0.2736341059207916,-0.125088063808235,-0.05914175510406494,-0.3206673860549927,-0.03803884405091651,-0.06568217277526855,-0.46267104148864746,-0.09477288815573104,-0.04104894399642944,-0.5061400681734085,-0.12570282611444838,-3.039836883544922e-06,-0.5289436876773834,-0.14296923372343429,0.0038556456565856934,-0.29607027769088745,-0.045006742509158926,0.058564186096191406,-0.35644882917404175,-0.11914631518915542,0.02237236499786377,-0.26257917284965515,-0.12943430039480575,-0.0003368258476257324,-0.24089431762695312,-0.11906778606966384,0.05944406986236572,-0.26021578907966614,-0.06031861695841201,0.10061061382293701,-0.27328938245773315,-0.12197506222322829,0.052366793155670166,-0.1914597451686859,-0.10679895970419295,0.029410481452941895,-0.19062969088554382,-0.08204985204532989,0.1081857681274414,-0.2139745056629181,-0.08114345166281112,0.13612890243530273,-0.20907461643218994,-0.11308920178011306,0.09273743629455566,-0.15722328424453735,-0.10092701557472594,0.06720960140228271,-0.15980499982833862,-0.08394226971462615
X,0.0,0.0,0.0,-0.06332767009735107,-0.060938119888305664,-0.04370135986507506,-0.09569662809371948,-0.17111963033676147,-0.07146389954984755,-0.05320858955383301,-0.25607675313949585,-0.09963741326034636,0.009289920330047607,-0.2680867910385132,-0.12316090786159606,-0.059874773025512695,-0.3178964853286743,-0.035715555635100316,-0.06696701049804688,-0.4554675221443176,-0.09033318781555266,-0.042501866817474365,-0.4963887184858322,-0.12143641882837386,-0.004879653453826904,-0.5200368463993073,-0.13882887535989852,0.0029218196868896484,-0.2901991009712219,-0.039712944862252186,0.05276209115982056,-0.3537864089012146,-0.11222043806017012,0.020749330520629883,-0.26528412103652954,-0.1253985183805284,-0.0034293532371520996,-0.24487900733947754,-0.11676653647125335,0.05838513374328613,-0.25471231341362,-0.05220966586173148,0.09484124183654785,-0.269776850938797,-0.11354067349136443,0.05169707536697388,-0.19057780504226685,-0.10196377509534926,0.028993725776672363,-0.18913674354553223,-0.078464412924653,0.10692346096038818,-0.21025022864341736,-0.07011503153741927,0.132210373878479,-0.21164220571517944,-0.1009919586151895,0.09333282709121704,-0.1600879430770874,-0.08888732069433303,0.06916636228561401,-0.15924018621444702,-0.07125095450580687
X,0.0,0.0,0.0,-0.06159079074859619,-0.061326563358306885,-0.04340505588599086,-0.09255474805831909,-0.16842398047447205,-0.07234595704623104,-0.04968363046646118,-0.2523791491985321,-0.10219560552187801,0.008208215236663818,-0.269182413816452,-0.12671293306895137,-0.05901181697845459,-0.3158232569694519,-0.036696508413037066,-0.06691998243331909,-0.45301808416843414,-0.09466499823876262,-0.04314965009689331,-0.49548475444316864,-0.12603770185061336,-0.003201901912689209,-0.5188424289226532,-0.14261338103361965,0.003020942211151123,-0.2870278060436249,-0.04160166520424724,0.053574562072753906,-0.3484109938144684,-0.11591631907769084,0.01863706111907959,-0.25497737526893616,-0.12630489457198024,-0.0032950639724731445,-0.2386288046836853,-0.1152835561687553,0.05782860517501831,-0.25120434165000916,-0.055611397957285646,0.09643477201461792,-0.2680814564228058,-0.1189165784771049,0.05006670951843262,-0.18774938583374023,-0.10479003924675823,0.027785003185272217,-0.18995195627212524,-0.07950397569485546,0.10594308376312256,-0.2070346176624298,-0.0751340537125671,0.13393092155456543,-0.20721453428268433,-0.10777655977555156,0.09232401847839355,-0.1566937267780304,-0.09554751205988765,0.06673181056976318,-0.1585913896560669,-0.07757001358815074
X,0.0,0.0,0.0,-0.056314170360565186,-0.06075632572174072,-0.04013375620272086,-0.08809036016464233,-0.1615075170993805,-0.06644977311518119,-0.05537724494934082,-0.2472846508026123,-0.09375291000034736,-0.001166701316833496,-0.2755776047706604,-0.11572853158142493,-0.054261982440948486,-0.312641978263855,-0.028216554400586347,-0.06330209970474243,-0.4387095719575882,-0.08071455786850379,-0.04292118549346924,-0.4782813787460327,-0.10982148776676581,-0.008719325065612793,-0.49739813804626465,-0.12502644638445304,0.005030930042266846,-0.28500470519065857,-0.03231174181129859,0.04718518257141113,-0.34434348344802856,-0.09954720417883323,0.01582890748977661,-0.25637727975845337,-0.10910843740131781,-0.0037814974784851074,-0.23884934186935425,-0.098524194759392,0.05803138017654419,-0.24980509281158447,-0.04520137662913726,0.08972060680389404,-0.2659211754798889,-0.10274817476894782,0.0466579794883728,-0.18711340427398682,-0.08817714135076926,0.027031302452087402,-0.1853318214416504,-0.06326932887461112,0.10414791107177734,-0.20536911487579346,-0.063319515985512,0.12658095359802246,-0.21079373359680176,-0.09236218462612555,0.08781242370605469,-0.15882641077041626,-0.07909326682712958,0.06605345010757446,-0.1577804684638977,-0.06059091965582297
X,0.0,0.0,0.0,-0.05864781141281128,-0.06033831834793091,-0.03561001635628713,-0.09091150760650635,-0.16801270842552185,-0.056233085612831246,-0.05645209550857544,-0.2520015835762024,-0.07803425929981245,-0.0026030540466308594,-0.27271372079849243,-0.09517098955350889,-0.0572735071182251,-0.30700409412384033,-0.02290785677271856,-0.06721413135528564,-0.4338909238576889,-0.07047356657224668,-0.050988078117370605,-0.4749298542737961,-0.09701427064376844,-0.02019035816192627,-0.49768660962581635,-0.11176706097560896,0.0011263489723205566,-0.28063663840293884,-0.02857637211221231,0.04620784521102905,-0.3448079824447632,-0.09609805039602293,0.013584613800048828,-0.25629839301109314,-0.10844381890731825,-0.007202804088592529,-0.2294919788837433,-0.09920420489746107,0.05348396301269531,-0.24536475539207458,-0.04199555880862249,0.0860975980758667,-0.2626890540122986,-0.1006561218901254,0.042743563652038574,-0.18435442447662354,-0.0902266278071977,0.023397982120513916,-0.17892560362815857,-0.06739686421590818,0.0989234447479248,-0.2010410726070404,-0.059713251809654366,0.122062087059021,-0.2084772288799286,-0.09013998500543607,0.08360964059829712,-0.15600499510765076,-0.07902555904823316,0.06218445301055908,-0.15262240171432495,-0.062109127561626565
X,0.0,0.0,0.0,-0.05997234582901001,-0.05808532238006592,-0.03534399920869191,-0.09130704402923584,-0.16925454139709473,-0.056282611729386645,-0.053092777729034424,-0.25264111161231995,-0.078415474088672,0.002914905548095703,-0.2652789056301117,-0.09605915674734433,-0.05752551555633545,-0.30116695165634155,-0.027257893400076227,-0.06546568870544434,-0.42928336560726166,-0.07449165561962445,-0.05184453725814819,-0.47161415219306946,-0.0998790023641618,-0.02334493398666382,-0.49707575142383575,-0.11435786464977582,0.002194046974182129,-0.2781597375869751,-0.03317320549655278,0.047136902809143066,-0.3382681906223297,-0.09968559274244626,0.0126761794090271,-0.25022852420806885,-0.11006988415289243,-0.008565902709960938,-0.22501292824745178,-0.1004750860648187,0.054424822330474854,-0.2445099651813507,-0.04659588837790807,0.08711075782775879,-0.25911256670951843,-0.10362749377060254,0.042808592319488525,-0.18281406164169312,-0.0924850312786134,0.02359592914581299,-0.17958876490592957,-0.07053531536627133,0.09998047351837158,-0.20142695307731628,-0.0644394067840608,0.122364342212677,-0.20381617546081543,-0.09381780603695233,0.08306878805160522,-0.15377265214920044,-0.08338819274473508,0.061852216720581055,-0.15181425213813782,-0.06789149174261411
X,0.0,0.0,0.0,-0.058859050273895264,-0.06077909469604492,-0.032382025223895994,-0.08825618028640747,-0.16677671670913696,-0.05088360498540112,-0.05546659231185913,-0.24776825308799744,-0.07074858511678883,-0.005577504634857178,-0.2679837942123413,-0.08640526498548695,-0.05400663614273071,-0.3012281358242035,-0.021445532169863668,-0.06381076574325562,-0.42324548959732056,-0.06609347726099202,-0.05071139335632324,-0.46611230075359344,-0.09246615583889195,-0.023089289665222168,-0.48974865674972534,-0.10763741548053929,0.00262606143951416,-0.27535226941108704,-0.027964330118820158,0.048571884632110596,-0.3405364453792572,-0.09229005391590306,0.01552504301071167,-0.2611697316169739,-0.10646922404758641,-0.006123542785644531,-0.23128533363342285,-0.09946441913835713,0.05337446928024292,-0.23986521363258362,-0.04138910288803288,0.08591699600219727,-0.2567920386791229,-0.09617692495577046,0.04257535934448242,-0.18587613105773926,-0.08861682082407185,0.023370206356048584,-0.17793434858322144,-0.06880504156343648,0.09717589616775513,-0.1954948902130127,-0.05877610931985089,0.11898165941238403,-0.20406726002693176,-0.0866194989799709,0.08044910430908203,-0.15746554732322693,-0.07670986170761296,0.0597151517868042,-0.15345847606658936,-0.06141918788544842
X,0.0,0.0,0.0,-0.058905720710754395,-0.05677241086959839,-0.03590767630568337,-0.08778941631317139,-0.1652550995349884,-0.05605120756855797,-0.05298149585723877,-0.24787309765815735,-0.07697048583260369,-0.001725614070892334,-0.26601532101631165,-0.09290924468270134,-0.05512315034866333,-0.2976524829864502,-0.024062014978440516,-0.06274276971817017,-0.4193490743637085,-0.07102200188866448,-0.05159556865692139,-0.4603406488895416,-0.09590967544546913,-0.024000585079193115,-0.48545093834400177,-0.10955782779684853,0.0025583505630493164,-0.27285733819007874,-0.02962608807912659,0.047175586223602295,-0.33865466713905334,-0.09583850004902672,0.012076973915100098,-0.2515367567539215,-0.10628804364434075,-0.006694614887237549,-0.22675561904907227,-0.09587410637369942,0.05312114953994751,-0.23901250958442688,-0.04303500601282906,0.08522331714630127,-0.2579970061779022,-0.1002977544926722,0.04068708419799805,-0.18141931295394897,-0.08888292112580132,0.024101734161376953,-0.17912399768829346,-0.06594220348826241,0.09798336029052734,-0.19665464758872986,-0.060818502541692965,0.11910611391067505,-0.20387083292007446,-0.08950264551869225,0.08059042692184448,-0.1530381739139557,-0.07805061885348152,0.062316298484802246,-0.15118920803070068,-0.061526803162010424
X,0.0,0.0,0.0,-0.057148635387420654,-0.05871230363845825,-0.032479184255237215,-0.08650755882263184,-0.16505864262580872,-0.04956770925247156,-0.05241715908050537,-0.24551087617874146,-0.0674065971227833,-0.0018128752708435059,-0.263097882270813,-0.08057528226100885,-0.05165362358093262,-0.298870712518692,-0.022379119456047647,-0.06017380952835083,-0.4179384410381317,-0.06701719252788507,-0.04761248826980591,-0.45906999707221985,-0.0924123400303074,-0.01974278688430786,-0.4806773513555527,-0.10664791850769006,0.0044512152671813965,-0.2716805338859558,-0.028235976159805887,0.04831475019454956,-0.33540859818458557,-0.09078672020160639,0.014630615711212158,-0.25224339962005615,-0.10219230739795648,-0.0046569108963012695,-0.22467917203903198,-0.09367308257543527,0.05391627550125122,-0.23547855019569397,-0.041204112157458894,0.0857815146446228,-0.25613078474998474,-0.09514153240644418,0.042810916900634766,-0.183050274848938,-0.085310476407642,0.026332199573516846,-0.17548221349716187,-0.06424988298141443,0.09672695398330688,-0.19094514846801758,-0.05823474986874544,0.11969053745269775,-0.2029826045036316,-0.08624389259540521,0.08268481492996216,-0.15581372380256653,-0.07564331083023035,0.06436783075332642,-0.15057283639907837,-0.0598159493359276
X,0.0,0.0,0.0,-0.05808520317077637,-0.05690211057662964,-0.0342075634194714,-0.08805650472640991,-0.164152592420578,-0.053864210416207925,-0.05339980125427246,-0.24584147334098816,-0.07445471318496288,-0.0013440847396850586,-0.2633421719074249,-0.09025416852963986,-0.05299794673919678,-0.29527026414871216,-0.02471266644133152,-0.06065630912780762,-0.41444094479084015,-0.0707153040362698,-0.05026829242706299,-0.45578448474407196,-0.09509338023198666,-0.02327018976211548,-0.47950126230716705,-0.10862680109275402,0.0031205415725708008,-0.2697650194168091,-0.030911620278487817,0.04694610834121704,-0.3342249393463135,-0.0952606308652264,0.01173621416091919,-0.24628639221191406,-0.10456675620807232,-0.00610506534576416,-0.22063103318214417,-0.09421002449525417,0.052314043045043945,-0.2352440357208252,-0.04463088842166485,0.08505368232727051,-0.25694796442985535,-0.10052606048120083,0.04041236639022827,-0.18056774139404297,-0.08803578050864758,0.024337291717529297,-0.17580655217170715,-0.06510135116113247,0.09577864408493042,-0.1917876899242401,-0.06260858805907787,0.11847925186157227,-0.20372164249420166,-0.0912645417643887,0.080288827419281,-0.15340423583984375,-0.07938987346423687,0.06189662218093872,-0.14877456426620483,-0.06290530743135037
X,0.0,0.0,0.0,-0.05730491876602173,-0.05697435140609741,-0.03236252887634805,-0.08632582426071167,-0.15800994634628296,-0.05190208627371362,-0.05408543348312378,-0.23658913373947144,-0.07248736618547014,-0.005460977554321289,-0.26105430722236633,-0.08817431776313356,-0.0532987117767334,-0.29399555921554565,-0.023375361026211294,-0.061309635639190674,-0.4099135100841522,-0.06916183678893617,-0.05122554302215576,-0.4502027630805969,-0.09471336452750734,-0.024854183197021484,-0.4691552519798279,-0.10886580197600892,0.0026998519897460938,-0.2685920000076294,-0.029688286394758734,0.04683983325958252,-0.3304938077926636,-0.09351039378432802,0.011694550514221191,-0.24673748016357422,-0.1052432402828174,-0.006479144096374512,-0.21749407052993774,-0.09695960281877092,0.051708102226257324,-0.23336830735206604,-0.04309396146325639,0.0841149091720581,-0.2508178949356079,-0.0976736441114383,0.03903532028198242,-0.17792010307312012,-0.08709990678815416,0.022569894790649414,-0.1702662706375122,-0.0658016696432071,0.09451383352279663,-0.1897028684616089,-0.06047399042634538,0.11558949947357178,-0.19752025604248047,-0.08873270152597001,0.07748556137084961,-0.1497771143913269,-0.07806984780816606,0.05932974815368652,-0.14546915888786316,-0.062354613826556715
X,0.0,0.0,0.0,-0.05690574645996094,-0.055443763732910156,-0.03457113668318357,-0.0855255126953125,-0.1573919653892517,-0.05515005752440061,-0.051629722118377686,-0.23695752024650574,-0.07648972362275686,-0.0021149516105651855,-0.25451818108558655,-0.09280674099917974,-0.053080737590789795,-0.29063403606414795,-0.02545420207079019,-0.060747385025024414,-0.40508832037448883,-0.07093231320376958,-0.05100440979003906,-0.4460524767637253,-0.09449069887395467,-0.02394866943359375,-0.468929260969162,-0.1073610627650794,0.003165602684020996,-0.2654916048049927,-0.0309064028411683,0.046843767166137695,-0.32502469420433044,-0.09396133512254323,0.01125401258468628,-0.2385730743408203,-0.10222377568479146,-0.006136775016784668,-0.21473827958106995,-0.09146820694203939,0.05202662944793701,-0.23120498657226562,-0.043906371444421666,0.08442538976669312,-0.2485949993133545,-0.0984259316324767,0.039650678634643555,-0.17499342560768127,-0.08595235586162175,0.024050533771514893,-0.17159152030944824,-0.06346910387273397,0.09468084573745728,-0.18882393836975098,-0.061229824423747914,0.11621636152267456,-0.19496974349021912,-0.08947093725200261,0.07791656255722046,-0.14745169878005981,-0.07883579224343862,0.05998671054840088,-0.14491161704063416,-0.06333309352393712
X,0.0,0.0,0.0,-0.055059075355529785,-0.05319565534591675,-0.034695250490827334,-0.08324456214904785,-0.15285837650299072,-0.05535772214285828,-0.050788283348083496,-0.23107576370239258,-0.07647108058087326,-0.00235903263092041,-0.25572821497917175,-0.09237900892846085,-0.05133157968521118,-0.2843884229660034,-0.026298893192929995,-0.05796551704406738,-0.40004539489746094,-0.07234575370900131,-0.04812496900558472,-0.4392053335905075,-0.0952208838855455,-0.02068042755126953,-0.46260321140289307,-0.10704045514218308,0.004198729991912842,-0.25913748145103455,-0.03153029228202797,0.04602694511413574,-0.3235933780670166,-0.09394517312399842,0.010922729969024658,-0.23612180352210999,-0.10080960909478165,-0.004948556423187256,-0.2144356071949005,-0.08889763573758103,0.052629709243774414,-0.22590628266334534,-0.04443477238170601,0.08308041095733643,-0.24677464365959167,-0.09919281820408798,0.0395849347114563,-0.17085495591163635,-0.08523981044642426,0.02573835849761963,-0.1695462465286255,-0.06150446976177193,0.09569603204727173,-0.18476718664169312,-0.0615445091818998,0.11544561386108398,-0.1946706771850586,-0.08916745106331803,0.0784761905670166,-0.14463531970977783,-0.0765712685381601,0.06270694732666016,-0.14206820726394653,-0.05966466809265114
X,0.0,0.0,0.0,-0.0547558069229126,-0.052012085914611816,-0.0361946267119464,-0.08266377449035645,-0.15009823441505432,-0.05807236256514159,-0.04976511001586914,-0.22894272208213806,-0.0801576194397029,-0.0018654465675354004,-0.2525579035282135,-0.09689338179741469,-0.05101931095123291,-0.28373798727989197,-0.02810378047142592,-0.05781644582748413,-0.3984718322753906,-0.07569651725206938,-0.04690396785736084,-0.43840621411800385,-0.09944364848051634,-0.01931244134902954,-0.4590829461812973,-0.11149730207834807,0.004288077354431152,-0.2584465444087982,-0.032819580756765276,0.04661262035369873,-0.32208725810050964,-0.09677622141752806,0.011698484420776367,-0.2345888614654541,-0.1039961990943965,-0.00515669584274292,-0.21240249276161194,-0.09191938164148894,0.05242347717285156,-0.22502905130386353,-0.045378078245263964,0.08375728130340576,-0.24430662393569946,-0.10139258625422087,0.04002147912979126,-0.1688564419746399,-0.08742446126852599,0.02512580156326294,-0.16744282841682434,-0.06330656679783431,0.09520155191421509,-0.18386763334274292,-0.06225562515173522,0.11617660522460938,-0.19209879636764526,-0.09152135672484008,0.0792275071144104,-0.14257076382637024,-0.07972602965746489,0.062118589878082275,-0.14006656408309937,-0.0629403707614955
X,0.0,0.0,0.0,-0.05530482530593872,-0.05242043733596802,-0.03582360095336412,-0.082943856716156,-0.1529621183872223,-0.056889562522911774,-0.04748666286468506,-0.23216435313224792,-0.07830269507124399,0.0025571584701538086,-0.2490624189376831,-0.09446265420868372,-0.05135911703109741,-0.28483718633651733,-0.026656376784586655,-0.05672496557235718,-0.3983735740184784,-0.07328512391998743,-0.045169174671173096,-0.4374367594718933,-0.09700320533468698,-0.017374634742736816,-0.45758156478405,-0.10962892196133112,0.004269599914550781,-0.25892937183380127,-0.03152426204636072,0.04788517951965332,-0.31901562213897705,-0.09476867935612177,0.013203740119934082,-0.23261764645576477,-0.10235247633411859,-0.004042625427246094,-0.21151745319366455,-0.09111584595396494,0.05240142345428467,-0.22469118237495422,-0.04420906550242876,0.0849716067314148,-0.24282976984977722,-0.09939965478136514,0.040973663330078125,-0.16962990164756775,-0.0863302337284324,0.025263607501983643,-0.16927483677864075,-0.06334715208961939,0.09486639499664307,-0.18285423517227173,-0.06129117182447885,0.11667841672897339,-0.18874382972717285,-0.09025308362200235,0.07933074235916138,-0.14165520668029785,-0.07951842120840524,0.06136292219161987,-0.14077046513557434,-0.06384504458858942
X,0.0,0.0,0.0,-0.05545508861541748,-0.05184221267700195,-0.03610992959177395,-0.08322817087173462,-0.15252789855003357,-0.05717679268157383,-0.04759269952774048,-0.23182013630867004,-0.07854386201536556,0.002557516098022461,-0.24747058749198914,-0.09469860574638744,-0.051439642906188965,-0.28436487913131714,-0.026816000849365196,-0.05690830945968628,-0.3978521525859833,-0.07324912926590343,-0.045355796813964844,-0.43686123192310333,-0.09680793216860195,-0.017560064792633057,-0.4572049677371979,-0.1093529590073814,0.004238128662109375,-0.25881630182266235,-0.03143169885909458,0.04804497957229614,-0.31811434030532837,-0.09442583254015346,0.013240814208984375,-0.23227792978286743,-0.10183803519642254,-0.004248440265655518,-0.2117556929588318,-0.09052565476333996,0.05234795808792114,-0.22485390305519104,-0.043887847721933326,0.08490073680877686,-0.2423335313796997,-0.09884605339205166,0.040909528732299805,-0.16966032981872559,-0.08594266852772137,0.025149643421173096,-0.1695605218410492,-0.06312563052809139,0.0948074460029602,-0.1832869052886963,-0.060779260158895454,0.11648660898208618,-0.188210129737854,-0.08966653576528927,0.07917982339859009,-0.14147734642028809,-0.07922203621303936,0.06121838092803955,-0.14084720611572266,-0.06377782455122372
X,0.0,0.0,0.0,-0.053001999855041504,-0.052029430866241455,-0.035790343170504,-0.08120113611221313,-0.14781120419502258,-0.05611826885257187,-0.051747262477874756,-0.22577673196792603,-0.07642615247283402,-0.0075531005859375,-0.2504006028175354,-0.09135548431191864,-0.050762951374053955,-0.2836780846118927,-0.026547765692214398,-0.05694955587387085,-0.39581498503685,-0.07241840321336213,-0.043919920921325684,-0.43530435860157013,-0.09639556366715851,-0.01649928092956543,-0.4558306336402893,-0.10882216352734986,0.0038632750511169434,-0.2572047710418701,-0.030757012178639798,0.047809481620788574,-0.31810083985328674,-0.09283484924350205,0.014830231666564941,-0.23598754405975342,-0.1014196168235344,-0.00437551736831665,-0.21440193057060242,-0.09080694276605072,0.05183756351470947,-0.2233462929725647,-0.04261989552293244,0.08395183086395264,-0.2401180863380432,-0.0971638675383133,0.042279601097106934,-0.1692715883255005,-0.0858009051135582,0.025532901287078857,-0.1680280566215515,-0.06365425545487824,0.09403258562088013,-0.1823050081729889,-0.05873997915301743,0.11736792325973511,-0.18940183520317078,-0.08793387967858735,0.08156919479370117,-0.14390966296195984,-0.07794894683871689,0.062055110931396484,-0.1420104205608368,-0.062386188989023594
X,0.0,0.0,0.0,-0.053109943866729736,-0.05201655626296997,-0.03645143478880186,-0.08114504814147949,-0.1475737988948822,-0.057887723741629316,-0.051466286182403564,-0.225969135761261,-0.07932653099069853,-0.006824612617492676,-0.2509271502494812,-0.09530611902246733,-0.05119901895523071,-0.2834455370903015,-0.027320671898820592,-0.056940436363220215,-0.3952644020318985,-0.0742035117722537,-0.04502403736114502,-0.43523383140563965,-0.09878053337106962,-0.018326997756958008,-0.45540472865104675,-0.11160317629347105,0.0031333565711975098,-0.25636938214302063,-0.03158521845708151,0.04727071523666382,-0.3176780939102173,-0.09478978633651991,0.01377105712890625,-0.23428136110305786,-0.10376819789181013,-0.0050054192543029785,-0.21314114332199097,-0.09338296025762816,0.050763607025146484,-0.22233709692955017,-0.043544484374621106,0.08377450704574585,-0.24110636115074158,-0.09912074923286696,0.04109138250350952,-0.16899290680885315,-0.0870635417080905,0.024103999137878418,-0.1676783561706543,-0.06437146484623213,0.09278702735900879,-0.18122300505638123,-0.05979233056078215,0.11625778675079346,-0.18999570608139038,-0.08952630132208128,0.07994550466537476,-0.14317366480827332,-0.07884129702816267,0.06040924787521362,-0.14069372415542603,-0.0626940411306407
