label,x0,y0,z0,x1,y1,z1,x2,y2,z2,x3,y3,z3,x4,y4,z4,x5,y5,z5,x6,y6,z6,x7,y7,z7,x8,y8,z8,x9,y9,z9,x10,y10,z10,x11,y11,z11,x12,y12,z12,x13,y13,z13,x14,y14,z14,x15,y15,z15,x16,y16,z16,x17,y17,z17,x18,y18,z18,x19,y19,z19,x20,y20,z20
Z,0.0,0.0,0.0,-0.0544511079788208,0.02808856964111328,-0.056821645938143206,-0.08475124835968018,0.021512150764465332,-0.10211923881648488,-0.03410446643829346,0.024203717708587646,-0.1383953781354279,0.017683207988739014,0.0043373703956604,-0.17036671354649968,-0.10331863164901733,-0.15506860613822937,-0.09749373956798024,-0.14753955602645874,-0.17790630459785461,-0.16337786033032842,-0.18872928619384766,-0.18648096919059753,-0.21195756807206578,-0.22702229022979736,-0.19696557521820068,-0.24687481834767766,-0.04517638683319092,-0.21546518802642822,-0.09451131685851522,-0.03649342060089111,-0.12321010231971741,-0.1537866683232636,-0.04046863317489624,-0.038481950759887695,-0.1661678047406525,-0.04839259386062622,-0.033082544803619385,-0.17134488537190862,0.01575416326522827,-0.2105731964111328,-0.09772196575282521,0.03717982769012451,-0.08353519439697266,-0.1410044224488587,0.0183408260345459,-0.012841463088989258,-0.11502798064826436,0.003509342670440674,-0.026881873607635498,-0.09598747804044194,0.07374119758605957,-0.17751312255859375,-0.10850105597852178,0.08207672834396362,-0.07405012845993042,-0.1454885543811173,0.06940948963165283,-0.02243727445602417,-0.13140063896058507,0.06322592496871948,-0.03456997871398926,-0.11589741124986119
Z,0.0,0.0,0.0,-0.048663318157196045,0.023975253105163574,-0.06644284908287545,-0.0936744213104248,0.012836694717407227,-0.11805466745607873,-0.08955079317092896,-0.0011717677116394043,-0.15984532420151254,-0.08322504162788391,-0.04686331748962402,-0.1977245229911091,-0.10945361852645874,-0.17964649200439453,-0.11231417392008325,-0.14855414628982544,-0.19651684165000916,-0.19216390137188455,-0.18945258855819702,-0.2034052312374115,-0.25437376086227914,-0.23263436555862427,-0.21217194199562073,-0.2981682736109974,-0.04737359285354614,-0.23763138055801392,-0.10932882313244363,-0.03812730312347412,-0.1410020887851715,-0.18200136904232522,-0.04354822635650635,-0.05559903383255005,-0.20260979418270608,-0.053459227085113525,-0.047109127044677734,-0.2118631023597004,0.019417405128479004,-0.23092418909072876,-0.11361078356020471,0.036135852336883545,-0.10536783933639526,-0.16474172656052133,0.019714415073394775,-0.03631722927093506,-0.13729345981590768,0.00799018144607544,-0.051920413970947266,-0.11688507531397363,0.0767594575881958,-0.19491901993751526,-0.12687605802528878,0.08922725915908813,-0.09168267250061035,-0.17124380354397317,0.07576191425323486,-0.038594186305999756,-0.15651308183186075,0.07026410102844238,-0.05468529462814331,-0.1390869039725544
Z,0.0,0.0,0.0,-0.04900240898132324,0.030896425247192383,-0.0629111504168236,-0.09406137466430664,0.024059176445007324,-0.11345470454403994,-0.07573232054710388,0.008412361145019531,-0.15508187319943545,-0.04708296060562134,-0.04229903221130371,-0.1926328739137375,-0.11877107620239258,-0.17262011766433716,-0.10680292304465411,-0.15535783767700195,-0.19246861338615417,-0.1851498087854111,-0.1945708990097046,-0.20351263880729675,-0.24458049740502474,-0.23606950044631958,-0.21525898575782776,-0.28517327215382693,-0.05695819854736328,-0.23913928866386414,-0.10415985938021777,-0.05187559127807617,-0.11396616697311401,-0.17866370584675906,-0.059769511222839355,-0.010293245315551758,-0.19747610892960665,-0.0703170895576477,0.02169877290725708,-0.20252505447575686,0.01165837049484253,-0.23672059178352356,-0.10849414523551104,0.02682662010192871,-0.09267473220825195,-0.16503127422043917,0.009763956069946289,-0.028252243995666504,-0.13929866757104037,-0.003628075122833252,-0.04499596357345581,-0.11643434818694232,0.07299387454986572,-0.20529448986053467,-0.12037174161383746,0.08199036121368408,-0.09163874387741089,-0.16425465550133822,0.07314807176589966,-0.04033690690994263,-0.14697430040547488,0.07150864601135254,-0.05908316373825073,-0.12628488745400546
Z,0.0,0.0,0.0,-0.05464455485343933,0.03300529718399048,-0.05938873692804236,-0.09499454498291016,0.029874026775360107,-0.10989494129472632,-0.0531274676322937,0.020304441452026367,-0.15229682132058997,-0.006114661693572998,-0.02511686086654663,-0.19092867776208777,-0.12311288714408875,-0.16562426090240479,-0.10366813346200843,-0.1679432988166809,-0.18855533003807068,-0.1785619954710569,-0.2113802433013916,-0.19857019186019897,-0.2376050303822126,-0.256320595741272,-0.21160811185836792,-0.2802555064802732,-0.06053948402404785,-0.23276680707931519,-0.10328679039531607,-0.0602135956287384,-0.1251346468925476,-0.1727229456549253,-0.05497512221336365,-0.029951632022857666,-0.18978948398881812,-0.057354748249053955,-0.006145954132080078,-0.19486234589868445,0.008362889289855957,-0.23069092631340027,-0.10935709878259559,0.017231881618499756,-0.0946354866027832,-0.15293973192029853,0.004240214824676514,-0.033017635345458984,-0.1198415408974256,-0.006045699119567871,-0.052198052406311035,-0.09575099005752463,0.07010549306869507,-0.19796130061149597,-0.12434309228711982,0.07575201988220215,-0.07548612356185913,-0.1602451454048719,0.06687647104263306,-0.02550119161605835,-0.13998382791334052,0.06565248966217041,-0.04846853017807007,-0.11907805755191703
Z,0.0,0.0,0.0,-0.05055078864097595,0.023398399353027344,-0.059355040979170326,-0.09799760580062866,0.012505173683166504,-0.1067740786490674,-0.08284860849380493,-0.010059475898742676,-0.14567049775698138,-0.050231337547302246,-0.06254935264587402,-0.180469656330132,-0.11954668164253235,-0.18974846601486206,-0.09668252800085497,-0.16131430864334106,-0.20329558849334717,-0.17304284308531237,-0.2005208134651184,-0.2100115418434143,-0.23098199997522784,-0.24079453945159912,-0.2155258059501648,-0.2711930665788884,-0.05718046426773071,-0.25614655017852783,-0.09590396468021822,-0.05112186074256897,-0.14620038866996765,-0.16824368570425463,-0.04355710744857788,-0.03976237773895264,-0.18389768336393786,-0.042842209339141846,-0.0041234493255615234,-0.1860994491396184,0.011247992515563965,-0.25208547711372375,-0.10284153555014086,0.027922511100769043,-0.11393392086029053,-0.1583131644544835,0.019104838371276855,-0.044266700744628906,-0.13232497308828783,0.008193016052246094,-0.053666651248931885,-0.1088173109708066,0.0711246132850647,-0.21684333682060242,-0.11733140234329653,0.0828402042388916,-0.10059785842895508,-0.16310706172563982,0.07876664400100708,-0.04918539524078369,-0.14944213066675616,0.07699018716812134,-0.0680084228515625,-0.13090884123423052
Z,0.0,0.0,0.0,-0.0554366409778595,0.02180534601211548,-0.058592999479287755,-0.10160490870475769,0.01301485300064087,-0.10859367077659954,-0.06791794300079346,-0.004542648792266846,-0.15021579538893093,-0.02496802806854248,-0.05040961503982544,-0.1883003470809399,-0.12117785215377808,-0.1906760036945343,-0.10185265367340435,-0.16857659816741943,-0.2054010033607483,-0.17601927196096767,-0.2128564715385437,-0.21587112545967102,-0.23500285123895992,-0.25651586055755615,-0.2265850007534027,-0.27750699793409694,-0.05500209331512451,-0.25132477283477783,-0.1022916418821751,-0.052197158336639404,-0.15229013562202454,-0.17285322224211086,-0.051616549491882324,-0.05350726842880249,-0.19387582515787471,-0.05328398942947388,-0.02950209379196167,-0.20298664843153347,0.015976011753082275,-0.2446649670600891,-0.10887042259287227,0.025389432907104492,-0.11750870943069458,-0.1605284122140347,0.008263111114501953,-0.043059349060058594,-0.13742744003843654,-0.0036066770553588867,-0.05020582675933838,-0.11902554904531826,0.07952529191970825,-0.209605872631073,-0.12297404383730282,0.08544474840164185,-0.11173027753829956,-0.16524693941187252,0.0730857253074646,-0.05599874258041382,-0.14972316299986232,0.06908196210861206,-0.06399804353713989,-0.13198248123239864
Z,0.0,0.0,0.0,-0.059570878744125366,0.01600801944732666,-0.06175765073416528,-0.10821408033370972,0.0023379921913146973,-0.11338235116122064,-0.07795313000679016,-0.0073871612548828125,-0.15586527115223703,-0.02968314290046692,-0.05558979511260986,-0.19526921635983285,-0.12008416652679443,-0.21334433555603027,-0.10447742468235788,-0.1706736981868744,-0.2133159339427948,-0.18361251479504404,-0.21891683340072632,-0.22367453575134277,-0.24807258373616037,-0.2632370591163635,-0.23554441332817078,-0.29465289837239084,-0.04608339071273804,-0.2714276909828186,-0.10379476523516473,-0.06226387619972229,-0.13833433389663696,-0.1773727131497651,-0.05881592631340027,-0.032280147075653076,-0.19663204676029977,-0.050742268562316895,-0.008430719375610352,-0.20414525693772134,0.029346883296966553,-0.2552535831928253,-0.11034684306500253,0.023414790630340576,-0.11932158470153809,-0.16516486233589944,0.0010418891906738281,-0.04906803369522095,-0.13799007660267648,-0.010077357292175293,-0.06176555156707764,-0.11588605171559152,0.09105628728866577,-0.2075434923171997,-0.12470487183449563,0.0842016339302063,-0.093605637550354,-0.17141157811997232,0.06298691034317017,-0.04142272472381592,-0.15671872025845346,0.05547815561294556,-0.057698071002960205,-0.13842301494000253
Z,0.0,0.0,0.0,-0.05776676535606384,0.016746819019317627,-0.06337044227842625,-0.11874794960021973,-0.0017638802528381348,-0.11152785111192998,-0.119129478931427,-0.017910361289978027,-0.15031146097902592,-0.08516693115234375,-0.07968145608901978,-0.18338277030710515,-0.13033166527748108,-0.22060400247573853,-0.09966874707464513,-0.19210126996040344,-0.21046271920204163,-0.1816796867919379,-0.2466396689414978,-0.21021485328674316,-0.24343701291803654,-0.29444342851638794,-0.2151685655117035,-0.2858105509353095,-0.05652877688407898,-0.2811104953289032,-0.09616719771150883,-0.08019447326660156,-0.13360512256622314,-0.17032866764787968,-0.07080459594726562,-0.0264398455619812,-0.1834274439883643,-0.05550098419189453,-0.010424017906188965,-0.18529236901525792,0.017170608043670654,-0.2668415307998657,-0.10145108241562184,0.011336684226989746,-0.11332982778549194,-0.1618226825070792,-0.005235433578491211,-0.03721576929092407,-0.13156262624983128,-0.0112382173538208,-0.052041828632354736,-0.10472583610538777,0.07949715852737427,-0.22092053294181824,-0.11461146760706242,0.07452142238616943,-0.0899348258972168,-0.1667021273446494,0.0545613169670105,-0.032093346118927,-0.15386112619165715,0.04578685760498047,-0.05262202024459839,-0.1346283911538535
Z,0.0,0.0,0.0,-0.05089837312698364,0.008232653141021729,-0.07042836771921657,-0.11268150806427002,0.00044226646423339844,-0.12504113839582942,-0.1373104751110077,-0.007409512996673584,-0.17053022609667323,-0.12150806188583374,-0.06946265697479248,-0.21102194117025874,-0.12450063228607178,-0.2257770299911499,-0.10440373049692653,-0.18879154324531555,-0.2119711935520172,-0.18779438363031886,-0.24277815222740173,-0.21058815717697144,-0.24725906179861568,-0.28940707445144653,-0.21141022443771362,-0.28590231762842677,-0.04855266213417053,-0.2806922197341919,-0.09966119752840541,-0.07620865106582642,-0.14545071125030518,-0.17466973887400172,-0.07180419564247131,-0.03893321752548218,-0.18705667184309505,-0.05975836515426636,-0.02545177936553955,-0.18662213908152125,0.026530802249908447,-0.2620164155960083,-0.10451509432510875,0.010689139366149902,-0.11536836624145508,-0.168439101442857,-0.007786154747009277,-0.03963017463684082,-0.1421652101130917,-0.013346493244171143,-0.05436438322067261,-0.11571052299456142,0.0886232852935791,-0.2109229862689972,-0.11736666785196803,0.07738274335861206,-0.08555757999420166,-0.16765139625982783,0.05642300844192505,-0.03164190053939819,-0.15517842398600123,0.04831337928771973,-0.04914379119873047,-0.13584570215658687
Z,0.0,0.0,0.0,-0.04978856444358826,0.011911094188690186,-0.07081197264051298,-0.11424267292022705,0.0059923529624938965,-0.12504401864862302,-0.1431288719177246,-0.005196869373321533,-0.16969996752595762,-0.13142895698547363,-0.07168644666671753,-0.20811781349038938,-0.12702149152755737,-0.22281107306480408,-0.10560693653678754,-0.18608498573303223,-0.21141692996025085,-0.19128717543935636,-0.24035567045211792,-0.20972809195518494,-0.2502319818959222,-0.29037152230739594,-0.21330571174621582,-0.2880646592602716,-0.0516277551651001,-0.2789297103881836,-0.0996646067724214,-0.08267167210578918,-0.1381630301475525,-0.1737511164174066,-0.0728071928024292,-0.03140377998352051,-0.18315094771242002,-0.055751919746398926,-0.023733675479888916,-0.18129020991182188,0.021984755992889404,-0.26379042863845825,-0.10381664397573331,0.009458422660827637,-0.10993334650993347,-0.16675379934167722,-0.006978094577789307,-0.040032267570495605,-0.13867847683286527,-0.012887746095657349,-0.06622016429901123,-0.11202963503455976,0.08384335041046143,-0.2161344289779663,-0.11622338803863386,0.07597881555557251,-0.0894734263420105,-0.1663738048300729,0.058591365814208984,-0.03682798147201538,-0.15456096889829496,0.05249333381652832,-0.06092327833175659,-0.1362019038424478
Z,0.0,0.0,0.0,-0.058447182178497314,0.007826924324035645,-0.05918529718255172,-0.1244034469127655,-0.005419731140136719,-0.10781664862369666,-0.13892433047294617,-0.02500450611114502,-0.14832683368658195,-0.11085537075996399,-0.09039539098739624,-0.18357395096754203,-0.13610708713531494,-0.22723084688186646,-0.09689766629671226,-0.20423942804336548,-0.21930855512619019,-0.17828290625547538,-0.25897251069545746,-0.22224241495132446,-0.23888487084840904,-0.30848634243011475,-0.22749531269073486,-0.2800141768071569,-0.05953693389892578,-0.2862682640552521,-0.09593710764383445,-0.08877819776535034,-0.1571262776851654,-0.16659065052007804,-0.07723531126976013,-0.05318421125411987,-0.17784548266862998,-0.06385543942451477,-0.03589111566543579,-0.17829636200403343,0.017172574996948242,-0.2717924118041992,-0.10315602733825813,0.0014638304710388184,-0.12287461757659912,-0.15872875317072044,-0.009309262037277222,-0.050293564796447754,-0.127223049244634,-0.012785255908966064,-0.068073570728302,-0.10018384172653327,0.08215725421905518,-0.22384792566299438,-0.1180694894406713,0.06975048780441284,-0.09676700830459595,-0.16371077760194908,0.055088162422180176,-0.04458886384963989,-0.14737982018922935,0.0504034161567688,-0.06688058376312256,-0.12641832693552146
Z,0.0,0.0,0.0,-0.05700027942657471,0.008099675178527832,-0.07223477450830273,-0.12029194831848145,-0.005041599273681641,-0.1283040964387112,-0.12812411785125732,-0.014203786849975586,-0.17480473456603818,-0.09662467241287231,-0.07580000162124634,-0.2155892276547604,-0.13209941983222961,-0.23654621839523315,-0.10661781815511517,-0.1989578902721405,-0.22480052709579468,-0.19056767461520963,-0.2579810172319412,-0.22322171926498413,-0.2502877437852078,-0.3092925548553467,-0.22653937339782715,-0.2900351607583218,-0.055364757776260376,-0.2944488525390625,-0.10122249511701398,-0.08181458711624146,-0.1484730839729309,-0.1766708516858273,-0.07415717840194702,-0.0488358736038208,-0.18817323682529263,-0.06143960356712341,-0.0420842170715332,-0.18799764154178433,0.019597947597503662,-0.2772335112094879,-0.10588738558513455,0.006811857223510742,-0.1250036358833313,-0.16819845376235776,-0.00876760482788086,-0.05547463893890381,-0.13882257280570798,-0.01592850685119629,-0.07784116268157959,-0.11154504356605344,0.08358782529830933,-0.22706973552703857,-0.11935018239242368,0.07514244318008423,-0.09946048259735107,-0.16984360156280331,0.05823218822479248,-0.04721498489379883,-0.15727265415412717,0.05059552192687988,-0.06972140073776245,-0.13817377624732785
Z,0.0,0.0,0.0,-0.06067278981208801,0.004453718662261963,-0.06597831845044766,-0.12409579753875732,-0.010836780071258545,-0.11775022744893704,-0.14195770025253296,-0.02649003267288208,-0.16077675670146618,-0.12313669919967651,-0.08632302284240723,-0.1991109177446333,-0.13098269701004028,-0.23963001370429993,-0.10263868421077404,-0.19787997007369995,-0.23101791739463806,-0.18617933243274365,-0.25553208589553833,-0.22879841923713684,-0.2461426183557478,-0.3079844117164612,-0.23071089386940002,-0.28497634082793866,-0.053372323513031006,-0.29221367835998535,-0.09941084682702694,-0.08641302585601807,-0.1565273106098175,-0.17155224829673443,-0.0810687243938446,-0.05212056636810303,-0.1839688643789259,-0.06952661275863647,-0.03800123929977417,-0.18485238402843152,0.02082425355911255,-0.2726435363292694,-0.10533675551175747,-0.0004786849021911621,-0.1280055046081543,-0.1666547730541197,-0.01690003275871277,-0.0553584098815918,-0.14148705452441845,-0.02231469750404358,-0.07189053297042847,-0.11698383092641507,0.08291161060333252,-0.22212141752243042,-0.11891030519961987,0.06808966398239136,-0.10205632448196411,-0.16709003597259198,0.047835469245910645,-0.04651087522506714,-0.1544719263887373,0.03960210084915161,-0.06226879358291626,-0.13566737621783886
Z,0.0,0.0,0.0,-0.05619195103645325,0.005967378616333008,-0.07213773293830172,-0.11734071373939514,-0.010868430137634277,-0.12806641025878207,-0.13145053386688232,-0.026461124420166016,-0.17474097473956363,-0.10633563995361328,-0.08453452587127686,-0.21606722934581057,-0.12858793139457703,-0.2356995940208435,-0.10595518811084048,-0.19465523958206177,-0.2353990375995636,-0.19274959428645388,-0.25121498107910156,-0.2388862669467926,-0.25448988838530795,-0.3015013635158539,-0.24331319332122803,-0.2947378353629233,-0.052165597677230835,-0.29157039523124695,-0.10069525702334658,-0.08087548613548279,-0.1614992916584015,-0.17921759648658053,-0.07311663031578064,-0.052251219749450684,-0.19176805479861514,-0.06030696630477905,-0.03478395938873291,-0.19109368784762637,0.02156287431716919,-0.2740820348262787,-0.10564527376033084,0.005196273326873779,-0.1298004388809204,-0.17253546877242343,-0.009832829236984253,-0.052587151527404785,-0.14614578051902072,-0.016176998615264893,-0.06651455163955688,-0.11956704123355166,0.08302170038223267,-0.22536852955818176,-0.11872293515540377,0.07358890771865845,-0.10153353214263916,-0.16980559094287173,0.05568605661392212,-0.04543876647949219,-0.15721947415210025,0.04731720685958862,-0.06400561332702637,-0.1382141606364371
Z,0.0,0.0,0.0,-0.05679738521575928,0.008785247802734375,-0.07391150188774986,-0.11969906091690063,-0.0066754817962646484,-0.13090706509680672,-0.1351243555545807,-0.02312105894088745,-0.17841147524447365,-0.11040517687797546,-0.08343064785003662,-0.22017752272219582,-0.13185670971870422,-0.23298263549804688,-0.10828175288767738,-0.19926047325134277,-0.23034504055976868,-0.19606561106772347,-0.2568003535270691,-0.23497670888900757,-0.2579425339135639,-0.30637556314468384,-0.2405986189842224,-0.29804614824385567,-0.055027008056640625,-0.2889460325241089,-0.1020147119197361,-0.08418628573417664,-0.15313366055488586,-0.18067759913535042,-0.07671630382537842,-0.04527902603149414,-0.1913898204001896,-0.06262138485908508,-0.03153502941131592,-0.1893988613519184,0.01953566074371338,-0.2708107829093933,-0.1063482080134861,0.0022680163383483887,-0.12473279237747192,-0.17417579037280007,-0.014155864715576172,-0.049239516258239746,-0.14575021607012673,-0.019251734018325806,-0.06332987546920776,-0.11728953463168068,0.08192670345306396,-0.22175410389900208,-0.11902458113760872,0.07244515419006348,-0.10209113359451294,-0.17169865113825722,0.052608370780944824,-0.046821415424346924,-0.15843479973406716,0.0443459153175354,-0.06291884183883667,-0.138213625970792
Z,0.0,0.0,0.0,-0.05588117241859436,0.002891063690185547,-0.06654958757815166,-0.11614060401916504,-0.014140665531158447,-0.11805819305834575,-0.1334121823310852,-0.030468761920928955,-0.16151251229700847,-0.11303335428237915,-0.08733886480331421,-0.20058602425513072,-0.1247650682926178,-0.2412576675415039,-0.09712705346998973,-0.18725568056106567,-0.23935428261756897,-0.17741263243613048,-0.24161559343338013,-0.24514645338058472,-0.2361971769040565,-0.29135920107364655,-0.25357019901275635,-0.2751528802817802,-0.048876166343688965,-0.2938489615917206,-0.09468486490902706,-0.07231572270393372,-0.1733556091785431,-0.16922235819754405,-0.06843072175979614,-0.07132881879806519,-0.18627757164892955,-0.059628963470458984,-0.051731228828430176,-0.18977758619246288,0.02468740940093994,-0.27565646171569824,-0.101305868059967,0.009498178958892822,-0.1400395631790161,-0.16576634678301616,-0.0066506266593933105,-0.0644264817237854,-0.1458324823087196,-0.014034658670425415,-0.07092946767807007,-0.12399873468336864,0.08651429414749146,-0.2266291081905365,-0.11547656688151164,0.08097797632217407,-0.1152305006980896,-0.16468741330561443,0.05931490659713745,-0.05698680877685547,-0.15408183965143962,0.04699355363845825,-0.06353378295898438,-0.13682937952933116
Z,0.0,0.0,0.0,-0.05278804898262024,0.007321774959564209,-0.06669628253169435,-0.11182168126106262,-0.003915846347808838,-0.11984211584515947,-0.1302691400051117,-0.021766185760498047,-0.1646244265694179,-0.11750149726867676,-0.08415931463241577,-0.2042154111523189,-0.12066546082496643,-0.23115089535713196,-0.10323281964249986,-0.18592900037765503,-0.23554331064224243,-0.18736662348695177,-0.23983460664749146,-0.24352869391441345,-0.24533507605977434,-0.28895555436611176,-0.2505691945552826,-0.2824167050976314,-0.04710003733634949,-0.28711122274398804,-0.10009941091723817,-0.07166415452957153,-0.16505476832389832,-0.17606497188992876,-0.06488072872161865,-0.05375373363494873,-0.18722932418771165,-0.05386367440223694,-0.03675025701522827,-0.185444418396429,0.02476322650909424,-0.27213653922080994,-0.1063636951703586,0.013567924499511719,-0.13008439540863037,-0.17140910407491106,-0.0017514228820800781,-0.05569899082183838,-0.1457306035418071,-0.008169829845428467,-0.07148933410644531,-0.1198234074372806,0.08554971218109131,-0.22552603483200073,-0.12030069163031953,0.07820761203765869,-0.10566020011901855,-0.17131762584634203,0.0585402250289917,-0.049038708209991455,-0.15985970577187913,0.049342989921569824,-0.06575000286102295,-0.14127478381581682
Z,0.0,0.0,0.0,-0.05375155806541443,0.0014278292655944824,-0.06099444465490933,-0.11085087060928345,-0.02136784791946411,-0.10771223367902394,-0.13061946630477905,-0.044015705585479736,-0.14697139175387974,-0.12252503633499146,-0.10042756795883179,-0.18192847283336278,-0.11505237221717834,-0.2385304570198059,-0.09118675650807972,-0.17424845695495605,-0.24491149187088013,-0.16885078163596745,-0.22514331340789795,-0.252379834651947,-0.2238939574525034,-0.2727036476135254,-0.26069748401641846,-0.2593951544329798,-0.04071831703186035,-0.29257190227508545,-0.09003525437566395,-0.05978235602378845,-0.17653816938400269,-0.1636905244156992,-0.05535230040550232,-0.062288761138916016,-0.17841145606490727,-0.04375818371772766,-0.03447061777114868,-0.17873415561172123,0.030815839767456055,-0.27753883600234985,-0.09739919962140675,0.02200174331665039,-0.1442285180091858,-0.16041249247047062,0.005113184452056885,-0.06557095050811768,-0.13902226300689335,0.0003521442413330078,-0.07353681325912476,-0.11576273502561207,0.0909498929977417,-0.2330549955368042,-0.11171428324433919,0.08709913492202759,-0.12412136793136597,-0.15888235183211918,0.06961768865585327,-0.06752395629882812,-0.14691174240562077,0.06365847587585449,-0.08114773035049438,-0.12866881700011845
Z,0.0,0.0,0.0,-0.050599098205566406,0.005070328712463379,-0.06271461790282729,-0.104458749294281,-0.014147579669952393,-0.11049209182937147,-0.11848118901252747,-0.0281527042388916,-0.15079376494367125,-0.1069725751876831,-0.07069289684295654,-0.18695681189973357,-0.10554465651512146,-0.23088982701301575,-0.09172321503837111,-0.15413802862167358,-0.22881415486335754,-0.16969170069177153,-0.19759389758110046,-0.23581692576408386,-0.2229410598226309,-0.23906132578849792,-0.2493097484111786,-0.2566269526429892,-0.031195998191833496,-0.2811233401298523,-0.09046127294976714,-0.03974214196205139,-0.16073542833328247,-0.16418134068925383,-0.04728659987449646,-0.046015024185180664,-0.17713979279477599,-0.047901928424835205,-0.025944530963897705,-0.17628758048493864,0.03892117738723755,-0.2641974985599518,-0.09826019054133894,0.0354161262512207,-0.1336263120174408,-0.16540852581937315,0.015196382999420166,-0.05070483684539795,-0.14463617300469878,0.008142411708831787,-0.061604976654052734,-0.12048419957835677,0.09770125150680542,-0.2208728790283203,-0.1127590650864363,0.09688234329223633,-0.1163221001625061,-0.16318850612123015,0.08044838905334473,-0.05848991870880127,-0.15210232531507017,0.07735282182693481,-0.07447564601898193,-0.13376997804124358
Z,0.0,0.0,0.0,-0.05087846517562866,-0.0012598633766174316,-0.05145048341472602,-0.10145419836044312,-0.024824321269989014,-0.08974324903209663,-0.11136838793754578,-0.040922701358795166,-0.12239101520498252,-0.10567566752433777,-0.0711522102355957,-0.15257718405445075,-0.0996055006980896,-0.22806096076965332,-0.07659207275827384,-0.12423676252365112,-0.22471225261688232,-0.14140417418201423,-0.14794570207595825,-0.23622000217437744,-0.18789722761829353,-0.17248278856277466,-0.2592911720275879,-0.2180421426029966,-0.03033548593521118,-0.27048271894454956,-0.07910364112575508,-0.02308422327041626,-0.18912863731384277,-0.14536156496723152,-0.03018718957901001,-0.0935596227645874,-0.16542493543346382,-0.03356301784515381,-0.07355207204818726,-0.16981986901481605,0.0353817343711853,-0.2585988938808441,-0.08783653369863487,0.04782503843307495,-0.15674468874931335,-0.14896830162723518,0.03309333324432373,-0.07647186517715454,-0.14113869509418464,0.02781045436859131,-0.07924389839172363,-0.12580432734210945,0.09209877252578735,-0.2204991579055786,-0.10170203438718772,0.10582947731018066,-0.13156676292419434,-0.14490499338825202,0.0881924033164978,-0.0714598298072815,-0.13828121862133003,0.08033192157745361,-0.07878369092941284,-0.12474328270872093
Z,0.0,0.0,0.0,-0.05469435453414917,0.0014957785606384277,-0.05847391574197047,-0.09761247038841248,-0.025298595428466797,-0.1028713555496239,-0.08930233120918274,-0.036771178245544434,-0.13995209796838992,-0.08502984046936035,-0.04222530126571655,-0.17636767490320437,-0.10336387157440186,-0.1917799711227417,-0.08799992217235797,-0.12073242664337158,-0.23087984323501587,-0.14999720914774173,-0.12750688195228577,-0.2391616702079773,-0.19080088003092044,-0.13313797116279602,-0.25100669264793396,-0.21567388339452975,-0.03814852237701416,-0.2180221974849701,-0.08995306207351916,-0.02489525079727173,-0.2501358985900879,-0.1582866804163956,-0.017447710037231445,-0.156620591878891,-0.17603962583952182,-0.01550668478012085,-0.1185060441493988,-0.17550740106516116,0.023714542388916016,-0.2063767910003662,-0.09824415011816257,0.04997718334197998,-0.2209705114364624,-0.16291144950800174,0.04865151643753052,-0.13319000601768494,-0.15557627840452426,0.0421910285949707,-0.10823294520378113,-0.13797830505781405,0.07874584197998047,-0.17262306809425354,-0.11088490946703189,0.10613805055618286,-0.16237354278564453,-0.15515164001398318,0.09888315200805664,-0.09930112957954407,-0.14607705636434787,0.08872151374816895,-0.08485019207000732,-0.13074638410024875
Z,0.0,0.0,0.0,-0.05801147222518921,0.0031775832176208496,-0.05931933780264842,-0.09528237581253052,-0.02125537395477295,-0.10213551853847491,-0.06456339359283447,-0.029844999313354492,-0.13598428105068194,-0.02983635663986206,-0.04020923376083374,-0.1672295424814223,-0.09667524695396423,-0.18749931454658508,-0.09200265442085254,-0.10220932960510254,-0.22552600502967834,-0.1537562552566527,-0.09504956007003784,-0.23423224687576294,-0.1968526933069228,-0.08918529748916626,-0.24244791269302368,-0.2235102746362685,-0.033710598945617676,-0.2243545949459076,-0.08802893941354739,-0.0061026811599731445,-0.18104654550552368,-0.15695791875076281,-0.0007992386817932129,-0.07901489734649658,-0.17709998224925982,-0.006222426891326904,-0.03496044874191284,-0.179054120528221,0.027362585067749023,-0.21652621030807495,-0.08992306326580035,0.0642545223236084,-0.16667109727859497,-0.15217157636833178,0.06531292200088501,-0.09348869323730469,-0.14848105047893512,0.05752360820770264,-0.07720890641212463,-0.13408328031253802,0.07879173755645752,-0.18705201148986816,-0.09680143927288043,0.11271601915359497,-0.13235050439834595,-0.14266354774188983,0.10865217447280884,-0.07719609141349792,-0.139068866121292,0.09991741180419922,-0.06608319282531738,-0.1264541838045119
Z,0.0,0.0,0.0,-0.06032872200012207,0.011608898639678955,-0.06601932028728186,-0.08705276250839233,-0.009432017803192139,-0.11033771316009222,-0.028037726879119873,-0.013629794120788574,-0.14359665045934378,0.03407067060470581,-0.022754967212677002,-0.1718815727015084,-0.09574377536773682,-0.18059349060058594,-0.09632794687944113,-0.09621471166610718,-0.20010066032409668,-0.1590586168547219,-0.08580553531646729,-0.21823790669441223,-0.20261529216962515,-0.07395821809768677,-0.24314996600151062,-0.23255498836236654,-0.030929207801818848,-0.22487285733222961,-0.08900224546390234,0.0031156539916992188,-0.1358867585659027,-0.1558048141975945,-0.0005970597267150879,-0.03900676965713501,-0.17263181636529623,-0.008051395416259766,-0.020797312259674072,-0.17649708817201315,0.03133547306060791,-0.2183791995048523,-0.08869811276393591,0.07398873567581177,-0.10744494199752808,-0.14819343517022787,0.05727434158325195,-0.03221815824508667,-0.14051202068525015,0.03888678550720215,-0.03679239749908447,-0.12661196420388876,0.08515036106109619,-0.1904200315475464,-0.09511475393968283,0.11682438850402832,-0.08870160579681396,-0.14042872319417654,0.0973273515701294,-0.033717215061187744,-0.1394433094044274,0.07740414142608643,-0.03873401880264282,-0.13042332360940634
Z,0.0,0.0,0.0,-0.05325442552566528,0.01149672269821167,-0.06296325089388688,-0.08939135074615479,-0.0036627650260925293,-0.10652933629208405,-0.05261307954788208,0.005288839340209961,-0.13990270705872376,0.0030716657638549805,0.00553131103515625,-0.1675556710546573,-0.07896995544433594,-0.1776517629623413,-0.0939041561072429,-0.08029890060424805,-0.19273117184638977,-0.15853471668415864,-0.06085336208343506,-0.2017281949520111,-0.20070290179901917,-0.04337495565414429,-0.2289716899394989,-0.22873602421933015,-0.018991470336914062,-0.2205677032470703,-0.0872372797315677,0.013278305530548096,-0.10387185215950012,-0.15404575677567323,0.003331899642944336,-0.007991969585418701,-0.1681175789421161,-0.011543512344360352,-0.00425487756729126,-0.17073051245861848,0.03702014684677124,-0.21294507384300232,-0.0878788790290912,0.07532018423080444,-0.0835019052028656,-0.14669899256878693,0.05903881788253784,-0.010260522365570068,-0.13603499146157105,0.04115283489227295,-0.023367762565612793,-0.12086977424078782,0.08583509922027588,-0.18498092889785767,-0.09526636810952027,0.1146235466003418,-0.07066631317138672,-0.13990170868092378,0.09728461503982544,-0.013292789459228516,-0.13770410032921632,0.08026653528213501,-0.018701136112213135,-0.12768573673420747
Z,0.0,0.0,0.0,-0.06429368257522583,0.016915202140808105,-0.06743076575502016,-0.09696793556213379,-0.00501096248626709,-0.10998759550555803,-0.05047732591629028,-0.011615157127380371,-0.13916386050685503,0.011251330375671387,-0.024353206157684326,-0.16404415053828814,-0.09464305639266968,-0.14931347966194153,-0.11403378976091005,-0.08334630727767944,-0.1776648759841919,-0.18494471294387438,-0.04964381456375122,-0.21068057417869568,-0.23489930612548449,-0.011996924877166748,-0.24845346808433533,-0.26803010088904955,-0.030804574489593506,-0.1965750753879547,-0.10589987171395876,0.015140354633331299,-0.12121924757957458,-0.18202113491996386,0.01681828498840332,-0.025849878787994385,-0.20195976776584246,0.009954333305358887,0.005850434303283691,-0.20582131428226091,0.026105046272277832,-0.20166215300559998,-0.10417223853572466,0.07728737592697144,-0.1044517457485199,-0.17056631428702929,0.07245278358459473,-0.03049367666244507,-0.1646768836449013,0.058822810649871826,-0.02346140146255493,-0.14975077790721514,0.07417154312133789,-0.18527793884277344,-0.10884511602624514,0.11226433515548706,-0.09300056099891663,-0.1575604913900719,0.10541778802871704,-0.03483140468597412,-0.1561619727085457,0.09130972623825073,-0.025567471981048584,-0.14565137905582048
Z,0.0,0.0,0.0,-0.06722432374954224,-0.0218050479888916,-0.06852900854687505,-0.08279722929000854,-0.0583881139755249,-0.11805686227421575,-0.010513901710510254,-0.056648075580596924,-0.1555911885891419,0.0625109076499939,-0.05614650249481201,-0.19068722299675755,-0.06754177808761597,-0.1757415533065796,-0.1288143979702454,-0.01557004451751709,-0.2024722695350647,-0.20581932238678746,0.03130370378494263,-0.23524290323257446,-0.2608739422951203,0.0723867416381836,-0.2699962258338928,-0.2963518189583283,0.004795491695404053,-0.19513672590255737,-0.12092959008555226,0.06606972217559814,-0.1092236340045929,-0.21493013075928502,0.06003451347351074,-0.02350449562072754,-0.2470521318111878,0.04446035623550415,0.010787248611450195,-0.25601491204838567,0.0670422911643982,-0.1842232644557953,-0.11676406733135991,0.12204092741012573,-0.07861849665641785,-0.1898623990211945,0.10021895170211792,-0.010888397693634033,-0.18472839764694982,0.07018178701400757,0.004610240459442139,-0.16721650830845647,0.1145581603050232,-0.15982231497764587,-0.11907814315895848,0.14845693111419678,-0.07162827253341675,-0.16670702270607762,0.1275457739830017,-0.015866637229919434,-0.16120512656311803,0.1040986180305481,-0.005317032337188721,-0.14631493262390904
Z,0.0,0.0,0.0,-0.06790220737457275,-0.0007097125053405762,-0.07853471810187429,-0.09368228912353516,-0.03506678342819214,-0.1302920463141355,-0.03585237264633179,-0.033956944942474365,-0.16618959928120702,0.033656179904937744,-0.03828239440917969,-0.1982239219006452,-0.07017701864242554,-0.182621031999588,-0.13723513806428045,-0.027085185050964355,-0.20800700783729553,-0.21229459667767614,0.013129711151123047,-0.2458442747592926,-0.2634351583775434,0.05175960063934326,-0.2861469089984894,-0.29793051207627386,0.0013204216957092285,-0.21956303715705872,-0.12321997011269659,0.05750912427902222,-0.1229751706123352,-0.20925346339310735,0.030850648880004883,-0.017549633979797363,-0.22838779116238683,0.0016406774520874023,0.022289693355560303,-0.22942902470196813,0.060353100299835205,-0.21466600894927979,-0.11497715437974065,0.11311846971511841,-0.09130609035491943,-0.1892289998587522,0.07622289657592773,-0.01511162519454956,-0.18184258366192907,0.039018094539642334,-0.008944928646087646,-0.16361013377274602,0.10667997598648071,-0.18984320759773254,-0.11338350499238103,0.14263880252838135,-0.08684799075126648,-0.16846229458417028,0.11500495672225952,-0.02803891897201538,-0.16870698655213445,0.08539986610412598,-0.020527899265289307,-0.1578295114096555
Z,0.0,0.0,0.0,-0.0630308985710144,-0.015098929405212402,-0.06711682739064884,-0.080172598361969,-0.06033819913864136,-0.11249657782123279,-0.0063523054122924805,-0.059598326683044434,-0.14435333820388507,0.06491786241531372,-0.06504333019256592,-0.171553411207654,-0.05042290687561035,-0.20942574739456177,-0.1211645311336298,0.005193591117858887,-0.2270553708076477,-0.1929571262221117,0.05300062894821167,-0.2528667747974396,-0.24350059839294147,0.09587424993515015,-0.2874356210231781,-0.27794428976581287,0.01891350746154785,-0.2396792769432068,-0.11010026248500537,0.08054220676422119,-0.12263023853302002,-0.19010909708545398,0.051490962505340576,-0.030941307544708252,-0.20998912366435718,0.02030247449874878,-0.011941671371459961,-0.2141760370354433,0.07531100511550903,-0.22997093200683594,-0.10397893252179813,0.1351548433303833,-0.10362264513969421,-0.1691805652003069,0.09942573308944702,-0.03782087564468384,-0.15931216689155292,0.0651925802230835,-0.04645043611526489,-0.14276626022861194,0.11951708793640137,-0.2018999457359314,-0.104385644815423,0.1627260446548462,-0.09934401512145996,-0.15448135944411945,0.13777774572372437,-0.044754981994628906,-0.15335964473293018,0.11408323049545288,-0.05015993118286133,-0.1425706377844591
Z,0.0,0.0,0.0,-0.0758560299873352,-0.0045427680015563965,-0.09270264851539167,-0.0973166823387146,-0.051417410373687744,-0.14947139369933637,-0.02591228485107422,-0.058924734592437744,-0.18561003255336317,0.04468858242034912,-0.07381302118301392,-0.2156736319014314,-0.05454760789871216,-0.19652682542800903,-0.1570639078566316,0.006198287010192871,-0.213009774684906,-0.24184010076015028,0.05652964115142822,-0.23835283517837524,-0.29998025941340956,0.10569947957992554,-0.2745658755302429,-0.3389191691824678,0.023550331592559814,-0.2297574281692505,-0.13505404340713056,0.07773804664611816,-0.1176615059375763,-0.22902128743617567,0.03980553150177002,-0.019306719303131104,-0.2510662441202882,0.0089644193649292,0.004154801368713379,-0.25434312867610487,0.08236581087112427,-0.22354286909103394,-0.11933671581237348,0.12512153387069702,-0.08594918251037598,-0.19612478363006147,0.07314485311508179,-0.012104928493499756,-0.18475613641231092,0.032569825649261475,-0.020677626132965088,-0.16492215442149671,0.1276906132698059,-0.19689592719078064,-0.11181333559243711,0.15492981672286987,-0.08632838726043701,-0.16822380470721754,0.11832618713378906,-0.028519868850708008,-0.1661242310950044,0.08678001165390015,-0.035102903842926025,-0.1536553715416673
Z,0.0,0.0,0.0,-0.07339084148406982,-0.022256195545196533,-0.08210411817833574,-0.09778499603271484,-0.07629287242889404,-0.13373473436638506,-0.03264743089675903,-0.07373744249343872,-0.16832697541519792,0.042748212814331055,-0.07500636577606201,-0.19750178010269792,-0.03875398635864258,-0.21314653754234314,-0.138553740094153,0.020802080631256104,-0.22038614749908447,-0.21786809117600114,0.06771790981292725,-0.23610520362854004,-0.2721769228677431,0.11139291524887085,-0.2683773636817932,-0.30851468593880327,0.04207688570022583,-0.23111432790756226,-0.12193365545078905,0.08275330066680908,-0.1135481595993042,-0.21379731745525987,0.03919023275375366,-0.0029531121253967285,-0.23426102251812608,0.007148027420043945,0.03198808431625366,-0.23545248956486375,0.10087776184082031,-0.21331503987312317,-0.11184679866835268,0.134505033493042,-0.085976243019104,-0.19058708996578844,0.07846581935882568,-0.008420467376708984,-0.1823595181207338,0.03619033098220825,-0.00919884443283081,-0.16298794896408708,0.14487183094024658,-0.1772899031639099,-0.10858589560791643,0.1724170446395874,-0.0799524188041687,-0.16735498757168443,0.13402408361434937,-0.02576810121536255,-0.1676590606670061,0.10133016109466553,-0.029012203216552734,-0.15643647463127763
Z,0.0,0.0,0.0,-0.07490301132202148,-0.030909240245819092,-0.07747686770335349,-0.10038131475448608,-0.09094315767288208,-0.127427072492992,-0.03579378128051758,-0.09344297647476196,-0.16170235094205054,0.039248108863830566,-0.1005595326423645,-0.19042806443349036,-0.04095226526260376,-0.2380169928073883,-0.12689586099759254,0.022140443325042725,-0.2391228973865509,-0.20111626502648505,0.06995731592178345,-0.2531909942626953,-0.25418946262971076,0.11162889003753662,-0.28005632758140564,-0.29108625766411933,0.04461705684661865,-0.25680458545684814,-0.11123399552479896,0.0765223503112793,-0.13632291555404663,-0.19782833871022376,0.03535199165344238,-0.02319192886352539,-0.21611924585477027,0.0019065141677856445,0.021104276180267334,-0.21695579704419288,0.10715943574905396,-0.23787665367126465,-0.10196786489859733,0.13156598806381226,-0.11155867576599121,-0.17706500109807166,0.07869517803192139,-0.03055727481842041,-0.1664041143335453,0.03577995300292969,-0.020148396492004395,-0.14590920623913917,0.15270811319351196,-0.19957831501960754,-0.09929236140624198,0.17205685377120972,-0.10635292530059814,-0.1567394447006336,0.13199514150619507,-0.05086463689804077,-0.15600684401169929,0.09646409749984741,-0.05012869834899902,-0.14398273941651496
Z,0.0,0.0,0.0,-0.06922262907028198,-0.033167898654937744,-0.10688132333459066,-0.08315962553024292,-0.132426917552948,-0.16600602405966924,-0.010449528694152832,-0.1934596300125122,-0.2051260425418775,0.06599575281143188,-0.23759326338768005,-0.23071182805003332,-0.05173611640930176,-0.2817995846271515,-0.14193640190066503,0.0340614914894104,-0.25523126125335693,-0.2423574878543775,0.05831921100616455,-0.21784979104995728,-0.2947302861780088,0.07143813371658325,-0.23037058115005493,-0.32322333293856786,0.027945756912231445,-0.2923940122127533,-0.11537473934592413,0.07983958721160889,-0.1562420129776001,-0.2218714608520429,0.02315133810043335,-0.04277026653289795,-0.22615018027724432,-0.0031160712242126465,-0.049198150634765625,-0.21190876799525427,0.08798098564147949,-0.2607249617576599,-0.10302742856444524,0.12471413612365723,-0.11855363845825195,-0.19782253640593694,0.06563705205917358,-0.04202258586883545,-0.1733332826465528,0.0389518141746521,-0.06998437643051147,-0.1392366542190473,0.1354905366897583,-0.214265376329422,-0.10053359257878469,0.157576322555542,-0.10262280702590942,-0.1678396119445722,0.11260557174682617,-0.05233430862426758,-0.16509939270915197,0.08993756771087646,-0.07724207639694214,-0.14870173769892858
Z,0.0,0.0,0.0,-0.05600243806838989,-0.031015753746032715,-0.10588622475788156,-0.07443445920944214,-0.119922935962677,-0.16552745188400309,-0.018564462661743164,-0.16387668251991272,-0.20542048300430338,0.050306499004364014,-0.19259917736053467,-0.23063989366218607,-0.03416085243225098,-0.2873308062553406,-0.13498719419166605,0.015292048454284668,-0.23298653960227966,-0.22387795532867472,0.011528074741363525,-0.16103190183639526,-0.26213649297878305,0.0058402419090271,-0.16725203394889832,-0.2820231654755787,0.04183089733123779,-0.2928173542022705,-0.11195884282514612,0.09523481130599976,-0.19220513105392456,-0.20890784646198313,0.05110824108123779,-0.08322721719741821,-0.21805052841827433,0.02750617265701294,-0.09566646814346313,-0.20842080200836222,0.10343557596206665,-0.2604675889015198,-0.1014749073497967,0.1412937045097351,-0.13203191757202148,-0.1892948188893513,0.09312111139297485,-0.049804866313934326,-0.17380449558422129,0.06712663173675537,-0.08034944534301758,-0.147725705157967,0.1502649188041687,-0.21383237838745117,-0.10044687623903314,0.1750207543373108,-0.09955424070358276,-0.16158420230075876,0.13705646991729736,-0.04709124565124512,-0.16301952685043375,0.11152809858322144,-0.073311448097229,-0.15199059630558054
Z,0.0,0.0,0.0,-0.052066028118133545,-0.022320985794067383,-0.10102614123920262,-0.08371895551681519,-0.09719204902648926,-0.16010332216123402,-0.07805728912353516,-0.12425762414932251,-0.20311698426107228,-0.059463322162628174,-0.12941598892211914,-0.23290653635362446,-0.016376614570617676,-0.295987069606781,-0.11141125221351444,-0.029678702354431152,-0.23860293626785278,-0.1829065095315343,-0.03662919998168945,-0.15662884712219238,-0.20999027897218525,-0.026399850845336914,-0.17873337864875793,-0.22425991405347645,0.054643213748931885,-0.30188846588134766,-0.09146293361285984,0.05822545289993286,-0.22172552347183228,-0.17222017158368885,0.032606542110443115,-0.1260925531387329,-0.18141159523824513,0.037750422954559326,-0.16064614057540894,-0.1738791774640447,0.11247968673706055,-0.26715999841690063,-0.08377562571862995,0.1155136227607727,-0.1707983911037445,-0.15852438021997273,0.08711111545562744,-0.09292829036712646,-0.1468548636565572,0.08681273460388184,-0.1270257830619812,-0.12599039186338246,0.16063803434371948,-0.21627256274223328,-0.08547181744674504,0.1646910309791565,-0.12053823471069336,-0.13259236623147785,0.1364821195602417,-0.06934183835983276,-0.1331207614074117,0.1268630027770996,-0.0978284478187561,-0.1244343679080373
Z,0.0,0.0,0.0,-0.06690782308578491,-0.006444454193115234,-0.07467887112591143,-0.12433785200119019,-0.0536157488822937,-0.12534457752201433,-0.11627447605133057,-0.0761595368385315,-0.1645457179257619,-0.07341611385345459,-0.09906142950057983,-0.19175955960247393,-0.09036988019943237,-0.2677556276321411,-0.1091347441980588,-0.10392230749130249,-0.24915242195129395,-0.1766539097735631,-0.10120725631713867,-0.17286813259124756,-0.20368986138794298,-0.09481483697891235,-0.1568785309791565,-0.217485192508434,-0.0207710862159729,-0.2963216304779053,-0.09796195039245958,-0.008829593658447266,-0.17623519897460938,-0.16433199057075853,-0.022501707077026367,-0.08181232213973999,-0.1733204604098546,-0.028138816356658936,-0.09948432445526123,-0.17377138444874163,0.04323422908782959,-0.278860479593277,-0.09449006924126024,0.05827873945236206,-0.14299088716506958,-0.15387197145912523,0.029091298580169678,-0.062453627586364746,-0.1405075372168767,0.012817740440368652,-0.08506876230239868,-0.12614214727375384,0.09955388307571411,-0.23702022433280945,-0.09843716332409258,0.11079055070877075,-0.12300336360931396,-0.1429257125565755,0.08109241724014282,-0.06224334239959717,-0.14265553960296984,0.05897819995880127,-0.07902336120605469,-0.13528219172451372
Z,0.0,0.0,0.0,-0.061887502670288086,-0.020526468753814697,-0.06222781145498857,-0.11743539571762085,-0.08324581384658813,-0.10043415406272516,-0.11982017755508423,-0.14806145429611206,-0.12936335781142816,-0.08742308616638184,-0.20476382970809937,-0.14632996895835504,-0.08237677812576294,-0.2884739935398102,-0.07449542710111245,-0.064849853515625,-0.2641008198261261,-0.13504570701644525,-0.0520821213722229,-0.1687653660774231,-0.16068923452422723,-0.052764058113098145,-0.13619649410247803,-0.1732635495953332,-0.012580811977386475,-0.30267083644866943,-0.06983220556304559,0.007287502288818359,-0.2284204661846161,-0.132458150177456,0.0021579861640930176,-0.12201160192489624,-0.14244870820567712,-0.00466543436050415,-0.11860895156860352,-0.1405743209414254,0.052101969718933105,-0.27694061398506165,-0.07365198412463769,0.07583987712860107,-0.1890515685081482,-0.1303793040804635,0.05701690912246704,-0.10014206171035767,-0.11498113700673684,0.04313540458679199,-0.1077912449836731,-0.09691203364656076,0.10905158519744873,-0.23063898086547852,-0.08421070852801904,0.1292285919189453,-0.15085124969482422,-0.12459155151174173,0.10744243860244751,-0.08855575323104858,-0.12000058570430383,0.08768653869628906,-0.09605199098587036,-0.10895511487052545
Z,0.0,0.0,0.0,-0.058123111724853516,-0.00829404592514038,-0.06912432497261989,-0.11876696348190308,-0.053996384143829346,-0.11247002964734065,-0.13990572094917297,-0.10727256536483765,-0.14579141771315562,-0.12679117918014526,-0.15965771675109863,-0.1675773922157191,-0.08898895978927612,-0.2805844843387604,-0.08096039926527965,-0.09355133771896362,-0.2378670573234558,-0.13443039988993633,-0.09245392680168152,-0.15624850988388062,-0.15318993365286815,-0.09617534279823303,-0.13797849416732788,-0.1613285753679179,-0.01950162649154663,-0.2956138253211975,-0.07079416399716365,-0.011318385601043701,-0.19031256437301636,-0.12191465383290279,-0.019641757011413574,-0.09791147708892822,-0.12499686216830241,-0.026769638061523438,-0.11493545770645142,-0.12136538958071696,0.04591500759124756,-0.2713036835193634,-0.06904453670500743,0.055491745471954346,-0.16197413206100464,-0.11720760797976482,0.038011372089385986,-0.08788126707077026,-0.10011666899441707,0.02744358777999878,-0.1056593656539917,-0.08328737949847209,0.10366952419281006,-0.22694498300552368,-0.07455021774291026,0.11079192161560059,-0.14973002672195435,-0.10822950189827907,0.09225612878799438,-0.09339141845703125,-0.10170604174851405,0.0792573094367981,-0.10203617811203003,-0.09040442740439403
Z,0.0,0.0,0.0,-0.0657745897769928,0.0006880760192871094,-0.05155408472836598,-0.12807601690292358,-0.040506601333618164,-0.08780494050205334,-0.1557013988494873,-0.07949584722518921,-0.11824641094625576,-0.18903696537017822,-0.11064141988754272,-0.14155649856746777,-0.10483604669570923,-0.24845197796821594,-0.07815292940557583,-0.13268065452575684,-0.20713651180267334,-0.13893761948764904,-0.1621270775794983,-0.14895808696746826,-0.17309304789722546,-0.18837326765060425,-0.11310619115829468,-0.1911274017494975,-0.036343395709991455,-0.27620142698287964,-0.07873464838684185,-0.03673523664474487,-0.1274852156639099,-0.1310559482973872,-0.0477483868598938,-0.05761295557022095,-0.14118475929916485,-0.053896158933639526,-0.07113409042358398,-0.14366991535843,0.028439998626708984,-0.2540663778781891,-0.08580752180040463,0.03096991777420044,-0.10258013010025024,-0.12886781708419903,0.011061668395996094,-0.040960073471069336,-0.10856872514904126,-0.0005061626434326172,-0.056493937969207764,-0.09091600493610486,0.08681052923202515,-0.20937538146972656,-0.10010093913496121,0.0872313380241394,-0.09765362739562988,-0.13425826744258984,0.06881612539291382,-0.04779839515686035,-0.12410583810031994,0.06039661169052124,-0.061066627502441406,-0.10922784821212872
Z,0.0,0.0,0.0,-0.06496366858482361,-0.0030878186225891113,-0.049982378142431116,-0.12103959918022156,-0.05226790904998779,-0.08294290106232438,-0.14920249581336975,-0.0971301794052124,-0.11123271088536058,-0.18798893690109253,-0.12205171585083008,-0.13227266620333467,-0.09787881374359131,-0.253501832485199,-0.06060230906541619,-0.11859637498855591,-0.2102012038230896,-0.12275673251087937,-0.13647347688674927,-0.14803051948547363,-0.1595281417244223,-0.15254029631614685,-0.11970031261444092,-0.17837900470431123,-0.029442250728607178,-0.2741801142692566,-0.06167129601772103,-0.027032017707824707,-0.13605666160583496,-0.11469572584564958,-0.040316998958587646,-0.06325662136077881,-0.12711614917452607,-0.05031508207321167,-0.08063822984695435,-0.1295676286094931,0.03625631332397461,-0.24987861514091492,-0.0708113814466742,0.037773847579956055,-0.10833746194839478,-0.11593425075943742,0.019994258880615234,-0.04755806922912598,-0.10004471789534364,0.00944530963897705,-0.06664133071899414,-0.08350709627802644,0.09418123960494995,-0.20586943626403809,-0.08693064551289353,0.09201991558074951,-0.09922003746032715,-0.11786616395647798,0.07455581426620483,-0.05076301097869873,-0.10880247305567536,0.06703746318817139,-0.06550079584121704,-0.09495411615307603
Z,0.0,0.0,0.0,-0.06101042032241821,0.003756582736968994,-0.04756403665055586,-0.12389886379241943,-0.020692288875579834,-0.08530685628761603,-0.14873671531677246,-0.021321892738342285,-0.11716511423696829,-0.16144412755966187,-0.024500608444213867,-0.14292949016203238,-0.12624439597129822,-0.20089209079742432,-0.09523083592762305,-0.16231384873390198,-0.1453506350517273,-0.15844894523729636,-0.2030395269393921,-0.07923310995101929,-0.19437005694021536,-0.2400079369544983,-0.027578294277191162,-0.21350259657015158,-0.05387312173843384,-0.2377036213874817,-0.09641529197801901,-0.05567741394042969,-0.03056710958480835,-0.1478585260640557,-0.062543123960495,0.04667013883590698,-0.15193920905699088,-0.06907060742378235,0.044292330741882324,-0.1501976954471047,0.016616642475128174,-0.21689146757125854,-0.10240614737381293,0.018101930618286133,-0.0180932879447937,-0.14497306521047904,-0.0011806488037109375,0.026916921138763428,-0.11761328901161505,-0.01584804058074951,-0.004467606544494629,-0.09463142181743933,0.07785111665725708,-0.1740301251411438,-0.11482698048462225,0.07410621643066406,-0.021088123321533203,-0.15228315765966727,0.05492037534713745,0.024441659450531006,-0.13690782661547019,0.04396849870681763,0.0017737150192260742,-0.11649476314892127
Z,0.0,0.0,0.0,-0.061967551708221436,0.017518222332000732,-0.053339255368257454,-0.12390556931495667,0.01327502727508545,-0.09469317025497048,-0.14699435234069824,0.01882171630859375,-0.129251369601036,-0.14385545253753662,-0.0038320422172546387,-0.15643460429265588,-0.14620929956436157,-0.1917177438735962,-0.09922709441735833,-0.1948542594909668,-0.11872178316116333,-0.168960043555046,-0.2344604730606079,-0.041413187980651855,-0.2093191084916839,-0.2667893171310425,0.017637312412261963,-0.22865935540750115,-0.07343211770057678,-0.22413411736488342,-0.09492052472188561,-0.08699342608451843,0.010227203369140625,-0.14687035358502953,-0.07920640707015991,0.07980233430862427,-0.14475464201524346,-0.0754258930683136,0.06992542743682861,-0.13583899415090173,0.0022668838500976562,-0.2025708556175232,-0.09680443382814019,-0.012924432754516602,0.008475899696350098,-0.1343882767017135,-0.012453675270080566,0.03308635950088501,-0.09481804943635552,-0.012432456016540527,-0.009464919567108154,-0.06105347848489373,0.06610238552093506,-0.1606130599975586,-0.10649071759536355,0.05406010150909424,-0.003177940845489502,-0.14144127941682427,0.0496598482131958,0.019549846649169922,-0.1199360129888305,0.05391782522201538,-0.023954570293426514,-0.09141869223668664
Z,0.0,0.0,0.0,-0.061640769243240356,0.021234095096588135,-0.05424484828824916,-0.11739093065261841,0.03560131788253784,-0.10234762573952594,-0.12016028165817261,0.05313670635223389,-0.1439397915672771,-0.10331505537033081,0.02990502119064331,-0.18277166629547992,-0.15150964260101318,-0.1842421293258667,-0.10696984673256793,-0.20172345638275146,-0.12445199489593506,-0.1731632634472362,-0.23759961128234863,-0.05037885904312134,-0.22281543756241717,-0.263285368680954,0.018052399158477783,-0.2540217324566356,-0.07797375321388245,-0.21813082695007324,-0.1103718935918323,-0.09420716762542725,-0.030862510204315186,-0.174417851812791,-0.11029022932052612,0.06982368230819702,-0.19962642932648578,-0.12350153923034668,0.1103094220161438,-0.21098606134171405,3.594160079956055e-05,-0.19556087255477905,-0.11678498084063449,-0.011081099510192871,-0.006050467491149902,-0.16003726268525043,-0.026785999536514282,0.05549788475036621,-0.1414487048458568,-0.03946325182914734,0.05206191539764404,-0.1250944718193523,0.06772160530090332,-0.14870256185531616,-0.1300182178091518,0.05716145038604736,-0.005538642406463623,-0.1662624462913982,0.045562684535980225,0.0339168906211853,-0.15123970652336993,0.040352046489715576,0.014194011688232422,-0.13210776293988147
Z,0.0,0.0,0.0,-0.06166216731071472,0.015588343143463135,-0.05772292945977142,-0.12174782156944275,0.03486710786819458,-0.10681958083506515,-0.14827725291252136,0.05051785707473755,-0.14885542128678253,-0.1591314673423767,0.020801067352294922,-0.18749107752438476,-0.15515878796577454,-0.1714233160018921,-0.11665707413550308,-0.20352184772491455,-0.117950439453125,-0.18837394152279785,-0.2388889491558075,-0.04358935356140137,-0.23825589154358795,-0.26335933804512024,0.030313193798065186,-0.26733935211296966,-0.08285564184188843,-0.20870423316955566,-0.11851090524788788,-0.09905228018760681,-0.03269094228744507,-0.18753542338009765,-0.12135466933250427,0.05422675609588623,-0.21173711453076294,-0.13632938265800476,0.09809070825576782,-0.2205761406242459,-0.004732459783554077,-0.19123440980911255,-0.12372488860484054,-0.01636597514152527,0.004702150821685791,-0.17344205413456848,-0.02947583794593811,0.06357097625732422,-0.1537477854311078,-0.0359136164188385,0.06992912292480469,-0.13337208662625244,0.06297573447227478,-0.14846348762512207,-0.13599749241467407,0.051059216260910034,-0.003541111946105957,-0.17823052738305023,0.039560288190841675,0.03330892324447632,-0.1646471205770581,0.036641985177993774,0.02124696969985962,-0.14384062920208862
Z,0.0,0.0,0.0,-0.061266034841537476,0.018189191818237305,-0.05347560572351995,-0.123737633228302,0.039779067039489746,-0.09854399266566816,-0.14321032166481018,0.06731557846069336,-0.13680817040528837,-0.13942137360572815,0.045177161693573,-0.17030104848470273,-0.1703251600265503,-0.1605185866355896,-0.10636428597297254,-0.2148609757423401,-0.06090414524078369,-0.17448076459493223,-0.25237494707107544,0.011695802211761475,-0.22056181582536283,-0.2842474579811096,0.07230818271636963,-0.2473945603045422,-0.09043332934379578,-0.20055031776428223,-0.10949882718648496,-0.08197307586669922,0.03054279088973999,-0.17382788511838498,-0.07476970553398132,0.1157602071762085,-0.18797090503301206,-0.07729429006576538,0.13301527500152588,-0.18912114056672635,-0.004424095153808594,-0.1825224757194519,-0.11670108738269391,0.0033624768257141113,0.03214007616043091,-0.1695083663138348,-0.002789437770843506,0.06417965888977051,-0.1434919074448544,-0.016076892614364624,0.03572547435760498,-0.11640645417298856,0.06881153583526611,-0.14035123586654663,-0.13022173794831815,0.0701073408126831,0.016366422176361084,-0.17530934366311612,0.05938732624053955,0.04473966360092163,-0.1569761023196179,0.049101054668426514,0.01478731632232666,-0.1306176021965939
Z,0.0,0.0,0.0,-0.0657433569431305,0.01595938205718994,-0.05792787855881443,-0.11937126517295837,0.033489763736724854,-0.10838531515020122,-0.13164344429969788,0.06018155813217163,-0.15197493693250408,-0.12486213445663452,0.05382055044174194,-0.19310422799009075,-0.17147716879844666,-0.1693570613861084,-0.10889528504031887,-0.21575665473937988,-0.06002843379974365,-0.1787893976868986,-0.2571513056755066,0.012020587921142578,-0.2321711983384489,-0.2965049147605896,0.07556325197219849,-0.2656515892447828,-0.08924388885498047,-0.20405536890029907,-0.11487433871644726,-0.08326545357704163,-0.024835705757141113,-0.18101148864644756,-0.08789455890655518,0.04743987321853638,-0.20633623561280956,-0.09586003422737122,0.07008367776870728,-0.21788107416051616,-0.001497417688369751,-0.18440985679626465,-0.1252630110682844,0.00441315770149231,0.0011137127876281738,-0.17691128513234844,-0.007575243711471558,0.039638400077819824,-0.16194221934694042,-0.019541412591934204,0.02245110273361206,-0.14522497913259258,0.07382121682167053,-0.13961505889892578,-0.14276399275678386,0.07129260897636414,-0.0027862191200256348,-0.18296531400102367,0.05851474404335022,0.025469064712524414,-0.16892919501680126,0.050145119428634644,0.0011025667190551758,-0.15012413820642223
Z,0.0,0.0,0.0,-0.060632526874542236,0.012036740779876709,-0.05687948568339607,-0.11905565857887268,0.022276639938354492,-0.10260320334310791,-0.13126781582832336,0.0654454231262207,-0.14151162533636352,-0.12494096159934998,0.08172613382339478,-0.17549743382807037,-0.15317344665527344,-0.166903555393219,-0.10354432343120834,-0.19977355003356934,-0.06682270765304565,-0.16989887385244629,-0.2412165105342865,0.014257729053497314,-0.21305271117563507,-0.27831631898880005,0.08068317174911499,-0.2377178582417514,-0.0764714777469635,-0.2037920355796814,-0.10600333540315887,-0.0674978494644165,0.029678642749786377,-0.16810683040495178,-0.07005748152732849,0.08834761381149292,-0.18285699813242218,-0.08022603392601013,0.07725870609283447,-0.18548015384550354,0.007567375898361206,-0.18279516696929932,-0.11392567931289932,0.013269305229187012,0.028768301010131836,-0.1647302272784259,0.003013044595718384,0.03739666938781738,-0.14286287753458282,-0.010933220386505127,-0.01432955265045166,-0.11901753275270721,0.07881271839141846,-0.1393493413925171,-0.12913613645906707,0.07794332504272461,0.01379692554473877,-0.17317686109419128,0.06717675924301147,0.023587584495544434,-0.1604100230204608,0.058840394020080566,-0.025540411472320557,-0.13932525246019623
Z,0.0,0.0,0.0,-0.05072176456451416,0.01409757137298584,-0.06146335095866107,-0.10615760087966919,0.02927190065383911,-0.10776582226856135,-0.1227257251739502,0.06360960006713867,-0.14603870973689936,-0.12492376565933228,0.06846559047698975,-0.17742673919303797,-0.1546126902103424,-0.16432267427444458,-0.10389705613954447,-0.1965540051460266,-0.05816000699996948,-0.17402116820915126,-0.23590612411499023,0.018912971019744873,-0.2190843956242361,-0.27285824716091156,0.08183562755584717,-0.24332728848560237,-0.07673653960227966,-0.20480191707611084,-0.10225660965545558,-0.062133193016052246,0.0352553129196167,-0.16377554700477504,-0.05854588747024536,0.08776843547821045,-0.17408156261546992,-0.06326624751091003,0.07570087909698486,-0.17224675283534907,0.006714940071105957,-0.18603497743606567,-0.10721503064735316,0.015827596187591553,0.033478498458862305,-0.15865962073905848,0.009390652179718018,0.032971858978271484,-0.13235038385494136,-0.002412140369415283,-0.024212360382080078,-0.10390894726617717,0.0784187912940979,-0.14331364631652832,-0.11996649072273158,0.07864350080490112,0.022974133491516113,-0.1660397188435354,0.06708568334579468,0.0296669602394104,-0.15169764921768092,0.057456254959106445,-0.021074652671813965,-0.1272422210942068
Z,0.0,0.0,0.0,-0.06899437308311462,0.005665183067321777,-0.05679741851423614,-0.13729441165924072,-0.007048845291137695,-0.09523826442097061,-0.17261838912963867,0.01967787742614746,-0.1270853092465245,-0.20824742317199707,0.05211526155471802,-0.1524219473395192,-0.14235621690750122,-0.1810862421989441,-0.09008071176145904,-0.1800774335861206,-0.07924765348434448,-0.1549214830193364,-0.21450233459472656,-0.0017421841621398926,-0.19437765679691665,-0.2470291554927826,0.05453556776046753,-0.2152857144865834,-0.06099456548690796,-0.21448296308517456,-0.09075116715763443,-0.04965329170227051,0.024181365966796875,-0.14968032739494674,-0.050182193517684937,0.07880038022994995,-0.16013374529217117,-0.05730485916137695,0.04969072341918945,-0.16002744040821426,0.021984994411468506,-0.1907091736793518,-0.09842128656242721,0.02458477020263672,0.029082894325256348,-0.1465066184792363,0.011776268482208252,0.04893958568572998,-0.12163320533369415,-0.0013498663902282715,-0.0005165338516235352,-0.09645878128145569,0.0922197699546814,-0.1461135745048523,-0.11408157996271484,0.08672106266021729,0.01548910140991211,-0.15515330038402908,0.07318705320358276,0.030231952667236328,-0.14264340303276413,0.06764239072799683,-0.017985045909881592,-0.12231085054014557
Z,0.0,0.0,0.0,-0.07363149523735046,-0.004401981830596924,-0.051187357582477944,-0.143783837556839,-0.025152504444122314,-0.08968889219346465,-0.18398594856262207,-0.009122490882873535,-0.12300735218110503,-0.22592628002166748,0.0229300856590271,-0.15049639595332565,-0.1401190161705017,-0.20462864637374878,-0.08482573432507934,-0.1655389666557312,-0.11442047357559204,-0.14326684428039016,-0.1879957914352417,-0.03700894117355347,-0.1762293900329155,-0.20881450176239014,0.022958695888519287,-0.1932514036971611,-0.058237046003341675,-0.23182648420333862,-0.08900374425235213,-0.045003145933151245,-0.029850900173187256,-0.1436552728492302,-0.04163387417793274,0.03652089834213257,-0.15363127244296493,-0.040157854557037354,0.025239408016204834,-0.15459613753142776,0.021172165870666504,-0.2091902494430542,-0.09916283441367568,0.02957814931869507,-0.012413084506988525,-0.14433743310752334,0.021862328052520752,0.020672142505645752,-0.1258729572373909,0.015306532382965088,-0.01649683713912964,-0.10729769868436279,0.08972948789596558,-0.16609561443328857,-0.11628953618588866,0.08704078197479248,-0.020713984966278076,-0.14971597743812026,0.07721543312072754,0.008415520191192627,-0.13708824170413436,0.07383430004119873,-0.024816274642944336,-0.12036298466506423
Z,0.0,0.0,0.0,-0.07398855686187744,0.0020195841789245605,-0.059135458753814873,-0.13988536596298218,-0.019430339336395264,-0.09556215568017024,-0.17812830209732056,-0.010288357734680176,-0.12338527603577631,-0.21258938312530518,0.02155095338821411,-0.14320642067622202,-0.1329120397567749,-0.21185433864593506,-0.08052902980278986,-0.14261743426322937,-0.054667651653289795,-0.128629240529051,-0.11654531955718994,0.014647305011749268,-0.15122272385787028,-0.10045036673545837,0.006979644298553467,-0.1633304239673521,-0.04663509130477905,-0.22943097352981567,-0.07778833373021143,-0.04692596197128296,-0.03213399648666382,-0.12019995166491526,-0.037027716636657715,0.016456782817840576,-0.12622300101946848,-0.033620685338974,-0.024417638778686523,-0.12759968949984568,0.03082752227783203,-0.20848709344863892,-0.08097807629536646,0.025915920734405518,-0.030480682849884033,-0.12144977910946864,0.027866899967193604,0.0021737217903137207,-0.10728347613047617,0.031124472618103027,-0.04173308610916138,-0.09267447455357569,0.09578001499176025,-0.17180472612380981,-0.09098475737999934,0.08834701776504517,-0.04723167419433594,-0.11575636579226511,0.08132320642471313,-0.011904239654541016,-0.10406971289347666,0.08217185735702515,-0.034316182136535645,-0.09036007835101145
Z,0.0,0.0,0.0,-0.07340240478515625,-0.0008774399757385254,-0.0561869600112459,-0.14180272817611694,-0.021556556224822998,-0.09367527899098604,-0.18250399827957153,-0.012135148048400879,-0.12382643756222933,-0.22451496124267578,0.01676321029663086,-0.1457042404706499,-0.13818198442459106,-0.21865296363830566,-0.08288081076693743,-0.16558247804641724,-0.09159797430038452,-0.13427843239855974,-0.15955129265785217,-0.024181604385375977,-0.15740630117011278,-0.15369433164596558,-0.00971919298171997,-0.16854767587733477,-0.05596739053726196,-0.23787921667099,-0.08107085612368792,-0.06046125292778015,-0.03301268815994263,-0.1272246101195833,-0.0459478497505188,0.013564527034759521,-0.13216972437453478,-0.03467276692390442,-0.022523045539855957,-0.13187971797538012,0.0206487774848938,-0.21594685316085815,-0.08529085752320498,0.01482313871383667,-0.023123562335968018,-0.12433920887065142,0.02092456817626953,0.0052918195724487305,-0.10679102030348986,0.027743041515350342,-0.03846144676208496,-0.09032774057936876,0.08664935827255249,-0.17643696069717407,-0.0967966624791643,0.0774349570274353,-0.04063379764556885,-0.12181584623408526,0.07400476932525635,-0.010361135005950928,-0.11057762888026446,0.07812047004699707,-0.03908461332321167,-0.0966055625374338
Z,0.0,0.0,0.0,-0.07190072536468506,0.004793286323547363,-0.06797292848614234,-0.13521960377693176,-0.016048192977905273,-0.11018484105852622,-0.1675204634666443,-0.015541315078735352,-0.14237839748648184,-0.19907066226005554,-0.01174783706665039,-0.16409022381094474,-0.13753190636634827,-0.2467229962348938,-0.08828990926531333,-0.14823484420776367,-0.11368638277053833,-0.14456600715902823,-0.13138335943222046,-0.04862278699874878,-0.1700715201118328,-0.124966561794281,-0.06855988502502441,-0.18428071608332175,-0.051730960607528687,-0.26452457904815674,-0.08321026732710379,-0.04315543174743652,-0.06920671463012695,-0.13816433419970053,-0.036959707736968994,-0.016508817672729492,-0.1455697940805294,-0.0388638973236084,-0.0750003457069397,-0.14523754288939017,0.026627540588378906,-0.24055343866348267,-0.08589562048700827,0.03037106990814209,-0.058214783668518066,-0.1354440080144741,0.028473258018493652,-0.022595107555389404,-0.11682092418459433,0.027920901775360107,-0.07984966039657593,-0.09768682738331336,0.0912790298461914,-0.2003987431526184,-0.09667471071270484,0.09084832668304443,-0.07058596611022949,-0.13025296499517935,0.08183228969573975,-0.03393059968948364,-0.12069207449940222,0.08158355951309204,-0.06839573383331299,-0.10638724287537116
Z,0.0,0.0,0.0,-0.0667489767074585,-0.0018646717071533203,-0.05749453340115451,-0.12887582182884216,-0.01751762628555298,-0.09708663929643535,-0.16271847486495972,-0.01603984832763672,-0.1286090176218977,-0.19644635915756226,-0.010827839374542236,-0.15008474994840526,-0.14177480340003967,-0.2557637095451355,-0.08114368576946163,-0.1592104136943817,-0.12885212898254395,-0.1335484694355955,-0.14986857771873474,-0.06293177604675293,-0.1576735835188856,-0.14347738027572632,-0.06536597013473511,-0.17070709277334117,-0.06343883275985718,-0.27616554498672485,-0.0792683746332159,-0.05420881509780884,-0.07671159505844116,-0.12743026126565837,-0.04792565107345581,-0.029522478580474854,-0.131659568440341,-0.045094311237335205,-0.07578408718109131,-0.12951853979768657,0.011355340480804443,-0.2537054419517517,-0.08364912975969219,0.018432140350341797,-0.057936012744903564,-0.12280923236551189,0.016217589378356934,-0.026273012161254883,-0.09931409467401409,0.015872955322265625,-0.07490849494934082,-0.07815295566263103,0.07551383972167969,-0.21217107772827148,-0.09624408293905162,0.07576334476470947,-0.06832873821258545,-0.1250653575772276,0.06887578964233398,-0.03960961103439331,-0.11342825848998928,0.06934159994125366,-0.07704406976699829,-0.09664938707294368
Z,0.0,0.0,0.0,-0.06062436103820801,0.00854182243347168,-0.0648202129867741,-0.12031209468841553,-0.011583983898162842,-0.10565031852991069,-0.15320011973381042,-0.02040410041809082,-0.13669281240970577,-0.17269891500473022,-0.03798985481262207,-0.15628655787975276,-0.1439361870288849,-0.2719668745994568,-0.07857073631555522,-0.16375967860221863,-0.16499841213226318,-0.13528106149703945,-0.14630883932113647,-0.08644658327102661,-0.16351824041873897,-0.1330469250679016,-0.07829755544662476,-0.1780411207345196,-0.06897437572479248,-0.2953745722770691,-0.07212610330850566,-0.06565284729003906,-0.12748372554779053,-0.12395947959691966,-0.05573636293411255,-0.06349366903305054,-0.13191931482822383,-0.05273473262786865,-0.09485584497451782,-0.13132748540908779,0.002673804759979248,-0.2763172388076782,-0.07338899907142604,0.007027804851531982,-0.10963553190231323,-0.11498217072755779,0.005792975425720215,-0.06242269277572632,-0.09581335422069515,0.0032812952995300293,-0.09977024793624878,-0.07770574625999416,0.06400591135025024,-0.23497235774993896,-0.08292451288969005,0.06484442949295044,-0.106656014919281,-0.11170673158437694,0.06257355213165283,-0.07223927974700928,-0.10226214465171779,0.06424963474273682,-0.10811799764633179,-0.08743124243289913
Z,0.0,0.0,0.0,-0.06968832015991211,0.019032955169677734,-0.05378563151288063,-0.13614928722381592,0.018374323844909668,-0.09386313900876075,-0.14708125591278076,0.023496031761169434,-0.1252157335035804,-0.11177623271942139,0.008066296577453613,-0.14695557401108772,-0.15718162059783936,-0.23157858848571777,-0.07086493269133598,-0.15214437246322632,-0.07418835163116455,-0.1188775171391967,-0.12776881456375122,-0.01904428005218506,-0.1472394858353141,-0.11647772789001465,-0.04399263858795166,-0.16530073628354103,-0.08673697710037231,-0.2494334578514099,-0.06830039814639122,-0.06566911935806274,-0.05559647083282471,-0.10952195719409019,-0.05412495136260986,-0.023687541484832764,-0.11802650437283546,-0.05385231971740723,-0.07548785209655762,-0.12137954131293327,-0.017148733139038086,-0.23433905839920044,-0.07121852979588539,-0.0002633333206176758,-0.0489201545715332,-0.10442939594912559,0.007039308547973633,-0.028590083122253418,-0.08703341529297859,0.007611870765686035,-0.08565658330917358,-0.07167593583989174,0.043816983699798584,-0.20113450288772583,-0.0814024154894355,0.04987460374832153,-0.06636416912078857,-0.10403379992175132,0.0548059344291687,-0.04883521795272827,-0.09262808606553108,0.06007421016693115,-0.0973251461982727,-0.07794030949997932
Z,0.0,0.0,0.0,-0.06729626655578613,0.032849133014678955,-0.057335251823246836,-0.11892956495285034,0.05787009000778198,-0.10389485757070815,-0.09213477373123169,0.0984266996383667,-0.14499577681738174,-0.02194690704345703,0.10202288627624512,-0.18229032854753768,-0.119060218334198,-0.1504967212677002,-0.08749405841547286,-0.10297763347625732,-0.05445253849029541,-0.14932374458032882,-0.07840752601623535,0.01622140407562256,-0.18970791797357833,-0.06487452983856201,0.026655197143554688,-0.2134281526060704,-0.0476987361907959,-0.15942412614822388,-0.0883206258268956,-0.019515812397003174,-0.0206717848777771,-0.14261023502069747,-0.010499775409698486,0.044256627559661865,-0.15884448389726913,-0.014290809631347656,0.03088480234146118,-0.16554058890062606,0.019934356212615967,-0.13747602701187134,-0.09549065481144225,0.04167217016220093,-0.003961920738220215,-0.1458743641825322,0.04158884286880493,0.044285476207733154,-0.1422536353321675,0.03190404176712036,0.022604644298553467,-0.13209533493238723,0.07518565654754639,-0.10100764036178589,-0.10817778657394683,0.08950150012969971,0.001959562301635742,-0.14152441720682418,0.08820605278015137,0.04125535488128662,-0.1337935010643605,0.08520698547363281,0.0279618501663208,-0.12115379224735534
Z,0.0,0.0,0.0,-0.06707358360290527,0.033410489559173584,-0.05200613314252678,-0.11302006244659424,0.056492507457733154,-0.09308567667346779,-0.07205122709274292,0.09235125780105591,-0.12694408023696724,-0.006848573684692383,0.10179495811462402,-0.15569470846992317,-0.10718691349029541,-0.1322382092475891,-0.0910373481546003,-0.08270764350891113,-0.0032657384872436523,-0.13940180862289253,-0.07274717092514038,0.044232845306396484,-0.16737256968360725,-0.07104301452636719,0.0361819863319397,-0.18534083688598457,-0.04006892442703247,-0.1509319543838501,-0.08994520479780022,-0.0005056858062744141,0.047747135162353516,-0.13654056215625587,-0.005149364471435547,0.08467483520507812,-0.1490042957101423,-0.015263140201568604,0.04496967792510986,-0.15527728224139992,0.025561273097991943,-0.13841629028320312,-0.09216897958856407,0.05872642993927002,0.04083240032196045,-0.13314592862468544,0.04786020517349243,0.0586315393447876,-0.12473932677846733,0.03581780195236206,0.017777740955352783,-0.11381755048375908,0.07950937747955322,-0.11004060506820679,-0.10055837804418388,0.10690838098526001,0.012854337692260742,-0.13517677808147255,0.10259252786636353,0.03502321243286133,-0.12954968238216225,0.1028321385383606,0.010721921920776367,-0.11752963090282265
Z,0.0,0.0,0.0,-0.06250423192977905,0.03712362051010132,-0.05823939571774872,-0.11651986837387085,0.05100935697555542,-0.10108015964425476,-0.08062326908111572,0.07972025871276855,-0.13527982215083512,-0.01673579216003418,0.08653581142425537,-0.16181764284766587,-0.111411452293396,-0.10935723781585693,-0.10854300389684113,-0.09513533115386963,-0.03805917501449585,-0.17002068738139542,-0.06332135200500488,0.014966726303100586,-0.20218169967330368,-0.032552242279052734,0.0434688925743103,-0.2181670395532933,-0.041526198387145996,-0.1530182957649231,-0.10425458381570252,0.0035494565963745117,0.06987440586090088,-0.16727251092589768,0.024320900440216064,0.13207870721817017,-0.1758336303631154,0.04030364751815796,0.12644416093826294,-0.17334363142646225,0.028565287590026855,-0.14979028701782227,-0.10517850796378525,0.06715661287307739,0.05434936285018921,-0.15457190851367386,0.06195491552352905,0.06276839971542358,-0.13902028183139237,0.05785369873046875,0.026018083095550537,-0.12049081454671295,0.08937263488769531,-0.12762272357940674,-0.11327818314231308,0.11521166563034058,0.01797199249267578,-0.15333836058772476,0.11018729209899902,0.04904472827911377,-0.14480430165923508,0.1116533875465393,0.03949016332626343,-0.12791054228938492
Z,0.0,0.0,0.0,-0.050610482692718506,0.06205540895462036,-0.08111223007455237,-0.08267772197723389,0.10731935501098633,-0.1381151470066584,-0.011790871620178223,0.14864617586135864,-0.18068539525285132,0.06797301769256592,0.14724397659301758,-0.21417492057099707,-0.11068344116210938,-0.08079582452774048,-0.14468427921548255,-0.050625622272491455,0.05392330884933472,-0.21644170011296637,-0.02335667610168457,0.10210418701171875,-0.2557015063883341,-0.0001386404037475586,0.11504238843917847,-0.27810981298699744,-0.03604310750961304,-0.134557843208313,-0.13100832129731543,0.04546380043029785,0.09453219175338745,-0.19934957648530371,0.04676467180252075,0.13739526271820068,-0.2054661753298319,0.042897164821624756,0.11516475677490234,-0.20489760662331946,0.03606879711151123,-0.13965648412704468,-0.12415751988902457,0.10346758365631104,0.06813442707061768,-0.1796435060621775,0.08246976137161255,0.0788503885269165,-0.16091799165025122,0.06307345628738403,0.038497865200042725,-0.14135173882260688,0.09811210632324219,-0.12010318040847778,-0.12671240593209632,0.14424437284469604,0.029365062713623047,-0.17804511810555823,0.11952513456344604,0.05123007297515869,-0.17793349350705512,0.10019314289093018,0.02939373254776001,-0.16750922228112586
Z,0.0,0.0,0.0,-0.0380367636680603,0.06266391277313232,-0.08647070110390587,-0.059694886207580566,0.11607784032821655,-0.14876479685852928,-0.0019293427467346191,0.16331017017364502,-0.19615644991944237,0.05415850877761841,0.1839575171470642,-0.2399222332293789,-0.11014056205749512,-0.06734180450439453,-0.14648846567223472,-0.040798187255859375,0.06031060218811035,-0.2155108380372326,-0.011319279670715332,0.10494565963745117,-0.2577466744239132,0.010662853717803955,0.12600111961364746,-0.28167478025505943,-0.041926562786102295,-0.11771982908248901,-0.1274542588050167,0.03216230869293213,0.06031441688537598,-0.19927775145123405,0.08243757486343384,0.13306450843811035,-0.2174208241755764,0.1187397837638855,0.16680026054382324,-0.22213389754841728,0.024223923683166504,-0.12817418575286865,-0.11325040489981575,0.08469903469085693,0.01943075656890869,-0.17807657301972313,0.11226826906204224,0.06408476829528809,-0.18002363324711723,0.12586790323257446,0.07718276977539062,-0.17018727243493004,0.08440643548965454,-0.11341357231140137,-0.10567069829056663,0.12561100721359253,-0.012845098972320557,-0.15904564440796776,0.14382874965667725,0.040519773960113525,-0.16423480988095207,0.15751469135284424,0.06546330451965332,-0.15750937939236564
Z,0.0,0.0,0.0,-0.03733956813812256,0.06486701965332031,-0.09060010564449783,-0.05770593881607056,0.11853784322738647,-0.15740544599417206,-0.018230319023132324,0.16653358936309814,-0.20779235166433807,0.004646599292755127,0.20535039901733398,-0.25520263117674347,-0.10437804460525513,-0.05139899253845215,-0.17612917226675506,-0.04121512174606323,0.04420429468154907,-0.253028313339982,-0.008211374282836914,0.10050773620605469,-0.2966992358577585,0.01629573106765747,0.14265847206115723,-0.31885240477446075,-0.03826385736465454,-0.10487121343612671,-0.15634288889292236,0.031979143619537354,0.07868772745132446,-0.23498749238375183,0.07894200086593628,0.15038061141967773,-0.25366056960943695,0.11531811952590942,0.18502557277679443,-0.25839785736921783,0.02696329355239868,-0.11425530910491943,-0.1398698638093805,0.08166509866714478,0.04513651132583618,-0.2038381050241327,0.09786409139633179,0.09075355529785156,-0.1981920848501062,0.10571348667144775,0.10400164127349854,-0.18451530736807342,0.08413445949554443,-0.10203683376312256,-0.13055549067381378,0.11882007122039795,0.006507158279418945,-0.18091706436995025,0.12470138072967529,0.059204816818237305,-0.17996258539083954,0.1286819577217102,0.08336538076400757,-0.16899519664171692
Z,0.0,0.0,0.0,-0.04705953598022461,0.04157257080078125,-0.06835209108149343,-0.06858915090560913,0.07395458221435547,-0.12076849765335851,-0.0311240553855896,0.10326880216598511,-0.1626020920947724,0.015203356742858887,0.13355505466461182,-0.20158814913784795,-0.0979195237159729,-0.06205874681472778,-0.1337912929729157,-0.02641195058822632,0.06154853105545044,-0.20683504170929723,0.032212018966674805,0.14077246189117432,-0.2511727911904984,0.07676362991333008,0.19111847877502441,-0.2718748552278214,-0.03654700517654419,-0.09554523229598999,-0.12359615690266423,0.019701063632965088,0.06797516345977783,-0.19048939175164037,0.07123559713363647,0.1386159062385559,-0.2073900205568009,0.10939943790435791,0.17391937971115112,-0.21134139127289586,0.02435845136642456,-0.09890121221542358,-0.11689275778090291,0.06702744960784912,0.04035407304763794,-0.17377137667691045,0.09881293773651123,0.1035805344581604,-0.16765243835007482,0.11720383167266846,0.13821160793304443,-0.15231312341248326,0.08043652772903442,-0.08610790967941284,-0.11580462283646398,0.10945439338684082,0.012519299983978271,-0.15197383887326055,0.11970072984695435,0.06598925590515137,-0.14371011681114965,0.12434035539627075,0.09655642509460449,-0.12874796516453557
Z,0.0,0.0,0.0,-0.05009883642196655,0.047660768032073975,-0.07203359895798656,-0.07577049732208252,0.08160585165023804,-0.12946123623702022,-0.030076801776885986,0.1257132887840271,-0.1749888881430337,0.03003925085067749,0.16616278886795044,-0.22123595321032496,-0.0894242525100708,-0.04931282997131348,-0.14353723072859736,-0.014848828315734863,0.06755214929580688,-0.21067006134840938,0.04147118330001831,0.1420142650604248,-0.2594513967022607,0.08295553922653198,0.1905537247657776,-0.2856870367512414,-0.023994803428649902,-0.0834435224533081,-0.1296216323361108,0.03473740816116333,0.0374068021774292,-0.18781731271597835,0.0798494815826416,0.10074621438980103,-0.21124999964091273,0.11318033933639526,0.14352542161941528,-0.2227680160984704,0.03576880693435669,-0.08556073904037476,-0.11643772566172572,0.0835999846458435,0.021727144718170166,-0.16088122868391963,0.11043596267700195,0.08008581399917603,-0.15812741958949061,0.1249358057975769,0.1213570237159729,-0.14848383509966823,0.08072012662887573,-0.06763923168182373,-0.10881072276684733,0.10884231328964233,0.005694746971130371,-0.1322105004772851,0.12315261363983154,0.05494481325149536,-0.11830867820832225,0.13479965925216675,0.09035247564315796,-0.10279238217923137
Z,0.0,0.0,0.0,-0.0491257905960083,0.05330318212509155,-0.07779536841657375,-0.07543927431106567,0.0867721438407898,-0.1383295178249142,-0.02963852882385254,0.12386864423751831,-0.18510803280618404,0.025358498096466064,0.1561594009399414,-0.23064289687421535,-0.09297138452529907,-0.056968867778778076,-0.1543704092338345,-0.018855571746826172,0.0528111457824707,-0.2258304178550503,0.03394049406051636,0.12677490711212158,-0.27454948125627254,0.07146716117858887,0.1748409867286682,-0.30157085953500484,-0.02893120050430298,-0.09609436988830566,-0.13904176352765774,0.024043560028076172,0.04437661170959473,-0.19898579715039943,0.06860369443893433,0.10843420028686523,-0.21764681933667873,0.10390233993530273,0.1459386944770813,-0.2267057716682217,0.03127586841583252,-0.10046142339706421,-0.1257945865228436,0.07173335552215576,0.02304595708847046,-0.17054064272191738,0.09876924753189087,0.08099740743637085,-0.15918519793298458,0.11698168516159058,0.11332172155380249,-0.14505943356301998,0.08198827505111694,-0.0850037932395935,-0.11967564074542736,0.10474151372909546,0.0045282840728759766,-0.14877728818204616,0.11776512861251831,0.05605804920196533,-0.13585501609590267,0.12915199995040894,0.08605611324310303,-0.11999655960347866
Z,0.0,0.0,0.0,-0.044345736503601074,0.04963386058807373,-0.07344945908863565,-0.06690102815628052,0.09493935108184814,-0.13380088300783655,-0.020123064517974854,0.13460838794708252,-0.18289150686342737,0.035065293312072754,0.16663306951522827,-0.22944546134550592,-0.09653860330581665,-0.06220215559005737,-0.14663261563856622,-0.0397070050239563,0.03817933797836304,-0.224195752454591,-0.003493785858154297,0.10342472791671753,-0.2709179410465481,0.02082538604736328,0.14625084400177002,-0.2951805779464962,-0.03544437885284424,-0.10527050495147705,-0.13635851831514856,0.011507272720336914,0.05131477117538452,-0.20473759265024682,0.05464905500411987,0.12190783023834229,-0.2209274658687832,0.08671176433563232,0.15212827920913696,-0.226725790811372,0.026384949684143066,-0.11271405220031738,-0.1298969426878216,0.06381940841674805,0.02702772617340088,-0.18801097960550806,0.09403818845748901,0.09260278940200806,-0.17829181642611047,0.11099934577941895,0.12467038631439209,-0.16264582068998834,0.08492404222488403,-0.10023069381713867,-0.12999299557287713,0.10988014936447144,0.0041359663009643555,-0.1710930207498791,0.12459617853164673,0.059891462326049805,-0.16374472172338983,0.1337447166442871,0.08797609806060791,-0.14979041011412164
Z,0.0,0.0,0.0,-0.04453861713409424,0.0521773099899292,-0.07261949009890145,-0.07206279039382935,0.09390610456466675,-0.13056846685404366,-0.02799326181411743,0.12756216526031494,-0.177678562474199,0.02134186029434204,0.148656964302063,-0.22120284266466683,-0.11163169145584106,-0.08071666955947876,-0.1382428330897767,-0.06801950931549072,-0.0010279417037963867,-0.21734554297918862,-0.03808623552322388,0.05609166622161865,-0.26596672065252847,-0.020461738109588623,0.09412616491317749,-0.2916339112042863,-0.04913794994354248,-0.12896490097045898,-0.12859988934988564,0.005028188228607178,0.036979615688323975,-0.20011972613329476,0.04009127616882324,0.1150442361831665,-0.21485678083891457,0.059999942779541016,0.14013457298278809,-0.21844624705309457,0.014049232006072998,-0.1354001760482788,-0.12419437594408578,0.05752331018447876,0.01651477813720703,-0.18197747297281808,0.07340896129608154,0.08249777555465698,-0.16783911712164468,0.07563292980194092,0.10109823942184448,-0.14959906764025277,0.0728575587272644,-0.12292647361755371,-0.12694204576010293,0.10088717937469482,-0.004974842071533203,-0.16805406637186593,0.1062929630279541,0.04946160316467285,-0.15897317953104562,0.1056719422340393,0.06378412246704102,-0.1433246953010041
Z,0.0,0.0,0.0,-0.04995560646057129,0.041313767433166504,-0.05856745900507576,-0.08269023895263672,0.08287173509597778,-0.10580443801279671,-0.046720147132873535,0.12474095821380615,-0.14480305673475868,-0.0001303553581237793,0.14682650566101074,-0.1784614569127143,-0.12137770652770996,-0.09479671716690063,-0.11462312402125008,-0.07250475883483887,0.005697131156921387,-0.1873912906825126,-0.04407095909118652,0.06424856185913086,-0.22898546816702492,-0.02780395746231079,0.09665024280548096,-0.2494466102301658,-0.05390387773513794,-0.13795101642608643,-0.11033797474499352,0.004321455955505371,0.05305910110473633,-0.1739865338980735,0.023038029670715332,0.12423574924468994,-0.18172257603998787,0.029993057250976562,0.13207203149795532,-0.1804894602477134,0.014205992221832275,-0.1390053629875183,-0.11179261865015633,0.05881524085998535,0.03263312578201294,-0.1641153490721763,0.06357938051223755,0.08210808038711548,-0.14613130154009468,0.060991644859313965,0.07811516523361206,-0.12537441613073952,0.07674586772918701,-0.12163561582565308,-0.11988453032370217,0.10918450355529785,0.010954499244689941,-0.1624203866898597,0.10561478137969971,0.05100947618484497,-0.15615947009916908,0.10046911239624023,0.04670369625091553,-0.1413542574822486
Z,0.0,0.0,0.0,-0.05118793249130249,0.04836028814315796,-0.05584070446161604,-0.09060078859329224,0.09847396612167358,-0.10211328404216147,-0.06608790159225464,0.14787572622299194,-0.1375874577668128,-0.022407591342926025,0.16187644004821777,-0.1649488656428275,-0.14624184370040894,-0.10222095251083374,-0.11674648510484076,-0.12528693675994873,0.05730485916137695,-0.18049140261678076,-0.07811754941940308,0.12480705976486206,-0.21620570110349036,-0.04518610239028931,0.13652288913726807,-0.23458474861649847,-0.07306379079818726,-0.1346631646156311,-0.1117664350774703,-0.02139878273010254,0.06721091270446777,-0.16064257906941748,-0.01915496587753296,0.10053509473800659,-0.16022483991650915,-0.029385507106781006,0.07044994831085205,-0.1554388253596244,0.0029827356338500977,-0.12672120332717896,-0.1102148814704833,0.04418051242828369,0.058676958084106445,-0.1426146029141364,0.02570962905883789,0.06463950872421265,-0.10708276914624548,0.00998079776763916,0.014818847179412842,-0.077377252152246,0.06729626655578613,-0.09726262092590332,-0.11646450298098898,0.09461939334869385,0.039231061935424805,-0.14837697135476446,0.07700270414352417,0.03516650199890137,-0.13228261457948065,0.06780856847763062,-0.017514348030090332,-0.10944919275311804
Z,0.0,0.0,0.0,-0.05692291259765625,0.06740564107894897,-0.06681268953015262,-0.09614932537078857,0.13204991817474365,-0.12340682290722782,-0.06484222412109375,0.1815977692604065,-0.16909152560164387,-0.010543525218963623,0.1804010272026062,-0.20878531329562122,-0.1463470458984375,-0.08317571878433228,-0.13780977122713978,-0.12265723943710327,0.07428938150405884,-0.20788733951975757,-0.07596290111541748,0.13586443662643433,-0.24640439741541798,-0.0469897985458374,0.14253491163253784,-0.26654164783884937,-0.06765961647033691,-0.12612205743789673,-0.13243115239073688,-0.014616072177886963,0.09147655963897705,-0.19022192351748402,-0.010717332363128662,0.09597986936569214,-0.1970872014038747,-0.024575471878051758,0.04428434371948242,-0.1971460609905904,0.014848530292510986,-0.1243622899055481,-0.1303748070471471,0.04733383655548096,0.09322220087051392,-0.1658081441395467,0.03688335418701172,0.08157628774642944,-0.130103754925031,0.021766185760498047,0.017127037048339844,-0.10025701217581684,0.084503173828125,-0.0954166054725647,-0.13771541707446033,0.10147053003311157,0.06789863109588623,-0.17150678031374866,0.0840405821800232,0.05355703830718994,-0.15421964518954212,0.07216352224349976,-0.009257376194000244,-0.12997484497954304
Z,0.0,0.0,0.0,-0.06744825839996338,0.052630841732025146,-0.05592032943487624,-0.11532074213027954,0.11698848009109497,-0.10518696580648879,-0.09738093614578247,0.18918967247009277,-0.14650346760273436,-0.06280797719955444,0.2311767339706421,-0.1848351252508209,-0.13496464490890503,-0.06843423843383789,-0.11313278649569014,-0.11966240406036377,0.10986089706420898,-0.1693600607347534,-0.08635962009429932,0.16145122051239014,-0.20165023629188994,-0.06174570322036743,0.16447466611862183,-0.21768236581802825,-0.05311852693557739,-0.09213674068450928,-0.11158219401360014,-0.03301036357879639,0.13209807872772217,-0.15198502366066435,-0.029750585556030273,0.12287366390228271,-0.16049556855679015,-0.03395819664001465,0.07073724269866943,-0.166086424632077,0.02670454978942871,-0.08184611797332764,-0.11269810472250441,0.031494319438934326,0.13489729166030884,-0.14103240196228484,0.02875429391860962,0.10962635278701782,-0.12179132227421263,0.02477508783340454,0.04397892951965332,-0.1055061710310028,0.09238022565841675,-0.051875531673431396,-0.12118844364405135,0.08914536237716675,0.10399150848388672,-0.14417376045704344,0.07546341419219971,0.08222699165344238,-0.13027613286495665,0.06827014684677124,0.021379828453063965,-0.113389369590287
Z,0.0,0.0,0.0,-0.07085049152374268,0.03976428508758545,-0.04675921042162656,-0.12457519769668579,0.08368372917175293,-0.08563906688887357,-0.13496553897857666,0.15085524320602417,-0.12098679681021451,-0.13234585523605347,0.21169644594192505,-0.15254940827090024,-0.1459885835647583,-0.08803975582122803,-0.07439620037276029,-0.13613015413284302,0.07800674438476562,-0.12679421146113157,-0.11933368444442749,0.14751940965652466,-0.1606909557123828,-0.10887068510055542,0.17540371417999268,-0.1765322013636279,-0.06834220886230469,-0.10955631732940674,-0.07717896242338895,-0.03728574514389038,0.11933386325836182,-0.11052262027460813,-0.03254324197769165,0.10321742296218872,-0.11708161224323987,-0.033898770809173584,0.05185854434967041,-0.11896068592268705,0.009838700294494629,-0.09450894594192505,-0.08510191728073835,0.020059943199157715,0.1257328987121582,-0.11003395159441709,0.022046566009521484,0.09627830982208252,-0.08815553773838758,0.02182084321975708,0.03448265790939331,-0.0672196893830943,0.07500272989273071,-0.06150639057159424,-0.10080391158062696,0.07732301950454712,0.09954720735549927,-0.12158907194334745,0.07129740715026855,0.07856506109237671,-0.10498360533911466,0.07052618265151978,0.023680031299591064,-0.08356413979727506
Z,0.0,0.0,0.0,-0.08570969104766846,0.022034406661987305,-0.04688203558703208,-0.1574597954750061,0.03664654493331909,-0.08292692751069808,-0.1941433548927307,0.06959301233291626,-0.11513256878038192,-0.1870661973953247,0.10059124231338501,-0.14325737804551864,-0.17158901691436768,-0.14414548873901367,-0.05837454498191619,-0.1773027777671814,0.009513914585113525,-0.10006861985107207,-0.16155028343200684,0.04502105712890625,-0.12447614819188857,-0.1521407663822174,0.031219303607940674,-0.136951489750345,-0.09358763694763184,-0.15484142303466797,-0.060955005142886876,-0.08462095260620117,0.0629153847694397,-0.093522517386873,-0.07043004035949707,0.05399441719055176,-0.10112048536916518,-0.06889140605926514,-0.0014623403549194336,-0.10356193632264876,-0.013829827308654785,-0.1321735978126526,-0.06887242049356246,-0.020939350128173828,0.07340645790100098,-0.09780268222471022,-0.007915079593658447,0.04738318920135498,-0.08544961959501052,-0.0022676587104797363,-0.010026872158050537,-0.07107178718229079,0.05434948205947876,-0.09314960241317749,-0.08320627957959914,0.04276275634765625,0.05420440435409546,-0.10418239832301879,0.04365772008895874,0.033821046352386475,-0.09417200684924865,0.0469321608543396,-0.019703269004821777,-0.07920230031390929
Z,0.0,0.0,0.0,-0.09131336212158203,-0.020558953285217285,-0.03489555221511864,-0.16117596626281738,-0.04526335000991821,-0.06140434172465348,-0.19929546117782593,-0.05271667242050171,-0.08703683119728112,-0.22576069831848145,-0.0506477952003479,-0.11313191604330086,-0.16809725761413574,-0.20236390829086304,-0.057892015096683735,-0.20715320110321045,-0.1465442180633545,-0.11067770969583535,-0.2254767119884491,-0.07438331842422485,-0.1491658295364573,-0.2338721752166748,-0.014147520065307617,-0.17011716019823098,-0.09751179814338684,-0.21906661987304688,-0.06803971332027459,-0.10797426104545593,-0.09626209735870361,-0.12061752181961083,-0.11124399304389954,-0.008988559246063232,-0.14142530214502358,-0.11352184414863586,0.0395161509513855,-0.1481970007391169,-0.021426737308502197,-0.1983756422996521,-0.08271203738166832,-0.023692309856414795,-0.09034240245819092,-0.12961887371255898,-0.03149294853210449,-0.03224813938140869,-0.12800923537923836,-0.03659754991531372,-0.007097303867340088,-0.11824364763214135,0.048951148986816406,-0.15929943323135376,-0.1010195071668818,0.04843127727508545,-0.06348621845245361,-0.1364426816673472,0.038221776485443115,-0.01698535680770874,-0.1310911829443171,0.03298938274383545,-0.003531932830810547,-0.11818791728927636
Z,0.0,0.0,0.0,-0.07266867160797119,0.0007454156875610352,-0.04370300883283562,-0.14239373803138733,0.006708264350891113,-0.07674957850804276,-0.17676392197608948,0.04721510410308838,-0.1057327021085257,-0.19573143124580383,0.07619333267211914,-0.13104278633227295,-0.17419853806495667,-0.14122527837753296,-0.08567001709570832,-0.21222352981567383,-0.018410146236419678,-0.13995391914477295,-0.2340966761112213,0.05543774366378784,-0.17369837352862305,-0.2492237538099289,0.10933470726013184,-0.19041696974863953,-0.09513747692108154,-0.1643480658531189,-0.08951398769249863,-0.08681827783584595,0.06704181432723999,-0.13717151472201294,-0.07286122441291809,0.08331888914108276,-0.14323537835707612,-0.061135560274124146,0.061208486557006836,-0.13857098707785553,-0.007157742977142334,-0.1394808292388916,-0.09709181675543732,-0.010550469160079956,0.07767099142074585,-0.1352598894559378,-0.0067729651927948,0.05010271072387695,-0.11019955614438004,-0.0011901259422302246,-0.011738002300262451,-0.08286936620106644,0.07181063294410706,-0.10010397434234619,-0.11069511661162323,0.06597837805747986,0.061003029346466064,-0.145391278358602,0.0627996027469635,0.04210883378982544,-0.1288851279937262,0.06659302115440369,-0.01568925380706787,-0.10294766763081498
Z,0.0,0.0,0.0,-0.08398684859275818,0.007350265979766846,-0.05273114763235753,-0.16112282872200012,0.010279476642608643,-0.08924205474590963,-0.19773268699645996,0.06484746932983398,-0.12048810593819326,-0.21414774656295776,0.11143088340759277,-0.14732762299513524,-0.1691458821296692,-0.13593840599060059,-0.09556274734472936,-0.21153384447097778,0.003342568874359131,-0.160626581535098,-0.24671104550361633,0.09515213966369629,-0.1986621382091016,-0.27756883203983307,0.15839165449142456,-0.21730538331007665,-0.09083467721939087,-0.1627468466758728,-0.09878940753674215,-0.07584166526794434,0.0846329927444458,-0.1543186964843244,-0.07857009768486023,0.10153388977050781,-0.16145285092329686,-0.08500158786773682,0.06158244609832764,-0.15769032262301153,-0.0022753775119781494,-0.14074236154556274,-0.10812881462311452,-0.0002518296241760254,0.08791208267211914,-0.1574719163033933,-0.009240448474884033,0.07075107097625732,-0.13262862585520452,-0.016531288623809814,0.006467163562774658,-0.1038036110255689,0.07476097345352173,-0.1046593189239502,-0.12472957991099065,0.07633435726165771,0.06703633069992065,-0.16992152355646795,0.0695374608039856,0.05667632818222046,-0.15826906882261937,0.06895244121551514,-0.004754126071929932,-0.13495267055964177
Z,0.0,0.0,0.0,-0.0818745493888855,0.007652163505554199,-0.057400024217685086,-0.15964162349700928,0.0217856764793396,-0.09854751331837974,-0.204584002494812,0.08691924810409546,-0.13388853771718345,-0.2330009788274765,0.15151304006576538,-0.16563483579190574,-0.17091059684753418,-0.1334579586982727,-0.09756228579314552,-0.19651493430137634,0.03107893466949463,-0.16406176490815483,-0.22461451590061188,0.12589406967163086,-0.20632644994290672,-0.2519034743309021,0.1841040849685669,-0.22845386965306602,-0.0833350419998169,-0.1631258726119995,-0.10054390383990608,-0.06734147667884827,0.07075607776641846,-0.153591404390653,-0.06950059533119202,0.08636677265167236,-0.1649437050345739,-0.0772712230682373,0.0409051775932312,-0.16670567793877922,0.008841842412948608,-0.14648163318634033,-0.10970986140998207,0.012795686721801758,0.07108759880065918,-0.15622382862599693,0.0035062432289123535,0.0663037896156311,-0.13423946006329857,-0.004631787538528442,0.007777869701385498,-0.10929250223668419,0.08795934915542603,-0.11315470933914185,-0.12684264285596214,0.09021121263504028,0.04988694190979004,-0.16674287123711906,0.08121579885482788,0.04966217279434204,-0.15357557935746513,0.07861679792404175,-0.0022238492965698242,-0.1315913747075399
Z,0.0,0.0,0.0,-0.08343079686164856,0.015437006950378418,-0.05217765340620417,-0.1624295711517334,0.02383655309677124,-0.089410719219984,-0.20690932869911194,0.0754997730255127,-0.12170732462817568,-0.2392629086971283,0.13596969842910767,-0.1518823995631351,-0.14961114525794983,-0.14065080881118774,-0.09251653844529528,-0.16991350054740906,-0.0135878324508667,-0.14386614108497042,-0.19043266773223877,0.06435239315032959,-0.17414686525279421,-0.2070186734199524,0.11855769157409668,-0.19095641816073794,-0.06467527151107788,-0.17116957902908325,-0.09599362010175128,-0.04756501317024231,0.03666818141937256,-0.1458668007891788,-0.04618290066719055,0.10238230228424072,-0.16245273197108645,-0.04968705773353577,0.10248684883117676,-0.1712835624259128,0.021673351526260376,-0.1591254472732544,-0.10333585435563464,0.030811220407485962,0.03210878372192383,-0.15114279532843966,0.0258578360080719,0.07131803035736084,-0.14964767241889376,0.021094530820846558,0.05703091621398926,-0.14238673890048403,0.09578552842140198,-0.13131612539291382,-0.11616578394585986,0.10016384720802307,-0.0014810562133789062,-0.14998648012095828,0.09330543875694275,0.03111368417739868,-0.14497505569869418,0.09055575728416443,0.02228647470474243,-0.13570777023250002
Z,0.0,0.0,0.0,-0.07218152284622192,0.013638734817504883,-0.06043646235474398,-0.14992284774780273,0.010804057121276855,-0.10020893563040545,-0.194108247756958,0.04822337627410889,-0.1336490337968712,-0.23594138026237488,0.09441250562667847,-0.16106895853289416,-0.14428874850273132,-0.1723541021347046,-0.0959545274496918,-0.17635977268218994,-0.058012187480926514,-0.1545807247281914,-0.20355430245399475,0.021680235862731934,-0.1855677043319588,-0.2204975187778473,0.07258999347686768,-0.20154951263674548,-0.061664313077926636,-0.21271193027496338,-0.09506109852799227,-0.04958140850067139,0.01904350519180298,-0.1494317327857857,-0.04061335325241089,0.0699167251586914,-0.15967817355402758,-0.03255769610404968,0.04274231195449829,-0.16217680026301196,0.0215531587600708,-0.1989196538925171,-0.10034803051956942,0.025919020175933838,0.020615220069885254,-0.14768172551401904,0.02060854434967041,0.053847670555114746,-0.13169556607016375,0.017950057983398438,0.021372437477111816,-0.11430461455591967,0.0910760760307312,-0.16366726160049438,-0.11356100935944369,0.09129321575164795,0.002941906452178955,-0.15155179549464037,0.08099550008773804,0.0306241512298584,-0.1444951568961983,0.07569050788879395,0.002641141414642334,-0.1309966569066887
Z,0.0,0.0,0.0,-0.07334551215171814,0.006422758102416992,-0.05899761473142462,-0.14442747831344604,-0.0008591413497924805,-0.0997166023155387,-0.18724325299263,0.030957400798797607,-0.13500178461276846,-0.22604584693908691,0.08323794603347778,-0.1643821359177764,-0.13305845856666565,-0.18840426206588745,-0.0911619872351821,-0.15629160404205322,-0.08607488870620728,-0.14625739162170248,-0.17134851217269897,-0.022698521614074707,-0.1726128817101653,-0.1799304485321045,0.008098781108856201,-0.18566264813148337,-0.04637026786804199,-0.2157098650932312,-0.09207443748914557,-0.03711530566215515,-0.0007001757621765137,-0.14372808342181997,-0.048447638750076294,0.05969434976577759,-0.15124218766891318,-0.055857330560684204,0.03729134798049927,-0.1510495901604827,0.03607451915740967,-0.1932569146156311,-0.09903345858060675,0.03422832489013672,0.017309129238128662,-0.14533517365657644,0.017471671104431152,0.06337684392929077,-0.12861981098853903,0.00816267728805542,0.03937733173370361,-0.10971135502063589,0.10269743204116821,-0.15242213010787964,-0.11366842543088751,0.09717923402786255,0.0006091594696044922,-0.14655432706081228,0.08092266321182251,0.03627502918243408,-0.135684436609381,0.07386910915374756,0.016339600086212158,-0.11959921424590902
Z,0.0,0.0,0.0,-0.07308879494667053,0.00794607400894165,-0.05578449326588952,-0.14052775502204895,-0.0034973621368408203,-0.09705412718489015,-0.17946556210517883,0.00843125581741333,-0.13344414862825715,-0.21974414587020874,0.040798723697662354,-0.1616238984747156,-0.1419002115726471,-0.2169795036315918,-0.08073015096618974,-0.15795519948005676,-0.09760487079620361,-0.13545267614557588,-0.15995562076568604,-0.03398162126541138,-0.1573649826927408,-0.16290533542633057,-0.02864617109298706,-0.16727172168924653,-0.060018181800842285,-0.23793935775756836,-0.08274395349457109,-0.04631620645523071,-0.03704833984375,-0.13409683438970887,-0.04932433366775513,0.02607858180999756,-0.1372153792066797,-0.05611914396286011,-0.01844102144241333,-0.13255772325231874,0.019408106803894043,-0.2194371223449707,-0.09099667104914033,0.02805328369140625,-0.02994483709335327,-0.13692723545267427,0.019527852535247803,0.019887804985046387,-0.11458193096353853,0.011801719665527344,-0.020843446254730225,-0.09168710890247667,0.08620846271514893,-0.18340253829956055,-0.10679665538503968,0.0892716646194458,-0.04720151424407959,-0.13622030946447694,0.07719945907592773,-0.004299819469451904,-0.12158555123045289,0.0717741847038269,-0.03281587362289429,-0.10250182035400712
Z,0.0,0.0,0.0,-0.06765413284301758,0.002045571804046631,-0.05541044620883895,-0.1322190761566162,-0.011566102504730225,-0.09519644973886443,-0.16657540202140808,-0.01376950740814209,-0.13003161696804,-0.19019916653633118,-0.0018826723098754883,-0.15646802036178542,-0.13509058952331543,-0.2256130576133728,-0.07457165567291213,-0.1550479233264923,-0.14469504356384277,-0.12867729513061477,-0.15669241547584534,-0.0845150351524353,-0.15348178295505477,-0.15326878428459167,-0.06318271160125732,-0.16439698783767653,-0.05910438299179077,-0.246768057346344,-0.07509546874177886,-0.04738354682922363,-0.06910914182662964,-0.12349537162197066,-0.05101776123046875,-0.010808765888214111,-0.12889558224094344,-0.05686527490615845,-0.04245436191558838,-0.12579997031104995,0.01533728837966919,-0.2270185351371765,-0.08239194898021651,0.02281653881072998,-0.04936230182647705,-0.12560568897140456,0.016960203647613525,-0.0056209564208984375,-0.10590585468423797,0.012158632278442383,-0.03661924600601196,-0.08439292905939055,0.078166663646698,-0.1902030110359192,-0.09726110993040038,0.07895690202713013,-0.06379008293151855,-0.12591694442642165,0.06786203384399414,-0.023555338382720947,-0.11236506102693511,0.06252539157867432,-0.04283797740936279,-0.09338572768581344
Z,0.0,0.0,0.0,-0.06208533048629761,-0.0028229355812072754,-0.06574121132700839,-0.12169131636619568,-0.02855581045150757,-0.10861639693587222,-0.14097431302070618,-0.04649651050567627,-0.1419471876344005,-0.12310171127319336,-0.07501488924026489,-0.16533420250027575,-0.12613824009895325,-0.2699315547943115,-0.07811150714962878,-0.12075343728065491,-0.15702253580093384,-0.13211137816517748,-0.1059640645980835,-0.08603674173355103,-0.160029851051263,-0.10026687383651733,-0.09271425008773804,-0.17570238575547137,-0.04498213529586792,-0.2798498868942261,-0.07259079084008135,-0.026143193244934082,-0.13994580507278442,-0.12534535691349902,-0.029932677745819092,-0.07093280553817749,-0.13687007889359393,-0.03829699754714966,-0.09306991100311279,-0.13871172830670275,0.029466092586517334,-0.2560681104660034,-0.07428549245207705,0.04411435127258301,-0.12669944763183594,-0.12513334319203295,0.03383129835128784,-0.06967300176620483,-0.11373985573857226,0.02517116069793701,-0.0951850414276123,-0.09787765905468859,0.09241938591003418,-0.21435457468032837,-0.0826435537657062,0.1022254228591919,-0.12640106678009033,-0.11474457398264803,0.0894656777381897,-0.08082973957061768,-0.10548323407977023,0.08187884092330933,-0.09574133157730103,-0.09077531114428439
Z,0.0,0.0,0.0,-0.0709085464477539,-0.009855806827545166,-0.05932385068877011,-0.13304990530014038,-0.035133957862854004,-0.09963623401267796,-0.13715606927871704,-0.05670368671417236,-0.13085497137649327,-0.09832519292831421,-0.09499877691268921,-0.15037923273189335,-0.12078112363815308,-0.26906704902648926,-0.0770853531037119,-0.09828966856002808,-0.1584237813949585,-0.12363595482452183,-0.0942731499671936,-0.07397794723510742,-0.14041883465392857,-0.10432302951812744,-0.06524181365966797,-0.14890059050662785,-0.045706331729888916,-0.27913427352905273,-0.07123190876586705,-0.02078568935394287,-0.0986403226852417,-0.11843240973098546,-0.03670358657836914,-0.017384350299835205,-0.1223899122749117,-0.05513101816177368,-0.04117995500564575,-0.1203670200382021,0.024933695793151855,-0.25597697496414185,-0.07186265256746083,0.04386323690414429,-0.09000414609909058,-0.11447722431762486,0.022324562072753906,-0.034530043601989746,-0.09947730567796498,0.004565596580505371,-0.0695294737815857,-0.08495339718206196,0.0862199068069458,-0.21324944496154785,-0.0789892968211916,0.09573155641555786,-0.09754616022109985,-0.10951212015493184,0.07334864139556885,-0.04440784454345703,-0.10145117309434681,0.05748480558395386,-0.058864593505859375,-0.0886529680763033
Z,0.0,0.0,0.0,-0.06613153219223022,-0.01687800884246826,-0.05655269038010147,-0.11509418487548828,-0.050927162170410156,-0.09618071179914978,-0.09527206420898438,-0.08758598566055298,-0.1260103778176358,-0.04905968904495239,-0.12972664833068848,-0.14455533485937622,-0.10828578472137451,-0.26936036348342896,-0.07468534719276931,-0.06318604946136475,-0.17795419692993164,-0.12025977384377029,-0.05147957801818848,-0.10004305839538574,-0.14081894319582489,-0.05412173271179199,-0.08919411897659302,-0.15458043377924469,-0.04173177480697632,-0.2885221838951111,-0.06961379658508804,0.010131120681762695,-0.16533219814300537,-0.11522859793234375,0.004770219326019287,-0.09121209383010864,-0.12376954864788559,-0.009050548076629639,-0.09755134582519531,-0.12691894631910827,0.021717071533203125,-0.2758122384548187,-0.0703308255605748,0.07092171907424927,-0.14219659566879272,-0.11243601601648834,0.0577162504196167,-0.081714928150177,-0.1039820135765126,0.04054117202758789,-0.09886366128921509,-0.09504535507488754,0.07851564884185791,-0.24222791194915771,-0.07713254999447372,0.11340916156768799,-0.1383877992630005,-0.11022179287004974,0.1006060242652893,-0.08875089883804321,-0.10918242197561767,0.08384120464324951,-0.09986710548400879,-0.10275552880096939
Z,0.0,0.0,0.0,-0.05798262357711792,-0.0019106864929199219,-0.07246467152518221,-0.07854539155960083,-0.030711591243743896,-0.121089842709722,-0.006281256675720215,-0.04059487581253052,-0.15796707997006365,0.06657379865646362,-0.054850220680236816,-0.18490127155465075,-0.07782155275344849,-0.22836953401565552,-0.09619053134602495,-0.03509032726287842,-0.17630094289779663,-0.1578950477568526,-0.014953255653381348,-0.11308521032333374,-0.1894630385367293,-0.007129251956939697,-0.10767525434494019,-0.20896153578442522,-0.011537551879882812,-0.25320959091186523,-0.08582328686398455,0.05018550157546997,-0.15822601318359375,-0.14668994078320452,0.04960733652114868,-0.06836646795272827,-0.15906359681767412,0.036075592041015625,-0.07570129632949829,-0.16100313195866534,0.048414766788482666,-0.23918548226356506,-0.08307186940592715,0.10803532600402832,-0.10337299108505249,-0.13824689814728686,0.08656841516494751,-0.027414917945861816,-0.13058451244515368,0.0565340518951416,-0.04784858226776123,-0.11756479421538302,0.09890949726104736,-0.20455792546272278,-0.08728629032057711,0.13798725605010986,-0.09866946935653687,-0.12405861595553347,0.11542510986328125,-0.038494884967803955,-0.12072913775128313,0.0872918963432312,-0.04556542634963989,-0.11158816197794863
Z,0.0,0.0,0.0,-0.0648576021194458,-0.00461268424987793,-0.07217391292158482,-0.10090845823287964,-0.03583824634552002,-0.12123794565502521,-0.05619382858276367,-0.03632676601409912,-0.1577624575287473,0.0019450187683105469,-0.0370638370513916,-0.18542823652330753,-0.08833515644073486,-0.23569834232330322,-0.10419612089697239,-0.059091031551361084,-0.17060697078704834,-0.16606620410982487,-0.05275702476501465,-0.09720706939697266,-0.2000622198969495,-0.04968607425689697,-0.09788966178894043,-0.22334894994799015,-0.01672273874282837,-0.25636494159698486,-0.09579606811109898,0.031968116760253906,-0.14662081003189087,-0.15698270956579563,0.03475677967071533,-0.05995762348175049,-0.17251633564535496,0.03598427772521973,-0.07631933689117432,-0.1790271447092664,0.0477527379989624,-0.2369908094406128,-0.09361298839155552,0.0888298749923706,-0.08817505836486816,-0.14576359550062534,0.06381988525390625,-0.010956645011901855,-0.13421798209253666,0.03738665580749512,-0.03312325477600098,-0.122056637802757,0.10053116083145142,-0.19606375694274902,-0.09898031214777347,0.12231147289276123,-0.07822918891906738,-0.1353632406384122,0.09712117910385132,-0.02054297924041748,-0.12954499284330723,0.07316505908966064,-0.03421676158905029,-0.12000476280752537
Z,0.0,0.0,0.0,-0.05679047107696533,-0.03815746307373047,-0.07136872179124865,-0.06150496006011963,-0.09538620710372925,-0.11624897039745363,0.021642744541168213,-0.11537766456604004,-0.14963159478519472,0.09992897510528564,-0.12516915798187256,-0.1760608307204059,-0.04056227207183838,-0.26261836290359497,-0.08944301820610079,0.01609206199645996,-0.21500176191329956,-0.1557615450701526,0.03165489435195923,-0.155689537525177,-0.19723903156135592,0.04388982057571411,-0.13179820775985718,-0.2220803997597507,0.029876887798309326,-0.24536192417144775,-0.08142425633285555,0.08475029468536377,-0.1803261637687683,-0.14880881226871523,0.0970119833946228,-0.12351232767105103,-0.17510399735782656,0.10725545883178711,-0.1277959942817688,-0.18500365830276522,0.08445549011230469,-0.19907134771347046,-0.08106030292127642,0.1284254789352417,-0.10204756259918213,-0.14278436220500978,0.130795419216156,-0.06300145387649536,-0.14835361159656557,0.12928909063339233,-0.08710980415344238,-0.141524856456261,0.12338399887084961,-0.13911110162734985,-0.08666205174539598,0.14259815216064453,-0.05364274978637695,-0.12929155445907625,0.13169479370117188,-0.023538827896118164,-0.13128179825161013,0.12241053581237793,-0.04414874315261841,-0.12429784751747164
Z,0.0,0.0,0.0,-0.0613362193107605,-0.03771066665649414,-0.09249813099694393,-0.0630219578742981,-0.09945154190063477,-0.1510115264852061,0.017411470413208008,-0.11476510763168335,-0.19243894507479808,0.09020864963531494,-0.12187397480010986,-0.22818581749987743,-0.046812474727630615,-0.26095113158226013,-0.14270584275317333,0.03161877393722534,-0.23638874292373657,-0.23117052008700512,0.05660116672515869,-0.18201935291290283,-0.28730581690859935,0.07389891147613525,-0.1462532877922058,-0.31906731416773937,0.016478121280670166,-0.24913954734802246,-0.12458609034609935,0.08217275142669678,-0.21421122550964355,-0.2169261126716151,0.0879860520362854,-0.1407698392868042,-0.25065954019618175,0.09850859642028809,-0.10549122095108032,-0.26100866486621044,0.06902629137039185,-0.20825588703155518,-0.11284025003504894,0.12539517879486084,-0.11050969362258911,-0.18912766863894603,0.08484864234924316,-0.025125741958618164,-0.18356031169486187,0.054449498653411865,0.003983795642852783,-0.16474707414698742,0.10716331005096436,-0.15474241971969604,-0.10880298902583263,0.13901084661483765,-0.07334703207015991,-0.15707258870196483,0.11375784873962402,-0.01845163106918335,-0.15095590045046947,0.0976877212524414,-0.0060446858406066895,-0.1353293507297053
Z,0.0,0.0,0.0,-0.05497539043426514,-0.031706273555755615,-0.0910560521191428,-0.053921639919281006,-0.0829164981842041,-0.15439008501232365,0.03224152326583862,-0.09316253662109375,-0.19948098388374547,0.10460031032562256,-0.10494720935821533,-0.23630456951320866,-0.05247551202774048,-0.24276718497276306,-0.16244671073616246,0.03386425971984863,-0.21658235788345337,-0.25441189435184697,0.061560869216918945,-0.16571396589279175,-0.3034576955145667,0.08096909523010254,-0.1438523530960083,-0.33098222640217045,0.0130118727684021,-0.2415263056755066,-0.14972980645359257,0.10675853490829468,-0.18162274360656738,-0.2566296937769721,0.10290199518203735,-0.12077218294143677,-0.2934718909567664,0.09860962629318237,-0.11610078811645508,-0.30593090084255437,0.07069921493530273,-0.20161598920822144,-0.1408018800324271,0.13070708513259888,-0.06816726922988892,-0.2247378560608695,0.0686371922492981,0.015327751636505127,-0.21741074648559788,0.01739734411239624,0.021115422248840332,-0.19970102933109501,0.11488986015319824,-0.14354369044303894,-0.1392445298737357,0.13705724477767944,-0.024243593215942383,-0.1918389382666419,0.0928533673286438,0.03860759735107422,-0.18563846078575352,0.05845820903778076,0.03639501333236694,-0.17165246930778721
Z,0.0,0.0,0.0,-0.055887699127197266,-0.009531378746032715,-0.10117096893429789,-0.06242072582244873,-0.042920589447021484,-0.17189801178813013,0.01138848066329956,-0.040307581424713135,-0.22336340390086207,0.07510405778884888,-0.03300076723098755,-0.26965447209715876,-0.0480998158454895,-0.2107951045036316,-0.17615561626791987,0.03923076391220093,-0.196623295545578,-0.265235592349768,0.07107865810394287,-0.15469005703926086,-0.31922935388922724,0.09591203927993774,-0.1315513551235199,-0.35246520183920893,0.01975005865097046,-0.20993971824645996,-0.15928420863986048,0.099093496799469,-0.1672324538230896,-0.25995184920668635,0.10303992033004761,-0.11698076128959656,-0.300307591184378,0.10950201749801636,-0.10447299480438232,-0.3175068392598632,0.07925677299499512,-0.17319545149803162,-0.1458718969666961,0.13274794816970825,-0.053833067417144775,-0.22509706459879908,0.07914125919342041,0.02793276309967041,-0.22166195951342615,0.03364676237106323,0.045303165912628174,-0.20761621437907252,0.1256101131439209,-0.12139460444450378,-0.14087300442099604,0.14808809757232666,-0.022112011909484863,-0.19090146265864405,0.11451983451843262,0.035985469818115234,-0.18470326505541834,0.08769571781158447,0.03798067569732666,-0.1714550896728042
Z,0.0,0.0,0.0,-0.058451294898986816,-0.007880330085754395,-0.10432140854078398,-0.06848186254501343,-0.04100924730300903,-0.1730536925502406,0.0018700361251831055,-0.038274407386779785,-0.22114474651294813,0.06707584857940674,-0.024023830890655518,-0.26239424523788557,-0.06126338243484497,-0.22072792053222656,-0.17087420401054487,0.021196722984313965,-0.19453275203704834,-0.2575593846746074,0.06126636266708374,-0.15326187014579773,-0.3082458930917369,0.09465867280960083,-0.13325953483581543,-0.3397602992959605,0.003960132598876953,-0.23665234446525574,-0.15157912251430616,0.07991033792495728,-0.20226579904556274,-0.24437874135452375,0.07863163948059082,-0.12474721670150757,-0.27302729663330183,0.07560610771179199,-0.09371167421340942,-0.28145998296218977,0.05916464328765869,-0.21132782101631165,-0.1377901839919673,0.12446969747543335,-0.10004305839538574,-0.21230423030334578,0.09127539396286011,-0.0068743228912353516,-0.2024550097890483,0.057991862297058105,0.012997210025787354,-0.1835348415084468,0.10111737251281738,-0.16533318161964417,-0.13324905511814222,0.1372120976448059,-0.06393438577651978,-0.18191383358913527,0.12158769369125366,-0.001665353775024414,-0.17481196996646986,0.10612082481384277,0.0044245123863220215,-0.16014739450889692
Z,0.0,0.0,0.0,-0.05652785301208496,-0.0015312433242797852,-0.08785782319426971,-0.07599449157714844,-0.032577455043792725,-0.14398529690623718,-0.014281094074249268,-0.03034663200378418,-0.18220647734523254,0.04849356412887573,-0.018316030502319336,-0.2133589939487024,-0.06491059064865112,-0.22045093774795532,-0.1420427517306848,0.02027648687362671,-0.1903165578842163,-0.2166437463176294,0.05328857898712158,-0.15085896849632263,-0.25727100235343414,0.07463997602462769,-0.14132890105247498,-0.2828085230004831,0.0038274526596069336,-0.24203094840049744,-0.12745889586329895,0.08818602561950684,-0.1957336664199829,-0.20875238937259155,0.09079957008361816,-0.11367231607437134,-0.23122123938918548,0.08799242973327637,-0.09562909603118896,-0.23651617330432373,0.06263530254364014,-0.2247743308544159,-0.11792787474513489,0.1320233941078186,-0.12121284008026123,-0.1860496060264154,0.11239218711853027,-0.03143608570098877,-0.176557685555224,0.08807873725891113,-0.021445035934448242,-0.15893651110053497,0.10788178443908691,-0.18575173616409302,-0.11609431666255432,0.14830738306045532,-0.09516000747680664,-0.16161633592963653,0.1379833221435547,-0.03474336862564087,-0.1557759152066751,0.12494999170303345,-0.033165693283081055,-0.14247473639369446
Z,0.0,0.0,0.0,-0.062379419803619385,-0.0057869553565979,-0.09179912808760093,-0.08033555746078491,-0.044173598289489746,-0.14595815095528053,-0.0020185112953186035,-0.045784592628479004,-0.18073717805965828,0.0708962082862854,-0.04359787702560425,-0.20672410282715248,-0.07765638828277588,-0.23982471227645874,-0.13529295775516914,-0.01647055149078369,-0.2014411985874176,-0.2138346538267939,0.01149594783782959,-0.15598541498184204,-0.260437618228039,0.031000137329101562,-0.15523257851600647,-0.2903170392237513,-0.0060073137283325195,-0.26248541474342346,-0.12082616541012214,0.04912978410720825,-0.21602660417556763,-0.19491976055725502,0.05324912071228027,-0.12505382299423218,-0.21534078869446205,0.0533299446105957,-0.1192285418510437,-0.22325063798054146,0.05512744188308716,-0.2439868152141571,-0.11438801440819191,0.11283469200134277,-0.1698158085346222,-0.18050349804981636,0.10432589054107666,-0.0867382287979126,-0.17359762940033363,0.0882231593132019,-0.09541833400726318,-0.16153077337368416,0.10424023866653442,-0.2006298303604126,-0.11640092286690162,0.14330101013183594,-0.12230038642883301,-0.16375322196110176,0.13522011041641235,-0.06745731830596924,-0.16174047741516517,0.12159788608551025,-0.07238966226577759,-0.15361292216404365
Z,0.0,0.0,0.0,-0.05924719572067261,0.005936980247497559,-0.08449459675707338,-0.09434497356414795,-0.022481322288513184,-0.14023287449039934,-0.04337519407272339,-0.02520155906677246,-0.1819509551302385,0.01887303590774536,-0.024694859981536865,-0.21597097668804643,-0.09215050935745239,-0.2129487693309784,-0.11921078566469667,-0.03496021032333374,-0.18271997570991516,-0.1904901102558565,-0.019407331943511963,-0.1277831792831421,-0.2283887848631334,-0.015053212642669678,-0.1278834342956543,-0.25195985887207506,-0.02651190757751465,-0.24075615406036377,-0.10759044293322084,0.03592967987060547,-0.19021940231323242,-0.1781585500017595,0.04267895221710205,-0.10122007131576538,-0.19685336802162645,0.038325488567352295,-0.10498267412185669,-0.20294265303768633,0.03494006395339966,-0.22912415862083435,-0.10356018546976564,0.09726029634475708,-0.16905725002288818,-0.16952568147339342,0.09637588262557983,-0.08713090419769287,-0.16546070430435655,0.0817146897315979,-0.09594452381134033,-0.15402676019825456,0.08921509981155396,-0.19576266407966614,-0.1065570772067499,0.13732320070266724,-0.1377803087234497,-0.15071679506458757,0.1335984468460083,-0.08156383037567139,-0.14899472747005937,0.11958688497543335,-0.08549565076828003,-0.14085651788868425
Z,0.0,0.0,0.0,-0.05388528108596802,0.020029902458190918,-0.09169631494953023,-0.10143882036209106,0.010185837745666504,-0.15513097538425313,-0.08148425817489624,-0.009365558624267578,-0.20236028029395925,-0.059010446071624756,-0.03997194766998291,-0.2418353636450945,-0.12425082921981812,-0.19265830516815186,-0.14802537157012807,-0.09339219331741333,-0.16901156306266785,-0.2252609510607897,-0.06419587135314941,-0.1203574538230896,-0.2645578761286913,-0.049205780029296875,-0.11381083726882935,-0.2873749215789019,-0.05916494131088257,-0.2352583408355713,-0.13490895225478994,-0.003312826156616211,-0.20181551575660706,-0.21273122026397573,0.021339118480682373,-0.11290240287780762,-0.23467675640060293,0.02230304479598999,-0.10240375995635986,-0.24220875694228994,0.006327688694000244,-0.23535758256912231,-0.12770865156127797,0.07022571563720703,-0.1746324598789215,-0.19954010142757284,0.07862377166748047,-0.08754098415374756,-0.19661840094997274,0.06276458501815796,-0.08463150262832642,-0.18579771413280355,0.06460064649581909,-0.2092599868774414,-0.12742852463199483,0.11928713321685791,-0.14820894598960876,-0.17578306092693197,0.11740964651107788,-0.08184230327606201,-0.17317547692729818,0.09701067209243774,-0.0742720365524292,-0.1641530920453249
Z,0.0,0.0,0.0,-0.04832571744918823,-0.04048353433609009,-0.03763683290799236,-0.07924258708953857,-0.09401261806488037,-0.06298166291435336,-0.09364119172096252,-0.12939023971557617,-0.08501535432060336,-0.10938769578933716,-0.1517024040222168,-0.1019668109865961,-0.06714490056037903,-0.270735502243042,-0.0434597671182928,-0.09345877170562744,-0.22359776496887207,-0.09681923465450382,-0.09870827198028564,-0.14289677143096924,-0.12716095672567462,-0.10062181949615479,-0.10976904630661011,-0.13988481985052204,-0.017563939094543457,-0.2786741852760315,-0.0468239724787054,-0.03645902872085571,-0.211925208568573,-0.09838626311739063,-0.05220121145248413,-0.1235203742980957,-0.11224233882148837,-0.0624862015247345,-0.10336750745773315,-0.11226389335115528,0.03181302547454834,-0.25860846042633057,-0.05621136875470256,0.017044425010681152,-0.18564516305923462,-0.0995690055342493,-0.0020149946212768555,-0.10684281587600708,-0.09127891586740589,-0.010735630989074707,-0.09958869218826294,-0.07670985685308551,0.07381033897399902,-0.2214982509613037,-0.07010250316579913,0.07221299409866333,-0.15809544920921326,-0.09194573538024997,0.04993385076522827,-0.10364490747451782,-0.08146551029403781,0.03972107172012329,-0.09784460067749023,-0.0668531783076105
Z,0.0,0.0,0.0,-0.04125675559043884,0.0039103031158447266,-0.057452313973755054,-0.06761318445205688,-0.009892702102661133,-0.1011802632354204,-0.042716026306152344,-0.012829959392547607,-0.13659841604456346,-0.016803205013275146,-0.020869672298431396,-0.1641683209680025,-0.09341484308242798,-0.23565667867660522,-0.08324407078251284,-0.1172025203704834,-0.20554721355438232,-0.14529860801920336,-0.12618839740753174,-0.14456388354301453,-0.18038045652136248,-0.1320769488811493,-0.12086153030395508,-0.19959064610227983,-0.03751695156097412,-0.25891658663749695,-0.0782000500701372,-0.03526192903518677,-0.17012915015220642,-0.12958648092970293,-0.041861116886138916,-0.0980905294418335,-0.13807495720610063,-0.049865543842315674,-0.11321699619293213,-0.14019008763060015,0.014994919300079346,-0.2446576952934265,-0.08021901585087221,0.025446414947509766,-0.14602965116500854,-0.12031666226610582,0.00723344087600708,-0.08483880758285522,-0.10216417945846956,-0.005348533391952515,-0.10530996322631836,-0.08730828799232881,0.06557726860046387,-0.21469241380691528,-0.08917992599234026,0.07116007804870605,-0.14299669861793518,-0.11584698446020525,0.05596214532852173,-0.09565818309783936,-0.10617499835714739,0.049972355365753174,-0.10709840059280396,-0.094552614166588
Z,0.0,0.0,0.0,0.031161636114120483,0.022925198078155518,-0.07303772139307796,0.04760926961898804,0.021427273750305176,-0.1210860835289651,0.03605693578720093,0.04800659418106079,-0.1564242171024972,0.008235961198806763,0.050085604190826416,-0.1900674627995187,0.05191454291343689,-0.18124517798423767,-0.11828433739897548,0.04726037383079529,-0.10371240973472595,-0.18167793023344814,0.04165014624595642,-0.04994708299636841,-0.21909246611353694,0.02717900276184082,-0.04004484415054321,-0.2412456499314004,0.01657193899154663,-0.21481257677078247,-0.1070649551129037,-0.021153390407562256,-0.10541531443595886,-0.1665074007486993,-0.05426466464996338,-0.03725188970565796,-0.19170267152544795,-0.08723315596580505,-0.02297133207321167,-0.20431948470827876,-0.014921724796295166,-0.20373833179473877,-0.09933970886227428,-0.04800581932067871,-0.04522138833999634,-0.14998159575220882,-0.051569342613220215,0.03973054885864258,-0.14697771537062465,-0.056664228439331055,0.052985191345214844,-0.13895722496268093,-0.0404200553894043,-0.16584286093711853,-0.09788899141308605,-0.056496232748031616,-0.04210096597671509,-0.13367814588305293,-0.05003213882446289,0.03197944164276123,-0.12571278977152645,-0.04355984926223755,0.05668354034423828,-0.11302651482579051
Z,0.0,0.0,0.0,0.054715365171432495,0.047064900398254395,-0.10288210863923553,0.09757718443870544,0.05471700429916382,-0.16661938185548308,0.08203303813934326,0.048357367515563965,-0.21262352819299224,0.05102425813674927,0.01641058921813965,-0.2515444671616507,0.15132930874824524,-0.1591777205467224,-0.1602947180972052,0.1347731649875641,-0.07977545261383057,-0.24788115079259398,0.10547593235969543,-0.02591538429260254,-0.2916450416550589,0.08101814985275269,-0.021804213523864746,-0.3151226555809927,0.0898941159248352,-0.2202948033809662,-0.13889790232038024,0.04325750470161438,-0.081412672996521,-0.2246739482388449,0.018497437238693237,-0.014963269233703613,-0.2456128811345053,0.003937482833862305,-0.02945578098297119,-0.2507369136319113,0.02508959174156189,-0.2295438051223755,-0.12521240765904906,-0.01933726668357849,-0.06351625919342041,-0.19468160624360564,-0.011796623468399048,0.014515399932861328,-0.17968683595513824,-4.44948673248291e-05,0.011203348636627197,-0.1602355753884268,-0.03415748476982117,-0.2127968668937683,-0.12133256996726516,-0.0603579580783844,-0.07975351810455322,-0.17342417592858794,-0.044593364000320435,-0.012247800827026367,-0.1688067084059668,-0.02425733208656311,0.00039947032928466797,-0.15410239155148986
Z,0.0,0.0,0.0,0.0580906867980957,0.04246389865875244,-0.06943597384970701,0.10444921255111694,0.060369253158569336,-0.11493889727871931,0.09240716695785522,0.04479295015335083,-0.15051652231495893,0.0628436803817749,0.0032514333724975586,-0.17976097502987898,0.18298566341400146,-0.1626126766204834,-0.09159937241356886,0.17677563428878784,-0.07867032289505005,-0.16461468973439253,0.14515253901481628,-0.035993099212646484,-0.20808033385556257,0.12700951099395752,-0.046334683895111084,-0.23484816887658155,0.12409436702728271,-0.22492432594299316,-0.08726537713091886,0.10099256038665771,-0.10678774118423462,-0.157273826387339,0.07495084404945374,-0.03469252586364746,-0.1781725857524208,0.06859421730041504,-0.04731076955795288,-0.184765321400576,0.05446097254753113,-0.23395615816116333,-0.0913679797319702,0.023849904537200928,-0.07223379611968994,-0.15889842548649824,0.017794430255889893,0.011238396167755127,-0.15149764457028425,0.023088455200195312,0.004082977771759033,-0.13553833701890028,-0.011452674865722656,-0.2121739387512207,-0.10202862807791746,-0.03077372908592224,-0.08864223957061768,-0.15528455117028273,-0.02404266595840454,-0.01899850368499756,-0.15563493707459486,-0.011066675186157227,-0.014441728591918945,-0.14494807758610762
Z,0.0,0.0,0.0,0.04765579104423523,0.04774749279022217,-0.07202435208433045,0.09546881914138794,0.07508277893066406,-0.1252987377154149,0.10117489099502563,0.06462311744689941,-0.16841697616451157,0.086496502161026,0.014617979526519775,-0.20519812328689468,0.18622863292694092,-0.13739949464797974,-0.11320546938054932,0.1826268434524536,-0.080230712890625,-0.19107042176597488,0.15657466650009155,-0.03535127639770508,-0.2354790262686528,0.13869783282279968,-0.04276806116104126,-0.26213751656883133,0.12775492668151855,-0.20217853784561157,-0.10963696910016907,0.10422894358634949,-0.10834792256355286,-0.1825399987208165,0.07408487796783447,-0.03557729721069336,-0.2023369662272252,0.062421441078186035,-0.04774332046508789,-0.20940680725448502,0.057480454444885254,-0.2123936414718628,-0.11320586426132095,0.02600640058517456,-0.06337398290634155,-0.17601390106552017,0.023354530334472656,0.01608341932296753,-0.16074685675971878,0.030321061611175537,0.011201918125152588,-0.14334894640319717,-0.010684192180633545,-0.18978610634803772,-0.12405267281406296,-0.02510547637939453,-0.0679100751876831,-0.1697938285576619,-0.01761952042579651,-0.002535402774810791,-0.16293959243171585,-0.0028465986251831055,-0.0005935430526733398,-0.1500014506089009
Z,0.0,0.0,0.0,0.05147048830986023,0.04159420728683472,-0.054866186297527264,0.09743469953536987,0.0688251256942749,-0.09810679308234782,0.10448390245437622,0.06319642066955566,-0.13465879759847255,0.09782177209854126,0.030566811561584473,-0.16561405263005824,0.18776878714561462,-0.13384166359901428,-0.0871488442188415,0.19059786200523376,-0.07626998424530029,-0.15403717658578486,0.1605224311351776,-0.025210440158843994,-0.19250944159089656,0.13885459303855896,-0.02431464195251465,-0.2149852802520904,0.1274566352367401,-0.18970400094985962,-0.08821052215158076,0.10499623417854309,-0.10071080923080444,-0.14870288870393367,0.08241096138954163,-0.02784019708633423,-0.16523818574010463,0.07622513175010681,-0.026370644569396973,-0.1716050495868835,0.05561444163322449,-0.19926267862319946,-0.09544531903325648,0.02161988615989685,-0.05620992183685303,-0.1501012583738479,0.021469682455062866,0.025981247425079346,-0.13797524473725886,0.028806954622268677,0.03638768196105957,-0.12283930829822154,-0.01340755820274353,-0.17689648270606995,-0.10817123106776805,-0.02731400728225708,-0.06328725814819336,-0.14597593150197596,-0.0176486074924469,0.0013296008110046387,-0.13851855597554774,-0.0015911757946014404,0.013538956642150879,-0.12605337700902552
Z,0.0,0.0,0.0,0.04459238052368164,0.04250633716583252,-0.051070389664045646,0.08925202488899231,0.06506270170211792,-0.09094682089077599,0.09888821840286255,0.05603057146072388,-0.12490956983553536,0.10459873080253601,0.022546589374542236,-0.1537711297629989,0.1903325915336609,-0.13069504499435425,-0.0804027219771064,0.19559508562088013,-0.08062967658042908,-0.1428044264672912,0.17117702960968018,-0.029415607452392578,-0.18012244752632744,0.15499275922775269,-0.025219440460205078,-0.2014899378179229,0.13769617676734924,-0.1876918375492096,-0.081413192069403,0.12147104740142822,-0.10129883885383606,-0.13490111879097588,0.09822788834571838,-0.03924781084060669,-0.15074424198853142,0.0888567566871643,-0.03780090808868408,-0.1574271445630706,0.07063984870910645,-0.20079436898231506,-0.08812843761431344,0.03859931230545044,-0.06889870762825012,-0.13527369252430566,0.03365039825439453,0.0032570958137512207,-0.12450700751530297,0.03537851572036743,0.016649603843688965,-0.11141574136006005,0.0026060938835144043,-0.18433856964111328,-0.10030074915873177,-0.008603036403656006,-0.08317700028419495,-0.13233069828735955,-0.0033119022846221924,-0.02263098955154419,-0.12407345077978738,0.00651240348815918,-0.005307257175445557,-0.11154026291357644
Z,0.0,0.0,0.0,0.0372852087020874,0.04338580369949341,-0.03679423779438906,0.08152717351913452,0.06074118614196777,-0.06729275360893183,0.09612232446670532,0.056113243103027344,-0.09524712339233332,0.1034911572933197,0.03634089231491089,-0.11908735707591944,0.19629254937171936,-0.11206531524658203,-0.052593976261128716,0.20067736506462097,-0.06935706734657288,-0.10403725877593928,0.17382410168647766,-0.017425060272216797,-0.13470246270488673,0.15725085139274597,-0.007177293300628662,-0.1512105800230401,0.15090885758399963,-0.16567552089691162,-0.057209085674990945,0.13743191957473755,-0.09376737475395203,-0.0961118452269929,0.11146849393844604,-0.031401097774505615,-0.10500540957044535,0.10376140475273132,-0.025121867656707764,-0.10801197961162501,0.08706212043762207,-0.18188276886940002,-0.0675047673303979,0.05822107195854187,-0.08123072981834412,-0.10246460512470179,0.043861836194992065,-0.015795528888702393,-0.09045742079805308,0.04360899329185486,-0.0054773688316345215,-0.07846721634458476,0.019566208124160767,-0.17127567529678345,-0.08230407163690501,0.004338353872299194,-0.09221547842025757,-0.10445488617013865,-0.0022359490394592285,-0.037092387676239014,-0.0937619842607873,0.0013118088245391846,-0.021850228309631348,-0.0811514593679803
Z,0.0,0.0,0.0,0.04087096452713013,0.05639517307281494,-0.039266190630257825,0.0935681164264679,0.09067386388778687,-0.06931525762087176,0.11735555529594421,0.09422522783279419,-0.09727911199337314,0.11577188968658447,0.061803221702575684,-0.12073707873827288,0.20491480827331543,-0.06252816319465637,-0.05504072005754779,0.21740120649337769,-0.03837329149246216,-0.11280930335527728,0.1833326816558838,0.0042479634284973145,-0.14662058944708178,0.15953129529953003,0.020433783531188965,-0.16248187716013263,0.16603034734725952,-0.1212933361530304,-0.05868411729937861,0.15784293413162231,-0.0626857578754425,-0.11003110105997393,0.12278780341148376,-0.0070424675941467285,-0.12256527240282367,0.10454154014587402,0.013906896114349365,-0.12174599165922473,0.10790586471557617,-0.1479734480381012,-0.06861366624838183,0.07030293345451355,-0.022404491901397705,-0.11494072074896167,0.039789676666259766,0.04824268817901611,-0.10298171187645266,0.026625126600265503,0.07338970899581909,-0.08339579696661303,0.04460445046424866,-0.1504397690296173,-0.08310293699508975,0.025833100080490112,-0.05594196915626526,-0.11177113945490191,0.00914674997329712,-0.0005950331687927246,-0.10076396460539172,0.004719823598861694,0.017734408378601074,-0.08334669018989871
Z,0.0,0.0,0.0,0.05231514573097229,0.049905478954315186,-0.02166172155872914,0.10324305295944214,0.0822020173072815,-0.043905053676525085,0.1335933804512024,0.09870892763137817,-0.06743957141176793,0.15295612812042236,0.1009441614151001,-0.09129793980852696,0.18878895044326782,-0.038449496030807495,-0.04385980630055997,0.21303409337997437,-0.014168739318847656,-0.0874029699875507,0.20227056741714478,0.01787102222442627,-0.11503850707546803,0.18940556049346924,0.038446903228759766,-0.13013936618105504,0.15499043464660645,-0.08753964304924011,-0.05403158107534978,0.1700114607810974,-0.049831390380859375,-0.0927772078825626,0.15281039476394653,-0.004523575305938721,-0.1075285826040897,0.13592803478240967,0.022072315216064453,-0.1139193553640041,0.10572832822799683,-0.1145372986793518,-0.06736397782103154,0.10151809453964233,-0.05183672904968262,-0.1064660702063236,0.08179470896720886,-0.0003491342067718506,-0.10753621944920155,0.0644785463809967,0.024279475212097168,-0.10270042756334874,0.04820522665977478,-0.11651408672332764,-0.08247384467856023,0.04318729043006897,-0.050035297870635986,-0.11181385108963582,0.02938401699066162,-0.003543466329574585,-0.1103742499066982,0.01708322763442993,0.018153131008148193,-0.10389159658686253
Z,0.0,0.0,0.0,-0.052467286586761475,0.010681092739105225,-0.07385104011351018,-0.10159674286842346,-0.03185397386550903,-0.12002210180813222,-0.12269940972328186,-0.07219785451889038,-0.15726166825348287,-0.15792256593704224,-0.10130852460861206,-0.1865725205426827,-0.1085129976272583,-0.25224769115448,-0.0833531082754746,-0.12748098373413086,-0.22018620371818542,-0.16176324944549947,-0.12808442115783691,-0.15883931517601013,-0.2072830782418862,-0.13117587566375732,-0.15538856387138367,-0.2310453192477837,-0.04476994276046753,-0.277156263589859,-0.07791776071840673,-0.03769052028656006,-0.18741503357887268,-0.15047636489921956,-0.039079248905181885,-0.09901869297027588,-0.16780863564068227,-0.04222172498703003,-0.12324085831642151,-0.1689040349012032,0.018566489219665527,-0.255977988243103,-0.08390098671966939,0.02545320987701416,-0.15960922837257385,-0.15252205591255574,0.01993846893310547,-0.08350175619125366,-0.14148144285732656,0.01915264129638672,-0.10649043321609497,-0.12286171178871541,0.07481014728546143,-0.21429577469825745,-0.09730382125431447,0.08024811744689941,-0.13750454783439636,-0.14258427779728322,0.07441413402557373,-0.08339548110961914,-0.13541181247288137,0.07812380790710449,-0.09888726472854614,-0.12046690146976857
Z,0.0,0.0,0.0,-0.05097907781600952,0.020822644233703613,-0.07372415951931544,-0.10550609230995178,-0.005914151668548584,-0.1160998433038003,-0.124879390001297,-0.04294013977050781,-0.14798849217140742,-0.137767493724823,-0.08195322751998901,-0.17199624470913477,-0.12105461955070496,-0.20621880888938904,-0.08304346493923731,-0.14757195115089417,-0.20371770858764648,-0.15629299871170588,-0.13771504163742065,-0.1367293894290924,-0.1951406239672906,-0.12827721238136292,-0.11850088834762573,-0.21288520983898707,-0.06085336208343506,-0.23794203996658325,-0.07422067366087504,-0.061682820320129395,-0.20814234018325806,-0.143317425171972,-0.045217812061309814,-0.11047941446304321,-0.1584509550734765,-0.03369933366775513,-0.11033293604850769,-0.15628560773575373,-0.0020639896392822266,-0.2285798192024231,-0.07634959511005945,0.013749480247497559,-0.1739339828491211,-0.14872001997673578,0.0274505615234375,-0.09346961975097656,-0.1443698047801263,0.03920084238052368,-0.10403692722320557,-0.12694511703693934,0.054119765758514404,-0.20001369714736938,-0.08386545769417353,0.06921255588531494,-0.14927130937576294,-0.1300264983578927,0.07453620433807373,-0.08495932817459106,-0.12462105743134089,0.08102649450302124,-0.0855405330657959,-0.11018619082415171
Z,0.0,0.0,0.0,-0.04665106534957886,0.0313076376914978,-0.0769091502042798,-0.09896567463874817,0.02299177646636963,-0.12749244572840013,-0.11445704102516174,0.0030669569969177246,-0.16648535730562486,-0.12195533514022827,-0.02868330478668213,-0.19932152631006517,-0.13194474577903748,-0.16630584001541138,-0.11421015413723268,-0.1555500328540802,-0.15382540225982666,-0.1972769975873021,-0.1464800238609314,-0.11548018455505371,-0.24392234089098253,-0.13927853107452393,-0.11378782987594604,-0.26818767490110673,-0.0756601095199585,-0.2077506184577942,-0.1080445975276021,-0.05774003267288208,-0.15054655075073242,-0.18964655997476854,-0.032456278800964355,-0.061201632022857666,-0.20956524016580858,-0.018900811672210693,-0.06130516529083252,-0.21154631974420823,-0.016255557537078857,-0.2040185034275055,-0.11088844688854493,0.010517239570617676,-0.11855629086494446,-0.1895885050507573,0.03326696157455444,-0.04274851083755493,-0.18238993289194383,0.04615992307662964,-0.05319225788116455,-0.1641801923724202,0.04103553295135498,-0.1819922924041748,-0.1198539167853383,0.06371504068374634,-0.10649371147155762,-0.171296152493575,0.07814186811447144,-0.0495876669883728,-0.16398804189882554,0.0896415114402771,-0.053436875343322754,-0.14811918439588823
Z,0.0,0.0,0.0,-0.05917322635650635,0.01937270164489746,-0.07393773081103205,-0.09278064966201782,0.004676163196563721,-0.12074875267544627,-0.043164730072021484,-0.0032795071601867676,-0.1559359523872459,0.0332183837890625,-0.013301372528076172,-0.18858843477764964,-0.10059845447540283,-0.15549388527870178,-0.11353743257323146,-0.08317893743515015,-0.18158218264579773,-0.18184568913975596,-0.043017804622650146,-0.1551080048084259,-0.2238149884561622,-0.015539705753326416,-0.13193655014038086,-0.24647774728337168,-0.04444599151611328,-0.1849149763584137,-0.10330417933264613,0.011514067649841309,-0.19723781943321228,-0.17912224861184,0.06123995780944824,-0.12530168890953064,-0.20582334133187175,0.08254468441009521,-0.08450579643249512,-0.2106074187378013,0.006020069122314453,-0.1786288321018219,-0.09863179358044505,0.06878930330276489,-0.15429866313934326,-0.17098989518681407,0.1060609221458435,-0.07834705710411072,-0.1762066129068458,0.11187529563903809,-0.03793370723724365,-0.16265771719017863,0.04753226041793823,-0.15559005737304688,-0.09861343534985423,0.0919877290725708,-0.1232980489730835,-0.15120949777165293,0.11411023139953613,-0.06556934118270874,-0.15123059781590342,0.11308509111404419,-0.03261476755142212,-0.1385694983820045
Z,0.0,0.0,0.0,-0.04737579822540283,-0.007350504398345947,-0.07490749136206887,-0.06181138753890991,-0.039473533630371094,-0.12559040859935067,0.0038568973541259766,-0.04294741153717041,-0.16440177932975075,0.08441817760467529,-0.04589337110519409,-0.1989816971182563,-0.07360941171646118,-0.224092036485672,-0.10365407392976067,-0.0129660964012146,-0.2117684781551361,-0.17983528450724862,0.02558678388595581,-0.175336092710495,-0.23001358882186196,0.049005329608917236,-0.15643751621246338,-0.2588130630612113,-0.011583864688873291,-0.23262572288513184,-0.09735200778243325,0.06393003463745117,-0.22983086109161377,-0.17459094003436348,0.09800565242767334,-0.14954346418380737,-0.20202870146033547,0.11139082908630371,-0.11871933937072754,-0.20795526579615853,0.041955769062042236,-0.20467880368232727,-0.09869266525504372,0.11318522691726685,-0.16829079389572144,-0.16950205937621377,0.12666958570480347,-0.09145015478134155,-0.17184346393344185,0.11732840538024902,-0.07125014066696167,-0.15792211369273446,0.08637690544128418,-0.1574689745903015,-0.10584381446835778,0.13468819856643677,-0.10918369889259338,-0.15305673555133126,0.13493770360946655,-0.05309271812438965,-0.15117090419528267,0.11781430244445801,-0.04098212718963623,-0.13918069974181435
Z,0.0,0.0,0.0,-0.035605430603027344,-0.03544694185256958,-0.07496721039981935,-0.020346105098724365,-0.08372929692268372,-0.12623777728052232,0.05822509527206421,-0.10289397835731506,-0.1644557986733446,0.12843847274780273,-0.11443701386451721,-0.19767203669519517,-0.018105030059814453,-0.2398800551891327,-0.1237496782419214,0.08243447542190552,-0.22797337174415588,-0.2011158887621889,0.11225372552871704,-0.1877075433731079,-0.24858486394853685,0.13520681858062744,-0.16180095076560974,-0.27510246376962755,0.03262221813201904,-0.22423988580703735,-0.11485789458723161,0.13571327924728394,-0.1933278739452362,-0.20315175991029832,0.14073067903518677,-0.1506921350955963,-0.24009275178880785,0.1413731575012207,-0.13760793209075928,-0.2525329564091692,0.07549065351486206,-0.17822381854057312,-0.10976604114742372,0.14122748374938965,-0.07375454902648926,-0.17962077002496812,0.10203814506530762,-0.00010907649993896484,-0.18207406740160081,0.06396752595901489,0.025325298309326172,-0.16904413442583177,0.10696512460708618,-0.12016415596008301,-0.110690084504796,0.14050060510635376,-0.026750504970550537,-0.15532314519853685,0.10710698366165161,0.0266493558883667,-0.1522261921641359,0.07473665475845337,0.03804910182952881,-0.13947738449545
Z,0.0,0.0,0.0,-0.017724692821502686,0.006173133850097656,-0.1375836573162701,7.557868957519531e-05,-0.04431807994842529,-0.23553962927252314,0.053920865058898926,-0.0782318115234375,-0.3013912878552105,0.10565102100372314,-0.12859275937080383,-0.35632936578184626,-0.021421372890472412,-0.20109325647354126,-0.28148506503492854,0.039761364459991455,-0.14172685146331787,-0.39446236114889643,0.04495018720626831,-0.07661676406860352,-0.4387439630547192,0.05145162343978882,-0.07997393608093262,-0.4622739396610882,0.023409247398376465,-0.22240489721298218,-0.24391108673006556,0.09792917966842651,-0.1583450436592102,-0.37634961228758357,0.08731979131698608,-0.08432796597480774,-0.40591727118879817,0.09094125032424927,-0.09974181652069092,-0.41484682183653376,0.0659058690071106,-0.2120508849620819,-0.20679393332392237,0.12056368589401245,-0.09695389866828918,-0.3005862079182293,0.07193171977996826,-0.009934484958648682,-0.27397797923475764,0.039960503578186035,-0.012073218822479248,-0.24648009162336848,0.09214836359024048,-0.18801939487457275,-0.1792151920118954,0.12222754955291748,-0.10244977474212646,-0.23339007716566584,0.09506738185882568,-0.03236466646194458,-0.2188591800251629,0.08247965574264526,-0.02661830186843872,-0.20142343562037013
Z,0.0,0.0,0.0,-0.08143573999404907,-0.0731164813041687,-0.09833890517978006,-0.08306604623794556,-0.1600269377231598,-0.15767057558326059,0.00012087821960449219,-0.16256609559059143,-0.1984851094129496,0.08911192417144775,-0.14157769083976746,-0.23239270170954995,-0.025170743465423584,-0.2192399799823761,-0.15666507502822213,0.032898128032684326,-0.19471848011016846,-0.24493745287684732,0.07399964332580566,-0.1625729203224182,-0.2984239490869456,0.11028492450714111,-0.15439873933792114,-0.3309953244569712,0.06077408790588379,-0.20338982343673706,-0.13377516289977365,0.09161627292633057,-0.0996810793876648,-0.2321818949821406,0.0394289493560791,0.005612492561340332,-0.24846025129584604,0.007082641124725342,0.05690598487854004,-0.24457043727664285,0.12098318338394165,-0.16644665598869324,-0.11851118078259759,0.12774497270584106,-0.04764735698699951,-0.20119883438376718,0.06134164333343506,0.02102828025817871,-0.183746147358697,0.0220070481300354,0.03479433059692383,-0.15566134771136575,0.1614256501197815,-0.11870425939559937,-0.11192147752074533,0.16055923700332642,-0.030150175094604492,-0.16260119100837045,0.10975313186645508,0.008746683597564697,-0.1528526129367762,0.08140993118286133,0.004917740821838379,-0.13496929725436502
Z,0.0,0.0,0.0,-0.07415252923965454,-0.03785973787307739,-0.11085106082526863,-0.08512645959854126,-0.127197265625,-0.1739152634915513,-0.009982824325561523,-0.17806380987167358,-0.21541811175910652,0.07060319185256958,-0.2042919099330902,-0.2444517875489396,-0.04317665100097656,-0.26574212312698364,-0.15588579722015083,0.04285860061645508,-0.26183050870895386,-0.25741172977058113,0.07275640964508057,-0.2114398181438446,-0.312373262124936,0.09074592590332031,-0.1932363510131836,-0.34220741339294136,0.034201085567474365,-0.26845821738243103,-0.12778095551101387,0.10365301370620728,-0.15835049748420715,-0.24222769983379067,0.04288262128829956,-0.03727877140045166,-0.2583799476203126,0.00604480504989624,-0.0067726969718933105,-0.2503500992831391,0.09244120121002197,-0.23928844928741455,-0.11091158189145744,0.1348191499710083,-0.10488712787628174,-0.21030532963840187,0.06458765268325806,-0.020890891551971436,-0.18940223403541268,0.027368128299713135,-0.028049767017364502,-0.1553292835530442,0.13928347826004028,-0.1941835582256317,-0.10309214540092171,0.1626443862915039,-0.09453940391540527,-0.165815245586316,0.11386007070541382,-0.039037108421325684,-0.15548945613471687,0.08764994144439697,-0.053792476654052734,-0.13374396808711708
Z,0.0,0.0,0.0,-0.07120239734649658,-0.03032362461090088,-0.09853627585322045,-0.08573269844055176,-0.11305689811706543,-0.15535896324068688,-0.006730377674102783,-0.14580953121185303,-0.1926312526360192,0.07223343849182129,-0.16988837718963623,-0.21805108391195915,-0.04479485750198364,-0.2604043781757355,-0.1419340451851525,0.03583204746246338,-0.24037864804267883,-0.2331208219423928,0.06888079643249512,-0.18448501825332642,-0.2808602234020867,0.0924825668334961,-0.1601109802722931,-0.3071269174709954,0.0380246639251709,-0.26747411489486694,-0.12195292167812966,0.10203999280929565,-0.141963392496109,-0.22865697049051903,0.050306499004364014,-0.023417115211486816,-0.24713101290613793,0.01993739604949951,0.0010724067687988281,-0.242333762873713,0.09852355718612671,-0.23491835594177246,-0.11188215814978264,0.12375378608703613,-0.07522380352020264,-0.20155174337774895,0.05019897222518921,0.00267636775970459,-0.18616726302057884,0.008378565311431885,-0.018303513526916504,-0.15945788525492333,0.14076918363571167,-0.18718498945236206,-0.11052666657120369,0.14553874731063843,-0.06351965665817261,-0.16834154032618187,0.0900946855545044,-0.007644355297088623,-0.1608641823425927,0.05617940425872803,-0.028110146522521973,-0.14292454027086876
Z,0.0,0.0,0.0,-0.06192660331726074,-0.015303373336791992,-0.0834280687386979,-0.10249871015548706,-0.06522905826568604,-0.1396823662335862,-0.07743066549301147,-0.059724509716033936,-0.1814234393651475,-0.042347729206085205,-0.038441240787506104,-0.21218308685374154,-0.06356549263000488,-0.2683407664299011,-0.11807261286330117,-0.03023362159729004,-0.20487451553344727,-0.18787872670245065,-0.03908759355545044,-0.13465237617492676,-0.21712495265555276,-0.04284709692001343,-0.1428307294845581,-0.23477774737429513,0.008709073066711426,-0.27969709038734436,-0.10659882305216684,0.04766577482223511,-0.18533992767333984,-0.18307649968218698,0.025566041469573975,-0.08539563417434692,-0.1930767732675065,0.022613525390625,-0.09213268756866455,-0.18938881037783517,0.07094407081604004,-0.2525356411933899,-0.10331442086052789,0.10008955001831055,-0.11963510513305664,-0.16953638074946298,0.06685608625411987,-0.03870284557342529,-0.15595656512331857,0.05196952819824219,-0.06445789337158203,-0.13664868352961435,0.12198150157928467,-0.20509469509124756,-0.108002221863984,0.13630199432373047,-0.09593027830123901,-0.14725816128802194,0.10880380868911743,-0.039478182792663574,-0.1416490661914338,0.09417980909347534,-0.05834174156188965,-0.13048319397520913
Z,0.0,0.0,0.0,-0.06928890943527222,-0.01596379280090332,-0.08297889261058344,-0.10654181241989136,-0.07483971118927002,-0.13582176296523585,-0.06184130907058716,-0.09057408571243286,-0.17439192859939112,-0.014211475849151611,-0.09961318969726562,-0.20156099228671565,-0.07055467367172241,-0.2736346423625946,-0.11059823958686366,-0.034251272678375244,-0.2097899317741394,-0.18218960194400324,-0.04436153173446655,-0.13572657108306885,-0.21765783755591883,-0.053101301193237305,-0.14870595932006836,-0.24008043436816706,0.0029217004776000977,-0.289554238319397,-0.09855375020316615,0.048494577407836914,-0.18858787417411804,-0.1718691620092727,0.026758790016174316,-0.09410929679870605,-0.18502649991324915,0.017419874668121338,-0.11628973484039307,-0.18610400287917628,0.06620365381240845,-0.26795992255210876,-0.09553386597445979,0.10552424192428589,-0.14941221475601196,-0.1601710054140426,0.07397645711898804,-0.06962823867797852,-0.14852473466208949,0.054000020027160645,-0.09940159320831299,-0.13260744838527216,0.11908423900604248,-0.22675952315330505,-0.10089026717952265,0.1407809853553772,-0.12366306781768799,-0.14440027205756678,0.11367297172546387,-0.06799423694610596,-0.14313707082084193,0.09511154890060425,-0.08850282430648804,-0.13515539793780817
Z,0.0,0.0,0.0,-0.05916792154312134,-0.008303284645080566,-0.08538033445142901,-0.10666251182556152,-0.04870694875717163,-0.1396130063083092,-0.09446358680725098,-0.0905795693397522,-0.17783005912565386,-0.08629089593887329,-0.1396833062171936,-0.20150927086137926,-0.09996074438095093,-0.2928463816642761,-0.11216124524139559,-0.0715937614440918,-0.2277849316596985,-0.17533590276502764,-0.06734782457351685,-0.13745242357254028,-0.20054489751123583,-0.07396262884140015,-0.1382715106010437,-0.21614741165899432,-0.0287400484085083,-0.32001549005508423,-0.0975827835943619,0.00935673713684082,-0.2145463526248932,-0.16158360619806444,0.0012913346290588379,-0.10688525438308716,-0.16896593947672045,-0.009299874305725098,-0.12870365381240845,-0.1689968444850365,0.037646472454071045,-0.304166316986084,-0.09129710872434771,0.07805448770523071,-0.1823628544807434,-0.1498111822154442,0.05799150466918945,-0.09337472915649414,-0.1350743659284035,0.03911101818084717,-0.12075996398925781,-0.12055373568796313,0.09602832794189453,-0.2617214620113373,-0.09333096076511538,0.12352943420410156,-0.1521240472793579,-0.1365936883237282,0.10110509395599365,-0.0856558084487915,-0.13574320454858935,0.07776796817779541,-0.10290765762329102,-0.12912837047838366
Z,0.0,0.0,0.0,-0.062243878841400146,-0.015029609203338623,-0.059239030083631405,-0.12186068296432495,-0.05744081735610962,-0.09791114573738469,-0.1323007345199585,-0.11181908845901489,-0.12751914208195103,-0.10082811117172241,-0.1692584753036499,-0.14556778614780796,-0.09808826446533203,-0.28612014651298523,-0.06958515589496983,-0.09441190958023071,-0.2335532009601593,-0.11815968548319233,-0.07806873321533203,-0.14102858304977417,-0.13802151029369725,-0.07192158699035645,-0.12158578634262085,-0.14863802140018834,-0.027889490127563477,-0.3033955991268158,-0.06255256032011403,-0.010386884212493896,-0.1930728554725647,-0.10835072045586003,-0.010045289993286133,-0.10319340229034424,-0.11527207886240376,-0.016551613807678223,-0.11735868453979492,-0.11651274209282292,0.03869730234146118,-0.2827402949333191,-0.062491886517022976,0.059436917304992676,-0.16387826204299927,-0.10398399477264775,0.04616886377334595,-0.09032446146011353,-0.09089341407081974,0.03439980745315552,-0.10808402299880981,-0.07895018552801503,0.09957891702651978,-0.2414368987083435,-0.06900557523033513,0.11310768127441406,-0.1506667137145996,-0.09860907887480153,0.09723001718521118,-0.09440922737121582,-0.09408282881042851,0.08150368928909302,-0.10421162843704224,-0.08537324910423649
Z,0.0,0.0,0.0,-0.06265503168106079,-0.0011289119720458984,-0.0678999542902261,-0.1210440993309021,-0.03653252124786377,-0.11168532517655194,-0.14404961466789246,-0.074898362159729,-0.14580519941551984,-0.16043886542320251,-0.11780661344528198,-0.16981479969723523,-0.11432486772537231,-0.2633414566516876,-0.08266424086792767,-0.12817734479904175,-0.23598194122314453,-0.14123523679478467,-0.12856796383857727,-0.14495927095413208,-0.16815171089871228,-0.13335385918617249,-0.10868567228317261,-0.18083428290589154,-0.04370039701461792,-0.2898154556751251,-0.07394064661963284,-0.031941354274749756,-0.20940059423446655,-0.1283506795476228,-0.031814754009246826,-0.10750842094421387,-0.13726863709194959,-0.03942465782165527,-0.10977315902709961,-0.137250681192711,0.023187577724456787,-0.2712606191635132,-0.07315835055811704,0.03848487138748169,-0.17381882667541504,-0.12083389309151471,0.02860546112060547,-0.09047400951385498,-0.10633736547930539,0.019313693046569824,-0.10473501682281494,-0.09175923910839856,0.084261953830719,-0.2338186800479889,-0.07928429243071378,0.09703540802001953,-0.15973347425460815,-0.1088850766132623,0.08450239896774292,-0.09853947162628174,-0.09946777370674909,0.07363563776016235,-0.10682576894760132,-0.08718254116280377
Z,0.0,0.0,0.0,-0.06444019079208374,0.010872185230255127,-0.05959815799701573,-0.12758874893188477,-0.021430552005767822,-0.10203504830110433,-0.15881302952766418,-0.06053096055984497,-0.13748351752269627,-0.19644054770469666,-0.09559619426727295,-0.16546368121612431,-0.12563636898994446,-0.24852502346038818,-0.09058548777807118,-0.1616564393043518,-0.20763522386550903,-0.15943970798957707,-0.19150793552398682,-0.13401180505752563,-0.1959050250004566,-0.21723181009292603,-0.08674222230911255,-0.21285357594001653,-0.05820000171661377,-0.2853128910064697,-0.08657292544353368,-0.05920827388763428,-0.14493107795715332,-0.14126561104762914,-0.057399094104766846,-0.059689223766326904,-0.1448134732197559,-0.058731675148010254,-0.071361243724823,-0.1403157961319721,0.010173439979553223,-0.26919636130332947,-0.09015170007455708,0.013359904289245605,-0.12159943580627441,-0.13296550034988286,0.006285607814788818,-0.05555492639541626,-0.10544489591825368,0.0014715790748596191,-0.07780700922012329,-0.08160102635133626,0.07418638467788696,-0.2297493815422058,-0.10175182193029286,0.07587015628814697,-0.1236950159072876,-0.13420441269386174,0.060957252979278564,-0.07032382488250732,-0.11902071058261754,0.05266749858856201,-0.08307713270187378,-0.09898972779024007
Z,0.0,0.0,0.0,-0.06956076622009277,0.015379726886749268,-0.04988774961947229,-0.13872826099395752,-0.004850208759307861,-0.08957216820834901,-0.15935736894607544,-0.0236661434173584,-0.12347832254289415,-0.15335685014724731,-0.06003248691558838,-0.1503644504320505,-0.14396697282791138,-0.22963285446166992,-0.08930420062660005,-0.1915144920349121,-0.1799020767211914,-0.15808553180812623,-0.23123151063919067,-0.09962683916091919,-0.19914054057716157,-0.26106083393096924,-0.03971660137176514,-0.22080268643020418,-0.07196652889251709,-0.26745837926864624,-0.08865754238485124,-0.09102141857147217,-0.07507491111755371,-0.13984513960002687,-0.0769842267036438,0.0012913346290588379,-0.14346323094486024,-0.06438833475112915,-0.01022636890411377,-0.14132722399352815,0.0008999109268188477,-0.24897104501724243,-0.0942789383900049,-0.014540612697601318,-0.06800824403762817,-0.1291454800140741,-0.015649795532226562,-0.020215511322021484,-0.09469360045312669,-0.014964401721954346,-0.05397534370422363,-0.06867495856403139,0.06602156162261963,-0.206989586353302,-0.10776591233133104,0.05352717638015747,-0.07306557893753052,-0.13784890554069307,0.04498469829559326,-0.03099161386489868,-0.1179140501391771,0.044869422912597656,-0.05907595157623291,-0.09456065229295518
Z,0.0,0.0,0.0,-0.06604161858558655,0.015240073204040527,-0.05090440639338567,-0.13304898142814636,0.0048367977142333984,-0.09276709162674024,-0.14870449900627136,0.0032819509506225586,-0.12818584048233106,-0.13957372307777405,-0.025974750518798828,-0.15868959032974317,-0.15343543887138367,-0.20475858449935913,-0.10456510090313031,-0.2010570764541626,-0.15539991855621338,-0.17307800256691053,-0.23859673738479614,-0.07499939203262329,-0.2165680547901161,-0.2680877149105072,-0.004911363124847412,-0.2406933923908241,-0.08047536015510559,-0.24303025007247925,-0.10607033425054624,-0.09399294853210449,-0.03223276138305664,-0.16620812022171094,-0.09721958637237549,0.06751805543899536,-0.1777920743175514,-0.1006908118724823,0.08694177865982056,-0.17823000454387739,-0.0033843517303466797,-0.2231748104095459,-0.11173848264894559,-0.007772713899612427,-0.03507566452026367,-0.1574070771881111,-0.018129289150238037,0.008862733840942383,-0.1296750327297218,-0.026852071285247803,-0.02041149139404297,-0.10487918012819364,0.06453710794448853,-0.18214774131774902,-0.12380515241108014,0.05916017293930054,-0.0399928092956543,-0.16351960801563337,0.04948866367340088,-0.00264817476272583,-0.1450680365510948,0.04600512981414795,-0.03345984220504761,-0.12054033779583051
Z,0.0,0.0,0.0,-0.06077808141708374,0.014008402824401855,-0.05575369311287659,-0.12133422493934631,0.01945054531097412,-0.10392356304242867,-0.12412235140800476,0.036518394947052,-0.14531222371175545,-0.10765013098716736,0.017104268074035645,-0.18238313881471413,-0.16350501775741577,-0.18337798118591309,-0.12077083823993462,-0.21326160430908203,-0.14268994331359863,-0.1947857031018998,-0.24326571822166443,-0.06559842824935913,-0.24249476579740303,-0.26522889733314514,0.011464476585388184,-0.26928839472844857,-0.09169191122055054,-0.22517400979995728,-0.12209891168191689,-0.10354000329971313,-0.007035374641418457,-0.19390270499303597,-0.12134280800819397,0.09710925817489624,-0.2126016506345536,-0.1395587921142578,0.13746249675750732,-0.2155546286494996,-0.010548412799835205,-0.20682096481323242,-0.1267276295812394,-0.016551315784454346,0.007237732410430908,-0.17775139597966927,-0.029916197061538696,0.06241488456726074,-0.14947635320737618,-0.04273661971092224,0.05127859115600586,-0.12193432090595024,0.06030774116516113,-0.1660752296447754,-0.13814711956098336,0.05289161205291748,-0.007265686988830566,-0.18335023907735604,0.042064785957336426,0.030423998832702637,-0.16538988439157265,0.03599148988723755,0.0047165751457214355,-0.1389346608312394
Z,0.0,0.0,0.0,-0.057773053646087646,0.017535030841827393,-0.06438785223974719,-0.11977782845497131,0.03097712993621826,-0.11657600282444491,-0.1399739384651184,0.03726869821548462,-0.16100418745293155,-0.14343732595443726,0.00213545560836792,-0.20300601600422397,-0.17260241508483887,-0.17734259366989136,-0.13154822765602603,-0.21709436178207397,-0.13456237316131592,-0.21161513208164706,-0.24526143074035645,-0.06068950891494751,-0.2645066100241138,-0.26416899263858795,0.012018084526062012,-0.2948074656607105,-0.10636904835700989,-0.22201502323150635,-0.1338300722719623,-0.1338287591934204,-0.03618353605270386,-0.21804617522968783,-0.15869095921516418,0.07645714282989502,-0.24953015326275363,-0.17731237411499023,0.13778924942016602,-0.2593357878805591,-0.025040805339813232,-0.21045470237731934,-0.13888563393368258,-0.024291932582855225,0.00034999847412109375,-0.20632587550892367,-0.032196640968322754,0.07761704921722412,-0.19019015311016574,-0.041156888008117676,0.08723831176757812,-0.1669339108349277,0.04839247465133667,-0.17273497581481934,-0.15021377979530826,0.04681408405303955,-0.02027946710586548,-0.2036349642158939,0.04019784927368164,0.02899014949798584,-0.18946308075203433,0.03774845600128174,0.02081984281539917,-0.16512410520329013
Z,0.0,0.0,0.0,-0.06106710433959961,0.01676809787750244,-0.06234706974581172,-0.11578145623207092,0.038029491901397705,-0.1193297285492747,-0.11655360460281372,0.0656517744064331,-0.16944789922789028,-0.10370934009552002,0.05837368965148926,-0.21953436768606593,-0.18999773263931274,-0.17022299766540527,-0.13181707299307277,-0.22946447134017944,-0.09614688158035278,-0.21203409171656062,-0.259782537817955,-0.025625288486480713,-0.27350729740217616,-0.2827184349298477,0.043279170989990234,-0.3112991753871768,-0.11899220943450928,-0.2057245969772339,-0.13805143571451595,-0.15382006764411926,-0.04919856786727905,-0.21360261774614742,-0.2078871726989746,0.026401162147521973,-0.2516227368171542,-0.25071801245212555,0.07121437788009644,-0.2710730735118716,-0.0305691659450531,-0.18970578908920288,-0.14641083813265254,-0.029852956533432007,-0.0010249018669128418,-0.2031988505180209,-0.03570115566253662,0.05689644813537598,-0.19250154531553676,-0.04065537452697754,0.0577387809753418,-0.1770881567056506,0.05098927021026611,-0.14688456058502197,-0.16155453062609126,0.047820985317230225,-0.0029082298278808594,-0.2066805068309634,0.03877288103103638,0.03173410892486572,-0.1928776059205859,0.03632873296737671,0.014933288097381592,-0.17289154267862727
Z,0.0,0.0,0.0,-0.06639155745506287,0.02045339345932007,-0.06194965001776609,-0.11990827322006226,0.03486180305480957,-0.11515502092078123,-0.1322464942932129,0.0460437536239624,-0.1604293679876605,-0.12540766596794128,0.015233635902404785,-0.2055932080431262,-0.1954003870487213,-0.17901921272277832,-0.12284495886996183,-0.2352544069290161,-0.07703769207000732,-0.19488071855738553,-0.26711931824684143,0.002748429775238037,-0.2510035729093829,-0.2963864952325821,0.0728575587272644,-0.28705758806898984,-0.1203051507472992,-0.21165359020233154,-0.12886322495177183,-0.16032925248146057,-0.0698704719543457,-0.18893517014220151,-0.20753559470176697,0.011861324310302734,-0.22059656140044126,-0.2515401989221573,0.0588911771774292,-0.24109206554129514,-0.02905648946762085,-0.19774210453033447,-0.13769362327292356,-0.02312523126602173,-0.03635662794113159,-0.1844779646082202,-0.015736103057861328,0.005151033401489258,-0.17448453065588865,-0.015851974487304688,-0.007626593112945557,-0.16522070225909147,0.059078723192214966,-0.15680962800979614,-0.15320354160502347,0.06306055188179016,-0.04023486375808716,-0.1917004531307498,0.06273403763771057,-0.01460886001586914,-0.1785660183115283,0.062349289655685425,-0.03646749258041382,-0.16370398756697568
Z,0.0,0.0,0.0,-0.05419251322746277,0.029536068439483643,-0.06511774280664895,-0.10707452893257141,0.04423421621322632,-0.1159913800060508,-0.11160311102867126,0.05634528398513794,-0.15812468150255654,-0.10266140103340149,0.03433448076248169,-0.1945603601038215,-0.18560057878494263,-0.17503756284713745,-0.10779270151255105,-0.22691062092781067,-0.06809121370315552,-0.1795967779457328,-0.26467078924179077,0.019149839878082275,-0.23251945891973946,-0.3007047027349472,0.08917725086212158,-0.2651218138038871,-0.108440101146698,-0.2242167592048645,-0.10711814829704736,-0.08563628792762756,0.008347928524017334,-0.1692143044769523,-0.06641882658004761,0.0812985897064209,-0.1868699453174827,-0.06137549877166748,0.07761436700820923,-0.19308940687773202,-0.018013179302215576,-0.21270489692687988,-0.11263650277254555,0.0022391676902770996,-0.007628917694091797,-0.16180124500391457,0.002971649169921875,0.011156082153320312,-0.13827631989119027,-0.005732476711273193,-0.03538459539413452,-0.11576945701239083,0.06417578458786011,-0.17736482620239258,-0.12623503425714944,0.07364827394485474,-0.025609910488128662,-0.16793797531721566,0.06774622201919556,-0.003056824207305908,-0.15137804666159127,0.060566604137420654,-0.044789135456085205,-0.1287087462246177
Z,0.0,0.0,0.0,-0.06487047672271729,0.014312267303466797,-0.059397138610052025,-0.1280139684677124,0.013277590274810791,-0.10277559976236716,-0.14980286359786987,0.037095844745635986,-0.1393128297771682,-0.163979172706604,0.05096852779388428,-0.17032853881971732,-0.16512936353683472,-0.18343687057495117,-0.09539589653866187,-0.20405042171478271,-0.07523584365844727,-0.16099330405847923,-0.2417125105857849,0.013316571712493896,-0.20674180607454673,-0.27590395510196686,0.08605432510375977,-0.2337455711807479,-0.08320873975753784,-0.22553306818008423,-0.09684862564461127,-0.06086960434913635,0.006057083606719971,-0.15327445785658256,-0.04888913035392761,0.06804949045181274,-0.16911777476923362,-0.046695977449417114,0.04952394962310791,-0.1764880828108062,0.005067765712738037,-0.20820432901382446,-0.10457142065422431,0.019848525524139404,0.0070343017578125,-0.14892927925245658,0.011669695377349854,0.04641842842102051,-0.12714993576662437,-0.0009406507015228271,0.016114115715026855,-0.10758702824966804,0.08388566970825195,-0.16788071393966675,-0.12056006114141837,0.08752185106277466,-0.011592507362365723,-0.1579796336139907,0.07687503099441528,0.0181577205657959,-0.14378863196031944,0.06905233860015869,-0.013634264469146729,-0.12509278576033012
Z,0.0,0.0,0.0,-0.06546899676322937,0.005185842514038086,-0.05360938961729289,-0.13806435465812683,-0.008510589599609375,-0.09173923711404086,-0.1788569986820221,0.022705554962158203,-0.12446424345597507,-0.22124329209327698,0.0626145601272583,-0.15120366941317798,-0.1461295485496521,-0.17491990327835083,-0.09005677680596591,-0.17302900552749634,-0.09219551086425781,-0.1510338557802129,-0.20181098580360413,-0.01191246509552002,-0.18567786346301318,-0.23073294758796692,0.0569460391998291,-0.20392108689173938,-0.06597539782524109,-0.2164059281349182,-0.09306669960841418,-0.03603285551071167,0.023316144943237305,-0.15335301290377856,-0.026906698942184448,0.09189355373382568,-0.16298746298178912,-0.03139573335647583,0.07282793521881104,-0.1621809972368169,0.018317192792892456,-0.20046496391296387,-0.10231675188168765,0.04115596413612366,0.018382489681243896,-0.15364546309336902,0.034421831369400024,0.04021573066711426,-0.1322013212285924,0.01975974440574646,-0.010448753833770752,-0.1099690271459508,0.09295699000358582,-0.16353505849838257,-0.11850563417300464,0.10437044501304626,-0.005500912666320801,-0.16177035103663684,0.09688958525657654,0.01812589168548584,-0.14955840240344287,0.08946195244789124,-0.02430570125579834,-0.13042279313430072
Z,0.0,0.0,0.0,-0.07134506106376648,0.006474614143371582,-0.05756832901164444,-0.14390411972999573,-0.004913210868835449,-0.0972153643123761,-0.18512767553329468,0.020204126834869385,-0.1314442330948964,-0.22860032320022583,0.0609593391418457,-0.15934999529048355,-0.1410807967185974,-0.19305729866027832,-0.08445934448167236,-0.15557152032852173,-0.10698485374450684,-0.13862492386027725,-0.16447266936302185,-0.04208993911743164,-0.16581999007388504,-0.1729244589805603,-0.004308879375457764,-0.18004615846797378,-0.05690622329711914,-0.22922348976135254,-0.085447447931017,-0.03503689169883728,-0.007472395896911621,-0.13814419749900253,-0.03499925136566162,0.05716794729232788,-0.14754444602652939,-0.04228919744491577,0.027245819568634033,-0.1483482742659703,0.026233375072479248,-0.2125697135925293,-0.09285342190190704,0.04115724563598633,-0.007334411144256592,-0.14090815428420456,0.037469685077667236,0.019706368446350098,-0.125874015127863,0.03100830316543579,-0.030350685119628906,-0.10871500763818176,0.09644448757171631,-0.1761476993560791,-0.10725567731782348,0.1027255654335022,-0.031386375427246094,-0.14429223779364975,0.09579527378082275,0.0010305047035217285,-0.13437156621142776,0.09309244155883789,-0.029708504676818848,-0.11865174267217071
Z,0.0,0.0,0.0,-0.06793740391731262,0.003847658634185791,-0.058815795119244285,-0.13722765445709229,-0.015283286571502686,-0.0961552142457549,-0.17465856671333313,0.003922760486602783,-0.12798620307012243,-0.21587365865707397,0.034585773944854736,-0.15136400901837987,-0.134829580783844,-0.21645718812942505,-0.08164704882665319,-0.15431874990463257,-0.11299240589141846,-0.14307678782506628,-0.16607952117919922,-0.03766512870788574,-0.17418290221257848,-0.17834213376045227,-0.007860124111175537,-0.1895932360844199,-0.05159518122673035,-0.24712926149368286,-0.0810245677189414,-0.03295212984085083,-0.024694323539733887,-0.13578509830995245,-0.02382504940032959,0.02679687738418579,-0.14152456366582555,-0.021288156509399414,-0.024530410766601562,-0.13900927745862646,0.029661476612091064,-0.2282671332359314,-0.08827507042451543,0.04098248481750488,-0.017747461795806885,-0.13322032534642858,0.038479745388031006,0.01617652177810669,-0.1072549178556983,0.03658699989318848,-0.0367659330368042,-0.08233906620307607,0.09819507598876953,-0.1915178894996643,-0.10429244035049123,0.10024577379226685,-0.04210871458053589,-0.13690168702169103,0.09319674968719482,-0.008956432342529297,-0.12219623767896337,0.09517395496368408,-0.04497635364532471,-0.10226150148673696
Z,0.0,0.0,0.0,-0.06273925304412842,-0.0008143782615661621,-0.0629600861277595,-0.12478744983673096,-0.020379722118377686,-0.10671650405788569,-0.16056835651397705,-0.018209636211395264,-0.14296416725778727,-0.20481300354003906,-0.0077664852142333984,-0.16940183725023417,-0.14052850008010864,-0.2618013024330139,-0.08304126348161844,-0.15393435955047607,-0.14213711023330688,-0.14342224385404734,-0.15199142694473267,-0.0703611969947815,-0.1735736706461921,-0.15540021657943726,-0.06616067886352539,-0.18993904974126963,-0.05807960033416748,-0.28726649284362793,-0.08178514029646067,-0.039578914642333984,-0.09850454330444336,-0.13625220741892008,-0.03777658939361572,-0.036438822746276855,-0.14239723767900614,-0.041911780834198,-0.08824360370635986,-0.1406064608302131,0.021040678024291992,-0.26793259382247925,-0.08837262328529505,0.036986470222473145,-0.08007156848907471,-0.13380780603552012,0.0308150053024292,-0.03464841842651367,-0.11054063375854639,0.025902271270751953,-0.08595496416091919,-0.08896768625641016,0.08868914842605591,-0.22839456796646118,-0.10366780843401102,0.09627920389175415,-0.08887165784835815,-0.1351096906867042,0.08740317821502686,-0.051001548767089844,-0.12273914154434351,0.08702731132507324,-0.08886533975601196,-0.10589244749212412
Z,0.0,0.0,0.0,-0.05630946159362793,0.007992565631866455,-0.06581531746815017,-0.11720770597457886,-0.009821951389312744,-0.10784855021665862,-0.15333586931228638,-0.00618058443069458,-0.14032819403837493,-0.1912185251712799,-0.008380115032196045,-0.16137144996355346,-0.14522600173950195,-0.2626798748970032,-0.08426479531954101,-0.15603867173194885,-0.1564682126045227,-0.14786916507910064,-0.14478006958961487,-0.06594967842102051,-0.18072962297628692,-0.1363239884376526,-0.03883856534957886,-0.19741419984529784,-0.06864625215530396,-0.29305118322372437,-0.07994330211113265,-0.043210625648498535,-0.11539292335510254,-0.14042363597582153,-0.03757619857788086,-0.04807919263839722,-0.15277598334978393,-0.038647234439849854,-0.08073979616165161,-0.15381381942461303,0.00590825080871582,-0.27753472328186035,-0.08356206400821975,0.0319591760635376,-0.09578388929367065,-0.13083959652612975,0.028650999069213867,-0.045397937297821045,-0.11265110506246856,0.02309417724609375,-0.0878400206565857,-0.09387219233940414,0.07070434093475342,-0.24077802896499634,-0.09579281045625976,0.08606177568435669,-0.10444581508636475,-0.1280696792764502,0.08282220363616943,-0.06381487846374512,-0.11735020859669021,0.0817791223526001,-0.09905034303665161,-0.10077059550712875
Z,0.0,0.0,0.0,-0.06737107038497925,0.020378172397613525,-0.06387257250332823,-0.13676410913467407,0.018130123615264893,-0.1074173566915988,-0.1631307601928711,0.020106971263885498,-0.14010345610165587,-0.14340543746948242,-0.0003685951232910156,-0.16114361258530607,-0.16179871559143066,-0.24812030792236328,-0.08205059590125074,-0.15591657161712646,-0.09030228853225708,-0.1336157438375949,-0.13192707300186157,-0.028714299201965332,-0.1583707896091937,-0.12285006046295166,-0.052910029888153076,-0.17334198626065245,-0.08265972137451172,-0.2716326117515564,-0.07643495174431791,-0.05633246898651123,-0.07753229141235352,-0.12295292737269392,-0.04712194204330444,-0.029217064380645752,-0.127458196602106,-0.050310730934143066,-0.08591252565383911,-0.12651545973801603,-0.005936264991760254,-0.25787895917892456,-0.07754417183184614,0.015340030193328857,-0.07144087553024292,-0.11650393577599516,0.0150068998336792,-0.036552369594573975,-0.09471858712220182,0.010538458824157715,-0.09240567684173584,-0.07556897076153746,0.05963873863220215,-0.22260993719100952,-0.08671338530564299,0.07021486759185791,-0.08573377132415771,-0.11553293885970106,0.06763768196105957,-0.05421870946884155,-0.10468293400788298,0.06731557846069336,-0.0963907241821289,-0.08925611945176115
Z,0.0,0.0,0.0,-0.07194823026657104,0.016608834266662598,-0.06012200608392959,-0.13390123844146729,0.014634966850280762,-0.10654008432766204,-0.11130392551422119,0.03101515769958496,-0.14463649734398132,-0.05019354820251465,0.026556849479675293,-0.17384399517914062,-0.15180104970932007,-0.24116867780685425,-0.07950885638138061,-0.13617193698883057,-0.07961058616638184,-0.1337267760886789,-0.10525399446487427,-0.010962724685668945,-0.1670572762145639,-0.09428495168685913,-0.03567957878112793,-0.18932344063659912,-0.07690763473510742,-0.26690351963043213,-0.07743842944046264,-0.047110140323638916,-0.06535804271697998,-0.12500506683727508,-0.03852170705795288,-0.0181007981300354,-0.13699133738418823,-0.046823203563690186,-0.06955552101135254,-0.1426071082009912,-0.0041806697845458984,-0.2548779845237732,-0.08151381507059341,0.02096503973007202,-0.060651540756225586,-0.11842433407446151,0.02093946933746338,-0.027283966541290283,-0.10224112912555938,0.010858595371246338,-0.08055877685546875,-0.08805935129066711,0.05794745683670044,-0.22257471084594727,-0.09365744187971359,0.07198584079742432,-0.07333511114120483,-0.11923480078121429,0.0727686882019043,-0.049424707889556885,-0.10836392685314422,0.07176494598388672,-0.09812164306640625,-0.09417842372795349
Z,0.0,0.0,0.0,-0.06906527280807495,0.043640196323394775,-0.07310717608163486,-0.12292122840881348,0.077381432056427,-0.1284972211284412,-0.08809506893157959,0.11432653665542603,-0.17044859434793125,-0.018936634063720703,0.10564428567886353,-0.2038763394517673,-0.13840538263320923,-0.1678985357284546,-0.12099237050244938,-0.10759013891220093,0.004268169403076172,-0.17474023307988773,-0.09313279390335083,0.06267452239990234,-0.20304890777299534,-0.09323084354400635,0.04110175371170044,-0.2231884380740894,-0.060874342918395996,-0.18986618518829346,-0.11193964685628544,-0.020371854305267334,0.022804677486419678,-0.1630568882388843,-0.030101358890533447,0.05994492769241333,-0.1728838166160358,-0.04735785722732544,0.005118608474731445,-0.17906466926763187,0.013715982437133789,-0.17671477794647217,-0.10708423759172092,0.04490417242050171,0.018266379833221436,-0.1501193722648395,0.027892112731933594,0.038136959075927734,-0.1321130623979343,0.0112992525100708,-0.018277525901794434,-0.11682720537612568,0.07553273439407349,-0.14318418502807617,-0.11024558599422107,0.09156185388565063,-0.00568777322769165,-0.14949335958192478,0.07757097482681274,0.004658162593841553,-0.14339951481053959,0.07105499505996704,-0.04534643888473511,-0.13148509766290317
Z,0.0,0.0,0.0,-0.06000155210494995,0.04744952917098999,-0.06749896014309797,-0.09903091192245483,0.0783572793006897,-0.1190115889368144,-0.04022979736328125,0.1045343279838562,-0.1599838888106433,0.027575016021728516,0.09445202350616455,-0.1925441628155795,-0.12356048822402954,-0.15037184953689575,-0.11206191087342177,-0.10341918468475342,-0.06043601036071777,-0.17229074293948088,-0.09054499864578247,-0.026432693004608154,-0.20931278223372374,-0.08065664768218994,-0.02933788299560547,-0.23333059305525694,-0.048421382904052734,-0.1879405379295349,-0.1058515017685977,0.006217300891876221,0.027097225189208984,-0.16079464609003935,-0.015580892562866211,0.07454180717468262,-0.173054382747182,-0.03417015075683594,0.041284382343292236,-0.17975449616290007,0.026206672191619873,-0.17958879470825195,-0.10549331510640059,0.07677799463272095,0.01938098669052124,-0.14787600988722716,0.047522544860839844,0.0367816686630249,-0.13079202229357634,0.027446329593658447,-0.007346510887145996,-0.115824699944028,0.08988302946090698,-0.14933466911315918,-0.1143087452111331,0.12473571300506592,-0.008221447467803955,-0.1552013611254779,0.09992408752441406,0.0031795501708984375,-0.15180863494254027,0.08681917190551758,-0.0378117561340332,-0.14082866961337004
Z,0.0,0.0,0.0,-0.05428922176361084,0.059603214263916016,-0.08025699371404471,-0.08589005470275879,0.09769481420516968,-0.13672533148832144,-0.013184070587158203,0.13369381427764893,-0.178317527118395,0.06384235620498657,0.1276308298110962,-0.20901131147451224,-0.1152111291885376,-0.10773026943206787,-0.1397261124283773,-0.06403166055679321,0.008804857730865479,-0.2070052277476293,-0.03211170434951782,0.05388808250427246,-0.24263855332441153,-0.00887686014175415,0.05731213092803955,-0.26462131256170096,-0.04295146465301514,-0.1530834436416626,-0.12644472235746207,0.03290623426437378,0.06720763444900513,-0.18768359238214316,0.0156593918800354,0.1039423942565918,-0.1942021351487142,-0.008665144443511963,0.060466766357421875,-0.1969102274806005,0.02746361494064331,-0.15319883823394775,-0.1195815827877027,0.09267276525497437,0.04833906888961792,-0.16733411962098899,0.06935775279998779,0.05797839164733887,-0.1445507656962377,0.04880189895629883,0.004292964935302734,-0.12553172821111502,0.08913761377334595,-0.13331013917922974,-0.1227336254150373,0.13324636220932007,0.010617971420288086,-0.1705304484993917,0.11279898881912231,0.027173399925231934,-0.16750980431146445,0.1011430025100708,-0.008701682090759277,-0.15603163355893912
Z,0.0,0.0,0.0,-0.052235543727874756,0.061080753803253174,-0.08085023160782612,-0.08414548635482788,0.10421502590179443,-0.1395883515080527,-0.013889133930206299,0.14104872941970825,-0.18504724945631779,0.06560492515563965,0.13929200172424316,-0.2212986751994208,-0.11009842157363892,-0.09157174825668335,-0.14130039062109745,-0.05820059776306152,-0.011677861213684082,-0.21742122914400852,-0.026948869228363037,0.028154194355010986,-0.260937641521366,-0.003606259822845459,0.0460246205329895,-0.28606895651427067,-0.035369038581848145,-0.1444815993309021,-0.12828178252783573,0.03355813026428223,0.08221077919006348,-0.20283114459124363,0.034739553928375244,0.13913846015930176,-0.21453843559828556,0.02765500545501709,0.12150949239730835,-0.21800726201144016,0.03727364540100098,-0.14404255151748657,-0.12272465523091114,0.09645086526870728,0.055191755294799805,-0.1819927647313193,0.0846700668334961,0.07687759399414062,-0.16651074137297428,0.0691065788269043,0.04505038261413574,-0.14990175809469974,0.10089701414108276,-0.1209980845451355,-0.12645211364832676,0.14397770166397095,0.027181565761566162,-0.18235203172770298,0.12477511167526245,0.04985231161117554,-0.1860695734223441,0.1059122085571289,0.024782180786132812,-0.17844068553057468
Z,0.0,0.0,0.0,-0.05248624086380005,0.05553245544433594,-0.08062888080601738,-0.08269023895263672,0.0989152193069458,-0.1418844028783326,-0.01760387420654297,0.14855080842971802,-0.19002404952769325,0.047439515590667725,0.16905516386032104,-0.23028600359683082,-0.11313313245773315,-0.1051378846168518,-0.13946700239901588,-0.043658673763275146,0.003370940685272217,-0.21905434275393532,-0.003132641315460205,0.05357968807220459,-0.2701536133361344,0.02852112054824829,0.07999986410140991,-0.2990617170405869,-0.03558242321014404,-0.1506742238998413,-0.1263189777207856,0.04315465688705444,0.07262945175170898,-0.19598180199389503,0.04391759634017944,0.11848801374435425,-0.21099274004225776,0.03622901439666748,0.10468995571136475,-0.21831269706015632,0.037609636783599854,-0.14664894342422485,-0.12052214289431618,0.10216522216796875,0.05018383264541626,-0.17304903412585304,0.08963596820831299,0.06543290615081787,-0.15949966157202766,0.07159125804901123,0.03247952461242676,-0.1452042921853547,0.10016590356826782,-0.12044727802276611,-0.12418573493485496,0.14212918281555176,0.025267481803894043,-0.16952720428233192,0.12338101863861084,0.04610395431518555,-0.1688859328103547,0.10284805297851562,0.020844757556915283,-0.15961761916403816
Z,0.0,0.0,0.0,-0.053540945053100586,0.05336719751358032,-0.07430210438744211,-0.08385562896728516,0.09555566310882568,-0.13175109503046656,-0.02479076385498047,0.1426181197166443,-0.17717262086645746,0.03822571039199829,0.16675585508346558,-0.215910692784945,-0.10866022109985352,-0.1070287823677063,-0.13154602525011683,-0.04149031639099121,0.008798062801361084,-0.2046553241945901,-0.002501845359802246,0.061293601989746094,-0.24942236122862482,0.028447747230529785,0.08033692836761475,-0.2750859456993737,-0.03372889757156372,-0.15424537658691406,-0.12021323767677927,0.03759044408798218,0.06364554166793823,-0.1863444941975274,0.05499798059463501,0.124381422996521,-0.20032461461798334,0.062199294567108154,0.11848139762878418,-0.2075564163662591,0.036148130893707275,-0.15665632486343384,-0.11540775475279474,0.09432715177536011,0.0429915189743042,-0.16766764697806025,0.09299421310424805,0.0748286247253418,-0.16037869927660608,0.08331876993179321,0.05155855417251587,-0.15112415430323267,0.09638649225234985,-0.13909757137298584,-0.11859020319954539,0.13351625204086304,0.00958031415939331,-0.15939304706827784,0.12289786338806152,0.04927891492843628,-0.160173525188128,0.10827338695526123,0.04074794054031372,-0.1542772996164956
Z,0.0,0.0,0.0,-0.05323225259780884,0.05940568447113037,-0.08576712606202364,-0.0804675817489624,0.10479068756103516,-0.14734808949481248,-0.016573965549468994,0.1492285132408142,-0.19412997213851213,0.05531424283981323,0.16650837659835815,-0.2341449096585393,-0.10664939880371094,-0.09110081195831299,-0.14464619604598283,-0.03018653392791748,0.04377192258834839,-0.22051358071814775,0.013062536716461182,0.10746163129806519,-0.26809489575873613,0.0476917028427124,0.13622403144836426,-0.2948674246455312,-0.030624091625213623,-0.13402241468429565,-0.12671740201960802,0.04165971279144287,0.07504582405090332,-0.19216196087847948,0.06528538465499878,0.12834590673446655,-0.20839616505156755,0.07860106229782104,0.12587428092956543,-0.21810176817427873,0.03858691453933716,-0.13581383228302002,-0.11560397444020509,0.09737050533294678,0.05117988586425781,-0.16904255596648454,0.10200339555740356,0.07443118095397949,-0.16729503718863725,0.09658807516098022,0.05376559495925903,-0.1618015005971074,0.09753191471099854,-0.117184579372406,-0.1128370374227643,0.1342761516571045,0.01847928762435913,-0.15418894437800645,0.12787562608718872,0.05166894197463989,-0.1576646700287938,0.11601924896240234,0.04441028833389282,-0.15428542939673662
Z,0.0,0.0,0.0,-0.05164897441864014,0.058068692684173584,-0.08286055629332623,-0.07908284664154053,0.09809386730194092,-0.1436862767227467,-0.00591808557510376,0.14044195413589478,-0.19007849400122723,0.07258415222167969,0.15175950527191162,-0.22930448954184612,-0.10197091102600098,-0.08709502220153809,-0.150026884723502,-0.036884307861328125,0.015263199806213379,-0.22436208729823193,-0.00513535737991333,0.05861103534698486,-0.2681263059862431,0.01971292495727539,0.07603925466537476,-0.2933263153322514,-0.028619766235351562,-0.13563287258148193,-0.13447957937796673,0.04147881269454956,0.09208762645721436,-0.2047878027447041,0.04842853546142578,0.14531409740447998,-0.21792646949370464,0.048015296459198,0.1350131630897522,-0.22376186852534374,0.03971809148788452,-0.13724470138549805,-0.12512014513094982,0.09946537017822266,0.06396794319152832,-0.1808961302526768,0.08897906541824341,0.08259451389312744,-0.17017900650580486,0.07368874549865723,0.05376017093658447,-0.15760917668421826,0.097267746925354,-0.11768192052841187,-0.1245212302096661,0.13776695728302002,0.030768156051635742,-0.17312033181269726,0.12339532375335693,0.06198364496231079,-0.17481656079371533,0.10792553424835205,0.04918414354324341,-0.16739766006548962
Z,0.0,0.0,0.0,-0.05100375413894653,0.058073997497558594,-0.08122410739051134,-0.07629871368408203,0.10280609130859375,-0.14367681855546266,-0.009498119354248047,0.1405525803565979,-0.1935751151500824,0.0601423978805542,0.15374135971069336,-0.23684454078065187,-0.10044121742248535,-0.08963114023208618,-0.14252731317864686,-0.043639421463012695,0.005418300628662109,-0.22173504645215303,-0.008580029010772705,0.06578129529953003,-0.27048854643689424,0.018563032150268555,0.10204732418060303,-0.2978827219663742,-0.030912816524505615,-0.13755375146865845,-0.12821988875256807,0.029525697231292725,0.0577278733253479,-0.19818244988309175,0.056539833545684814,0.12476766109466553,-0.21395008379803926,0.07081365585327148,0.13078397512435913,-0.22260782236443788,0.03426635265350342,-0.14076226949691772,-0.1205431979356888,0.08462995290756226,0.03251063823699951,-0.1781920951067093,0.09720468521118164,0.08176517486572266,-0.1701308649240616,0.095905601978302,0.08275645971298218,-0.1595005702434662,0.091636061668396,-0.12438368797302246,-0.12100868040906221,0.1267961859703064,0.008604347705841064,-0.1654158842025879,0.1274229884147644,0.05411761999130249,-0.16506873185025484,0.12057000398635864,0.05644035339355469,-0.15789680296765596
Z,0.0,0.0,0.0,-0.05115616321563721,0.05739396810531616,-0.07962792471673197,-0.07505100965499878,0.09885555505752563,-0.14266331598784632,-0.00820302963256836,0.1339617371559143,-0.19260105595614618,0.05728447437286377,0.14464902877807617,-0.2349598865273208,-0.09833663702011108,-0.095409095287323,-0.14902305707957453,-0.03777414560317993,-0.0009012818336486816,-0.22641937539603418,0.0009451508522033691,0.06876850128173828,-0.27155734703566736,0.029870271682739258,0.1123819351196289,-0.296605871176979,-0.026482999324798584,-0.14214414358139038,-0.13581687316920465,0.04085308313369751,0.06326472759246826,-0.20458895072962946,0.0520818829536438,0.12997549772262573,-0.2189626555206985,0.05095714330673218,0.12999331951141357,-0.2279791544440002,0.04022073745727539,-0.1434539556503296,-0.12840356037642664,0.09726935625076294,0.04170823097229004,-0.18181142315890497,0.09397029876708984,0.08903789520263672,-0.16961915895964808,0.08022087812423706,0.0835924744606018,-0.1584968875410766,0.09723430871963501,-0.12527692317962646,-0.1293170164587707,0.13668686151504517,0.013392150402069092,-0.17124536738421625,0.12731850147247314,0.059925854206085205,-0.1683135937216491,0.11233454942703247,0.05945008993148804,-0.16014324233557886
Z,0.0,0.0,0.0,-0.05842697620391846,0.056742072105407715,-0.08224135963348544,-0.08305078744888306,0.10263007879257202,-0.14514175383476413,-0.014960527420043945,0.15080773830413818,-0.19308126298813022,0.05025595426559448,0.17004454135894775,-0.2330077770176331,-0.08880168199539185,-0.08759105205535889,-0.15424609510330356,-0.0107613205909729,0.02991729974746704,-0.2309926184835831,0.04095882177352905,0.10857677459716797,-0.2782316091480652,0.07964807748794556,0.1572016477584839,-0.30446546105770267,-0.010312438011169434,-0.12782537937164307,-0.1377437147322098,0.05991947650909424,0.0839042067527771,-0.202544155997316,0.05145925283432007,0.13906985521316528,-0.21611807076362766,0.034542739391326904,0.13630157709121704,-0.22527867881683505,0.05791360139846802,-0.12363314628601074,-0.1267631980600754,0.11431622505187988,0.07079935073852539,-0.17167552141575015,0.09379458427429199,0.0997428297996521,-0.15560436574844516,0.06989115476608276,0.0834246277809143,-0.14308062521843112,0.11122268438339233,-0.1011386513710022,-0.12516038445858158,0.14707887172698975,0.04573237895965576,-0.1630922439518372,0.1251336932182312,0.07777345180511475,-0.15939103392986453,0.10064065456390381,0.06694978475570679,-0.15075686900047458
Z,0.0,0.0,0.0,-0.053697288036346436,0.051272034645080566,-0.09089660864250959,-0.07511085271835327,0.0869705080986023,-0.15536046992914976,0.0007590651512145996,0.13662344217300415,-0.20231106351988615,0.07628130912780762,0.14657002687454224,-0.23820876549856962,-0.0876358151435852,-0.11842471361160278,-0.15509481202738584,-0.011390149593353271,0.01775425672531128,-0.23032602142470182,0.03624892234802246,0.08736306428909302,-0.2737806386865884,0.0744367241859436,0.11865049600601196,-0.29917382668631376,-0.0036895275115966797,-0.15248852968215942,-0.13473197292464079,0.07235419750213623,0.06464749574661255,-0.19736447404997648,0.04997223615646362,0.09928220510482788,-0.20594100128786863,0.022395670413970947,0.07063692808151245,-0.213106895200184,0.06825250387191772,-0.14019829034805298,-0.12137416969912351,0.1284448504447937,0.05822247266769409,-0.16675194572584928,0.09835255146026611,0.07599669694900513,-0.1462246872104913,0.07074528932571411,0.040288567543029785,-0.13158794712202848,0.12326586246490479,-0.10848462581634521,-0.11871342580693067,0.16037112474441528,0.039738595485687256,-0.16089772652762235,0.13207697868347168,0.0601387619972229,-0.15961966883318723,0.1074787974357605,0.03196120262145996,-0.15277520786898435
Z,0.0,0.0,0.0,-0.05250781774520874,0.045661091804504395,-0.10003505036530669,-0.06854003667831421,0.07588601112365723,-0.1706173060863989,0.008921504020690918,0.11674022674560547,-0.22198925301728423,0.08393609523773193,0.12082087993621826,-0.26339454338250334,-0.07262444496154785,-0.13967597484588623,-0.16757666454014952,0.001925349235534668,-0.0017672181129455566,-0.24034161255059416,0.05134314298629761,0.07634562253952026,-0.28079465911088164,0.08979910612106323,0.11094093322753906,-0.30575803801713164,0.012315630912780762,-0.17419320344924927,-0.14302925154862578,0.08370453119277954,0.026647090911865234,-0.20633132145104582,0.07455700635910034,0.07833099365234375,-0.21609396621880705,0.059726178646087646,0.06522446870803833,-0.22492516920266326,0.08092176914215088,-0.1608426570892334,-0.12487910822329695,0.13690859079360962,0.02460455894470215,-0.17071127280888732,0.11783456802368164,0.057574689388275146,-0.15414434060750182,0.09901881217956543,0.034687578678131104,-0.14387246355710204,0.13276058435440063,-0.1281282901763916,-0.11762620643077071,0.16798943281173706,0.012890517711639404,-0.1551638035505789,0.14667576551437378,0.04306972026824951,-0.15476258978543456,0.12711697816848755,0.023792803287506104,-0.15151920303998168
